utt_id,allosaurus-eng,atc-w2v2,atc-xlsr,base.en,canary-1b,crisperwhisper,distil-large-v3,distil-small.en,espeak-phone,hubert-large,jasper,moonshine-base,parakeet,quartznet,qwen2audio,seamless-m4t-v2,small.en,sphinx-enus,tiny,tiny.en,vosk-small,w2v2-large-lv60,w2v2-swbd,w2v2-xlsr-cv,wav2vec2-base,wav2vec2-robust,wavlm-large,xlsr-1b-cv
ALL_073_CCT_HT2_S046,0.26666666666666666,0.3125,0.5,0.1875,0.0625,0.0625,0.0625,0.0625,0.2,0.1875,0.1875,0.0625,0.0625,0.1875,0.0625,0.0625,0.0625,0.25,0.0625,0.1875,0.0625,0.1875,0.0625,0.1875,0.1875,0.1875,0.1875,0.1875
ALL_073_CCT_HT2_S047,0.5714285714285714,0.07142857142857142,0.42857142857142855,0.0,0.0,0.0,0.0,0.0,0.0,0.0,0.0,0.0,0.0,0.07142857142857142,0.0,0.0,0.0,0.42857142857142855,0.0,0.0,0.0,0.0,0.0,0.14285714285714285,0.0,0.0,0.0,0.07142857142857142
ALL_073_CCT_HT2_S048,0.8333333333333334,0.3157894736842105,0.6842105263157895,0.0,0.0,0.0,0.0,0.0,0.16666666666666666,0.0,0.0,0.0,0.0,0.0,0.0,0.0,0.0,0.21052631578947367,0.0,0.0,0.0,0.0,0.0,0.0,0.2631578947368421,0.0,0.15789473684210525,0.15789473684210525
ALL_073_CCT_HT2_S049,0.9375,0.4375,0.625,0.125,0.125,0.125,0.125,0.125,0.1875,0.125,0.0625,0.0,0.0,0.125,0.125,0.125,0.125,0.3125,0.125,0.3125,0.375,0.125,0.0625,0.125,0.125,0.125,0.1875,0.125
ALL_073_CCT_HT2_S050,0.8125,0.29411764705882354,0.8823529411764706,0.17647058823529413,0.11764705882352941,0.11764705882352941,0.17647058823529413,0.11764705882352941,0.3125,0.17647058823529413,0.23529411764705882,0.11764705882352941,0.17647058823529413,0.23529411764705882,0.29411764705882354,0.29411764705882354,0.11764705882352941,0.35294117647058826,0.11764705882352941,0.17647058823529413,0.29411764705882354,0.23529411764705882,0.17647058823529413,0.29411764705882354,0.17647058823529413,0.29411764705882354,0.29411764705882354,0.17647058823529413
ALL_073_CCT_HT2_S051,0.875,0.25,0.5625,0.125,0.0,0.0,0.125,0.125,0.125,0.125,0.125,0.25,0.125,0.25,0.125,0.125,0.125,0.5625,0.6875,0.1875,0.375,0.125,0.125,0.125,0.1875,0.125,0.25,0.3125
ALL_073_CCT_HT2_S052,0.625,0.1875,0.6875,0.0,0.0,0.0,0.0,0.0,0.0,0.0,0.0,0.0,0.0,0.0,0.0,0.0,0.0,0.125,0.0625,0.0,0.0,0.0,0.0,0.0,0.0,0.0,0.125,0.1875
ALL_073_CCT_HT2_S053,0.8333333333333334,0.38461538461538464,0.46153846153846156,0.0,0.0,0.0,0.0,0.0,0.25,0.15384615384615385,0.0,0.0,0.0,0.0,0.0,0.0,0.0,0.15384615384615385,0.0,0.0,0.15384615384615385,0.0,0.23076923076923078,0.0,0.3076923076923077,0.0,0.3076923076923077,0.3076923076923077
ALL_073_CCT_HT2_S054,0.8571428571428571,0.6666666666666666,0.5333333333333333,0.13333333333333333,0.0,0.2,0.2,0.6,0.2857142857142857,0.26666666666666666,0.06666666666666667,0.5333333333333333,0.13333333333333333,0.0,0.2,0.4666666666666667,0.2,0.4666666666666667,0.4,0.3333333333333333,0.2,0.06666666666666667,0.26666666666666666,0.2,0.3333333333333333,0.2,0.3333333333333333,0.3333333333333333
ALL_073_CCT_HT2_S055,0.875,0.17647058823529413,0.5294117647058824,0.058823529411764705,0.0,0.0,0.0,0.058823529411764705,0.1875,0.0,0.058823529411764705,0.058823529411764705,0.0,0.058823529411764705,0.0,0.0,0.0,0.6470588235294118,0.058823529411764705,0.058823529411764705,0.35294117647058826,0.0,0.11764705882352941,0.058823529411764705,0.23529411764705882,0.0,0.11764705882352941,0.058823529411764705
ALL_073_CCT_HT2_S056,0.8888888888888888,0.2222222222222222,0.3333333333333333,0.0,0.0,0.0,0.0,0.0,0.0,0.0,0.0,0.0,0.0,0.0,0.0,0.0,0.0,0.2222222222222222,0.2777777777777778,0.2777777777777778,0.2777777777777778,0.2777777777777778,0.1111111111111111,0.0,0.0,0.0,0.2222222222222222,0.0
ALL_073_CCT_HT2_S057,0.5294117647058824,0.058823529411764705,0.7058823529411765,0.0,0.0,0.0,0.0,0.0,0.058823529411764705,0.0,0.0,0.0,0.0,0.0,0.0,0.0,0.0,0.7058823529411765,0.0,0.0,0.0,0.0,0.0,0.0,0.0,0.0,0.17647058823529413,0.058823529411764705
ALL_073_CCT_HT2_S058,0.6470588235294118,0.17647058823529413,0.7058823529411765,0.17647058823529413,0.0,0.17647058823529413,0.17647058823529413,0.17647058823529413,0.29411764705882354,0.17647058823529413,0.058823529411764705,0.17647058823529413,0.17647058823529413,0.17647058823529413,0.17647058823529413,0.0,0.17647058823529413,0.0,0.17647058823529413,0.17647058823529413,0.17647058823529413,0.17647058823529413,0.17647058823529413,0.17647058823529413,0.17647058823529413,0.17647058823529413,0.17647058823529413,0.17647058823529413
ALL_073_CCT_HT2_S059,0.7857142857142857,0.6,0.5333333333333333,0.0,0.0,0.0,0.0,0.0,0.07142857142857142,0.0,0.0,0.0,0.0,0.26666666666666666,0.13333333333333333,0.0,0.0,0.0,0.0,0.0,0.0,0.0,0.2,0.0,0.0,0.0,0.0,0.0
ALL_073_CCT_HT2_S060,0.8,0.06666666666666667,0.3333333333333333,0.0,0.0,0.0,0.0,0.0,0.0,0.13333333333333333,0.0,0.0,0.0,0.0,0.0,0.0,0.0,0.7333333333333333,0.0,0.0,0.0,0.0,0.06666666666666667,0.0,0.13333333333333333,0.0,0.0,0.0
ALL_074_CCT_HT2_S046,0.4666666666666667,0.125,0.375,0.0625,0.0625,0.0625,0.0625,0.0625,0.13333333333333333,0.0625,0.0625,0.0625,0.0625,0.0625,0.0625,0.0625,0.0625,0.3125,0.0625,0.0625,0.0625,0.0625,0.0625,0.0625,0.0625,0.0625,0.25,0.0625
ALL_074_CCT_HT2_S047,0.6428571428571429,0.2857142857142857,0.42857142857142855,0.07142857142857142,0.0,0.0,0.14285714285714285,0.14285714285714285,0.14285714285714285,0.0,0.0,1.0,0.0,0.07142857142857142,0.0,0.0,0.0,0.8571428571428571,0.42857142857142855,0.14285714285714285,0.0,0.0,0.0,0.14285714285714285,0.07142857142857142,0.0,0.14285714285714285,0.14285714285714285
ALL_074_CCT_HT2_S048,1.0,0.3684210526315789,0.6842105263157895,0.0,0.0,0.0,0.0,0.0,0.2222222222222222,0.10526315789473684,0.15789473684210525,0.0,0.0,0.0,0.0,0.0,0.0,0.7894736842105263,0.47368421052631576,0.21052631578947367,0.47368421052631576,0.0,0.3157894736842105,0.2631578947368421,0.631578947368421,0.0,0.3157894736842105,0.3157894736842105
ALL_074_CCT_HT2_S049,0.75,0.3125,0.5,0.1875,0.0,0.125,0.3125,0.0,0.125,0.25,0.1875,0.4375,0.0,0.0625,0.0,0.0,0.0,0.5,0.375,0.0,0.0,0.0,0.0,0.125,0.1875,0.125,0.1875,0.125
ALL_074_CCT_HT2_S050,1.0,0.7647058823529411,0.7058823529411765,0.11764705882352941,0.11764705882352941,0.11764705882352941,0.11764705882352941,0.11764705882352941,0.4375,0.35294117647058826,0.17647058823529413,0.29411764705882354,0.23529411764705882,0.17647058823529413,0.11764705882352941,0.23529411764705882,0.11764705882352941,0.47058823529411764,0.6470588235294118,0.7647058823529411,0.11764705882352941,0.47058823529411764,0.11764705882352941,0.23529411764705882,0.29411764705882354,0.29411764705882354,0.5882352941176471,0.4117647058823529
ALL_074_CCT_HT2_S051,0.75,0.0625,0.5,0.0,0.0,0.0,0.0,0.0,0.0,0.0,0.0,0.0,0.0,0.0,0.0,0.0,0.0,0.5625,0.4375,0.25,0.3125,0.0,0.3125,0.0,0.125,0.0,0.0,0.0625
ALL_074_CCT_HT2_S052,0.4375,0.1875,0.6875,0.1875,0.0,0.0,0.0,0.0,0.0,0.0,0.125,0.0,0.0,0.0,0.0,0.0,0.0,0.4375,0.125,0.3125,0.0,0.0,0.0,0.0,0.0625,0.0,0.0,0.125
ALL_074_CCT_HT2_S053,0.9166666666666666,0.38461538461538464,0.38461538461538464,0.0,0.0,0.0,0.0,0.0,0.3333333333333333,0.23076923076923078,0.0,0.0,0.0,0.0,0.0,0.0,0.0,0.6923076923076923,0.0,0.0,0.0,0.0,0.0,0.0,0.38461538461538464,0.0,0.6153846153846154,0.3076923076923077
ALL_074_CCT_HT2_S054,0.7857142857142857,0.5333333333333333,0.6666666666666666,0.0,0.0,0.0,0.0,0.0,0.14285714285714285,0.2,0.0,0.0,0.0,0.0,0.0,0.0,0.0,0.6666666666666666,0.0,0.0,0.0,0.2,0.2,0.13333333333333333,0.2,0.2,0.2,0.2
ALL_074_CCT_HT2_S055,0.8125,0.29411764705882354,0.6470588235294118,0.0,0.0,0.0,0.0,0.0,0.3125,0.11764705882352941,0.0,0.058823529411764705,0.0,0.0,0.0,0.0,0.0,0.5294117647058824,0.058823529411764705,0.058823529411764705,0.0,0.11764705882352941,0.11764705882352941,0.0,0.058823529411764705,0.11764705882352941,0.11764705882352941,0.058823529411764705
ALL_074_CCT_HT2_S056,0.7777777777777778,0.0,0.5555555555555556,0.0,0.0,0.0,0.0,0.0,0.0,0.0,0.0,0.0,0.0,0.0,0.0,0.0,0.0,0.2222222222222222,0.0,0.0,0.0,0.0,0.0,0.0,0.0,0.0,0.1111111111111111,0.0
ALL_074_CCT_HT2_S057,0.9411764705882353,0.0,0.7058823529411765,0.0,0.0,0.0,0.0,0.0,0.0,0.0,0.0,0.0,0.0,0.0,0.0,0.0,0.0,0.7647058823529411,0.0,0.0,0.23529411764705882,0.0,0.058823529411764705,0.0,0.0,0.0,0.11764705882352941,0.058823529411764705
ALL_074_CCT_HT2_S058,0.5294117647058824,0.0,0.5294117647058824,0.0,0.0,0.0,0.0,0.0,0.29411764705882354,0.35294117647058826,0.058823529411764705,0.0,0.0,0.0,0.0,0.29411764705882354,0.35294117647058826,0.7647058823529411,0.29411764705882354,0.35294117647058826,0.0,0.058823529411764705,0.17647058823529413,0.17647058823529413,0.0,0.0,0.23529411764705882,0.17647058823529413
ALL_074_CCT_HT2_S059,0.8571428571428571,0.3333333333333333,0.6666666666666666,0.6,0.0,0.13333333333333333,0.13333333333333333,0.13333333333333333,0.35714285714285715,0.13333333333333333,0.0,0.26666666666666666,0.0,0.13333333333333333,0.13333333333333333,0.13333333333333333,0.26666666666666666,0.4666666666666667,0.13333333333333333,0.0,0.3333333333333333,0.0,0.3333333333333333,0.0,0.4,0.13333333333333333,0.26666666666666666,0.26666666666666666
ALL_074_CCT_HT2_S060,0.5333333333333333,0.06666666666666667,0.4,0.0,0.0,0.0,0.0,0.0,0.0,0.06666666666666667,0.0,0.0,0.0,0.0,0.0,0.0,0.0,0.6,0.0,0.26666666666666666,0.0,0.0,0.0,0.0,0.06666666666666667,0.0,0.0,0.0
ALL_075_CCT_HT2_S046,0.6,0.4375,0.625,0.0625,0.1875,0.0,0.0625,0.0625,0.06666666666666667,0.1875,0.0625,0.0625,0.0625,0.0625,0.0625,0.0625,0.0625,0.8125,0.0625,0.1875,0.375,0.0625,0.1875,0.125,0.375,0.1875,0.5,0.0625
ALL_075_CCT_HT2_S047,0.6428571428571429,0.42857142857142855,0.42857142857142855,0.0,0.0,0.0,0.0,0.14285714285714285,0.14285714285714285,0.0,0.0,0.2857142857142857,0.2857142857142857,0.0,0.2857142857142857,0.7142857142857143,0.35714285714285715,0.5714285714285714,0.2857142857142857,0.21428571428571427,0.5714285714285714,0.0,0.21428571428571427,0.14285714285714285,0.14285714285714285,0.0,0.14285714285714285,0.21428571428571427
ALL_075_CCT_HT2_S048,0.7222222222222222,0.15789473684210525,0.7368421052631579,0.0,0.0,0.0,0.0,0.0,0.2222222222222222,0.10526315789473684,0.0,0.0,0.0,0.0,0.0,0.0,0.0,0.15789473684210525,0.10526315789473684,0.0,0.21052631578947367,0.0,0.10526315789473684,0.10526315789473684,0.10526315789473684,0.0,0.21052631578947367,0.10526315789473684
ALL_075_CCT_HT2_S049,0.9375,0.375,0.5625,0.3125,0.0,0.0,0.0,0.1875,0.125,0.25,0.125,0.0,0.0,0.125,0.0,0.0,0.0,0.5625,0.0,0.1875,0.125,0.125,0.0625,0.1875,0.1875,0.125,0.3125,0.125
ALL_075_CCT_HT2_S050,0.5625,0.4117647058823529,0.5882352941176471,0.29411764705882354,0.11764705882352941,0.0,0.11764705882352941,0.11764705882352941,0.1875,0.23529411764705882,0.17647058823529413,0.11764705882352941,0.11764705882352941,0.17647058823529413,0.0,0.0,0.35294117647058826,0.23529411764705882,0.11764705882352941,0.29411764705882354,0.17647058823529413,0.17647058823529413,0.23529411764705882,0.17647058823529413,0.17647058823529413,0.17647058823529413,0.17647058823529413,0.23529411764705882
ALL_075_CCT_HT2_S051,0.6875,0.25,0.4375,0.1875,0.25,0.1875,0.1875,0.1875,0.125,0.1875,0.125,0.4375,0.1875,0.125,0.125,0.125,0.1875,0.4375,0.4375,0.375,0.375,0.125,0.1875,0.1875,0.125,0.25,0.375,0.125
ALL_075_CCT_HT2_S052,0.8125,0.125,0.375,0.125,0.0,0.0,0.125,0.125,0.125,0.0625,0.125,0.0,0.125,0.125,0.0,0.0625,0.0,0.3125,0.0625,0.0625,0.0625,0.125,0.0625,0.125,0.25,0.0625,0.25,0.25
ALL_075_CCT_HT2_S053,0.75,0.5384615384615384,0.38461538461538464,0.0,0.0,0.0,0.0,0.0,0.3333333333333333,0.15384615384615385,0.0,0.0,0.0,0.0,0.0,0.0,0.0,0.5384615384615384,0.15384615384615385,0.0,0.0,0.3076923076923077,0.0,0.07692307692307693,0.0,0.0,0.15384615384615385,0.07692307692307693
ALL_075_CCT_HT2_S054,0.7857142857142857,0.5333333333333333,0.8,0.0,0.0,0.13333333333333333,0.06666666666666667,0.06666666666666667,0.2857142857142857,0.2,0.13333333333333333,0.0,0.0,0.0,0.0,0.0,0.06666666666666667,0.26666666666666666,0.0,0.0,0.26666666666666666,0.06666666666666667,0.2,0.2,0.13333333333333333,0.13333333333333333,0.3333333333333333,0.2
ALL_075_CCT_HT2_S055,0.8125,0.058823529411764705,0.5294117647058824,0.0,0.0,0.0,0.0,0.0,0.3125,0.0,0.0,0.0,0.0,0.058823529411764705,0.0,0.0,0.0,0.6470588235294118,0.0,0.11764705882352941,0.11764705882352941,0.0,0.0,0.0,0.0,0.0,0.17647058823529413,0.0
ALL_075_CCT_HT2_S056,0.8888888888888888,0.0,0.5555555555555556,0.0,0.0,0.0,0.0,0.0,0.0,0.0,0.0,0.0,0.0,0.0,0.0,0.0,0.0,0.4444444444444444,0.0,0.0,0.1111111111111111,0.0,0.0,0.0,0.0,0.0,0.1111111111111111,0.0
ALL_075_CCT_HT2_S057,0.6470588235294118,0.058823529411764705,0.5882352941176471,0.0,0.0,0.0,0.0,0.0,0.0,0.0,0.058823529411764705,0.11764705882352941,0.0,0.0,0.0,0.0,0.0,0.47058823529411764,0.29411764705882354,0.23529411764705882,0.29411764705882354,0.0,0.058823529411764705,0.0,0.29411764705882354,0.0,0.35294117647058826,0.0
ALL_075_CCT_HT2_S058,0.7058823529411765,0.47058823529411764,0.7058823529411765,0.47058823529411764,0.0,0.47058823529411764,0.47058823529411764,0.7058823529411765,0.5294117647058824,0.47058823529411764,0.23529411764705882,0.47058823529411764,0.47058823529411764,0.47058823529411764,0.4117647058823529,0.29411764705882354,0.8823529411764706,0.8235294117647058,0.7647058823529411,0.6470588235294118,0.47058823529411764,0.5294117647058824,0.47058823529411764,0.5882352941176471,0.5294117647058824,0.5294117647058824,0.5882352941176471,0.5294117647058824
ALL_075_CCT_HT2_S059,0.6428571428571429,0.0,0.4666666666666667,0.0,0.0,0.0,0.0,0.0,0.07142857142857142,0.0,0.0,0.0,0.0,0.0,0.13333333333333333,0.0,0.0,0.0,0.0,0.0,0.0,0.0,0.0,0.0,0.0,0.0,0.06666666666666667,0.0
ALL_075_CCT_HT2_S060,0.5333333333333333,0.26666666666666666,0.4,0.13333333333333333,0.26666666666666666,0.4,0.3333333333333333,0.3333333333333333,0.26666666666666666,0.3333333333333333,0.2,0.3333333333333333,0.13333333333333333,0.2,0.2,0.13333333333333333,0.3333333333333333,0.6666666666666666,0.3333333333333333,0.4666666666666667,0.3333333333333333,0.2,0.26666666666666666,0.26666666666666666,0.26666666666666666,0.2,0.26666666666666666,0.26666666666666666
ALL_076_CCT_HT2_S046,0.6666666666666666,0.1875,0.5,0.3125,0.3125,0.0625,0.0625,0.3125,0.26666666666666666,0.1875,0.3125,0.0625,0.3125,0.25,0.0625,0.0625,0.3125,0.4375,0.3125,0.3125,0.0625,0.1875,0.1875,0.3125,0.25,0.125,0.3125,0.1875
ALL_076_CCT_HT2_S047,0.5714285714285714,0.2857142857142857,0.5,0.0,0.0,0.0,0.0,0.0,0.2857142857142857,0.0,0.0,0.0,0.0,0.0,0.0,0.0,0.0,0.5714285714285714,0.21428571428571427,0.0,0.0,0.0,0.0,0.21428571428571427,0.14285714285714285,0.0,0.2857142857142857,0.07142857142857142
ALL_076_CCT_HT2_S048,0.7777777777777778,0.3684210526315789,0.6842105263157895,0.0,0.0,0.0,0.0,0.0,0.4444444444444444,0.2631578947368421,0.2631578947368421,0.21052631578947367,0.15789473684210525,0.21052631578947367,0.0,0.3684210526315789,0.0,0.47368421052631576,0.3684210526315789,0.21052631578947367,0.3157894736842105,0.3684210526315789,0.3157894736842105,0.3157894736842105,0.3157894736842105,0.3157894736842105,0.3157894736842105,0.3684210526315789
ALL_076_CCT_HT2_S049,0.875,0.5625,0.625,0.3125,0.0,0.375,0.3125,0.0,0.4375,0.4375,0.25,0.3125,0.0,0.25,0.3125,0.125,0.125,0.5,0.1875,0.25,0.125,0.25,0.25,0.375,0.625,0.25,0.5,0.3125
ALL_076_CCT_HT2_S050,1.0,0.6470588235294118,0.7647058823529411,0.35294117647058826,0.4117647058823529,0.23529411764705882,0.23529411764705882,0.35294117647058826,0.375,0.5294117647058824,0.4117647058823529,0.4117647058823529,0.23529411764705882,0.29411764705882354,0.4117647058823529,0.35294117647058826,0.35294117647058826,0.6470588235294118,0.35294117647058826,0.35294117647058826,0.5882352941176471,0.4117647058823529,0.4117647058823529,0.5294117647058824,0.29411764705882354,0.4117647058823529,0.47058823529411764,0.47058823529411764
ALL_076_CCT_HT2_S051,0.6875,0.4375,0.6875,0.375,0.0,0.1875,0.125,0.625,0.25,0.1875,0.1875,0.125,0.0,0.0625,0.0,0.0,0.3125,0.625,0.375,0.125,0.25,0.1875,0.1875,0.1875,0.1875,0.0625,0.1875,0.1875
ALL_076_CCT_HT2_S052,0.8125,0.3125,0.6875,0.1875,0.0,0.0,0.25,0.125,0.25,0.0,0.0,0.0,0.0,0.125,0.0,0.0,0.1875,0.5,0.125,0.125,0.125,0.0,0.0625,0.125,0.375,0.0,0.4375,0.25
ALL_076_CCT_HT2_S053,1.0,0.46153846153846156,0.46153846153846156,0.23076923076923078,0.0,0.0,0.0,0.23076923076923078,0.4166666666666667,0.23076923076923078,0.0,0.0,0.0,0.3076923076923077,0.0,0.0,0.0,0.46153846153846156,0.23076923076923078,0.0,0.0,0.23076923076923078,0.23076923076923078,0.5384615384615384,0.3076923076923077,0.0,0.3076923076923077,0.3076923076923077
ALL_076_CCT_HT2_S054,0.5714285714285714,0.2,0.7333333333333333,0.26666666666666666,0.3333333333333333,0.4,0.26666666666666666,0.26666666666666666,0.35714285714285715,0.4666666666666667,0.26666666666666666,0.26666666666666666,0.26666666666666666,0.26666666666666666,1.0,0.3333333333333333,0.3333333333333333,0.2,0.26666666666666666,0.2,0.26666666666666666,0.3333333333333333,0.3333333333333333,0.4666666666666667,0.6,0.3333333333333333,0.3333333333333333,0.26666666666666666
ALL_076_CCT_HT2_S055,0.9375,0.23529411764705882,0.8235294117647058,0.17647058823529413,0.11764705882352941,0.11764705882352941,0.17647058823529413,0.17647058823529413,0.375,0.11764705882352941,0.17647058823529413,0.17647058823529413,0.11764705882352941,0.17647058823529413,0.17647058823529413,0.11764705882352941,0.17647058823529413,0.5294117647058824,0.17647058823529413,0.17647058823529413,0.17647058823529413,0.17647058823529413,0.17647058823529413,0.17647058823529413,0.17647058823529413,0.17647058823529413,0.17647058823529413,0.17647058823529413
ALL_076_CCT_HT2_S056,0.7777777777777778,0.5,0.4444444444444444,0.2222222222222222,0.0,0.1111111111111111,0.1111111111111111,0.0,0.2777777777777778,0.4444444444444444,0.3888888888888889,0.2222222222222222,0.1111111111111111,0.2222222222222222,0.0,0.0,0.1111111111111111,0.6111111111111112,0.16666666666666666,0.3333333333333333,0.16666666666666666,0.3333333333333333,0.3333333333333333,0.3333333333333333,0.2222222222222222,0.2222222222222222,0.3888888888888889,0.2777777777777778
ALL_076_CCT_HT2_S057,0.7647058823529411,0.47058823529411764,0.7058823529411765,0.6470588235294118,0.35294117647058826,0.5294117647058824,0.47058823529411764,0.4117647058823529,0.5882352941176471,0.5882352941176471,0.5294117647058824,0.6470588235294118,0.4117647058823529,0.5294117647058824,0.35294117647058826,0.0,0.4117647058823529,0.5882352941176471,0.5882352941176471,0.5294117647058824,0.6470588235294118,0.5882352941176471,0.7647058823529411,0.29411764705882354,0.6470588235294118,0.5882352941176471,0.47058823529411764,0.35294117647058826
ALL_076_CCT_HT2_S058,0.6470588235294118,0.4117647058823529,0.7058823529411765,0.11764705882352941,0.4117647058823529,0.11764705882352941,0.11764705882352941,0.11764705882352941,0.4117647058823529,0.35294117647058826,0.11764705882352941,0.11764705882352941,0.11764705882352941,0.11764705882352941,0.11764705882352941,0.11764705882352941,0.11764705882352941,0.47058823529411764,0.11764705882352941,0.11764705882352941,0.11764705882352941,0.29411764705882354,0.35294117647058826,0.29411764705882354,0.29411764705882354,0.23529411764705882,0.47058823529411764,0.29411764705882354
ALL_076_CCT_HT2_S059,0.8571428571428571,0.4666666666666667,0.6666666666666666,0.0,0.0,0.06666666666666667,0.13333333333333333,0.2,0.35714285714285715,0.0,0.13333333333333333,0.2,0.0,0.0,0.26666666666666666,0.13333333333333333,0.0,0.0,0.2,0.13333333333333333,0.0,0.0,0.06666666666666667,0.06666666666666667,0.26666666666666666,0.0,0.26666666666666666,0.06666666666666667
ALL_076_CCT_HT2_S060,1.0,0.9333333333333333,0.8,0.6,0.6,0.6666666666666666,0.6666666666666666,0.6666666666666666,0.6,0.6,0.6,0.8,0.7333333333333333,0.5333333333333333,0.4666666666666667,0.9333333333333333,0.8,0.8,0.8,0.6666666666666666,0.8,0.6,0.6666666666666666,1.0,0.5333333333333333,0.5333333333333333,0.8,0.8666666666666667
ALL_077_CCT_HT2_S046,0.4,0.0625,0.375,0.0625,0.0625,0.0,0.0625,0.0625,0.06666666666666667,0.0625,0.0625,0.0625,0.0625,0.0625,0.0625,0.0625,0.0625,0.0625,0.0625,0.0625,0.0625,0.0625,0.0625,0.0625,0.0625,0.0625,0.0625,0.0625
ALL_077_CCT_HT2_S047,0.5,0.0,0.35714285714285715,0.0,0.0,0.0,0.0,0.0,0.07142857142857142,0.0,0.0,0.0,0.0,0.0,0.0,0.35714285714285715,0.0,0.21428571428571427,0.0,0.07142857142857142,0.0,0.0,0.0,0.0,0.0,0.0,0.0,0.07142857142857142
ALL_077_CCT_HT2_S048,0.7222222222222222,0.5263157894736842,0.631578947368421,0.0,0.0,0.0,0.0,0.0,0.05555555555555555,0.0,0.0,0.0,0.0,0.0,0.0,0.0,0.0,0.3684210526315789,0.0,0.0,0.0,0.0,0.0,0.10526315789473684,0.21052631578947367,0.0,0.10526315789473684,0.10526315789473684
ALL_077_CCT_HT2_S049,0.5,0.3125,0.5,0.125,0.125,0.125,0.125,0.0,0.125,0.125,0.125,0.125,0.125,0.125,0.125,0.125,0.125,0.0,0.125,0.0,0.0,0.125,0.0,0.25,0.25,0.125,0.375,0.1875
ALL_077_CCT_HT2_S050,0.5,0.23529411764705882,0.35294117647058826,0.0,0.0,0.0,0.058823529411764705,0.0,0.125,0.058823529411764705,0.0,0.058823529411764705,0.0,0.058823529411764705,0.0,0.0,0.0,0.11764705882352941,0.0,0.0,0.0,0.058823529411764705,0.11764705882352941,0.058823529411764705,0.11764705882352941,0.058823529411764705,0.058823529411764705,0.058823529411764705
ALL_077_CCT_HT2_S051,0.5625,0.0625,0.5625,0.0,0.0,0.0,0.0,0.0,0.0625,0.0,0.0,0.0,0.0,0.0,0.0,0.0,0.0,0.0,0.1875,0.0,0.0,0.0,0.0,0.0,0.0,0.0,0.125,0.0
ALL_077_CCT_HT2_S052,0.3125,0.0,0.3125,0.0,0.0,0.0,0.0,0.0,0.0,0.0,0.0,0.0,0.0,0.0,0.0,0.0,0.0,0.1875,0.0625,0.0,0.0,0.0,0.0,0.0,0.0,0.0,0.125,0.0
ALL_077_CCT_HT2_S053,0.5833333333333334,0.23076923076923078,0.5384615384615384,0.0,0.0,0.0,0.0,0.0,0.0,0.0,0.0,0.0,0.0,0.0,0.0,0.0,0.0,0.0,0.0,0.0,0.0,0.0,0.0,0.0,0.15384615384615385,0.0,0.15384615384615385,0.0
ALL_077_CCT_HT2_S054,0.7142857142857143,0.2,0.5333333333333333,0.0,0.0,0.0,0.0,0.0,0.0,0.0,0.0,0.0,0.0,0.0,0.0,0.0,0.0,0.0,0.0,0.0,0.0,0.0,0.0,0.0,0.0,0.0,0.0,0.0
ALL_077_CCT_HT2_S055,0.375,0.0,0.5294117647058824,0.0,0.0,0.0,0.0,0.0,0.1875,0.0,0.0,0.0,0.0,0.0,0.0,0.0,0.0,0.17647058823529413,0.0,0.0,0.0,0.0,0.0,0.0,0.11764705882352941,0.0,0.0,0.0
ALL_077_CCT_HT2_S056,0.8888888888888888,0.0,0.5,0.0,0.0,0.0,0.0,0.0,0.1111111111111111,0.2222222222222222,0.0,0.0,0.0,0.0,0.0,0.0,0.0,0.05555555555555555,0.0,0.0,0.0,0.0,0.0,0.0,0.1111111111111111,0.0,0.1111111111111111,0.0
ALL_077_CCT_HT2_S057,0.29411764705882354,0.058823529411764705,0.47058823529411764,0.0,0.0,0.0,0.0,0.0,0.0,0.0,0.0,0.0,0.0,0.0,0.0,0.0,0.0,0.11764705882352941,0.0,0.0,0.058823529411764705,0.0,0.0,0.0,0.0,0.0,0.0,0.0
ALL_077_CCT_HT2_S058,0.4117647058823529,0.0,0.6470588235294118,0.0,0.0,0.0,0.0,0.0,0.11764705882352941,0.17647058823529413,0.0,0.17647058823529413,0.0,0.0,0.0,0.0,0.0,0.0,0.11764705882352941,0.11764705882352941,0.0,0.0,0.11764705882352941,0.0,0.0,0.23529411764705882,0.058823529411764705,0.17647058823529413
ALL_077_CCT_HT2_S059,0.8571428571428571,0.0,0.26666666666666666,0.0,0.0,0.0,0.0,0.0,0.07142857142857142,0.0,0.0,0.0,0.0,0.0,0.0,0.0,0.0,0.0,0.0,0.0,0.0,0.0,0.0,0.0,0.06666666666666667,0.0,0.0,0.0
ALL_077_CCT_HT2_S060,0.8,0.06666666666666667,0.26666666666666666,0.0,0.0,0.0,0.0,0.0,0.0,0.0,0.0,0.0,0.0,0.0,0.0,0.0,0.0,0.0,0.0,0.0,0.0,0.0,0.06666666666666667,0.0,0.0,0.0,0.0,0.0
ALL_078_CCT_HT2_S046,0.4,0.1875,0.4375,0.0625,0.0625,0.1875,0.1875,0.1875,0.13333333333333333,0.3125,0.125,0.25,0.0625,0.1875,0.0625,0.0625,0.1875,0.625,0.0625,0.1875,0.125,0.0625,0.0625,0.0625,0.125,0.1875,0.1875,0.0625
ALL_078_CCT_HT2_S047,0.7857142857142857,0.7142857142857143,0.5,0.5714285714285714,0.42857142857142855,0.2857142857142857,0.5714285714285714,0.5,0.42857142857142855,0.5714285714285714,0.5,1.0,0.5,0.5714285714285714,0.21428571428571427,0.5,0.5714285714285714,1.0,0.7142857142857143,0.5714285714285714,0.35714285714285715,0.5,0.35714285714285715,0.5,0.5,0.2857142857142857,0.5714285714285714,0.5
ALL_078_CCT_HT2_S048,0.7777777777777778,0.15789473684210525,0.5263157894736842,0.0,0.0,0.0,0.0,0.0,0.2222222222222222,0.0,0.0,0.15789473684210525,0.0,0.0,0.0,0.0,0.0,0.3684210526315789,0.10526315789473684,0.0,0.2631578947368421,0.0,0.21052631578947367,0.21052631578947367,0.10526315789473684,0.0,0.21052631578947367,0.10526315789473684
ALL_078_CCT_HT2_S049,0.75,0.25,0.5625,0.125,0.125,0.125,0.125,0.0,0.125,0.25,0.125,0.125,0.0,0.0625,0.125,0.125,0.0,0.625,0.125,0.125,0.125,0.125,0.25,0.1875,0.3125,0.25,0.4375,0.25
ALL_078_CCT_HT2_S050,0.875,0.4117647058823529,0.5882352941176471,0.35294117647058826,0.0,0.23529411764705882,0.35294117647058826,0.35294117647058826,0.375,0.23529411764705882,0.29411764705882354,0.35294117647058826,0.0,0.35294117647058826,0.0,0.5294117647058824,0.35294117647058826,1.0,0.29411764705882354,0.5882352941176471,0.29411764705882354,0.23529411764705882,0.47058823529411764,0.29411764705882354,0.7058823529411765,0.23529411764705882,0.29411764705882354,0.35294117647058826
ALL_078_CCT_HT2_S051,0.5625,0.0625,0.625,0.0,0.0,0.0,0.0,0.0,0.0625,0.0,0.0,0.0,0.0,0.0,0.0,0.0,0.0,0.8125,0.125,0.3125,0.25,0.0,0.25,0.0,0.0,0.0,0.0,0.0
ALL_078_CCT_HT2_S052,0.6875,0.125,0.4375,0.125,0.0,0.0,0.0,0.0,0.1875,0.0,0.125,0.0,0.0,0.0,0.0,0.1875,0.0,0.3125,0.0,0.0,0.125,0.0,0.0,0.0,0.125,0.0,0.25,0.1875
ALL_078_CCT_HT2_S053,0.75,0.07692307692307693,0.38461538461538464,0.0,0.0,0.0,0.0,0.0,0.0,0.0,0.0,0.0,0.0,0.0,0.0,0.0,0.0,0.15384615384615385,0.0,0.0,0.0,0.0,0.0,0.0,0.23076923076923078,0.0,0.38461538461538464,0.0
ALL_078_CCT_HT2_S054,0.8571428571428571,0.3333333333333333,0.6,0.13333333333333333,0.06666666666666667,0.26666666666666666,0.06666666666666667,0.4,0.2857142857142857,0.4,0.4,0.26666666666666666,0.06666666666666667,0.06666666666666667,0.06666666666666667,0.0,0.26666666666666666,0.6666666666666666,0.26666666666666666,0.26666666666666666,0.4666666666666667,0.06666666666666667,0.4,0.13333333333333333,0.26666666666666666,0.06666666666666667,0.26666666666666666,0.4666666666666667
ALL_078_CCT_HT2_S055,0.8125,0.23529411764705882,0.7058823529411765,0.0,0.0,0.0,0.0,0.0,0.125,0.0,0.0,0.0,0.0,0.0,0.0,0.0,0.0,0.8823529411764706,0.0,0.0,0.17647058823529413,0.0,0.0,0.0,0.0,0.0,0.11764705882352941,0.0
ALL_078_CCT_HT2_S056,0.9444444444444444,0.05555555555555555,0.6111111111111112,0.05555555555555555,0.05555555555555555,0.05555555555555555,0.05555555555555555,0.05555555555555555,0.05555555555555555,0.05555555555555555,0.05555555555555555,0.05555555555555555,0.05555555555555555,0.05555555555555555,0.0,0.05555555555555555,0.05555555555555555,0.5555555555555556,0.05555555555555555,0.05555555555555555,0.16666666666666666,0.05555555555555555,0.05555555555555555,0.0,0.05555555555555555,0.05555555555555555,0.16666666666666666,0.0
ALL_078_CCT_HT2_S057,0.6470588235294118,0.11764705882352941,0.8235294117647058,0.17647058823529413,0.058823529411764705,0.058823529411764705,0.058823529411764705,0.058823529411764705,0.17647058823529413,0.23529411764705882,0.17647058823529413,0.058823529411764705,0.0,0.23529411764705882,0.35294117647058826,0.0,0.058823529411764705,1.0,0.058823529411764705,0.058823529411764705,0.5294117647058824,0.0,0.4117647058823529,0.17647058823529413,0.5294117647058824,0.058823529411764705,0.6470588235294118,0.11764705882352941
ALL_078_CCT_HT2_S058,0.5882352941176471,0.5882352941176471,0.7058823529411765,0.0,0.0,0.35294117647058826,0.17647058823529413,0.17647058823529413,0.35294117647058826,0.47058823529411764,0.17647058823529413,0.29411764705882354,0.0,0.29411764705882354,0.0,0.0,0.17647058823529413,0.9411764705882353,0.47058823529411764,0.17647058823529413,0.17647058823529413,0.23529411764705882,0.47058823529411764,0.35294117647058826,0.47058823529411764,0.35294117647058826,0.47058823529411764,0.35294117647058826
ALL_078_CCT_HT2_S059,0.8571428571428571,0.0,0.4666666666666667,0.13333333333333333,0.0,0.0,0.0,0.0,0.07142857142857142,0.0,0.0,0.0,0.0,0.0,0.13333333333333333,0.13333333333333333,0.0,0.26666666666666666,0.0,0.0,0.0,0.0,0.0,0.0,0.13333333333333333,0.0,0.13333333333333333,0.0
ALL_078_CCT_HT2_S060,0.9333333333333333,0.06666666666666667,0.26666666666666666,0.0,0.0,0.0,0.0,0.0,0.0,0.13333333333333333,0.0,0.0,0.0,0.0,0.0,0.0,0.0,0.6,0.2,0.26666666666666666,0.2,0.0,0.0,0.13333333333333333,0.0,0.0,0.0,0.06666666666666667
ALL_079_CCT_HT2_S046,0.4,0.125,0.4375,0.1875,0.125,0.125,0.125,0.0625,0.26666666666666666,0.125,0.125,0.125,0.125,0.125,0.25,0.0625,0.0625,0.0625,0.0625,0.0625,0.1875,0.125,0.125,0.125,0.125,0.125,0.375,0.125
ALL_079_CCT_HT2_S047,0.7142857142857143,0.35714285714285715,0.5714285714285714,0.0,0.0,0.0,0.0,0.35714285714285715,0.35714285714285715,0.0,0.0,0.14285714285714285,0.0,0.2857142857142857,0.14285714285714285,0.5,0.2857142857142857,0.5,0.14285714285714285,0.21428571428571427,0.21428571428571427,0.0,0.21428571428571427,0.07142857142857142,0.35714285714285715,0.14285714285714285,0.21428571428571427,0.2857142857142857
ALL_079_CCT_HT2_S048,0.7222222222222222,0.3684210526315789,0.6842105263157895,0.0,0.0,0.0,0.0,0.0,0.2777777777777778,0.21052631578947367,0.0,0.0,0.0,0.0,0.0,0.0,0.0,0.42105263157894735,0.0,0.0,0.15789473684210525,0.15789473684210525,0.15789473684210525,0.15789473684210525,0.15789473684210525,0.15789473684210525,0.3157894736842105,0.10526315789473684
ALL_079_CCT_HT2_S049,0.8125,0.625,0.5625,0.3125,0.0,0.0,0.25,0.0,0.4375,0.3125,0.125,0.0,0.0,0.125,0.0,0.0,0.0,0.0625,0.0,0.0,0.0,0.0,0.0625,0.0,0.25,0.125,0.5625,0.125
ALL_079_CCT_HT2_S050,0.75,0.29411764705882354,0.7058823529411765,0.47058823529411764,0.0,0.0,0.0,0.0,0.1875,0.23529411764705882,0.23529411764705882,0.11764705882352941,0.0,0.11764705882352941,0.0,0.0,0.0,0.29411764705882354,0.0,0.23529411764705882,0.11764705882352941,0.11764705882352941,0.11764705882352941,0.23529411764705882,0.058823529411764705,0.23529411764705882,0.35294117647058826,0.35294117647058826
ALL_079_CCT_HT2_S051,0.6875,0.6875,0.625,0.0,0.0,0.0,0.0,0.0,0.125,0.0,0.0625,0.0,0.0,0.0,0.0,0.125,0.0,0.375,0.0,0.125,0.125,0.0,0.0,0.0,0.0,0.0,0.1875,0.0
ALL_079_CCT_HT2_S052,0.5625,0.0,0.8125,0.0,0.0,0.0,0.125,0.125,0.0,0.1875,0.0,0.0,0.0,0.0,0.0,0.0,0.0,0.5,0.0,0.0,0.125,0.0,0.0,0.0,0.3125,0.0,0.1875,0.0
ALL_079_CCT_HT2_S053,0.5,0.38461538461538464,0.46153846153846156,0.0,0.0,0.0,0.0,0.0,0.5,0.38461538461538464,0.0,0.0,0.0,0.0,0.0,0.0,0.0,0.15384615384615385,0.0,0.0,0.07692307692307693,0.07692307692307693,0.0,0.23076923076923078,0.46153846153846156,0.0,0.46153846153846156,0.38461538461538464
ALL_079_CCT_HT2_S054,0.7857142857142857,0.5333333333333333,0.4666666666666667,0.13333333333333333,0.0,0.06666666666666667,0.0,0.13333333333333333,0.35714285714285715,0.2,0.26666666666666666,0.13333333333333333,0.2,0.13333333333333333,0.0,0.0,0.13333333333333333,0.5333333333333333,0.3333333333333333,0.26666666666666666,0.4666666666666667,0.3333333333333333,0.2,0.2,0.3333333333333333,0.3333333333333333,0.4,0.2
ALL_079_CCT_HT2_S055,0.6875,0.17647058823529413,0.7647058823529411,0.0,0.0,0.0,0.0,0.0,0.125,0.11764705882352941,0.0,0.0,0.0,0.11764705882352941,0.0,0.0,0.0,0.29411764705882354,0.0,0.0,0.23529411764705882,0.0,0.0,0.0,0.17647058823529413,0.0,0.17647058823529413,0.058823529411764705
ALL_079_CCT_HT2_S056,0.7777777777777778,0.3888888888888889,0.7222222222222222,0.0,0.0,0.0,0.0,0.0,0.0,0.05555555555555555,0.0,0.0,0.0,0.05555555555555555,0.0,0.0,0.0,0.2222222222222222,0.0,0.05555555555555555,0.0,0.0,0.05555555555555555,0.0,0.05555555555555555,0.0,0.16666666666666666,0.0
ALL_079_CCT_HT2_S057,0.5294117647058824,0.29411764705882354,0.7058823529411765,0.29411764705882354,0.35294117647058826,0.29411764705882354,0.29411764705882354,0.29411764705882354,0.23529411764705882,0.23529411764705882,0.17647058823529413,0.29411764705882354,0.29411764705882354,0.17647058823529413,0.35294117647058826,0.0,0.29411764705882354,1.0,0.35294117647058826,0.29411764705882354,0.29411764705882354,0.11764705882352941,0.29411764705882354,0.23529411764705882,0.29411764705882354,0.17647058823529413,0.29411764705882354,0.23529411764705882
ALL_079_CCT_HT2_S058,0.6470588235294118,0.5294117647058824,0.7058823529411765,0.35294117647058826,0.17647058823529413,0.35294117647058826,0.35294117647058826,0.35294117647058826,0.4117647058823529,0.29411764705882354,0.35294117647058826,0.35294117647058826,0.35294117647058826,0.29411764705882354,0.35294117647058826,0.47058823529411764,0.35294117647058826,0.47058823529411764,0.4117647058823529,0.4117647058823529,0.35294117647058826,0.35294117647058826,0.29411764705882354,0.35294117647058826,0.4117647058823529,0.35294117647058826,0.4117647058823529,0.35294117647058826
ALL_079_CCT_HT2_S059,0.7857142857142857,0.0,0.7333333333333333,0.26666666666666666,0.13333333333333333,0.0,0.0,0.0,0.21428571428571427,0.2,0.0,0.0,0.0,0.13333333333333333,0.0,0.13333333333333333,0.0,0.26666666666666666,0.0,0.26666666666666666,0.0,0.13333333333333333,0.0,0.13333333333333333,0.3333333333333333,0.26666666666666666,0.13333333333333333,0.0
ALL_079_CCT_HT2_S060,0.7333333333333333,0.2,0.4666666666666667,0.5333333333333333,0.0,0.0,0.0,0.26666666666666666,0.06666666666666667,0.26666666666666666,0.2,0.2,0.0,0.13333333333333333,0.13333333333333333,0.6666666666666666,0.26666666666666666,0.6666666666666666,0.8,0.4666666666666667,0.3333333333333333,0.26666666666666666,0.4,0.26666666666666666,0.13333333333333333,0.26666666666666666,0.3333333333333333,0.06666666666666667
ALL_082_CCT_HT2_S046,0.4666666666666667,0.3125,0.4375,0.0625,0.0625,0.0625,0.25,0.0625,0.26666666666666666,0.25,0.1875,0.0625,0.0625,0.1875,0.0625,0.0625,0.0625,0.4375,0.0625,0.25,0.125,0.1875,0.1875,0.375,0.375,0.25,0.3125,0.0625
ALL_082_CCT_HT2_S047,0.6428571428571429,0.5714285714285714,0.7142857142857143,0.9285714285714286,0.0,0.0,0.0,0.0,0.5,0.0,0.14285714285714285,0.6428571428571429,0.0,0.07142857142857142,0.0,0.0,0.0,0.5714285714285714,0.42857142857142855,0.42857142857142855,0.21428571428571427,0.0,0.2857142857142857,0.0,0.14285714285714285,0.0,0.07142857142857142,0.07142857142857142
ALL_082_CCT_HT2_S048,0.8888888888888888,0.5789473684210527,0.7368421052631579,0.0,0.0,0.0,0.0,0.0,0.16666666666666666,0.3684210526315789,0.0,0.21052631578947367,0.0,0.0,0.0,0.0,0.0,0.47368421052631576,0.10526315789473684,0.0,0.3684210526315789,0.0,0.2631578947368421,0.21052631578947367,0.5263157894736842,0.0,0.2631578947368421,0.3157894736842105
ALL_082_CCT_HT2_S049,0.8125,0.3125,0.5,0.125,0.0,0.0,0.125,0.1875,0.1875,0.1875,0.0,0.3125,0.1875,0.1875,0.1875,0.1875,0.125,0.5625,0.125,0.0,0.0,0.125,0.0625,0.25,0.5625,0.1875,0.375,0.125
ALL_082_CCT_HT2_S050,0.625,0.47058823529411764,0.6470588235294118,0.23529411764705882,0.23529411764705882,0.23529411764705882,0.23529411764705882,0.23529411764705882,0.5,0.23529411764705882,0.17647058823529413,0.23529411764705882,0.23529411764705882,0.23529411764705882,0.4117647058823529,0.23529411764705882,0.23529411764705882,0.6470588235294118,0.35294117647058826,0.5294117647058824,0.23529411764705882,0.29411764705882354,0.29411764705882354,0.23529411764705882,0.23529411764705882,0.35294117647058826,0.4117647058823529,0.35294117647058826
ALL_082_CCT_HT2_S051,0.875,0.75,0.6875,0.1875,0.375,0.375,0.0625,0.375,0.4375,0.375,0.5625,0.6875,0.375,0.3125,0.375,0.0625,0.1875,0.8125,0.375,0.5625,0.6875,0.25,0.375,0.5,0.5,0.375,0.6875,0.25
ALL_082_CCT_HT2_S052,0.4375,0.375,0.6875,0.1875,0.0,0.0,0.0,0.0,0.25,0.0,0.125,0.0,0.0,0.0625,0.0,0.0,0.0,0.5,0.0625,0.0,0.0,0.0,0.3125,0.0625,0.5,0.0,0.1875,0.125
ALL_082_CCT_HT2_S053,0.9166666666666666,0.3076923076923077,0.6923076923076923,0.0,0.0,0.0,0.0,0.0,0.5,0.3076923076923077,0.0,0.0,0.0,0.0,0.0,0.0,0.0,0.38461538461538464,0.0,0.0,0.23076923076923078,0.38461538461538464,0.0,0.0,0.3076923076923077,0.3076923076923077,0.38461538461538464,0.3076923076923077
ALL_082_CCT_HT2_S054,0.7857142857142857,0.3333333333333333,0.8,0.2,0.2,0.26666666666666666,0.3333333333333333,0.26666666666666666,0.2857142857142857,0.4666666666666667,0.3333333333333333,0.4,0.2,0.4,0.0,0.4666666666666667,0.2,0.7333333333333333,0.5333333333333333,0.8,0.6,0.3333333333333333,0.5333333333333333,0.26666666666666666,0.3333333333333333,0.2,0.3333333333333333,0.3333333333333333
ALL_082_CCT_HT2_S055,0.8125,0.5294117647058824,0.8235294117647058,0.0,0.0,0.0,0.0,0.058823529411764705,0.1875,0.35294117647058826,0.11764705882352941,0.11764705882352941,0.0,0.17647058823529413,0.0,0.0,0.0,0.4117647058823529,0.058823529411764705,0.058823529411764705,0.4117647058823529,0.23529411764705882,0.11764705882352941,0.0,0.17647058823529413,0.0,0.35294117647058826,0.058823529411764705
ALL_082_CCT_HT2_S056,0.8888888888888888,0.3888888888888889,0.5555555555555556,0.0,0.0,0.0,0.1111111111111111,0.0,0.1111111111111111,0.3333333333333333,0.0,0.16666666666666666,0.0,0.1111111111111111,0.0,0.0,0.0,0.6111111111111112,0.4444444444444444,0.16666666666666666,0.3333333333333333,0.16666666666666666,0.16666666666666666,0.05555555555555555,0.2222222222222222,0.1111111111111111,0.2777777777777778,0.4444444444444444
ALL_082_CCT_HT2_S057,0.9411764705882353,0.5882352941176471,0.8235294117647058,0.47058823529411764,0.29411764705882354,0.4117647058823529,0.29411764705882354,0.4117647058823529,0.4117647058823529,0.35294117647058826,0.4117647058823529,0.47058823529411764,0.29411764705882354,0.47058823529411764,0.29411764705882354,0.0,0.29411764705882354,0.7647058823529411,0.47058823529411764,0.5882352941176471,0.5882352941176471,0.29411764705882354,0.47058823529411764,0.17647058823529413,0.47058823529411764,0.35294117647058826,0.47058823529411764,0.4117647058823529
ALL_082_CCT_HT2_S058,0.7647058823529411,0.17647058823529413,0.47058823529411764,0.11764705882352941,0.0,0.11764705882352941,0.0,0.058823529411764705,0.23529411764705882,0.23529411764705882,0.11764705882352941,0.47058823529411764,0.11764705882352941,0.0,0.0,0.0,0.0,0.8823529411764706,0.11764705882352941,0.11764705882352941,0.058823529411764705,0.11764705882352941,0.11764705882352941,0.11764705882352941,0.23529411764705882,0.11764705882352941,0.17647058823529413,0.11764705882352941
ALL_082_CCT_HT2_S059,0.8571428571428571,0.5333333333333333,0.6,0.0,0.0,0.0,0.0,0.0,0.14285714285714285,0.0,0.0,0.0,0.0,0.2,0.0,0.0,0.0,0.5333333333333333,0.0,0.0,0.0,0.0,0.6,0.0,0.0,0.0,0.26666666666666666,0.0
ALL_082_CCT_HT2_S060,0.7333333333333333,0.2,0.4666666666666667,0.26666666666666666,0.0,0.26666666666666666,0.26666666666666666,0.4,0.13333333333333333,0.26666666666666666,0.2,0.26666666666666666,0.0,0.2,0.26666666666666666,0.0,0.26666666666666666,0.7333333333333333,0.26666666666666666,0.4,0.26666666666666666,0.2,0.2,0.13333333333333333,0.13333333333333333,0.26666666666666666,0.26666666666666666,0.2
ALL_083_CCT_HT2_S046,0.26666666666666666,0.1875,0.1875,0.0625,0.0625,0.0625,0.0625,0.0625,0.06666666666666667,0.0625,0.0625,0.0625,0.0625,0.0625,0.0625,0.0625,0.0625,0.0625,0.0625,0.0625,0.0625,0.0625,0.0625,0.0625,0.0625,0.0625,0.3125,0.0625
ALL_083_CCT_HT2_S047,0.5714285714285714,0.07142857142857142,0.7857142857142857,0.14285714285714285,0.14285714285714285,0.0,0.14285714285714285,0.14285714285714285,0.14285714285714285,0.0,0.21428571428571427,0.0,0.07142857142857142,0.2857142857142857,0.35714285714285715,0.8571428571428571,0.14285714285714285,0.2857142857142857,0.5714285714285714,0.5714285714285714,0.21428571428571427,0.14285714285714285,0.14285714285714285,0.2857142857142857,0.07142857142857142,0.07142857142857142,0.07142857142857142,0.21428571428571427
ALL_083_CCT_HT2_S048,0.5555555555555556,0.21052631578947367,0.5789473684210527,0.0,0.0,0.0,0.0,0.0,0.05555555555555555,0.0,0.0,0.0,0.0,0.0,0.0,0.0,0.0,0.2631578947368421,0.0,0.0,0.05263157894736842,0.0,0.0,0.10526315789473684,0.21052631578947367,0.0,0.05263157894736842,0.0
ALL_083_CCT_HT2_S049,0.3125,0.125,0.5,0.125,0.125,0.125,0.125,0.125,0.1875,0.25,0.125,0.125,0.125,0.125,0.125,0.125,0.125,0.4375,0.125,0.0,0.0,0.125,0.0,0.125,0.25,0.0,0.125,0.125
ALL_083_CCT_HT2_S050,0.5,0.4117647058823529,0.6470588235294118,0.29411764705882354,0.0,0.058823529411764705,0.11764705882352941,0.35294117647058826,0.375,0.29411764705882354,0.29411764705882354,0.4117647058823529,0.23529411764705882,0.23529411764705882,0.0,0.11764705882352941,0.0,0.0,0.11764705882352941,0.0,0.29411764705882354,0.4117647058823529,0.47058823529411764,0.35294117647058826,0.29411764705882354,0.4117647058823529,0.29411764705882354,0.4117647058823529
ALL_083_CCT_HT2_S051,0.6875,0.1875,0.375,0.0,0.0,0.0,0.0,0.0,0.0625,0.125,0.0,0.0,0.0,0.0,0.0,0.0,0.0,0.3125,0.0625,0.0,0.0,0.0,0.0,0.0,0.0,0.0,0.125,0.0625
ALL_083_CCT_HT2_S052,0.5,0.0,0.4375,0.0,0.125,0.0,0.0,0.1875,0.125,0.125,0.0,0.125,0.0,0.0,0.0,0.0,0.0,0.0,0.0625,0.0,0.1875,0.0,0.0,0.0625,0.125,0.0,0.125,0.1875
ALL_083_CCT_HT2_S053,0.9166666666666666,0.07692307692307693,0.46153846153846156,0.0,0.0,0.0,0.0,0.0,0.16666666666666666,0.15384615384615385,0.0,0.0,0.0,0.0,0.0,0.0,0.0,0.0,0.0,0.0,0.07692307692307693,0.0,0.0,0.0,0.15384615384615385,0.0,0.38461538461538464,0.0
ALL_083_CCT_HT2_S054,0.7142857142857143,0.26666666666666666,0.4666666666666667,0.0,0.0,0.13333333333333333,0.13333333333333333,0.13333333333333333,0.14285714285714285,0.2,0.0,0.0,0.0,0.0,0.0,0.0,0.0,0.26666666666666666,0.0,0.0,0.26666666666666666,0.0,0.2,0.06666666666666667,0.2,0.0,0.3333333333333333,0.26666666666666666
ALL_083_CCT_HT2_S055,0.5,0.0,0.47058823529411764,0.0,0.0,0.0,0.0,0.0,0.125,0.0,0.0,0.0,0.0,0.0,0.0,0.0,0.0,0.17647058823529413,0.0,0.0,0.11764705882352941,0.0,0.0,0.0,0.0,0.0,0.17647058823529413,0.0
ALL_083_CCT_HT2_S056,0.4444444444444444,0.16666666666666666,0.6111111111111112,0.0,0.0,0.0,0.0,0.0,0.0,0.0,0.0,0.0,0.0,0.0,0.0,0.0,0.0,0.0,0.0,0.0,0.0,0.0,0.0,0.0,0.0,0.0,0.1111111111111111,0.0
ALL_083_CCT_HT2_S057,0.47058823529411764,0.11764705882352941,0.7058823529411765,0.0,0.0,0.11764705882352941,0.0,0.11764705882352941,0.0,0.0,0.0,0.11764705882352941,0.0,0.17647058823529413,0.0,0.0,0.11764705882352941,0.47058823529411764,0.058823529411764705,0.35294117647058826,0.29411764705882354,0.0,0.29411764705882354,0.17647058823529413,0.0,0.058823529411764705,0.4117647058823529,0.17647058823529413
ALL_083_CCT_HT2_S058,0.7058823529411765,0.35294117647058826,0.47058823529411764,0.17647058823529413,0.0,0.0,0.0,0.17647058823529413,0.29411764705882354,0.4117647058823529,0.0,0.0,0.0,0.0,0.0,0.29411764705882354,0.17647058823529413,0.0,0.29411764705882354,0.29411764705882354,0.0,0.0,0.11764705882352941,0.0,0.17647058823529413,0.0,0.23529411764705882,0.23529411764705882
ALL_083_CCT_HT2_S059,0.6428571428571429,0.2,0.5333333333333333,0.0,0.0,0.0,0.0,0.0,0.07142857142857142,0.0,0.26666666666666666,0.0,0.0,0.26666666666666666,0.0,0.0,0.0,0.26666666666666666,0.0,0.2,0.2,0.0,0.26666666666666666,0.0,0.2,0.0,0.2,0.0
ALL_083_CCT_HT2_S060,0.6666666666666666,0.06666666666666667,0.7333333333333333,0.0,0.0,0.0,0.0,0.0,0.0,0.13333333333333333,0.13333333333333333,0.0,0.0,0.13333333333333333,0.0,0.0,0.0,0.4,0.0,0.13333333333333333,0.0,0.0,0.0,0.06666666666666667,0.13333333333333333,0.0,0.2,0.13333333333333333
ALL_084_CCT_HT2_S046,0.4,0.0625,0.5625,0.0625,0.0625,0.0625,0.0625,0.0625,0.06666666666666667,0.1875,0.0625,0.0625,0.0625,0.0625,0.0625,0.0625,0.0625,0.5625,0.0625,0.0625,0.1875,0.0625,0.0625,0.0625,0.125,0.0625,0.0625,0.0625
ALL_084_CCT_HT2_S047,0.7857142857142857,0.42857142857142855,0.7857142857142857,0.0,0.0,0.14285714285714285,0.0,0.0,0.21428571428571427,0.0,0.35714285714285715,0.14285714285714285,0.0,0.42857142857142855,0.21428571428571427,0.0,0.0,0.7857142857142857,0.21428571428571427,0.2857142857142857,0.7142857142857143,0.14285714285714285,0.0,0.0,0.2857142857142857,0.0,0.42857142857142855,0.07142857142857142
ALL_084_CCT_HT2_S048,0.8333333333333334,0.42105263157894735,0.631578947368421,0.15789473684210525,0.21052631578947367,0.0,0.15789473684210525,0.0,0.05555555555555555,0.0,0.21052631578947367,0.15789473684210525,0.2631578947368421,0.21052631578947367,0.15789473684210525,0.0,0.0,0.21052631578947367,0.21052631578947367,0.10526315789473684,0.3157894736842105,0.0,0.10526315789473684,0.15789473684210525,0.0,0.05263157894736842,0.15789473684210525,0.3157894736842105
ALL_084_CCT_HT2_S049,0.5,0.3125,0.5625,0.125,0.0,0.0,0.0,0.0,0.0625,0.1875,0.125,0.0,0.0,0.0,0.125,0.125,0.0,0.5,0.0625,0.0,0.125,0.0,0.0,0.125,0.0,0.0,0.125,0.125
ALL_084_CCT_HT2_S050,0.4375,0.17647058823529413,0.6470588235294118,0.0,0.0,0.0,0.0,0.0,0.0625,0.0,0.0,0.0,0.0,0.058823529411764705,0.0,0.0,0.0,0.4117647058823529,0.0,0.0,0.0,0.0,0.0,0.058823529411764705,0.058823529411764705,0.0,0.058823529411764705,0.0
ALL_084_CCT_HT2_S051,0.625,0.0,0.5625,0.0,0.0,0.0,0.0,0.0,0.0625,0.0,0.0625,0.0,0.0,0.0,0.0,0.0,0.0,0.6875,0.0,0.0,0.0,0.0,0.0,0.0,0.125,0.0,0.0,0.0
ALL_084_CCT_HT2_S052,0.75,0.1875,0.6875,0.0,0.0,0.0,0.0,0.0,0.125,0.0,0.0,0.0625,0.0,0.0,0.0,0.0,0.0,0.375,0.375,0.0,0.125,0.0,0.0,0.0,0.0,0.0,0.0,0.0625
ALL_084_CCT_HT2_S053,0.8333333333333334,0.3076923076923077,0.38461538461538464,0.15384615384615385,0.0,0.0,0.15384615384615385,0.15384615384615385,0.16666666666666666,0.23076923076923078,0.0,0.0,0.0,0.0,0.0,0.0,0.15384615384615385,0.7692307692307693,0.15384615384615385,0.15384615384615385,0.07692307692307693,0.15384615384615385,0.0,0.0,0.23076923076923078,0.0,0.3076923076923077,0.38461538461538464
ALL_084_CCT_HT2_S054,0.35714285714285715,0.3333333333333333,0.4,0.0,0.0,0.0,0.0,0.0,0.14285714285714285,0.0,0.0,0.0,0.0,0.0,0.0,0.0,0.0,0.4666666666666667,0.0,0.0,0.06666666666666667,0.0,0.0,0.0,0.26666666666666666,0.0,0.06666666666666667,0.0
ALL_084_CCT_HT2_S055,0.625,0.23529411764705882,0.8235294117647058,0.17647058823529413,0.0,0.0,0.17647058823529413,0.17647058823529413,0.125,0.35294117647058826,0.17647058823529413,0.17647058823529413,0.0,0.23529411764705882,0.0,0.0,0.17647058823529413,0.5882352941176471,0.17647058823529413,0.17647058823529413,0.23529411764705882,0.23529411764705882,0.11764705882352941,0.0,0.5882352941176471,0.23529411764705882,0.29411764705882354,0.0
ALL_084_CCT_HT2_S056,0.9444444444444444,0.3888888888888889,0.5555555555555556,0.0,0.0,0.0,0.0,0.0,0.0,0.0,0.0,0.0,0.0,0.0,0.0,0.0,0.0,0.3333333333333333,0.0,0.0,0.0,0.0,0.0,0.0,0.1111111111111111,0.0,0.0,0.0
ALL_084_CCT_HT2_S057,0.7647058823529411,0.0,0.7058823529411765,0.11764705882352941,0.0,0.17647058823529413,0.058823529411764705,0.058823529411764705,0.0,0.11764705882352941,0.29411764705882354,0.0,0.0,0.058823529411764705,0.0,0.0,0.17647058823529413,0.4117647058823529,0.17647058823529413,0.058823529411764705,0.4117647058823529,0.0,0.17647058823529413,0.0,0.058823529411764705,0.0,0.058823529411764705,0.058823529411764705
ALL_084_CCT_HT2_S058,0.5294117647058824,0.17647058823529413,0.5294117647058824,0.0,0.0,0.0,0.0,0.0,0.17647058823529413,0.17647058823529413,0.0,0.058823529411764705,0.0,0.0,0.0,0.0,0.0,1.0,0.35294117647058826,0.11764705882352941,0.0,0.0,0.0,0.17647058823529413,0.11764705882352941,0.0,0.17647058823529413,0.0
ALL_084_CCT_HT2_S059,0.6428571428571429,0.0,0.5333333333333333,0.0,0.0,0.0,0.0,0.0,0.07142857142857142,0.0,0.0,0.0,0.0,0.0,0.0,0.0,0.0,0.0,0.0,0.0,0.0,0.0,0.0,0.0,0.13333333333333333,0.0,0.0,0.0
ALL_084_CCT_HT2_S060,0.5333333333333333,0.06666666666666667,0.3333333333333333,0.0,0.0,0.06666666666666667,0.06666666666666667,0.0,0.06666666666666667,0.06666666666666667,0.0,0.0,0.0,0.13333333333333333,0.0,0.0,0.0,0.6666666666666666,0.0,0.0,0.0,0.0,0.06666666666666667,0.0,0.06666666666666667,0.0,0.0,0.0
ALL_085_CCT_HT2_S046,0.4,0.3125,0.5625,0.125,0.0625,0.125,0.125,0.125,0.2,0.25,0.125,0.125,0.125,0.0625,0.0625,0.0625,0.125,0.625,0.125,0.25,0.125,0.1875,0.125,0.125,0.125,0.125,0.125,0.125
ALL_085_CCT_HT2_S047,0.6428571428571429,0.2857142857142857,0.42857142857142855,0.0,0.0,0.0,0.0,0.0,0.14285714285714285,0.0,0.0,0.0,0.0,0.07142857142857142,0.0,0.0,0.0,0.5714285714285714,0.0,0.2857142857142857,0.2857142857142857,0.0,0.21428571428571427,0.0,0.42857142857142855,0.0,0.07142857142857142,0.07142857142857142
ALL_085_CCT_HT2_S048,0.7777777777777778,0.3157894736842105,0.7368421052631579,0.0,0.0,0.0,0.0,0.0,0.3333333333333333,0.0,0.15789473684210525,0.0,0.0,0.0,0.0,0.0,0.0,0.5789473684210527,0.0,0.0,0.21052631578947367,0.0,0.15789473684210525,0.10526315789473684,0.10526315789473684,0.0,0.2631578947368421,0.21052631578947367
ALL_085_CCT_HT2_S049,0.75,0.625,0.5,0.125,0.0,0.125,0.1875,0.0,0.1875,0.125,0.125,0.1875,0.0,0.1875,0.0,0.125,0.0,0.875,0.1875,0.3125,0.375,0.125,0.1875,0.1875,0.375,0.125,0.5,0.1875
ALL_085_CCT_HT2_S050,0.625,0.5294117647058824,0.47058823529411764,0.5294117647058824,0.0,0.23529411764705882,0.0,0.0,0.3125,0.17647058823529413,0.11764705882352941,0.058823529411764705,0.058823529411764705,0.11764705882352941,0.0,0.0,0.0,0.8235294117647058,0.058823529411764705,0.29411764705882354,0.17647058823529413,0.23529411764705882,0.35294117647058826,0.17647058823529413,0.23529411764705882,0.23529411764705882,0.35294117647058826,0.23529411764705882
ALL_085_CCT_HT2_S051,0.625,0.1875,0.5625,0.0,0.0,0.0,0.0,0.0,0.125,0.0,0.0,0.0,0.0,0.0,0.0,0.0,0.0,0.6875,0.0625,0.0625,0.125,0.0,0.0625,0.0,0.1875,0.0,0.125,0.0
ALL_085_CCT_HT2_S052,0.375,0.0,0.5,0.0,0.0,0.0,0.0,0.0,0.0625,0.1875,0.125,0.0,0.0,0.0,0.0,0.0,0.0,0.125,0.0625,0.0,0.0,0.0,0.0,0.0,0.0,0.0,0.25,0.0
ALL_085_CCT_HT2_S053,0.75,0.3076923076923077,0.46153846153846156,0.0,0.0,0.0,0.0,0.0,0.3333333333333333,0.15384615384615385,0.0,0.0,0.0,0.0,0.0,0.0,0.0,0.6923076923076923,0.0,0.46153846153846156,0.0,0.0,0.15384615384615385,0.0,0.38461538461538464,0.0,0.23076923076923078,0.3076923076923077
ALL_085_CCT_HT2_S054,0.9285714285714286,0.26666666666666666,0.5333333333333333,0.0,0.0,0.13333333333333333,0.0,0.0,0.14285714285714285,0.0,0.0,0.26666666666666666,0.13333333333333333,0.0,0.0,0.0,0.0,0.8,0.26666666666666666,0.26666666666666666,0.2,0.2,0.3333333333333333,0.13333333333333333,0.3333333333333333,0.2,0.3333333333333333,0.26666666666666666
ALL_085_CCT_HT2_S055,0.4375,0.058823529411764705,0.5882352941176471,0.0,0.0,0.0,0.0,0.0,0.1875,0.17647058823529413,0.0,0.0,0.0,0.0,0.0,0.0,0.0,0.5882352941176471,0.0,0.0,0.23529411764705882,0.0,0.11764705882352941,0.0,0.11764705882352941,0.0,0.23529411764705882,0.0
ALL_085_CCT_HT2_S056,0.6111111111111112,0.0,0.3888888888888889,0.0,0.0,0.0,0.0,0.0,0.05555555555555555,0.0,0.0,0.0,0.0,0.0,0.0,0.0,0.0,0.2777777777777778,0.0,0.0,0.0,0.0,0.0,0.0,0.0,0.0,0.1111111111111111,0.0
ALL_085_CCT_HT2_S057,0.7058823529411765,0.29411764705882354,0.7647058823529411,0.29411764705882354,0.29411764705882354,0.29411764705882354,0.29411764705882354,0.29411764705882354,0.17647058823529413,0.29411764705882354,0.29411764705882354,0.29411764705882354,0.29411764705882354,0.29411764705882354,0.29411764705882354,0.29411764705882354,0.29411764705882354,0.5294117647058824,0.29411764705882354,0.29411764705882354,0.5294117647058824,0.29411764705882354,0.23529411764705882,0.29411764705882354,0.29411764705882354,0.29411764705882354,0.4117647058823529,0.35294117647058826
ALL_085_CCT_HT2_S058,0.8235294117647058,0.23529411764705882,0.6470588235294118,0.17647058823529413,0.0,0.0,0.0,0.17647058823529413,0.35294117647058826,0.29411764705882354,0.17647058823529413,0.17647058823529413,0.0,0.11764705882352941,0.0,0.29411764705882354,0.17647058823529413,0.8235294117647058,0.7058823529411765,0.17647058823529413,0.0,0.0,0.17647058823529413,0.058823529411764705,0.23529411764705882,0.0,0.23529411764705882,0.17647058823529413
ALL_085_CCT_HT2_S059,0.9285714285714286,0.06666666666666667,0.6666666666666666,0.0,0.0,0.0,0.0,0.0,0.07142857142857142,0.0,0.0,0.0,0.0,0.0,0.13333333333333333,0.0,0.0,0.6,0.0,0.0,0.0,0.0,0.0,0.0,0.2,0.0,0.4666666666666667,0.0
ALL_085_CCT_HT2_S060,0.7333333333333333,0.26666666666666666,0.7333333333333333,0.0,0.0,0.13333333333333333,0.0,0.0,0.0,0.2,0.0,0.0,0.0,0.0,0.0,0.0,0.0,0.6666666666666666,0.26666666666666666,0.26666666666666666,0.26666666666666666,0.0,0.13333333333333333,0.0,0.3333333333333333,0.06666666666666667,0.4,0.2
ALL_086_CCT_HT2_S046,0.8,0.8125,0.875,0.75,0.6875,0.6875,0.75,0.75,0.9333333333333333,0.6875,0.6875,0.6875,0.6875,0.6875,0.6875,0.6875,0.6875,0.875,0.6875,0.6875,0.8125,0.6875,0.6875,0.6875,0.6875,0.6875,0.6875,0.8125
ALL_086_CCT_HT2_S047,0.7857142857142857,0.6428571428571429,0.5714285714285714,0.14285714285714285,0.07142857142857142,0.21428571428571427,0.14285714285714285,0.21428571428571427,0.2857142857142857,0.14285714285714285,0.14285714285714285,1.0,0.14285714285714285,0.21428571428571427,0.07142857142857142,0.6428571428571429,0.2857142857142857,0.7857142857142857,0.35714285714285715,0.2857142857142857,0.5714285714285714,0.14285714285714285,0.14285714285714285,0.14285714285714285,0.14285714285714285,0.14285714285714285,0.2857142857142857,0.35714285714285715
ALL_086_CCT_HT2_S048,0.8333333333333334,0.7894736842105263,0.6842105263157895,0.15789473684210525,0.10526315789473684,0.15789473684210525,0.2631578947368421,0.2631578947368421,0.2777777777777778,0.15789473684210525,0.10526315789473684,0.15789473684210525,0.10526315789473684,0.15789473684210525,0.10526315789473684,0.10526315789473684,0.15789473684210525,0.15789473684210525,0.0,0.15789473684210525,0.47368421052631576,0.15789473684210525,0.15789473684210525,0.21052631578947367,0.2631578947368421,0.15789473684210525,0.3157894736842105,0.15789473684210525
ALL_086_CCT_HT2_S049,0.875,0.125,0.5625,0.0,0.0,0.0,0.0,0.0,0.0,0.0,0.0,0.0,0.0,0.125,0.0,0.0,0.0,0.5,0.5,0.0,0.125,0.0,0.0,0.0625,0.25,0.125,0.0,0.0
ALL_086_CCT_HT2_S050,0.5625,0.5882352941176471,0.8235294117647058,0.35294117647058826,0.11764705882352941,0.11764705882352941,0.11764705882352941,0.11764705882352941,0.1875,0.35294117647058826,0.29411764705882354,0.11764705882352941,0.11764705882352941,0.35294117647058826,0.23529411764705882,0.35294117647058826,0.11764705882352941,0.4117647058823529,0.5882352941176471,0.29411764705882354,0.47058823529411764,0.23529411764705882,0.35294117647058826,0.29411764705882354,0.4117647058823529,0.29411764705882354,0.47058823529411764,0.7058823529411765
ALL_086_CCT_HT2_S051,0.75,0.375,0.6875,0.25,0.125,0.0,0.125,0.125,0.1875,0.25,0.3125,0.3125,0.125,0.25,0.125,0.25,0.125,0.75,0.375,0.125,0.5,0.25,0.25,0.25,0.25,0.25,0.3125,0.125
ALL_086_CCT_HT2_S052,0.5625,0.25,0.875,0.1875,0.0,0.0,0.0,0.0,0.0625,0.125,0.0,0.0,0.0,0.0,0.0,0.0,0.0,0.5625,0.3125,0.1875,0.125,0.0,0.0,0.0,0.0625,0.0,0.0625,0.0
ALL_086_CCT_HT2_S053,0.75,0.3076923076923077,0.46153846153846156,0.0,0.0,0.0,0.0,0.0,0.16666666666666666,0.0,0.0,0.0,0.0,0.0,0.0,0.0,0.0,1.0,0.0,0.0,0.0,0.0,0.0,0.23076923076923078,0.0,0.0,0.15384615384615385,0.23076923076923078
ALL_086_CCT_HT2_S054,0.7857142857142857,0.6666666666666666,0.7333333333333333,0.2,0.13333333333333333,0.4666666666666667,0.26666666666666666,0.5333333333333333,0.35714285714285715,0.5333333333333333,0.4666666666666667,0.4666666666666667,0.3333333333333333,0.13333333333333333,0.0,0.6,0.3333333333333333,1.0,0.3333333333333333,0.3333333333333333,0.5333333333333333,0.4,0.3333333333333333,0.4666666666666667,0.6,0.4666666666666667,0.4,0.4
ALL_086_CCT_HT2_S055,0.875,0.11764705882352941,0.8235294117647058,0.0,0.0,0.0,0.0,0.0,0.125,0.0,0.0,0.0,0.0,0.0,0.0,0.0,0.0,0.5882352941176471,0.0,0.0,0.0,0.0,0.0,0.0,0.0,0.0,0.058823529411764705,0.0
ALL_086_CCT_HT2_S056,0.7222222222222222,0.05555555555555555,0.5,0.0,0.0,0.0,0.0,0.0,0.05555555555555555,0.2222222222222222,0.0,0.0,0.0,0.0,0.0,0.0,0.0,0.3333333333333333,0.0,0.0,0.05555555555555555,0.0,0.0,0.0,0.0,0.0,0.16666666666666666,0.0
ALL_086_CCT_HT2_S057,0.5294117647058824,0.5294117647058824,0.8823529411764706,0.17647058823529413,0.23529411764705882,0.35294117647058826,0.17647058823529413,0.23529411764705882,0.47058823529411764,0.5882352941176471,0.4117647058823529,0.23529411764705882,0.17647058823529413,0.17647058823529413,0.11764705882352941,0.23529411764705882,0.23529411764705882,0.5882352941176471,0.23529411764705882,0.17647058823529413,0.29411764705882354,0.29411764705882354,0.11764705882352941,0.23529411764705882,0.11764705882352941,0.29411764705882354,0.35294117647058826,0.29411764705882354
ALL_086_CCT_HT2_S058,0.7647058823529411,0.17647058823529413,0.47058823529411764,0.17647058823529413,0.0,0.0,0.0,0.17647058823529413,0.23529411764705882,0.17647058823529413,0.0,0.17647058823529413,0.0,0.0,0.0,0.29411764705882354,0.17647058823529413,0.5882352941176471,0.0,0.17647058823529413,0.0,0.17647058823529413,0.23529411764705882,0.17647058823529413,0.29411764705882354,0.0,0.0,0.17647058823529413
ALL_086_CCT_HT2_S059,0.7857142857142857,0.0,0.7333333333333333,0.0,0.0,0.0,0.13333333333333333,0.0,0.35714285714285715,0.0,0.3333333333333333,0.0,0.0,0.26666666666666666,0.13333333333333333,0.0,0.0,0.5333333333333333,0.06666666666666667,0.0,0.0,0.0,0.0,0.0,0.0,0.0,0.13333333333333333,0.0
ALL_086_CCT_HT2_S060,0.8,0.2,0.5333333333333333,0.26666666666666666,0.26666666666666666,0.2,0.2,0.26666666666666666,0.2,0.26666666666666666,0.2,0.4,0.13333333333333333,0.2,0.13333333333333333,0.2,0.0,0.8666666666666667,0.3333333333333333,0.2,0.2,0.0,0.2,0.13333333333333333,0.2,0.2,0.2,0.26666666666666666
ALL_087_CCT_HT2_S046,0.8666666666666667,0.25,0.4375,0.1875,0.1875,0.0,0.1875,0.1875,0.26666666666666666,0.4375,0.0625,0.0625,0.25,0.1875,0.0625,0.0625,0.25,0.3125,0.0625,0.1875,0.1875,0.1875,0.0625,0.25,0.3125,0.1875,0.4375,0.1875
ALL_087_CCT_HT2_S047,0.6428571428571429,0.35714285714285715,0.5,0.0,0.0,0.0,0.07142857142857142,0.07142857142857142,0.2857142857142857,0.0,0.0,0.0,0.0,0.14285714285714285,0.0,0.5,0.07142857142857142,0.6428571428571429,0.14285714285714285,0.07142857142857142,0.21428571428571427,0.0,0.0,0.21428571428571427,0.07142857142857142,0.0,0.42857142857142855,0.07142857142857142
ALL_087_CCT_HT2_S048,0.7222222222222222,0.5789473684210527,0.5789473684210527,0.3157894736842105,0.0,0.21052631578947367,0.21052631578947367,0.15789473684210525,0.2777777777777778,0.3157894736842105,0.21052631578947367,0.21052631578947367,0.21052631578947367,0.3157894736842105,0.15789473684210525,0.3157894736842105,0.21052631578947367,0.2631578947368421,0.5263157894736842,0.3157894736842105,0.42105263157894735,0.2631578947368421,0.3157894736842105,0.3684210526315789,0.3157894736842105,0.42105263157894735,0.3684210526315789,0.3157894736842105
ALL_087_CCT_HT2_S049,0.5,0.5,0.5,0.3125,0.25,0.1875,0.3125,0.3125,0.3125,0.4375,0.1875,0.25,0.25,0.3125,0.1875,0.125,0.1875,0.5625,0.25,0.125,0.25,0.375,0.375,0.25,0.4375,0.375,0.4375,0.25
ALL_087_CCT_HT2_S050,0.5625,0.29411764705882354,0.6470588235294118,0.17647058823529413,0.0,0.0,0.17647058823529413,0.35294117647058826,0.25,0.29411764705882354,0.17647058823529413,0.35294117647058826,0.0,0.11764705882352941,0.0,0.5294117647058824,0.17647058823529413,0.47058823529411764,0.11764705882352941,0.29411764705882354,0.29411764705882354,0.23529411764705882,0.17647058823529413,0.23529411764705882,0.35294117647058826,0.35294117647058826,0.29411764705882354,0.35294117647058826
ALL_087_CCT_HT2_S051,0.625,0.3125,0.4375,0.3125,0.0,0.0625,0.0625,0.0625,0.125,0.125,0.0625,0.0625,0.0,0.3125,0.0,0.1875,0.0625,0.375,0.1875,0.25,0.25,0.125,0.125,0.1875,0.125,0.25,0.1875,0.125
ALL_087_CCT_HT2_S052,0.8125,0.5625,0.5,0.0,0.0,0.0,0.0,0.0,0.3125,0.375,0.125,0.125,0.0625,0.125,0.0,0.125,0.0,0.5,0.1875,0.0,0.5,0.1875,0.5625,0.3125,0.375,0.125,0.5,0.1875
ALL_087_CCT_HT2_S053,0.9166666666666666,0.46153846153846156,0.6923076923076923,0.38461538461538464,0.38461538461538464,0.38461538461538464,0.38461538461538464,0.3076923076923077,0.3333333333333333,0.38461538461538464,0.38461538461538464,0.3076923076923077,0.38461538461538464,0.38461538461538464,0.15384615384615385,0.46153846153846156,0.3076923076923077,0.46153846153846156,0.38461538461538464,0.3076923076923077,0.38461538461538464,0.3076923076923077,0.3076923076923077,0.3076923076923077,0.38461538461538464,0.3076923076923077,0.8461538461538461,0.3076923076923077
ALL_087_CCT_HT2_S054,0.9285714285714286,0.7333333333333333,0.6,0.4666666666666667,0.13333333333333333,0.13333333333333333,0.3333333333333333,0.26666666666666666,0.5,0.3333333333333333,0.4666666666666667,0.7333333333333333,0.13333333333333333,0.6,0.0,0.8,0.7333333333333333,0.8,0.3333333333333333,0.4666666666666667,0.5333333333333333,0.5333333333333333,0.5333333333333333,0.3333333333333333,0.5333333333333333,0.13333333333333333,0.4666666666666667,0.26666666666666666
ALL_087_CCT_HT2_S055,0.625,0.47058823529411764,0.6470588235294118,0.0,0.0,0.0,0.0,0.058823529411764705,0.1875,0.29411764705882354,0.23529411764705882,0.0,0.0,0.058823529411764705,0.0,0.0,0.0,0.29411764705882354,0.17647058823529413,0.29411764705882354,0.29411764705882354,0.11764705882352941,0.23529411764705882,0.11764705882352941,0.35294117647058826,0.11764705882352941,0.5294117647058824,0.058823529411764705
ALL_087_CCT_HT2_S056,0.8333333333333334,0.4444444444444444,0.6111111111111112,0.05555555555555555,0.05555555555555555,0.05555555555555555,0.05555555555555555,0.05555555555555555,0.1111111111111111,0.05555555555555555,0.0,0.05555555555555555,0.05555555555555555,0.1111111111111111,0.0,0.0,0.05555555555555555,0.2777777777777778,0.05555555555555555,0.05555555555555555,0.05555555555555555,0.05555555555555555,0.05555555555555555,0.05555555555555555,0.1111111111111111,0.05555555555555555,0.16666666666666666,0.05555555555555555
ALL_087_CCT_HT2_S057,0.7058823529411765,0.35294117647058826,0.47058823529411764,0.11764705882352941,0.11764705882352941,0.23529411764705882,0.47058823529411764,0.17647058823529413,0.11764705882352941,0.17647058823529413,0.23529411764705882,0.23529411764705882,0.35294117647058826,0.23529411764705882,0.4117647058823529,0.29411764705882354,0.11764705882352941,0.47058823529411764,0.11764705882352941,0.11764705882352941,0.17647058823529413,0.058823529411764705,0.23529411764705882,0.0,0.17647058823529413,0.058823529411764705,0.5294117647058824,0.11764705882352941
ALL_087_CCT_HT2_S058,0.5882352941176471,0.47058823529411764,0.4117647058823529,0.17647058823529413,0.17647058823529413,0.17647058823529413,0.17647058823529413,0.17647058823529413,0.23529411764705882,0.29411764705882354,0.058823529411764705,0.5294117647058824,0.17647058823529413,0.17647058823529413,0.17647058823529413,0.4117647058823529,0.17647058823529413,0.47058823529411764,0.17647058823529413,0.17647058823529413,0.17647058823529413,0.17647058823529413,0.29411764705882354,0.17647058823529413,0.29411764705882354,0.29411764705882354,0.5294117647058824,0.17647058823529413
ALL_087_CCT_HT2_S059,0.8571428571428571,0.26666666666666666,0.6,0.6,0.3333333333333333,0.26666666666666666,0.13333333333333333,0.26666666666666666,0.35714285714285715,0.4,0.3333333333333333,0.5333333333333333,0.0,0.26666666666666666,0.13333333333333333,0.13333333333333333,0.3333333333333333,0.26666666666666666,0.26666666666666666,0.26666666666666666,0.13333333333333333,0.26666666666666666,0.2,0.13333333333333333,0.4,0.26666666666666666,0.26666666666666666,0.13333333333333333
ALL_087_CCT_HT2_S060,0.4666666666666667,0.13333333333333333,0.4,0.0,0.0,0.0,0.0,0.0,0.06666666666666667,0.13333333333333333,0.0,0.0,0.0,0.0,0.0,0.0,0.0,0.0,0.0,0.0,0.13333333333333333,0.0,0.06666666666666667,0.0,0.0,0.0,0.0,0.0
ALL_088_CCT_HT2_S046,0.3333333333333333,0.125,0.3125,0.0625,0.0625,0.0625,0.0625,0.0625,0.06666666666666667,0.0625,0.0625,0.0625,0.0625,0.0625,0.0625,0.0625,0.0625,0.125,0.0625,0.0625,0.0625,0.0625,0.0625,0.125,0.0625,0.0625,0.1875,0.125
ALL_088_CCT_HT2_S047,0.5714285714285714,0.14285714285714285,0.35714285714285715,0.0,0.0,0.0,0.0,0.0,0.0,0.0,0.0,0.0,0.0,0.07142857142857142,0.0,0.0,0.0,0.14285714285714285,0.21428571428571427,0.0,0.0,0.0,0.0,0.0,0.0,0.0,0.07142857142857142,0.21428571428571427
ALL_088_CCT_HT2_S048,0.7777777777777778,0.3684210526315789,0.631578947368421,0.0,0.0,0.0,0.0,0.0,0.1111111111111111,0.15789473684210525,0.0,0.0,0.0,0.0,0.0,0.0,0.0,0.15789473684210525,0.15789473684210525,0.0,0.15789473684210525,0.10526315789473684,0.21052631578947367,0.10526315789473684,0.0,0.0,0.2631578947368421,0.10526315789473684
ALL_088_CCT_HT2_S049,0.5,0.375,0.4375,0.0,0.0,0.0,0.0,0.0,0.1875,0.125,0.125,0.0,0.0,0.125,0.0,0.0,0.0,0.0,0.0,0.0,0.0,0.0,0.0,0.25,0.1875,0.0,0.4375,0.0
ALL_088_CCT_HT2_S050,0.5625,0.0,0.35294117647058826,0.0,0.0,0.0,0.0,0.0,0.0625,0.0,0.0,0.0,0.0,0.0,0.0,0.0,0.0,0.29411764705882354,0.0,0.058823529411764705,0.058823529411764705,0.058823529411764705,0.058823529411764705,0.0,0.058823529411764705,0.0,0.0,0.0
ALL_088_CCT_HT2_S051,0.5625,0.0625,0.375,0.0,0.0,0.0,0.0,0.0,0.0625,0.125,0.1875,0.0,0.0,0.0,0.0,0.0,0.0,0.6875,0.0,0.1875,0.125,0.0,0.1875,0.125,0.0,0.0,0.125,0.1875
ALL_088_CCT_HT2_S052,0.4375,0.0,0.5625,0.0,0.0,0.0,0.0,0.0,0.0625,0.0,0.125,0.0,0.0,0.0,0.0,0.0,0.0,0.0,0.0,0.0,0.0,0.0,0.0,0.0,0.125,0.0,0.0,0.0
ALL_088_CCT_HT2_S053,0.8333333333333334,0.07692307692307693,0.6153846153846154,0.0,0.0,0.0,0.0,0.0,0.16666666666666666,0.15384615384615385,0.0,0.0,0.0,0.0,0.0,0.0,0.0,0.3076923076923077,0.0,0.0,0.0,0.23076923076923078,0.0,0.0,0.0,0.0,0.15384615384615385,0.0
ALL_088_CCT_HT2_S054,0.8571428571428571,0.26666666666666666,0.4,0.0,0.0,0.06666666666666667,0.0,0.06666666666666667,0.07142857142857142,0.0,0.06666666666666667,0.0,0.0,0.0,0.06666666666666667,0.0,0.06666666666666667,0.3333333333333333,0.0,0.06666666666666667,0.26666666666666666,0.0,0.06666666666666667,0.06666666666666667,0.2,0.06666666666666667,0.06666666666666667,0.06666666666666667
ALL_088_CCT_HT2_S055,0.5,0.11764705882352941,0.7058823529411765,0.0,0.0,0.0,0.0,0.0,0.125,0.0,0.0,0.4117647058823529,0.0,0.0,0.0,0.0,0.0,0.0,0.0,0.17647058823529413,0.058823529411764705,0.0,0.0,0.0,0.11764705882352941,0.0,0.0,0.0
ALL_088_CCT_HT2_S056,0.5,0.0,0.6111111111111112,0.0,0.0,0.0,0.0,0.0,0.05555555555555555,0.0,0.0,0.0,0.0,0.0,0.0,0.0,0.0,0.0,0.0,0.0,0.0,0.0,0.0,0.0,0.0,0.0,0.1111111111111111,0.0
ALL_088_CCT_HT2_S057,0.5294117647058824,0.058823529411764705,0.6470588235294118,0.0,0.0,0.0,0.0,0.23529411764705882,0.0,0.11764705882352941,0.23529411764705882,0.0,0.0,0.0,0.0,0.0,0.0,0.5294117647058824,0.17647058823529413,0.17647058823529413,0.17647058823529413,0.0,0.058823529411764705,0.11764705882352941,0.5294117647058824,0.0,0.47058823529411764,0.35294117647058826
ALL_088_CCT_HT2_S058,0.6470588235294118,0.11764705882352941,0.5294117647058824,0.17647058823529413,0.0,0.0,0.0,0.0,0.23529411764705882,0.35294117647058826,0.0,0.0,0.0,0.0,0.0,0.29411764705882354,0.0,0.4117647058823529,0.0,0.11764705882352941,0.0,0.0,0.11764705882352941,0.0,0.29411764705882354,0.0,0.23529411764705882,0.23529411764705882
ALL_088_CCT_HT2_S059,0.5,0.0,0.26666666666666666,0.0,0.0,0.0,0.0,0.0,0.07142857142857142,0.0,0.0,0.0,0.0,0.0,0.2,0.0,0.0,0.0,0.0,0.0,0.2,0.0,0.0,0.0,0.06666666666666667,0.0,0.0,0.0
ALL_088_CCT_HT2_S060,0.3333333333333333,0.06666666666666667,0.3333333333333333,0.0,0.0,0.0,0.0,0.0,0.0,0.0,0.0,0.0,0.0,0.0,0.0,0.0,0.0,0.0,0.0,0.0,0.0,0.0,0.0,0.0,0.06666666666666667,0.0,0.0,0.0
ALL_028_CSP_HT2_S046,0.4,0.25,0.625,0.0625,0.0625,0.0,0.0625,0.125,0.2,0.0625,0.0625,0.25,0.125,0.125,0.0625,0.0625,0.0625,0.5625,0.0625,0.0625,0.0625,0.0625,0.0625,0.125,0.0625,0.0625,0.3125,0.1875
ALL_028_CSP_HT2_S047,1.0,0.7142857142857143,0.5714285714285714,0.0,0.0,0.0,0.0,0.07142857142857142,0.5,0.0,0.5,0.5714285714285714,0.0,0.07142857142857142,0.21428571428571427,0.8571428571428571,0.21428571428571427,0.8571428571428571,0.42857142857142855,0.42857142857142855,0.2857142857142857,0.14285714285714285,0.21428571428571427,0.2857142857142857,0.2857142857142857,0.0,0.6428571428571429,0.07142857142857142
ALL_028_CSP_HT2_S048,0.6666666666666666,0.42105263157894735,0.5789473684210527,0.3157894736842105,0.15789473684210525,0.0,0.0,0.2631578947368421,0.2222222222222222,0.3684210526315789,0.3157894736842105,0.3157894736842105,0.15789473684210525,0.2631578947368421,0.42105263157894735,0.21052631578947367,0.2631578947368421,0.47368421052631576,0.21052631578947367,0.10526315789473684,0.3157894736842105,0.15789473684210525,0.47368421052631576,0.2631578947368421,0.2631578947368421,0.21052631578947367,0.42105263157894735,0.3684210526315789
ALL_028_CSP_HT2_S049,0.75,0.5625,0.5,0.125,0.125,0.0,0.0,0.0,0.1875,0.1875,0.0,0.3125,0.125,0.125,0.0,0.0,0.0,0.125,0.125,0.0,0.0,0.125,0.1875,0.1875,0.3125,0.125,0.3125,0.0625
ALL_028_CSP_HT2_S050,0.625,0.35294117647058826,0.5294117647058824,0.0,0.0,0.0,0.0,0.47058823529411764,0.125,0.17647058823529413,0.058823529411764705,0.4117647058823529,0.0,0.17647058823529413,0.0,0.17647058823529413,0.11764705882352941,0.29411764705882354,0.47058823529411764,0.23529411764705882,0.11764705882352941,0.29411764705882354,0.23529411764705882,0.11764705882352941,0.23529411764705882,0.17647058823529413,0.17647058823529413,0.11764705882352941
ALL_028_CSP_HT2_S051,0.625,0.1875,0.5,0.0,0.0,0.0,0.0,0.0,0.0,0.0,0.0,0.0,0.0,0.125,0.0,0.0,0.0,0.5,0.1875,0.375,0.0625,0.0,0.3125,0.0,0.0,0.0,0.0,0.0
ALL_028_CSP_HT2_S052,0.8125,0.4375,0.625,0.0,0.0,0.0,0.0,0.0,0.0,0.0,0.0,0.0,0.0,0.0,0.0,0.0,0.0,0.5,0.125,0.0,0.1875,0.0,0.0,0.0,0.0,0.0,0.0,0.0
ALL_028_CSP_HT2_S053,1.0,0.3076923076923077,0.5384615384615384,0.0,0.0,0.0,0.0,0.0,0.4166666666666667,0.0,0.0,0.0,0.0,0.0,0.0,0.0,0.0,0.6923076923076923,0.23076923076923078,0.3076923076923077,0.0,0.23076923076923078,0.07692307692307693,0.15384615384615385,0.23076923076923078,0.0,0.46153846153846156,0.3076923076923077
ALL_028_CSP_HT2_S054,0.7857142857142857,0.4666666666666667,0.4666666666666667,0.0,0.0,0.0,0.0,0.0,0.07142857142857142,0.0,0.0,0.0,0.0,0.0,0.0,0.13333333333333333,0.0,0.6,0.0,0.0,0.13333333333333333,0.0,0.13333333333333333,0.06666666666666667,0.0,0.0,0.26666666666666666,0.2
ALL_028_CSP_HT2_S055,0.5,0.11764705882352941,0.6470588235294118,0.0,0.0,0.0,0.0,0.0,0.125,0.17647058823529413,0.0,0.0,0.0,0.0,0.0,0.0,0.0,0.5294117647058824,0.0,0.0,0.0,0.0,0.0,0.0,0.0,0.0,0.0,0.0
ALL_028_CSP_HT2_S056,0.7777777777777778,0.3888888888888889,0.4444444444444444,0.05555555555555555,0.0,0.0,0.0,0.1111111111111111,0.2777777777777778,0.05555555555555555,0.05555555555555555,0.0,0.0,0.05555555555555555,0.0,0.0,0.05555555555555555,0.16666666666666666,0.0,0.2777777777777778,0.05555555555555555,0.0,0.2777777777777778,0.0,0.05555555555555555,0.05555555555555555,0.2777777777777778,0.05555555555555555
ALL_028_CSP_HT2_S057,0.7058823529411765,0.0,0.7647058823529411,0.11764705882352941,0.0,0.0,0.0,0.11764705882352941,0.058823529411764705,0.17647058823529413,0.0,0.11764705882352941,0.0,0.11764705882352941,0.0,0.0,0.0,0.35294117647058826,0.23529411764705882,0.11764705882352941,0.11764705882352941,0.0,0.0,0.058823529411764705,0.11764705882352941,0.0,0.11764705882352941,0.058823529411764705
ALL_028_CSP_HT2_S058,0.7058823529411765,0.29411764705882354,0.5294117647058824,0.17647058823529413,0.0,0.0,0.17647058823529413,0.0,0.23529411764705882,0.17647058823529413,0.0,0.17647058823529413,0.0,0.0,0.17647058823529413,0.4117647058823529,0.0,0.058823529411764705,0.058823529411764705,0.11764705882352941,0.17647058823529413,0.17647058823529413,0.17647058823529413,0.058823529411764705,0.29411764705882354,0.11764705882352941,0.29411764705882354,0.17647058823529413
ALL_028_CSP_HT2_S059,0.8571428571428571,0.0,0.5333333333333333,0.0,0.0,0.0,0.0,0.0,0.0,0.0,0.0,0.0,0.0,0.0,0.0,0.0,0.0,0.0,0.0,0.0,0.0,0.0,0.0,0.0,0.0,0.0,0.06666666666666667,0.0
ALL_028_CSP_HT2_S060,0.3333333333333333,0.06666666666666667,0.4666666666666667,0.0,0.0,0.0,0.0,0.0,0.0,0.0,0.0,0.0,0.0,0.0,0.0,0.0,0.0,0.0,0.0,0.0,0.0,0.0,0.0,0.0,0.0,0.0,0.0,0.0
ALL_040_CTW_HT2_S046,0.26666666666666666,0.1875,0.3125,0.0625,0.0625,0.0,0.0625,0.0625,0.13333333333333333,0.0625,0.0625,0.0625,0.0625,0.0625,0.0,0.0625,0.0625,0.0625,0.0625,0.0625,0.0625,0.0625,0.0625,0.125,0.0625,0.0625,0.0625,0.0625
ALL_040_CTW_HT2_S047,0.6428571428571429,0.14285714285714285,0.5714285714285714,0.0,0.0,0.0,0.0,0.0,0.07142857142857142,0.0,0.0,0.7142857142857143,0.0,0.0,0.0,0.0,0.0,0.35714285714285715,0.07142857142857142,0.0,0.0,0.0,0.0,0.0,0.0,0.0,0.0,0.0
ALL_040_CTW_HT2_S048,0.8888888888888888,0.3684210526315789,0.47368421052631576,0.05263157894736842,0.05263157894736842,0.15789473684210525,0.05263157894736842,0.05263157894736842,0.2222222222222222,0.2631578947368421,0.10526315789473684,0.10526315789473684,0.05263157894736842,0.15789473684210525,0.0,0.0,0.0,0.0,0.21052631578947367,0.05263157894736842,0.05263157894736842,0.10526315789473684,0.2631578947368421,0.2631578947368421,0.10526315789473684,0.10526315789473684,0.21052631578947367,0.21052631578947367
ALL_040_CTW_HT2_S049,0.75,0.375,0.375,0.375,0.0,0.0,0.1875,0.375,0.1875,0.125,0.0,0.3125,0.0,0.125,0.0,0.1875,0.25,0.0,0.375,0.125,0.0,0.0,0.0625,0.25,0.25,0.125,0.3125,0.1875
ALL_040_CTW_HT2_S050,0.4375,0.11764705882352941,0.35294117647058826,0.11764705882352941,0.0,0.0,0.0,0.11764705882352941,0.1875,0.0,0.058823529411764705,0.0,0.0,0.0,0.0,0.0,0.0,0.35294117647058826,0.11764705882352941,0.11764705882352941,0.0,0.058823529411764705,0.17647058823529413,0.058823529411764705,0.11764705882352941,0.058823529411764705,0.058823529411764705,0.0
ALL_040_CTW_HT2_S051,0.5625,0.125,0.4375,0.0,0.0,0.0,0.0,0.0,0.0625,0.0,0.0,0.0,0.0,0.125,0.0,0.0,0.0,0.3125,0.3125,0.0,0.25,0.0,0.125,0.25,0.0,0.0,0.0625,0.0625
ALL_040_CTW_HT2_S052,0.3125,0.0,0.375,0.0,0.0,0.0,0.0,0.0,0.0625,0.0,0.0,0.0,0.0,0.0,0.0,0.0,0.0,0.0,0.0625,0.0,0.0,0.0,0.0,0.0,0.0,0.0,0.125,0.0625
ALL_040_CTW_HT2_S053,0.9166666666666666,0.07692307692307693,0.46153846153846156,0.0,0.0,0.0,0.0,0.0,0.16666666666666666,0.0,0.0,0.0,0.0,0.0,0.0,0.0,0.0,0.15384615384615385,0.0,0.0,0.0,0.0,0.0,0.0,0.0,0.0,0.23076923076923078,0.0
ALL_040_CTW_HT2_S054,0.6428571428571429,0.06666666666666667,0.4666666666666667,0.06666666666666667,0.0,0.0,0.0,0.0,0.14285714285714285,0.0,0.0,0.0,0.0,0.0,0.0,0.0,0.0,0.4,0.0,0.06666666666666667,0.06666666666666667,0.0,0.0,0.0,0.0,0.0,0.13333333333333333,0.0
ALL_040_CTW_HT2_S055,0.4375,0.11764705882352941,0.47058823529411764,0.0,0.0,0.0,0.0,0.0,0.1875,0.0,0.0,0.7058823529411765,0.0,0.0,0.0,0.0,0.0,0.7058823529411765,0.0,0.0,0.0,0.0,0.0,0.0,0.0,0.0,0.0,0.0
ALL_040_CTW_HT2_S056,0.8888888888888888,0.0,0.4444444444444444,0.0,0.0,0.0,0.0,0.0,0.0,0.0,0.0,0.0,0.0,0.0,0.0,0.0,0.0,0.0,0.0,0.0,0.0,0.0,0.0,0.0,0.05555555555555555,0.0,0.0,0.0
ALL_040_CTW_HT2_S057,0.47058823529411764,0.0,0.7058823529411765,0.0,0.0,0.0,0.0,0.0,0.0,0.0,0.0,0.0,0.0,0.0,0.0,0.0,0.0,0.23529411764705882,0.0,0.0,0.17647058823529413,0.0,0.0,0.0,0.0,0.0,0.0,0.0
ALL_040_CTW_HT2_S058,0.5882352941176471,0.11764705882352941,0.5882352941176471,0.17647058823529413,0.0,0.0,0.0,0.29411764705882354,0.35294117647058826,0.17647058823529413,0.0,0.23529411764705882,0.0,0.0,0.0,0.35294117647058826,0.35294117647058826,0.0,0.47058823529411764,0.29411764705882354,0.0,0.17647058823529413,0.29411764705882354,0.23529411764705882,0.35294117647058826,0.058823529411764705,0.17647058823529413,0.17647058823529413
ALL_040_CTW_HT2_S059,0.7857142857142857,0.0,0.4666666666666667,0.0,0.0,0.0,0.0,0.0,0.07142857142857142,0.0,0.0,0.0,0.0,0.0,0.13333333333333333,0.0,0.0,0.0,0.0,0.0,0.0,0.0,0.0,0.0,0.0,0.0,0.0,0.0
ALL_040_CTW_HT2_S060,0.9333333333333333,0.2,0.4,0.0,0.2,0.0,0.0,0.0,0.06666666666666667,0.13333333333333333,0.0,0.3333333333333333,0.2,0.26666666666666666,0.0,0.0,0.0,0.7333333333333333,0.4,0.13333333333333333,0.13333333333333333,0.0,0.06666666666666667,0.2,0.13333333333333333,0.06666666666666667,0.2,0.26666666666666666
ALL_046_FAR_HT2_S046,0.4,0.0625,0.25,0.0625,0.0625,0.0625,0.0625,0.0625,0.06666666666666667,0.1875,0.0625,0.0625,0.0625,0.0625,0.0,0.0625,0.0625,0.1875,0.0625,0.0625,0.0625,0.0625,0.0625,0.0625,0.125,0.0625,0.125,0.125
ALL_046_FAR_HT2_S047,0.6428571428571429,0.5714285714285714,0.5,0.0,0.0,0.0,0.0,0.14285714285714285,0.21428571428571427,0.0,0.07142857142857142,0.0,0.14285714285714285,0.14285714285714285,0.0,0.0,0.14285714285714285,0.35714285714285715,0.5714285714285714,0.35714285714285715,0.0,0.0,0.07142857142857142,0.07142857142857142,0.21428571428571427,0.0,0.07142857142857142,0.0
ALL_046_FAR_HT2_S048,0.5555555555555556,0.42105263157894735,0.5263157894736842,0.05263157894736842,0.05263157894736842,0.15789473684210525,0.05263157894736842,0.05263157894736842,0.16666666666666666,0.10526315789473684,0.05263157894736842,0.15789473684210525,0.05263157894736842,0.15789473684210525,0.10526315789473684,0.5789473684210527,0.21052631578947367,0.15789473684210525,0.10526315789473684,0.21052631578947367,0.05263157894736842,0.15789473684210525,0.21052631578947367,0.15789473684210525,0.21052631578947367,0.21052631578947367,0.15789473684210525,0.21052631578947367
ALL_046_FAR_HT2_S049,0.9375,0.3125,0.375,0.0,0.0,0.0,0.0,0.0,0.1875,0.0,0.0,0.0,0.0,0.0,0.0,0.0,0.0,0.3125,0.0,0.0,0.0,0.1875,0.125,0.0,0.3125,0.125,0.1875,0.0
ALL_046_FAR_HT2_S050,0.5625,0.11764705882352941,0.35294117647058826,0.11764705882352941,0.11764705882352941,0.11764705882352941,0.11764705882352941,0.11764705882352941,0.25,0.11764705882352941,0.11764705882352941,0.11764705882352941,0.0,0.11764705882352941,0.11764705882352941,0.11764705882352941,0.11764705882352941,0.0,0.11764705882352941,0.11764705882352941,0.11764705882352941,0.11764705882352941,0.17647058823529413,0.17647058823529413,0.058823529411764705,0.11764705882352941,0.11764705882352941,0.11764705882352941
ALL_046_FAR_HT2_S051,0.625,0.0,0.25,0.0,0.0,0.0,0.0,0.0,0.125,0.0,0.0,0.0,0.0,0.0,0.0,0.0,0.0,0.5,0.375,0.0,0.125,0.0,0.0,0.0,0.0,0.0,0.1875,0.0
ALL_046_FAR_HT2_S052,0.9375,0.0,0.625,0.0,0.0,0.0,0.0,0.0,0.125,0.125,0.125,0.0,0.0,0.0,0.0,0.0,0.0,0.1875,0.0,0.0,0.375,0.0,0.0,0.0625,0.25,0.0,0.1875,0.0625
ALL_046_FAR_HT2_S053,0.9166666666666666,0.8461538461538461,0.46153846153846156,0.0,0.0,0.0,0.0,0.0,0.25,0.0,0.0,0.0,0.0,0.07692307692307693,0.0,0.0,0.0,0.0,0.0,0.0,0.0,0.07692307692307693,0.0,0.0,0.3076923076923077,0.0,0.23076923076923078,0.23076923076923078
ALL_046_FAR_HT2_S054,0.7857142857142857,0.13333333333333333,0.6,0.0,0.0,0.0,0.0,0.13333333333333333,0.07142857142857142,0.0,0.13333333333333333,0.0,0.0,0.0,0.0,0.0,0.0,0.13333333333333333,0.0,0.13333333333333333,0.4,0.0,0.0,0.2,0.26666666666666666,0.0,0.13333333333333333,0.2
ALL_046_FAR_HT2_S055,0.5,0.0,0.6470588235294118,0.0,0.0,0.0,0.0,0.0,0.125,0.0,0.0,0.0,0.0,0.0,0.0,0.0,0.0,0.29411764705882354,0.0,0.0,0.11764705882352941,0.0,0.0,0.0,0.11764705882352941,0.0,0.058823529411764705,0.0
ALL_046_FAR_HT2_S056,0.5555555555555556,0.0,0.5,0.0,0.0,0.0,0.0,0.0,0.05555555555555555,0.0,0.0,0.0,0.0,0.0,0.0,0.0,0.0,0.1111111111111111,0.0,0.16666666666666666,0.0,0.0,0.0,0.0,0.0,0.0,0.05555555555555555,0.0
ALL_046_FAR_HT2_S057,0.47058823529411764,0.11764705882352941,0.47058823529411764,0.0,0.0,0.0,0.0,0.0,0.0,0.0,0.0,0.11764705882352941,0.0,0.0,0.0,0.0,0.0,0.47058823529411764,0.35294117647058826,0.23529411764705882,0.11764705882352941,0.0,0.23529411764705882,0.0,0.0,0.0,0.0,0.058823529411764705
ALL_046_FAR_HT2_S058,0.7647058823529411,0.29411764705882354,0.5294117647058824,0.058823529411764705,0.058823529411764705,0.058823529411764705,0.058823529411764705,0.058823529411764705,0.4117647058823529,0.058823529411764705,0.058823529411764705,0.058823529411764705,0.058823529411764705,0.058823529411764705,0.058823529411764705,0.058823529411764705,0.058823529411764705,0.058823529411764705,0.35294117647058826,0.4117647058823529,0.058823529411764705,0.058823529411764705,0.058823529411764705,0.058823529411764705,0.23529411764705882,0.058823529411764705,0.35294117647058826,0.058823529411764705
ALL_046_FAR_HT2_S059,0.42857142857142855,0.0,0.3333333333333333,0.0,0.0,0.0,0.0,0.0,0.07142857142857142,0.0,0.0,0.0,0.0,0.26666666666666666,0.2,0.0,0.0,0.0,0.0,0.0,0.0,0.0,0.0,0.0,0.06666666666666667,0.0,0.06666666666666667,0.0
ALL_046_FAR_HT2_S060,0.9333333333333333,0.06666666666666667,0.3333333333333333,0.0,0.0,0.0,0.0,0.0,0.0,0.0,0.0,0.0,0.0,0.0,0.0,0.0,0.0,0.0,0.0,0.0,0.0,0.0,0.0,0.0,0.06666666666666667,0.0,0.0,0.0
ALL_047_FAR_HT2_S046,0.4,0.25,0.375,0.0625,0.0625,0.0,0.0625,0.0625,0.06666666666666667,0.125,0.0625,0.0625,0.0625,0.0625,0.0,0.0625,0.0625,0.0625,0.0625,0.0625,0.0625,0.125,0.0625,0.0,0.125,0.0625,0.0625,0.125
ALL_047_FAR_HT2_S047,0.5,0.21428571428571427,0.5714285714285714,0.0,0.0,0.0,0.21428571428571427,0.21428571428571427,0.2857142857142857,0.0,0.21428571428571427,0.0,0.0,0.07142857142857142,0.0,0.0,0.07142857142857142,0.2857142857142857,0.0,0.21428571428571427,0.0,0.0,0.21428571428571427,0.0,0.0,0.21428571428571427,0.21428571428571427,0.0
ALL_047_FAR_HT2_S048,0.7222222222222222,0.47368421052631576,0.631578947368421,0.0,0.0,0.0,0.0,0.0,0.05555555555555555,0.0,0.0,0.0,0.0,0.0,0.0,0.15789473684210525,0.0,0.0,0.0,0.0,0.0,0.0,0.0,0.05263157894736842,0.0,0.0,0.10526315789473684,0.0
ALL_047_FAR_HT2_S049,0.75,0.0625,0.5,0.0,0.0,0.0,0.0,0.0,0.0625,0.0,0.0,0.0,0.0,0.0,0.0,0.0,0.0,0.0,0.0,0.0,0.0,0.0,0.0,0.0,0.125,0.0,0.125,0.0
ALL_047_FAR_HT2_S050,0.625,0.11764705882352941,0.4117647058823529,0.0,0.0,0.0,0.0,0.0,0.1875,0.0,0.058823529411764705,0.0,0.0,0.058823529411764705,0.0,0.17647058823529413,0.0,0.4117647058823529,0.0,0.0,0.0,0.17647058823529413,0.058823529411764705,0.11764705882352941,0.058823529411764705,0.0,0.058823529411764705,0.0
ALL_047_FAR_HT2_S051,0.625,0.25,0.4375,0.0,0.0,0.0,0.0,0.0,0.0625,0.0,0.25,0.0,0.0,0.125,0.0,0.0,0.0,0.4375,0.4375,0.3125,0.1875,0.0,0.125,0.125,0.125,0.0625,0.1875,0.25
ALL_047_FAR_HT2_S052,0.3125,0.0,0.375,0.0,0.0,0.0,0.0,0.0,0.0,0.0,0.0,0.0,0.0,0.0,0.0,0.0,0.0,0.0,0.0,0.0,0.0,0.0,0.0,0.0,0.0,0.0,0.0,0.0
ALL_047_FAR_HT2_S053,0.8333333333333334,0.15384615384615385,0.46153846153846156,0.0,0.0,0.0,0.0,0.0,0.08333333333333333,0.15384615384615385,0.0,0.0,0.0,0.0,0.0,0.0,0.0,0.15384615384615385,0.3076923076923077,0.0,0.07692307692307693,0.0,0.0,0.0,0.15384615384615385,0.0,0.23076923076923078,0.3076923076923077
ALL_047_FAR_HT2_S054,0.7857142857142857,0.6,0.5333333333333333,0.13333333333333333,0.06666666666666667,0.0,0.13333333333333333,0.3333333333333333,0.2857142857142857,0.06666666666666667,0.26666666666666666,0.2,0.06666666666666667,0.06666666666666667,0.13333333333333333,0.13333333333333333,0.06666666666666667,0.4,0.4666666666666667,0.3333333333333333,0.4666666666666667,0.13333333333333333,0.06666666666666667,0.13333333333333333,0.4,0.06666666666666667,0.13333333333333333,0.26666666666666666
ALL_047_FAR_HT2_S055,0.6875,0.0,0.7058823529411765,0.0,0.0,0.0,0.0,0.0,0.1875,0.0,0.0,0.0,0.0,0.0,0.0,0.0,0.0,0.058823529411764705,0.0,0.0,0.058823529411764705,0.0,0.0,0.0,0.0,0.0,0.0,0.0
ALL_047_FAR_HT2_S056,0.7777777777777778,0.2222222222222222,0.4444444444444444,0.16666666666666666,0.0,0.05555555555555555,0.16666666666666666,0.05555555555555555,0.05555555555555555,0.05555555555555555,0.0,0.05555555555555555,0.0,0.0,0.0,0.0,0.1111111111111111,0.0,0.05555555555555555,0.16666666666666666,0.0,0.2222222222222222,0.1111111111111111,0.0,0.16666666666666666,0.05555555555555555,0.1111111111111111,0.05555555555555555
ALL_047_FAR_HT2_S057,0.23529411764705882,0.0,0.5882352941176471,0.0,0.0,0.0,0.0,0.0,0.0,0.0,0.0,0.0,0.0,0.0,0.0,0.0,0.0,0.11764705882352941,0.0,0.0,0.17647058823529413,0.0,0.0,0.0,0.0,0.0,0.0,0.0
ALL_047_FAR_HT2_S058,0.6470588235294118,0.0,0.23529411764705882,0.0,0.0,0.0,0.0,0.0,0.17647058823529413,0.0,0.0,0.0,0.0,0.0,0.0,0.23529411764705882,0.0,0.0,0.0,0.0,0.0,0.0,0.0,0.11764705882352941,0.0,0.0,0.058823529411764705,0.11764705882352941
ALL_047_FAR_HT2_S059,0.5,0.0,0.4666666666666667,0.0,0.0,0.0,0.0,0.0,0.07142857142857142,0.0,0.0,0.0,0.0,0.0,0.0,0.0,0.0,0.0,0.0,0.0,0.0,0.0,0.0,0.0,0.06666666666666667,0.0,0.0,0.0
ALL_047_FAR_HT2_S060,0.4666666666666667,0.13333333333333333,0.4666666666666667,0.13333333333333333,0.13333333333333333,0.0,0.13333333333333333,0.13333333333333333,0.0,0.0,0.0,0.0,0.13333333333333333,0.0,0.0,0.0,0.13333333333333333,0.0,0.13333333333333333,0.13333333333333333,0.0,0.0,0.0,0.0,0.0,0.0,0.13333333333333333,0.13333333333333333
ALL_143_FAR_HT2_S046,0.6,0.1875,0.625,0.0625,0.0625,0.0625,0.0625,0.0625,0.13333333333333333,0.25,0.0625,0.0625,0.0,0.0625,0.1875,0.0625,0.0625,0.375,0.0625,0.0625,0.0625,0.125,0.0625,0.0625,0.0625,0.0625,0.1875,0.125
ALL_143_FAR_HT2_S047,0.5714285714285714,0.5,0.5714285714285714,0.0,0.0,0.0,0.0,0.07142857142857142,0.2857142857142857,0.0,0.21428571428571427,0.0,0.0,0.14285714285714285,0.14285714285714285,0.0,0.0,0.0,0.07142857142857142,0.07142857142857142,0.0,0.0,0.0,0.0,0.07142857142857142,0.0,0.0,0.07142857142857142
ALL_143_FAR_HT2_S048,0.5,0.15789473684210525,0.5789473684210527,0.0,0.0,0.0,0.0,0.10526315789473684,0.05555555555555555,0.10526315789473684,0.10526315789473684,0.0,0.10526315789473684,0.0,0.0,0.0,0.0,0.15789473684210525,0.0,0.15789473684210525,0.0,0.0,0.0,0.10526315789473684,0.10526315789473684,0.0,0.15789473684210525,0.0
ALL_143_FAR_HT2_S049,0.6875,0.3125,0.5,0.0,0.0,0.0,0.0,0.0,0.0625,0.125,0.0,0.125,0.0,0.125,0.0,0.0,0.0,0.5,0.0,0.0,0.0,0.0,0.0,0.0,0.0,0.0,0.25,0.0
ALL_143_FAR_HT2_S050,0.4375,0.0,0.29411764705882354,0.0,0.0,0.0,0.0,0.0,0.125,0.058823529411764705,0.058823529411764705,0.0,0.0,0.0,0.0,0.17647058823529413,0.0,0.5294117647058824,0.17647058823529413,0.0,0.0,0.058823529411764705,0.058823529411764705,0.058823529411764705,0.058823529411764705,0.058823529411764705,0.058823529411764705,0.058823529411764705
ALL_143_FAR_HT2_S051,0.8125,0.375,0.5,0.5625,0.0,0.0625,0.0,0.0625,0.25,0.125,0.0625,0.4375,0.0,0.0625,0.0625,0.0,0.0625,0.6875,0.375,0.625,0.375,0.0625,0.0,0.0625,0.1875,0.0625,0.125,0.1875
ALL_143_FAR_HT2_S052,0.625,0.125,0.5,0.0,0.0,0.0,0.0,0.0,0.0,0.0,0.0,0.0,0.0,0.0,0.0,0.0,0.0,0.0625,0.0625,0.0,0.0,0.0,0.0,0.0625,0.125,0.0,0.0,0.0
ALL_143_FAR_HT2_S053,0.8333333333333334,0.0,0.46153846153846156,0.0,0.0,0.0,0.0,0.0,0.08333333333333333,0.0,0.0,0.0,0.0,0.0,0.0,0.0,0.0,0.0,0.0,0.0,0.0,0.0,0.0,0.0,0.15384615384615385,0.0,0.23076923076923078,0.0
ALL_143_FAR_HT2_S054,1.0,0.5333333333333333,0.6666666666666666,0.0,0.13333333333333333,0.0,0.13333333333333333,0.13333333333333333,0.42857142857142855,0.13333333333333333,0.0,0.0,0.0,0.0,0.0,0.0,0.0,0.26666666666666666,0.0,0.0,0.3333333333333333,0.2,0.06666666666666667,0.4,0.13333333333333333,0.0,0.3333333333333333,0.26666666666666666
ALL_143_FAR_HT2_S055,0.6875,0.17647058823529413,0.6470588235294118,0.0,0.0,0.0,0.11764705882352941,0.11764705882352941,0.125,0.0,0.11764705882352941,0.11764705882352941,0.0,0.11764705882352941,0.0,0.0,0.0,0.47058823529411764,0.0,0.0,0.23529411764705882,0.0,0.11764705882352941,0.11764705882352941,0.35294117647058826,0.11764705882352941,0.11764705882352941,0.11764705882352941
ALL_143_FAR_HT2_S056,0.8333333333333334,0.05555555555555555,0.3888888888888889,0.0,0.0,0.0,0.0,0.0,0.0,0.0,0.0,0.0,0.0,0.0,0.0,0.0,0.0,0.0,0.1111111111111111,0.0,0.0,0.0,0.0,0.0,0.0,0.0,0.2222222222222222,0.0
ALL_143_FAR_HT2_S057,0.4117647058823529,0.17647058823529413,0.7647058823529411,0.0,0.0,0.0,0.23529411764705882,0.29411764705882354,0.058823529411764705,0.058823529411764705,0.058823529411764705,0.11764705882352941,0.0,0.11764705882352941,0.0,0.0,0.11764705882352941,0.35294117647058826,0.058823529411764705,0.29411764705882354,0.17647058823529413,0.058823529411764705,0.17647058823529413,0.058823529411764705,0.0,0.11764705882352941,0.058823529411764705,0.058823529411764705
ALL_143_FAR_HT2_S058,0.5882352941176471,0.11764705882352941,0.47058823529411764,0.17647058823529413,0.0,0.0,0.0,0.11764705882352941,0.11764705882352941,0.0,0.0,0.17647058823529413,0.0,0.0,0.0,0.17647058823529413,0.17647058823529413,0.058823529411764705,0.17647058823529413,0.17647058823529413,0.0,0.0,0.0,0.0,0.0,0.0,0.0,0.0
ALL_143_FAR_HT2_S059,0.7857142857142857,0.2,0.5333333333333333,0.13333333333333333,0.13333333333333333,0.13333333333333333,0.13333333333333333,0.13333333333333333,0.21428571428571427,0.13333333333333333,0.13333333333333333,0.13333333333333333,0.13333333333333333,0.13333333333333333,0.13333333333333333,0.13333333333333333,0.13333333333333333,0.5333333333333333,0.13333333333333333,0.13333333333333333,0.13333333333333333,0.13333333333333333,0.13333333333333333,0.13333333333333333,0.13333333333333333,0.13333333333333333,0.26666666666666666,0.13333333333333333
ALL_143_FAR_HT2_S060,0.6,0.13333333333333333,0.5333333333333333,0.0,0.0,0.0,0.0,0.0,0.0,0.13333333333333333,0.0,0.0,0.0,0.0,0.13333333333333333,0.0,0.0,0.0,0.0,0.0,0.0,0.0,0.0,0.0,0.13333333333333333,0.0,0.0,0.0
ALL_044_FRA_HT2_S046,0.26666666666666666,0.125,0.375,0.125,0.0625,0.0625,0.125,0.0625,0.13333333333333333,0.125,0.0625,0.125,0.0625,0.0625,0.125,0.0625,0.0625,0.1875,0.0625,0.125,0.0625,0.125,0.125,0.125,0.125,0.125,0.125,0.0625
ALL_044_FRA_HT2_S047,0.5,0.42857142857142855,0.42857142857142855,0.0,0.07142857142857142,0.0,0.07142857142857142,0.07142857142857142,0.2857142857142857,0.0,0.14285714285714285,0.35714285714285715,0.0,0.14285714285714285,0.21428571428571427,0.6428571428571429,0.0,0.6428571428571429,0.42857142857142855,0.0,0.2857142857142857,0.0,0.2857142857142857,0.14285714285714285,0.2857142857142857,0.0,0.07142857142857142,0.14285714285714285
ALL_044_FRA_HT2_S048,0.5555555555555556,0.15789473684210525,0.631578947368421,0.05263157894736842,0.0,0.0,0.05263157894736842,0.05263157894736842,0.2222222222222222,0.05263157894736842,0.05263157894736842,0.3684210526315789,0.0,0.05263157894736842,0.0,0.42105263157894735,0.05263157894736842,0.21052631578947367,0.05263157894736842,0.05263157894736842,0.05263157894736842,0.15789473684210525,0.10526315789473684,0.10526315789473684,0.05263157894736842,0.05263157894736842,0.0,0.15789473684210525
ALL_044_FRA_HT2_S049,0.625,0.1875,0.5,0.125,0.125,0.1875,0.125,0.0,0.25,0.3125,0.125,0.3125,0.1875,0.125,0.125,0.125,0.0,0.125,0.1875,0.1875,0.0,0.3125,0.1875,0.25,0.3125,0.1875,0.375,0.1875
ALL_044_FRA_HT2_S050,0.6875,0.35294117647058826,0.5882352941176471,0.11764705882352941,0.0,0.0,0.0,0.11764705882352941,0.1875,0.11764705882352941,0.11764705882352941,0.11764705882352941,0.0,0.11764705882352941,0.11764705882352941,0.7058823529411765,0.11764705882352941,0.0,0.11764705882352941,0.11764705882352941,0.11764705882352941,0.23529411764705882,0.23529411764705882,0.17647058823529413,0.17647058823529413,0.11764705882352941,0.23529411764705882,0.11764705882352941
ALL_044_FRA_HT2_S051,0.625,0.0625,0.375,0.0,0.0,0.0,0.0,0.0,0.0,0.0,0.0625,0.0,0.0,0.0,0.0,0.0,0.0,0.3125,0.3125,0.25,0.1875,0.0,0.125,0.0,0.125,0.0,0.0,0.0
ALL_044_FRA_HT2_S052,0.75,0.25,0.625,0.3125,0.0,0.0,0.0,0.3125,0.125,0.0,0.0625,0.0,0.0625,0.0,0.0,0.125,0.3125,0.5,0.3125,0.1875,0.0,0.1875,0.0,0.0625,0.125,0.0,0.125,0.125
ALL_044_FRA_HT2_S053,0.8333333333333334,0.46153846153846156,0.6153846153846154,0.23076923076923078,0.0,0.0,0.0,0.0,0.08333333333333333,0.0,0.0,0.23076923076923078,0.0,0.0,0.0,0.0,0.0,0.3076923076923077,0.0,0.0,0.0,0.0,0.3076923076923077,0.0,0.0,0.0,0.0,0.0
ALL_044_FRA_HT2_S054,0.7142857142857143,0.4666666666666667,0.8,0.06666666666666667,0.06666666666666667,0.0,0.06666666666666667,0.06666666666666667,0.07142857142857142,0.06666666666666667,0.13333333333333333,0.06666666666666667,0.06666666666666667,0.06666666666666667,0.2,0.0,0.06666666666666667,0.4666666666666667,0.06666666666666667,0.06666666666666667,0.2,0.06666666666666667,0.06666666666666667,0.06666666666666667,0.06666666666666667,0.06666666666666667,0.2,0.06666666666666667
ALL_044_FRA_HT2_S055,0.625,0.058823529411764705,0.5882352941176471,0.0,0.0,0.0,0.0,0.0,0.1875,0.0,0.0,0.0,0.0,0.0,0.0,0.0,0.0,0.29411764705882354,0.0,0.0,0.17647058823529413,0.0,0.0,0.0,0.0,0.0,0.0,0.0
ALL_044_FRA_HT2_S056,0.8888888888888888,0.0,0.7222222222222222,0.0,0.0,0.0,0.0,0.0,0.0,0.0,0.0,0.0,0.0,0.0,0.0,0.0,0.0,0.16666666666666666,0.0,0.0,0.0,0.0,0.0,0.0,0.0,0.0,0.0,0.0
ALL_044_FRA_HT2_S057,0.5294117647058824,0.11764705882352941,0.6470588235294118,0.058823529411764705,0.058823529411764705,0.058823529411764705,0.058823529411764705,0.058823529411764705,0.058823529411764705,0.0,0.058823529411764705,0.058823529411764705,0.0,0.058823529411764705,0.17647058823529413,0.058823529411764705,0.058823529411764705,0.5294117647058824,0.11764705882352941,0.058823529411764705,0.17647058823529413,0.058823529411764705,0.058823529411764705,0.11764705882352941,0.058823529411764705,0.0,0.058823529411764705,0.11764705882352941
ALL_044_FRA_HT2_S058,0.5294117647058824,0.35294117647058826,0.5294117647058824,0.0,0.0,0.0,0.0,0.0,0.17647058823529413,0.0,0.0,0.0,0.0,0.0,0.0,0.0,0.0,0.5294117647058824,0.0,0.0,0.0,0.0,0.0,0.0,0.17647058823529413,0.0,0.0,0.0
ALL_044_FRA_HT2_S059,0.7857142857142857,0.0,0.4666666666666667,0.0,0.0,0.0,0.0,0.0,0.07142857142857142,0.0,0.0,0.26666666666666666,0.0,0.0,0.0,0.0,0.0,0.0,0.0,0.0,0.0,0.0,0.06666666666666667,0.0,0.0,0.0,0.06666666666666667,0.0
ALL_044_FRA_HT2_S060,0.4,0.13333333333333333,0.4666666666666667,0.0,0.0,0.0,0.0,0.0,0.0,0.06666666666666667,0.0,0.0,0.0,0.0,0.0,0.0,0.0,0.6666666666666666,0.0,0.13333333333333333,0.0,0.0,0.0,0.0,0.06666666666666667,0.0,0.0,0.0
ALL_001_GER_HT2_S046,0.3333333333333333,0.1875,0.25,0.0625,0.0625,0.0625,0.0625,0.0625,0.13333333333333333,0.0625,0.0625,0.0625,0.0625,0.0625,0.0,0.0625,0.0625,0.0625,0.0625,0.0625,0.0625,0.0625,0.0625,0.125,0.0625,0.0625,0.125,0.125
ALL_001_GER_HT2_S047,0.5,0.35714285714285715,0.2857142857142857,0.0,0.0,0.0,0.0,0.0,0.0,0.0,0.0,0.0,0.0,0.0,0.0,0.0,0.0,0.35714285714285715,0.14285714285714285,0.0,0.0,0.0,0.0,0.0,0.0,0.0,0.0,0.0
ALL_001_GER_HT2_S048,0.6666666666666666,0.3157894736842105,0.5263157894736842,0.10526315789473684,0.10526315789473684,0.10526315789473684,0.10526315789473684,0.10526315789473684,0.1111111111111111,0.0,0.0,0.0,0.15789473684210525,0.05263157894736842,0.10526315789473684,0.15789473684210525,0.10526315789473684,0.21052631578947367,0.10526315789473684,0.10526315789473684,0.21052631578947367,0.0,0.10526315789473684,0.10526315789473684,0.10526315789473684,0.0,0.2631578947368421,0.21052631578947367
ALL_001_GER_HT2_S049,0.875,0.1875,0.5,0.0,0.0,0.0,0.0,0.0,0.0,0.0,0.0,0.0,0.0,0.0,0.0,0.0,0.0,0.4375,0.0,0.0,0.0,0.0,0.0,0.0,0.0,0.0,0.0,0.0
ALL_001_GER_HT2_S050,0.8125,0.0,0.35294117647058826,0.0,0.0,0.0,0.0,0.0,0.125,0.0,0.0,0.0,0.0,0.11764705882352941,0.0,0.0,0.0,0.11764705882352941,0.0,0.0,0.0,0.0,0.058823529411764705,0.11764705882352941,0.058823529411764705,0.0,0.058823529411764705,0.0
ALL_001_GER_HT2_S051,0.625,0.0625,0.6875,0.0,0.0,0.0,0.0,0.0,0.0625,0.0,0.0,0.0,0.0,0.0,0.0,0.0,0.0,0.5625,0.3125,0.25,0.0,0.0,0.0,0.0,0.0625,0.0,0.0,0.0
ALL_001_GER_HT2_S052,0.4375,0.0,0.25,0.0,0.0,0.125,0.1875,0.125,0.0,0.0,0.125,0.125,0.0,0.0,0.0,0.125,0.0,0.5625,0.0,0.0,0.0,0.0,0.0,0.0625,0.25,0.0,0.0,0.0
ALL_001_GER_HT2_S053,0.9166666666666666,0.07692307692307693,0.3076923076923077,0.0,0.0,0.0,0.0,0.0,0.08333333333333333,0.0,0.0,0.0,0.0,0.0,0.0,0.0,0.0,0.0,0.0,0.0,0.07692307692307693,0.07692307692307693,0.0,0.23076923076923078,0.6153846153846154,0.0,0.15384615384615385,0.0
ALL_001_GER_HT2_S054,0.7142857142857143,0.4666666666666667,0.7333333333333333,0.0,0.0,0.0,0.0,0.0,0.14285714285714285,0.06666666666666667,0.0,0.13333333333333333,0.0,0.0,0.06666666666666667,0.0,0.0,0.4,0.0,0.0,0.2,0.13333333333333333,0.06666666666666667,0.2,0.2,0.06666666666666667,0.2,0.06666666666666667
ALL_001_GER_HT2_S055,0.6875,0.17647058823529413,0.6470588235294118,0.0,0.0,0.0,0.0,0.0,0.1875,0.0,0.0,0.0,0.0,0.0,0.0,0.0,0.0,0.23529411764705882,0.0,0.0,0.11764705882352941,0.0,0.058823529411764705,0.0,0.17647058823529413,0.0,0.058823529411764705,0.0
ALL_001_GER_HT2_S056,0.9444444444444444,0.0,0.4444444444444444,0.0,0.0,0.0,0.0,0.0,0.0,0.0,0.0,0.5,0.0,0.0,0.0,0.0,0.0,0.4444444444444444,0.0,0.0,0.0,0.0,0.0,0.0,0.0,0.0,0.05555555555555555,0.0
ALL_001_GER_HT2_S057,0.4117647058823529,0.11764705882352941,0.47058823529411764,0.11764705882352941,0.0,0.0,0.0,0.0,0.058823529411764705,0.0,0.0,0.23529411764705882,0.0,0.11764705882352941,0.058823529411764705,0.0,0.11764705882352941,0.11764705882352941,0.23529411764705882,0.0,0.11764705882352941,0.058823529411764705,0.0,0.0,0.0,0.0,0.0,0.0
ALL_001_GER_HT2_S058,0.7647058823529411,0.058823529411764705,0.4117647058823529,0.0,0.0,0.0,0.0,0.0,0.17647058823529413,0.11764705882352941,0.0,0.0,0.0,0.0,0.0,0.5882352941176471,0.0,0.11764705882352941,0.0,0.0,0.0,0.0,0.0,0.0,0.0,0.0,0.23529411764705882,0.0
ALL_001_GER_HT2_S059,0.8571428571428571,0.0,0.4,0.0,0.0,0.0,0.0,0.0,0.07142857142857142,0.0,0.0,0.0,0.0,0.26666666666666666,0.13333333333333333,0.13333333333333333,0.0,0.13333333333333333,0.0,0.0,0.0,0.0,0.0,0.0,0.0,0.0,0.13333333333333333,0.0
ALL_001_GER_HT2_S060,0.4,0.26666666666666666,0.4666666666666667,0.0,0.0,0.0,0.0,0.0,0.0,0.13333333333333333,0.0,0.0,0.0,0.0,0.0,0.0,0.0,0.13333333333333333,0.0,0.0,0.0,0.0,0.06666666666666667,0.06666666666666667,0.06666666666666667,0.0,0.06666666666666667,0.06666666666666667
ALL_098_GER_HT2_S046,0.4666666666666667,0.3125,0.4375,0.0625,0.0625,0.0625,0.0625,0.0625,0.13333333333333333,0.1875,0.0625,0.0625,0.0625,0.0625,0.0,0.0625,0.0625,0.1875,0.0625,0.0625,0.0625,0.0625,0.0625,0.125,0.1875,0.0625,0.125,0.125
ALL_098_GER_HT2_S047,0.6428571428571429,0.07142857142857142,0.6428571428571429,0.0,0.0,0.0,0.07142857142857142,0.07142857142857142,0.07142857142857142,0.0,0.21428571428571427,0.0,0.0,0.0,0.2857142857142857,0.8571428571428571,0.0,0.35714285714285715,0.42857142857142855,0.07142857142857142,0.0,0.0,0.0,0.07142857142857142,0.07142857142857142,0.0,0.07142857142857142,0.07142857142857142
ALL_098_GER_HT2_S048,0.7222222222222222,0.3684210526315789,0.6842105263157895,0.10526315789473684,0.21052631578947367,0.0,0.10526315789473684,0.0,0.2222222222222222,0.0,0.0,0.10526315789473684,0.21052631578947367,0.0,0.10526315789473684,0.3684210526315789,0.10526315789473684,0.3684210526315789,0.10526315789473684,0.15789473684210525,0.15789473684210525,0.05263157894736842,0.10526315789473684,0.10526315789473684,0.05263157894736842,0.05263157894736842,0.2631578947368421,0.2631578947368421
ALL_098_GER_HT2_S049,0.75,0.1875,0.4375,0.0,0.0,0.0,0.0,0.0,0.0,0.0,0.0,0.125,0.0,0.0,0.0,0.0,0.0,0.0,0.125,0.1875,0.0,0.0,0.0,0.0,0.125,0.0,0.0,0.0
ALL_098_GER_HT2_S050,0.625,0.23529411764705882,0.6470588235294118,0.0,0.0,0.0,0.058823529411764705,0.0,0.0625,0.0,0.0,0.058823529411764705,0.0,0.058823529411764705,0.0,0.0,0.0,0.35294117647058826,0.0,0.0,0.0,0.0,0.17647058823529413,0.058823529411764705,0.11764705882352941,0.058823529411764705,0.058823529411764705,0.0
ALL_098_GER_HT2_S051,0.5625,0.375,0.5,0.125,0.3125,0.125,0.1875,0.25,0.25,0.1875,0.1875,0.3125,0.1875,0.25,0.1875,0.6875,0.1875,0.3125,0.3125,0.25,0.1875,0.1875,0.1875,0.3125,0.1875,0.0,0.4375,0.1875
ALL_098_GER_HT2_S052,0.75,0.125,0.3125,0.0,0.0,0.0,0.0,0.0,0.0,0.1875,0.0,0.0,0.0,0.0,0.0,0.0,0.0,0.1875,0.125,0.0,0.0,0.0,0.0,0.0,0.125,0.0,0.125,0.0625
ALL_098_GER_HT2_S053,0.5,0.46153846153846156,0.46153846153846156,0.0,0.0,0.0,0.0,0.0,0.0,0.0,0.0,0.0,0.0,0.0,0.0,0.15384615384615385,0.0,0.0,0.3076923076923077,0.0,0.07692307692307693,0.0,0.0,0.0,0.23076923076923078,0.0,0.07692307692307693,0.0
ALL_098_GER_HT2_S054,1.0,0.13333333333333333,0.8666666666666667,0.0,0.0,0.0,0.0,0.0,0.0,0.0,0.0,0.0,0.0,0.0,0.0,0.0,0.0,0.0,0.0,0.0,0.0,0.0,0.0,0.0,0.0,0.0,0.0,0.0
ALL_098_GER_HT2_S055,0.375,0.0,0.6470588235294118,0.0,0.0,0.0,0.0,0.0,0.125,0.0,0.0,0.0,0.0,0.0,0.0,0.0,0.0,0.23529411764705882,0.0,0.0,0.058823529411764705,0.0,0.0,0.0,0.0,0.0,0.0,0.0
ALL_098_GER_HT2_S056,0.8888888888888888,0.0,0.5555555555555556,0.05555555555555555,0.05555555555555555,0.05555555555555555,0.05555555555555555,0.05555555555555555,0.1111111111111111,0.16666666666666666,0.0,0.05555555555555555,0.05555555555555555,0.0,0.05555555555555555,0.0,0.05555555555555555,0.16666666666666666,0.05555555555555555,0.05555555555555555,0.1111111111111111,0.05555555555555555,0.05555555555555555,0.05555555555555555,0.1111111111111111,0.05555555555555555,0.1111111111111111,0.05555555555555555
ALL_098_GER_HT2_S057,0.35294117647058826,0.0,0.35294117647058826,0.0,0.0,0.0,0.0,0.0,0.058823529411764705,0.0,0.17647058823529413,0.0,0.0,0.11764705882352941,0.0,0.0,0.0,0.35294117647058826,0.11764705882352941,0.11764705882352941,0.11764705882352941,0.0,0.058823529411764705,0.0,0.0,0.0,0.23529411764705882,0.0
ALL_098_GER_HT2_S058,0.4117647058823529,0.0,0.5294117647058824,0.0,0.0,0.0,0.0,0.0,0.17647058823529413,0.0,0.0,0.0,0.0,0.0,0.0,0.23529411764705882,0.0,0.0,0.11764705882352941,0.0,0.0,0.0,0.0,0.058823529411764705,0.058823529411764705,0.0,0.0,0.0
ALL_098_GER_HT2_S059,0.7142857142857143,0.0,0.6,0.0,0.0,0.13333333333333333,0.0,0.0,0.07142857142857142,0.13333333333333333,0.13333333333333333,0.0,0.0,0.13333333333333333,0.13333333333333333,0.13333333333333333,0.0,0.2,0.13333333333333333,0.0,0.13333333333333333,0.0,0.13333333333333333,0.0,0.26666666666666666,0.06666666666666667,0.13333333333333333,0.06666666666666667
ALL_098_GER_HT2_S060,0.5333333333333333,0.13333333333333333,0.5333333333333333,0.0,0.0,0.0,0.0,0.0,0.0,0.13333333333333333,0.06666666666666667,0.13333333333333333,0.0,0.0,0.0,0.0,0.0,0.13333333333333333,0.13333333333333333,0.26666666666666666,0.13333333333333333,0.0,0.0,0.0,0.06666666666666667,0.0,0.0,0.06666666666666667
ALL_024_GIS_HT2_S046,0.4666666666666667,0.25,0.375,0.0625,0.0,0.0625,0.0625,0.0625,0.06666666666666667,0.125,0.125,0.25,0.125,0.0625,0.0,0.0625,0.0625,0.6875,0.1875,0.1875,0.25,0.0625,0.125,0.125,0.125,0.0625,0.1875,0.0625
ALL_024_GIS_HT2_S047,0.5,0.5714285714285714,0.7857142857142857,0.42857142857142855,0.0,0.0,0.21428571428571427,0.42857142857142855,0.5,0.35714285714285715,0.35714285714285715,0.42857142857142855,0.35714285714285715,0.7857142857142857,0.21428571428571427,0.6428571428571429,0.42857142857142855,0.8571428571428571,0.5714285714285714,0.5,0.5,0.35714285714285715,0.5714285714285714,0.5,0.35714285714285715,0.2857142857142857,0.5714285714285714,0.21428571428571427
ALL_024_GIS_HT2_S048,0.6111111111111112,0.5263157894736842,0.6842105263157895,0.0,0.0,0.0,0.0,0.0,0.05555555555555555,0.0,0.0,0.0,0.0,0.0,0.0,0.3684210526315789,0.0,0.3684210526315789,0.15789473684210525,0.21052631578947367,0.0,0.05263157894736842,0.47368421052631576,0.10526315789473684,0.15789473684210525,0.0,0.15789473684210525,0.10526315789473684
ALL_024_GIS_HT2_S049,0.4375,0.125,0.3125,0.125,0.0,0.0,0.0,0.0,0.1875,0.0,0.125,0.0,0.0,0.125,0.0,0.1875,0.0,0.5625,0.0,0.125,0.0,0.125,0.3125,0.0,0.25,0.125,0.1875,0.0
ALL_024_GIS_HT2_S050,0.5625,0.35294117647058826,0.5294117647058824,0.11764705882352941,0.0,0.0,0.0,0.0,0.125,0.058823529411764705,0.23529411764705882,0.11764705882352941,0.0,0.29411764705882354,0.0,0.5294117647058824,0.0,0.29411764705882354,0.23529411764705882,0.29411764705882354,0.29411764705882354,0.11764705882352941,0.17647058823529413,0.0,0.11764705882352941,0.0,0.11764705882352941,0.058823529411764705
ALL_024_GIS_HT2_S051,0.8125,0.25,0.1875,0.3125,0.0,0.0,0.0,0.0,0.125,0.0,0.125,0.0,0.0,0.125,0.0,0.1875,0.0,0.3125,0.3125,0.125,0.1875,0.0,0.25,0.0,0.125,0.0,0.25,0.125
ALL_024_GIS_HT2_S052,0.6875,0.1875,0.5,0.25,0.0,0.0,0.0,0.0,0.125,0.0,0.0,0.0,0.0,0.0,0.0,0.0,0.0,0.8125,0.125,0.25,0.0,0.0,0.0625,0.0,0.0,0.0,0.0625,0.1875
ALL_024_GIS_HT2_S053,0.4166666666666667,0.3076923076923077,0.6153846153846154,0.23076923076923078,0.0,0.0,0.0,0.23076923076923078,0.08333333333333333,0.15384615384615385,0.0,0.23076923076923078,0.0,0.23076923076923078,0.0,0.0,0.0,0.15384615384615385,0.23076923076923078,0.23076923076923078,0.0,0.0,0.23076923076923078,0.23076923076923078,0.23076923076923078,0.23076923076923078,0.23076923076923078,0.23076923076923078
ALL_024_GIS_HT2_S054,0.5,0.3333333333333333,0.5333333333333333,0.0,0.0,0.0,0.06666666666666667,0.13333333333333333,0.07142857142857142,0.06666666666666667,0.2,0.0,0.06666666666666667,0.06666666666666667,1.0,0.4,0.0,0.5333333333333333,0.2,0.13333333333333333,0.3333333333333333,0.3333333333333333,0.06666666666666667,0.2,0.3333333333333333,0.0,0.13333333333333333,0.13333333333333333
ALL_024_GIS_HT2_S055,0.6875,0.6470588235294118,0.7647058823529411,0.17647058823529413,0.0,0.0,0.0,0.0,0.1875,0.0,0.0,0.11764705882352941,0.0,0.0,0.0,0.23529411764705882,0.0,0.7647058823529411,0.0,0.17647058823529413,0.17647058823529413,0.0,0.17647058823529413,0.0,0.23529411764705882,0.11764705882352941,0.29411764705882354,0.058823529411764705
ALL_024_GIS_HT2_S056,1.0,0.9444444444444444,1.0,0.8888888888888888,0.8888888888888888,0.8888888888888888,0.8888888888888888,0.8888888888888888,0.8888888888888888,0.8888888888888888,0.8888888888888888,0.8888888888888888,0.8888888888888888,0.8333333333333334,0.9444444444444444,0.8888888888888888,0.8888888888888888,1.0,0.8888888888888888,0.9444444444444444,0.9444444444444444,1.0,1.0,0.8888888888888888,1.0,0.8888888888888888,0.9444444444444444,0.9444444444444444
ALL_024_GIS_HT2_S057,0.47058823529411764,0.0,0.5882352941176471,0.0,0.0,0.0,0.11764705882352941,0.0,0.11764705882352941,0.0,0.0,0.23529411764705882,0.0,0.0,0.0,0.7058823529411765,0.0,0.7058823529411765,0.17647058823529413,0.0,0.17647058823529413,0.0,0.11764705882352941,0.058823529411764705,0.0,0.0,0.17647058823529413,0.11764705882352941
ALL_024_GIS_HT2_S058,0.6470588235294118,0.35294117647058826,0.35294117647058826,0.0,0.0,0.0,0.0,0.23529411764705882,0.23529411764705882,0.0,0.058823529411764705,0.0,0.0,0.11764705882352941,0.0,0.35294117647058826,0.23529411764705882,0.8823529411764706,0.0,0.0,0.058823529411764705,0.058823529411764705,0.23529411764705882,0.11764705882352941,0.29411764705882354,0.0,0.47058823529411764,0.29411764705882354
ALL_024_GIS_HT2_S059,0.6428571428571429,0.06666666666666667,0.4,0.13333333333333333,0.0,0.0,0.0,0.0,0.0,0.0,0.0,0.13333333333333333,0.0,0.0,0.0,1.0,0.0,0.2,0.0,0.0,0.2,0.0,0.0,0.0,0.13333333333333333,0.0,0.13333333333333333,0.0
ALL_024_GIS_HT2_S060,0.7333333333333333,0.26666666666666666,0.4,0.0,0.0,0.26666666666666666,0.0,0.0,0.4666666666666667,0.0,0.0,0.13333333333333333,0.13333333333333333,0.2,0.0,0.13333333333333333,0.0,1.0,0.06666666666666667,0.0,0.13333333333333333,0.2,0.7333333333333333,0.0,0.13333333333333333,0.3333333333333333,0.26666666666666666,0.13333333333333333
ALL_045_GRE_HT2_S046,0.7333333333333333,0.25,0.3125,0.0625,0.0625,0.0625,0.0625,0.0625,0.06666666666666667,0.0625,0.0625,0.0625,0.0,0.0625,0.0,0.0625,0.0625,0.0625,0.0625,0.0625,0.0625,0.0625,0.0625,0.125,0.3125,0.0625,0.125,0.125
ALL_045_GRE_HT2_S047,0.5,0.2857142857142857,0.42857142857142855,0.21428571428571427,0.0,0.0,0.0,0.14285714285714285,0.42857142857142855,0.0,0.2857142857142857,0.5714285714285714,0.0,0.07142857142857142,0.35714285714285715,0.14285714285714285,0.21428571428571427,0.42857142857142855,0.42857142857142855,0.5,0.0,0.2857142857142857,0.2857142857142857,0.21428571428571427,0.42857142857142855,0.14285714285714285,0.35714285714285715,0.21428571428571427
ALL_045_GRE_HT2_S048,0.8333333333333334,0.05263157894736842,0.3684210526315789,0.0,0.0,0.0,0.0,0.0,0.1111111111111111,0.0,0.0,0.0,0.0,0.0,0.0,0.0,0.0,0.0,0.0,0.15789473684210525,0.0,0.0,0.2631578947368421,0.10526315789473684,0.10526315789473684,0.0,0.0,0.0
ALL_045_GRE_HT2_S049,0.625,0.25,0.4375,0.0,0.0,0.125,0.0,0.0,0.0625,0.0625,0.0,0.0,0.0,0.0,0.0,0.0,0.0,0.0,0.0,0.0,0.0,0.0,0.0625,0.0,0.0625,0.0,0.25,0.0625
ALL_045_GRE_HT2_S050,0.6875,0.17647058823529413,0.4117647058823529,0.35294117647058826,0.0,0.0,0.11764705882352941,0.23529411764705882,0.125,0.11764705882352941,0.11764705882352941,0.23529411764705882,0.0,0.058823529411764705,0.11764705882352941,0.5294117647058824,0.0,0.11764705882352941,0.23529411764705882,0.23529411764705882,0.0,0.11764705882352941,0.11764705882352941,0.17647058823529413,0.23529411764705882,0.11764705882352941,0.23529411764705882,0.0
ALL_045_GRE_HT2_S051,0.6875,0.3125,0.375,0.0,0.0,0.0,0.0,0.0,0.125,0.0,0.0625,0.0,0.0,0.0625,0.0,0.0,0.0,0.375,0.4375,0.25,0.125,0.0,0.0,0.0625,0.0625,0.0,0.0,0.0
ALL_045_GRE_HT2_S052,0.625,0.125,0.375,0.0,0.0,0.0,0.0,0.125,0.125,0.0,0.0,0.125,0.0,0.0,0.0,0.0,0.0,0.25,0.0,0.0,0.0,0.0,0.0,0.0625,0.25,0.0,0.0,0.0
ALL_045_GRE_HT2_S053,0.8333333333333334,0.3076923076923077,0.38461538461538464,0.0,0.0,0.0,0.0,0.0,0.08333333333333333,0.0,0.0,0.0,0.0,0.0,0.15384615384615385,0.0,0.0,0.0,0.0,0.0,0.07692307692307693,0.0,0.0,0.0,0.07692307692307693,0.0,0.0,0.0
ALL_045_GRE_HT2_S054,0.6428571428571429,0.6,0.7333333333333333,0.0,0.0,0.0,0.0,0.0,0.0,0.13333333333333333,0.0,0.0,0.0,0.0,0.0,0.0,0.0,0.2,0.0,0.0,0.06666666666666667,0.0,0.0,0.0,0.13333333333333333,0.2,0.0,0.06666666666666667
ALL_045_GRE_HT2_S055,0.75,0.29411764705882354,0.47058823529411764,0.0,0.0,0.0,0.0,0.0,0.1875,0.0,0.0,0.17647058823529413,0.0,0.0,0.0,0.0,0.0,0.35294117647058826,0.0,0.0,0.058823529411764705,0.0,0.11764705882352941,0.0,0.058823529411764705,0.0,0.23529411764705882,0.0
ALL_045_GRE_HT2_S056,0.5555555555555556,0.2222222222222222,0.5,0.0,0.0,0.0,0.0,0.0,0.05555555555555555,0.0,0.0,0.0,0.0,0.0,0.0,0.0,0.0,0.16666666666666666,0.0,0.05555555555555555,0.0,0.0,0.05555555555555555,0.0,0.05555555555555555,0.0,0.05555555555555555,0.0
ALL_045_GRE_HT2_S057,0.4117647058823529,0.0,0.4117647058823529,0.0,0.0,0.0,0.0,0.0,0.0,0.0,0.0,0.0,0.0,0.11764705882352941,0.0,0.0,0.0,0.35294117647058826,0.0,0.058823529411764705,0.11764705882352941,0.0,0.058823529411764705,0.0,0.0,0.0,0.058823529411764705,0.0
ALL_045_GRE_HT2_S058,0.5294117647058824,0.11764705882352941,0.5882352941176471,0.17647058823529413,0.0,0.0,0.0,0.0,0.11764705882352941,0.0,0.0,0.0,0.0,0.0,0.0,0.23529411764705882,0.0,0.0,0.0,0.11764705882352941,0.0,0.0,0.0,0.17647058823529413,0.058823529411764705,0.0,0.0,0.058823529411764705
ALL_045_GRE_HT2_S059,0.7857142857142857,0.0,0.4,0.13333333333333333,0.0,0.13333333333333333,0.13333333333333333,0.13333333333333333,0.14285714285714285,0.0,0.13333333333333333,0.26666666666666666,0.0,0.13333333333333333,0.13333333333333333,0.13333333333333333,0.13333333333333333,0.13333333333333333,0.13333333333333333,0.13333333333333333,0.13333333333333333,0.0,0.13333333333333333,0.13333333333333333,0.0,0.0,0.13333333333333333,0.26666666666666666
ALL_045_GRE_HT2_S060,0.8,0.3333333333333333,0.26666666666666666,0.06666666666666667,0.06666666666666667,0.0,0.13333333333333333,0.0,0.06666666666666667,0.13333333333333333,0.06666666666666667,0.0,0.0,0.06666666666666667,0.0,0.06666666666666667,0.0,0.7333333333333333,0.13333333333333333,0.26666666666666666,0.13333333333333333,0.0,0.13333333333333333,0.0,0.3333333333333333,0.0,0.06666666666666667,0.0
ALL_015_GUJ_HT2_S046,0.26666666666666666,0.125,0.4375,0.0625,0.0625,0.0,0.0625,0.0625,0.13333333333333333,0.0625,0.0625,0.0625,0.0625,0.0625,0.0,0.0625,0.0625,0.0625,0.0625,0.0625,0.0625,0.0625,0.0625,0.0625,0.0625,0.0625,0.0625,0.0625
ALL_015_GUJ_HT2_S047,0.5714285714285714,0.42857142857142855,0.7142857142857143,0.21428571428571427,0.0,0.0,0.0,0.0,0.21428571428571427,0.0,0.0,0.0,0.0,0.0,0.0,0.35714285714285715,0.0,0.35714285714285715,0.6428571428571429,0.2857142857142857,0.0,0.0,0.0,0.14285714285714285,0.0,0.0,0.07142857142857142,0.0
ALL_015_GUJ_HT2_S048,0.7777777777777778,0.3157894736842105,0.631578947368421,0.0,0.0,0.0,0.0,0.0,0.05555555555555555,0.0,0.0,0.0,0.0,0.0,0.0,0.0,0.0,0.0,0.0,0.0,0.0,0.0,0.0,0.10526315789473684,0.10526315789473684,0.0,0.0,0.0
ALL_015_GUJ_HT2_S049,0.875,0.0625,0.4375,0.0,0.0,0.0,0.0,0.0,0.0625,0.0,0.0,0.0,0.0,0.0,0.0,0.0,0.0,0.0,0.0,0.0,0.0,0.0,0.0,0.0,0.3125,0.0,0.0,0.0
ALL_015_GUJ_HT2_S050,0.625,0.23529411764705882,0.5294117647058824,0.0,0.0,0.0,0.0,0.0,0.125,0.0,0.0,0.0,0.0,0.11764705882352941,0.0,0.17647058823529413,0.0,0.35294117647058826,0.11764705882352941,0.0,0.0,0.0,0.0,0.058823529411764705,0.17647058823529413,0.0,0.11764705882352941,0.0
ALL_015_GUJ_HT2_S051,0.875,0.3125,0.5625,0.0,0.0,0.0,0.0,0.0,0.0625,0.0,0.0,0.0,0.0,0.0625,0.0,0.0,0.0,0.6875,0.0,0.0,0.0,0.0,0.0,0.0,0.0,0.0,0.125,0.0
ALL_015_GUJ_HT2_S052,0.625,0.25,0.5625,0.1875,0.1875,0.0,0.0625,0.3125,0.0625,0.0,0.0625,0.1875,0.1875,0.0,0.0,0.0,0.375,0.0,0.0625,0.1875,0.0,0.0,0.0,0.0,0.125,0.0,0.125,0.0
ALL_015_GUJ_HT2_S053,0.8333333333333334,0.07692307692307693,0.3076923076923077,0.0,0.0,0.0,0.0,0.0,0.0,0.0,0.0,0.0,0.0,0.0,0.0,0.0,0.0,0.15384615384615385,0.0,0.0,0.0,0.0,0.0,0.0,0.0,0.0,0.0,0.0
ALL_015_GUJ_HT2_S054,0.8571428571428571,0.13333333333333333,0.2,0.0,0.0,0.0,0.0,0.0,0.0,0.0,0.0,0.0,0.0,0.0,0.0,0.13333333333333333,0.0,0.13333333333333333,0.0,0.0,0.06666666666666667,0.0,0.0,0.0,0.0,0.0,0.0,0.0
ALL_015_GUJ_HT2_S055,0.75,0.11764705882352941,0.5294117647058824,0.0,0.0,0.0,0.0,0.0,0.25,0.0,0.0,0.0,0.0,0.0,0.0,0.0,0.0,0.4117647058823529,0.0,0.0,0.0,0.0,0.0,0.0,0.0,0.0,0.0,0.0
ALL_015_GUJ_HT2_S056,0.7777777777777778,0.05555555555555555,0.4444444444444444,0.0,0.0,0.0,0.0,0.0,0.0,0.0,0.0,0.0,0.0,0.0,0.0,0.0,0.0,0.3333333333333333,0.0,0.0,0.2222222222222222,0.0,0.0,0.0,0.16666666666666666,0.0,0.0,0.0
ALL_015_GUJ_HT2_S057,0.6470588235294118,0.0,0.47058823529411764,0.0,0.0,0.0,0.0,0.0,0.0,0.0,0.0,0.0,0.0,0.0,0.0,0.0,0.0,0.23529411764705882,0.0,0.0,0.11764705882352941,0.0,0.0,0.0,0.0,0.0,0.11764705882352941,0.0
ALL_015_GUJ_HT2_S058,0.47058823529411764,0.0,0.5294117647058824,0.0,0.0,0.0,0.0,0.0,0.11764705882352941,0.0,0.0,0.0,0.0,0.0,0.0,0.23529411764705882,0.0,0.0,0.0,0.0,0.0,0.0,0.0,0.0,0.0,0.0,0.0,0.0
ALL_015_GUJ_HT2_S059,0.7142857142857143,0.0,0.4,0.0,0.0,0.0,0.0,0.0,0.07142857142857142,0.0,0.0,0.0,0.0,0.26666666666666666,0.0,0.13333333333333333,0.0,0.0,0.0,0.0,0.0,0.0,0.0,0.0,0.0,0.0,0.06666666666666667,0.0
ALL_015_GUJ_HT2_S060,0.6,0.06666666666666667,0.4,0.0,0.0,0.0,0.0,0.0,0.0,0.0,0.0,0.0,0.0,0.0,0.0,0.0,0.0,0.0,0.0,0.0,0.0,0.0,0.0,0.0,0.0,0.0,0.0,0.0
ALL_002_HEB_HT2_S046,0.3333333333333333,0.125,0.5,0.0625,0.0625,0.0625,0.0625,0.0625,0.13333333333333333,0.0625,0.0625,0.0625,0.0625,0.0625,0.0,0.0625,0.0625,0.0625,0.0625,0.0625,0.0625,0.0625,0.0625,0.0625,0.0625,0.0625,0.125,0.0625
ALL_002_HEB_HT2_S047,0.42857142857142855,0.21428571428571427,0.42857142857142855,0.0,0.0,0.0,0.0,0.0,0.14285714285714285,0.0,0.0,0.0,0.0,0.0,0.0,0.0,0.0,0.21428571428571427,0.35714285714285715,0.21428571428571427,0.0,0.0,0.0,0.0,0.0,0.0,0.07142857142857142,0.0
ALL_002_HEB_HT2_S048,0.6666666666666666,0.21052631578947367,0.42105263157894735,0.0,0.0,0.0,0.0,0.0,0.05555555555555555,0.0,0.0,0.0,0.0,0.0,0.0,0.0,0.0,0.2631578947368421,0.0,0.0,0.0,0.0,0.0,0.10526315789473684,0.10526315789473684,0.0,0.21052631578947367,0.0
ALL_002_HEB_HT2_S049,0.9375,0.25,0.3125,0.0,0.0,0.0,0.0,0.0,0.0625,0.125,0.0625,0.0,0.0,0.125,0.0,0.125,0.0,0.1875,0.0,0.0,0.0,0.0,0.0,0.0,0.125,0.0,0.0625,0.0
ALL_002_HEB_HT2_S050,0.5,0.0,0.35294117647058826,0.0,0.0,0.0,0.0,0.0,0.125,0.0,0.0,0.0,0.0,0.058823529411764705,0.0,0.17647058823529413,0.0,0.17647058823529413,0.11764705882352941,0.0,0.0,0.0,0.0,0.11764705882352941,0.0,0.0,0.0,0.0
ALL_002_HEB_HT2_S051,0.4375,0.0,0.25,0.0,0.0,0.0,0.0,0.0,0.0625,0.0,0.0,0.0,0.0,0.0,0.0,0.0,0.0,0.125,0.0625,0.0,0.0,0.0,0.0,0.0,0.0,0.0,0.125,0.0625
ALL_002_HEB_HT2_S052,0.25,0.0,0.3125,0.0,0.0,0.0,0.0,0.0,0.0625,0.0,0.0,0.0,0.0,0.0,0.0,0.0,0.0,0.0625,0.125,0.0,0.0,0.0,0.0,0.0,0.0,0.0,0.0,0.0
ALL_002_HEB_HT2_S053,0.75,0.0,0.38461538461538464,0.0,0.0,0.0,0.0,0.0,0.08333333333333333,0.0,0.0,0.0,0.0,0.0,0.0,0.0,0.0,0.0,0.0,0.0,0.0,0.0,0.0,0.0,0.0,0.0,0.0,0.0
ALL_002_HEB_HT2_S054,0.5,0.2,0.6,0.0,0.0,0.0,0.0,0.0,0.0,0.2,0.0,0.4,0.0,0.0,0.0,0.0,0.0,0.13333333333333333,0.0,0.0,0.0,0.0,0.0,0.0,0.13333333333333333,0.0,0.0,0.0
ALL_002_HEB_HT2_S055,0.375,0.0,0.5294117647058824,0.0,0.0,0.0,0.0,0.0,0.125,0.0,0.0,0.0,0.0,0.0,0.0,0.0,0.0,0.0,0.0,0.0,0.0,0.0,0.0,0.0,0.0,0.0,0.0,0.0
ALL_002_HEB_HT2_S056,0.3888888888888889,0.0,0.4444444444444444,0.0,0.0,0.0,0.0,0.0,0.0,0.0,0.0,0.0,0.0,0.0,0.0,0.0,0.0,0.16666666666666666,0.0,0.0,0.0,0.0,0.0,0.0,0.0,0.0,0.0,0.0
ALL_002_HEB_HT2_S057,0.23529411764705882,0.0,0.5294117647058824,0.0,0.0,0.0,0.0,0.0,0.0,0.0,0.0,0.0,0.0,0.0,0.0,0.0,0.0,0.35294117647058826,0.0,0.0,0.11764705882352941,0.0,0.0,0.0,0.0,0.0,0.0,0.0
ALL_002_HEB_HT2_S058,0.35294117647058826,0.0,0.4117647058823529,0.0,0.0,0.0,0.0,0.0,0.17647058823529413,0.0,0.0,0.17647058823529413,0.0,0.0,0.0,0.0,0.0,0.0,0.17647058823529413,0.0,0.0,0.0,0.0,0.0,0.0,0.0,0.0,0.0
ALL_002_HEB_HT2_S059,0.6428571428571429,0.0,0.4666666666666667,0.0,0.0,0.0,0.0,0.0,0.07142857142857142,0.0,0.0,0.0,0.0,0.0,0.0,0.13333333333333333,0.0,0.26666666666666666,0.0,0.0,0.0,0.0,0.0,0.0,0.0,0.06666666666666667,0.0,0.0
ALL_002_HEB_HT2_S060,0.4,0.06666666666666667,0.26666666666666666,0.0,0.0,0.0,0.0,0.0,0.0,0.13333333333333333,0.0,0.0,0.0,0.0,0.0,0.0,0.0,0.0,0.0,0.0,0.0,0.0,0.0,0.0,0.2,0.0,0.0,0.0
ALL_111_HEB_HT2_S046,0.26666666666666666,0.1875,0.5,0.0625,0.0625,0.0625,0.0625,0.0625,0.06666666666666667,0.1875,0.0625,0.0625,0.0625,0.0625,0.0,0.0625,0.0625,0.1875,0.0625,0.0625,0.0625,0.0625,0.0625,0.0625,0.3125,0.0625,0.1875,0.0
ALL_111_HEB_HT2_S047,0.42857142857142855,0.21428571428571427,0.5714285714285714,0.0,0.0,0.0,0.14285714285714285,0.0,0.07142857142857142,0.0,0.0,0.5,0.0,0.07142857142857142,0.21428571428571427,0.5714285714285714,0.0,0.0,0.35714285714285715,0.0,0.0,0.0,0.0,0.0,0.0,0.0,0.0,0.0
ALL_111_HEB_HT2_S048,0.7777777777777778,0.15789473684210525,0.47368421052631576,0.0,0.0,0.0,0.0,0.0,0.05555555555555555,0.0,0.0,0.0,0.0,0.0,0.0,0.0,0.0,0.0,0.0,0.0,0.0,0.0,0.0,0.10526315789473684,0.0,0.0,0.10526315789473684,0.0
ALL_111_HEB_HT2_S049,0.625,0.1875,0.5,0.0,0.0,0.0,0.0,0.0,0.0625,0.0,0.0,0.125,0.0,0.0,0.0,0.125,0.0,0.1875,0.0,0.0,0.0,0.0,0.0,0.0,0.0,0.0,0.125,0.0
ALL_111_HEB_HT2_S050,0.5625,0.058823529411764705,0.5882352941176471,0.0,0.0,0.0,0.0,0.0,0.0625,0.0,0.0,0.0,0.0,0.11764705882352941,0.0,0.17647058823529413,0.0,0.17647058823529413,0.0,0.0,0.0,0.0,0.11764705882352941,0.058823529411764705,0.058823529411764705,0.0,0.0,0.0
ALL_111_HEB_HT2_S051,0.4375,0.125,0.3125,0.0,0.0,0.0,0.0,0.0,0.0625,0.0,0.0,0.0,0.0,0.0,0.0,0.0,0.125,0.0,0.0,0.0,0.0,0.0,0.0,0.0,0.0,0.0,0.0,0.0
ALL_111_HEB_HT2_S052,0.4375,0.0625,0.4375,0.0,0.0,0.0,0.0,0.0,0.0,0.125,0.0,0.0,0.0,0.0,0.0,0.0,0.0,0.4375,0.0625,0.0,0.0,0.0,0.0,0.0,0.125,0.0,0.0,0.0
ALL_111_HEB_HT2_S053,0.5,0.15384615384615385,0.6153846153846154,0.0,0.0,0.15384615384615385,0.0,0.0,0.25,0.15384615384615385,0.0,0.0,0.0,0.0,0.0,0.15384615384615385,0.0,0.3076923076923077,0.07692307692307693,0.0,0.07692307692307693,0.07692307692307693,0.15384615384615385,0.0,0.38461538461538464,0.07692307692307693,0.07692307692307693,0.07692307692307693
ALL_111_HEB_HT2_S054,0.7857142857142857,0.26666666666666666,0.5333333333333333,0.13333333333333333,0.0,0.13333333333333333,0.0,0.0,0.07142857142857142,0.0,0.0,0.0,0.0,0.06666666666666667,0.0,0.0,0.0,0.0,0.0,0.0,0.0,0.0,0.0,0.0,0.26666666666666666,0.0,0.13333333333333333,0.0
ALL_111_HEB_HT2_S055,0.375,0.0,0.7647058823529411,0.0,0.0,0.0,0.0,0.0,0.125,0.0,0.0,0.0,0.0,0.0,0.0,0.0,0.0,0.058823529411764705,0.0,0.0,0.0,0.0,0.0,0.0,0.0,0.0,0.0,0.0
ALL_111_HEB_HT2_S056,0.5555555555555556,0.1111111111111111,0.6111111111111112,0.0,0.0,0.0,0.0,0.0,0.1111111111111111,0.0,0.0,0.0,0.0,0.0,0.0,0.0,0.0,0.0,0.0,0.05555555555555555,0.0,0.0,0.0,0.05555555555555555,0.0,0.0,0.0,0.05555555555555555
ALL_111_HEB_HT2_S057,0.35294117647058826,0.0,0.6470588235294118,0.11764705882352941,0.0,0.0,0.0,0.0,0.0,0.0,0.0,0.0,0.0,0.0,0.0,0.0,0.0,0.47058823529411764,0.11764705882352941,0.0,0.11764705882352941,0.0,0.0,0.0,0.0,0.0,0.23529411764705882,0.0
ALL_111_HEB_HT2_S058,0.5882352941176471,0.0,0.5294117647058824,0.0,0.0,0.0,0.0,0.0,0.058823529411764705,0.0,0.0,0.0,0.0,0.0,0.0,0.29411764705882354,0.0,0.0,0.0,0.0,0.0,0.0,0.0,0.0,0.0,0.0,0.0,0.0
ALL_111_HEB_HT2_S059,0.42857142857142855,0.2,0.3333333333333333,0.13333333333333333,0.0,0.13333333333333333,0.0,0.13333333333333333,0.07142857142857142,0.0,0.0,0.2,0.0,0.13333333333333333,0.13333333333333333,0.13333333333333333,0.0,0.13333333333333333,0.13333333333333333,0.2,0.13333333333333333,0.0,0.13333333333333333,0.0,0.13333333333333333,0.0,0.0,0.0
ALL_111_HEB_HT2_S060,0.5333333333333333,0.13333333333333333,0.5333333333333333,0.0,0.0,0.0,0.0,0.0,0.06666666666666667,0.13333333333333333,0.0,0.0,0.0,0.0,0.0,0.0,0.0,0.13333333333333333,0.0,0.0,0.0,0.0,0.0,0.0,0.13333333333333333,0.0,0.0,0.0
ALL_141_HEB_HT2_S046,0.3333333333333333,0.0625,0.25,0.0625,0.0625,0.0625,0.0625,0.0625,0.13333333333333333,0.0625,0.0625,0.0625,0.0625,0.0625,0.0,0.0625,0.0625,0.0625,0.0625,0.0625,0.0625,0.0625,0.0625,0.125,0.125,0.0625,0.0625,0.0625
ALL_141_HEB_HT2_S047,0.5,0.35714285714285715,0.5714285714285714,0.0,0.0,0.0,0.0,0.0,0.21428571428571427,0.0,0.0,0.0,0.0,0.14285714285714285,0.0,0.2857142857142857,0.0,0.07142857142857142,0.2857142857142857,0.0,0.0,0.0,0.14285714285714285,0.14285714285714285,0.0,0.0,0.07142857142857142,0.14285714285714285
ALL_141_HEB_HT2_S048,0.7222222222222222,0.10526315789473684,0.6842105263157895,0.10526315789473684,0.0,0.0,0.0,0.0,0.16666666666666666,0.05263157894736842,0.0,0.10526315789473684,0.0,0.05263157894736842,0.10526315789473684,0.15789473684210525,0.0,0.21052631578947367,0.2631578947368421,0.2631578947368421,0.15789473684210525,0.0,0.10526315789473684,0.0,0.15789473684210525,0.15789473684210525,0.10526315789473684,0.0
ALL_141_HEB_HT2_S049,0.625,0.0625,0.5,0.125,0.0,0.125,0.0,0.0,0.0625,0.0,0.0,0.0,0.0,0.0,0.125,0.0,0.125,0.0,0.125,0.125,0.0,0.0625,0.0625,0.0,0.0,0.0,0.0,0.0625
ALL_141_HEB_HT2_S050,0.4375,0.0,0.35294117647058826,0.0,0.0,0.0,0.0,0.0,0.0,0.0,0.0,0.0,0.0,0.0,0.0,0.17647058823529413,0.0,0.0,0.0,0.058823529411764705,0.0,0.0,0.058823529411764705,0.0,0.058823529411764705,0.0,0.058823529411764705,0.0
ALL_141_HEB_HT2_S051,0.5,0.0625,0.1875,0.0,0.0,0.0,0.0,0.0,0.0,0.0,0.0,0.0,0.0,0.0,0.0,0.0,0.0,0.375,0.25,0.0,0.0625,0.0,0.125,0.0625,0.0625,0.0,0.25,0.1875
ALL_141_HEB_HT2_S052,0.625,0.125,0.375,0.0,0.0,0.0,0.0,0.0,0.125,0.0,0.0,0.0,0.0,0.0,0.0,0.0,0.0,0.4375,0.3125,0.0,0.125,0.0,0.0,0.0,0.0,0.0,0.0,0.0
ALL_141_HEB_HT2_S053,0.6666666666666666,0.07692307692307693,0.23076923076923078,0.0,0.0,0.0,0.0,0.0,0.25,0.0,0.0,0.0,0.0,0.0,0.0,0.0,0.0,0.0,0.0,0.0,0.07692307692307693,0.0,0.0,0.0,0.07692307692307693,0.0,0.07692307692307693,0.0
ALL_141_HEB_HT2_S054,0.7142857142857143,0.13333333333333333,0.6,0.0,0.0,0.0,0.0,0.0,0.07142857142857142,0.0,0.0,0.0,0.0,0.0,0.0,0.13333333333333333,0.0,0.0,0.0,0.0,0.26666666666666666,0.0,0.0,0.0,0.0,0.0,0.13333333333333333,0.06666666666666667
ALL_141_HEB_HT2_S055,0.875,0.47058823529411764,0.5294117647058824,0.23529411764705882,0.0,0.0,0.0,0.11764705882352941,0.375,0.17647058823529413,0.0,0.17647058823529413,0.058823529411764705,0.11764705882352941,0.058823529411764705,0.0,0.058823529411764705,0.29411764705882354,0.0,0.058823529411764705,0.29411764705882354,0.17647058823529413,0.17647058823529413,0.058823529411764705,0.29411764705882354,0.17647058823529413,0.23529411764705882,0.11764705882352941
ALL_141_HEB_HT2_S056,0.7222222222222222,0.1111111111111111,0.3888888888888889,0.0,0.0,0.0,0.0,0.0,0.0,0.0,0.0,0.0,0.0,0.0,0.0,0.0,0.0,0.0,0.0,0.0,0.0,0.1111111111111111,0.0,0.0,0.0,0.0,0.0,0.0
ALL_141_HEB_HT2_S057,0.47058823529411764,0.17647058823529413,0.47058823529411764,0.11764705882352941,0.0,0.11764705882352941,0.0,0.0,0.058823529411764705,0.058823529411764705,0.0,0.23529411764705882,0.0,0.11764705882352941,0.0,0.0,0.0,0.35294117647058826,0.058823529411764705,0.23529411764705882,0.23529411764705882,0.0,0.29411764705882354,0.0,0.11764705882352941,0.058823529411764705,0.17647058823529413,0.058823529411764705
ALL_141_HEB_HT2_S058,0.6470588235294118,0.0,0.35294117647058826,0.0,0.0,0.0,0.0,0.0,0.058823529411764705,0.0,0.0,0.0,0.0,0.0,0.0,0.11764705882352941,0.0,0.0,0.17647058823529413,0.0,0.0,0.0,0.0,0.058823529411764705,0.0,0.0,0.0,0.058823529411764705
ALL_141_HEB_HT2_S059,0.6428571428571429,0.0,0.5333333333333333,0.0,0.0,0.0,0.0,0.0,0.0,0.0,0.0,0.0,0.0,0.0,0.0,0.6,0.0,0.13333333333333333,0.0,0.0,0.0,0.0,0.0,0.0,0.0,0.0,0.2,0.0
ALL_141_HEB_HT2_S060,0.8,0.06666666666666667,0.6,0.0,0.0,0.0,0.0,0.0,0.0,0.13333333333333333,0.0,0.0,0.0,0.0,0.13333333333333333,0.0,0.0,0.0,0.0,0.0,0.0,0.0,0.0,0.0,0.2,0.0,0.0,0.0
ALL_151_HEB_HT2_S046,0.5333333333333333,0.125,0.5,0.0625,0.0625,0.0625,0.0625,0.0625,0.06666666666666667,0.0625,0.0625,0.0625,0.0625,0.0625,0.0625,0.0625,0.0625,0.0625,0.0625,0.0625,0.0625,0.0625,0.0625,0.125,0.25,0.0625,0.0625,0.0625
ALL_151_HEB_HT2_S047,0.42857142857142855,0.2857142857142857,0.6428571428571429,0.0,0.0,0.0,0.0,0.0,0.07142857142857142,0.0,0.07142857142857142,1.0,0.0,0.14285714285714285,0.07142857142857142,0.42857142857142855,0.0,0.7142857142857143,0.21428571428571427,0.0,0.0,0.0,0.2857142857142857,0.0,0.14285714285714285,0.0,0.14285714285714285,0.14285714285714285
ALL_151_HEB_HT2_S048,0.7777777777777778,0.42105263157894735,0.5789473684210527,0.0,0.0,0.0,0.0,0.0,0.05555555555555555,0.0,0.0,0.0,0.0,0.10526315789473684,0.0,0.0,0.0,0.15789473684210525,0.0,0.0,0.0,0.0,0.0,0.05263157894736842,0.0,0.0,0.0,0.2631578947368421
ALL_151_HEB_HT2_S049,0.4375,0.125,0.25,0.0,0.0,0.0,0.0,0.0,0.0,0.0625,0.0,0.0,0.0,0.0,0.0,0.0,0.125,0.0,0.0,0.0,0.0,0.0,0.25,0.0,0.0,0.0,0.1875,0.0
ALL_151_HEB_HT2_S050,0.5,0.058823529411764705,0.35294117647058826,0.0,0.0,0.0,0.0,0.0,0.1875,0.058823529411764705,0.0,0.11764705882352941,0.0,0.058823529411764705,0.0,0.0,0.0,0.35294117647058826,0.0,0.0,0.0,0.058823529411764705,0.058823529411764705,0.11764705882352941,0.058823529411764705,0.058823529411764705,0.058823529411764705,0.058823529411764705
ALL_151_HEB_HT2_S051,0.5625,0.0,0.375,0.0,0.0,0.0,0.0,0.0,0.0625,0.0,0.0,0.0,0.0,0.0,0.0,0.0,0.0,0.25,0.1875,0.0,0.0,0.0,0.0,0.0,0.0,0.0,0.0,0.0
ALL_151_HEB_HT2_S052,0.4375,0.375,0.6875,0.125,0.0,0.0,0.0,0.0,0.25,0.375,0.0,0.3125,0.0,0.0,0.0,0.125,0.0,0.8125,0.1875,0.0,0.1875,0.0,0.0,0.25,0.25,0.0,0.3125,0.3125
ALL_151_HEB_HT2_S053,0.9166666666666666,0.38461538461538464,0.9230769230769231,0.0,0.0,0.0,0.0,0.0,0.25,0.0,0.0,0.0,0.0,0.0,0.0,0.0,0.0,0.0,0.0,0.0,0.07692307692307693,0.07692307692307693,0.0,0.0,0.15384615384615385,0.0,0.46153846153846156,0.15384615384615385
ALL_151_HEB_HT2_S054,0.7857142857142857,0.2,0.6,0.13333333333333333,0.0,0.0,0.0,0.0,0.07142857142857142,0.2,0.0,0.13333333333333333,0.0,0.06666666666666667,0.0,0.0,0.0,0.5333333333333333,0.0,0.0,0.13333333333333333,0.0,0.0,0.06666666666666667,0.0,0.0,0.0,0.06666666666666667
ALL_151_HEB_HT2_S055,0.9375,0.23529411764705882,0.5882352941176471,0.0,0.0,0.0,0.0,0.11764705882352941,0.3125,0.17647058823529413,0.0,0.0,0.0,0.0,0.0,0.0,0.0,0.7647058823529411,0.35294117647058826,0.29411764705882354,0.11764705882352941,0.17647058823529413,0.0,0.0,0.11764705882352941,0.0,0.47058823529411764,0.0
ALL_151_HEB_HT2_S056,0.8888888888888888,0.0,0.7222222222222222,0.0,0.0,0.0,0.0,0.0,0.1111111111111111,0.0,0.0,0.0,0.0,0.0,0.0,0.0,0.0,0.0,0.0,0.0,0.0,0.0,0.0,0.0,0.1111111111111111,0.0,0.0,0.0
ALL_151_HEB_HT2_S057,0.6470588235294118,0.0,0.47058823529411764,0.0,0.0,0.0,0.0,0.0,0.0,0.11764705882352941,0.0,0.17647058823529413,0.0,0.0,0.0,0.0,0.0,0.6470588235294118,0.058823529411764705,0.0,0.35294117647058826,0.0,0.058823529411764705,0.0,0.0,0.0,0.0,0.0
ALL_151_HEB_HT2_S058,0.35294117647058826,0.0,0.4117647058823529,0.0,0.0,0.0,0.0,0.0,0.11764705882352941,0.058823529411764705,0.0,0.0,0.0,0.0,0.0,0.0,0.23529411764705882,0.17647058823529413,0.17647058823529413,0.0,0.058823529411764705,0.0,0.0,0.0,0.0,0.0,0.11764705882352941,0.0
ALL_151_HEB_HT2_S059,0.5,0.0,0.6,0.13333333333333333,0.0,0.0,0.0,0.0,0.07142857142857142,0.0,0.0,0.0,0.0,0.0,0.0,0.0,0.0,0.13333333333333333,0.0,0.0,0.0,0.0,0.0,0.0,0.06666666666666667,0.0,0.06666666666666667,0.0
ALL_151_HEB_HT2_S060,0.4666666666666667,0.06666666666666667,0.5333333333333333,0.0,0.0,0.0,0.0,0.13333333333333333,0.0,0.0,0.06666666666666667,0.0,0.0,0.06666666666666667,0.0,0.0,0.0,0.0,0.0,0.0,0.0,0.0,0.13333333333333333,0.13333333333333333,0.13333333333333333,0.0,0.06666666666666667,0.13333333333333333
ALL_034_HIN_HT2_S046,0.26666666666666666,0.1875,0.625,0.0625,0.0625,0.0625,0.0625,0.0625,0.13333333333333333,0.1875,0.0625,0.0625,0.0625,0.125,0.0,0.0625,0.0625,0.1875,0.0625,0.0625,0.0625,0.0625,0.0625,0.0625,0.375,0.0625,0.3125,0.0625
ALL_034_HIN_HT2_S047,0.7857142857142857,0.2857142857142857,0.7142857142857143,0.0,0.0,0.0,0.0,0.07142857142857142,0.14285714285714285,0.0,0.0,0.0,0.0,0.0,0.0,0.5,0.0,0.0,0.07142857142857142,0.07142857142857142,0.0,0.0,0.0,0.0,0.0,0.0,0.0,0.0
ALL_034_HIN_HT2_S048,0.8333333333333334,0.2631578947368421,0.42105263157894735,0.0,0.0,0.15789473684210525,0.0,0.0,0.1111111111111111,0.0,0.0,0.0,0.0,0.05263157894736842,0.15789473684210525,0.15789473684210525,0.0,0.15789473684210525,0.0,0.0,0.10526315789473684,0.0,0.0,0.15789473684210525,0.10526315789473684,0.10526315789473684,0.10526315789473684,0.0
ALL_034_HIN_HT2_S049,0.6875,0.0625,0.25,0.0,0.0,0.0,0.0,0.0,0.0625,0.0,0.0,0.0,0.0,0.0,0.0,0.0,0.0,0.125,0.0,0.0,0.0,0.0,0.0,0.0,0.125,0.0,0.0625,0.0
ALL_034_HIN_HT2_S050,0.625,0.17647058823529413,0.4117647058823529,0.0,0.0,0.058823529411764705,0.0,0.0,0.125,0.058823529411764705,0.0,0.0,0.0,0.0,0.0,0.35294117647058826,0.0,0.6470588235294118,0.058823529411764705,0.29411764705882354,0.0,0.058823529411764705,0.5294117647058824,0.0,0.058823529411764705,0.058823529411764705,0.058823529411764705,0.0
ALL_034_HIN_HT2_S051,0.6875,0.5,0.4375,0.375,0.0,0.0,0.0,0.0,0.125,0.0,0.0625,0.125,0.0,0.0,0.0,0.0,0.0,0.125,0.25,0.375,0.3125,0.0,0.0,0.0625,0.5,0.25,0.0,0.0
ALL_034_HIN_HT2_S052,0.9375,0.125,0.5,0.0,0.0,0.0,0.1875,0.125,0.0,0.0,0.0,0.0,0.0,0.0,0.0,0.1875,0.0,0.0,0.125,0.0,0.0,0.0,0.0,0.125,0.0,0.0,0.0,0.0
ALL_034_HIN_HT2_S053,0.75,0.23076923076923078,0.5384615384615384,0.0,0.0,0.0,0.0,0.0,0.0,0.15384615384615385,0.0,0.0,0.0,0.0,0.0,0.0,0.15384615384615385,0.15384615384615385,0.38461538461538464,0.0,0.07692307692307693,0.15384615384615385,0.0,0.0,0.3076923076923077,0.0,0.15384615384615385,0.0
ALL_034_HIN_HT2_S054,0.9285714285714286,0.3333333333333333,0.6666666666666666,0.0,0.0,0.0,0.0,0.13333333333333333,0.07142857142857142,0.06666666666666667,0.13333333333333333,0.0,0.0,0.2,0.0,0.0,0.13333333333333333,0.4,0.0,0.0,0.3333333333333333,0.06666666666666667,0.0,0.0,0.13333333333333333,0.0,0.0,0.0
ALL_034_HIN_HT2_S055,0.75,0.17647058823529413,0.5882352941176471,0.11764705882352941,0.11764705882352941,0.11764705882352941,0.11764705882352941,0.11764705882352941,0.25,0.11764705882352941,0.11764705882352941,0.11764705882352941,0.11764705882352941,0.11764705882352941,0.8823529411764706,0.11764705882352941,0.11764705882352941,0.5882352941176471,0.11764705882352941,0.23529411764705882,0.11764705882352941,0.11764705882352941,0.11764705882352941,0.11764705882352941,0.35294117647058826,0.11764705882352941,0.17647058823529413,0.11764705882352941
ALL_034_HIN_HT2_S056,0.8333333333333334,0.05555555555555555,0.4444444444444444,0.0,0.0,0.0,0.0,0.0,0.0,0.0,0.0,0.0,0.0,0.0,0.0,0.0,0.0,0.0,0.1111111111111111,0.0,0.0,0.0,0.0,0.0,0.1111111111111111,0.0,0.0,0.0
ALL_034_HIN_HT2_S057,0.8823529411764706,0.11764705882352941,0.6470588235294118,0.0,0.0,0.0,0.35294117647058826,0.0,0.0,0.0,0.23529411764705882,0.35294117647058826,0.0,0.29411764705882354,0.47058823529411764,0.0,0.0,0.47058823529411764,0.35294117647058826,0.35294117647058826,0.29411764705882354,0.0,0.35294117647058826,0.0,0.35294117647058826,0.0,0.23529411764705882,0.058823529411764705
ALL_034_HIN_HT2_S058,0.5882352941176471,0.29411764705882354,0.5882352941176471,0.0,0.0,0.11764705882352941,0.0,0.0,0.11764705882352941,0.0,0.0,0.0,0.0,0.0,0.0,0.23529411764705882,0.0,0.0,0.0,0.0,0.0,0.0,0.0,0.11764705882352941,0.0,0.0,0.29411764705882354,0.0
ALL_034_HIN_HT2_S059,0.8571428571428571,0.0,0.5333333333333333,0.0,0.0,0.0,0.0,0.0,0.07142857142857142,0.0,0.0,0.13333333333333333,0.0,0.13333333333333333,0.0,0.8666666666666667,0.0,0.0,0.0,0.2,0.06666666666666667,0.0,0.26666666666666666,0.0,0.2,0.0,0.0,0.0
ALL_034_HIN_HT2_S060,0.7333333333333333,0.4,0.5333333333333333,0.0,0.0,0.0,0.0,0.0,0.06666666666666667,0.0,0.0,0.0,0.0,0.0,0.0,0.0,0.0,0.0,0.0,0.0,0.0,0.0,0.0,0.0,0.0,0.0,0.0,0.0
ALL_117_HIN_HT2_S046,0.3333333333333333,0.3125,0.3125,0.0625,0.0625,0.0625,0.0625,0.0625,0.06666666666666667,0.1875,0.0625,0.0625,0.0625,0.0625,0.0,0.0625,0.0625,0.1875,0.0625,0.0625,0.0625,0.0625,0.0625,0.0625,0.0625,0.0625,0.3125,0.0625
ALL_117_HIN_HT2_S047,0.5,0.0,0.7142857142857143,0.0,0.0,0.0,0.0,0.0,0.0,0.0,0.0,0.0,0.0,0.0,0.0,0.0,0.0,0.6428571428571429,0.07142857142857142,0.0,0.0,0.0,0.0,0.0,0.0,0.0,0.0,0.0
ALL_117_HIN_HT2_S048,0.6111111111111112,0.3684210526315789,0.5789473684210527,0.15789473684210525,0.0,0.0,0.0,0.0,0.2222222222222222,0.0,0.10526315789473684,0.0,0.0,0.0,0.0,0.0,0.0,0.21052631578947367,0.15789473684210525,0.15789473684210525,0.21052631578947367,0.0,0.21052631578947367,0.0,0.15789473684210525,0.0,0.0,0.0
ALL_117_HIN_HT2_S049,0.625,0.125,0.375,0.0,0.0,0.0,0.0,0.0,0.0,0.0,0.0,0.0,0.0,0.0,0.0,0.0,0.0,0.1875,0.0,0.0,0.0,0.0,0.0,0.0,0.0,0.0,0.0,0.0
ALL_117_HIN_HT2_S050,0.5625,0.17647058823529413,0.4117647058823529,0.0,0.0,0.0,0.0,0.0,0.1875,0.058823529411764705,0.0,0.0,0.0,0.0,0.0,0.0,0.0,0.0,0.0,0.0,0.0,0.17647058823529413,0.058823529411764705,0.058823529411764705,0.058823529411764705,0.0,0.058823529411764705,0.0
ALL_117_HIN_HT2_S051,0.5625,0.375,0.375,0.0,0.0,0.0,0.0,0.0,0.0625,0.0,0.0,0.0,0.0,0.0,0.0,0.0,0.0,0.4375,0.1875,0.0,0.0625,0.0,0.0,0.0,0.25,0.0,0.0,0.0625
ALL_117_HIN_HT2_S052,0.5625,0.1875,0.625,0.1875,0.0625,0.0,0.0625,0.0625,0.0,0.0,0.0,0.0,0.0625,0.0,0.0,0.0,0.0625,0.125,0.125,0.0,0.0,0.0,0.125,0.0,0.3125,0.0,0.125,0.0
ALL_117_HIN_HT2_S053,0.5833333333333334,0.07692307692307693,0.15384615384615385,0.0,0.0,0.0,0.0,0.0,0.0,0.0,0.0,0.0,0.0,0.0,0.0,0.0,0.0,0.23076923076923078,0.0,0.0,0.0,0.0,0.0,0.07692307692307693,0.0,0.0,0.0,0.0
ALL_117_HIN_HT2_S054,0.8571428571428571,0.2,0.3333333333333333,0.0,0.0,0.0,0.0,0.0,0.21428571428571427,0.0,0.0,0.0,0.0,0.0,0.0,0.0,0.0,0.6666666666666666,0.0,0.0,0.06666666666666667,0.13333333333333333,0.0,0.0,0.0,0.0,0.0,0.0
ALL_117_HIN_HT2_S055,0.8125,0.23529411764705882,0.5294117647058824,0.0,0.0,0.0,0.0,0.058823529411764705,0.125,0.0,0.0,0.0,0.0,0.11764705882352941,0.0,0.0,0.0,0.5294117647058824,0.0,0.0,0.058823529411764705,0.0,0.0,0.0,0.11764705882352941,0.0,0.11764705882352941,0.0
ALL_117_HIN_HT2_S056,0.6666666666666666,0.0,0.5,0.0,0.0,0.0,0.0,0.0,0.05555555555555555,0.0,0.0,0.0,0.0,0.0,0.0,0.0,0.0,0.6111111111111112,0.0,0.0,0.0,0.0,0.0,0.0,0.0,0.0,0.0,0.0
ALL_117_HIN_HT2_S057,0.7058823529411765,0.17647058823529413,0.5882352941176471,0.0,0.0,0.11764705882352941,0.058823529411764705,0.0,0.058823529411764705,0.0,0.058823529411764705,0.11764705882352941,0.058823529411764705,0.11764705882352941,0.0,0.0,0.0,0.4117647058823529,0.058823529411764705,0.0,0.11764705882352941,0.0,0.0,0.0,0.11764705882352941,0.0,0.17647058823529413,0.0
ALL_117_HIN_HT2_S058,0.5882352941176471,0.17647058823529413,0.5882352941176471,0.0,0.0,0.0,0.0,0.0,0.11764705882352941,0.058823529411764705,0.0,0.0,0.0,0.0,0.0,0.0,0.0,0.17647058823529413,0.0,0.0,0.058823529411764705,0.0,0.0,0.0,0.29411764705882354,0.0,0.23529411764705882,0.0
ALL_117_HIN_HT2_S059,0.7857142857142857,0.26666666666666666,0.4666666666666667,0.2,0.13333333333333333,0.13333333333333333,0.13333333333333333,0.13333333333333333,0.21428571428571427,0.2,0.13333333333333333,0.13333333333333333,0.13333333333333333,0.13333333333333333,0.13333333333333333,0.2,0.2,0.26666666666666666,0.2,0.2,0.13333333333333333,0.2,0.13333333333333333,0.2,0.26666666666666666,0.13333333333333333,0.2,0.26666666666666666
ALL_117_HIN_HT2_S060,0.8,0.13333333333333333,0.5333333333333333,0.0,0.0,0.0,0.0,0.0,0.0,0.0,0.0,0.0,0.0,0.0,0.0,0.0,0.0,0.0,0.0,0.0,0.0,0.0,0.0,0.0,0.0,0.0,0.06666666666666667,0.0
ALL_118_HIN_HT2_S046,0.4666666666666667,0.0625,0.5625,0.0625,0.0625,0.0625,0.0625,0.0625,0.06666666666666667,0.0625,0.0625,0.0625,0.0625,0.0625,0.0,0.0625,0.0625,0.0625,0.0625,0.0625,0.25,0.0625,0.0625,0.0625,0.0625,0.0625,0.0625,0.0625
ALL_118_HIN_HT2_S047,0.42857142857142855,0.5,0.7857142857142857,0.2857142857142857,0.0,0.0,0.0,0.0,0.2857142857142857,0.0,0.0,0.0,0.0,0.14285714285714285,0.0,0.0,0.0,0.21428571428571427,0.7142857142857143,0.2857142857142857,0.35714285714285715,0.0,0.14285714285714285,0.0,0.21428571428571427,0.0,0.0,0.0
ALL_118_HIN_HT2_S048,0.8333333333333334,0.3684210526315789,0.5263157894736842,0.0,0.0,0.0,0.0,0.0,0.1111111111111111,0.21052631578947367,0.0,0.0,0.0,0.0,0.0,0.15789473684210525,0.0,0.2631578947368421,0.15789473684210525,0.0,0.21052631578947367,0.10526315789473684,0.2631578947368421,0.15789473684210525,0.05263157894736842,0.0,0.15789473684210525,0.0
ALL_118_HIN_HT2_S049,0.625,0.1875,0.25,0.0,0.0,0.0,0.0,0.0,0.0,0.0,0.0625,0.0,0.0,0.0,0.0,0.0,0.0,0.3125,0.0,0.0,0.0,0.0,0.0,0.0,0.125,0.0,0.125,0.0
ALL_118_HIN_HT2_S050,0.5,0.23529411764705882,0.5294117647058824,0.0,0.0,0.0,0.0,0.0,0.125,0.0,0.058823529411764705,0.4117647058823529,0.0,0.0,0.0,0.17647058823529413,0.0,0.29411764705882354,0.0,0.0,0.0,0.17647058823529413,0.11764705882352941,0.11764705882352941,0.058823529411764705,0.0,0.17647058823529413,0.0
ALL_118_HIN_HT2_S051,0.5,0.125,0.375,0.0,0.0,0.0,0.0,0.0,0.0625,0.0,0.0625,0.0,0.0,0.0625,0.0,0.0,0.0,0.1875,0.0,0.0,0.1875,0.0,0.0,0.0,0.0,0.0,0.0,0.125
ALL_118_HIN_HT2_S052,0.75,0.1875,0.375,0.0,0.0,0.0,0.0,0.125,0.125,0.0,0.0,0.125,0.0,0.0,0.0,0.125,0.0,0.125,0.1875,0.0,0.0,0.0,0.0,0.0,0.0625,0.0,0.0,0.0625
ALL_118_HIN_HT2_S053,0.75,0.46153846153846156,0.38461538461538464,0.0,0.0,0.0,0.0,0.0,0.0,0.0,0.0,0.0,0.0,0.0,0.0,0.0,0.0,0.0,0.0,0.0,0.38461538461538464,0.0,0.0,0.0,0.38461538461538464,0.0,0.3076923076923077,0.0
ALL_118_HIN_HT2_S054,0.9285714285714286,0.4666666666666667,0.6,0.0,0.0,0.0,0.0,0.0,0.0,0.0,0.0,0.3333333333333333,0.0,0.0,0.0,0.13333333333333333,0.0,0.26666666666666666,0.0,0.0,0.3333333333333333,0.06666666666666667,0.06666666666666667,0.0,0.4,0.0,0.0,0.0
ALL_118_HIN_HT2_S055,0.625,0.23529411764705882,0.5294117647058824,0.0,0.0,0.0,0.0,0.0,0.25,0.0,0.0,0.0,0.0,0.0,0.0,0.0,0.0,0.35294117647058826,0.0,0.0,0.0,0.0,0.0,0.0,0.11764705882352941,0.0,0.0,0.0
ALL_118_HIN_HT2_S056,0.8333333333333334,0.05555555555555555,0.4444444444444444,0.0,0.0,0.0,0.0,0.0,0.05555555555555555,0.0,0.0,0.0,0.0,0.0,0.0,0.0,0.0,0.16666666666666666,0.0,0.0,0.0,0.0,0.0,0.0,0.0,0.0,0.0,0.0
ALL_118_HIN_HT2_S057,0.8235294117647058,0.11764705882352941,0.5882352941176471,0.058823529411764705,0.058823529411764705,0.058823529411764705,0.058823529411764705,0.058823529411764705,0.0,0.058823529411764705,0.058823529411764705,0.058823529411764705,0.0,0.0,0.058823529411764705,0.0,0.17647058823529413,0.47058823529411764,0.058823529411764705,0.058823529411764705,0.11764705882352941,0.0,0.11764705882352941,0.058823529411764705,0.17647058823529413,0.0,0.0,0.0
ALL_118_HIN_HT2_S058,0.5294117647058824,0.058823529411764705,0.6470588235294118,0.11764705882352941,0.0,0.0,0.0,0.17647058823529413,0.17647058823529413,0.0,0.0,0.0,0.0,0.0,0.0,0.0,0.11764705882352941,0.4117647058823529,0.058823529411764705,0.11764705882352941,0.11764705882352941,0.0,0.0,0.058823529411764705,0.23529411764705882,0.0,0.0,0.058823529411764705
ALL_118_HIN_HT2_S059,0.7142857142857143,0.13333333333333333,0.3333333333333333,0.13333333333333333,0.0,0.13333333333333333,0.0,0.0,0.14285714285714285,0.0,0.0,0.0,0.0,0.13333333333333333,0.13333333333333333,0.13333333333333333,0.13333333333333333,0.13333333333333333,0.0,0.0,0.13333333333333333,0.0,0.26666666666666666,0.0,0.26666666666666666,0.0,0.2,0.0
ALL_118_HIN_HT2_S060,0.5333333333333333,0.0,0.4666666666666667,0.0,0.0,0.0,0.0,0.0,0.0,0.0,0.0,0.0,0.0,0.0,0.0,0.0,0.0,0.0,0.2,0.2,0.0,0.0,0.0,0.0,0.0,0.0,0.0,0.0
ALL_149_HIN_HT2_S046,0.5333333333333333,0.4375,0.5625,0.0625,0.0625,0.0,0.0625,0.0625,0.06666666666666667,0.0625,0.0625,0.0625,0.0625,0.0625,0.0,0.0625,0.0625,0.0625,0.0625,0.0625,0.0625,0.0625,0.0625,0.0625,0.0625,0.0625,0.125,0.0625
ALL_149_HIN_HT2_S047,0.6428571428571429,0.35714285714285715,0.6428571428571429,0.0,0.0,0.0,0.0,0.0,0.07142857142857142,0.0,0.0,0.0,0.0,0.14285714285714285,0.0,0.21428571428571427,0.0,0.42857142857142855,0.07142857142857142,0.0,0.0,0.0,0.14285714285714285,0.0,0.0,0.0,0.2857142857142857,0.14285714285714285
ALL_149_HIN_HT2_S048,0.7222222222222222,0.5263157894736842,0.7894736842105263,0.21052631578947367,0.0,0.0,0.0,0.21052631578947367,0.2222222222222222,0.21052631578947367,0.15789473684210525,0.15789473684210525,0.0,0.15789473684210525,0.0,0.3157894736842105,0.21052631578947367,0.21052631578947367,0.15789473684210525,0.15789473684210525,0.3157894736842105,0.15789473684210525,0.15789473684210525,0.05263157894736842,0.15789473684210525,0.15789473684210525,0.21052631578947367,0.15789473684210525
ALL_149_HIN_HT2_S049,0.625,0.5,0.5,0.0,0.0,0.0,0.0,0.0,0.0625,0.0,0.0,0.3125,0.0,0.0625,0.0,0.0,0.0,0.4375,0.375,0.0,0.375,0.0,0.0,0.0,0.0,0.0,0.25,0.0
ALL_149_HIN_HT2_S050,0.6875,0.23529411764705882,0.7647058823529411,0.0,0.0,0.0,0.0,0.0,0.125,0.0,0.0,0.0,0.0,0.058823529411764705,0.0,0.0,0.0,0.35294117647058826,0.0,0.0,0.29411764705882354,0.0,0.17647058823529413,0.11764705882352941,0.23529411764705882,0.0,0.0,0.0
ALL_149_HIN_HT2_S051,0.6875,0.5625,0.8125,0.125,0.125,0.125,0.125,0.125,0.125,0.125,0.1875,0.125,0.125,0.125,0.125,0.125,0.125,0.6875,0.3125,0.3125,0.375,0.125,0.125,0.125,0.3125,0.125,0.125,0.1875
ALL_149_HIN_HT2_S052,0.8125,0.1875,0.8125,0.0,0.0,0.0,0.0,0.0,0.0,0.125,0.0,0.0,0.0,0.0,0.0,0.0,0.0,0.75,0.0625,0.0625,0.4375,0.0,0.1875,0.0,0.25,0.0,0.125,0.0625
ALL_149_HIN_HT2_S053,0.8333333333333334,0.46153846153846156,0.7692307692307693,0.0,0.0,0.0,0.0,0.0,0.25,0.0,0.0,0.0,0.0,0.0,0.0,0.0,0.0,0.38461538461538464,0.0,0.0,0.07692307692307693,0.0,0.0,0.0,0.23076923076923078,0.0,0.0,0.07692307692307693
ALL_149_HIN_HT2_S054,0.7142857142857143,0.06666666666666667,0.4,0.0,0.0,0.0,0.0,0.0,0.14285714285714285,0.0,0.06666666666666667,0.0,0.0,0.06666666666666667,0.0,0.0,0.0,0.8666666666666667,0.0,0.0,0.2,0.0,0.13333333333333333,0.0,0.13333333333333333,0.0,0.2,0.0
ALL_149_HIN_HT2_S055,0.75,0.17647058823529413,0.7647058823529411,0.0,0.0,0.0,0.0,0.0,0.25,0.058823529411764705,0.058823529411764705,0.058823529411764705,0.0,0.11764705882352941,0.058823529411764705,0.0,0.0,0.47058823529411764,0.0,0.11764705882352941,0.35294117647058826,0.0,0.35294117647058826,0.0,0.058823529411764705,0.0,0.11764705882352941,0.11764705882352941
ALL_149_HIN_HT2_S056,0.7222222222222222,0.1111111111111111,0.6666666666666666,0.0,0.0,0.0,0.0,0.0,0.05555555555555555,0.0,0.0,0.0,0.0,0.0,0.0,0.0,0.0,0.5,0.0,0.0,0.0,0.0,0.0,0.0,0.0,0.0,0.0,0.0
ALL_149_HIN_HT2_S057,0.7647058823529411,0.11764705882352941,0.6470588235294118,0.0,0.0,0.0,0.0,0.11764705882352941,0.058823529411764705,0.0,0.17647058823529413,0.17647058823529413,0.0,0.0,0.0,0.0,0.0,0.6470588235294118,0.17647058823529413,0.11764705882352941,0.23529411764705882,0.0,0.0,0.0,0.6470588235294118,0.0,0.11764705882352941,0.0
ALL_149_HIN_HT2_S058,0.47058823529411764,0.29411764705882354,0.7058823529411765,0.0,0.0,0.0,0.0,0.0,0.11764705882352941,0.35294117647058826,0.0,0.0,0.0,0.0,0.0,0.0,0.0,0.6470588235294118,0.058823529411764705,0.0,0.0,0.0,0.0,0.47058823529411764,0.5294117647058824,0.0,0.35294117647058826,0.0
ALL_149_HIN_HT2_S059,0.7142857142857143,0.0,0.6666666666666666,0.0,0.0,0.0,0.0,0.0,0.0,0.0,0.0,0.0,0.0,0.0,0.0,0.13333333333333333,0.0,0.26666666666666666,0.0,0.2,0.06666666666666667,0.0,0.0,0.0,0.0,0.0,0.13333333333333333,0.0
ALL_149_HIN_HT2_S060,0.6666666666666666,0.2,0.26666666666666666,0.0,0.0,0.0,0.0,0.0,0.0,0.0,0.06666666666666667,0.06666666666666667,0.0,0.2,0.0,0.0,0.0,0.8,0.0,0.0,0.0,0.0,0.0,0.0,0.0,0.0,0.06666666666666667,0.0
ALL_150_HIN_HT2_S046,0.4,0.125,0.3125,0.0625,0.0625,0.0,0.0625,0.0625,0.2,0.1875,0.0625,0.0625,0.0625,0.0625,0.0,0.0625,0.0625,0.375,0.0625,0.0625,0.0625,0.0625,0.0625,0.0625,0.25,0.0625,0.125,0.0625
ALL_150_HIN_HT2_S047,0.5714285714285714,0.42857142857142855,0.7142857142857143,0.0,0.0,0.0,0.0,0.0,0.21428571428571427,0.0,0.0,0.0,0.0,0.14285714285714285,0.0,0.0,0.0,0.5,0.0,0.0,0.0,0.0,0.14285714285714285,0.0,0.07142857142857142,0.0,0.14285714285714285,0.0
ALL_150_HIN_HT2_S048,0.7777777777777778,0.0,0.47368421052631576,0.0,0.0,0.0,0.0,0.0,0.05555555555555555,0.0,0.0,0.0,0.0,0.0,0.0,0.0,0.0,0.2631578947368421,0.0,0.0,0.0,0.0,0.0,0.10526315789473684,0.10526315789473684,0.0,0.10526315789473684,0.0
ALL_150_HIN_HT2_S049,0.875,0.125,0.4375,0.0,0.0,0.0,0.0,0.0,0.0,0.0,0.125,0.0,0.0,0.125,0.0,0.0,0.0,0.25,0.0,0.125,0.125,0.0,0.0,0.0,0.0625,0.0,0.0,0.0
ALL_150_HIN_HT2_S050,0.375,0.11764705882352941,0.4117647058823529,0.0,0.0,0.0,0.0,0.0,0.125,0.0,0.0,0.0,0.0,0.058823529411764705,0.0,0.17647058823529413,0.0,0.35294117647058826,0.0,0.0,0.0,0.0,0.0,0.0,0.0,0.0,0.0,0.0
ALL_150_HIN_HT2_S051,0.5,0.0625,0.5,0.0,0.0,0.0,0.0,0.0,0.0625,0.0,0.0,0.0,0.0,0.0,0.0,0.0,0.0,0.375,0.0,0.0,0.0,0.0,0.0,0.0,0.0,0.0,0.0,0.0
ALL_150_HIN_HT2_S052,0.75,0.25,0.5,0.1875,0.0,0.0,0.0,0.125,0.375,0.3125,0.125,0.125,0.0,0.0,0.0,0.0,0.0,0.5625,0.0,0.0,0.125,0.0,0.1875,0.125,0.4375,0.0,0.375,0.375
ALL_150_HIN_HT2_S053,0.6666666666666666,0.07692307692307693,0.6153846153846154,0.0,0.0,0.0,0.07692307692307693,0.0,0.16666666666666666,0.0,0.0,0.0,0.0,0.0,0.0,0.0,0.0,0.46153846153846156,0.0,0.0,0.07692307692307693,0.0,0.15384615384615385,0.0,0.07692307692307693,0.0,0.07692307692307693,0.23076923076923078
ALL_150_HIN_HT2_S054,0.8571428571428571,0.2,0.3333333333333333,0.0,0.0,0.0,0.0,0.0,0.0,0.0,0.0,0.0,0.0,0.0,0.0,0.0,0.0,0.4666666666666667,0.0,0.0,0.06666666666666667,0.0,0.0,0.0,0.26666666666666666,0.0,0.13333333333333333,0.13333333333333333
ALL_150_HIN_HT2_S055,0.5625,0.0,0.6470588235294118,0.0,0.0,0.0,0.0,0.0,0.125,0.11764705882352941,0.0,0.0,0.0,0.0,0.0,0.0,0.0,0.29411764705882354,0.0,0.0,0.0,0.0,0.0,0.0,0.0,0.0,0.0,0.0
ALL_150_HIN_HT2_S056,0.7222222222222222,0.0,0.5555555555555556,0.05555555555555555,0.0,0.05555555555555555,0.05555555555555555,0.05555555555555555,0.05555555555555555,0.0,0.0,0.05555555555555555,0.05555555555555555,0.0,0.0,0.0,0.0,0.3333333333333333,0.05555555555555555,0.05555555555555555,0.0,0.0,0.0,0.05555555555555555,0.05555555555555555,0.0,0.0,0.05555555555555555
ALL_150_HIN_HT2_S057,0.8235294117647058,0.35294117647058826,0.5882352941176471,0.0,0.0,0.0,0.0,0.058823529411764705,0.0,0.0,0.0,0.35294117647058826,0.0,0.11764705882352941,0.4117647058823529,0.0,0.0,0.5882352941176471,0.35294117647058826,0.23529411764705882,0.5294117647058824,0.0,0.35294117647058826,0.11764705882352941,0.29411764705882354,0.058823529411764705,0.4117647058823529,0.17647058823529413
ALL_150_HIN_HT2_S058,0.29411764705882354,0.0,0.29411764705882354,0.0,0.0,0.0,0.0,0.0,0.11764705882352941,0.0,0.0,0.0,0.0,0.0,0.0,0.23529411764705882,0.0,0.11764705882352941,0.0,0.0,0.0,0.0,0.0,0.11764705882352941,0.0,0.0,0.11764705882352941,0.0
ALL_150_HIN_HT2_S059,0.6428571428571429,0.06666666666666667,0.4666666666666667,0.0,0.0,0.0,0.0,0.0,0.07142857142857142,0.0,0.0,0.0,0.0,0.0,0.2,0.13333333333333333,0.0,0.26666666666666666,0.0,0.0,0.2,0.0,0.26666666666666666,0.0,0.06666666666666667,0.0,0.0,0.0
ALL_150_HIN_HT2_S060,0.8,0.06666666666666667,0.26666666666666666,0.0,0.0,0.0,0.0,0.0,0.0,0.0,0.0,0.0,0.0,0.0,0.0,0.13333333333333333,0.0,0.0,0.0,0.0,0.0,0.0,0.0,0.0,0.0,0.0,0.0,0.0
ALL_114_IND_HT2_S046,0.26666666666666666,0.1875,0.25,0.0625,0.0625,0.0,0.0625,0.0625,0.13333333333333333,0.125,0.0625,0.0625,0.0625,0.0625,0.0625,0.0625,0.0625,0.25,0.0625,0.0625,0.0625,0.0625,0.0625,0.0625,0.125,0.0625,0.3125,0.125
ALL_114_IND_HT2_S047,0.6428571428571429,0.35714285714285715,0.7142857142857143,0.2857142857142857,0.0,0.0,0.0,0.0,0.21428571428571427,0.21428571428571427,0.0,0.14285714285714285,0.0,0.2857142857142857,0.14285714285714285,0.2857142857142857,0.0,0.2857142857142857,0.2857142857142857,0.21428571428571427,0.21428571428571427,0.21428571428571427,0.21428571428571427,0.0,0.21428571428571427,0.21428571428571427,0.2857142857142857,0.0
ALL_114_IND_HT2_S048,0.6111111111111112,0.21052631578947367,0.5789473684210527,0.0,0.0,0.0,0.0,0.0,0.05555555555555555,0.0,0.0,0.0,0.0,0.0,0.0,0.3684210526315789,0.0,0.15789473684210525,0.0,0.0,0.0,0.0,0.0,0.10526315789473684,0.10526315789473684,0.0,0.0,0.21052631578947367
ALL_114_IND_HT2_S049,0.875,0.0625,0.5,0.0,0.0,0.0,0.0,0.0,0.0,0.0,0.0,0.0,0.0,0.0,0.0,0.0,0.0,0.0,0.0,0.0,0.0,0.0,0.0,0.0,0.125,0.0,0.125,0.0
ALL_114_IND_HT2_S050,0.5625,0.17647058823529413,0.5882352941176471,0.11764705882352941,0.0,0.0,0.058823529411764705,0.0,0.1875,0.11764705882352941,0.0,0.11764705882352941,0.0,0.11764705882352941,0.11764705882352941,0.17647058823529413,0.0,0.4117647058823529,0.058823529411764705,0.11764705882352941,0.058823529411764705,0.058823529411764705,0.11764705882352941,0.11764705882352941,0.17647058823529413,0.058823529411764705,0.23529411764705882,0.11764705882352941
ALL_114_IND_HT2_S051,0.6875,0.1875,0.5,0.125,0.125,0.0,0.0,0.25,0.125,0.0,0.125,0.1875,0.0,0.125,0.0,0.0,0.0,0.125,0.25,0.25,0.1875,0.0,0.0,0.0,0.1875,0.0,0.1875,0.125
ALL_114_IND_HT2_S052,0.6875,0.125,0.4375,0.1875,0.0,0.0,0.0,0.125,0.125,0.0,0.125,0.0,0.0,0.0,0.0,0.125,0.0,0.0,0.1875,0.0625,0.125,0.0,0.0,0.0625,0.375,0.0,0.0,0.125
ALL_114_IND_HT2_S053,0.8333333333333334,0.7692307692307693,0.6153846153846154,0.0,0.0,0.0,0.0,0.0,0.3333333333333333,0.0,0.0,0.0,0.0,0.15384615384615385,0.0,0.23076923076923078,0.0,0.15384615384615385,0.0,0.0,0.07692307692307693,0.0,0.0,0.15384615384615385,0.23076923076923078,0.0,0.38461538461538464,0.38461538461538464
ALL_114_IND_HT2_S054,0.7857142857142857,0.2,0.4,0.0,0.0,0.0,0.0,0.0,0.07142857142857142,0.0,0.0,0.0,0.0,0.0,0.0,0.0,0.0,0.0,0.0,0.0,0.13333333333333333,0.0,0.0,0.0,0.2,0.0,0.3333333333333333,0.0
ALL_114_IND_HT2_S055,0.5625,0.11764705882352941,0.47058823529411764,0.0,0.0,0.0,0.0,0.0,0.125,0.0,0.0,0.0,0.0,0.0,0.0,0.0,0.0,0.11764705882352941,0.0,0.0,0.0,0.0,0.0,0.0,0.0,0.0,0.0,0.0
ALL_114_IND_HT2_S056,0.9444444444444444,0.0,0.5,0.0,0.0,0.0,0.05555555555555555,0.0,0.05555555555555555,0.0,0.0,0.05555555555555555,0.0,0.0,0.0,0.0,0.0,0.3888888888888889,0.0,0.05555555555555555,0.05555555555555555,0.0,0.0,0.0,0.0,0.0,0.0,0.05555555555555555
ALL_114_IND_HT2_S057,0.6470588235294118,0.11764705882352941,0.5882352941176471,0.0,0.058823529411764705,0.0,0.058823529411764705,0.058823529411764705,0.058823529411764705,0.058823529411764705,0.058823529411764705,0.058823529411764705,0.0,0.058823529411764705,0.11764705882352941,0.0,0.058823529411764705,0.47058823529411764,0.17647058823529413,0.058823529411764705,0.17647058823529413,0.058823529411764705,0.11764705882352941,0.058823529411764705,0.17647058823529413,0.058823529411764705,0.23529411764705882,0.11764705882352941
ALL_114_IND_HT2_S058,0.7058823529411765,0.29411764705882354,0.5294117647058824,0.11764705882352941,0.058823529411764705,0.17647058823529413,0.058823529411764705,0.11764705882352941,0.11764705882352941,0.23529411764705882,0.17647058823529413,0.058823529411764705,0.058823529411764705,0.17647058823529413,0.058823529411764705,0.4117647058823529,0.058823529411764705,0.29411764705882354,0.29411764705882354,0.47058823529411764,0.11764705882352941,0.058823529411764705,0.058823529411764705,0.058823529411764705,0.29411764705882354,0.058823529411764705,0.47058823529411764,0.23529411764705882
ALL_114_IND_HT2_S059,0.9285714285714286,0.4,0.6,0.0,0.0,0.0,0.0,0.0,0.07142857142857142,0.0,0.0,0.0,0.0,0.26666666666666666,0.0,0.13333333333333333,0.0,0.26666666666666666,0.0,0.0,0.2,0.0,0.26666666666666666,0.0,0.26666666666666666,0.0,0.2,0.13333333333333333
ALL_114_IND_HT2_S060,1.0,0.13333333333333333,0.4,0.0,0.0,0.06666666666666667,0.0,0.0,0.06666666666666667,0.13333333333333333,0.13333333333333333,0.06666666666666667,0.06666666666666667,0.2,0.0,0.13333333333333333,0.0,0.2,0.0,0.06666666666666667,0.2,0.0,0.13333333333333333,0.06666666666666667,0.13333333333333333,0.0,0.26666666666666666,0.0
ALL_013_JPN_HT2_S046,0.3333333333333333,0.125,0.5,0.0625,0.0625,0.0625,0.0625,0.0625,0.13333333333333333,0.0625,0.0625,0.375,0.0625,0.0625,0.0,0.0625,0.0625,0.1875,0.0625,0.0625,0.0625,0.0625,0.125,0.125,0.3125,0.0625,0.125,0.0625
ALL_013_JPN_HT2_S047,0.5714285714285714,0.14285714285714285,0.5,0.21428571428571427,0.2857142857142857,0.2857142857142857,0.35714285714285715,0.2857142857142857,0.14285714285714285,0.0,0.21428571428571427,0.14285714285714285,0.35714285714285715,0.2857142857142857,0.21428571428571427,0.2857142857142857,0.2857142857142857,0.6428571428571429,0.21428571428571427,0.35714285714285715,0.21428571428571427,0.0,0.2857142857142857,0.42857142857142855,0.2857142857142857,0.14285714285714285,0.21428571428571427,0.2857142857142857
ALL_013_JPN_HT2_S048,0.8333333333333334,0.3684210526315789,0.5789473684210527,0.0,0.0,0.0,0.0,0.0,0.16666666666666666,0.0,0.0,0.0,0.0,0.0,0.0,0.0,0.0,0.0,0.0,0.0,0.0,0.0,0.0,0.10526315789473684,0.0,0.0,0.10526315789473684,0.05263157894736842
ALL_013_JPN_HT2_S049,0.875,0.0625,0.375,0.0,0.0,0.0,0.0625,0.0,0.1875,0.0,0.0625,0.5625,0.0625,0.0625,0.0,0.0,0.0,0.0625,0.0,0.0,0.0,0.0,0.0625,0.0,0.1875,0.0,0.0625,0.0625
ALL_013_JPN_HT2_S050,0.5,0.17647058823529413,0.4117647058823529,0.0,0.0,0.11764705882352941,0.23529411764705882,0.23529411764705882,0.0625,0.0,0.0,0.0,0.0,0.0,0.0,0.17647058823529413,0.23529411764705882,0.11764705882352941,0.11764705882352941,0.0,0.0,0.17647058823529413,0.058823529411764705,0.058823529411764705,0.11764705882352941,0.0,0.0,0.11764705882352941
ALL_013_JPN_HT2_S051,0.8125,0.0625,0.375,0.125,0.0,0.0,0.0,0.0,0.1875,0.0,0.0,0.125,0.0,0.125,0.0,0.0,0.0,0.1875,0.1875,0.3125,0.0,0.0,0.125,0.0625,0.125,0.0625,0.1875,0.125
ALL_013_JPN_HT2_S052,0.875,0.1875,0.5,0.125,0.0,0.0,0.0,0.0,0.125,0.0,0.0,0.0,0.0,0.0,0.0,0.125,0.0,0.3125,0.1875,0.25,0.1875,0.0,0.0,0.0,0.0625,0.0,0.3125,0.1875
ALL_013_JPN_HT2_S053,0.5833333333333334,0.07692307692307693,0.46153846153846156,0.0,0.0,0.0,0.0,0.0,0.0,0.0,0.0,0.0,0.0,0.0,0.0,0.0,0.0,0.38461538461538464,0.0,0.0,0.0,0.0,0.0,0.0,0.0,0.0,0.0,0.0
ALL_013_JPN_HT2_S054,0.7142857142857143,0.4,0.5333333333333333,0.3333333333333333,0.0,0.13333333333333333,0.26666666666666666,0.26666666666666666,0.35714285714285715,0.4666666666666667,0.13333333333333333,0.26666666666666666,0.13333333333333333,0.2,0.06666666666666667,0.3333333333333333,0.2,0.2,0.4666666666666667,0.4,0.13333333333333333,0.4,0.4666666666666667,0.26666666666666666,0.4666666666666667,0.4666666666666667,0.5333333333333333,0.4666666666666667
ALL_013_JPN_HT2_S055,0.75,0.11764705882352941,0.6470588235294118,0.0,0.0,0.0,0.0,0.058823529411764705,0.4375,0.058823529411764705,0.0,0.0,0.0,0.0,0.0,0.0,0.0,0.47058823529411764,0.11764705882352941,0.0,0.23529411764705882,0.058823529411764705,0.058823529411764705,0.0,0.29411764705882354,0.058823529411764705,0.35294117647058826,0.0
ALL_013_JPN_HT2_S056,0.6666666666666666,0.0,0.3888888888888889,0.0,0.0,0.0,0.0,0.0,0.0,0.0,0.0,0.7777777777777778,0.0,0.0,0.0,0.0,0.0,0.0,0.0,0.0,0.0,0.0,0.0,0.0,0.0,0.0,0.0,0.0
ALL_013_JPN_HT2_S057,0.5294117647058824,0.0,0.47058823529411764,0.23529411764705882,0.0,0.0,0.11764705882352941,0.11764705882352941,0.058823529411764705,0.058823529411764705,0.058823529411764705,0.0,0.0,0.058823529411764705,0.0,0.0,0.23529411764705882,0.5882352941176471,0.058823529411764705,0.29411764705882354,0.23529411764705882,0.058823529411764705,0.0,0.058823529411764705,0.29411764705882354,0.0,0.23529411764705882,0.23529411764705882
ALL_013_JPN_HT2_S058,0.6470588235294118,0.0,0.4117647058823529,0.0,0.0,0.0,0.0,0.0,0.058823529411764705,0.0,0.0,0.0,0.0,0.0,0.0,0.23529411764705882,0.0,0.35294117647058826,0.0,0.0,0.0,0.0,0.058823529411764705,0.058823529411764705,0.29411764705882354,0.0,0.29411764705882354,0.0
ALL_013_JPN_HT2_S059,0.8571428571428571,0.13333333333333333,0.6,0.0,0.0,0.0,0.0,0.0,0.0,0.0,0.0,0.13333333333333333,0.0,0.13333333333333333,0.13333333333333333,0.13333333333333333,0.0,0.0,0.0,0.0,0.0,0.0,0.0,0.0,0.0,0.0,0.13333333333333333,0.0
ALL_013_JPN_HT2_S060,0.8,0.4,0.6,0.26666666666666666,0.0,0.0,0.0,0.0,0.2,0.13333333333333333,0.06666666666666667,0.26666666666666666,0.0,0.13333333333333333,0.4666666666666667,0.06666666666666667,0.0,0.3333333333333333,0.0,0.3333333333333333,0.0,0.0,0.4,0.06666666666666667,0.26666666666666666,0.06666666666666667,0.3333333333333333,0.06666666666666667
ALL_026_JPN_HT2_S046,0.2,0.125,0.4375,0.0625,0.0625,0.0625,0.0625,0.0625,0.13333333333333333,0.0625,0.0625,0.0625,0.0625,0.0625,0.0625,0.0625,0.0625,0.25,0.0625,0.0625,0.0625,0.0625,0.0625,0.125,0.1875,0.0625,0.25,0.0625
ALL_026_JPN_HT2_S047,0.6428571428571429,0.5,0.5,0.0,0.0,0.0,0.0,0.35714285714285715,0.21428571428571427,0.0,0.0,0.35714285714285715,0.0,0.14285714285714285,0.21428571428571427,0.5,0.35714285714285715,0.2857142857142857,0.35714285714285715,0.2857142857142857,0.35714285714285715,0.0,0.0,0.07142857142857142,0.0,0.0,0.14285714285714285,0.0
ALL_026_JPN_HT2_S048,0.5,0.10526315789473684,0.631578947368421,0.0,0.0,0.0,0.0,0.0,0.05555555555555555,0.10526315789473684,0.0,0.0,0.0,0.0,0.0,0.21052631578947367,0.0,0.0,0.0,0.0,0.0,0.0,0.0,0.10526315789473684,0.10526315789473684,0.0,0.10526315789473684,0.0
ALL_026_JPN_HT2_S049,0.8125,0.1875,0.4375,0.0,0.0,0.0,0.0625,0.0,0.1875,0.125,0.0625,0.0625,0.0,0.0,0.0,0.0,0.0,0.0625,0.0,0.0,0.125,0.125,0.125,0.0,0.125,0.0,0.1875,0.0
ALL_026_JPN_HT2_S050,0.4375,0.17647058823529413,0.5882352941176471,0.0,0.0,0.0,0.0,0.0,0.0625,0.0,0.0,0.0,0.0,0.11764705882352941,0.0,0.0,0.0,0.0,0.0,0.0,0.0,0.0,0.0,0.11764705882352941,0.11764705882352941,0.0,0.0,0.0
ALL_026_JPN_HT2_S051,0.6875,0.625,0.625,0.0,0.0625,0.0625,0.0625,0.0625,0.375,0.4375,0.25,0.0,0.125,0.3125,0.0625,0.125,0.25,0.375,0.0625,0.25,0.25,0.5,0.4375,0.25,0.375,0.5,0.5,0.25
ALL_026_JPN_HT2_S052,0.75,0.125,0.375,0.1875,0.0,0.0,0.0,0.0625,0.0625,0.0,0.0,0.0,0.0,0.0,0.0,0.0,0.0,0.6875,0.0625,0.0,0.0,0.0,0.0,0.0,0.0,0.125,0.125,0.0
ALL_026_JPN_HT2_S053,0.9166666666666666,0.6923076923076923,0.6153846153846154,0.38461538461538464,0.0,0.23076923076923078,0.15384615384615385,0.23076923076923078,0.25,0.23076923076923078,0.0,0.15384615384615385,0.15384615384615385,0.07692307692307693,0.15384615384615385,0.15384615384615385,0.0,0.0,0.23076923076923078,0.0,0.0,0.15384615384615385,0.23076923076923078,0.07692307692307693,0.15384615384615385,0.15384615384615385,0.46153846153846156,0.15384615384615385
ALL_026_JPN_HT2_S054,0.9285714285714286,0.4,0.6666666666666666,0.13333333333333333,0.13333333333333333,0.0,0.13333333333333333,0.26666666666666666,0.14285714285714285,0.0,0.3333333333333333,0.13333333333333333,0.13333333333333333,0.13333333333333333,0.13333333333333333,0.0,0.13333333333333333,0.3333333333333333,0.13333333333333333,0.13333333333333333,0.2,0.06666666666666667,0.13333333333333333,0.13333333333333333,0.3333333333333333,0.0,0.26666666666666666,0.13333333333333333
ALL_026_JPN_HT2_S055,0.625,0.11764705882352941,0.7647058823529411,0.0,0.0,0.0,0.0,0.0,0.1875,0.0,0.0,0.4117647058823529,0.0,0.0,0.0,0.0,0.0,0.23529411764705882,0.0,0.0,0.0,0.0,0.0,0.0,0.11764705882352941,0.0,0.0,0.0
ALL_026_JPN_HT2_S056,0.8888888888888888,0.4444444444444444,0.8888888888888888,0.0,0.0,0.0,0.0,0.0,0.05555555555555555,0.0,0.0,0.0,0.0,0.05555555555555555,0.0,0.0,0.0,0.0,0.0,0.05555555555555555,0.0,0.0,0.0,0.0,0.0,0.0,0.1111111111111111,0.0
ALL_026_JPN_HT2_S057,0.35294117647058826,0.0,0.5882352941176471,0.23529411764705882,0.0,0.23529411764705882,0.23529411764705882,0.29411764705882354,0.058823529411764705,0.0,0.11764705882352941,0.11764705882352941,0.0,0.11764705882352941,0.0,0.23529411764705882,0.29411764705882354,0.35294117647058826,0.29411764705882354,0.23529411764705882,0.23529411764705882,0.058823529411764705,0.23529411764705882,0.11764705882352941,0.11764705882352941,0.11764705882352941,0.23529411764705882,0.11764705882352941
ALL_026_JPN_HT2_S058,0.35294117647058826,0.17647058823529413,0.5882352941176471,0.0,0.0,0.0,0.0,0.0,0.11764705882352941,0.0,0.0,0.0,0.0,0.0,0.0,0.23529411764705882,0.0,0.0,0.0,0.0,0.0,0.0,0.0,0.0,0.0,0.0,0.0,0.0
ALL_026_JPN_HT2_S059,0.7142857142857143,0.0,0.4,0.0,0.0,0.0,0.0,0.0,0.07142857142857142,0.0,0.0,0.0,0.0,0.0,0.13333333333333333,0.0,0.0,0.0,0.0,0.0,0.0,0.0,0.0,0.0,0.0,0.0,0.0,0.0
ALL_026_JPN_HT2_S060,0.6666666666666666,0.06666666666666667,0.4,0.0,0.0,0.0,0.06666666666666667,0.2,0.13333333333333333,0.13333333333333333,0.06666666666666667,0.0,0.0,0.0,0.13333333333333333,0.0,0.0,0.5333333333333333,0.6666666666666666,0.5333333333333333,0.0,0.13333333333333333,0.0,0.0,0.26666666666666666,0.0,0.3333333333333333,0.0
ALL_113_JPN_HT2_S046,0.4,0.125,0.5625,0.0625,0.0625,0.0625,0.0625,0.0625,0.26666666666666666,0.1875,0.0625,0.0625,0.0625,0.0,0.0,0.0625,0.0625,0.8125,0.0625,0.0625,0.125,0.0625,0.125,0.25,0.125,0.0625,0.3125,0.125
ALL_113_JPN_HT2_S047,0.7142857142857143,0.7142857142857143,0.7857142857142857,0.5714285714285714,0.5,0.42857142857142855,0.42857142857142855,0.42857142857142855,0.7142857142857143,0.2857142857142857,0.5714285714285714,0.7857142857142857,0.5,0.6428571428571429,0.5714285714285714,1.0,0.5714285714285714,1.0,0.21428571428571427,0.5714285714285714,0.2857142857142857,0.2857142857142857,0.35714285714285715,0.21428571428571427,0.2857142857142857,0.2857142857142857,0.42857142857142855,0.42857142857142855
ALL_113_JPN_HT2_S048,0.7222222222222222,0.5263157894736842,0.5789473684210527,0.0,0.0,0.0,0.0,0.0,0.16666666666666666,0.10526315789473684,0.0,1.0,0.0,0.10526315789473684,0.0,0.0,0.0,0.3684210526315789,0.15789473684210525,0.42105263157894735,0.3157894736842105,0.0,0.21052631578947367,0.10526315789473684,0.2631578947368421,0.0,0.3684210526315789,0.15789473684210525
ALL_113_JPN_HT2_S049,0.8125,0.0625,0.3125,0.0,0.0,0.0,0.0,0.0,0.0,0.0,0.0,1.0,0.0,0.125,0.0,0.0,0.0,0.25,0.125,0.0,0.125,0.0,0.0,0.0,0.0,0.0,0.125,0.0
ALL_113_JPN_HT2_S050,0.6875,0.29411764705882354,0.7647058823529411,0.29411764705882354,0.23529411764705882,0.058823529411764705,0.058823529411764705,0.11764705882352941,0.25,0.23529411764705882,0.29411764705882354,0.0,0.058823529411764705,0.17647058823529413,0.058823529411764705,0.7058823529411765,0.058823529411764705,0.6470588235294118,0.058823529411764705,0.47058823529411764,0.4117647058823529,0.23529411764705882,0.17647058823529413,0.17647058823529413,0.23529411764705882,0.23529411764705882,0.11764705882352941,0.23529411764705882
ALL_113_JPN_HT2_S051,0.875,0.25,0.5,0.1875,0.0,0.0,0.0,0.125,0.1875,0.0,0.0,0.125,0.0,0.1875,0.0,0.4375,0.0625,0.625,0.25,0.25,0.3125,0.0,0.25,0.125,0.25,0.0,0.3125,0.1875
ALL_113_JPN_HT2_S052,0.75,0.0625,0.25,0.0,0.0,0.0,0.0,0.0,0.0625,0.0,0.0,0.0,0.0,0.0,0.0,0.0,0.0,0.3125,0.0,0.1875,0.0,0.0,0.125,0.0,0.0,0.0,0.0,0.0
ALL_113_JPN_HT2_S053,0.8333333333333334,0.3076923076923077,0.46153846153846156,0.38461538461538464,0.0,0.0,0.0,0.0,0.25,0.23076923076923078,0.0,0.0,0.0,0.0,0.0,0.15384615384615385,0.0,0.15384615384615385,0.38461538461538464,0.38461538461538464,0.0,0.0,0.38461538461538464,0.3076923076923077,0.07692307692307693,0.0,0.5384615384615384,0.23076923076923078
ALL_113_JPN_HT2_S054,0.7857142857142857,0.4666666666666667,0.8,0.3333333333333333,0.3333333333333333,0.6,0.5333333333333333,0.5333333333333333,0.5,0.4,0.3333333333333333,0.5333333333333333,0.3333333333333333,0.6,0.4666666666666667,0.5333333333333333,0.6,0.6666666666666666,0.4,0.5333333333333333,0.5333333333333333,0.4666666666666667,0.4,0.4,0.4666666666666667,0.5333333333333333,0.6666666666666666,0.5333333333333333
ALL_113_JPN_HT2_S055,0.5625,0.17647058823529413,0.47058823529411764,0.0,0.0,0.0,0.0,0.058823529411764705,0.3125,0.0,0.17647058823529413,0.0,0.0,0.11764705882352941,0.0,0.0,0.0,0.5882352941176471,0.0,0.0,0.4117647058823529,0.11764705882352941,0.11764705882352941,0.058823529411764705,0.17647058823529413,0.11764705882352941,0.23529411764705882,0.23529411764705882
ALL_113_JPN_HT2_S056,0.5,0.5,0.5555555555555556,0.3333333333333333,0.0,0.0,0.05555555555555555,0.16666666666666666,0.1111111111111111,0.2222222222222222,0.3333333333333333,0.16666666666666666,0.05555555555555555,0.2222222222222222,0.0,0.16666666666666666,0.16666666666666666,0.5,0.3888888888888889,0.3333333333333333,0.3333333333333333,0.1111111111111111,0.2777777777777778,0.16666666666666666,0.2777777777777778,0.0,0.4444444444444444,0.1111111111111111
ALL_113_JPN_HT2_S057,0.47058823529411764,0.058823529411764705,0.5294117647058824,0.29411764705882354,0.11764705882352941,0.11764705882352941,0.0,0.17647058823529413,0.058823529411764705,0.11764705882352941,0.17647058823529413,0.23529411764705882,0.11764705882352941,0.11764705882352941,0.35294117647058826,0.0,0.11764705882352941,0.7647058823529411,0.23529411764705882,0.29411764705882354,0.4117647058823529,0.11764705882352941,0.4117647058823529,0.23529411764705882,0.23529411764705882,0.11764705882352941,0.4117647058823529,0.058823529411764705
ALL_113_JPN_HT2_S058,0.7647058823529411,0.5882352941176471,0.5882352941176471,0.058823529411764705,0.0,0.0,0.058823529411764705,0.17647058823529413,0.5294117647058824,0.4117647058823529,0.29411764705882354,0.058823529411764705,0.058823529411764705,0.23529411764705882,0.0,0.23529411764705882,0.29411764705882354,0.4117647058823529,0.058823529411764705,0.058823529411764705,0.0,0.5294117647058824,0.47058823529411764,0.17647058823529413,0.35294117647058826,0.4117647058823529,0.35294117647058826,0.35294117647058826
ALL_113_JPN_HT2_S059,0.7857142857142857,0.06666666666666667,0.6,0.0,0.0,0.0,0.0,0.0,0.07142857142857142,0.0,0.0,0.0,0.0,0.0,0.13333333333333333,0.0,0.0,0.2,0.0,0.0,0.0,0.0,0.0,0.0,0.13333333333333333,0.0,0.4,0.0
ALL_113_JPN_HT2_S060,0.4666666666666667,0.4,0.6666666666666666,0.26666666666666666,0.26666666666666666,0.26666666666666666,0.4,0.26666666666666666,0.6,0.26666666666666666,0.4,0.6,0.26666666666666666,0.2,0.4666666666666667,0.6666666666666666,0.26666666666666666,1.0,0.26666666666666666,0.26666666666666666,0.4,0.2,0.4,0.2,0.26666666666666666,0.26666666666666666,0.26666666666666666,0.2
ALL_017_KOR_HT2_S046,0.3333333333333333,0.0625,0.3125,0.0625,0.0625,0.0625,0.0625,0.0625,0.13333333333333333,0.0625,0.0625,0.0625,0.0625,0.0625,0.0,0.0625,0.0625,0.0625,0.0625,0.0625,0.0625,0.0625,0.0625,0.0625,0.1875,0.0625,0.0625,0.0625
ALL_017_KOR_HT2_S047,0.42857142857142855,0.14285714285714285,0.42857142857142855,0.0,0.0,0.0,0.0,0.0,0.07142857142857142,0.0,0.0,0.5714285714285714,0.0,0.0,0.0,0.0,0.0,0.07142857142857142,0.2857142857142857,0.0,0.0,0.0,0.0,0.0,0.0,0.0,0.0,0.0
ALL_017_KOR_HT2_S048,0.7777777777777778,0.42105263157894735,0.6842105263157895,0.0,0.0,0.0,0.0,0.0,0.16666666666666666,0.0,0.0,0.0,0.0,0.0,0.0,0.0,0.0,0.05263157894736842,0.0,0.0,0.10526315789473684,0.0,0.0,0.15789473684210525,0.10526315789473684,0.0,0.15789473684210525,0.2631578947368421
ALL_017_KOR_HT2_S049,0.5,0.125,0.25,0.0,0.0,0.0,0.0,0.0,0.0625,0.125,0.0,0.0,0.0,0.0,0.0,0.0,0.0,0.0,0.0,0.0,0.0,0.0,0.0,0.0,0.0,0.0,0.0,0.0
ALL_017_KOR_HT2_S050,0.5,0.17647058823529413,0.6470588235294118,0.0,0.0,0.0,0.0,0.0,0.125,0.058823529411764705,0.0,0.0,0.0,0.058823529411764705,0.0,0.0,0.0,0.4117647058823529,0.0,0.17647058823529413,0.0,0.0,0.0,0.058823529411764705,0.058823529411764705,0.0,0.058823529411764705,0.058823529411764705
ALL_017_KOR_HT2_S051,0.5625,0.0,0.4375,0.0,0.0,0.0,0.0,0.0,0.0625,0.0,0.125,0.125,0.0,0.0,0.0,0.0,0.0,0.3125,0.0,0.125,0.0625,0.0,0.0,0.0,0.0625,0.0,0.1875,0.0
ALL_017_KOR_HT2_S052,0.6875,0.125,0.1875,0.0,0.0,0.0,0.0,0.0,0.0625,0.0,0.0,0.0,0.0,0.0,0.0,0.0,0.0,0.125,0.0,0.0625,0.0,0.0,0.0,0.0,0.0,0.0,0.0,0.0
ALL_017_KOR_HT2_S053,0.9166666666666666,0.5384615384615384,0.5384615384615384,0.0,0.0,0.0,0.0,0.0,0.0,0.0,0.0,0.0,0.0,0.0,0.0,0.0,0.0,0.15384615384615385,0.0,0.0,0.07692307692307693,0.07692307692307693,0.0,0.07692307692307693,0.0,0.0,0.0,0.0
ALL_017_KOR_HT2_S054,0.35714285714285715,0.3333333333333333,0.5333333333333333,0.0,0.0,0.0,0.0,0.0,0.07142857142857142,0.0,0.0,0.0,0.0,0.0,0.0,0.0,0.0,0.0,0.0,0.0,0.0,0.0,0.0,0.0,0.13333333333333333,0.0,0.0,0.0
ALL_017_KOR_HT2_S055,0.5,0.0,0.5294117647058824,0.0,0.0,0.0,0.0,0.0,0.125,0.0,0.0,0.5882352941176471,0.0,0.0,0.0,0.0,0.0,0.11764705882352941,0.0,0.0,0.058823529411764705,0.0,0.0,0.0,0.0,0.0,0.0,0.0
ALL_017_KOR_HT2_S056,0.7777777777777778,0.0,0.3888888888888889,0.0,0.0,0.0,0.0,0.0,0.0,0.0,0.0,0.0,0.0,0.0,0.0,0.0,0.0,0.0,0.0,0.0,0.0,0.0,0.0,0.0,0.0,0.0,0.0,0.0
ALL_017_KOR_HT2_S057,0.29411764705882354,0.0,0.5294117647058824,0.0,0.0,0.0,0.0,0.0,0.0,0.0,0.0,0.0,0.0,0.0,0.0,0.0,0.0,0.4117647058823529,0.0,0.0,0.17647058823529413,0.0,0.0,0.0,0.0,0.0,0.0,0.0
ALL_017_KOR_HT2_S058,0.4117647058823529,0.0,0.5294117647058824,0.0,0.0,0.0,0.0,0.0,0.11764705882352941,0.0,0.0,0.0,0.0,0.0,0.0,0.0,0.0,0.0,0.11764705882352941,0.0,0.0,0.0,0.0,0.0,0.0,0.0,0.0,0.0
ALL_017_KOR_HT2_S059,0.8571428571428571,0.13333333333333333,0.4,0.13333333333333333,0.13333333333333333,0.13333333333333333,0.13333333333333333,0.13333333333333333,0.21428571428571427,0.13333333333333333,0.13333333333333333,0.13333333333333333,0.13333333333333333,0.13333333333333333,0.13333333333333333,0.13333333333333333,0.13333333333333333,0.13333333333333333,0.13333333333333333,0.13333333333333333,0.13333333333333333,0.13333333333333333,0.13333333333333333,0.13333333333333333,0.2,0.13333333333333333,0.2,0.13333333333333333
ALL_017_KOR_HT2_S060,0.4666666666666667,0.6,0.6666666666666666,0.0,0.0,0.0,0.0,0.0,0.0,0.0,0.0,0.0,0.0,0.0,0.0,0.0,0.0,0.0,0.0,0.0,0.0,0.0,0.0,0.0,0.0,0.0,0.0,0.0
ALL_023_KOR_HT2_S046,0.4666666666666667,0.1875,0.4375,0.125,0.0625,0.0625,0.0625,0.0625,0.2,0.1875,0.0625,0.0625,0.0625,0.125,0.0625,0.0625,0.0625,0.0625,0.0625,0.0625,0.0625,0.125,0.125,0.125,0.1875,0.125,0.4375,0.125
ALL_023_KOR_HT2_S047,0.7142857142857143,0.7142857142857143,0.7142857142857143,0.5714285714285714,0.6428571428571429,0.14285714285714285,0.42857142857142855,0.42857142857142855,0.5714285714285714,0.5714285714285714,0.6428571428571429,0.5,0.14285714285714285,0.5,0.6428571428571429,0.8571428571428571,0.7142857142857143,0.7142857142857143,0.2857142857142857,0.7142857142857143,0.42857142857142855,0.5,0.5714285714285714,0.6428571428571429,0.6428571428571429,0.7142857142857143,0.5,0.6428571428571429
ALL_023_KOR_HT2_S048,0.7222222222222222,0.21052631578947367,0.7368421052631579,0.15789473684210525,0.15789473684210525,0.15789473684210525,0.15789473684210525,0.15789473684210525,0.16666666666666666,0.15789473684210525,0.15789473684210525,0.15789473684210525,0.15789473684210525,0.15789473684210525,0.15789473684210525,0.15789473684210525,0.15789473684210525,0.21052631578947367,0.15789473684210525,0.15789473684210525,0.15789473684210525,0.15789473684210525,0.15789473684210525,0.0,0.15789473684210525,0.10526315789473684,0.2631578947368421,0.15789473684210525
ALL_023_KOR_HT2_S049,0.5625,0.5,0.5,0.125,0.125,0.125,0.0,0.0,0.125,0.125,0.125,0.125,0.0,0.1875,0.0,0.0,0.0,0.125,0.0,0.125,0.125,0.125,0.125,0.125,0.0625,0.125,0.25,0.0625
ALL_023_KOR_HT2_S050,0.75,0.17647058823529413,0.5882352941176471,0.0,0.0,0.0,0.0,0.0,0.1875,0.11764705882352941,0.058823529411764705,0.058823529411764705,0.0,0.058823529411764705,0.0,0.0,0.0,0.35294117647058826,0.0,0.0,0.058823529411764705,0.11764705882352941,0.11764705882352941,0.058823529411764705,0.11764705882352941,0.11764705882352941,0.11764705882352941,0.058823529411764705
ALL_023_KOR_HT2_S051,0.375,0.4375,0.625,0.125,0.0,0.125,0.125,0.0625,0.125,0.125,0.125,0.0,0.0,0.125,0.25,0.625,0.125,0.5625,0.125,0.125,0.125,0.125,0.0,0.125,0.1875,0.125,0.3125,0.125
ALL_023_KOR_HT2_S052,0.875,0.1875,0.375,0.1875,0.0,0.0,0.0,0.0,0.375,0.25,0.375,0.0,0.125,0.25,0.0,0.25,0.0,0.125,0.3125,0.1875,0.3125,0.125,0.0,0.3125,0.125,0.0,0.0,0.3125
ALL_023_KOR_HT2_S053,0.8333333333333334,0.46153846153846156,0.38461538461538464,0.23076923076923078,0.0,0.0,0.0,0.0,0.16666666666666666,0.15384615384615385,0.0,0.23076923076923078,0.0,0.15384615384615385,0.0,0.0,0.0,0.7692307692307693,0.23076923076923078,0.23076923076923078,0.0,0.3076923076923077,0.23076923076923078,0.23076923076923078,0.46153846153846156,0.15384615384615385,0.5384615384615384,0.3076923076923077
ALL_023_KOR_HT2_S054,0.7142857142857143,0.4666666666666667,0.5333333333333333,0.0,0.0,0.06666666666666667,0.0,0.0,0.14285714285714285,0.0,0.0,0.0,0.0,0.0,0.0,0.0,0.0,0.4,0.0,0.13333333333333333,0.4666666666666667,0.06666666666666667,0.2,0.06666666666666667,0.3333333333333333,0.2,0.13333333333333333,0.2
ALL_023_KOR_HT2_S055,0.5625,0.29411764705882354,0.6470588235294118,0.0,0.0,0.0,0.0,0.0,0.1875,0.0,0.0,0.17647058823529413,0.0,0.0,0.0,0.0,0.0,0.23529411764705882,0.0,0.0,0.23529411764705882,0.17647058823529413,0.17647058823529413,0.0,0.0,0.0,0.23529411764705882,0.0
ALL_023_KOR_HT2_S056,0.8888888888888888,0.2777777777777778,0.3888888888888889,0.0,0.0,0.0,0.0,0.0,0.16666666666666666,0.0,0.0,0.0,0.0,0.16666666666666666,0.0,0.0,0.0,0.5555555555555556,0.1111111111111111,0.16666666666666666,0.2777777777777778,0.1111111111111111,0.1111111111111111,0.0,0.16666666666666666,0.1111111111111111,0.05555555555555555,0.05555555555555555
ALL_023_KOR_HT2_S057,0.35294117647058826,0.0,0.6470588235294118,0.0,0.0,0.0,0.0,0.0,0.0,0.0,0.0,0.0,0.0,0.0,0.0,0.0,0.0,0.35294117647058826,0.0,0.0,0.0,0.0,0.0,0.0,0.0,0.0,0.11764705882352941,0.0
ALL_023_KOR_HT2_S058,0.6470588235294118,0.4117647058823529,0.5294117647058824,0.17647058823529413,0.058823529411764705,0.0,0.058823529411764705,0.058823529411764705,0.4117647058823529,0.47058823529411764,0.35294117647058826,0.35294117647058826,0.47058823529411764,0.4117647058823529,0.17647058823529413,0.11764705882352941,0.23529411764705882,0.6470588235294118,0.17647058823529413,0.4117647058823529,0.058823529411764705,0.29411764705882354,0.35294117647058826,0.17647058823529413,0.47058823529411764,0.058823529411764705,0.47058823529411764,0.17647058823529413
ALL_023_KOR_HT2_S059,0.8571428571428571,0.2,0.5333333333333333,0.26666666666666666,0.0,0.0,0.2,0.2,0.07142857142857142,0.13333333333333333,0.0,0.2,0.0,0.26666666666666666,0.13333333333333333,0.6,0.2,0.26666666666666666,0.0,0.2,0.26666666666666666,0.0,0.2,0.0,0.2,0.06666666666666667,0.2,0.0
ALL_023_KOR_HT2_S060,0.6,0.13333333333333333,0.6,0.4,0.0,0.0,0.0,0.0,0.0,0.0,0.0,0.4666666666666667,0.0,0.0,0.0,0.0,0.0,0.5333333333333333,0.0,0.13333333333333333,0.0,0.0,0.0,0.0,0.3333333333333333,0.0,0.06666666666666667,0.0
ALL_048_KOR_HT2_S046,0.26666666666666666,0.125,0.3125,0.0625,0.0625,0.0625,0.0625,0.0625,0.06666666666666667,0.0625,0.0625,0.0625,0.0625,0.0625,0.0,0.0625,0.0625,0.0625,0.0625,0.0625,0.0625,0.0625,0.0625,0.0625,0.0625,0.0625,0.125,0.0
ALL_048_KOR_HT2_S047,0.42857142857142855,0.2857142857142857,0.5714285714285714,0.0,0.0,0.0,0.0,0.07142857142857142,0.14285714285714285,0.0,0.0,0.0,0.0,0.0,0.0,0.21428571428571427,0.0,0.0,0.14285714285714285,0.0,0.0,0.0,0.0,0.0,0.0,0.0,0.0,0.07142857142857142
ALL_048_KOR_HT2_S048,0.7777777777777778,0.5263157894736842,0.5789473684210527,0.0,0.0,0.0,0.0,0.0,0.05555555555555555,0.0,0.0,0.0,0.0,0.0,0.0,0.15789473684210525,0.0,0.0,0.0,0.0,0.0,0.0,0.0,0.15789473684210525,0.21052631578947367,0.0,0.10526315789473684,0.10526315789473684
ALL_048_KOR_HT2_S049,0.8125,0.625,0.5625,0.1875,0.0,0.0,0.3125,0.0,0.25,0.4375,0.0,0.0,0.0,0.0625,0.0,0.0,0.0,0.0,0.0,0.25,0.0,0.25,0.125,0.125,0.375,0.0625,0.375,0.125
ALL_048_KOR_HT2_S050,0.5,0.058823529411764705,0.47058823529411764,0.0,0.0,0.0,0.0,0.0,0.125,0.0,0.0,0.058823529411764705,0.0,0.0,0.0,0.0,0.0,0.35294117647058826,0.0,0.0,0.0,0.0,0.0,0.058823529411764705,0.058823529411764705,0.0,0.058823529411764705,0.058823529411764705
ALL_048_KOR_HT2_S051,0.625,0.6875,0.6875,0.1875,0.0,0.0,0.0,0.0,0.0625,0.0,0.0625,0.0,0.0,0.1875,0.0,0.0,0.0,0.625,0.25,0.3125,0.1875,0.0,0.0,0.0,0.0,0.0,0.125,0.0
ALL_048_KOR_HT2_S052,0.3125,0.125,0.3125,0.0,0.0,0.0,0.0625,0.0,0.0,0.0,0.0,0.0,0.0625,0.0,0.0,0.0,0.0625,0.0,0.0625,0.0,0.0,0.0,0.0,0.125,0.0,0.0,0.125,0.0625
ALL_048_KOR_HT2_S053,0.75,0.07692307692307693,0.5384615384615384,0.0,0.0,0.0,0.0,0.0,0.4166666666666667,0.15384615384615385,0.0,0.0,0.0,0.0,0.0,0.0,0.0,0.15384615384615385,0.0,0.0,0.0,0.0,0.0,0.0,0.0,0.0,0.0,0.0
ALL_048_KOR_HT2_S054,0.7857142857142857,0.4,0.6666666666666666,0.0,0.0,0.0,0.0,0.0,0.0,0.2,0.0,0.0,0.0,0.0,0.0,0.0,0.0,0.13333333333333333,0.0,0.0,0.13333333333333333,0.0,0.0,0.0,0.13333333333333333,0.0,0.0,0.0
ALL_048_KOR_HT2_S055,0.6875,0.0,0.6470588235294118,0.0,0.0,0.0,0.0,0.0,0.125,0.23529411764705882,0.0,0.0,0.0,0.058823529411764705,0.0,0.0,0.0,0.0,0.0,0.0,0.058823529411764705,0.0,0.0,0.0,0.11764705882352941,0.0,0.0,0.0
ALL_048_KOR_HT2_S056,0.8333333333333334,0.16666666666666666,0.4444444444444444,0.0,0.0,0.0,0.0,0.0,0.0,0.0,0.0,0.0,0.0,0.0,0.0,0.0,0.0,0.05555555555555555,0.0,0.0,0.0,0.0,0.0,0.0,0.0,0.0,0.1111111111111111,0.0
ALL_048_KOR_HT2_S057,0.9411764705882353,0.0,0.6470588235294118,0.0,0.0,0.0,0.0,0.11764705882352941,0.11764705882352941,0.058823529411764705,0.058823529411764705,0.0,0.0,0.11764705882352941,0.17647058823529413,0.0,0.11764705882352941,0.5882352941176471,0.23529411764705882,0.23529411764705882,0.17647058823529413,0.058823529411764705,0.0,0.0,0.0,0.0,0.058823529411764705,0.058823529411764705
ALL_048_KOR_HT2_S058,0.4117647058823529,0.058823529411764705,0.6470588235294118,0.0,0.0,0.0,0.0,0.058823529411764705,0.17647058823529413,0.058823529411764705,0.0,0.0,0.0,0.0,0.0,0.0,0.0,0.0,0.17647058823529413,0.0,0.0,0.0,0.0,0.058823529411764705,0.058823529411764705,0.058823529411764705,0.058823529411764705,0.0
ALL_048_KOR_HT2_S059,0.7142857142857143,0.0,0.6666666666666666,0.13333333333333333,0.0,0.13333333333333333,0.13333333333333333,0.13333333333333333,0.07142857142857142,0.06666666666666667,0.13333333333333333,0.13333333333333333,0.0,0.13333333333333333,0.13333333333333333,0.13333333333333333,0.13333333333333333,0.13333333333333333,0.13333333333333333,0.13333333333333333,0.13333333333333333,0.0,0.13333333333333333,0.0,0.13333333333333333,0.06666666666666667,0.0,0.13333333333333333
ALL_048_KOR_HT2_S060,0.8,0.06666666666666667,0.3333333333333333,0.0,0.0,0.0,0.0,0.0,0.0,0.0,0.0,0.0,0.0,0.0,0.0,0.0,0.0,0.0,0.0,0.0,0.0,0.0,0.0,0.0,0.0,0.0,0.0,0.0
ALL_094_KOR_HT2_S046,0.3333333333333333,0.25,0.3125,0.0625,0.0625,0.0,0.0625,0.0625,0.13333333333333333,0.0625,0.0625,0.0625,0.0625,0.0625,0.0625,0.0625,0.0625,0.25,0.0625,0.0625,0.0625,0.0625,0.0625,0.0625,0.25,0.125,0.125,0.0625
ALL_094_KOR_HT2_S047,0.5714285714285714,0.21428571428571427,0.6428571428571429,0.0,0.0,0.0,0.0,0.0,0.14285714285714285,0.0,0.0,0.0,0.0,0.0,0.0,0.0,0.0,1.0,0.07142857142857142,0.0,0.0,0.0,0.0,0.0,0.07142857142857142,0.0,0.0,0.0
ALL_094_KOR_HT2_S048,0.6666666666666666,0.2631578947368421,0.631578947368421,0.0,0.0,0.0,0.0,0.0,0.1111111111111111,0.0,0.0,0.0,0.0,0.0,0.0,0.0,0.0,0.15789473684210525,0.10526315789473684,0.0,0.2631578947368421,0.0,0.0,0.10526315789473684,0.0,0.0,0.21052631578947367,0.10526315789473684
ALL_094_KOR_HT2_S049,0.875,0.25,0.3125,0.0,0.0,0.0,0.0,0.0,0.125,0.125,0.0,0.0,0.0,0.0625,0.0,0.0,0.0,0.3125,0.0,0.0,0.0,0.0,0.0625,0.0,0.0625,0.0,0.25,0.0
ALL_094_KOR_HT2_S050,1.0,0.11764705882352941,0.4117647058823529,0.0,0.0,0.0,0.058823529411764705,0.0,0.25,0.058823529411764705,0.0,0.17647058823529413,0.0,0.0,0.0,0.0,0.23529411764705882,0.0,0.0,0.0,0.0,0.0,0.0,0.0,0.0,0.058823529411764705,0.058823529411764705,0.0
ALL_094_KOR_HT2_S051,0.8125,0.1875,0.6875,0.0,0.0,0.0,0.0,0.125,0.0625,0.0,0.0,0.0,0.0,0.0,0.0,0.0,0.125,0.4375,0.3125,0.0,0.1875,0.0,0.0625,0.0625,0.125,0.0,0.0,0.125
ALL_094_KOR_HT2_S052,0.6875,0.1875,0.625,0.1875,0.0,0.0,0.0,0.125,0.0625,0.125,0.0625,0.0,0.0,0.0625,0.0,0.125,0.0,0.0,0.125,0.0,0.125,0.0,0.0,0.0625,0.125,0.0,0.125,0.1875
ALL_094_KOR_HT2_S053,0.8333333333333334,0.3076923076923077,0.6153846153846154,0.0,0.0,0.0,0.0,0.0,0.25,0.23076923076923078,0.0,0.0,0.0,0.0,0.0,0.0,0.0,0.0,0.0,0.0,0.0,0.0,0.0,0.0,0.38461538461538464,0.0,0.3076923076923077,0.0
ALL_094_KOR_HT2_S054,1.0,0.5333333333333333,0.6666666666666666,0.0,0.0,0.0,0.0,0.0,0.07142857142857142,0.0,0.0,0.0,0.0,0.0,0.0,0.0,0.0,0.4666666666666667,0.0,0.0,0.0,0.0,0.0,0.06666666666666667,0.0,0.0,0.0,0.0
ALL_094_KOR_HT2_S055,0.5,0.29411764705882354,0.6470588235294118,0.17647058823529413,0.0,0.0,0.0,0.0,0.25,0.0,0.11764705882352941,0.0,0.0,0.0,0.0,0.17647058823529413,0.0,0.47058823529411764,0.0,0.17647058823529413,0.23529411764705882,0.11764705882352941,0.11764705882352941,0.17647058823529413,0.23529411764705882,0.11764705882352941,0.17647058823529413,0.11764705882352941
ALL_094_KOR_HT2_S056,0.8333333333333334,0.16666666666666666,0.6111111111111112,0.05555555555555555,0.0,0.05555555555555555,0.0,0.05555555555555555,0.2222222222222222,0.1111111111111111,0.05555555555555555,0.0,0.05555555555555555,0.05555555555555555,0.0,0.0,0.05555555555555555,0.3333333333333333,0.16666666666666666,0.1111111111111111,0.2222222222222222,0.0,0.16666666666666666,0.05555555555555555,0.2777777777777778,0.05555555555555555,0.2777777777777778,0.05555555555555555
ALL_094_KOR_HT2_S057,0.4117647058823529,0.0,0.47058823529411764,0.0,0.0,0.0,0.058823529411764705,0.0,0.058823529411764705,0.0,0.0,0.0,0.0,0.11764705882352941,0.0,0.0,0.0,0.35294117647058826,0.058823529411764705,0.0,0.17647058823529413,0.0,0.0,0.058823529411764705,0.058823529411764705,0.0,0.058823529411764705,0.058823529411764705
ALL_094_KOR_HT2_S058,0.6470588235294118,0.23529411764705882,0.5294117647058824,0.0,0.0,0.0,0.0,0.0,0.17647058823529413,0.0,0.0,0.17647058823529413,0.0,0.0,0.0,0.0,0.0,0.17647058823529413,0.17647058823529413,0.17647058823529413,0.0,0.0,0.058823529411764705,0.058823529411764705,0.17647058823529413,0.0,0.11764705882352941,0.058823529411764705
ALL_094_KOR_HT2_S059,0.7857142857142857,0.0,0.5333333333333333,0.0,0.0,0.0,0.0,0.0,0.07142857142857142,0.0,0.0,0.0,0.0,0.0,0.13333333333333333,0.0,0.0,0.0,0.0,0.0,0.0,0.0,0.0,0.0,0.06666666666666667,0.0,0.2,0.0
ALL_094_KOR_HT2_S060,0.5333333333333333,0.06666666666666667,0.4,0.0,0.0,0.0,0.0,0.13333333333333333,0.0,0.0,0.13333333333333333,0.06666666666666667,0.0,0.13333333333333333,0.0,0.0,0.0,0.4666666666666667,0.06666666666666667,0.26666666666666666,0.0,0.0,0.2,0.0,0.2,0.0,0.13333333333333333,0.13333333333333333
ALL_095_KOR_HT2_S046,0.9333333333333333,0.1875,0.375,0.0625,0.0625,0.0625,0.0625,0.125,0.2,0.3125,0.0625,0.0625,0.0625,0.0,0.0625,0.0625,0.0,0.5625,0.0625,0.0625,0.0625,0.1875,0.125,0.1875,0.25,0.125,0.25,0.0625
ALL_095_KOR_HT2_S047,0.7857142857142857,0.35714285714285715,0.7142857142857143,0.0,0.0,0.0,0.0,0.0,0.2857142857142857,0.0,0.0,0.0,0.0,0.07142857142857142,0.0,0.6428571428571429,0.0,0.5714285714285714,0.5,0.21428571428571427,0.2857142857142857,0.14285714285714285,0.0,0.07142857142857142,0.21428571428571427,0.0,0.14285714285714285,0.07142857142857142
ALL_095_KOR_HT2_S048,0.7222222222222222,0.5263157894736842,0.631578947368421,0.15789473684210525,0.42105263157894735,0.21052631578947367,0.21052631578947367,0.3157894736842105,0.2777777777777778,0.3157894736842105,0.2631578947368421,0.21052631578947367,0.21052631578947367,0.3157894736842105,0.0,0.21052631578947367,0.15789473684210525,0.42105263157894735,0.3157894736842105,0.2631578947368421,0.2631578947368421,0.3684210526315789,0.47368421052631576,0.15789473684210525,0.42105263157894735,0.3157894736842105,0.5789473684210527,0.21052631578947367
ALL_095_KOR_HT2_S049,0.875,0.375,0.5625,0.3125,0.0625,0.0,0.0,0.125,0.375,0.5,0.1875,0.0625,0.0625,0.0625,0.0,0.125,0.3125,0.6875,0.25,0.3125,0.125,0.125,0.125,0.375,0.3125,0.25,0.0625,0.25
ALL_095_KOR_HT2_S050,0.8125,0.058823529411764705,0.4117647058823529,0.0,0.0,0.0,0.0,0.0,0.25,0.11764705882352941,0.0,0.47058823529411764,0.058823529411764705,0.058823529411764705,0.0,0.0,0.0,0.35294117647058826,0.0,0.0,0.0,0.058823529411764705,0.058823529411764705,0.058823529411764705,0.058823529411764705,0.0,0.11764705882352941,0.058823529411764705
ALL_095_KOR_HT2_S051,0.75,0.1875,0.75,0.0,0.0,0.0,0.0,0.0,0.0625,0.0,0.0,0.125,0.0,0.0,0.0,0.0,0.0,0.125,0.125,0.0,0.125,0.0,0.0,0.0,0.0625,0.0,0.125,0.0625
ALL_095_KOR_HT2_S052,0.5,0.1875,0.5625,0.0,0.125,0.125,0.125,0.3125,0.125,0.3125,0.125,0.125,0.1875,0.1875,0.125,0.1875,0.3125,0.125,0.125,0.1875,0.25,0.0,0.0,0.125,0.1875,0.0,0.125,0.1875
ALL_095_KOR_HT2_S053,0.9166666666666666,0.3076923076923077,0.5384615384615384,0.46153846153846156,0.0,0.0,0.0,0.0,0.4166666666666667,0.3076923076923077,0.0,0.23076923076923078,0.0,0.23076923076923078,0.0,0.15384615384615385,0.0,0.8461538461538461,0.38461538461538464,0.0,0.23076923076923078,0.23076923076923078,0.23076923076923078,0.3076923076923077,0.3076923076923077,0.3076923076923077,0.38461538461538464,0.3076923076923077
ALL_095_KOR_HT2_S054,0.7857142857142857,0.6666666666666666,0.6,0.0,0.0,0.0,0.0,0.0,0.2857142857142857,0.06666666666666667,0.06666666666666667,0.13333333333333333,0.0,0.13333333333333333,0.0,0.0,0.0,0.5333333333333333,0.0,0.13333333333333333,0.4,0.2,0.26666666666666666,0.2,0.13333333333333333,0.13333333333333333,0.3333333333333333,0.2
ALL_095_KOR_HT2_S055,0.875,0.0,0.5882352941176471,0.17647058823529413,0.0,0.0,0.0,0.058823529411764705,0.1875,0.0,0.0,0.0,0.0,0.0,0.0,0.0,0.0,0.5882352941176471,0.17647058823529413,0.23529411764705882,0.17647058823529413,0.0,0.11764705882352941,0.0,0.17647058823529413,0.0,0.4117647058823529,0.0
ALL_095_KOR_HT2_S056,0.8888888888888888,0.2222222222222222,0.4444444444444444,0.16666666666666666,0.0,0.0,0.0,0.0,0.2222222222222222,0.1111111111111111,0.1111111111111111,0.0,0.0,0.0,0.0,0.0,0.0,0.5,0.16666666666666666,0.16666666666666666,0.16666666666666666,0.0,0.1111111111111111,0.0,0.1111111111111111,0.0,0.1111111111111111,0.16666666666666666
ALL_095_KOR_HT2_S057,0.4117647058823529,0.0,0.5882352941176471,0.23529411764705882,0.0,0.0,0.058823529411764705,0.23529411764705882,0.0,0.0,0.0,0.23529411764705882,0.0,0.11764705882352941,0.0,0.0,0.058823529411764705,0.23529411764705882,0.23529411764705882,0.23529411764705882,0.23529411764705882,0.0,0.35294117647058826,0.11764705882352941,0.11764705882352941,0.0,0.0,0.058823529411764705
ALL_095_KOR_HT2_S058,0.6470588235294118,0.47058823529411764,0.47058823529411764,0.17647058823529413,0.058823529411764705,0.0,0.0,0.35294117647058826,0.29411764705882354,0.47058823529411764,0.35294117647058826,0.4117647058823529,0.058823529411764705,0.4117647058823529,0.0,0.058823529411764705,0.35294117647058826,0.5294117647058824,0.23529411764705882,0.23529411764705882,0.29411764705882354,0.23529411764705882,0.17647058823529413,0.17647058823529413,0.5294117647058824,0.4117647058823529,0.4117647058823529,0.058823529411764705
ALL_095_KOR_HT2_S059,0.8571428571428571,0.0,0.6,0.0,0.0,0.0,0.0,0.0,0.07142857142857142,0.0,0.0,0.0,0.0,0.13333333333333333,0.0,0.13333333333333333,0.0,0.13333333333333333,0.0,0.0,0.26666666666666666,0.0,0.0,0.0,0.06666666666666667,0.06666666666666667,0.0,0.0
ALL_095_KOR_HT2_S060,0.6,0.2,0.4666666666666667,0.0,0.0,0.0,0.0,0.0,0.26666666666666666,0.0,0.13333333333333333,0.13333333333333333,0.0,0.0,0.0,0.0,0.0,0.0,0.0,0.2,0.13333333333333333,0.0,0.2,0.06666666666666667,0.2,0.0,0.13333333333333333,0.13333333333333333
ALL_096_KOR_HT2_S046,0.4666666666666667,0.25,0.5,0.0625,0.1875,0.25,0.0625,0.125,0.2,0.25,0.0625,0.0625,0.0625,0.0625,0.25,0.25,0.125,0.5,0.0625,0.0625,0.3125,0.25,0.3125,0.1875,0.1875,0.3125,0.25,0.0625
ALL_096_KOR_HT2_S047,0.5714285714285714,0.14285714285714285,0.7142857142857143,0.0,0.0,0.0,0.0,0.0,0.07142857142857142,0.0,0.0,0.7142857142857143,0.0,0.0,0.0,0.5,0.0,0.14285714285714285,0.14285714285714285,0.0,0.0,0.0,0.0,0.0,0.0,0.0,0.0,0.07142857142857142
ALL_096_KOR_HT2_S048,0.7222222222222222,0.3684210526315789,0.5789473684210527,0.0,0.0,0.0,0.0,0.0,0.05555555555555555,0.0,0.0,0.0,0.0,0.05263157894736842,0.0,0.0,0.0,0.0,0.0,0.0,0.0,0.0,0.0,0.0,0.0,0.0,0.05263157894736842,0.0
ALL_096_KOR_HT2_S049,0.8125,0.25,0.625,0.125,0.0625,0.0625,0.0,0.0625,0.125,0.0625,0.0625,0.5625,0.0,0.0625,0.0,0.0,0.0625,0.1875,0.0,0.0625,0.1875,0.0,0.125,0.1875,0.1875,0.0,0.3125,0.0625
ALL_096_KOR_HT2_S050,0.5625,0.17647058823529413,0.29411764705882354,0.0,0.0,0.0,0.0,0.0,0.125,0.058823529411764705,0.0,0.0,0.0,0.058823529411764705,0.0,0.0,0.0,0.0,0.0,0.0,0.0,0.0,0.0,0.058823529411764705,0.0,0.0,0.058823529411764705,0.0
ALL_096_KOR_HT2_S051,0.4375,0.0625,0.6875,0.125,0.0,0.0,0.0,0.125,0.125,0.0,0.0,0.0,0.0,0.1875,0.0,0.0,0.125,0.375,0.125,0.125,0.0625,0.0,0.0,0.0,0.1875,0.0,0.3125,0.0625
ALL_096_KOR_HT2_S052,0.625,0.0,0.5,0.0,0.0,0.0,0.0,0.0,0.0,0.0,0.0,0.0,0.0,0.0,0.0,0.0,0.0,0.125,0.1875,0.0,0.1875,0.0,0.0,0.0,0.125,0.0,0.0,0.0
ALL_096_KOR_HT2_S053,0.9166666666666666,0.07692307692307693,0.5384615384615384,0.0,0.0,0.15384615384615385,0.0,0.0,0.75,0.0,0.0,0.0,0.0,0.0,0.0,0.0,0.0,0.46153846153846156,0.0,0.0,0.07692307692307693,0.07692307692307693,0.07692307692307693,0.0,0.5384615384615384,0.07692307692307693,0.23076923076923078,0.46153846153846156
ALL_096_KOR_HT2_S054,0.5714285714285714,0.7333333333333333,0.6666666666666666,0.0,0.0,0.0,0.0,0.0,0.07142857142857142,0.0,0.0,0.0,0.0,0.0,0.0,0.13333333333333333,0.0,0.13333333333333333,0.0,0.0,0.06666666666666667,0.0,0.0,0.06666666666666667,0.0,0.0,0.0,0.0
ALL_096_KOR_HT2_S055,0.8125,0.11764705882352941,0.47058823529411764,0.0,0.0,0.0,0.0,0.0,0.25,0.0,0.0,0.0,0.0,0.0,0.0,0.0,0.0,0.0,0.0,0.0,0.058823529411764705,0.0,0.0,0.0,0.0,0.0,0.0,0.0
ALL_096_KOR_HT2_S056,0.8333333333333334,0.0,0.4444444444444444,0.0,0.0,0.0,0.0,0.0,0.05555555555555555,0.0,0.0,0.0,0.0,0.0,0.0,0.0,0.0,0.3888888888888889,0.0,0.0,0.05555555555555555,0.0,0.0,0.0,0.0,0.0,0.2222222222222222,0.0
ALL_096_KOR_HT2_S057,0.35294117647058826,0.0,0.5294117647058824,0.11764705882352941,0.0,0.0,0.0,0.0,0.0,0.0,0.058823529411764705,0.11764705882352941,0.0,0.23529411764705882,0.0,0.0,0.0,0.47058823529411764,0.29411764705882354,0.11764705882352941,0.35294117647058826,0.0,0.17647058823529413,0.0,0.058823529411764705,0.0,0.11764705882352941,0.17647058823529413
ALL_096_KOR_HT2_S058,0.6470588235294118,0.11764705882352941,0.5882352941176471,0.11764705882352941,0.11764705882352941,0.11764705882352941,0.11764705882352941,0.11764705882352941,0.17647058823529413,0.11764705882352941,0.11764705882352941,0.11764705882352941,0.11764705882352941,0.11764705882352941,0.23529411764705882,0.11764705882352941,0.11764705882352941,0.47058823529411764,0.11764705882352941,0.11764705882352941,0.11764705882352941,0.11764705882352941,0.23529411764705882,0.11764705882352941,0.23529411764705882,0.11764705882352941,0.23529411764705882,0.11764705882352941
ALL_096_KOR_HT2_S059,0.8571428571428571,0.0,0.26666666666666666,0.13333333333333333,0.13333333333333333,0.13333333333333333,0.13333333333333333,0.13333333333333333,0.07142857142857142,0.0,0.13333333333333333,0.13333333333333333,0.0,0.13333333333333333,0.13333333333333333,0.13333333333333333,0.13333333333333333,0.13333333333333333,0.13333333333333333,0.13333333333333333,0.13333333333333333,0.0,0.13333333333333333,0.26666666666666666,0.13333333333333333,0.0,0.13333333333333333,0.13333333333333333
ALL_096_KOR_HT2_S060,0.4666666666666667,0.06666666666666667,0.4666666666666667,0.13333333333333333,0.0,0.0,0.13333333333333333,0.13333333333333333,0.06666666666666667,0.26666666666666666,0.13333333333333333,0.13333333333333333,0.0,0.13333333333333333,0.13333333333333333,0.0,0.13333333333333333,0.4666666666666667,0.13333333333333333,0.13333333333333333,0.13333333333333333,0.06666666666666667,0.13333333333333333,0.13333333333333333,0.13333333333333333,0.13333333333333333,0.2,0.13333333333333333
ALL_097_KOR_HT2_S046,0.4,0.125,0.3125,0.0625,0.0625,0.0625,0.0625,0.0625,0.2,0.125,0.0625,0.0625,0.0625,0.0625,0.0625,0.0625,0.0625,0.3125,0.0625,0.0625,0.0625,0.125,0.125,0.0625,0.125,0.125,0.3125,0.0625
ALL_097_KOR_HT2_S047,0.35714285714285715,0.35714285714285715,0.35714285714285715,0.0,0.0,0.0,0.0,0.0,0.2857142857142857,0.0,0.0,0.0,0.0,0.14285714285714285,0.0,0.5,0.0,0.0,0.0,0.21428571428571427,0.0,0.0,0.0,0.0,0.07142857142857142,0.0,0.0,0.0
ALL_097_KOR_HT2_S048,0.7777777777777778,0.3684210526315789,0.6842105263157895,0.0,0.0,0.0,0.0,0.0,0.1111111111111111,0.15789473684210525,0.0,0.21052631578947367,0.0,0.15789473684210525,0.0,0.21052631578947367,0.0,0.42105263157894735,0.0,0.0,0.21052631578947367,0.10526315789473684,0.0,0.15789473684210525,0.05263157894736842,0.0,0.15789473684210525,0.3684210526315789
ALL_097_KOR_HT2_S049,0.8125,0.125,0.375,0.0,0.0,0.0,0.0,0.0,0.1875,0.0,0.0625,0.0,0.0,0.0625,0.0,0.0,0.0,0.1875,0.0,0.0,0.0,0.0,0.0,0.125,0.0625,0.0,0.1875,0.0625
ALL_097_KOR_HT2_S050,0.6875,0.29411764705882354,0.7647058823529411,0.0,0.0,0.0,0.0,0.0,0.0625,0.0,0.058823529411764705,0.0,0.0,0.11764705882352941,0.0,0.0,0.0,0.29411764705882354,0.0,0.0,0.11764705882352941,0.0,0.058823529411764705,0.0,0.17647058823529413,0.0,0.17647058823529413,0.0
ALL_097_KOR_HT2_S051,0.8125,0.125,0.375,0.0,0.0,0.0,0.0,0.0,0.0625,0.0,0.0,0.0,0.0,0.0,0.0,0.0,0.0,0.0,0.0,0.0,0.0,0.0,0.0,0.0,0.0,0.0,0.0,0.0
ALL_097_KOR_HT2_S052,0.4375,0.0,0.5625,0.0,0.0,0.0,0.0,0.125,0.125,0.125,0.25,0.0,0.0,0.0625,0.0,0.0,0.0,0.125,0.0625,0.1875,0.25,0.0,0.0,0.125,0.25,0.0,0.25,0.125
ALL_097_KOR_HT2_S053,0.9166666666666666,0.07692307692307693,0.23076923076923078,0.0,0.0,0.0,0.0,0.0,0.08333333333333333,0.23076923076923078,0.0,0.0,0.0,0.0,0.0,0.0,0.0,0.3076923076923077,0.0,0.0,0.0,0.0,0.0,0.0,0.0,0.0,0.0,0.0
ALL_097_KOR_HT2_S054,0.42857142857142855,0.26666666666666666,0.5333333333333333,0.0,0.0,0.0,0.0,0.0,0.07142857142857142,0.2,0.0,0.0,0.0,0.0,0.0,0.0,0.0,0.8,0.0,0.0,0.0,0.0,0.0,0.06666666666666667,0.0,0.0,0.0,0.0
ALL_097_KOR_HT2_S055,0.5625,0.11764705882352941,0.7647058823529411,0.0,0.0,0.0,0.0,0.0,0.1875,0.23529411764705882,0.0,0.0,0.0,0.0,0.0,0.0,0.0,0.35294117647058826,0.0,0.0,0.17647058823529413,0.11764705882352941,0.11764705882352941,0.0,0.0,0.0,0.0,0.0
ALL_097_KOR_HT2_S056,0.8888888888888888,0.0,0.3888888888888889,0.0,0.0,0.0,0.0,0.0,0.05555555555555555,0.16666666666666666,0.0,0.0,0.0,0.0,0.0,0.0,0.0,0.6666666666666666,0.0,0.0,0.1111111111111111,0.0,0.0,0.0,0.0,0.0,0.0,0.0
ALL_097_KOR_HT2_S057,0.8235294117647058,0.0,0.7058823529411765,0.0,0.0,0.0,0.0,0.0,0.058823529411764705,0.11764705882352941,0.0,0.0,0.0,0.0,0.0,0.0,0.0,0.5294117647058824,0.0,0.0,0.35294117647058826,0.0,0.058823529411764705,0.0,0.0,0.0,0.11764705882352941,0.058823529411764705
ALL_097_KOR_HT2_S058,0.6470588235294118,0.0,0.29411764705882354,0.0,0.0,0.0,0.0,0.0,0.17647058823529413,0.0,0.0,0.058823529411764705,0.0,0.0,0.0,0.0,0.0,0.17647058823529413,0.0,0.0,0.0,0.0,0.0,0.0,0.0,0.0,0.0,0.0
ALL_097_KOR_HT2_S059,0.8571428571428571,0.2,0.6,0.0,0.0,0.13333333333333333,0.2,0.0,0.14285714285714285,0.2,0.13333333333333333,0.0,0.13333333333333333,0.13333333333333333,0.13333333333333333,0.13333333333333333,0.0,0.13333333333333333,0.13333333333333333,0.13333333333333333,0.2,0.0,0.2,0.0,0.13333333333333333,0.0,0.4,0.13333333333333333
ALL_097_KOR_HT2_S060,0.8666666666666667,0.2,0.8,0.0,0.0,0.0,0.0,0.0,0.0,0.06666666666666667,0.13333333333333333,0.0,0.0,0.13333333333333333,0.0,0.0,0.0,0.2,0.06666666666666667,0.2,0.0,0.0,0.0,0.0,0.13333333333333333,0.0,0.06666666666666667,0.13333333333333333
ALL_110_KOR_HT2_S046,0.6666666666666666,0.375,0.5,0.0,0.1875,0.125,0.0625,0.0625,0.2,0.25,0.0625,0.0625,0.0625,0.1875,0.25,0.0625,0.0,0.5,0.0625,0.25,0.5,0.1875,0.125,0.25,0.375,0.125,0.3125,0.125
ALL_110_KOR_HT2_S047,0.6428571428571429,0.5,0.7142857142857143,0.6428571428571429,0.0,0.0,0.0,0.0,0.5714285714285714,0.21428571428571427,0.2857142857142857,0.2857142857142857,0.0,0.2857142857142857,0.0,0.5,0.21428571428571427,0.5,0.35714285714285715,0.42857142857142855,0.14285714285714285,0.0,0.14285714285714285,0.35714285714285715,0.2857142857142857,0.0,0.35714285714285715,0.35714285714285715
ALL_110_KOR_HT2_S048,0.7222222222222222,0.631578947368421,0.7368421052631579,0.0,0.0,0.0,0.0,0.0,0.3333333333333333,0.2631578947368421,0.0,0.0,0.21052631578947367,0.05263157894736842,0.0,0.0,0.0,0.10526315789473684,0.3157894736842105,0.2631578947368421,0.0,0.10526315789473684,0.0,0.42105263157894735,0.5263157894736842,0.10526315789473684,0.3684210526315789,0.15789473684210525
ALL_110_KOR_HT2_S049,0.875,0.25,0.625,0.1875,0.125,0.0,0.0,0.125,0.125,0.125,0.125,0.125,0.0,0.125,0.0,0.125,0.125,0.3125,0.0,0.1875,0.125,0.125,0.125,0.125,0.0,0.0,0.1875,0.125
ALL_110_KOR_HT2_S050,1.0,0.11764705882352941,0.5882352941176471,0.0,0.0,0.0,0.0,0.0,0.125,0.0,0.0,0.11764705882352941,0.0,0.0,0.0,0.0,0.0,0.47058823529411764,0.0,0.0,0.0,0.058823529411764705,0.058823529411764705,0.0,0.0,0.0,0.0,0.0
ALL_110_KOR_HT2_S051,0.75,0.5,0.6875,0.0,0.0,0.0,0.0,0.0,0.0625,0.0,0.0,0.0,0.0,0.0,0.0,0.0,0.0,0.4375,0.0625,0.0625,0.125,0.0,0.0,0.0,0.0,0.0,0.0,0.0625
ALL_110_KOR_HT2_S052,0.75,0.125,0.375,0.25,0.0,0.0,0.0,0.3125,0.125,0.375,0.25,0.125,0.0,0.0,0.0,0.125,0.0,0.25,0.25,0.1875,0.125,0.4375,0.0,0.3125,0.3125,0.0,0.1875,0.1875
ALL_110_KOR_HT2_S053,0.9166666666666666,0.46153846153846156,0.5384615384615384,0.0,0.0,0.0,0.38461538461538464,0.0,0.5,0.0,0.0,0.6923076923076923,0.0,0.0,0.0,0.0,0.0,0.9230769230769231,0.0,0.0,0.0,0.0,0.0,0.23076923076923078,0.3076923076923077,0.0,0.7692307692307693,0.23076923076923078
ALL_110_KOR_HT2_S054,0.8571428571428571,0.6666666666666666,0.6666666666666666,0.4,0.3333333333333333,0.26666666666666666,0.26666666666666666,0.5333333333333333,0.5,0.4,0.5333333333333333,0.13333333333333333,0.4666666666666667,0.3333333333333333,0.26666666666666666,0.9333333333333333,0.4666666666666667,0.5333333333333333,0.2,0.4666666666666667,0.3333333333333333,0.3333333333333333,0.4666666666666667,0.26666666666666666,0.2,0.5333333333333333,0.4,0.2
ALL_110_KOR_HT2_S055,0.6875,0.29411764705882354,0.8235294117647058,0.0,0.0,0.0,0.0,0.0,0.125,0.0,0.11764705882352941,0.0,0.0,0.0,0.0,0.0,0.0,0.6470588235294118,0.0,0.29411764705882354,0.47058823529411764,0.0,0.11764705882352941,0.11764705882352941,0.4117647058823529,0.0,0.35294117647058826,0.0
ALL_110_KOR_HT2_S056,0.8333333333333334,0.4444444444444444,0.6111111111111112,0.16666666666666666,0.0,0.0,0.0,0.0,0.2222222222222222,0.3333333333333333,0.1111111111111111,0.0,0.0,0.0,0.0,0.0,0.0,0.7222222222222222,0.0,0.16666666666666666,0.2222222222222222,0.0,0.1111111111111111,0.16666666666666666,0.05555555555555555,0.0,0.0,0.16666666666666666
ALL_110_KOR_HT2_S057,0.7647058823529411,0.47058823529411764,0.7058823529411765,0.23529411764705882,0.11764705882352941,0.11764705882352941,0.23529411764705882,0.29411764705882354,0.29411764705882354,0.35294117647058826,0.35294117647058826,0.4117647058823529,0.17647058823529413,0.23529411764705882,0.23529411764705882,0.47058823529411764,0.47058823529411764,0.6470588235294118,0.5882352941176471,0.47058823529411764,0.47058823529411764,0.29411764705882354,0.5882352941176471,0.23529411764705882,0.35294117647058826,0.29411764705882354,0.35294117647058826,0.35294117647058826
ALL_110_KOR_HT2_S058,0.7058823529411765,0.47058823529411764,0.5294117647058824,0.11764705882352941,0.0,0.0,0.0,0.058823529411764705,0.47058823529411764,0.058823529411764705,0.058823529411764705,0.7058823529411765,0.0,0.058823529411764705,0.0,0.35294117647058826,0.058823529411764705,0.0,0.29411764705882354,0.7647058823529411,0.0,0.29411764705882354,0.5294117647058824,0.35294117647058826,0.29411764705882354,0.11764705882352941,0.35294117647058826,0.17647058823529413
ALL_110_KOR_HT2_S059,0.7142857142857143,0.0,0.4,0.0,0.0,0.0,0.0,0.0,0.0,0.0,0.0,0.0,0.0,0.13333333333333333,0.0,0.0,0.0,0.0,0.0,0.0,0.0,0.0,0.2,0.0,0.26666666666666666,0.0,0.2,0.0
ALL_110_KOR_HT2_S060,0.7333333333333333,0.4,0.6666666666666666,0.0,0.0,0.0,0.0,0.0,0.13333333333333333,0.0,0.0,0.0,0.0,0.06666666666666667,0.0,0.13333333333333333,0.0,0.26666666666666666,0.7333333333333333,0.0,0.13333333333333333,0.0,0.0,0.0,0.06666666666666667,0.0,0.13333333333333333,0.0
ALL_112_KOR_HT2_S046,0.6,0.1875,0.4375,0.0,0.0625,0.0625,0.0625,0.0625,0.2,0.125,0.0625,0.0625,0.0625,0.125,0.0625,0.0625,0.0625,0.0625,0.0625,0.0625,0.0625,0.1875,0.125,0.125,0.1875,0.125,0.1875,0.0625
ALL_112_KOR_HT2_S047,0.5,0.35714285714285715,0.42857142857142855,0.0,0.0,0.0,0.0,0.07142857142857142,0.14285714285714285,0.0,0.0,0.0,0.0,0.07142857142857142,0.0,0.6428571428571429,0.0,0.0,0.14285714285714285,0.14285714285714285,0.0,0.0,0.0,0.0,0.07142857142857142,0.0,0.07142857142857142,0.07142857142857142
ALL_112_KOR_HT2_S048,0.7222222222222222,0.47368421052631576,0.6842105263157895,0.0,0.0,0.0,0.0,0.0,0.16666666666666666,0.0,0.0,0.0,0.0,0.0,0.0,0.0,0.0,0.15789473684210525,0.0,0.0,0.15789473684210525,0.0,0.0,0.10526315789473684,0.21052631578947367,0.0,0.21052631578947367,0.2631578947368421
ALL_112_KOR_HT2_S049,0.8125,0.25,0.375,0.0,0.0,0.0,0.0,0.0,0.0,0.0,0.0,0.0,0.0,0.0,0.0,0.0,0.0,0.1875,0.0,0.0,0.0,0.0,0.0,0.0,0.0625,0.0,0.0625,0.0
ALL_112_KOR_HT2_S050,0.4375,0.29411764705882354,0.17647058823529413,0.0,0.0,0.0,0.0,0.0,0.125,0.058823529411764705,0.0,0.0,0.0,0.058823529411764705,0.0,0.0,0.0,0.0,0.0,0.29411764705882354,0.0,0.0,0.11764705882352941,0.17647058823529413,0.29411764705882354,0.0,0.0,0.11764705882352941
ALL_112_KOR_HT2_S051,0.5,0.0,0.375,0.0,0.0,0.0,0.0,0.0,0.0625,0.0,0.0,0.0,0.0,0.0,0.0,0.0,0.0,0.375,0.0625,0.0,0.0,0.0,0.0,0.0,0.0,0.0,0.125,0.0
ALL_112_KOR_HT2_S052,0.5,0.125,0.5,0.0,0.0,0.0,0.0,0.0,0.0,0.0,0.0,0.0,0.0,0.0625,0.0,0.125,0.0,0.0,0.0625,0.1875,0.0,0.0,0.0,0.0,0.0625,0.0,0.0,0.0625
ALL_112_KOR_HT2_S053,0.9166666666666666,0.07692307692307693,0.15384615384615385,0.0,0.0,0.0,0.0,0.0,0.16666666666666666,0.0,0.0,0.0,0.0,0.0,0.0,0.0,0.0,0.0,0.0,0.0,0.0,0.0,0.0,0.07692307692307693,0.0,0.0,0.0,0.07692307692307693
ALL_112_KOR_HT2_S054,1.0,0.4,0.5333333333333333,0.0,0.0,0.0,0.0,0.0,0.07142857142857142,0.0,0.0,0.0,0.0,0.06666666666666667,0.0,0.0,0.0,0.26666666666666666,0.0,0.4,0.06666666666666667,0.0,0.0,0.0,0.0,0.0,0.0,0.0
ALL_112_KOR_HT2_S055,0.6875,0.0,0.4117647058823529,0.0,0.0,0.0,0.0,0.0,0.125,0.0,0.0,0.4117647058823529,0.0,0.0,0.0,0.0,0.0,0.0,0.0,0.0,0.0,0.0,0.0,0.0,0.0,0.0,0.0,0.0
ALL_112_KOR_HT2_S056,0.8333333333333334,0.0,0.5,0.0,0.0,0.0,0.0,0.0,0.0,0.0,0.0,0.0,0.0,0.0,0.0,0.0,0.0,0.1111111111111111,0.0,0.0,0.0,0.0,0.0,0.0,0.0,0.0,0.0,0.0
ALL_112_KOR_HT2_S057,0.4117647058823529,0.0,0.47058823529411764,0.0,0.0,0.0,0.0,0.0,0.0,0.0,0.0,0.0,0.0,0.0,0.0,0.0,0.0,0.23529411764705882,0.0,0.0,0.0,0.0,0.0,0.0,0.0,0.0,0.11764705882352941,0.0
ALL_112_KOR_HT2_S058,0.4117647058823529,0.0,0.29411764705882354,0.0,0.0,0.0,0.0,0.0,0.058823529411764705,0.0,0.0,0.0,0.0,0.0,0.0,0.11764705882352941,0.0,0.0,0.0,0.0,0.0,0.0,0.0,0.0,0.0,0.0,0.0,0.0
ALL_112_KOR_HT2_S059,0.7857142857142857,0.0,0.6,0.0,0.0,0.0,0.0,0.0,0.07142857142857142,0.06666666666666667,0.0,0.0,0.0,0.13333333333333333,0.13333333333333333,0.5333333333333333,0.0,0.0,0.0,0.0,0.06666666666666667,0.0,0.13333333333333333,0.0,0.26666666666666666,0.0,0.06666666666666667,0.0
ALL_112_KOR_HT2_S060,0.4,0.2,0.4666666666666667,0.0,0.0,0.0,0.0,0.13333333333333333,0.0,0.13333333333333333,0.13333333333333333,0.0,0.0,0.06666666666666667,0.0,0.0,0.0,0.6666666666666666,0.13333333333333333,0.0,0.26666666666666666,0.13333333333333333,0.0,0.0,0.06666666666666667,0.0,0.06666666666666667,0.13333333333333333
ALL_119_KOR_HT2_S046,0.3333333333333333,0.125,0.5,0.0625,0.0625,0.0625,0.0625,0.0625,0.06666666666666667,0.0625,0.0625,0.0625,0.0625,0.0625,0.0,0.0625,0.0625,0.3125,0.0625,0.0625,0.0625,0.0625,0.0625,0.0625,0.0625,0.0625,0.1875,0.0625
ALL_119_KOR_HT2_S047,0.6428571428571429,0.5714285714285714,0.5714285714285714,0.0,0.0,0.0,0.0,0.0,0.14285714285714285,0.0,0.0,0.0,0.0,0.07142857142857142,0.0,0.0,0.0,0.42857142857142855,0.42857142857142855,0.14285714285714285,0.0,0.0,0.0,0.0,0.0,0.0,0.0,0.07142857142857142
ALL_119_KOR_HT2_S048,0.8888888888888888,0.42105263157894735,0.631578947368421,0.0,0.0,0.0,0.0,0.0,0.05555555555555555,0.0,0.0,0.0,0.0,0.0,0.0,0.0,0.0,0.0,0.0,0.0,0.10526315789473684,0.0,0.0,0.10526315789473684,0.0,0.0,0.05263157894736842,0.05263157894736842
ALL_119_KOR_HT2_S049,0.8125,0.25,0.5625,0.0,0.0,0.0,0.0,0.0,0.0,0.125,0.0,0.0,0.0,0.0625,0.0,0.0,0.0,0.5625,0.0,0.0,0.0,0.0,0.0,0.0,0.1875,0.0625,0.1875,0.0625
ALL_119_KOR_HT2_S050,0.5625,0.0,0.29411764705882354,0.0,0.0,0.0,0.0,0.0,0.125,0.058823529411764705,0.0,0.0,0.0,0.058823529411764705,0.0,0.0,0.0,0.29411764705882354,0.0,0.0,0.0,0.0,0.0,0.058823529411764705,0.17647058823529413,0.058823529411764705,0.058823529411764705,0.0
ALL_119_KOR_HT2_S051,0.4375,0.125,0.375,0.0,0.0,0.0,0.0,0.0,0.1875,0.0,0.125,0.125,0.0,0.0,0.0,0.0,0.0,0.3125,0.0,0.0,0.0,0.0625,0.0625,0.0,0.0,0.0625,0.0625,0.0
ALL_119_KOR_HT2_S052,0.625,0.0625,0.5,0.0625,0.0,0.0,0.0,0.1875,0.1875,0.375,0.125,0.0,0.0625,0.0625,0.0,0.1875,0.0,0.5,0.125,0.1875,0.25,0.0,0.0,0.1875,0.25,0.0,0.125,0.25
ALL_119_KOR_HT2_S053,0.6666666666666666,0.5384615384615384,0.8461538461538461,0.0,0.0,0.0,0.0,0.0,0.3333333333333333,0.15384615384615385,0.0,0.0,0.0,0.0,0.0,0.0,0.0,0.6153846153846154,0.15384615384615385,0.15384615384615385,0.07692307692307693,0.0,0.0,0.0,0.07692307692307693,0.0,0.3076923076923077,0.15384615384615385
ALL_119_KOR_HT2_S054,0.5714285714285714,0.2,0.6,0.0,0.0,0.0,0.0,0.0,0.07142857142857142,0.2,0.0,0.0,0.0,0.06666666666666667,0.0,0.0,0.0,0.26666666666666666,0.0,0.0,0.06666666666666667,0.0,0.0,0.0,0.2,0.0,0.0,0.0
ALL_119_KOR_HT2_S055,0.8125,0.4117647058823529,0.5294117647058824,0.0,0.0,0.058823529411764705,0.0,0.0,0.3125,0.29411764705882354,0.17647058823529413,0.17647058823529413,0.0,0.11764705882352941,0.17647058823529413,0.11764705882352941,0.0,0.5882352941176471,0.0,0.17647058823529413,0.29411764705882354,0.29411764705882354,0.23529411764705882,0.058823529411764705,0.29411764705882354,0.17647058823529413,0.23529411764705882,0.23529411764705882
ALL_119_KOR_HT2_S056,0.5555555555555556,0.2222222222222222,0.5,0.05555555555555555,0.05555555555555555,0.05555555555555555,0.05555555555555555,0.05555555555555555,0.2222222222222222,0.1111111111111111,0.16666666666666666,0.05555555555555555,0.05555555555555555,0.16666666666666666,0.05555555555555555,0.0,0.16666666666666666,0.3333333333333333,0.2222222222222222,0.16666666666666666,0.16666666666666666,0.2222222222222222,0.16666666666666666,0.05555555555555555,0.16666666666666666,0.16666666666666666,0.1111111111111111,0.1111111111111111
ALL_119_KOR_HT2_S057,0.29411764705882354,0.058823529411764705,0.5882352941176471,0.0,0.0,0.0,0.0,0.0,0.11764705882352941,0.11764705882352941,0.0,0.0,0.0,0.23529411764705882,0.0,0.0,0.0,0.5294117647058824,0.11764705882352941,0.11764705882352941,0.17647058823529413,0.0,0.058823529411764705,0.0,0.0,0.0,0.0,0.0
ALL_119_KOR_HT2_S058,0.5294117647058824,0.0,0.35294117647058826,0.0,0.0,0.0,0.0,0.0,0.11764705882352941,0.0,0.0,0.0,0.0,0.11764705882352941,0.0,0.11764705882352941,0.0,0.11764705882352941,0.17647058823529413,0.0,0.0,0.0,0.0,0.058823529411764705,0.0,0.0,0.0,0.0
ALL_119_KOR_HT2_S059,0.8571428571428571,0.0,0.5333333333333333,0.0,0.0,0.0,0.0,0.0,0.07142857142857142,0.0,0.0,0.0,0.0,0.26666666666666666,0.13333333333333333,0.13333333333333333,0.0,0.13333333333333333,0.0,0.0,0.06666666666666667,0.0,0.0,0.0,0.13333333333333333,0.0,0.0,0.0
ALL_119_KOR_HT2_S060,0.4,0.06666666666666667,0.26666666666666666,0.0,0.0,0.0,0.0,0.0,0.0,0.13333333333333333,0.0,0.26666666666666666,0.0,0.0,0.0,0.0,0.0,0.0,0.0,0.0,0.0,0.0,0.0,0.0,0.0,0.0,0.06666666666666667,0.0
ALL_121_KOR_HT2_S046,0.6666666666666666,0.0625,0.625,0.0625,0.0625,0.0625,0.0625,0.0625,0.2,0.125,0.0625,0.0625,0.0625,0.0625,0.0625,0.0625,0.0625,0.5625,0.1875,0.125,0.0625,0.125,0.125,0.0625,0.125,0.125,0.125,0.0625
ALL_121_KOR_HT2_S047,0.6428571428571429,0.5714285714285714,0.6428571428571429,0.0,0.5,0.0,0.0,0.0,0.7142857142857143,0.35714285714285715,0.42857142857142855,0.0,0.0,0.42857142857142855,0.0,0.7142857142857143,0.0,1.0,0.5,0.2857142857142857,0.14285714285714285,0.0,0.0,0.42857142857142855,0.07142857142857142,0.0,0.14285714285714285,0.07142857142857142
ALL_121_KOR_HT2_S048,0.7777777777777778,0.3157894736842105,0.631578947368421,0.10526315789473684,0.10526315789473684,0.0,0.0,0.2631578947368421,0.2222222222222222,0.10526315789473684,0.21052631578947367,0.10526315789473684,0.0,0.21052631578947367,0.10526315789473684,0.10526315789473684,0.10526315789473684,0.7894736842105263,0.3157894736842105,0.05263157894736842,0.3684210526315789,0.05263157894736842,0.10526315789473684,0.10526315789473684,0.2631578947368421,0.10526315789473684,0.42105263157894735,0.3157894736842105
ALL_121_KOR_HT2_S049,0.75,0.5,0.5,0.0,0.0,0.125,0.125,0.0,0.25,0.25,0.25,0.1875,0.0,0.0,0.0,0.0,0.0,0.6875,0.125,0.125,0.0,0.0,0.0625,0.125,0.25,0.25,0.25,0.1875
ALL_121_KOR_HT2_S050,0.9375,0.29411764705882354,0.35294117647058826,0.17647058823529413,0.17647058823529413,0.17647058823529413,0.17647058823529413,0.17647058823529413,0.1875,0.17647058823529413,0.23529411764705882,0.17647058823529413,0.23529411764705882,0.17647058823529413,0.11764705882352941,0.17647058823529413,0.17647058823529413,0.6470588235294118,0.17647058823529413,0.17647058823529413,0.11764705882352941,0.17647058823529413,0.23529411764705882,0.17647058823529413,0.23529411764705882,0.17647058823529413,0.17647058823529413,0.17647058823529413
ALL_121_KOR_HT2_S051,0.8125,0.375,0.5,0.5625,0.0,0.0,0.25,0.375,0.125,0.0,0.1875,0.0,0.0,0.4375,0.0,0.0,0.1875,0.875,0.1875,0.1875,0.3125,0.0,0.125,0.0625,0.0,0.0625,0.0625,0.25
ALL_121_KOR_HT2_S052,0.5625,0.25,0.5,0.3125,0.1875,0.3125,0.125,0.3125,0.25,0.25,0.125,0.0,0.0625,0.25,0.0,0.125,0.375,0.75,0.3125,0.3125,0.4375,0.25,0.0,0.375,0.3125,0.0,0.1875,0.25
ALL_121_KOR_HT2_S053,1.0,0.46153846153846156,0.46153846153846156,0.0,0.38461538461538464,0.0,0.0,0.0,0.4166666666666667,0.0,0.0,0.38461538461538464,0.38461538461538464,0.23076923076923078,0.0,0.0,0.0,0.6153846153846154,0.38461538461538464,0.0,0.0,0.23076923076923078,0.23076923076923078,0.07692307692307693,0.07692307692307693,0.0,0.46153846153846156,0.07692307692307693
ALL_121_KOR_HT2_S054,0.8571428571428571,0.4666666666666667,0.6666666666666666,0.0,0.0,0.0,0.0,0.0,0.14285714285714285,0.0,0.3333333333333333,0.3333333333333333,0.0,0.06666666666666667,0.0,0.0,0.0,1.0,0.0,0.0,0.5333333333333333,0.0,0.0,0.06666666666666667,0.3333333333333333,0.0,0.13333333333333333,0.2
ALL_121_KOR_HT2_S055,0.9375,0.17647058823529413,0.5882352941176471,0.0,0.0,0.0,0.0,0.0,0.25,0.0,0.0,0.0,0.0,0.0,0.0,0.0,0.0,0.7058823529411765,0.0,0.058823529411764705,0.11764705882352941,0.0,0.11764705882352941,0.0,0.0,0.0,0.11764705882352941,0.058823529411764705
ALL_121_KOR_HT2_S056,0.8333333333333334,0.3333333333333333,0.4444444444444444,0.16666666666666666,0.05555555555555555,0.0,0.0,0.05555555555555555,0.05555555555555555,0.2222222222222222,0.1111111111111111,0.16666666666666666,0.05555555555555555,0.16666666666666666,0.0,0.0,0.05555555555555555,0.7222222222222222,0.2222222222222222,0.16666666666666666,0.1111111111111111,0.1111111111111111,0.05555555555555555,0.1111111111111111,0.2222222222222222,0.1111111111111111,0.2777777777777778,0.16666666666666666
ALL_121_KOR_HT2_S057,0.5294117647058824,0.0,0.7058823529411765,0.11764705882352941,0.0,0.0,0.0,0.0,0.0,0.0,0.058823529411764705,0.058823529411764705,0.0,0.0,0.0,0.0,0.0,0.5882352941176471,0.35294117647058826,0.11764705882352941,0.17647058823529413,0.0,0.058823529411764705,0.0,0.0,0.0,0.11764705882352941,0.0
ALL_121_KOR_HT2_S058,0.6470588235294118,0.35294117647058826,0.5882352941176471,0.11764705882352941,0.058823529411764705,0.058823529411764705,0.058823529411764705,0.11764705882352941,0.23529411764705882,0.058823529411764705,0.058823529411764705,0.11764705882352941,0.058823529411764705,0.058823529411764705,0.058823529411764705,0.058823529411764705,0.058823529411764705,0.6470588235294118,0.11764705882352941,0.11764705882352941,0.058823529411764705,0.058823529411764705,0.11764705882352941,0.058823529411764705,0.17647058823529413,0.11764705882352941,0.29411764705882354,0.058823529411764705
ALL_121_KOR_HT2_S059,0.8571428571428571,0.06666666666666667,0.6,0.0,0.0,0.0,0.0,0.0,0.07142857142857142,0.0,0.0,0.0,0.0,0.26666666666666666,0.13333333333333333,0.0,0.0,0.3333333333333333,0.0,0.0,0.0,0.0,0.0,0.0,0.06666666666666667,0.0,0.06666666666666667,0.0
ALL_121_KOR_HT2_S060,0.9333333333333333,0.2,0.5333333333333333,0.13333333333333333,0.0,0.0,0.0,0.13333333333333333,0.0,0.06666666666666667,0.13333333333333333,0.13333333333333333,0.0,0.13333333333333333,0.0,0.0,0.0,0.6666666666666666,0.0,0.13333333333333333,0.13333333333333333,0.0,0.13333333333333333,0.13333333333333333,0.13333333333333333,0.06666666666666667,0.06666666666666667,0.13333333333333333
ALL_006_PBR_HT2_S046,0.5333333333333333,0.125,0.75,0.0,0.0625,0.0625,0.0625,0.0625,0.3333333333333333,0.125,0.0625,0.0625,0.0625,0.0625,0.0625,0.0625,0.0625,0.1875,0.0625,0.0625,0.0625,0.0625,0.0625,0.0625,0.125,0.0625,0.25,0.0625
ALL_006_PBR_HT2_S047,0.42857142857142855,0.14285714285714285,0.6428571428571429,0.0,0.0,0.0,0.0,0.0,0.07142857142857142,0.07142857142857142,0.07142857142857142,0.5714285714285714,0.0,0.0,0.0,0.07142857142857142,0.0,0.2857142857142857,0.07142857142857142,0.07142857142857142,0.14285714285714285,0.0,0.2857142857142857,0.07142857142857142,0.21428571428571427,0.07142857142857142,0.07142857142857142,0.0
ALL_006_PBR_HT2_S048,0.6111111111111112,0.15789473684210525,0.5263157894736842,0.0,0.0,0.0,0.0,0.0,0.05555555555555555,0.0,0.0,0.0,0.0,0.0,0.0,0.3684210526315789,0.0,0.0,0.10526315789473684,0.0,0.10526315789473684,0.0,0.0,0.0,0.21052631578947367,0.0,0.21052631578947367,0.21052631578947367
ALL_006_PBR_HT2_S049,0.4375,0.0625,0.375,0.0,0.0,0.0,0.0,0.0,0.0625,0.0,0.0,0.0,0.0,0.0,0.0,0.0,0.0,0.0,0.0,0.0,0.0,0.0,0.0,0.0,0.0,0.0,0.0,0.0
ALL_006_PBR_HT2_S050,0.625,0.058823529411764705,0.35294117647058826,0.0,0.0,0.0,0.0,0.0,0.1875,0.0,0.0,0.0,0.0,0.0,0.0,0.0,0.0,0.23529411764705882,0.058823529411764705,0.058823529411764705,0.0,0.0,0.0,0.058823529411764705,0.058823529411764705,0.0,0.11764705882352941,0.0
ALL_006_PBR_HT2_S051,0.5625,0.0,0.375,0.0,0.0,0.0,0.0,0.0,0.0625,0.0,0.0,0.0,0.0,0.0,0.0,0.0,0.0,0.0,0.125,0.0,0.125,0.0,0.0,0.0,0.125,0.0,0.0625,0.0
ALL_006_PBR_HT2_S052,0.5,0.1875,0.5,0.125,0.0,0.0,0.0,0.125,0.125,0.125,0.125,0.125,0.0,0.0,0.0,0.125,0.125,0.25,0.1875,0.125,0.125,0.0,0.0,0.125,0.125,0.0,0.0,0.125
ALL_006_PBR_HT2_S053,0.75,0.3076923076923077,0.6923076923076923,0.0,0.0,0.0,0.0,0.0,0.0,0.0,0.0,0.0,0.0,0.0,0.0,0.0,0.0,0.0,0.0,0.0,0.07692307692307693,0.0,0.0,0.0,0.0,0.0,0.07692307692307693,0.23076923076923078
ALL_006_PBR_HT2_S054,0.9285714285714286,0.2,0.4666666666666667,0.0,0.0,0.0,0.0,0.0,0.14285714285714285,0.0,0.0,0.0,0.0,0.0,0.0,0.13333333333333333,0.0,0.06666666666666667,0.0,0.0,0.2,0.0,0.0,0.0,0.3333333333333333,0.0,0.2,0.13333333333333333
ALL_006_PBR_HT2_S055,0.75,0.11764705882352941,0.7058823529411765,0.0,0.0,0.0,0.0,0.0,0.1875,0.0,0.0,0.0,0.0,0.0,0.0,0.0,0.0,0.0,0.0,0.0,0.0,0.0,0.0,0.0,0.0,0.0,0.11764705882352941,0.0
ALL_006_PBR_HT2_S056,0.5555555555555556,0.1111111111111111,0.3888888888888889,0.0,0.0,0.0,0.0,0.0,0.05555555555555555,0.0,0.0,0.7777777777777778,0.0,0.0,0.0,0.0,0.0,0.2222222222222222,0.0,0.2222222222222222,0.0,0.0,0.16666666666666666,0.0,0.0,0.0,0.05555555555555555,0.0
ALL_006_PBR_HT2_S057,0.4117647058823529,0.17647058823529413,0.6470588235294118,0.11764705882352941,0.0,0.35294117647058826,0.11764705882352941,0.11764705882352941,0.0,0.0,0.0,0.5294117647058824,0.0,0.058823529411764705,0.0,0.0,0.0,0.35294117647058826,0.23529411764705882,0.35294117647058826,0.17647058823529413,0.0,0.0,0.0,0.35294117647058826,0.0,0.23529411764705882,0.29411764705882354
ALL_006_PBR_HT2_S058,0.5294117647058824,0.23529411764705882,0.5294117647058824,0.29411764705882354,0.0,0.0,0.0,0.29411764705882354,0.058823529411764705,0.4117647058823529,0.0,0.0,0.0,0.0,0.0,0.29411764705882354,0.29411764705882354,0.11764705882352941,0.23529411764705882,0.29411764705882354,0.058823529411764705,0.17647058823529413,0.0,0.17647058823529413,0.11764705882352941,0.17647058823529413,0.35294117647058826,0.23529411764705882
ALL_006_PBR_HT2_S059,0.5714285714285714,0.0,0.7333333333333333,0.0,0.0,0.0,0.0,0.0,0.07142857142857142,0.0,0.0,0.0,0.0,0.26666666666666666,0.0,0.0,0.0,0.0,0.0,0.0,0.06666666666666667,0.0,0.0,0.0,0.0,0.0,0.13333333333333333,0.0
ALL_006_PBR_HT2_S060,0.4666666666666667,0.06666666666666667,0.26666666666666666,0.0,0.0,0.0,0.0,0.0,0.0,0.0,0.0,0.0,0.0,0.0,0.0,0.0,0.0,0.0,0.0,0.0,0.0,0.0,0.0,0.0,0.06666666666666667,0.0,0.0,0.0
ALL_007_PBR_HT2_S046,0.26666666666666666,0.0625,0.4375,0.0625,0.0625,0.0,0.0625,0.0625,0.13333333333333333,0.0625,0.0625,0.625,0.0625,0.0625,0.0,0.0625,0.0625,0.0625,0.0625,0.0625,0.0625,0.0625,0.0625,0.0625,0.0625,0.0625,0.0625,0.0625
ALL_007_PBR_HT2_S047,0.35714285714285715,0.14285714285714285,0.42857142857142855,0.0,0.0,0.0,0.0,0.0,0.14285714285714285,0.0,0.0,0.0,0.0,0.14285714285714285,0.0,0.2857142857142857,0.0,0.0,0.35714285714285715,0.14285714285714285,0.0,0.0,0.21428571428571427,0.0,0.14285714285714285,0.0,0.14285714285714285,0.14285714285714285
ALL_007_PBR_HT2_S048,0.3888888888888889,0.21052631578947367,0.3684210526315789,0.0,0.0,0.0,0.0,0.0,0.05555555555555555,0.0,0.0,0.0,0.0,0.0,0.0,0.0,0.0,0.0,0.0,0.0,0.0,0.0,0.0,0.0,0.0,0.0,0.10526315789473684,0.15789473684210525
ALL_007_PBR_HT2_S049,0.5625,0.125,0.375,0.0,0.0,0.0,0.0,0.0,0.0625,0.0,0.0,1.0,0.0,0.0625,0.0,0.0,0.0,0.0,0.0,0.0,0.0,0.0,0.0,0.0,0.0,0.0,0.0,0.0
ALL_007_PBR_HT2_S050,0.5,0.058823529411764705,0.47058823529411764,0.0,0.0,0.0,0.0,0.0,0.125,0.0,0.0,0.0,0.0,0.11764705882352941,0.0,0.0,0.0,0.0,0.0,0.0,0.0,0.0,0.0,0.11764705882352941,0.058823529411764705,0.0,0.17647058823529413,0.058823529411764705
ALL_007_PBR_HT2_S051,0.4375,0.1875,0.5625,0.0,0.0,0.0,0.0,0.0,0.125,0.0,0.0,0.0,0.0,0.0,0.0,0.0,0.0,0.1875,0.1875,0.0,0.0,0.0,0.0,0.0,0.0,0.0,0.0,0.0
ALL_007_PBR_HT2_S052,0.3125,0.0625,0.5625,0.0,0.0,0.0,0.0,0.0,0.0625,0.0,0.125,0.0,0.0,0.0,0.0,0.0,0.0,0.1875,0.0,0.0,0.125,0.0,0.0,0.0,0.125,0.0,0.0,0.0
ALL_007_PBR_HT2_S053,0.75,0.38461538461538464,0.6153846153846154,0.0,0.0,0.0,0.0,0.0,0.08333333333333333,0.0,0.0,0.0,0.0,0.0,0.0,0.0,0.0,0.0,0.0,0.0,0.0,0.0,0.0,0.0,0.0,0.0,0.15384615384615385,0.0
ALL_007_PBR_HT2_S054,0.6428571428571429,0.3333333333333333,0.4666666666666667,0.0,0.0,0.0,0.0,0.0,0.07142857142857142,0.0,0.0,0.0,0.0,0.0,0.0,0.0,0.0,0.0,0.0,0.0,0.2,0.0,0.06666666666666667,0.2,0.06666666666666667,0.0,0.06666666666666667,0.0
ALL_007_PBR_HT2_S055,0.5,0.0,0.6470588235294118,0.0,0.0,0.0,0.0,0.0,0.1875,0.0,0.0,0.8235294117647058,0.0,0.0,0.0,0.0,0.0,0.0,0.0,0.0,0.0,0.0,0.0,0.0,0.0,0.0,0.0,0.0
ALL_007_PBR_HT2_S056,0.6111111111111112,0.0,0.5555555555555556,0.0,0.0,0.0,0.0,0.0,0.05555555555555555,0.0,0.0,0.7777777777777778,0.0,0.0,0.0,0.0,0.0,0.16666666666666666,0.0,0.0,0.0,0.0,0.0,0.05555555555555555,0.0,0.0,0.0,0.0
ALL_007_PBR_HT2_S057,0.23529411764705882,0.058823529411764705,0.5882352941176471,0.0,0.0,0.0,0.0,0.0,0.0,0.0,0.0,0.0,0.0,0.0,0.0,0.0,0.0,0.23529411764705882,0.0,0.0,0.0,0.0,0.0,0.0,0.0,0.0,0.0,0.0
ALL_007_PBR_HT2_S058,0.29411764705882354,0.0,0.4117647058823529,0.0,0.0,0.0,0.0,0.0,0.058823529411764705,0.0,0.0,0.0,0.0,0.0,0.0,0.0,0.0,0.0,0.0,0.0,0.0,0.0,0.0,0.0,0.0,0.0,0.0,0.0
ALL_007_PBR_HT2_S059,0.2857142857142857,0.13333333333333333,0.4,0.13333333333333333,0.13333333333333333,0.13333333333333333,0.13333333333333333,0.13333333333333333,0.21428571428571427,0.13333333333333333,0.13333333333333333,0.13333333333333333,0.13333333333333333,0.13333333333333333,0.13333333333333333,0.13333333333333333,0.13333333333333333,0.13333333333333333,0.13333333333333333,0.13333333333333333,0.13333333333333333,0.13333333333333333,0.13333333333333333,0.13333333333333333,0.13333333333333333,0.26666666666666666,0.26666666666666666,0.13333333333333333
ALL_007_PBR_HT2_S060,0.3333333333333333,0.06666666666666667,0.4666666666666667,0.0,0.0,0.0,0.0,0.0,0.0,0.0,0.0,0.0,0.0,0.0,0.0,0.0,0.0,0.0,0.0,0.0,0.0,0.0,0.0,0.0,0.0,0.0,0.0,0.0
ALL_008_PBR_HT2_S046,0.26666666666666666,0.3125,0.5625,0.0625,0.0625,0.0625,0.0625,0.0625,0.06666666666666667,0.0625,0.0625,0.0625,0.0625,0.1875,0.0,0.0625,0.0625,0.375,0.0625,0.0625,0.3125,0.0625,0.0625,0.0625,0.1875,0.0625,0.0,0.3125
ALL_008_PBR_HT2_S047,0.6428571428571429,0.42857142857142855,0.42857142857142855,0.35714285714285715,0.0,0.0,0.14285714285714285,0.42857142857142855,0.42857142857142855,0.14285714285714285,0.35714285714285715,0.14285714285714285,0.0,0.35714285714285715,0.35714285714285715,0.2857142857142857,0.2857142857142857,0.2857142857142857,0.35714285714285715,0.5,0.14285714285714285,0.14285714285714285,0.35714285714285715,0.35714285714285715,0.35714285714285715,0.35714285714285715,0.42857142857142855,0.35714285714285715
ALL_008_PBR_HT2_S048,0.6111111111111112,0.3157894736842105,0.631578947368421,0.0,0.0,0.0,0.0,0.0,0.05555555555555555,0.0,0.0,0.0,0.0,0.0,0.0,0.5789473684210527,0.0,0.2631578947368421,0.10526315789473684,0.0,0.15789473684210525,0.0,0.05263157894736842,0.10526315789473684,0.10526315789473684,0.0,0.3157894736842105,0.2631578947368421
ALL_008_PBR_HT2_S049,0.5625,0.3125,0.5,0.0,0.0,0.0,0.0,0.0,0.125,0.0,0.0,0.0,0.0,0.0,0.0,0.0,0.0,0.1875,0.0,0.0,0.0,0.0,0.1875,0.0,0.0,0.0,0.25,0.0
ALL_008_PBR_HT2_S050,0.4375,0.11764705882352941,0.4117647058823529,0.0,0.0,0.0,0.0,0.0,0.125,0.0,0.058823529411764705,0.058823529411764705,0.0,0.0,0.0,0.0,0.0,0.058823529411764705,0.0,0.0,0.058823529411764705,0.0,0.17647058823529413,0.0,0.23529411764705882,0.0,0.0,0.0
ALL_008_PBR_HT2_S051,0.5,0.0,0.4375,0.0,0.0,0.0,0.0,0.0,0.0625,0.0,0.0,0.0,0.0,0.0,0.0,0.0,0.0,0.0,0.0,0.0,0.0,0.0,0.0,0.0,0.125,0.0,0.0,0.0
ALL_008_PBR_HT2_S052,0.625,0.0625,0.5,0.1875,0.0,0.0,0.0,0.0,0.0625,0.0,0.0,0.125,0.0,0.0,0.0,0.0,0.0,0.25,0.1875,0.125,0.125,0.0,0.125,0.125,0.1875,0.0,0.0625,0.0
ALL_008_PBR_HT2_S053,0.5,0.3076923076923077,0.38461538461538464,0.0,0.0,0.0,0.0,0.0,0.08333333333333333,0.0,0.0,0.0,0.0,0.0,0.0,0.0,0.0,0.15384615384615385,0.0,0.0,0.07692307692307693,0.0,0.0,0.0,0.07692307692307693,0.0,0.38461538461538464,0.3076923076923077
ALL_008_PBR_HT2_S054,0.6428571428571429,0.4,0.7333333333333333,0.0,0.0,0.0,0.0,0.0,0.21428571428571427,0.0,0.0,0.0,0.0,0.0,0.0,0.0,0.0,0.6666666666666666,0.0,0.0,0.06666666666666667,0.0,0.2,0.26666666666666666,0.2,0.06666666666666667,0.5333333333333333,0.13333333333333333
ALL_008_PBR_HT2_S055,0.6875,0.17647058823529413,0.47058823529411764,0.0,0.0,0.0,0.0,0.0,0.125,0.0,0.0,0.0,0.0,0.0,0.0,0.0,0.0,0.35294117647058826,0.0,0.0,0.0,0.0,0.0,0.0,0.0,0.0,0.0,0.0
ALL_008_PBR_HT2_S056,0.6111111111111112,0.0,0.6666666666666666,0.0,0.0,0.0,0.0,0.0,0.0,0.0,0.0,0.0,0.0,0.0,0.0,0.0,0.0,0.0,0.0,0.0,0.0,0.0,0.0,0.0,0.0,0.0,0.0,0.0
ALL_008_PBR_HT2_S057,0.6470588235294118,0.35294117647058826,0.6470588235294118,0.4117647058823529,0.4117647058823529,0.35294117647058826,0.23529411764705882,0.4117647058823529,0.35294117647058826,0.4117647058823529,0.35294117647058826,0.4117647058823529,0.29411764705882354,0.35294117647058826,0.0,0.0,0.4117647058823529,0.6470588235294118,0.4117647058823529,0.29411764705882354,0.5294117647058824,0.058823529411764705,0.35294117647058826,0.11764705882352941,0.35294117647058826,0.35294117647058826,0.35294117647058826,0.35294117647058826
ALL_008_PBR_HT2_S058,0.5882352941176471,0.11764705882352941,0.29411764705882354,0.0,0.0,0.0,0.0,0.0,0.29411764705882354,0.23529411764705882,0.0,0.0,0.0,0.0,0.0,0.0,0.0,0.0,0.0,0.0,0.0,0.17647058823529413,0.11764705882352941,0.11764705882352941,0.17647058823529413,0.17647058823529413,0.23529411764705882,0.0
ALL_008_PBR_HT2_S059,0.5714285714285714,0.0,0.4666666666666667,0.0,0.0,0.0,0.0,0.0,0.07142857142857142,0.0,0.0,0.0,0.0,0.0,0.13333333333333333,0.0,0.0,0.13333333333333333,0.0,0.0,0.0,0.0,0.0,0.0,0.0,0.0,0.06666666666666667,0.0
ALL_008_PBR_HT2_S060,0.4,0.06666666666666667,0.5333333333333333,0.0,0.0,0.0,0.0,0.0,0.0,0.0,0.06666666666666667,0.0,0.0,0.0,0.0,0.0,0.0,0.5333333333333333,0.0,0.0,0.0,0.0,0.06666666666666667,0.06666666666666667,0.0,0.0,0.0,0.13333333333333333
ALL_009_PBR_HT2_S046,0.6666666666666666,0.25,0.5625,0.0,0.0625,0.1875,0.1875,0.0625,0.2,0.1875,0.3125,0.25,0.1875,0.1875,0.125,0.0625,0.0625,0.4375,0.3125,0.0625,0.1875,0.25,0.1875,0.0625,0.3125,0.1875,0.25,0.1875
ALL_009_PBR_HT2_S047,0.6428571428571429,0.35714285714285715,0.7142857142857143,0.14285714285714285,0.0,0.0,0.0,0.0,0.07142857142857142,0.0,0.0,0.21428571428571427,0.0,0.07142857142857142,0.2857142857142857,0.14285714285714285,0.0,0.42857142857142855,0.0,0.0,0.0,0.0,0.07142857142857142,0.07142857142857142,0.0,0.0,0.2857142857142857,0.07142857142857142
ALL_009_PBR_HT2_S048,0.5555555555555556,0.3157894736842105,0.631578947368421,0.0,0.0,0.0,0.0,0.0,0.1111111111111111,0.21052631578947367,0.0,0.0,0.0,0.0,0.0,0.3684210526315789,0.0,0.3157894736842105,0.15789473684210525,0.2631578947368421,0.10526315789473684,0.0,0.0,0.10526315789473684,0.10526315789473684,0.10526315789473684,0.3684210526315789,0.2631578947368421
ALL_009_PBR_HT2_S049,0.6875,0.25,0.5625,0.0,0.0,0.0,0.0,0.0,0.25,0.0,0.0,0.0625,0.0,0.125,0.0,0.0,0.0,0.25,0.0,0.0,0.0,0.125,0.375,0.0,0.0,0.125,0.125,0.25
ALL_009_PBR_HT2_S050,0.5,0.17647058823529413,0.5882352941176471,0.23529411764705882,0.23529411764705882,0.29411764705882354,0.0,0.17647058823529413,0.375,0.23529411764705882,0.11764705882352941,0.11764705882352941,0.23529411764705882,0.29411764705882354,0.17647058823529413,0.17647058823529413,0.17647058823529413,0.4117647058823529,0.17647058823529413,0.29411764705882354,0.17647058823529413,0.17647058823529413,0.23529411764705882,0.23529411764705882,0.23529411764705882,0.23529411764705882,0.29411764705882354,0.17647058823529413
ALL_009_PBR_HT2_S051,0.8125,0.625,0.75,0.125,0.1875,0.0,0.125,0.1875,0.25,0.0,0.375,0.375,0.1875,0.625,0.0,0.0,0.1875,0.375,0.375,0.0625,0.5,0.0,0.625,0.125,0.25,0.1875,0.375,0.25
ALL_009_PBR_HT2_S052,0.6875,0.1875,0.625,0.25,0.125,0.0625,0.1875,0.3125,0.25,0.0,0.1875,0.375,0.25,0.0,0.0,0.0,0.25,0.375,0.3125,0.0,0.3125,0.3125,0.25,0.0,0.4375,0.1875,0.125,0.1875
ALL_009_PBR_HT2_S053,0.75,0.6923076923076923,0.5384615384615384,0.0,0.0,0.0,0.0,0.3076923076923077,0.4166666666666667,0.3076923076923077,0.3076923076923077,0.6153846153846154,0.0,0.23076923076923078,0.0,0.3076923076923077,0.6153846153846154,0.5384615384615384,0.46153846153846156,0.15384615384615385,0.23076923076923078,0.0,0.23076923076923078,0.3076923076923077,0.46153846153846156,0.07692307692307693,0.46153846153846156,0.5384615384615384
ALL_009_PBR_HT2_S054,0.7857142857142857,0.6,0.6666666666666666,0.13333333333333333,0.0,0.0,0.0,0.0,0.14285714285714285,0.0,0.06666666666666667,0.0,0.13333333333333333,0.06666666666666667,0.0,0.0,0.0,0.4666666666666667,0.13333333333333333,0.13333333333333333,0.2,0.0,0.2,0.06666666666666667,0.13333333333333333,0.0,0.13333333333333333,0.13333333333333333
ALL_009_PBR_HT2_S055,1.0,0.11764705882352941,0.6470588235294118,0.0,0.0,0.0,0.0,0.0,0.25,0.0,0.0,0.0,0.0,0.0,0.0,0.0,0.0,0.7058823529411765,0.058823529411764705,0.0,0.058823529411764705,0.0,0.0,0.0,0.0,0.0,0.0,0.0
ALL_009_PBR_HT2_S056,0.8333333333333334,0.3888888888888889,0.6666666666666666,0.1111111111111111,0.0,0.1111111111111111,0.0,0.0,0.1111111111111111,0.0,0.0,0.1111111111111111,0.0,0.0,0.0,0.0,0.0,0.5,0.1111111111111111,0.1111111111111111,0.0,0.0,0.0,0.0,0.1111111111111111,0.0,0.2222222222222222,0.0
ALL_009_PBR_HT2_S057,0.7058823529411765,0.35294117647058826,0.7647058823529411,0.0,0.0,0.11764705882352941,0.0,0.23529411764705882,0.11764705882352941,0.23529411764705882,0.058823529411764705,0.23529411764705882,0.23529411764705882,0.23529411764705882,0.0,0.0,0.0,0.5294117647058824,0.29411764705882354,0.17647058823529413,0.5294117647058824,0.0,0.4117647058823529,0.23529411764705882,0.23529411764705882,0.17647058823529413,0.29411764705882354,0.35294117647058826
ALL_009_PBR_HT2_S058,0.47058823529411764,0.7647058823529411,0.47058823529411764,0.11764705882352941,0.11764705882352941,0.11764705882352941,0.11764705882352941,0.11764705882352941,0.35294117647058826,0.4117647058823529,0.11764705882352941,0.11764705882352941,0.11764705882352941,0.11764705882352941,0.11764705882352941,0.35294117647058826,0.11764705882352941,0.29411764705882354,0.29411764705882354,0.35294117647058826,0.11764705882352941,0.29411764705882354,0.11764705882352941,0.11764705882352941,0.29411764705882354,0.23529411764705882,0.11764705882352941,0.11764705882352941
ALL_009_PBR_HT2_S059,0.7857142857142857,0.6666666666666666,0.7333333333333333,0.2,0.3333333333333333,0.3333333333333333,0.06666666666666667,0.06666666666666667,0.21428571428571427,0.26666666666666666,0.3333333333333333,0.2,0.3333333333333333,0.6,0.2,0.0,0.2,0.6,0.13333333333333333,0.2,0.3333333333333333,0.26666666666666666,0.26666666666666666,0.4,0.2,0.26666666666666666,0.26666666666666666,0.26666666666666666
ALL_009_PBR_HT2_S060,0.5333333333333333,0.2,0.4666666666666667,0.06666666666666667,0.0,0.0,0.0,0.26666666666666666,0.13333333333333333,0.06666666666666667,0.06666666666666667,0.0,0.0,0.06666666666666667,0.0,0.06666666666666667,0.26666666666666666,0.7333333333333333,0.2,0.2,0.6,0.26666666666666666,0.3333333333333333,0.0,0.06666666666666667,0.2,0.0,0.06666666666666667
ALL_139_PBR_HT2_S046,0.4,0.125,0.4375,0.0625,0.0625,0.0625,0.0625,0.0625,0.13333333333333333,0.0625,0.0625,0.0625,0.0625,0.0625,0.0625,0.0625,0.0625,0.1875,0.0625,0.0625,0.25,0.0625,0.0625,0.0625,0.25,0.0625,0.0625,0.25
ALL_139_PBR_HT2_S047,0.5,0.14285714285714285,0.5714285714285714,0.21428571428571427,0.21428571428571427,0.0,0.21428571428571427,0.21428571428571427,0.07142857142857142,0.0,0.0,0.0,0.0,0.14285714285714285,0.0,0.2857142857142857,0.14285714285714285,0.14285714285714285,0.35714285714285715,0.0,0.21428571428571427,0.0,0.0,0.0,0.0,0.0,0.14285714285714285,0.14285714285714285
ALL_139_PBR_HT2_S048,0.8333333333333334,0.10526315789473684,0.631578947368421,0.0,0.0,0.0,0.0,0.0,0.1111111111111111,0.0,0.0,0.0,0.0,0.0,0.0,0.0,0.0,0.0,0.0,0.0,0.05263157894736842,0.0,0.21052631578947367,0.0,0.0,0.0,0.10526315789473684,0.0
ALL_139_PBR_HT2_S049,0.5625,0.0625,0.3125,0.0,0.0,0.125,0.0,0.0,0.0625,0.0,0.0,0.0,0.0,0.125,0.0,0.0,0.0,0.0,0.0,0.0,0.0,0.0,0.0,0.0,0.0,0.0,0.0625,0.0
ALL_139_PBR_HT2_S050,0.5625,0.4117647058823529,0.47058823529411764,0.0,0.0,0.0,0.0,0.0,0.0625,0.11764705882352941,0.0,0.17647058823529413,0.058823529411764705,0.058823529411764705,0.0,0.0,0.0,0.0,0.0,0.11764705882352941,0.0,0.11764705882352941,0.11764705882352941,0.0,0.17647058823529413,0.0,0.17647058823529413,0.058823529411764705
ALL_139_PBR_HT2_S051,0.5625,0.375,0.875,0.125,0.0,0.0,0.0,0.0,0.125,0.0,0.0,0.125,0.0,0.125,0.125,0.0,0.0,0.375,0.1875,0.25,0.25,0.0,0.0,0.125,0.3125,0.0,0.25,0.125
ALL_139_PBR_HT2_S052,0.5625,0.25,0.625,0.1875,0.0,0.0,0.0,0.3125,0.125,0.0,0.125,0.125,0.0,0.0,0.125,0.0,0.0,0.25,0.3125,0.3125,0.0,0.0,0.0,0.0,0.25,0.0,0.1875,0.1875
ALL_139_PBR_HT2_S053,0.75,0.38461538461538464,0.38461538461538464,0.0,0.0,0.0,0.0,0.0,0.0,0.0,0.0,0.0,0.0,0.0,0.0,0.0,0.0,0.0,0.0,0.0,0.0,0.0,0.0,0.0,0.0,0.0,0.3076923076923077,0.15384615384615385
ALL_139_PBR_HT2_S054,0.7857142857142857,0.3333333333333333,0.26666666666666666,0.0,0.0,0.0,0.0,0.0,0.42857142857142855,0.26666666666666666,0.0,0.3333333333333333,0.0,0.0,0.0,0.0,0.0,0.06666666666666667,0.4666666666666667,0.2,0.2,0.06666666666666667,0.06666666666666667,0.26666666666666666,0.13333333333333333,0.06666666666666667,0.2,0.3333333333333333
ALL_139_PBR_HT2_S055,0.5625,0.0,0.7647058823529411,0.11764705882352941,0.11764705882352941,0.0,0.0,0.11764705882352941,0.25,0.11764705882352941,0.058823529411764705,0.7647058823529411,0.11764705882352941,0.0,0.0,0.0,0.11764705882352941,0.11764705882352941,0.0,0.0,0.11764705882352941,0.11764705882352941,0.11764705882352941,0.0,0.23529411764705882,0.11764705882352941,0.11764705882352941,0.11764705882352941
ALL_139_PBR_HT2_S056,0.6111111111111112,0.0,0.5,0.0,0.0,0.0,0.0,0.0,0.0,0.0,0.0,0.0,0.0,0.0,0.0,0.0,0.0,0.0,0.0,0.0,0.0,0.0,0.0,0.0,0.0,0.0,0.0,0.0
ALL_139_PBR_HT2_S057,0.5882352941176471,0.0,0.7647058823529411,0.23529411764705882,0.0,0.0,0.0,0.0,0.17647058823529413,0.0,0.058823529411764705,0.5294117647058824,0.0,0.17647058823529413,0.0,0.0,0.0,0.5294117647058824,0.29411764705882354,0.47058823529411764,0.4117647058823529,0.0,0.11764705882352941,0.058823529411764705,0.23529411764705882,0.11764705882352941,0.17647058823529413,0.058823529411764705
ALL_139_PBR_HT2_S058,0.5882352941176471,0.47058823529411764,0.8235294117647058,0.11764705882352941,0.11764705882352941,0.11764705882352941,0.11764705882352941,0.11764705882352941,0.4117647058823529,0.29411764705882354,0.11764705882352941,0.11764705882352941,0.11764705882352941,0.23529411764705882,0.11764705882352941,0.11764705882352941,0.11764705882352941,0.11764705882352941,0.11764705882352941,0.11764705882352941,0.11764705882352941,0.35294117647058826,0.35294117647058826,0.4117647058823529,0.29411764705882354,0.47058823529411764,0.35294117647058826,0.29411764705882354
ALL_139_PBR_HT2_S059,0.42857142857142855,0.0,0.7333333333333333,0.0,0.0,0.0,0.0,0.0,0.07142857142857142,0.0,0.0,0.26666666666666666,0.0,0.26666666666666666,0.13333333333333333,0.0,0.0,0.13333333333333333,0.0,0.0,0.0,0.0,0.0,0.0,0.0,0.0,0.13333333333333333,0.0
ALL_139_PBR_HT2_S060,0.8,0.06666666666666667,0.4666666666666667,0.0,0.0,0.0,0.0,0.0,0.0,0.0,0.0,0.0,0.0,0.0,0.0,0.0,0.0,0.0,0.0,0.0,0.0,0.0,0.0,0.0,0.13333333333333333,0.0,0.0,0.0
ALL_116_RUN_HT2_S046,0.4666666666666667,0.375,0.375,0.0625,0.0625,0.0625,0.0625,0.0625,0.06666666666666667,0.1875,0.0625,0.0625,0.0,0.0625,0.0,0.0625,0.0625,0.3125,0.0625,0.0625,0.3125,0.0625,0.0625,0.0625,0.125,0.0625,0.3125,0.125
ALL_116_RUN_HT2_S047,0.5,0.42857142857142855,0.5714285714285714,0.0,0.0,0.0,0.0,0.0,0.5,0.0,0.2857142857142857,0.0,0.0,0.2857142857142857,0.07142857142857142,0.5,0.0,0.6428571428571429,0.35714285714285715,0.35714285714285715,0.21428571428571427,0.0,0.35714285714285715,0.14285714285714285,0.0,0.0,0.07142857142857142,0.07142857142857142
ALL_116_RUN_HT2_S048,0.6666666666666666,0.5789473684210527,0.5789473684210527,0.0,0.0,0.0,0.0,0.0,0.16666666666666666,0.10526315789473684,0.0,0.0,0.0,0.0,0.0,0.15789473684210525,0.0,0.2631578947368421,0.0,0.0,0.0,0.0,0.5789473684210527,0.05263157894736842,0.10526315789473684,0.10526315789473684,0.2631578947368421,0.0
ALL_116_RUN_HT2_S049,0.5625,0.0625,0.375,0.0,0.0,0.0,0.0,0.0,0.0625,0.0,0.0,0.0,0.0,0.0625,0.0,0.0,0.0,0.125,0.0,0.0,0.0,0.0,0.0625,0.0,0.0,0.0,0.125,0.0
ALL_116_RUN_HT2_S050,0.5,0.35294117647058826,0.8823529411764706,0.11764705882352941,0.0,0.11764705882352941,0.0,0.0,0.125,0.23529411764705882,0.0,0.11764705882352941,0.0,0.0,0.0,0.4117647058823529,0.11764705882352941,0.47058823529411764,0.11764705882352941,0.11764705882352941,0.0,0.0,0.17647058823529413,0.0,0.0,0.0,0.17647058823529413,0.0
ALL_116_RUN_HT2_S051,0.8125,0.3125,0.5625,0.125,0.0,0.0,0.0,0.0,0.25,0.125,0.0,0.0,0.0,0.0625,0.0625,0.625,0.0,0.5625,0.4375,0.375,0.5625,0.0,0.5625,0.0625,0.25,0.125,0.3125,0.25
ALL_116_RUN_HT2_S052,0.5,0.375,0.5625,0.3125,0.0,0.0,0.0,0.0,0.25,0.125,0.125,0.0,0.0,0.0,0.0,0.0,0.0,0.8125,0.0625,0.125,0.25,0.125,0.0,0.0,0.1875,0.125,0.4375,0.125
ALL_116_RUN_HT2_S053,0.6666666666666666,0.6923076923076923,0.6923076923076923,0.0,0.0,0.0,0.0,0.46153846153846156,0.4166666666666667,0.15384615384615385,0.0,0.0,0.0,0.07692307692307693,0.0,0.0,0.15384615384615385,0.6923076923076923,0.3076923076923077,0.0,0.46153846153846156,0.15384615384615385,0.38461538461538464,0.3076923076923077,0.38461538461538464,0.23076923076923078,0.38461538461538464,0.3076923076923077
ALL_116_RUN_HT2_S054,0.8571428571428571,0.6666666666666666,0.7333333333333333,0.3333333333333333,0.13333333333333333,0.0,0.13333333333333333,0.3333333333333333,0.42857142857142855,0.4666666666666667,0.2,0.3333333333333333,0.13333333333333333,0.13333333333333333,0.4666666666666667,0.3333333333333333,0.26666666666666666,0.7333333333333333,0.0,0.2,0.4,0.4666666666666667,0.4,0.3333333333333333,0.5333333333333333,0.3333333333333333,0.4,0.2
ALL_116_RUN_HT2_S055,0.6875,0.47058823529411764,0.6470588235294118,0.23529411764705882,0.17647058823529413,0.058823529411764705,0.058823529411764705,0.058823529411764705,0.3125,0.11764705882352941,0.0,0.11764705882352941,0.058823529411764705,0.058823529411764705,0.058823529411764705,0.35294117647058826,0.058823529411764705,0.5294117647058824,0.17647058823529413,0.5882352941176471,0.058823529411764705,0.058823529411764705,0.4117647058823529,0.058823529411764705,0.11764705882352941,0.11764705882352941,0.17647058823529413,0.11764705882352941
ALL_116_RUN_HT2_S056,0.6111111111111112,0.2777777777777778,0.3333333333333333,0.1111111111111111,0.0,0.0,0.0,0.0,0.1111111111111111,0.0,0.0,0.0,0.0,0.0,0.0,0.0,0.0,0.6111111111111112,0.16666666666666666,0.1111111111111111,0.0,0.3888888888888889,0.1111111111111111,0.0,0.16666666666666666,0.1111111111111111,0.1111111111111111,0.0
ALL_116_RUN_HT2_S057,0.6470588235294118,0.0,0.8823529411764706,0.0,0.058823529411764705,0.0,0.0,0.23529411764705882,0.0,0.0,0.0,0.29411764705882354,0.058823529411764705,0.11764705882352941,0.0,0.23529411764705882,0.23529411764705882,0.4117647058823529,0.0,0.0,0.11764705882352941,0.0,0.058823529411764705,0.0,0.11764705882352941,0.11764705882352941,0.29411764705882354,0.0
ALL_116_RUN_HT2_S058,0.8235294117647058,0.4117647058823529,0.6470588235294118,0.5294117647058824,0.0,0.0,0.0,0.0,0.35294117647058826,0.11764705882352941,0.6470588235294118,0.0,0.0,0.29411764705882354,0.0,0.29411764705882354,0.0,0.8235294117647058,0.0,0.6470588235294118,0.058823529411764705,0.17647058823529413,0.4117647058823529,0.17647058823529413,0.17647058823529413,0.23529411764705882,0.35294117647058826,0.0
ALL_116_RUN_HT2_S059,0.7857142857142857,0.26666666666666666,0.5333333333333333,0.0,0.0,0.0,0.0,0.0,0.21428571428571427,0.06666666666666667,0.0,0.0,0.0,0.0,0.13333333333333333,1.0,0.0,0.13333333333333333,0.0,0.0,0.26666666666666666,0.2,0.26666666666666666,0.0,0.06666666666666667,0.13333333333333333,0.4,0.13333333333333333
ALL_116_RUN_HT2_S060,0.8,0.13333333333333333,0.6666666666666666,0.0,0.0,0.0,0.0,0.2,0.06666666666666667,0.13333333333333333,0.06666666666666667,0.0,0.0,0.0,0.0,1.0,0.0,0.6666666666666666,0.4,0.2,0.26666666666666666,0.0,0.3333333333333333,0.06666666666666667,0.13333333333333333,0.4,0.13333333333333333,0.06666666666666667
ALL_003_RUS_HT2_S046,0.4,0.25,0.4375,0.0,0.0625,0.0,0.0625,0.0625,0.13333333333333333,0.1875,0.0625,0.125,0.0625,0.0625,0.1875,0.0625,0.0,0.375,0.125,0.0625,0.25,0.125,0.0625,0.0625,0.125,0.1875,0.125,0.125
ALL_003_RUS_HT2_S047,0.35714285714285715,0.5,0.5,0.14285714285714285,0.0,0.0,0.14285714285714285,0.2857142857142857,0.21428571428571427,0.0,0.0,0.35714285714285715,0.14285714285714285,0.14285714285714285,0.0,0.7142857142857143,0.2857142857142857,0.8571428571428571,0.14285714285714285,0.14285714285714285,0.14285714285714285,0.21428571428571427,0.14285714285714285,0.0,0.21428571428571427,0.0,0.21428571428571427,0.0
ALL_003_RUS_HT2_S048,0.8888888888888888,0.05263157894736842,0.7368421052631579,0.0,0.0,0.0,0.0,0.0,0.05555555555555555,0.10526315789473684,0.0,0.0,0.0,0.0,0.0,0.0,0.0,0.15789473684210525,0.0,0.0,0.0,0.10526315789473684,0.0,0.0,0.10526315789473684,0.0,0.0,0.0
ALL_003_RUS_HT2_S049,0.8125,0.1875,0.3125,0.0,0.0,0.0,0.0,0.0,0.0625,0.3125,0.0,0.0,0.0625,0.0,0.0,0.0,0.0,0.0625,0.0,0.0,0.0,0.125,0.0,0.0,0.25,0.125,0.25,0.0
ALL_003_RUS_HT2_S050,0.4375,0.058823529411764705,0.6470588235294118,0.35294117647058826,0.0,0.0,0.17647058823529413,0.11764705882352941,0.125,0.058823529411764705,0.11764705882352941,0.11764705882352941,0.0,0.23529411764705882,0.23529411764705882,0.4117647058823529,0.11764705882352941,0.5882352941176471,0.29411764705882354,0.17647058823529413,0.11764705882352941,0.058823529411764705,0.058823529411764705,0.058823529411764705,0.23529411764705882,0.0,0.29411764705882354,0.17647058823529413
ALL_003_RUS_HT2_S051,0.6875,0.0,0.375,0.0,0.0,0.0,0.0,0.0,0.0625,0.0,0.0,0.125,0.0,0.0,0.0,0.0,0.0,0.0,0.1875,0.125,0.1875,0.0,0.1875,0.0,0.0,0.0,0.125,0.0625
ALL_003_RUS_HT2_S052,0.375,0.0,0.5,0.125,0.0,0.0,0.0,0.0,0.0625,0.0,0.0,0.0,0.0,0.0,0.0,0.0,0.0,0.3125,0.0,0.0,0.0,0.0,0.0,0.0,0.0,0.0,0.0,0.125
ALL_003_RUS_HT2_S053,0.75,0.23076923076923078,0.46153846153846156,0.0,0.0,0.15384615384615385,0.0,0.0,0.08333333333333333,0.15384615384615385,0.0,0.0,0.0,0.0,0.15384615384615385,0.0,0.0,0.0,0.0,0.0,0.07692307692307693,0.15384615384615385,0.0,0.0,0.3076923076923077,0.0,0.07692307692307693,0.15384615384615385
ALL_003_RUS_HT2_S054,0.6428571428571429,0.5333333333333333,0.4666666666666667,0.3333333333333333,0.0,0.2,0.3333333333333333,0.2,0.21428571428571427,0.13333333333333333,0.13333333333333333,0.2,0.2,0.06666666666666667,0.06666666666666667,0.3333333333333333,0.26666666666666666,0.4666666666666667,0.3333333333333333,0.26666666666666666,0.3333333333333333,0.13333333333333333,0.26666666666666666,0.13333333333333333,0.4666666666666667,0.06666666666666667,0.26666666666666666,0.26666666666666666
ALL_003_RUS_HT2_S055,0.75,0.058823529411764705,0.5294117647058824,0.0,0.0,0.0,0.0,0.0,0.125,0.0,0.0,0.0,0.0,0.0,0.0,0.0,0.0,0.47058823529411764,0.0,0.0,0.17647058823529413,0.0,0.17647058823529413,0.0,0.0,0.0,0.0,0.0
ALL_003_RUS_HT2_S056,0.8333333333333334,0.0,0.6111111111111112,0.0,0.0,0.0,0.0,0.0,0.0,0.0,0.0,0.5,0.0,0.0,0.0,0.0,0.0,0.4444444444444444,0.16666666666666666,0.0,0.0,0.0,0.0,0.0,0.0,0.0,0.0,0.0
ALL_003_RUS_HT2_S057,0.35294117647058826,0.0,0.5882352941176471,0.058823529411764705,0.058823529411764705,0.0,0.058823529411764705,0.058823529411764705,0.058823529411764705,0.058823529411764705,0.058823529411764705,0.35294117647058826,0.058823529411764705,0.058823529411764705,0.058823529411764705,0.058823529411764705,0.058823529411764705,0.47058823529411764,0.058823529411764705,0.058823529411764705,0.35294117647058826,0.058823529411764705,0.058823529411764705,0.058823529411764705,0.058823529411764705,0.058823529411764705,0.058823529411764705,0.058823529411764705
ALL_003_RUS_HT2_S058,0.6470588235294118,0.23529411764705882,0.5294117647058824,0.0,0.0,0.0,0.0,0.0,0.17647058823529413,0.11764705882352941,0.0,0.0,0.0,0.0,0.0,0.0,0.0,0.11764705882352941,0.0,0.0,0.0,0.0,0.0,0.0,0.058823529411764705,0.058823529411764705,0.11764705882352941,0.0
ALL_003_RUS_HT2_S059,0.7857142857142857,0.2,0.3333333333333333,0.13333333333333333,0.13333333333333333,0.13333333333333333,0.13333333333333333,0.13333333333333333,0.21428571428571427,0.13333333333333333,0.13333333333333333,0.13333333333333333,0.13333333333333333,0.13333333333333333,0.13333333333333333,0.2,0.13333333333333333,0.26666666666666666,0.13333333333333333,0.13333333333333333,0.13333333333333333,0.13333333333333333,0.13333333333333333,0.13333333333333333,0.13333333333333333,0.13333333333333333,0.13333333333333333,0.2
ALL_003_RUS_HT2_S060,0.6666666666666666,0.13333333333333333,0.5333333333333333,0.0,0.0,0.0,0.0,0.0,0.0,0.13333333333333333,0.0,0.0,0.0,0.0,0.0,0.0,0.0,0.6,0.13333333333333333,0.0,0.13333333333333333,0.0,0.0,0.0,0.13333333333333333,0.0,0.13333333333333333,0.0
ALL_010_RUS_HT2_S046,0.4,0.1875,0.1875,0.0625,0.0625,0.0,0.0625,0.0625,0.13333333333333333,0.0625,0.0625,0.0625,0.0625,0.0625,0.0,0.0625,0.0625,0.3125,0.0625,0.0625,0.0625,0.0625,0.0625,0.1875,0.0625,0.0625,0.1875,0.0625
ALL_010_RUS_HT2_S047,0.5,0.5714285714285714,0.5714285714285714,0.0,0.14285714285714285,0.0,0.0,0.2857142857142857,0.2857142857142857,0.0,0.0,0.0,0.0,0.21428571428571427,0.42857142857142855,0.42857142857142855,0.14285714285714285,0.5,0.2857142857142857,0.0,0.0,0.0,0.0,0.21428571428571427,0.14285714285714285,0.0,0.07142857142857142,0.07142857142857142
ALL_010_RUS_HT2_S048,0.6111111111111112,0.15789473684210525,0.631578947368421,0.0,0.0,0.0,0.0,0.0,0.1111111111111111,0.0,0.05263157894736842,0.3157894736842105,0.10526315789473684,0.10526315789473684,0.0,0.5789473684210527,0.0,0.0,0.0,0.0,0.05263157894736842,0.0,0.05263157894736842,0.10526315789473684,0.10526315789473684,0.0,0.05263157894736842,0.10526315789473684
ALL_010_RUS_HT2_S049,0.875,0.25,0.3125,0.125,0.0625,0.0,0.0,0.0625,0.0625,0.1875,0.0625,0.125,0.0,0.0625,0.0,0.125,0.0625,0.625,0.125,0.0625,0.0625,0.1875,0.0625,0.0625,0.25,0.0625,0.1875,0.0625
ALL_010_RUS_HT2_S050,0.4375,0.058823529411764705,0.23529411764705882,0.0,0.0,0.0,0.0,0.0,0.0625,0.0,0.0,0.0,0.0,0.0,0.0,0.0,0.0,0.11764705882352941,0.0,0.0,0.0,0.0,0.0,0.0,0.0,0.0,0.0,0.0
ALL_010_RUS_HT2_S051,0.5,0.1875,0.375,0.0,0.0,0.0,0.0,0.0,0.0,0.0,0.0,0.0,0.0,0.0,0.0,0.0,0.0,0.0,0.125,0.0,0.0,0.0,0.0,0.0,0.0,0.0,0.125,0.0
ALL_010_RUS_HT2_S052,0.3125,0.0625,0.4375,0.0,0.0,0.0,0.0,0.0,0.0,0.0,0.0,0.125,0.0,0.0,0.0,0.125,0.0,0.125,0.125,0.0,0.0,0.0,0.0,0.0,0.25,0.0,0.0,0.0
ALL_010_RUS_HT2_S053,0.9166666666666666,0.23076923076923078,0.6153846153846154,0.0,0.0,0.0,0.0,0.0,0.25,0.0,0.0,0.0,0.0,0.0,0.0,0.0,0.0,0.23076923076923078,0.0,0.0,0.23076923076923078,0.0,0.0,0.23076923076923078,0.38461538461538464,0.0,0.46153846153846156,0.0
ALL_010_RUS_HT2_S054,0.8571428571428571,0.13333333333333333,0.6,0.0,0.0,0.0,0.0,0.0,0.0,0.0,0.0,0.2,0.0,0.0,0.0,0.0,0.0,0.26666666666666666,0.0,0.0,0.3333333333333333,0.0,0.06666666666666667,0.2,0.06666666666666667,0.13333333333333333,0.13333333333333333,0.06666666666666667
ALL_010_RUS_HT2_S055,0.8125,0.058823529411764705,0.8235294117647058,0.0,0.0,0.0,0.0,0.0,0.3125,0.0,0.0,0.0,0.0,0.0,0.0,0.0,0.0,0.35294117647058826,0.0,0.0,0.0,0.0,0.0,0.0,0.0,0.0,0.17647058823529413,0.0
ALL_010_RUS_HT2_S056,0.8888888888888888,0.2222222222222222,0.5555555555555556,0.0,0.0,0.0,0.0,0.0,0.0,0.0,0.0,0.05555555555555555,0.0,0.0,0.0,0.0,0.0,0.05555555555555555,0.16666666666666666,0.1111111111111111,0.0,0.0,0.05555555555555555,0.0,0.05555555555555555,0.0,0.0,0.0
ALL_010_RUS_HT2_S057,0.4117647058823529,0.11764705882352941,0.5294117647058824,0.11764705882352941,0.0,0.11764705882352941,0.11764705882352941,0.11764705882352941,0.058823529411764705,0.11764705882352941,0.11764705882352941,0.11764705882352941,0.0,0.058823529411764705,0.0,0.0,0.11764705882352941,0.23529411764705882,0.11764705882352941,0.11764705882352941,0.17647058823529413,0.058823529411764705,0.11764705882352941,0.11764705882352941,0.058823529411764705,0.11764705882352941,0.058823529411764705,0.11764705882352941
ALL_010_RUS_HT2_S058,0.6470588235294118,0.11764705882352941,0.5882352941176471,0.0,0.0,0.0,0.0,0.0,0.11764705882352941,0.17647058823529413,0.0,0.0,0.0,0.0,0.0,0.0,0.0,0.0,0.17647058823529413,0.0,0.0,0.0,0.0,0.0,0.11764705882352941,0.0,0.0,0.0
ALL_010_RUS_HT2_S059,0.7857142857142857,0.06666666666666667,0.4,0.13333333333333333,0.0,0.13333333333333333,0.0,0.0,0.21428571428571427,0.0,0.13333333333333333,0.0,0.0,0.13333333333333333,0.13333333333333333,0.26666666666666666,0.0,0.2,0.2,0.2,0.2,0.13333333333333333,0.26666666666666666,0.0,0.13333333333333333,0.0,0.3333333333333333,0.13333333333333333
ALL_010_RUS_HT2_S060,0.6,0.06666666666666667,0.5333333333333333,0.0,0.0,0.0,0.0,0.0,0.0,0.0,0.0,0.0,0.0,0.0,0.0,0.0,0.0,0.0,0.0,0.0,0.0,0.0,0.13333333333333333,0.0,0.13333333333333333,0.0,0.06666666666666667,0.0
ALL_140_RUS_HT2_S046,0.26666666666666666,0.125,0.4375,0.0625,0.0625,0.0625,0.0625,0.0625,0.13333333333333333,0.1875,0.0625,0.0625,0.0625,0.0625,0.0625,0.0625,0.0625,0.0625,0.0625,0.0625,0.25,0.0625,0.125,0.1875,0.1875,0.125,0.125,0.1875
ALL_140_RUS_HT2_S047,0.42857142857142855,0.5714285714285714,0.5,0.0,0.0,0.0,0.0,0.0,0.07142857142857142,0.0,0.0,0.21428571428571427,0.0,0.0,0.0,0.0,0.21428571428571427,0.42857142857142855,0.35714285714285715,0.21428571428571427,0.0,0.0,0.2857142857142857,0.14285714285714285,0.0,0.0,0.0,0.0
ALL_140_RUS_HT2_S048,0.7777777777777778,0.21052631578947367,0.5263157894736842,0.0,0.0,0.0,0.0,0.0,0.05555555555555555,0.0,0.0,0.10526315789473684,0.0,0.0,0.0,0.0,0.0,0.0,0.10526315789473684,0.15789473684210525,0.0,0.0,0.0,0.10526315789473684,0.0,0.0,0.0,0.0
ALL_140_RUS_HT2_S049,0.6875,0.0625,0.25,0.0,0.0,0.0,0.0,0.0,0.0625,0.0,0.0,0.5625,0.0,0.0,0.0,0.0,0.0,0.0,0.1875,0.0,0.0,0.0,0.0,0.0,0.0,0.0,0.0,0.0
ALL_140_RUS_HT2_S050,0.5625,0.058823529411764705,0.4117647058823529,0.0,0.0,0.0,0.058823529411764705,0.0,0.1875,0.058823529411764705,0.0,0.058823529411764705,0.058823529411764705,0.058823529411764705,0.0,0.0,0.0,0.0,0.0,0.058823529411764705,0.11764705882352941,0.058823529411764705,0.11764705882352941,0.17647058823529413,0.17647058823529413,0.058823529411764705,0.11764705882352941,0.058823529411764705
ALL_140_RUS_HT2_S051,0.5,0.0,0.25,0.0,0.0,0.0,0.0,0.0,0.0,0.0,0.0,0.0,0.0,0.0,0.0,0.0,0.0,0.5625,0.125,0.0,0.0625,0.0,0.0,0.0,0.0,0.0,0.1875,0.0
ALL_140_RUS_HT2_S052,0.625,0.4375,0.6875,0.3125,0.0,0.0,0.125,0.0,0.0625,0.0,0.0,0.1875,0.0,0.0,0.0,0.0,0.0,0.75,0.1875,0.1875,0.25,0.0,0.0,0.0,0.0625,0.0,0.125,0.1875
ALL_140_RUS_HT2_S053,0.75,0.23076923076923078,0.46153846153846156,0.0,0.0,0.0,0.0,0.0,0.16666666666666666,0.23076923076923078,0.0,0.0,0.0,0.0,0.0,0.0,0.0,0.38461538461538464,0.0,0.0,0.0,0.0,0.23076923076923078,0.0,0.23076923076923078,0.0,0.07692307692307693,0.0
ALL_140_RUS_HT2_S054,1.0,0.26666666666666666,0.4666666666666667,0.0,0.0,0.0,0.06666666666666667,0.13333333333333333,0.2857142857142857,0.06666666666666667,0.0,0.0,0.0,0.0,0.0,0.6,0.0,0.6,0.2,0.0,0.3333333333333333,0.06666666666666667,0.2,0.2,0.2,0.0,0.3333333333333333,0.13333333333333333
ALL_140_RUS_HT2_S055,0.9375,0.11764705882352941,0.6470588235294118,0.0,0.0,0.0,0.0,0.0,0.125,0.0,0.0,0.29411764705882354,0.0,0.0,0.0,0.0,0.0,0.5294117647058824,0.11764705882352941,0.0,0.0,0.0,0.0,0.0,0.17647058823529413,0.0,0.0,0.0
ALL_140_RUS_HT2_S056,0.6666666666666666,0.0,0.5,0.0,0.0,0.0,0.0,0.0,0.0,0.0,0.0,0.0,0.0,0.0,0.0,0.0,0.0,0.05555555555555555,0.0,0.1111111111111111,0.1111111111111111,0.0,0.0,0.0,0.0,0.0,0.0,0.0
ALL_140_RUS_HT2_S057,0.35294117647058826,0.0,0.47058823529411764,0.0,0.0,0.0,0.0,0.0,0.0,0.0,0.0,0.0,0.0,0.0,0.0,0.0,0.0,0.23529411764705882,0.0,0.0,0.0,0.0,0.058823529411764705,0.0,0.0,0.0,0.0,0.0
ALL_140_RUS_HT2_S058,0.5882352941176471,0.17647058823529413,0.6470588235294118,0.0,0.0,0.0,0.0,0.0,0.058823529411764705,0.0,0.0,0.0,0.0,0.0,0.0,0.0,0.0,0.0,0.0,0.23529411764705882,0.0,0.0,0.0,0.0,0.0,0.0,0.0,0.0
ALL_140_RUS_HT2_S059,0.6428571428571429,0.06666666666666667,0.6,0.0,0.0,0.13333333333333333,0.0,0.0,0.42857142857142855,0.2,0.0,0.0,0.0,0.26666666666666666,0.0,0.13333333333333333,0.0,0.0,0.0,0.0,0.2,0.4,0.4,0.13333333333333333,0.4,0.5333333333333333,0.5333333333333333,0.0
ALL_140_RUS_HT2_S060,1.0,0.13333333333333333,0.5333333333333333,0.0,0.0,0.0,0.0,0.0,0.0,0.13333333333333333,0.0,0.0,0.0,0.0,0.0,0.0,0.0,0.13333333333333333,0.0,0.0,0.0,0.0,0.06666666666666667,0.06666666666666667,0.2,0.0,0.06666666666666667,0.13333333333333333
ALL_142_RUS_HT2_S046,0.4666666666666667,0.4375,0.625,0.0,0.0625,0.0625,0.0625,0.1875,0.4,0.4375,0.25,0.0625,0.0625,0.0625,0.0625,0.0625,0.0625,0.375,0.1875,0.1875,0.375,0.3125,0.125,0.125,0.5625,0.1875,0.375,0.125
ALL_142_RUS_HT2_S047,0.6428571428571429,0.42857142857142855,0.7142857142857143,0.07142857142857142,0.0,0.0,0.0,0.07142857142857142,0.0,0.0,0.0,0.07142857142857142,0.0,0.14285714285714285,0.0,0.5,0.07142857142857142,0.0,0.2857142857142857,0.0,0.0,0.0,0.07142857142857142,0.14285714285714285,0.14285714285714285,0.0,0.21428571428571427,0.0
ALL_142_RUS_HT2_S048,0.8888888888888888,0.3684210526315789,0.5789473684210527,0.0,0.0,0.0,0.0,0.0,0.2222222222222222,0.0,0.10526315789473684,0.0,0.0,0.05263157894736842,0.0,0.0,0.0,0.15789473684210525,0.0,0.3684210526315789,0.2631578947368421,0.0,0.10526315789473684,0.10526315789473684,0.0,0.0,0.15789473684210525,0.0
ALL_142_RUS_HT2_S049,0.8125,0.0625,0.5,0.0,0.0,0.0,0.0,0.0,0.125,0.0625,0.0,0.0,0.0,0.0,0.0,0.0,0.0,0.4375,0.125,0.0,0.0,0.125,0.125,0.0,0.25,0.125,0.125,0.0
ALL_142_RUS_HT2_S050,0.6875,0.0,0.17647058823529413,0.11764705882352941,0.0,0.11764705882352941,0.11764705882352941,0.0,0.1875,0.058823529411764705,0.0,0.17647058823529413,0.0,0.11764705882352941,0.17647058823529413,0.29411764705882354,0.0,0.35294117647058826,0.17647058823529413,0.23529411764705882,0.11764705882352941,0.11764705882352941,0.17647058823529413,0.11764705882352941,0.11764705882352941,0.11764705882352941,0.17647058823529413,0.11764705882352941
ALL_142_RUS_HT2_S051,0.4375,0.0,0.5,0.0,0.0,0.0,0.0,0.0,0.0625,0.0,0.0625,0.0,0.0,0.0,0.0,0.0,0.0,0.1875,0.0,0.0,0.0625,0.0,0.0,0.0,0.0,0.0,0.0,0.0
ALL_142_RUS_HT2_S052,0.75,0.125,0.625,0.1875,0.1875,0.3125,0.25,0.25,0.1875,0.1875,0.1875,0.0,0.1875,0.125,0.0625,0.3125,0.25,0.8125,0.0625,0.125,0.125,0.125,0.1875,0.1875,0.0625,0.0625,0.125,0.1875
ALL_142_RUS_HT2_S053,0.75,0.38461538461538464,0.46153846153846156,0.0,0.0,0.0,0.0,0.0,0.6666666666666666,0.3076923076923077,0.0,0.6153846153846154,0.0,0.0,0.0,0.0,0.0,1.0,0.0,0.0,0.0,0.23076923076923078,0.23076923076923078,0.07692307692307693,0.5384615384615384,0.3076923076923077,0.3076923076923077,0.07692307692307693
ALL_142_RUS_HT2_S054,0.7142857142857143,0.26666666666666666,0.6,0.0,0.0,0.0,0.0,0.06666666666666667,0.21428571428571427,0.06666666666666667,0.06666666666666667,0.26666666666666666,0.0,0.0,0.13333333333333333,0.13333333333333333,0.06666666666666667,0.5333333333333333,0.0,0.26666666666666666,0.6666666666666666,0.2,0.2,0.13333333333333333,0.26666666666666666,0.06666666666666667,0.26666666666666666,0.2
ALL_142_RUS_HT2_S055,0.5625,0.11764705882352941,0.7058823529411765,0.0,0.0,0.0,0.0,0.0,0.3125,0.0,0.0,0.0,0.0,0.0,0.0,0.0,0.0,0.35294117647058826,0.0,0.0,0.35294117647058826,0.17647058823529413,0.11764705882352941,0.0,0.058823529411764705,0.11764705882352941,0.11764705882352941,0.0
ALL_142_RUS_HT2_S056,0.7222222222222222,0.0,0.2777777777777778,0.0,0.0,0.0,0.0,0.0,0.0,0.0,0.0,0.2222222222222222,0.0,0.0,0.0,0.0,0.0,0.3888888888888889,0.0,0.0,0.0,0.0,0.05555555555555555,0.0,0.0,0.0,0.0,0.0
ALL_142_RUS_HT2_S057,0.4117647058823529,0.058823529411764705,0.5294117647058824,0.0,0.0,0.0,0.0,0.0,0.0,0.0,0.11764705882352941,0.058823529411764705,0.0,0.0,0.0,0.0,0.11764705882352941,0.47058823529411764,0.058823529411764705,0.0,0.17647058823529413,0.0,0.0,0.0,0.11764705882352941,0.0,0.058823529411764705,0.0
ALL_142_RUS_HT2_S058,0.7058823529411765,0.47058823529411764,0.35294117647058826,0.0,0.0,0.0,0.0,0.0,0.17647058823529413,0.5882352941176471,0.0,0.5294117647058824,0.0,0.0,0.0,0.0,0.23529411764705882,0.5294117647058824,0.29411764705882354,0.5294117647058824,0.058823529411764705,0.23529411764705882,0.5294117647058824,0.0,0.17647058823529413,0.0,0.4117647058823529,0.17647058823529413
ALL_142_RUS_HT2_S059,0.7857142857142857,0.26666666666666666,0.6666666666666666,0.0,0.0,0.0,0.0,0.0,0.2857142857142857,0.0,0.0,0.0,0.13333333333333333,0.13333333333333333,0.0,0.6,0.0,0.6666666666666666,0.6,0.0,0.13333333333333333,0.3333333333333333,0.26666666666666666,0.0,0.13333333333333333,0.26666666666666666,0.3333333333333333,0.2
ALL_142_RUS_HT2_S060,0.5333333333333333,0.26666666666666666,0.3333333333333333,0.06666666666666667,0.06666666666666667,0.06666666666666667,0.0,0.06666666666666667,0.06666666666666667,0.06666666666666667,0.13333333333333333,0.06666666666666667,0.06666666666666667,0.2,0.06666666666666667,0.06666666666666667,0.06666666666666667,0.3333333333333333,0.06666666666666667,0.06666666666666667,0.06666666666666667,0.06666666666666667,0.13333333333333333,0.0,0.2,0.06666666666666667,0.06666666666666667,0.13333333333333333
ALL_144_RUS_HT2_S046,0.2,0.125,0.4375,0.0625,0.0625,0.0625,0.0625,0.0625,0.06666666666666667,0.0625,0.0625,0.0625,0.0625,0.0625,0.0625,0.0625,0.0625,0.0625,0.0625,0.0625,0.0625,0.0625,0.0625,0.0625,0.0625,0.0625,0.1875,0.0625
ALL_144_RUS_HT2_S047,0.5714285714285714,0.21428571428571427,0.42857142857142855,0.0,0.0,0.0,0.0,0.0,0.07142857142857142,0.0,0.0,0.0,0.0,0.0,0.0,0.0,0.0,0.35714285714285715,0.0,0.0,0.0,0.0,0.14285714285714285,0.14285714285714285,0.0,0.0,0.0,0.07142857142857142
ALL_144_RUS_HT2_S048,0.6666666666666666,0.10526315789473684,0.3157894736842105,0.0,0.0,0.0,0.05263157894736842,0.0,0.16666666666666666,0.0,0.0,0.0,0.0,0.0,0.0,0.42105263157894735,0.0,0.15789473684210525,0.0,0.0,0.0,0.0,0.0,0.10526315789473684,0.0,0.0,0.0,0.15789473684210525
ALL_144_RUS_HT2_S049,0.625,0.125,0.375,0.0,0.0,0.0,0.0,0.0,0.0,0.0,0.0,0.0,0.0,0.0,0.0,0.0,0.0,0.0,0.125,0.25,0.0,0.125,0.0,0.0,0.3125,0.0,0.3125,0.0625
ALL_144_RUS_HT2_S050,0.375,0.17647058823529413,0.17647058823529413,0.0,0.0,0.0,0.0,0.0,0.0625,0.0,0.0,0.0,0.0,0.0,0.0,0.0,0.0,0.0,0.0,0.0,0.0,0.0,0.0,0.0,0.0,0.0,0.058823529411764705,0.0
ALL_144_RUS_HT2_S051,0.6875,0.0,0.4375,0.0,0.0,0.0,0.0,0.0,0.0625,0.0,0.0,0.0,0.0,0.0,0.0,0.0,0.0,0.3125,0.0625,0.0625,0.125,0.0,0.0,0.0625,0.0625,0.0,0.0,0.0
ALL_144_RUS_HT2_S052,0.3125,0.0625,0.4375,0.0,0.0,0.0,0.0,0.0,0.0,0.0,0.0,0.0,0.0,0.0,0.0,0.0,0.0,0.0,0.0625,0.0,0.0,0.0,0.0,0.0,0.0,0.0,0.0,0.0
ALL_144_RUS_HT2_S053,0.6666666666666666,0.07692307692307693,0.3076923076923077,0.0,0.0,0.0,0.0,0.0,0.08333333333333333,0.15384615384615385,0.0,0.0,0.0,0.0,0.15384615384615385,0.0,0.0,0.0,0.0,0.0,0.07692307692307693,0.15384615384615385,0.0,0.0,0.15384615384615385,0.07692307692307693,0.07692307692307693,0.15384615384615385
ALL_144_RUS_HT2_S054,0.7857142857142857,0.13333333333333333,0.6666666666666666,0.0,0.0,0.0,0.0,0.0,0.07142857142857142,0.2,0.0,0.13333333333333333,0.0,0.0,0.0,0.0,0.0,0.26666666666666666,0.0,0.0,0.06666666666666667,0.0,0.06666666666666667,0.0,0.13333333333333333,0.0,0.2,0.0
ALL_144_RUS_HT2_S055,0.875,0.11764705882352941,0.5882352941176471,0.0,0.0,0.0,0.0,0.0,0.25,0.0,0.0,0.0,0.0,0.0,0.0,0.0,0.0,0.0,0.0,0.0,0.0,0.0,0.0,0.0,0.0,0.0,0.0,0.0
ALL_144_RUS_HT2_S056,0.7777777777777778,0.0,0.5555555555555556,0.0,0.0,0.0,0.0,0.0,0.0,0.0,0.0,0.0,0.0,0.0,0.0,0.0,0.0,0.0,0.0,0.0,0.0,0.0,0.0,0.0,0.0,0.0,0.0,0.0
ALL_144_RUS_HT2_S057,0.47058823529411764,0.0,0.6470588235294118,0.0,0.0,0.0,0.0,0.0,0.0,0.0,0.0,0.0,0.0,0.0,0.0,0.0,0.0,0.17647058823529413,0.0,0.0,0.058823529411764705,0.0,0.0,0.0,0.0,0.0,0.0,0.0
ALL_144_RUS_HT2_S058,0.35294117647058826,0.0,0.6470588235294118,0.0,0.0,0.0,0.0,0.0,0.058823529411764705,0.0,0.0,0.0,0.0,0.0,0.0,0.0,0.0,0.0,0.0,0.0,0.0,0.0,0.058823529411764705,0.0,0.0,0.0,0.0,0.0
ALL_144_RUS_HT2_S059,0.8571428571428571,0.0,0.6666666666666666,0.0,0.0,0.0,0.0,0.0,0.07142857142857142,0.0,0.0,0.6,0.0,0.0,0.13333333333333333,0.0,0.0,0.0,0.0,0.0,0.0,0.0,0.0,0.13333333333333333,0.13333333333333333,0.0,0.06666666666666667,0.0
ALL_144_RUS_HT2_S060,0.6,0.06666666666666667,0.3333333333333333,0.0,0.0,0.0,0.0,0.0,0.06666666666666667,0.06666666666666667,0.13333333333333333,0.0,0.0,0.0,0.0,0.0,0.0,0.06666666666666667,0.06666666666666667,0.0,0.0,0.0,0.06666666666666667,0.06666666666666667,0.06666666666666667,0.0,0.0,0.13333333333333333
ALL_099_SHS_HT2_S046,0.13333333333333333,0.0625,0.4375,0.0625,0.0625,0.0625,0.0625,0.0625,0.06666666666666667,0.125,0.0625,0.0625,0.0625,0.0625,0.0625,0.0625,0.0625,0.25,0.0625,0.0625,0.0625,0.0625,0.0625,0.0625,0.0625,0.1875,0.3125,0.0625
ALL_099_SHS_HT2_S047,0.42857142857142855,0.42857142857142855,0.7142857142857143,0.0,0.0,0.0,0.07142857142857142,0.07142857142857142,0.14285714285714285,0.0,0.0,0.0,0.0,0.07142857142857142,0.0,0.0,0.0,0.0,0.0,0.0,0.0,0.0,0.0,0.0,0.0,0.0,0.07142857142857142,0.07142857142857142
ALL_099_SHS_HT2_S048,0.6666666666666666,0.42105263157894735,0.631578947368421,0.0,0.05263157894736842,0.0,0.0,0.0,0.05555555555555555,0.10526315789473684,0.0,0.0,0.05263157894736842,0.0,0.0,0.0,0.0,0.15789473684210525,0.0,0.0,0.0,0.0,0.0,0.10526315789473684,0.10526315789473684,0.0,0.2631578947368421,0.15789473684210525
ALL_099_SHS_HT2_S049,0.375,0.3125,0.4375,0.0,0.0,0.0,0.0,0.0,0.0,0.0,0.0,0.0,0.0,0.0,0.0,0.0,0.0,0.0,0.0,0.0,0.0,0.0,0.0,0.0,0.0,0.0,0.125,0.0
ALL_099_SHS_HT2_S050,0.5625,0.0,0.5294117647058824,0.0,0.0,0.0,0.0,0.0,0.125,0.17647058823529413,0.0,0.11764705882352941,0.0,0.0,0.0,0.0,0.0,0.058823529411764705,0.0,0.0,0.0,0.17647058823529413,0.0,0.058823529411764705,0.0,0.0,0.058823529411764705,0.0
ALL_099_SHS_HT2_S051,0.4375,0.0625,0.5,0.0,0.0,0.0,0.0,0.0,0.0625,0.0,0.0,0.0,0.0,0.0,0.0,0.0,0.0,0.75,0.0,0.0,0.0625,0.0,0.0,0.0,0.0,0.0,0.0,0.0
ALL_099_SHS_HT2_S052,0.5,0.25,0.4375,0.0,0.0,0.0,0.0,0.0,0.0625,0.0,0.0,0.0,0.0,0.0,0.0,0.0,0.0,0.0,0.0,0.0,0.0,0.0,0.0,0.0,0.0,0.0,0.0,0.125
ALL_099_SHS_HT2_S053,0.8333333333333334,0.07692307692307693,0.3076923076923077,0.0,0.0,0.0,0.0,0.0,0.0,0.23076923076923078,0.0,0.0,0.0,0.0,0.0,0.0,0.0,0.15384615384615385,0.0,0.0,0.0,0.0,0.0,0.0,0.07692307692307693,0.0,0.07692307692307693,0.0
ALL_099_SHS_HT2_S054,0.7857142857142857,0.2,0.3333333333333333,0.0,0.0,0.0,0.0,0.0,0.07142857142857142,0.0,0.0,0.0,0.0,0.0,0.0,0.0,0.0,0.0,0.0,0.0,0.06666666666666667,0.0,0.0,0.0,0.13333333333333333,0.0,0.0,0.0
ALL_099_SHS_HT2_S055,0.375,0.11764705882352941,0.5882352941176471,0.0,0.0,0.0,0.0,0.0,0.1875,0.17647058823529413,0.0,0.0,0.0,0.0,0.0,0.0,0.0,0.0,0.0,0.0,0.0,0.0,0.0,0.0,0.0,0.0,0.11764705882352941,0.0
ALL_099_SHS_HT2_S056,0.6111111111111112,0.0,0.3888888888888889,0.0,0.0,0.0,0.0,0.0,0.0,0.1111111111111111,0.0,0.0,0.0,0.0,0.0,0.0,0.0,0.0,0.0,0.0,0.0,0.0,0.0,0.0,0.0,0.0,0.1111111111111111,0.0
ALL_099_SHS_HT2_S057,0.29411764705882354,0.0,0.5294117647058824,0.0,0.0,0.0,0.0,0.0,0.0,0.0,0.0,0.0,0.0,0.0,0.0,0.0,0.0,0.17647058823529413,0.0,0.0,0.0,0.0,0.058823529411764705,0.0,0.0,0.0,0.0,0.0
ALL_099_SHS_HT2_S058,0.47058823529411764,0.058823529411764705,0.35294117647058826,0.0,0.0,0.0,0.0,0.0,0.058823529411764705,0.0,0.0,0.0,0.0,0.0,0.0,0.0,0.0,0.0,0.0,0.0,0.0,0.0,0.0,0.0,0.29411764705882354,0.0,0.0,0.0
ALL_099_SHS_HT2_S059,0.35714285714285715,0.06666666666666667,0.5333333333333333,0.0,0.0,0.0,0.0,0.0,0.07142857142857142,0.0,0.0,0.0,0.0,0.0,0.0,0.0,0.0,0.0,0.0,0.0,0.0,0.0,0.0,0.0,0.13333333333333333,0.0,0.13333333333333333,0.0
ALL_099_SHS_HT2_S060,0.4,0.06666666666666667,0.4666666666666667,0.0,0.0,0.0,0.0,0.0,0.0,0.0,0.0,0.0,0.0,0.0,0.0,0.0,0.0,0.0,0.0,0.0,0.0,0.0,0.0,0.0,0.0,0.0,0.0,0.0
ALL_100_SHS_HT2_S046,0.26666666666666666,0.125,0.4375,0.0625,0.0625,0.0625,0.0625,0.0625,0.13333333333333333,0.1875,0.0625,0.0625,0.0625,0.0625,0.0,0.0625,0.0625,0.0625,0.0625,0.0625,0.0625,0.0625,0.0625,0.0625,0.0625,0.0625,0.0625,0.0625
ALL_100_SHS_HT2_S047,0.42857142857142855,0.14285714285714285,0.5714285714285714,0.0,0.0,0.0,0.0,0.0,0.07142857142857142,0.0,0.0,0.0,0.0,0.0,0.0,0.0,0.0,0.0,0.07142857142857142,0.0,0.0,0.0,0.0,0.0,0.21428571428571427,0.0,0.0,0.0
ALL_100_SHS_HT2_S048,0.8333333333333334,0.42105263157894735,0.7368421052631579,0.0,0.0,0.0,0.0,0.0,0.05555555555555555,0.0,0.0,0.0,0.0,0.0,0.0,0.0,0.0,0.0,0.0,0.0,0.0,0.0,0.0,0.0,0.0,0.0,0.10526315789473684,0.0
ALL_100_SHS_HT2_S049,0.875,0.125,0.5625,0.125,0.0,0.0,0.0,0.0,0.0625,0.125,0.125,0.0,0.0,0.0,0.125,0.125,0.0,0.125,0.0,0.125,0.0,0.0,0.0,0.0,0.0,0.0,0.25,0.125
ALL_100_SHS_HT2_S050,0.5,0.058823529411764705,0.6470588235294118,0.0,0.0,0.0,0.0,0.0,0.125,0.0,0.0,0.0,0.0,0.058823529411764705,0.0,0.0,0.0,0.17647058823529413,0.0,0.0,0.0,0.0,0.0,0.058823529411764705,0.0,0.11764705882352941,0.058823529411764705,0.058823529411764705
ALL_100_SHS_HT2_S051,0.625,0.125,0.75,0.0,0.0,0.0,0.0,0.0,0.0625,0.0,0.0,0.0,0.0,0.0,0.0,0.0,0.0,0.3125,0.0625,0.0625,0.0,0.0,0.0,0.0,0.0,0.0,0.0,0.0625
ALL_100_SHS_HT2_S052,0.3125,0.125,0.4375,0.0,0.0,0.0,0.0,0.0,0.0,0.0,0.0,0.125,0.0,0.0,0.0,0.0,0.0,0.0,0.0625,0.0,0.0,0.0,0.0,0.0,0.0,0.0,0.0,0.0
ALL_100_SHS_HT2_S053,0.6666666666666666,0.38461538461538464,0.46153846153846156,0.0,0.0,0.0,0.0,0.0,0.16666666666666666,0.15384615384615385,0.0,0.0,0.0,0.0,0.0,0.0,0.0,0.3076923076923077,0.0,0.0,0.0,0.0,0.0,0.0,0.38461538461538464,0.0,0.0,0.0
ALL_100_SHS_HT2_S054,1.0,0.06666666666666667,0.6666666666666666,0.2,0.0,0.13333333333333333,0.2,0.2,0.0,0.4,0.0,0.06666666666666667,0.0,0.0,0.06666666666666667,0.26666666666666666,0.0,0.3333333333333333,0.26666666666666666,0.0,0.06666666666666667,0.0,0.2,0.0,0.0,0.0,0.4,0.0
ALL_100_SHS_HT2_S055,0.625,0.11764705882352941,0.5882352941176471,0.0,0.0,0.0,0.0,0.0,0.125,0.0,0.0,0.4117647058823529,0.0,0.0,0.0,0.0,0.0,0.29411764705882354,0.0,0.0,0.058823529411764705,0.0,0.0,0.0,0.0,0.0,0.0,0.0
ALL_100_SHS_HT2_S056,0.6111111111111112,0.0,0.3888888888888889,0.0,0.0,0.0,0.0,0.0,0.0,0.1111111111111111,0.0,0.2777777777777778,0.0,0.0,0.0,0.0,0.0,0.2222222222222222,0.0,0.0,0.0,0.0,0.0,0.0,0.0,0.0,0.1111111111111111,0.0
ALL_100_SHS_HT2_S057,0.47058823529411764,0.0,0.6470588235294118,0.0,0.0,0.0,0.0,0.0,0.058823529411764705,0.11764705882352941,0.0,0.0,0.0,0.058823529411764705,0.0,0.0,0.0,0.35294117647058826,0.0,0.17647058823529413,0.11764705882352941,0.0,0.058823529411764705,0.0,0.0,0.0,0.11764705882352941,0.0
ALL_100_SHS_HT2_S058,0.5294117647058824,0.0,0.7058823529411765,0.11764705882352941,0.0,0.0,0.0,0.0,0.29411764705882354,0.0,0.0,0.0,0.0,0.0,0.0,0.0,0.0,0.7647058823529411,0.29411764705882354,0.5294117647058824,0.0,0.0,0.0,0.0,0.0,0.0,0.0,0.058823529411764705
ALL_100_SHS_HT2_S059,0.7857142857142857,0.0,0.5333333333333333,0.0,0.0,0.0,0.0,0.0,0.07142857142857142,0.0,0.0,0.0,0.0,0.13333333333333333,0.0,0.0,0.0,0.13333333333333333,0.13333333333333333,0.0,0.0,0.0,0.0,0.0,0.06666666666666667,0.0,0.06666666666666667,0.0
ALL_100_SHS_HT2_S060,0.4666666666666667,0.06666666666666667,0.5333333333333333,0.0,0.0,0.0,0.0,0.0,0.0,0.13333333333333333,0.0,0.0,0.0,0.0,0.0,0.0,0.0,0.0,0.0,0.0,0.0,0.0,0.0,0.0,0.0,0.0,0.0,0.0
ALL_101_SHS_HT2_S046,0.26666666666666666,0.125,0.5,0.0625,0.0625,0.0625,0.0625,0.0625,0.06666666666666667,0.0625,0.0625,0.0625,0.0625,0.0625,0.0,0.0625,0.0625,0.0625,0.0625,0.0625,0.0625,0.0625,0.0625,0.0625,0.1875,0.0625,0.1875,0.0625
ALL_101_SHS_HT2_S047,0.42857142857142855,0.2857142857142857,0.7142857142857143,0.0,0.0,0.0,0.0,0.0,0.14285714285714285,0.0,0.0,0.5,0.0,0.0,0.0,0.0,0.0,0.21428571428571427,0.14285714285714285,0.0,0.0,0.0,0.0,0.0,0.0,0.0,0.0,0.0
ALL_101_SHS_HT2_S048,0.7222222222222222,0.15789473684210525,0.5263157894736842,0.0,0.0,0.0,0.0,0.0,0.05555555555555555,0.0,0.0,0.0,0.0,0.0,0.0,0.0,0.0,0.05263157894736842,0.0,0.0,0.0,0.0,0.0,0.0,0.0,0.0,0.0,0.0
ALL_101_SHS_HT2_S049,0.5625,0.25,0.375,0.0,0.0,0.0,0.0,0.0,0.0625,0.0,0.0,0.5,0.0,0.0,0.0,0.0,0.0,0.0,0.0,0.0,0.0,0.0,0.0,0.0,0.0,0.0,0.0,0.0
ALL_101_SHS_HT2_S050,0.375,0.0,0.47058823529411764,0.0,0.0,0.0,0.0,0.0,0.0625,0.0,0.0,0.0,0.0,0.0,0.0,0.0,0.0,0.0,0.0,0.0,0.0,0.0,0.0,0.0,0.0,0.0,0.0,0.0
ALL_101_SHS_HT2_S051,0.4375,0.0625,0.1875,0.0,0.0,0.0,0.0,0.0,0.0625,0.0,0.0,0.0,0.0,0.0,0.0,0.0,0.0,0.0,0.0625,0.0,0.0,0.0,0.0,0.0,0.0,0.0,0.0,0.0
ALL_101_SHS_HT2_S052,0.75,0.125,0.3125,0.0,0.0,0.0,0.0,0.0,0.0,0.0,0.0,0.0,0.0,0.0,0.0,0.0,0.0,0.0,0.0,0.0,0.0,0.0,0.0,0.0,0.125,0.0,0.125,0.0
ALL_101_SHS_HT2_S053,0.9166666666666666,0.23076923076923078,0.46153846153846156,0.0,0.0,0.0,0.0,0.0,0.0,0.0,0.0,0.0,0.0,0.0,0.0,0.0,0.0,0.0,0.0,0.0,0.0,0.0,0.0,0.0,0.23076923076923078,0.0,0.0,0.0
ALL_101_SHS_HT2_S054,0.7857142857142857,0.3333333333333333,0.4,0.0,0.0,0.0,0.0,0.0,0.0,0.0,0.0,0.0,0.0,0.0,0.0,0.0,0.0,0.0,0.0,0.0,0.06666666666666667,0.0,0.0,0.0,0.0,0.0,0.0,0.0
ALL_101_SHS_HT2_S055,0.5625,0.11764705882352941,0.6470588235294118,0.0,0.0,0.0,0.0,0.0,0.125,0.0,0.0,0.17647058823529413,0.0,0.058823529411764705,0.0,0.0,0.0,0.058823529411764705,0.0,0.0,0.058823529411764705,0.0,0.0,0.0,0.058823529411764705,0.0,0.0,0.058823529411764705
ALL_101_SHS_HT2_S056,0.8333333333333334,0.0,0.4444444444444444,0.0,0.0,0.0,0.0,0.0,0.0,0.0,0.0,0.0,0.0,0.0,0.0,0.0,0.0,0.0,0.0,0.0,0.0,0.0,0.0,0.0,0.0,0.0,0.1111111111111111,0.0
ALL_101_SHS_HT2_S057,0.29411764705882354,0.0,0.7058823529411765,0.0,0.0,0.0,0.0,0.0,0.0,0.0,0.0,0.0,0.0,0.0,0.0,0.0,0.0,0.11764705882352941,0.0,0.0,0.11764705882352941,0.0,0.0,0.0,0.0,0.0,0.0,0.0
ALL_101_SHS_HT2_S058,0.47058823529411764,0.0,0.4117647058823529,0.0,0.0,0.0,0.0,0.0,0.11764705882352941,0.0,0.0,0.17647058823529413,0.0,0.0,0.0,0.0,0.0,0.058823529411764705,0.17647058823529413,0.0,0.0,0.0,0.0,0.17647058823529413,0.0,0.0,0.0,0.11764705882352941
ALL_101_SHS_HT2_S059,0.7857142857142857,0.0,0.5333333333333333,0.0,0.0,0.0,0.0,0.0,0.07142857142857142,0.0,0.0,0.0,0.0,0.0,0.0,0.13333333333333333,0.0,0.13333333333333333,0.0,0.0,0.0,0.0,0.0,0.0,0.0,0.0,0.0,0.0
ALL_101_SHS_HT2_S060,0.8,0.13333333333333333,0.6,0.0,0.0,0.0,0.0,0.0,0.0,0.0,0.0,0.0,0.0,0.0,0.0,0.0,0.0,0.0,0.0,0.0,0.0,0.0,0.0,0.0,0.0,0.0,0.0,0.0
ALL_102_SHS_HT2_S046,0.4,0.125,0.3125,0.0625,0.0625,0.0625,0.0625,0.0625,0.06666666666666667,0.0625,0.0625,0.0625,0.0625,0.0625,0.0625,0.0625,0.0625,0.0625,0.0625,0.0625,0.0625,0.0625,0.0625,0.0625,0.125,0.0625,0.25,0.0625
ALL_102_SHS_HT2_S047,0.5,0.14285714285714285,0.7857142857142857,0.0,0.0,0.0,0.0,0.0,0.14285714285714285,0.0,0.0,0.0,0.0,0.0,0.0,0.0,0.0,0.0,0.14285714285714285,0.0,0.0,0.0,0.0,0.0,0.0,0.0,0.0,0.0
ALL_102_SHS_HT2_S048,0.7777777777777778,0.3157894736842105,0.6842105263157895,0.0,0.0,0.0,0.0,0.0,0.05555555555555555,0.0,0.0,0.0,0.0,0.0,0.0,0.0,0.0,0.21052631578947367,0.0,0.0,0.0,0.0,0.0,0.0,0.0,0.0,0.0,0.0
ALL_102_SHS_HT2_S049,0.75,0.375,0.4375,0.0,0.0,0.125,0.0,0.0,0.25,0.25,0.0,0.125,0.0,0.0625,0.0,0.125,0.0,0.4375,0.125,0.0,0.0,0.25,0.125,0.125,0.25,0.25,0.125,0.25
ALL_102_SHS_HT2_S050,0.4375,0.058823529411764705,0.7058823529411765,0.0,0.0,0.0,0.0,0.0,0.0625,0.0,0.0,0.0,0.0,0.0,0.0,0.17647058823529413,0.0,0.17647058823529413,0.0,0.0,0.0,0.0,0.0,0.0,0.0,0.11764705882352941,0.058823529411764705,0.0
ALL_102_SHS_HT2_S051,0.4375,0.0,0.625,0.0,0.0,0.0,0.0,0.0,0.0625,0.0,0.0,0.0,0.0,0.0,0.0,0.0,0.0,0.125,0.0,0.0,0.0,0.0,0.0,0.0,0.375,0.0,0.125,0.0
ALL_102_SHS_HT2_S052,0.8125,0.0,0.5,0.0,0.0,0.0,0.0,0.0,0.0625,0.1875,0.0,0.0,0.0,0.0,0.0,0.0,0.0,0.0625,0.0625,0.0,0.0,0.0,0.0,0.0,0.125,0.0,0.125,0.0
ALL_102_SHS_HT2_S053,0.5833333333333334,0.07692307692307693,0.23076923076923078,0.0,0.0,0.0,0.0,0.0,0.0,0.23076923076923078,0.0,0.0,0.0,0.0,0.0,0.0,0.0,0.15384615384615385,0.0,0.0,0.0,0.0,0.0,0.0,0.15384615384615385,0.0,0.0,0.0
ALL_102_SHS_HT2_S054,0.35714285714285715,0.3333333333333333,0.8,0.0,0.0,0.0,0.0,0.13333333333333333,0.07142857142857142,0.0,0.0,0.0,0.0,0.0,0.0,0.0,0.0,0.0,0.0,0.13333333333333333,0.2,0.0,0.0,0.0,0.26666666666666666,0.0,0.0,0.0
ALL_102_SHS_HT2_S055,0.4375,0.23529411764705882,0.7058823529411765,0.058823529411764705,0.058823529411764705,0.058823529411764705,0.058823529411764705,0.058823529411764705,0.25,0.058823529411764705,0.058823529411764705,0.058823529411764705,0.058823529411764705,0.058823529411764705,0.058823529411764705,0.17647058823529413,0.058823529411764705,0.058823529411764705,0.058823529411764705,0.058823529411764705,0.058823529411764705,0.058823529411764705,0.058823529411764705,0.0,0.35294117647058826,0.058823529411764705,0.058823529411764705,0.058823529411764705
ALL_102_SHS_HT2_S056,0.8333333333333334,0.0,0.5555555555555556,0.0,0.0,0.0,0.0,0.0,0.05555555555555555,0.1111111111111111,0.0,0.2777777777777778,0.0,0.0,0.0,0.0,0.0,0.3333333333333333,0.0,0.0,0.0,0.0,0.0,0.0,0.1111111111111111,0.0,0.1111111111111111,0.0
ALL_102_SHS_HT2_S057,0.47058823529411764,0.0,0.5294117647058824,0.0,0.0,0.0,0.0,0.0,0.0,0.11764705882352941,0.0,0.0,0.0,0.0,0.0,0.0,0.0,0.23529411764705882,0.0,0.0,0.11764705882352941,0.0,0.0,0.0,0.11764705882352941,0.0,0.23529411764705882,0.0
ALL_102_SHS_HT2_S058,0.35294117647058826,0.11764705882352941,0.5294117647058824,0.0,0.0,0.0,0.0,0.0,0.058823529411764705,0.0,0.0,0.0,0.0,0.0,0.0,0.23529411764705882,0.0,0.0,0.17647058823529413,0.0,0.0,0.0,0.0,0.17647058823529413,0.0,0.0,0.11764705882352941,0.17647058823529413
ALL_102_SHS_HT2_S059,0.42857142857142855,0.0,0.4,0.0,0.0,0.0,0.0,0.0,0.07142857142857142,0.0,0.0,0.0,0.0,0.26666666666666666,0.0,0.13333333333333333,0.0,0.0,0.0,0.0,0.0,0.0,0.0,0.0,0.0,0.0,0.0,0.0
ALL_102_SHS_HT2_S060,0.8,0.06666666666666667,0.4,0.0,0.0,0.0,0.0,0.0,0.0,0.06666666666666667,0.0,0.0,0.0,0.0,0.0,0.0,0.0,0.0,0.0,0.0,0.0,0.0,0.0,0.0,0.06666666666666667,0.0,0.0,0.0
ALL_103_SHS_HT2_S046,0.26666666666666666,0.1875,0.1875,0.0625,0.0625,0.0625,0.0625,0.0625,0.06666666666666667,0.0625,0.0625,0.0625,0.0625,0.0625,0.0625,0.0625,0.0625,0.0625,0.0625,0.0625,0.0625,0.0625,0.0625,0.0625,0.0625,0.0625,0.125,0.125
ALL_103_SHS_HT2_S047,0.42857142857142855,0.0,0.6428571428571429,0.0,0.0,0.0,0.0,0.0,0.14285714285714285,0.0,0.0,0.0,0.0,0.0,0.0,0.0,0.0,0.2857142857142857,0.0,0.0,0.0,0.0,0.0,0.0,0.21428571428571427,0.0,0.0,0.0
ALL_103_SHS_HT2_S048,0.7222222222222222,0.42105263157894735,0.6842105263157895,0.0,0.0,0.0,0.0,0.0,0.05555555555555555,0.0,0.0,0.0,0.0,0.0,0.0,0.0,0.0,0.0,0.0,0.0,0.0,0.0,0.0,0.0,0.10526315789473684,0.0,0.0,0.0
ALL_103_SHS_HT2_S049,0.5,0.375,0.5,0.0,0.0,0.0,0.0,0.0,0.0625,0.0,0.0,0.0,0.0,0.0,0.0,0.0,0.0,0.125,0.1875,0.0,0.0,0.0,0.0,0.125,0.375,0.0,0.25,0.125
ALL_103_SHS_HT2_S050,0.4375,0.058823529411764705,0.6470588235294118,0.0,0.0,0.0,0.0,0.0,0.125,0.0,0.0,0.0,0.0,0.058823529411764705,0.0,0.0,0.0,0.0,0.11764705882352941,0.0,0.0,0.0,0.0,0.11764705882352941,0.17647058823529413,0.0,0.058823529411764705,0.058823529411764705
ALL_103_SHS_HT2_S051,0.5625,0.0,0.5,0.0,0.0,0.0,0.0,0.0,0.0625,0.0,0.0,0.0,0.0,0.0,0.0,0.0,0.0,0.0,0.125,0.0,0.0,0.0,0.0,0.0,0.0,0.0,0.0,0.0
ALL_103_SHS_HT2_S052,0.625,0.25,0.375,0.0,0.0,0.0,0.0,0.0,0.0,0.0,0.0,0.0,0.0,0.0,0.0,0.0,0.0,0.0,0.0625,0.0,0.0,0.0,0.0,0.0,0.0,0.0,0.0,0.0
ALL_103_SHS_HT2_S053,0.5833333333333334,0.23076923076923078,0.6153846153846154,0.0,0.0,0.0,0.0,0.0,0.0,0.15384615384615385,0.0,0.0,0.0,0.0,0.0,0.0,0.0,0.15384615384615385,0.0,0.0,0.0,0.15384615384615385,0.0,0.0,0.0,0.0,0.0,0.0
ALL_103_SHS_HT2_S054,0.7857142857142857,0.4,0.6666666666666666,0.0,0.0,0.0,0.0,0.0,0.07142857142857142,0.13333333333333333,0.0,0.0,0.0,0.0,0.0,0.0,0.0,0.13333333333333333,0.3333333333333333,0.0,0.13333333333333333,0.0,0.0,0.13333333333333333,0.13333333333333333,0.0,0.2,0.0
ALL_103_SHS_HT2_S055,0.5,0.17647058823529413,0.47058823529411764,0.0,0.0,0.0,0.0,0.0,0.125,0.0,0.0,0.29411764705882354,0.0,0.0,0.0,0.0,0.0,0.29411764705882354,0.0,0.0,0.058823529411764705,0.0,0.0,0.0,0.23529411764705882,0.0,0.17647058823529413,0.0
ALL_103_SHS_HT2_S056,0.3888888888888889,0.2777777777777778,0.3888888888888889,0.05555555555555555,0.05555555555555555,0.0,0.0,0.05555555555555555,0.16666666666666666,0.2777777777777778,0.05555555555555555,0.3333333333333333,0.05555555555555555,0.05555555555555555,0.05555555555555555,0.0,0.05555555555555555,0.05555555555555555,0.05555555555555555,0.05555555555555555,0.0,0.0,0.05555555555555555,0.05555555555555555,0.05555555555555555,0.05555555555555555,0.05555555555555555,0.05555555555555555
ALL_103_SHS_HT2_S057,0.5294117647058824,0.0,0.5294117647058824,0.0,0.0,0.0,0.0,0.0,0.0,0.0,0.0,0.0,0.0,0.0,0.0,0.0,0.0,0.23529411764705882,0.0,0.0,0.11764705882352941,0.0,0.0,0.0,0.0,0.0,0.11764705882352941,0.0
ALL_103_SHS_HT2_S058,0.35294117647058826,0.35294117647058826,0.5882352941176471,0.11764705882352941,0.0,0.11764705882352941,0.11764705882352941,0.0,0.23529411764705882,0.11764705882352941,0.11764705882352941,0.0,0.11764705882352941,0.11764705882352941,0.17647058823529413,0.0,0.11764705882352941,0.29411764705882354,0.11764705882352941,0.11764705882352941,0.058823529411764705,0.17647058823529413,0.058823529411764705,0.23529411764705882,0.11764705882352941,0.11764705882352941,0.11764705882352941,0.058823529411764705
ALL_103_SHS_HT2_S059,0.7142857142857143,0.0,0.6,0.0,0.0,0.0,0.0,0.0,0.07142857142857142,0.0,0.0,0.0,0.0,0.13333333333333333,0.0,0.13333333333333333,0.0,0.13333333333333333,0.0,0.0,0.0,0.0,0.0,0.0,0.0,0.06666666666666667,0.13333333333333333,0.06666666666666667
ALL_103_SHS_HT2_S060,0.4666666666666667,0.06666666666666667,0.5333333333333333,0.13333333333333333,0.0,0.0,0.0,0.0,0.0,0.13333333333333333,0.0,0.0,0.0,0.0,0.0,0.0,0.0,0.0,0.0,0.0,0.0,0.0,0.0,0.0,0.06666666666666667,0.0,0.0,0.0
ALL_104_SHS_HT2_S046,0.2,0.125,0.375,0.0625,0.0625,0.0,0.0625,0.0625,0.06666666666666667,0.125,0.0625,0.0625,0.0625,0.0625,0.0,0.0625,0.0625,0.125,0.0625,0.0625,0.0625,0.1875,0.0625,0.0625,0.0625,0.0625,0.0625,0.0625
ALL_104_SHS_HT2_S047,0.35714285714285715,0.07142857142857142,0.5,0.0,0.0,0.0,0.0,0.0,0.07142857142857142,0.0,0.0,0.7857142857142857,0.0,0.0,0.0,0.0,0.0,0.0,0.0,0.0,0.0,0.0,0.0,0.0,0.0,0.0,0.0,0.0
ALL_104_SHS_HT2_S048,0.7777777777777778,0.47368421052631576,0.631578947368421,0.0,0.0,0.0,0.0,0.0,0.05555555555555555,0.0,0.0,0.0,0.0,0.0,0.0,0.0,0.0,0.0,0.0,0.0,0.0,0.0,0.0,0.0,0.0,0.0,0.0,0.0
ALL_104_SHS_HT2_S049,0.625,0.0625,0.25,0.0,0.0,0.0,0.0,0.0,0.0625,0.0,0.0,0.0,0.0,0.0,0.0,0.0,0.0,0.0,0.0,0.0,0.0,0.0,0.0,0.0,0.0,0.0,0.0,0.0
ALL_104_SHS_HT2_S050,0.5,0.0,0.5882352941176471,0.0,0.0,0.0,0.0,0.0,0.125,0.0,0.0,0.0,0.0,0.058823529411764705,0.0,0.0,0.0,0.0,0.0,0.0,0.0,0.0,0.0,0.058823529411764705,0.0,0.0,0.0,0.0
ALL_104_SHS_HT2_S051,0.5,0.0,0.25,0.0,0.0,0.0,0.0,0.0,0.0625,0.0,0.0,0.0,0.0,0.0,0.0,0.0,0.0,0.1875,0.0625,0.0,0.0,0.0,0.0,0.0,0.0,0.0,0.0,0.0
ALL_104_SHS_HT2_S052,0.9375,0.0,0.5625,0.0,0.0,0.0,0.0,0.0,0.0625,0.0,0.0,0.0,0.0,0.0,0.0,0.0,0.0,0.0,0.0625,0.0,0.0,0.0,0.0,0.0,0.0,0.0,0.125,0.0
ALL_104_SHS_HT2_S053,0.75,0.07692307692307693,0.46153846153846156,0.0,0.0,0.0,0.0,0.0,0.08333333333333333,0.0,0.0,0.0,0.0,0.0,0.0,0.0,0.0,0.0,0.0,0.0,0.0,0.0,0.0,0.0,0.0,0.0,0.0,0.0
ALL_104_SHS_HT2_S054,0.6428571428571429,0.13333333333333333,0.5333333333333333,0.0,0.0,0.0,0.0,0.0,0.07142857142857142,0.13333333333333333,0.0,0.0,0.0,0.0,0.0,0.0,0.0,0.13333333333333333,0.0,0.0,0.0,0.0,0.0,0.0,0.13333333333333333,0.0,0.13333333333333333,0.0
ALL_104_SHS_HT2_S055,0.3125,0.17647058823529413,0.5882352941176471,0.0,0.0,0.0,0.0,0.0,0.125,0.23529411764705882,0.0,0.11764705882352941,0.0,0.0,0.0,0.0,0.0,0.058823529411764705,0.0,0.0,0.0,0.0,0.0,0.0,0.17647058823529413,0.0,0.11764705882352941,0.0
ALL_104_SHS_HT2_S056,0.3888888888888889,0.0,0.5,0.0,0.0,0.0,0.0,0.0,0.05555555555555555,0.0,0.0,0.0,0.0,0.0,0.0,0.0,0.0,0.05555555555555555,0.0,0.0,0.0,0.0,0.0,0.0,0.1111111111111111,0.0,0.0,0.0
ALL_104_SHS_HT2_S057,0.29411764705882354,0.0,0.4117647058823529,0.0,0.0,0.0,0.0,0.0,0.0,0.0,0.058823529411764705,0.0,0.0,0.0,0.058823529411764705,0.0,0.058823529411764705,0.11764705882352941,0.11764705882352941,0.0,0.11764705882352941,0.0,0.058823529411764705,0.0,0.0,0.0,0.11764705882352941,0.0
ALL_104_SHS_HT2_S058,0.35294117647058826,0.0,0.29411764705882354,0.0,0.0,0.0,0.0,0.0,0.11764705882352941,0.0,0.0,0.0,0.0,0.0,0.0,0.0,0.0,0.0,0.0,0.0,0.0,0.0,0.0,0.058823529411764705,0.0,0.0,0.0,0.0
ALL_104_SHS_HT2_S059,0.6428571428571429,0.0,0.4,0.0,0.0,0.0,0.0,0.0,0.07142857142857142,0.0,0.0,0.0,0.0,0.0,0.0,0.13333333333333333,0.0,0.13333333333333333,0.0,0.0,0.0,0.0,0.0,0.0,0.0,0.06666666666666667,0.0,0.0
ALL_104_SHS_HT2_S060,0.3333333333333333,0.06666666666666667,0.3333333333333333,0.0,0.0,0.0,0.0,0.0,0.0,0.0,0.0,0.0,0.0,0.0,0.0,0.0,0.0,0.0,0.0,0.0,0.0,0.0,0.0,0.0,0.06666666666666667,0.0,0.0,0.0
ALL_105_SHS_HT2_S046,0.2,0.3125,0.375,0.0625,0.0625,0.0625,0.0625,0.0625,0.06666666666666667,0.0625,0.0625,0.0625,0.0625,0.0625,0.0,0.0625,0.0625,0.1875,0.0625,0.0625,0.0625,0.0625,0.0625,0.0625,0.0625,0.0625,0.0625,0.0625
ALL_105_SHS_HT2_S047,0.35714285714285715,0.35714285714285715,0.2857142857142857,0.0,0.0,0.0,0.0,0.0,0.14285714285714285,0.0,0.0,0.14285714285714285,0.0,0.0,0.0,0.0,0.0,0.0,0.07142857142857142,0.14285714285714285,0.0,0.0,0.0,0.0,0.07142857142857142,0.0,0.0,0.0
ALL_105_SHS_HT2_S048,0.6666666666666666,0.15789473684210525,0.7368421052631579,0.0,0.0,0.0,0.0,0.0,0.05555555555555555,0.0,0.0,0.0,0.0,0.0,0.0,0.0,0.0,0.0,0.05263157894736842,0.0,0.0,0.0,0.0,0.0,0.0,0.0,0.0,0.0
ALL_105_SHS_HT2_S049,0.5625,0.3125,0.3125,0.0,0.0,0.0,0.0,0.0,0.0625,0.0,0.0,0.0,0.0,0.0,0.0,0.0,0.0,0.0,0.0,0.0,0.0,0.0,0.0,0.0,0.125,0.0,0.0,0.0
ALL_105_SHS_HT2_S050,0.5625,0.058823529411764705,0.4117647058823529,0.0,0.0,0.0,0.0,0.0,0.0,0.0,0.0,0.0,0.0,0.0,0.0,0.0,0.0,0.0,0.0,0.0,0.0,0.0,0.0,0.0,0.0,0.0,0.058823529411764705,0.0
ALL_105_SHS_HT2_S051,0.5,0.0,0.4375,0.0,0.0,0.0,0.0,0.0,0.0625,0.0,0.0,0.0,0.0,0.0,0.0,0.0,0.0,0.0,0.0,0.0,0.0,0.0,0.0,0.0,0.0,0.0,0.0,0.0
ALL_105_SHS_HT2_S052,0.375,0.1875,0.6875,0.0,0.0,0.0,0.0,0.0,0.0,0.0,0.0,0.0,0.0,0.0,0.0,0.0,0.0,0.0,0.0,0.0,0.0,0.0,0.0,0.0,0.0,0.0,0.0,0.0
ALL_105_SHS_HT2_S053,0.5,0.23076923076923078,0.38461538461538464,0.0,0.0,0.0,0.0,0.0,0.0,0.15384615384615385,0.0,0.0,0.0,0.0,0.0,0.0,0.15384615384615385,0.38461538461538464,0.0,0.0,0.0,0.0,0.0,0.0,0.0,0.0,0.0,0.0
ALL_105_SHS_HT2_S054,0.7142857142857143,0.3333333333333333,0.4666666666666667,0.13333333333333333,0.0,0.0,0.0,0.0,0.0,0.3333333333333333,0.0,0.0,0.0,0.0,0.0,0.0,0.0,0.13333333333333333,0.0,0.0,0.06666666666666667,0.0,0.0,0.0,0.0,0.0,0.13333333333333333,0.0
ALL_105_SHS_HT2_S055,0.6875,0.11764705882352941,0.5882352941176471,0.0,0.0,0.0,0.0,0.0,0.1875,0.0,0.0,0.0,0.0,0.0,0.0,0.0,0.0,0.058823529411764705,0.0,0.058823529411764705,0.0,0.0,0.0,0.0,0.0,0.0,0.0,0.0
ALL_105_SHS_HT2_S056,0.4444444444444444,0.0,0.4444444444444444,0.0,0.0,0.0,0.0,0.0,0.0,0.0,0.0,0.0,0.0,0.0,0.0,0.0,0.0,0.0,0.0,0.0,0.0,0.0,0.0,0.0,0.0,0.0,0.1111111111111111,0.0
ALL_105_SHS_HT2_S057,0.5294117647058824,0.058823529411764705,0.6470588235294118,0.0,0.0,0.0,0.0,0.0,0.0,0.0,0.0,0.0,0.0,0.058823529411764705,0.0,0.0,0.0,0.29411764705882354,0.0,0.0,0.0,0.0,0.0,0.0,0.058823529411764705,0.0,0.0,0.0
ALL_105_SHS_HT2_S058,0.35294117647058826,0.17647058823529413,0.47058823529411764,0.0,0.0,0.0,0.0,0.0,0.11764705882352941,0.0,0.0,0.0,0.0,0.0,0.0,0.0,0.0,0.0,0.0,0.0,0.0,0.0,0.0,0.11764705882352941,0.0,0.0,0.0,0.0
ALL_105_SHS_HT2_S059,0.8571428571428571,0.0,0.6666666666666666,0.0,0.0,0.0,0.0,0.0,0.07142857142857142,0.0,0.0,0.0,0.0,0.0,0.0,0.0,0.0,0.0,0.0,0.0,0.0,0.0,0.0,0.0,0.0,0.0,0.13333333333333333,0.0
ALL_105_SHS_HT2_S060,0.4666666666666667,0.06666666666666667,0.3333333333333333,0.0,0.0,0.0,0.0,0.0,0.0,0.0,0.0,0.0,0.0,0.0,0.0,0.0,0.0,0.0,0.0,0.0,0.0,0.0,0.0,0.0,0.0,0.0,0.0,0.0
ALL_106_SHS_HT2_S046,0.4666666666666667,0.125,0.5625,0.0625,0.0625,0.0625,0.0625,0.125,0.06666666666666667,0.1875,0.0625,0.0625,0.0625,0.0625,0.0,0.0625,0.0625,0.125,0.0625,0.125,0.0625,0.0625,0.0625,0.0625,0.0625,0.0625,0.25,0.0625
ALL_106_SHS_HT2_S047,0.35714285714285715,0.35714285714285715,0.6428571428571429,0.0,0.0,0.0,0.0,0.0,0.14285714285714285,0.0,0.0,0.5,0.0,0.0,0.0,0.21428571428571427,0.0,0.0,0.21428571428571427,0.0,0.0,0.0,0.0,0.0,0.0,0.0,0.0,0.0
ALL_106_SHS_HT2_S048,0.7777777777777778,0.15789473684210525,0.5789473684210527,0.0,0.0,0.0,0.0,0.0,0.05555555555555555,0.0,0.0,0.0,0.0,0.0,0.0,0.0,0.0,0.0,0.0,0.0,0.0,0.0,0.0,0.0,0.0,0.0,0.10526315789473684,0.05263157894736842
ALL_106_SHS_HT2_S049,0.3125,0.0625,0.4375,0.0,0.0,0.0,0.0,0.0,0.0625,0.125,0.0,0.0,0.0,0.0625,0.0,0.0,0.0,0.0,0.0,0.0,0.0,0.0,0.0,0.0,0.0,0.0,0.0,0.0
ALL_106_SHS_HT2_S050,0.5625,0.058823529411764705,0.6470588235294118,0.0,0.0,0.0,0.0,0.0,0.125,0.058823529411764705,0.0,0.0,0.0,0.058823529411764705,0.0,0.11764705882352941,0.0,0.17647058823529413,0.0,0.0,0.0,0.0,0.0,0.17647058823529413,0.058823529411764705,0.0,0.0,0.058823529411764705
ALL_106_SHS_HT2_S051,0.5,0.0,0.375,0.0,0.0,0.0,0.0,0.0,0.0625,0.0,0.0,0.0,0.0,0.0,0.0,0.0,0.0,0.0,0.0,0.0,0.0,0.0,0.0,0.0,0.0,0.0,0.0,0.0
ALL_106_SHS_HT2_S052,0.25,0.1875,0.3125,0.0,0.0,0.0,0.0,0.0,0.0,0.0,0.0,0.0,0.0,0.0,0.0,0.0,0.0,0.0,0.0,0.0,0.0,0.0,0.0,0.0,0.0,0.0,0.0,0.125
ALL_106_SHS_HT2_S053,0.5,0.07692307692307693,0.38461538461538464,0.0,0.0,0.0,0.0,0.0,0.08333333333333333,0.0,0.0,0.0,0.0,0.0,0.0,0.0,0.0,0.15384615384615385,0.0,0.0,0.0,0.0,0.0,0.0,0.0,0.0,0.15384615384615385,0.0
ALL_106_SHS_HT2_S054,0.8571428571428571,0.2,0.4666666666666667,0.0,0.0,0.0,0.0,0.0,0.07142857142857142,0.0,0.0,0.0,0.0,0.0,0.0,0.0,0.0,0.0,0.0,0.0,0.06666666666666667,0.0,0.0,0.0,0.0,0.0,0.0,0.0
ALL_106_SHS_HT2_S055,0.4375,0.0,0.6470588235294118,0.0,0.0,0.0,0.0,0.0,0.125,0.0,0.0,0.0,0.0,0.0,0.0,0.0,0.0,0.0,0.0,0.0,0.0,0.0,0.0,0.0,0.11764705882352941,0.0,0.0,0.0
ALL_106_SHS_HT2_S056,0.3888888888888889,0.0,0.4444444444444444,0.0,0.0,0.0,0.0,0.0,0.0,0.0,0.0,0.0,0.0,0.0,0.0,0.0,0.0,0.0,0.0,0.0,0.0,0.0,0.0,0.0,0.0,0.0,0.0,0.0
ALL_106_SHS_HT2_S057,0.47058823529411764,0.0,0.5882352941176471,0.0,0.0,0.0,0.0,0.0,0.058823529411764705,0.058823529411764705,0.0,0.0,0.0,0.0,0.0,0.0,0.0,0.23529411764705882,0.0,0.0,0.11764705882352941,0.11764705882352941,0.0,0.0,0.0,0.0,0.058823529411764705,0.0
ALL_106_SHS_HT2_S058,0.5294117647058824,0.058823529411764705,0.5882352941176471,0.0,0.0,0.0,0.0,0.0,0.17647058823529413,0.0,0.0,0.0,0.0,0.0,0.0,0.0,0.0,0.0,0.0,0.0,0.0,0.0,0.0,0.058823529411764705,0.0,0.0,0.0,0.058823529411764705
ALL_106_SHS_HT2_S059,0.5,0.0,0.4,0.0,0.0,0.0,0.0,0.0,0.07142857142857142,0.0,0.0,0.0,0.0,0.0,0.0,0.0,0.0,0.0,0.0,0.0,0.0,0.0,0.0,0.0,0.0,0.0,0.0,0.0
ALL_106_SHS_HT2_S060,0.4,0.13333333333333333,0.26666666666666666,0.0,0.0,0.0,0.0,0.0,0.0,0.0,0.0,0.13333333333333333,0.0,0.0,0.0,0.0,0.0,0.06666666666666667,0.06666666666666667,0.0,0.0,0.0,0.0,0.0,0.0,0.0,0.0,0.0
ALL_107_SHS_HT2_S046,0.3333333333333333,0.125,0.25,0.0625,0.0625,0.0625,0.0625,0.0625,0.06666666666666667,0.25,0.0625,0.25,0.0625,0.0625,0.0625,0.0625,0.0625,0.25,0.0625,0.0625,0.0625,0.125,0.0625,0.0625,0.125,0.0625,0.125,0.125
ALL_107_SHS_HT2_S047,0.42857142857142855,0.21428571428571427,0.42857142857142855,0.0,0.0,0.0,0.0,0.0,0.14285714285714285,0.0,0.0,0.0,0.0,0.0,0.0,0.0,0.0,0.14285714285714285,0.14285714285714285,0.0,0.0,0.0,0.0,0.0,0.07142857142857142,0.0,0.0,0.0
ALL_107_SHS_HT2_S048,0.7777777777777778,0.10526315789473684,0.6842105263157895,0.0,0.0,0.0,0.0,0.0,0.16666666666666666,0.0,0.0,0.0,0.0,0.0,0.0,0.0,0.0,0.0,0.0,0.0,0.0,0.0,0.0,0.15789473684210525,0.0,0.0,0.05263157894736842,0.0
ALL_107_SHS_HT2_S049,0.5,0.0625,0.5,0.0,0.0,0.0,0.0,0.0,0.0625,0.125,0.0,0.0,0.0,0.0,0.0,0.0,0.0,0.0,0.0,0.0,0.0,0.0,0.0,0.0,0.125,0.0,0.125,0.0
ALL_107_SHS_HT2_S050,0.5,0.11764705882352941,0.5294117647058824,0.0,0.0,0.0,0.0,0.0,0.125,0.0,0.0,0.0,0.0,0.058823529411764705,0.0,0.0,0.0,0.0,0.0,0.0,0.0,0.0,0.0,0.11764705882352941,0.058823529411764705,0.0,0.11764705882352941,0.058823529411764705
ALL_107_SHS_HT2_S051,0.4375,0.0,0.25,0.0,0.0,0.0,0.0,0.0,0.0625,0.0,0.0,0.0,0.0,0.0,0.0,0.0,0.0,0.375,0.0,0.0,0.0,0.0,0.0,0.0,0.0,0.0,0.0,0.0
ALL_107_SHS_HT2_S052,0.6875,0.0,0.25,0.0,0.0,0.0,0.0,0.0,0.0625,0.0,0.0,0.0,0.0,0.0,0.0,0.0,0.0,0.0,0.0,0.0,0.0,0.0,0.0,0.0,0.125,0.0,0.0,0.0
ALL_107_SHS_HT2_S053,0.75,0.0,0.46153846153846156,0.0,0.0,0.0,0.0,0.0,0.08333333333333333,0.0,0.0,0.0,0.0,0.0,0.0,0.0,0.0,0.15384615384615385,0.0,0.0,0.0,0.0,0.0,0.0,0.0,0.0,0.0,0.0
ALL_107_SHS_HT2_S054,0.7142857142857143,0.06666666666666667,0.4,0.0,0.0,0.0,0.0,0.0,0.0,0.13333333333333333,0.0,0.0,0.0,0.13333333333333333,0.0,0.0,0.0,0.26666666666666666,0.0,0.0,0.06666666666666667,0.0,0.13333333333333333,0.06666666666666667,0.2,0.0,0.3333333333333333,0.0
ALL_107_SHS_HT2_S055,0.375,0.17647058823529413,0.5882352941176471,0.0,0.0,0.0,0.0,0.0,0.125,0.0,0.0,0.0,0.0,0.0,0.0,0.0,0.0,0.29411764705882354,0.0,0.0,0.0,0.0,0.0,0.0,0.0,0.0,0.0,0.0
ALL_107_SHS_HT2_S056,0.4444444444444444,0.0,0.5555555555555556,0.0,0.0,0.0,0.0,0.0,0.0,0.0,0.0,0.0,0.0,0.0,0.0,0.0,0.0,0.0,0.0,0.0,0.0,0.0,0.0,0.0,0.0,0.0,0.0,0.0
ALL_107_SHS_HT2_S057,0.35294117647058826,0.0,0.6470588235294118,0.0,0.0,0.0,0.0,0.17647058823529413,0.058823529411764705,0.0,0.0,0.0,0.0,0.11764705882352941,0.0,0.0,0.0,0.4117647058823529,0.0,0.0,0.11764705882352941,0.0,0.0,0.0,0.058823529411764705,0.058823529411764705,0.29411764705882354,0.0
ALL_107_SHS_HT2_S058,0.6470588235294118,0.0,0.4117647058823529,0.0,0.058823529411764705,0.0,0.0,0.0,0.17647058823529413,0.0,0.0,0.17647058823529413,0.058823529411764705,0.0,0.0,0.0,0.0,0.0,0.17647058823529413,0.0,0.0,0.0,0.0,0.0,0.11764705882352941,0.0,0.11764705882352941,0.058823529411764705
ALL_107_SHS_HT2_S059,0.5714285714285714,0.0,0.6666666666666666,0.0,0.0,0.0,0.0,0.0,0.07142857142857142,0.0,0.0,0.0,0.0,0.0,0.0,0.13333333333333333,0.0,0.13333333333333333,0.0,0.0,0.0,0.0,0.0,0.0,0.06666666666666667,0.0,0.0,0.0
ALL_107_SHS_HT2_S060,0.4,0.06666666666666667,0.2,0.0,0.0,0.0,0.0,0.0,0.0,0.0,0.0,0.0,0.0,0.0,0.0,0.0,0.0,0.0,0.0,0.0,0.0,0.0,0.0,0.0,0.0,0.0,0.0,0.0
ALL_108_SHS_HT2_S046,0.2,0.0625,0.375,0.0625,0.0625,0.0625,0.0625,0.0625,0.13333333333333333,0.0625,0.0625,0.0625,0.0625,0.0625,0.0,0.0625,0.0625,0.125,0.0625,0.0625,0.0625,0.0625,0.0625,0.0625,0.1875,0.0625,0.1875,0.0625
ALL_108_SHS_HT2_S047,0.42857142857142855,0.42857142857142855,0.35714285714285715,0.07142857142857142,0.0,0.0,0.0,0.0,0.14285714285714285,0.0,0.0,0.0,0.0,0.0,0.0,0.5,0.0,0.0,0.14285714285714285,0.14285714285714285,0.0,0.0,0.0,0.0,0.0,0.0,0.0,0.0
ALL_108_SHS_HT2_S048,0.7222222222222222,0.3157894736842105,0.5263157894736842,0.0,0.0,0.0,0.0,0.0,0.05555555555555555,0.0,0.0,0.0,0.0,0.05263157894736842,0.0,0.0,0.0,0.0,0.0,0.0,0.0,0.0,0.0,0.0,0.0,0.0,0.0,0.10526315789473684
ALL_108_SHS_HT2_S049,0.625,0.1875,0.375,0.0,0.0,0.0,0.0,0.0,0.0625,0.125,0.0,0.0,0.0,0.0,0.125,0.0,0.0,0.1875,0.0,0.0,0.0,0.0,0.0,0.0,0.0,0.0,0.125,0.0
ALL_108_SHS_HT2_S050,0.4375,0.0,0.17647058823529413,0.0,0.0,0.0,0.0,0.0,0.0625,0.0,0.0,0.0,0.0,0.0,0.0,0.17647058823529413,0.0,0.35294117647058826,0.0,0.0,0.0,0.0,0.0,0.0,0.0,0.0,0.0,0.0
ALL_108_SHS_HT2_S051,0.4375,0.125,0.5625,0.0,0.0,0.0,0.0,0.0,0.0625,0.0,0.0625,0.0,0.0,0.0,0.0,0.0,0.0,0.125,0.0,0.0,0.0,0.0,0.0,0.0,0.0,0.0,0.0,0.0625
ALL_108_SHS_HT2_S052,0.6875,0.3125,0.4375,0.0,0.0,0.0,0.0,0.0,0.0625,0.1875,0.0,0.125,0.0,0.0,0.0,0.0,0.0,0.0,0.0625,0.0,0.0,0.0,0.0,0.0625,0.1875,0.0,0.0,0.3125
ALL_108_SHS_HT2_S053,0.75,0.07692307692307693,0.5384615384615384,0.0,0.0,0.0,0.0,0.0,0.0,0.0,0.0,0.0,0.0,0.0,0.0,0.0,0.0,0.0,0.0,0.0,0.0,0.0,0.0,0.0,0.0,0.0,0.0,0.0
ALL_108_SHS_HT2_S054,0.8571428571428571,0.26666666666666666,0.4666666666666667,0.0,0.0,0.0,0.0,0.0,0.14285714285714285,0.0,0.0,0.0,0.0,0.0,0.0,0.0,0.0,0.0,0.0,0.0,0.2,0.0,0.0,0.0,0.2,0.0,0.0,0.0
ALL_108_SHS_HT2_S055,0.375,0.17647058823529413,0.5882352941176471,0.0,0.0,0.0,0.0,0.0,0.1875,0.0,0.0,0.0,0.0,0.0,0.0,0.0,0.0,0.0,0.0,0.0,0.0,0.0,0.0,0.0,0.058823529411764705,0.0,0.0,0.0
ALL_108_SHS_HT2_S056,0.6111111111111112,0.2222222222222222,0.4444444444444444,0.0,0.0,0.0,0.0,0.0,0.0,0.0,0.0,0.0,0.0,0.0,0.0,0.0,0.0,0.05555555555555555,0.0,0.0,0.0,0.0,0.0,0.2222222222222222,0.0,0.0,0.1111111111111111,0.0
ALL_108_SHS_HT2_S057,0.47058823529411764,0.0,0.7058823529411765,0.0,0.0,0.0,0.0,0.0,0.0,0.0,0.0,0.0,0.0,0.0,0.0,0.0,0.0,0.29411764705882354,0.17647058823529413,0.0,0.0,0.0,0.0,0.0,0.0,0.0,0.11764705882352941,0.11764705882352941
ALL_108_SHS_HT2_S058,0.29411764705882354,0.058823529411764705,0.4117647058823529,0.058823529411764705,0.0,0.0,0.0,0.0,0.11764705882352941,0.0,0.0,0.0,0.0,0.0,0.0,0.0,0.0,0.0,0.11764705882352941,0.23529411764705882,0.0,0.0,0.0,0.11764705882352941,0.29411764705882354,0.0,0.23529411764705882,0.0
ALL_108_SHS_HT2_S059,0.42857142857142855,0.0,0.6666666666666666,0.0,0.0,0.0,0.0,0.0,0.07142857142857142,0.0,0.0,0.0,0.0,0.0,0.0,0.13333333333333333,0.0,0.13333333333333333,0.0,0.0,0.0,0.0,0.0,0.0,0.13333333333333333,0.0,0.0,0.0
ALL_108_SHS_HT2_S060,0.3333333333333333,0.13333333333333333,0.5333333333333333,0.0,0.0,0.0,0.0,0.0,0.0,0.0,0.0,0.0,0.0,0.0,0.0,0.0,0.0,0.0,0.0,0.0,0.0,0.0,0.0,0.0,0.0,0.0,0.0,0.0
ALL_109_SHS_HT2_S046,0.26666666666666666,0.0625,0.5625,0.0625,0.0625,0.0,0.0625,0.0625,0.13333333333333333,0.0625,0.0625,0.0625,0.0625,0.0625,0.0,0.0625,0.0625,0.0625,0.0625,0.0625,0.0625,0.0625,0.0625,0.0625,0.0625,0.0625,0.0625,0.0625
ALL_109_SHS_HT2_S047,0.42857142857142855,0.2857142857142857,0.2857142857142857,0.0,0.0,0.0,0.0,0.0,0.14285714285714285,0.0,0.0,0.0,0.0,0.0,0.0,0.0,0.0,0.0,0.14285714285714285,0.21428571428571427,0.0,0.0,0.0,0.0,0.0,0.0,0.0,0.0
ALL_109_SHS_HT2_S048,0.6666666666666666,0.3684210526315789,0.631578947368421,0.0,0.0,0.0,0.0,0.0,0.05555555555555555,0.15789473684210525,0.0,0.0,0.0,0.0,0.0,0.0,0.0,0.0,0.0,0.0,0.0,0.0,0.0,0.0,0.10526315789473684,0.0,0.10526315789473684,0.05263157894736842
ALL_109_SHS_HT2_S049,0.5,0.3125,0.3125,0.0,0.0,0.0,0.0,0.0,0.0625,0.125,0.0,0.0,0.0,0.0,0.0,0.0,0.0,0.1875,0.0,0.0,0.0,0.0,0.0,0.0,0.1875,0.0,0.125,0.0
ALL_109_SHS_HT2_S050,0.5,0.058823529411764705,0.6470588235294118,0.0,0.0,0.0,0.0,0.0,0.0625,0.0,0.0,0.0,0.0,0.0,0.0,0.0,0.0,0.0,0.0,0.0,0.0,0.0,0.23529411764705882,0.0,0.0,0.0,0.058823529411764705,0.0
ALL_109_SHS_HT2_S051,0.4375,0.0,0.5,0.0,0.0,0.0,0.0,0.0,0.0625,0.0,0.0,0.0,0.0,0.0,0.0,0.0,0.0,0.0,0.3125,0.0,0.0,0.0,0.0,0.0,0.1875,0.0,0.0,0.0
ALL_109_SHS_HT2_S052,0.4375,0.5625,0.5,0.0,0.0,0.0,0.0,0.0,0.125,0.0,0.0,0.0,0.0,0.125,0.3125,0.0,0.0,0.5,0.0625,0.0,0.0,0.0,0.0625,0.25,0.3125,0.0,0.125,0.1875
ALL_109_SHS_HT2_S053,0.5,0.07692307692307693,0.23076923076923078,0.0,0.0,0.0,0.0,0.0,0.0,0.0,0.0,0.0,0.0,0.0,0.0,0.0,0.0,0.0,0.0,0.0,0.0,0.0,0.0,0.0,0.0,0.0,0.07692307692307693,0.0
ALL_109_SHS_HT2_S054,0.42857142857142855,0.26666666666666666,0.4,0.0,0.0,0.0,0.0,0.0,0.07142857142857142,0.0,0.0,0.0,0.0,0.0,0.0,0.0,0.0,0.3333333333333333,0.0,0.0,0.0,0.0,0.0,0.0,0.13333333333333333,0.0,0.0,0.0
ALL_109_SHS_HT2_S055,0.3125,0.0,0.47058823529411764,0.0,0.0,0.0,0.0,0.0,0.125,0.0,0.0,0.0,0.0,0.0,0.0,0.0,0.0,0.058823529411764705,0.0,0.0,0.0,0.0,0.0,0.0,0.11764705882352941,0.0,0.0,0.0
ALL_109_SHS_HT2_S056,0.8888888888888888,0.0,0.5,0.0,0.0,0.0,0.0,0.0,0.0,0.0,0.0,0.0,0.0,0.0,0.0,0.0,0.0,0.0,0.0,0.0,0.0,0.0,0.0,0.0,0.0,0.0,0.0,0.0
ALL_109_SHS_HT2_S057,0.5294117647058824,0.0,0.5294117647058824,0.0,0.0,0.0,0.0,0.0,0.0,0.0,0.0,0.0,0.0,0.0,0.0,0.0,0.0,0.47058823529411764,0.0,0.0,0.0,0.0,0.058823529411764705,0.0,0.0,0.0,0.0,0.0
ALL_109_SHS_HT2_S058,0.7058823529411765,0.0,0.4117647058823529,0.0,0.0,0.0,0.0,0.0,0.17647058823529413,0.0,0.0,0.0,0.0,0.0,0.0,0.0,0.0,0.11764705882352941,0.0,0.0,0.0,0.0,0.0,0.0,0.11764705882352941,0.0,0.11764705882352941,0.0
ALL_109_SHS_HT2_S059,0.7142857142857143,0.0,0.6666666666666666,0.0,0.0,0.0,0.0,0.0,0.14285714285714285,0.0,0.0,0.0,0.0,0.0,0.0,0.0,0.0,0.26666666666666666,0.0,0.0,0.0,0.0,0.0,0.0,0.2,0.0,0.2,0.0
ALL_109_SHS_HT2_S060,0.26666666666666666,0.06666666666666667,0.4666666666666667,0.0,0.0,0.0,0.0,0.0,0.0,0.06666666666666667,0.0,0.0,0.0,0.0,0.0,0.0,0.0,0.0,0.0,0.0,0.0,0.0,0.0,0.0,0.13333333333333333,0.0,0.0,0.0
ALL_124_SHS_HT2_S046,0.2,0.1875,0.25,0.0625,0.0625,0.0625,0.0625,0.0625,0.13333333333333333,0.0625,0.0625,0.0625,0.0625,0.0625,0.0,0.0625,0.0625,0.0625,0.0625,0.0625,0.0625,0.0625,0.0625,0.0625,0.1875,0.0625,0.1875,0.0625
ALL_124_SHS_HT2_S047,0.42857142857142855,0.07142857142857142,0.5,0.0,0.0,0.0,0.0,0.0,0.07142857142857142,0.0,0.0,0.5714285714285714,0.0,0.0,0.0,0.0,0.0,0.0,0.0,0.0,0.0,0.0,0.0,0.0,0.07142857142857142,0.0,0.0,0.0
ALL_124_SHS_HT2_S048,0.8888888888888888,0.3157894736842105,0.6842105263157895,0.0,0.0,0.0,0.0,0.0,0.05555555555555555,0.0,0.0,0.0,0.0,0.0,0.0,0.0,0.0,0.15789473684210525,0.0,0.0,0.0,0.0,0.0,0.0,0.10526315789473684,0.0,0.0,0.0
ALL_124_SHS_HT2_S049,0.6875,0.1875,0.375,0.0,0.0,0.0,0.0,0.0,0.0625,0.0,0.0,0.0,0.0,0.0,0.0,0.0,0.0,0.0,0.0,0.0,0.0,0.0,0.0,0.0,0.125,0.0,0.125,0.0
ALL_124_SHS_HT2_S050,0.5,0.058823529411764705,0.47058823529411764,0.0,0.0,0.0,0.0,0.0,0.125,0.0,0.0,0.0,0.0,0.058823529411764705,0.0,0.0,0.0,0.17647058823529413,0.0,0.0,0.0,0.0,0.0,0.0,0.058823529411764705,0.0,0.058823529411764705,0.058823529411764705
ALL_124_SHS_HT2_S051,0.5,0.0,0.375,0.0,0.0,0.0,0.0,0.0,0.0625,0.0,0.0,0.0,0.0,0.0,0.0,0.0,0.0,0.0,0.0625,0.0,0.0,0.0,0.0,0.0,0.125,0.0,0.125,0.0
ALL_124_SHS_HT2_S052,0.4375,0.0,0.25,0.0,0.0,0.0,0.0,0.0,0.0,0.0,0.0,0.0,0.0,0.0,0.0,0.0,0.0,0.3125,0.0,0.0,0.0,0.0,0.0,0.0,0.0,0.0,0.125,0.0
ALL_124_SHS_HT2_S053,0.8333333333333334,0.07692307692307693,0.46153846153846156,0.0,0.0,0.0,0.0,0.0,0.0,0.0,0.0,0.0,0.0,0.0,0.0,0.0,0.0,0.0,0.0,0.0,0.07692307692307693,0.0,0.0,0.0,0.15384615384615385,0.0,0.0,0.0
ALL_124_SHS_HT2_S054,0.6428571428571429,0.2,0.7333333333333333,0.0,0.0,0.0,0.0,0.0,0.07142857142857142,0.0,0.0,0.0,0.0,0.0,0.0,0.0,0.0,0.0,0.0,0.0,0.13333333333333333,0.0,0.0,0.0,0.0,0.0,0.0,0.0
ALL_124_SHS_HT2_S055,0.375,0.0,0.47058823529411764,0.0,0.0,0.0,0.0,0.0,0.125,0.0,0.0,0.0,0.0,0.0,0.0,0.0,0.0,0.0,0.0,0.0,0.058823529411764705,0.0,0.0,0.0,0.0,0.0,0.0,0.0
ALL_124_SHS_HT2_S056,0.5555555555555556,0.0,0.4444444444444444,0.0,0.0,0.0,0.0,0.0,0.0,0.0,0.0,0.0,0.0,0.0,0.0,0.0,0.0,0.0,0.0,0.0,0.0,0.0,0.0,0.0,0.0,0.0,0.1111111111111111,0.0
ALL_124_SHS_HT2_S057,0.29411764705882354,0.0,0.7058823529411765,0.0,0.0,0.0,0.0,0.0,0.058823529411764705,0.11764705882352941,0.0,0.0,0.0,0.0,0.0,0.0,0.0,0.29411764705882354,0.0,0.0,0.23529411764705882,0.0,0.0,0.0,0.0,0.0,0.11764705882352941,0.0
ALL_124_SHS_HT2_S058,0.47058823529411764,0.0,0.4117647058823529,0.0,0.0,0.0,0.0,0.0,0.11764705882352941,0.0,0.0,0.0,0.0,0.0,0.0,0.0,0.0,0.0,0.0,0.0,0.0,0.0,0.0,0.0,0.0,0.0,0.0,0.0
ALL_124_SHS_HT2_S059,0.5,0.0,0.4666666666666667,0.0,0.0,0.0,0.0,0.0,0.07142857142857142,0.0,0.0,0.0,0.0,0.0,0.0,0.0,0.0,0.0,0.0,0.0,0.0,0.0,0.0,0.0,0.6666666666666666,0.06666666666666667,0.0,0.0
ALL_124_SHS_HT2_S060,0.4,0.26666666666666666,0.6666666666666666,0.0,0.0,0.0,0.0,0.0,0.0,0.13333333333333333,0.0,0.0,0.0,0.0,0.0,0.0,0.0,0.0,0.0,0.0,0.0,0.0,0.0,0.0,0.13333333333333333,0.0,0.0,0.0
ALL_036_SPA_HT2_S046,0.4,0.375,0.4375,0.0,0.0625,0.25,0.125,0.25,0.26666666666666666,0.0625,0.0625,0.0625,0.125,0.0625,0.1875,0.25,0.25,0.3125,0.25,0.25,0.4375,0.125,0.1875,0.1875,0.25,0.1875,0.3125,0.125
ALL_036_SPA_HT2_S047,0.6428571428571429,0.35714285714285715,0.6428571428571429,0.35714285714285715,0.2857142857142857,0.0,0.0,0.14285714285714285,0.6428571428571429,0.14285714285714285,0.14285714285714285,0.0,0.0,0.0,0.21428571428571427,0.5,0.2857142857142857,1.0,0.07142857142857142,0.14285714285714285,0.7142857142857143,0.14285714285714285,0.2857142857142857,0.2857142857142857,0.21428571428571427,0.14285714285714285,0.2857142857142857,0.42857142857142855
ALL_036_SPA_HT2_S048,0.6111111111111112,0.5789473684210527,0.6842105263157895,0.0,0.0,0.0,0.0,0.0,0.16666666666666666,0.0,0.0,0.0,0.0,0.0,0.0,0.0,0.0,0.10526315789473684,0.10526315789473684,0.0,0.15789473684210525,0.0,0.15789473684210525,0.10526315789473684,0.0,0.0,0.0,0.05263157894736842
ALL_036_SPA_HT2_S049,0.8125,0.125,0.3125,0.0,0.125,0.0,0.0,0.0,0.1875,0.125,0.125,0.0,0.0,0.125,0.0,0.125,0.0,0.5625,0.125,0.0,0.1875,0.125,0.1875,0.125,0.3125,0.125,0.375,0.125
ALL_036_SPA_HT2_S050,0.6875,0.35294117647058826,0.7058823529411765,0.17647058823529413,0.11764705882352941,0.17647058823529413,0.17647058823529413,0.17647058823529413,0.375,0.17647058823529413,0.17647058823529413,0.17647058823529413,0.17647058823529413,0.11764705882352941,0.11764705882352941,0.17647058823529413,0.4117647058823529,0.5882352941176471,0.11764705882352941,0.17647058823529413,0.4117647058823529,0.4117647058823529,0.35294117647058826,0.17647058823529413,0.35294117647058826,0.17647058823529413,0.17647058823529413,0.17647058823529413
ALL_036_SPA_HT2_S051,0.5625,0.3125,0.5625,0.25,0.3125,0.25,0.25,0.125,0.3125,0.4375,0.3125,0.125,0.1875,0.3125,0.375,0.125,0.125,0.6875,0.375,0.25,0.4375,0.25,0.5,0.375,0.5625,0.3125,0.4375,0.5625
ALL_036_SPA_HT2_S052,0.75,0.125,0.5,0.125,0.0,0.0,0.0,0.125,0.0625,0.0,0.125,0.125,0.0,0.0,0.0,0.125,0.125,0.75,0.125,0.3125,0.0,0.0,0.0,0.125,0.125,0.0,0.0,0.0625
ALL_036_SPA_HT2_S053,0.5833333333333334,0.07692307692307693,0.6153846153846154,0.0,0.0,0.0,0.0,0.0,0.25,0.0,0.23076923076923078,0.0,0.0,0.0,0.0,0.0,0.0,0.0,0.3076923076923077,0.0,0.0,0.0,0.0,0.15384615384615385,0.23076923076923078,0.0,0.0,0.0
ALL_036_SPA_HT2_S054,0.6428571428571429,0.3333333333333333,0.6,0.3333333333333333,0.13333333333333333,0.13333333333333333,0.13333333333333333,0.13333333333333333,0.35714285714285715,0.26666666666666666,0.13333333333333333,0.13333333333333333,0.26666666666666666,0.2,0.13333333333333333,0.13333333333333333,0.13333333333333333,0.5333333333333333,0.13333333333333333,0.2,0.4666666666666667,0.2,0.26666666666666666,0.13333333333333333,0.4,0.2,0.26666666666666666,0.06666666666666667
ALL_036_SPA_HT2_S055,0.75,0.5294117647058824,0.7647058823529411,0.5294117647058824,0.17647058823529413,0.17647058823529413,0.17647058823529413,0.17647058823529413,0.3125,0.17647058823529413,0.23529411764705882,0.35294117647058826,0.17647058823529413,0.11764705882352941,0.11764705882352941,0.17647058823529413,0.23529411764705882,0.47058823529411764,0.17647058823529413,0.11764705882352941,0.23529411764705882,0.47058823529411764,0.47058823529411764,0.11764705882352941,0.5294117647058824,0.47058823529411764,0.35294117647058826,0.17647058823529413
ALL_036_SPA_HT2_S056,0.7777777777777778,0.16666666666666666,0.6666666666666666,0.0,0.0,0.0,0.0,0.0,0.16666666666666666,0.0,0.0,0.2222222222222222,0.0,0.05555555555555555,0.16666666666666666,0.0,0.0,0.3333333333333333,0.16666666666666666,0.0,0.0,0.16666666666666666,0.0,0.0,0.2222222222222222,0.0,0.2222222222222222,0.2222222222222222
ALL_036_SPA_HT2_S057,0.6470588235294118,0.4117647058823529,0.6470588235294118,0.29411764705882354,0.0,0.0,0.0,0.17647058823529413,0.11764705882352941,0.0,0.29411764705882354,0.47058823529411764,0.0,0.11764705882352941,0.0,0.0,0.0,0.7058823529411765,0.5294117647058824,0.6470588235294118,0.5882352941176471,0.23529411764705882,0.47058823529411764,0.0,0.47058823529411764,0.0,0.23529411764705882,0.0
ALL_036_SPA_HT2_S058,0.7058823529411765,0.23529411764705882,0.29411764705882354,0.058823529411764705,0.0,0.0,0.0,0.058823529411764705,0.23529411764705882,0.0,0.0,0.058823529411764705,0.0,0.0,0.0,0.23529411764705882,0.0,0.6470588235294118,0.058823529411764705,0.0,0.058823529411764705,0.0,0.23529411764705882,0.0,0.23529411764705882,0.0,0.058823529411764705,0.0
ALL_036_SPA_HT2_S059,0.7857142857142857,0.0,0.5333333333333333,0.0,0.0,0.13333333333333333,0.13333333333333333,0.26666666666666666,0.6428571428571429,0.0,0.26666666666666666,0.26666666666666666,0.0,0.13333333333333333,0.0,0.5333333333333333,0.13333333333333333,0.13333333333333333,0.4666666666666667,0.5333333333333333,0.13333333333333333,0.0,0.4,0.2,0.4666666666666667,0.0,0.4,0.3333333333333333
ALL_036_SPA_HT2_S060,0.8,0.2,0.6666666666666666,0.26666666666666666,0.13333333333333333,0.2,0.06666666666666667,0.2,0.2,0.3333333333333333,0.3333333333333333,0.2,0.06666666666666667,0.2,0.0,0.0,0.26666666666666666,0.8666666666666667,0.4,0.3333333333333333,0.4,0.13333333333333333,0.3333333333333333,0.26666666666666666,0.4,0.2,0.06666666666666667,0.13333333333333333
ALL_041_SPA_HT2_S046,0.2,0.125,0.375,0.0625,0.0625,0.0,0.0625,0.0625,0.06666666666666667,0.125,0.0625,0.0625,0.0625,0.0625,0.0,0.0625,0.0625,0.125,0.0625,0.0625,0.0625,0.0625,0.0625,0.125,0.125,0.0625,0.1875,0.125
ALL_041_SPA_HT2_S047,0.5,0.35714285714285715,0.2857142857142857,0.2857142857142857,0.0,0.0,0.07142857142857142,0.07142857142857142,0.42857142857142855,0.0,0.07142857142857142,0.35714285714285715,0.0,0.21428571428571427,0.42857142857142855,1.0,0.0,0.5,0.21428571428571427,0.5,0.0,0.35714285714285715,0.0,0.07142857142857142,0.42857142857142855,0.0,0.07142857142857142,0.14285714285714285
ALL_041_SPA_HT2_S048,0.3888888888888889,0.21052631578947367,0.42105263157894735,0.05263157894736842,0.05263157894736842,0.0,0.05263157894736842,0.05263157894736842,0.2222222222222222,0.05263157894736842,0.05263157894736842,0.0,0.0,0.05263157894736842,0.0,0.05263157894736842,0.05263157894736842,0.05263157894736842,0.05263157894736842,0.05263157894736842,0.05263157894736842,0.15789473684210525,0.05263157894736842,0.10526315789473684,0.05263157894736842,0.05263157894736842,0.05263157894736842,0.05263157894736842
ALL_041_SPA_HT2_S049,0.5625,0.125,0.25,0.125,0.0,0.0,0.0,0.0,0.0625,0.3125,0.0625,0.0,0.0,0.0,0.25,0.0,0.0,0.5625,0.125,0.0,0.0,0.0625,0.0,0.0,0.125,0.0,0.1875,0.0625
ALL_041_SPA_HT2_S050,0.5625,0.058823529411764705,0.5294117647058824,0.11764705882352941,0.0,0.0,0.0,0.0,0.25,0.11764705882352941,0.11764705882352941,0.11764705882352941,0.0,0.11764705882352941,0.0,0.0,0.0,0.35294117647058826,0.11764705882352941,0.11764705882352941,0.0,0.11764705882352941,0.058823529411764705,0.058823529411764705,0.17647058823529413,0.11764705882352941,0.11764705882352941,0.058823529411764705
ALL_041_SPA_HT2_S051,0.5,0.0625,0.25,0.0,0.0,0.0,0.0,0.0,0.0625,0.0,0.0,0.0,0.0,0.0,0.0,0.0,0.0,0.1875,0.0625,0.0,0.0,0.0,0.0,0.0,0.0,0.0,0.0,0.0625
ALL_041_SPA_HT2_S052,0.4375,0.25,0.4375,0.0,0.0,0.0,0.1875,0.1875,0.0,0.0,0.0,0.125,0.0,0.0,0.0,0.0,0.0,0.0,0.125,0.125,0.0,0.0,0.0,0.0,0.0,0.0,0.0,0.125
ALL_041_SPA_HT2_S053,0.8333333333333334,0.23076923076923078,0.6923076923076923,0.0,0.0,0.0,0.0,0.0,0.16666666666666666,0.0,0.0,0.0,0.0,0.0,0.0,0.0,0.0,0.0,0.0,0.0,0.0,0.0,0.0,0.0,0.15384615384615385,0.0,0.3076923076923077,0.0
ALL_041_SPA_HT2_S054,0.8571428571428571,0.13333333333333333,0.4666666666666667,0.0,0.0,0.0,0.0,0.0,0.0,0.0,0.0,0.0,0.0,0.0,0.0,0.0,0.0,0.3333333333333333,0.0,0.0,0.06666666666666667,0.0,0.0,0.0,0.0,0.0,0.0,0.0
ALL_041_SPA_HT2_S055,0.6875,0.0,0.8235294117647058,0.0,0.0,0.0,0.0,0.0,0.1875,0.0,0.0,0.4117647058823529,0.0,0.0,0.0,0.0,0.0,0.47058823529411764,0.0,0.0,0.0,0.0,0.0,0.0,0.0,0.0,0.058823529411764705,0.0
ALL_041_SPA_HT2_S056,0.3888888888888889,0.0,0.4444444444444444,0.0,0.0,0.0,0.0,0.0,0.05555555555555555,0.0,0.0,0.0,0.0,0.0,0.0,0.0,0.0,0.2777777777777778,0.0,0.0,0.0,0.0,0.0,0.0,0.0,0.0,0.0,0.0
ALL_041_SPA_HT2_S057,0.4117647058823529,0.0,0.35294117647058826,0.0,0.0,0.0,0.0,0.0,0.0,0.0,0.0,0.0,0.0,0.0,0.0,0.0,0.0,0.47058823529411764,0.0,0.0,0.0,0.0,0.0,0.0,0.0,0.0,0.11764705882352941,0.0
ALL_041_SPA_HT2_S058,0.5294117647058824,0.29411764705882354,0.47058823529411764,0.0,0.0,0.0,0.0,0.0,0.11764705882352941,0.0,0.0,0.0,0.0,0.0,0.0,0.0,0.0,0.0,0.0,0.0,0.0,0.0,0.0,0.11764705882352941,0.0,0.0,0.0,0.0
ALL_041_SPA_HT2_S059,0.9285714285714286,0.13333333333333333,0.5333333333333333,0.0,0.0,0.0,0.0,0.0,0.07142857142857142,0.0,0.0,0.0,0.0,0.0,0.13333333333333333,0.0,0.0,0.2,0.0,0.13333333333333333,0.0,0.0,0.0,0.0,0.0,0.0,0.0,0.0
ALL_041_SPA_HT2_S060,0.5333333333333333,0.06666666666666667,0.3333333333333333,0.0,0.0,0.0,0.0,0.0,0.0,0.13333333333333333,0.0,0.0,0.0,0.0,0.0,0.0,0.0,0.6666666666666666,0.0,0.0,0.0,0.0,0.06666666666666667,0.06666666666666667,0.0,0.0,0.0,0.0
ALL_123_SPA_HT2_S046,0.13333333333333333,0.125,0.3125,0.0625,0.0625,0.0,0.0625,0.0625,0.06666666666666667,0.0625,0.0625,0.0625,0.0625,0.0625,0.0,0.0625,0.0625,0.125,0.0625,0.0625,0.0625,0.0625,0.0625,0.0625,0.0625,0.0625,0.0625,0.0625
ALL_123_SPA_HT2_S047,0.42857142857142855,0.2857142857142857,0.35714285714285715,0.0,0.0,0.0,0.0,0.0,0.14285714285714285,0.0,0.0,0.0,0.0,0.0,0.0,0.0,0.0,0.0,0.0,0.0,0.0,0.0,0.0,0.0,0.0,0.0,0.0,0.0
ALL_123_SPA_HT2_S048,0.4444444444444444,0.2631578947368421,0.631578947368421,0.0,0.0,0.0,0.0,0.0,0.05555555555555555,0.0,0.0,0.0,0.0,0.0,0.0,0.0,0.0,0.0,0.0,0.0,0.0,0.0,0.0,0.0,0.0,0.0,0.21052631578947367,0.15789473684210525
ALL_123_SPA_HT2_S049,0.5,0.1875,0.3125,0.0,0.0,0.0,0.0,0.0,0.125,0.125,0.0,0.0,0.0,0.0,0.0,0.0,0.0,0.0,0.0,0.0,0.0,0.0,0.0,0.0,0.0,0.0,0.1875,0.0
ALL_123_SPA_HT2_S050,0.5,0.0,0.47058823529411764,0.0,0.0,0.0,0.0,0.0,0.125,0.0,0.0,0.0,0.0,0.058823529411764705,0.0,0.0,0.0,0.0,0.0,0.0,0.0,0.0,0.0,0.058823529411764705,0.058823529411764705,0.0,0.0,0.0
ALL_123_SPA_HT2_S051,0.5625,0.0625,0.1875,0.0,0.0,0.0,0.0,0.0,0.0625,0.0,0.0,0.0,0.0,0.0,0.0,0.0,0.0,0.0,0.0,0.0,0.0,0.0,0.0,0.0,0.0,0.0,0.0,0.0
ALL_123_SPA_HT2_S052,0.3125,0.0,0.4375,0.0,0.0,0.0,0.0,0.0,0.0,0.0,0.0,0.0,0.0,0.0,0.0,0.125,0.0,0.0,0.0625,0.0,0.0,0.0,0.0,0.0,0.0,0.0,0.0,0.125
ALL_123_SPA_HT2_S053,0.8333333333333334,0.23076923076923078,0.38461538461538464,0.0,0.0,0.0,0.0,0.0,0.08333333333333333,0.0,0.0,0.0,0.0,0.0,0.0,0.0,0.0,0.0,0.0,0.0,0.0,0.0,0.0,0.0,0.0,0.0,0.0,0.0
ALL_123_SPA_HT2_S054,0.6428571428571429,0.4666666666666667,0.4666666666666667,0.13333333333333333,0.0,0.06666666666666667,0.0,0.2,0.0,0.0,0.13333333333333333,0.2,0.0,0.0,0.0,0.0,0.13333333333333333,0.2,0.13333333333333333,0.0,0.3333333333333333,0.0,0.0,0.0,0.13333333333333333,0.0,0.06666666666666667,0.13333333333333333
ALL_123_SPA_HT2_S055,0.375,0.11764705882352941,0.35294117647058826,0.0,0.0,0.0,0.0,0.0,0.1875,0.0,0.0,0.0,0.0,0.0,0.0,0.0,0.0,0.0,0.0,0.0,0.0,0.0,0.0,0.0,0.0,0.0,0.0,0.0
ALL_123_SPA_HT2_S056,0.8888888888888888,0.05555555555555555,0.3333333333333333,0.0,0.0,0.0,0.0,0.0,0.0,0.0,0.0,0.0,0.0,0.0,0.0,0.0,0.0,0.05555555555555555,0.0,0.0,0.05555555555555555,0.0,0.0,0.0,0.0,0.0,0.0,0.0
ALL_123_SPA_HT2_S057,0.23529411764705882,0.058823529411764705,0.6470588235294118,0.0,0.0,0.0,0.0,0.0,0.0,0.0,0.0,0.0,0.0,0.0,0.0,0.0,0.0,0.35294117647058826,0.0,0.0,0.0,0.0,0.0,0.0,0.0,0.0,0.11764705882352941,0.0
ALL_123_SPA_HT2_S058,0.5294117647058824,0.29411764705882354,0.6470588235294118,0.17647058823529413,0.0,0.0,0.0,0.0,0.35294117647058826,0.17647058823529413,0.0,0.0,0.0,0.0,0.0,0.35294117647058826,0.0,0.0,0.4117647058823529,0.11764705882352941,0.0,0.23529411764705882,0.11764705882352941,0.23529411764705882,0.0,0.0,0.058823529411764705,0.17647058823529413
ALL_123_SPA_HT2_S059,0.35714285714285715,0.0,0.5333333333333333,0.0,0.0,0.0,0.0,0.0,0.07142857142857142,0.0,0.0,0.0,0.0,0.0,0.0,0.0,0.0,0.0,0.0,0.0,0.0,0.0,0.0,0.0,0.0,0.0,0.0,0.0
ALL_123_SPA_HT2_S060,0.5333333333333333,0.06666666666666667,0.6,0.0,0.0,0.0,0.0,0.0,0.0,0.06666666666666667,0.0,0.0,0.0,0.0,0.0,0.0,0.0,0.0,0.0,0.0,0.0,0.0,0.0,0.0,0.0,0.0,0.0,0.0
ALL_127_SPA_HT2_S046,0.6666666666666666,0.375,0.5625,0.1875,0.1875,0.1875,0.1875,0.3125,0.2,0.25,0.1875,0.1875,0.1875,0.1875,0.1875,0.1875,0.1875,0.4375,0.1875,0.1875,0.1875,0.25,0.1875,0.25,0.25,0.1875,0.25,0.25
ALL_127_SPA_HT2_S047,0.6428571428571429,0.2857142857142857,0.42857142857142855,0.35714285714285715,0.0,0.0,0.0,0.14285714285714285,0.2857142857142857,0.0,0.0,0.0,0.0,0.2857142857142857,0.35714285714285715,0.0,0.0,0.5,0.35714285714285715,0.0,0.5714285714285714,0.0,0.21428571428571427,0.14285714285714285,0.0,0.0,0.07142857142857142,0.2857142857142857
ALL_127_SPA_HT2_S048,0.5555555555555556,0.05263157894736842,0.5263157894736842,0.0,0.0,0.0,0.0,0.0,0.05555555555555555,0.0,0.0,0.10526315789473684,0.0,0.0,0.0,0.0,0.0,0.2631578947368421,0.21052631578947367,0.10526315789473684,0.15789473684210525,0.0,0.0,0.10526315789473684,0.0,0.0,0.0,0.10526315789473684
ALL_127_SPA_HT2_S049,0.4375,0.1875,0.25,0.0,0.0,0.0,0.0,0.0,0.0,0.0,0.0625,0.0,0.0,0.0,0.0,0.0,0.0,0.25,0.0,0.0,0.0,0.0,0.0,0.0,0.3125,0.0,0.0625,0.0
ALL_127_SPA_HT2_S050,0.5,0.29411764705882354,0.5882352941176471,0.0,0.0,0.0,0.0,0.0,0.1875,0.23529411764705882,0.0,0.0,0.0,0.058823529411764705,0.0,0.0,0.0,0.0,0.0,0.0,0.23529411764705882,0.17647058823529413,0.11764705882352941,0.17647058823529413,0.29411764705882354,0.0,0.11764705882352941,0.0
ALL_127_SPA_HT2_S051,0.625,0.0625,0.25,0.0,0.0,0.0,0.0,0.0,0.0625,0.0,0.0,0.0,0.0,0.0,0.0,0.0,0.0,0.125,0.0,0.0,0.0,0.0,0.0,0.0,0.0,0.0,0.0,0.0
ALL_127_SPA_HT2_S052,0.875,0.1875,0.625,0.0,0.0,0.125,0.0,0.125,0.125,0.375,0.0,0.0,0.1875,0.0,0.0,0.25,0.0,0.1875,0.0625,0.0,0.125,0.0,0.0,0.0,0.1875,0.0,0.125,0.1875
ALL_127_SPA_HT2_S053,0.75,0.07692307692307693,0.38461538461538464,0.0,0.0,0.0,0.0,0.0,0.16666666666666666,0.0,0.0,0.0,0.0,0.0,0.0,0.0,0.0,0.23076923076923078,0.0,0.23076923076923078,0.0,0.0,0.0,0.07692307692307693,0.0,0.0,0.0,0.0
ALL_127_SPA_HT2_S054,0.7142857142857143,0.3333333333333333,0.4,0.0,0.0,0.0,0.0,0.0,0.0,0.0,0.0,0.13333333333333333,0.0,0.0,0.0,0.0,0.0,0.06666666666666667,0.0,0.06666666666666667,0.13333333333333333,0.0,0.0,0.0,0.13333333333333333,0.0,0.0,0.0
ALL_127_SPA_HT2_S055,0.75,0.11764705882352941,0.6470588235294118,0.0,0.0,0.0,0.0,0.0,0.1875,0.0,0.0,0.0,0.0,0.0,0.0,0.0,0.0,0.23529411764705882,0.0,0.0,0.0,0.0,0.0,0.0,0.0,0.0,0.11764705882352941,0.0
ALL_127_SPA_HT2_S056,0.6666666666666666,0.0,0.5,0.0,0.0,0.0,0.0,0.0,0.0,0.0,0.0,0.0,0.0,0.0,0.0,0.0,0.0,0.0,0.0,0.0,0.0,0.0,0.0,0.0,0.0,0.0,0.16666666666666666,0.0
ALL_127_SPA_HT2_S057,0.4117647058823529,0.0,0.47058823529411764,0.0,0.0,0.0,0.0,0.0,0.0,0.0,0.0,0.0,0.0,0.0,0.0,0.0,0.0,0.4117647058823529,0.0,0.0,0.0,0.0,0.0,0.0,0.0,0.0,0.0,0.0
ALL_127_SPA_HT2_S058,0.5882352941176471,0.17647058823529413,0.47058823529411764,0.058823529411764705,0.0,0.0,0.0,0.058823529411764705,0.17647058823529413,0.11764705882352941,0.058823529411764705,0.058823529411764705,0.0,0.058823529411764705,0.0,0.0,0.0,0.0,0.058823529411764705,0.11764705882352941,0.058823529411764705,0.0,0.0,0.17647058823529413,0.11764705882352941,0.0,0.0,0.0
ALL_127_SPA_HT2_S059,0.5714285714285714,0.06666666666666667,0.4,0.0,0.0,0.0,0.0,0.0,0.07142857142857142,0.0,0.0,0.0,0.0,0.26666666666666666,0.0,0.13333333333333333,0.0,0.0,0.0,0.0,0.0,0.0,0.0,0.0,0.0,0.0,0.06666666666666667,0.0
ALL_127_SPA_HT2_S060,0.6666666666666666,0.13333333333333333,0.3333333333333333,0.0,0.0,0.0,0.0,0.0,0.0,0.0,0.13333333333333333,0.0,0.0,0.0,0.0,0.0,0.0,0.6666666666666666,0.0,0.0,0.0,0.0,0.13333333333333333,0.13333333333333333,0.13333333333333333,0.0,0.0,0.13333333333333333
ALL_128_SPA_HT2_S046,0.4,0.3125,0.4375,0.0625,0.0625,0.0625,0.1875,0.0625,0.06666666666666667,0.25,0.0625,0.0625,0.1875,0.0,0.4375,0.0625,0.0625,0.3125,0.0625,0.0625,0.0625,0.1875,0.0625,0.0625,0.1875,0.0625,0.125,0.125
ALL_128_SPA_HT2_S047,0.35714285714285715,0.0,0.35714285714285715,0.0,0.0,0.07142857142857142,0.07142857142857142,0.0,0.21428571428571427,0.0,0.0,0.0,0.0,0.0,0.0,0.5,0.0,0.42857142857142855,0.14285714285714285,0.14285714285714285,0.0,0.0,0.0,0.0,0.07142857142857142,0.0,0.0,0.0
ALL_128_SPA_HT2_S048,0.6111111111111112,0.42105263157894735,0.631578947368421,0.21052631578947367,0.0,0.0,0.0,0.0,0.05555555555555555,0.21052631578947367,0.0,0.0,0.0,0.05263157894736842,0.0,0.0,0.0,0.15789473684210525,0.21052631578947367,0.21052631578947367,0.0,0.0,0.0,0.0,0.10526315789473684,0.0,0.10526315789473684,0.10526315789473684
ALL_128_SPA_HT2_S049,0.5,0.1875,0.4375,0.0,0.0,0.0,0.0,0.0,0.0,0.0,0.0,0.0,0.0,0.0,0.0,0.125,0.0,0.0,0.0,0.0,0.0,0.0,0.0,0.0,0.0,0.0,0.25,0.0
ALL_128_SPA_HT2_S050,0.5,0.058823529411764705,0.23529411764705882,0.0,0.0,0.0,0.17647058823529413,0.0,0.125,0.0,0.17647058823529413,0.0,0.0,0.23529411764705882,0.0,0.17647058823529413,0.0,0.0,0.0,0.0,0.0,0.0,0.0,0.0,0.058823529411764705,0.0,0.17647058823529413,0.0
ALL_128_SPA_HT2_S051,0.5,0.125,0.625,0.125,0.1875,0.1875,0.1875,0.0,0.1875,0.0,0.1875,0.1875,0.0,0.125,0.0,0.125,0.0,0.125,0.0,0.0,0.0,0.0,0.125,0.125,0.125,0.0625,0.25,0.125
ALL_128_SPA_HT2_S052,0.4375,0.125,0.75,0.0,0.0,0.0,0.0,0.0,0.0,0.0,0.0,0.0,0.0625,0.0,0.0,0.0,0.0,0.3125,0.0625,0.0,0.0,0.0,0.0,0.0,0.0,0.0,0.125,0.0
ALL_128_SPA_HT2_S053,0.75,0.07692307692307693,0.15384615384615385,0.0,0.0,0.0,0.0,0.0,0.08333333333333333,0.0,0.0,0.0,0.0,0.0,0.0,0.0,0.0,0.15384615384615385,0.0,0.0,0.0,0.0,0.0,0.0,0.15384615384615385,0.0,0.07692307692307693,0.0
ALL_128_SPA_HT2_S054,0.7857142857142857,0.2,0.6666666666666666,0.0,0.0,0.0,0.0,0.0,0.0,0.0,0.0,0.0,0.0,0.0,0.0,0.13333333333333333,0.0,0.13333333333333333,0.0,0.0,0.06666666666666667,0.0,0.0,0.0,0.13333333333333333,0.0,0.0,0.0
ALL_128_SPA_HT2_S055,0.75,0.11764705882352941,0.5294117647058824,0.0,0.0,0.0,0.0,0.0,0.1875,0.11764705882352941,0.0,0.0,0.0,0.0,0.0,0.0,0.0,0.23529411764705882,0.0,0.0,0.0,0.0,0.0,0.0,0.0,0.0,0.0,0.0
ALL_128_SPA_HT2_S056,0.8333333333333334,0.0,0.5555555555555556,0.0,0.0,0.1111111111111111,0.0,0.0,0.05555555555555555,0.0,0.0,0.0,0.0,0.0,0.0,0.0,0.0,0.1111111111111111,0.0,0.0,0.1111111111111111,0.1111111111111111,0.0,0.0,0.1111111111111111,0.0,0.2222222222222222,0.1111111111111111
ALL_128_SPA_HT2_S057,0.5294117647058824,0.11764705882352941,0.5882352941176471,0.0,0.0,0.0,0.0,0.0,0.11764705882352941,0.0,0.0,0.058823529411764705,0.0,0.0,0.0,0.0,0.0,0.47058823529411764,0.17647058823529413,0.11764705882352941,0.23529411764705882,0.0,0.0,0.0,0.058823529411764705,0.0,0.11764705882352941,0.0
ALL_128_SPA_HT2_S058,0.47058823529411764,0.11764705882352941,0.4117647058823529,0.0,0.0,0.0,0.0,0.0,0.11764705882352941,0.11764705882352941,0.0,0.35294117647058826,0.0,0.0,0.0,0.11764705882352941,0.0,0.29411764705882354,0.11764705882352941,0.0,0.0,0.0,0.17647058823529413,0.11764705882352941,0.11764705882352941,0.0,0.23529411764705882,0.0
ALL_128_SPA_HT2_S059,0.5,0.13333333333333333,0.5333333333333333,0.0,0.0,0.0,0.0,0.0,0.14285714285714285,0.0,0.0,0.2,0.0,0.13333333333333333,0.13333333333333333,0.13333333333333333,0.0,0.26666666666666666,0.13333333333333333,0.2,0.13333333333333333,0.0,0.13333333333333333,0.0,0.13333333333333333,0.06666666666666667,0.2,0.0
ALL_128_SPA_HT2_S060,0.5333333333333333,0.2,0.6,0.3333333333333333,0.0,0.0,0.0,0.13333333333333333,0.26666666666666666,0.06666666666666667,0.0,0.0,0.0,0.0,0.0,0.0,0.26666666666666666,0.5333333333333333,0.2,0.26666666666666666,0.0,0.0,0.26666666666666666,0.0,0.4,0.06666666666666667,0.13333333333333333,0.26666666666666666
ALL_129_SPA_HT2_S046,0.5333333333333333,0.1875,0.1875,0.0625,0.0625,0.0,0.0625,0.0625,0.06666666666666667,0.125,0.0625,0.0625,0.0625,0.0625,0.0625,0.0625,0.0625,0.5,0.0625,0.0625,0.1875,0.0625,0.0625,0.0625,0.1875,0.125,0.0625,0.0625
ALL_129_SPA_HT2_S047,0.5,0.42857142857142855,0.6428571428571429,0.2857142857142857,0.0,0.0,0.0,0.14285714285714285,0.6428571428571429,0.2857142857142857,0.21428571428571427,0.35714285714285715,0.2857142857142857,0.5,0.35714285714285715,0.6428571428571429,0.14285714285714285,0.5714285714285714,0.6428571428571429,0.35714285714285715,0.5,0.2857142857142857,0.21428571428571427,0.14285714285714285,0.21428571428571427,0.2857142857142857,0.42857142857142855,0.5
ALL_129_SPA_HT2_S048,0.6111111111111112,0.2631578947368421,0.6842105263157895,0.0,0.0,0.0,0.05263157894736842,0.0,0.1111111111111111,0.0,0.0,0.0,0.0,0.0,0.0,0.0,0.0,0.3684210526315789,0.3157894736842105,0.3684210526315789,0.15789473684210525,0.0,0.2631578947368421,0.10526315789473684,0.10526315789473684,0.0,0.10526315789473684,0.10526315789473684
ALL_129_SPA_HT2_S049,0.875,0.0625,0.5625,0.0,0.0,0.0,0.0,0.0,0.0625,0.0,0.0625,0.0,0.0,0.0,0.0,0.0,0.0,0.6875,0.1875,0.5,0.1875,0.0,0.0,0.0,0.5625,0.0,0.0625,0.0
ALL_129_SPA_HT2_S050,0.5625,0.23529411764705882,0.6470588235294118,0.11764705882352941,0.0,0.11764705882352941,0.0,0.11764705882352941,0.125,0.11764705882352941,0.11764705882352941,0.11764705882352941,0.0,0.11764705882352941,0.0,0.0,0.0,0.11764705882352941,0.11764705882352941,0.11764705882352941,0.11764705882352941,0.17647058823529413,0.058823529411764705,0.11764705882352941,0.11764705882352941,0.0,0.17647058823529413,0.058823529411764705
ALL_129_SPA_HT2_S051,0.625,0.0625,0.5625,0.0,0.0,0.0,0.0,0.0,0.0625,0.0,0.0,0.0,0.0,0.0,0.0,0.0,0.0,0.1875,0.0,0.0,0.1875,0.0,0.125,0.0,0.0625,0.0,0.125,0.0
ALL_129_SPA_HT2_S052,0.5625,0.3125,0.3125,0.25,0.125,0.125,0.125,0.25,0.25,0.125,0.125,0.25,0.125,0.125,0.125,0.125,0.125,0.75,0.1875,0.4375,0.25,0.125,0.125,0.1875,0.25,0.125,0.3125,0.3125
ALL_129_SPA_HT2_S053,0.75,0.3076923076923077,0.7692307692307693,0.0,0.0,0.0,0.0,0.0,0.08333333333333333,0.23076923076923078,0.0,0.0,0.0,0.0,0.0,0.0,0.0,0.3076923076923077,0.0,0.0,0.0,0.0,0.0,0.0,0.07692307692307693,0.0,0.3076923076923077,0.0
ALL_129_SPA_HT2_S054,0.7142857142857143,0.26666666666666666,0.5333333333333333,0.0,0.0,0.0,0.0,0.0,0.07142857142857142,0.0,0.0,0.0,0.0,0.0,0.0,0.13333333333333333,0.0,0.4,0.0,0.0,0.06666666666666667,0.0,0.0,0.2,0.0,0.0,0.0,0.0
ALL_129_SPA_HT2_S055,0.875,0.23529411764705882,0.7647058823529411,0.0,0.0,0.0,0.0,0.11764705882352941,0.1875,0.0,0.0,0.0,0.0,0.0,0.0,0.0,0.11764705882352941,0.8823529411764706,0.0,0.11764705882352941,0.11764705882352941,0.0,0.0,0.0,0.0,0.0,0.058823529411764705,0.0
ALL_129_SPA_HT2_S056,0.7222222222222222,0.0,0.2777777777777778,0.0,0.0,0.0,0.0,0.0,0.1111111111111111,0.0,0.0,0.0,0.0,0.05555555555555555,0.0,0.0,0.0,0.3333333333333333,0.0,0.0,0.1111111111111111,0.0,0.05555555555555555,0.0,0.0,0.0,0.1111111111111111,0.0
ALL_129_SPA_HT2_S057,0.35294117647058826,0.058823529411764705,0.47058823529411764,0.058823529411764705,0.058823529411764705,0.058823529411764705,0.058823529411764705,0.058823529411764705,0.058823529411764705,0.058823529411764705,0.058823529411764705,0.058823529411764705,0.058823529411764705,0.058823529411764705,0.0,0.0,0.058823529411764705,0.8823529411764706,0.058823529411764705,0.058823529411764705,0.29411764705882354,0.0,0.11764705882352941,0.11764705882352941,0.11764705882352941,0.058823529411764705,0.17647058823529413,0.11764705882352941
ALL_129_SPA_HT2_S058,0.5882352941176471,0.17647058823529413,0.47058823529411764,0.058823529411764705,0.058823529411764705,0.058823529411764705,0.058823529411764705,0.058823529411764705,0.11764705882352941,0.058823529411764705,0.058823529411764705,0.058823529411764705,0.058823529411764705,0.058823529411764705,0.0,0.058823529411764705,0.058823529411764705,0.6470588235294118,0.058823529411764705,0.058823529411764705,0.058823529411764705,0.058823529411764705,0.23529411764705882,0.0,0.058823529411764705,0.0,0.35294117647058826,0.058823529411764705
ALL_129_SPA_HT2_S059,0.7857142857142857,0.0,0.5333333333333333,0.0,0.0,0.0,0.0,0.0,0.0,0.06666666666666667,0.0,0.0,0.0,0.13333333333333333,0.0,0.0,0.0,0.13333333333333333,0.0,0.0,0.0,0.0,0.0,0.0,0.13333333333333333,0.0,0.2,0.0
ALL_129_SPA_HT2_S060,0.6,0.06666666666666667,0.6666666666666666,0.13333333333333333,0.0,0.2,0.13333333333333333,0.13333333333333333,0.0,0.06666666666666667,0.2,0.13333333333333333,0.0,0.13333333333333333,0.13333333333333333,0.13333333333333333,0.13333333333333333,0.6,0.13333333333333333,0.13333333333333333,0.2,0.0,0.13333333333333333,0.06666666666666667,0.13333333333333333,0.06666666666666667,0.0,0.13333333333333333
ALL_134_SPA_HT2_S046,0.5333333333333333,0.1875,0.3125,0.125,0.0625,0.1875,0.0625,0.125,0.2,0.1875,0.0625,0.0625,0.0625,0.0625,0.3125,0.0625,0.0625,0.0625,0.0625,0.0625,0.0625,0.25,0.0625,0.125,0.1875,0.125,0.25,0.0625
ALL_134_SPA_HT2_S047,0.7142857142857143,0.35714285714285715,0.5,0.35714285714285715,0.14285714285714285,0.21428571428571427,0.21428571428571427,0.2857142857142857,0.5714285714285714,0.14285714285714285,0.21428571428571427,0.35714285714285715,0.35714285714285715,0.2857142857142857,0.35714285714285715,0.5,0.2857142857142857,0.5,0.14285714285714285,0.42857142857142855,0.21428571428571427,0.2857142857142857,0.14285714285714285,0.14285714285714285,0.14285714285714285,0.2857142857142857,0.14285714285714285,0.2857142857142857
ALL_134_SPA_HT2_S048,0.7777777777777778,0.42105263157894735,0.6842105263157895,0.05263157894736842,0.0,0.0,0.05263157894736842,0.0,0.2222222222222222,0.0,0.05263157894736842,0.3157894736842105,0.0,0.0,0.0,0.0,0.0,0.3684210526315789,0.15789473684210525,0.05263157894736842,0.15789473684210525,0.0,0.10526315789473684,0.05263157894736842,0.42105263157894735,0.05263157894736842,0.10526315789473684,0.10526315789473684
ALL_134_SPA_HT2_S049,0.75,0.25,0.6875,0.0,0.0,0.0,0.0,0.0,0.3125,0.0,0.1875,0.0,0.0,0.0,0.0,0.0,0.0,0.375,0.0,0.1875,0.0,0.0,0.1875,0.0,0.0625,0.0625,0.375,0.0625
ALL_134_SPA_HT2_S050,0.75,0.17647058823529413,0.47058823529411764,0.0,0.0,0.17647058823529413,0.0,0.0,0.25,0.11764705882352941,0.11764705882352941,0.0,0.0,0.11764705882352941,0.0,0.17647058823529413,0.0,0.29411764705882354,0.0,0.0,0.11764705882352941,0.058823529411764705,0.23529411764705882,0.058823529411764705,0.11764705882352941,0.11764705882352941,0.17647058823529413,0.11764705882352941
ALL_134_SPA_HT2_S051,0.9375,0.3125,0.6875,0.1875,0.3125,0.125,0.125,0.125,0.1875,0.125,0.125,0.1875,0.125,0.1875,0.25,0.125,0.125,0.4375,0.25,0.25,0.4375,0.125,0.1875,0.25,0.3125,0.125,0.3125,0.1875
ALL_134_SPA_HT2_S052,0.8125,0.5625,0.5625,0.375,0.1875,0.0,0.0,0.3125,0.4375,0.25,0.0,0.4375,0.3125,0.125,0.25,0.3125,0.0,0.5625,0.375,0.3125,0.4375,0.375,0.375,0.125,0.375,0.25,0.375,0.3125
ALL_134_SPA_HT2_S053,0.8333333333333334,0.23076923076923078,0.5384615384615384,0.0,0.0,0.0,0.0,0.0,0.8333333333333334,0.0,0.0,0.0,0.0,0.0,0.0,0.0,0.0,0.0,0.0,0.0,0.0,0.0,0.0,0.0,0.0,0.0,0.15384615384615385,0.15384615384615385
ALL_134_SPA_HT2_S054,0.7857142857142857,0.26666666666666666,0.5333333333333333,0.0,0.0,0.0,0.0,0.0,0.0,0.06666666666666667,0.0,0.0,0.0,0.06666666666666667,0.0,0.0,0.0,0.5333333333333333,0.0,0.0,0.26666666666666666,0.0,0.06666666666666667,0.06666666666666667,0.2,0.0,0.2,0.06666666666666667
ALL_134_SPA_HT2_S055,1.0,0.5294117647058824,0.7058823529411765,0.058823529411764705,0.0,0.0,0.058823529411764705,0.058823529411764705,0.4375,0.0,0.058823529411764705,0.47058823529411764,0.058823529411764705,0.058823529411764705,0.0,0.0,0.058823529411764705,0.7058823529411765,0.058823529411764705,0.058823529411764705,0.29411764705882354,0.11764705882352941,0.11764705882352941,0.058823529411764705,0.29411764705882354,0.058823529411764705,0.23529411764705882,0.058823529411764705
ALL_134_SPA_HT2_S056,0.9444444444444444,0.3333333333333333,0.5555555555555556,0.0,0.0,0.0,0.2222222222222222,0.0,0.2777777777777778,0.0,0.0,0.2777777777777778,0.0,0.0,0.16666666666666666,0.0,0.0,0.16666666666666666,0.16666666666666666,0.16666666666666666,0.0,0.05555555555555555,0.1111111111111111,0.05555555555555555,0.0,0.0,0.1111111111111111,0.1111111111111111
ALL_134_SPA_HT2_S057,0.6470588235294118,0.4117647058823529,0.5294117647058824,0.0,0.0,0.0,0.0,0.0,0.17647058823529413,0.0,0.0,0.058823529411764705,0.0,0.058823529411764705,0.11764705882352941,0.0,0.0,0.8823529411764706,0.0,0.5882352941176471,0.17647058823529413,0.0,0.47058823529411764,0.0,0.0,0.0,0.29411764705882354,0.0
ALL_134_SPA_HT2_S058,0.7058823529411765,0.17647058823529413,0.47058823529411764,0.058823529411764705,0.058823529411764705,0.058823529411764705,0.058823529411764705,0.058823529411764705,0.23529411764705882,0.17647058823529413,0.058823529411764705,0.058823529411764705,0.23529411764705882,0.058823529411764705,0.0,0.058823529411764705,0.058823529411764705,0.23529411764705882,0.058823529411764705,0.058823529411764705,0.058823529411764705,0.11764705882352941,0.23529411764705882,0.23529411764705882,0.29411764705882354,0.17647058823529413,0.23529411764705882,0.058823529411764705
ALL_134_SPA_HT2_S059,0.7857142857142857,0.0,0.7333333333333333,0.0,0.0,0.0,0.0,0.0,0.07142857142857142,0.0,0.0,0.0,0.0,0.0,0.0,0.0,0.0,0.0,0.0,0.0,0.0,0.0,0.0,0.0,0.0,0.0,0.13333333333333333,0.0
ALL_134_SPA_HT2_S060,0.9333333333333333,0.26666666666666666,0.4,0.26666666666666666,0.0,0.13333333333333333,0.0,0.0,0.6,0.2,0.0,0.6666666666666666,0.0,0.13333333333333333,0.0,0.0,0.26666666666666666,0.5333333333333333,0.7333333333333333,0.26666666666666666,0.26666666666666666,0.2,0.4,0.0,0.26666666666666666,0.26666666666666666,0.26666666666666666,0.0
ALL_135_SPA_HT2_S046,0.7333333333333333,0.125,0.3125,0.0625,0.0625,0.0625,0.0625,0.0625,0.13333333333333333,0.0625,0.0625,0.0625,0.125,0.0625,0.0,0.0625,0.0625,0.1875,0.0625,0.0625,0.1875,0.1875,0.0625,0.125,0.3125,0.1875,0.125,0.125
ALL_135_SPA_HT2_S047,0.42857142857142855,0.35714285714285715,0.7857142857142857,0.2857142857142857,0.2857142857142857,0.21428571428571427,0.14285714285714285,0.2857142857142857,0.21428571428571427,0.0,0.21428571428571427,0.0,0.0,0.21428571428571427,0.07142857142857142,0.35714285714285715,0.2857142857142857,0.2857142857142857,0.2857142857142857,0.21428571428571427,0.21428571428571427,0.0,0.14285714285714285,0.14285714285714285,0.21428571428571427,0.07142857142857142,0.21428571428571427,0.14285714285714285
ALL_135_SPA_HT2_S048,0.7777777777777778,0.42105263157894735,0.7368421052631579,0.0,0.0,0.0,0.0,0.0,0.16666666666666666,0.0,0.10526315789473684,0.15789473684210525,0.0,0.15789473684210525,0.0,0.3157894736842105,0.0,0.2631578947368421,0.0,0.0,0.21052631578947367,0.10526315789473684,0.2631578947368421,0.21052631578947367,0.0,0.10526315789473684,0.2631578947368421,0.10526315789473684
ALL_135_SPA_HT2_S049,0.5625,0.3125,0.1875,0.125,0.0,0.125,0.0,0.0,0.0,0.0,0.0625,0.0,0.0,0.25,0.0,0.0,0.0,0.6875,0.0,0.125,0.0,0.0,0.0625,0.0,0.1875,0.0,0.125,0.0
ALL_135_SPA_HT2_S050,0.5,0.11764705882352941,0.35294117647058826,0.058823529411764705,0.058823529411764705,0.058823529411764705,0.058823529411764705,0.058823529411764705,0.125,0.058823529411764705,0.058823529411764705,0.058823529411764705,0.058823529411764705,0.11764705882352941,0.0,0.17647058823529413,0.058823529411764705,0.29411764705882354,0.058823529411764705,0.058823529411764705,0.058823529411764705,0.058823529411764705,0.058823529411764705,0.058823529411764705,0.17647058823529413,0.058823529411764705,0.11764705882352941,0.17647058823529413
ALL_135_SPA_HT2_S051,0.6875,0.125,0.5,0.125,0.125,0.125,0.125,0.125,0.125,0.0625,0.125,0.125,0.125,0.125,0.0,0.125,0.125,0.3125,0.5,0.125,0.3125,0.125,0.125,0.125,0.25,0.125,0.3125,0.25
ALL_135_SPA_HT2_S052,0.9375,0.3125,0.5625,0.1875,0.1875,0.3125,0.1875,0.25,0.25,0.25,0.375,0.625,0.3125,0.375,0.1875,0.375,0.4375,0.375,0.625,0.5625,0.5,0.4375,0.1875,0.1875,0.25,0.125,0.375,0.3125
ALL_135_SPA_HT2_S053,0.8333333333333334,0.23076923076923078,0.38461538461538464,0.0,0.0,0.46153846153846156,0.38461538461538464,0.38461538461538464,0.5,0.0,0.38461538461538464,0.46153846153846156,0.0,0.46153846153846156,0.38461538461538464,0.3076923076923077,0.38461538461538464,1.0,0.5384615384615384,0.5384615384615384,0.07692307692307693,0.23076923076923078,0.46153846153846156,0.3076923076923077,0.5384615384615384,0.23076923076923078,0.23076923076923078,0.6153846153846154
ALL_135_SPA_HT2_S054,0.8571428571428571,0.06666666666666667,0.5333333333333333,0.0,0.0,0.13333333333333333,0.0,0.13333333333333333,0.2857142857142857,0.26666666666666666,0.06666666666666667,0.13333333333333333,0.13333333333333333,0.0,0.0,0.4,0.13333333333333333,0.4666666666666667,0.8,0.0,0.5333333333333333,0.06666666666666667,0.06666666666666667,0.06666666666666667,0.3333333333333333,0.2,0.3333333333333333,0.13333333333333333
ALL_135_SPA_HT2_S055,0.625,0.35294117647058826,0.4117647058823529,0.11764705882352941,0.0,0.0,0.0,0.11764705882352941,0.25,0.23529411764705882,0.11764705882352941,0.11764705882352941,0.0,0.11764705882352941,0.11764705882352941,0.0,0.11764705882352941,0.47058823529411764,0.23529411764705882,0.23529411764705882,0.17647058823529413,0.23529411764705882,0.11764705882352941,0.0,0.23529411764705882,0.17647058823529413,0.23529411764705882,0.0
ALL_135_SPA_HT2_S056,0.8888888888888888,0.5,0.5,0.4444444444444444,0.05555555555555555,0.4444444444444444,0.16666666666666666,0.4444444444444444,0.2777777777777778,0.3333333333333333,0.2222222222222222,0.2222222222222222,0.16666666666666666,0.3888888888888889,0.4444444444444444,0.16666666666666666,0.4444444444444444,0.9444444444444444,0.16666666666666666,0.2777777777777778,0.2777777777777778,0.3333333333333333,0.3888888888888889,0.2777777777777778,0.2222222222222222,0.2777777777777778,0.16666666666666666,0.16666666666666666
ALL_135_SPA_HT2_S057,0.8235294117647058,0.35294117647058826,0.7058823529411765,0.5294117647058824,0.4117647058823529,0.0,0.11764705882352941,0.058823529411764705,0.17647058823529413,0.29411764705882354,0.4117647058823529,0.23529411764705882,0.23529411764705882,0.17647058823529413,0.35294117647058826,0.0,0.5294117647058824,0.5882352941176471,0.4117647058823529,0.5294117647058824,0.23529411764705882,0.23529411764705882,0.4117647058823529,0.23529411764705882,0.4117647058823529,0.47058823529411764,0.29411764705882354,0.35294117647058826
ALL_135_SPA_HT2_S058,0.7058823529411765,0.47058823529411764,0.5882352941176471,0.11764705882352941,0.11764705882352941,0.058823529411764705,0.11764705882352941,0.11764705882352941,0.5294117647058824,0.5882352941176471,0.11764705882352941,0.47058823529411764,0.058823529411764705,0.23529411764705882,0.058823529411764705,0.35294117647058826,0.11764705882352941,0.7647058823529411,0.11764705882352941,0.11764705882352941,0.058823529411764705,0.11764705882352941,0.7647058823529411,0.17647058823529413,0.6470588235294118,0.29411764705882354,0.4117647058823529,0.17647058823529413
ALL_135_SPA_HT2_S059,0.7857142857142857,0.0,0.6666666666666666,1.0,0.0,0.0,0.0,0.0,0.07142857142857142,0.0,0.0,0.0,0.0,0.13333333333333333,0.0,0.2,0.0,0.0,0.0,0.0,0.06666666666666667,0.0,0.26666666666666666,0.0,0.2,0.0,0.0,0.13333333333333333
ALL_135_SPA_HT2_S060,0.8666666666666667,0.26666666666666666,0.6666666666666666,0.13333333333333333,0.26666666666666666,0.0,0.3333333333333333,0.2,0.26666666666666666,0.26666666666666666,0.3333333333333333,0.26666666666666666,0.26666666666666666,0.13333333333333333,0.26666666666666666,0.0,0.13333333333333333,0.6666666666666666,0.26666666666666666,0.4,0.4,0.2,0.3333333333333333,0.26666666666666666,0.2,0.3333333333333333,0.3333333333333333,0.3333333333333333
ALL_136_SPA_HT2_S046,0.26666666666666666,0.1875,0.3125,0.0625,0.0625,0.0625,0.0625,0.0625,0.2,0.1875,0.0625,0.0625,0.0625,0.0625,0.0625,0.0625,0.0625,0.25,0.0625,0.0625,0.0625,0.125,0.0625,0.125,0.25,0.0625,0.25,0.125
ALL_136_SPA_HT2_S047,0.42857142857142855,0.2857142857142857,0.6428571428571429,0.07142857142857142,0.0,0.0,0.0,0.0,0.21428571428571427,0.0,0.0,0.0,0.0,0.0,0.0,0.21428571428571427,0.0,0.14285714285714285,0.07142857142857142,0.07142857142857142,0.0,0.0,0.0,0.21428571428571427,0.07142857142857142,0.0,0.14285714285714285,0.14285714285714285
ALL_136_SPA_HT2_S048,0.7777777777777778,0.3684210526315789,0.631578947368421,0.0,0.0,0.0,0.0,0.0,0.05555555555555555,0.0,0.15789473684210525,0.0,0.0,0.21052631578947367,0.0,0.0,0.0,0.15789473684210525,0.3157894736842105,0.0,0.0,0.0,0.0,0.15789473684210525,0.0,0.10526315789473684,0.0,0.0
ALL_136_SPA_HT2_S049,0.4375,0.0625,0.375,0.0,0.0,0.0,0.0,0.0,0.125,0.125,0.125,0.0,0.0,0.125,0.0,0.0,0.0,0.0,0.0,0.0,0.0,0.0,0.0,0.0,0.0,0.0,0.3125,0.0625
ALL_136_SPA_HT2_S050,0.625,0.17647058823529413,0.47058823529411764,0.0,0.0,0.058823529411764705,0.0,0.0,0.125,0.058823529411764705,0.23529411764705882,0.0,0.0,0.0,0.0,0.0,0.058823529411764705,0.11764705882352941,0.0,0.0,0.0,0.11764705882352941,0.11764705882352941,0.058823529411764705,0.11764705882352941,0.0,0.11764705882352941,0.0
ALL_136_SPA_HT2_S051,0.625,0.125,0.5,0.0,0.0,0.0,0.0,0.0,0.125,0.0,0.0,0.0,0.0,0.125,0.0,0.0,0.0,0.375,0.0625,0.0,0.0,0.0,0.25,0.0,0.1875,0.0,0.375,0.3125
ALL_136_SPA_HT2_S052,0.5,0.125,0.5,0.0,0.0,0.0,0.0,0.125,0.0625,0.0,0.0,0.0,0.0,0.0,0.0,0.0,0.0,0.4375,0.25,0.3125,0.0,0.0,0.0,0.0,0.0625,0.0,0.125,0.0
ALL_136_SPA_HT2_S053,0.75,0.07692307692307693,0.15384615384615385,0.0,0.0,0.0,0.0,0.0,0.08333333333333333,0.0,0.0,0.0,0.0,0.0,0.0,0.0,0.0,0.0,0.0,0.0,0.0,0.0,0.0,0.0,0.0,0.0,0.0,0.07692307692307693
ALL_136_SPA_HT2_S054,0.9285714285714286,0.3333333333333333,0.4666666666666667,0.0,0.0,0.0,0.0,0.0,0.07142857142857142,0.0,0.0,0.0,0.0,0.0,0.0,0.0,0.0,0.13333333333333333,0.5333333333333333,0.0,0.06666666666666667,0.0,0.06666666666666667,0.0,0.13333333333333333,0.0,0.26666666666666666,0.0
ALL_136_SPA_HT2_S055,0.375,0.11764705882352941,0.6470588235294118,0.0,0.0,0.0,0.0,0.0,0.1875,0.0,0.0,0.0,0.0,0.0,0.0,0.0,0.0,0.23529411764705882,0.0,0.058823529411764705,0.058823529411764705,0.0,0.11764705882352941,0.0,0.0,0.0,0.0,0.0
ALL_136_SPA_HT2_S056,0.7777777777777778,0.16666666666666666,0.6111111111111112,0.0,0.0,0.05555555555555555,0.05555555555555555,0.0,0.1111111111111111,0.0,0.0,0.0,0.05555555555555555,0.0,0.0,0.0,0.0,0.0,0.05555555555555555,0.05555555555555555,0.05555555555555555,0.2222222222222222,0.1111111111111111,0.0,0.16666666666666666,0.0,0.2777777777777778,0.05555555555555555
ALL_136_SPA_HT2_S057,0.47058823529411764,0.23529411764705882,0.47058823529411764,0.0,0.0,0.0,0.0,0.0,0.058823529411764705,0.0,0.058823529411764705,0.0,0.0,0.058823529411764705,0.0,0.0,0.0,0.17647058823529413,0.058823529411764705,0.058823529411764705,0.11764705882352941,0.11764705882352941,0.058823529411764705,0.0,0.17647058823529413,0.11764705882352941,0.11764705882352941,0.0
ALL_136_SPA_HT2_S058,0.6470588235294118,0.17647058823529413,0.5294117647058824,0.0,0.0,0.0,0.0,0.0,0.17647058823529413,0.0,0.0,0.0,0.0,0.0,0.0,0.0,0.0,0.47058823529411764,0.0,0.0,0.0,0.29411764705882354,0.17647058823529413,0.0,0.11764705882352941,0.0,0.23529411764705882,0.0
ALL_136_SPA_HT2_S059,0.35714285714285715,0.06666666666666667,0.2,0.0,0.0,0.0,0.0,0.0,0.07142857142857142,0.0,0.0,0.7333333333333333,0.0,0.0,0.0,0.0,0.0,0.0,0.0,0.0,0.0,0.0,0.0,0.0,0.13333333333333333,0.0,0.0,0.0
ALL_136_SPA_HT2_S060,0.5333333333333333,0.3333333333333333,0.5333333333333333,0.0,0.0,0.0,0.0,0.0,0.06666666666666667,0.06666666666666667,0.0,0.0,0.0,0.2,0.26666666666666666,0.0,0.13333333333333333,0.26666666666666666,0.13333333333333333,0.13333333333333333,0.06666666666666667,0.0,0.06666666666666667,0.2,0.13333333333333333,0.0,0.2,0.06666666666666667
ALL_137_SPA_HT2_S046,0.5333333333333333,0.25,0.375,0.0625,0.0625,0.0,0.0625,0.0625,0.13333333333333333,0.0625,0.0625,0.0625,0.0625,0.0625,0.0,0.0625,0.0625,0.125,0.0625,0.0625,0.0625,0.0625,0.125,0.0,0.0625,0.0625,0.125,0.0625
ALL_137_SPA_HT2_S047,0.35714285714285715,0.2857142857142857,0.42857142857142855,0.21428571428571427,0.0,0.0,0.0,0.0,0.14285714285714285,0.0,0.0,0.0,0.0,0.0,0.0,0.0,0.0,0.0,0.21428571428571427,0.21428571428571427,0.21428571428571427,0.0,0.0,0.0,0.0,0.0,0.0,0.0
ALL_137_SPA_HT2_S048,0.9444444444444444,0.5789473684210527,0.7368421052631579,0.10526315789473684,0.0,0.0,0.10526315789473684,0.10526315789473684,0.16666666666666666,0.05263157894736842,0.0,0.10526315789473684,0.10526315789473684,0.0,0.10526315789473684,0.0,0.10526315789473684,0.10526315789473684,0.2631578947368421,0.2631578947368421,0.2631578947368421,0.0,0.21052631578947367,0.10526315789473684,0.10526315789473684,0.0,0.21052631578947367,0.0
ALL_137_SPA_HT2_S049,0.625,0.0625,0.25,0.0,0.125,0.125,0.0,0.0,0.0625,0.0,0.0,0.5625,0.0,0.0,0.0,0.125,0.0,0.625,0.0,0.0,0.0,0.0,0.0,0.0,0.0,0.0,0.0625,0.0
ALL_137_SPA_HT2_S050,0.4375,0.0,0.23529411764705882,0.0,0.0,0.0,0.0,0.0,0.0625,0.0,0.0,0.17647058823529413,0.0,0.0,0.0,0.0,0.0,0.0,0.0,0.0,0.0,0.0,0.0,0.0,0.0,0.0,0.0,0.0
ALL_137_SPA_HT2_S051,0.75,0.4375,0.4375,0.0,0.0,0.0,0.0,0.125,0.1875,0.0,0.0,0.125,0.125,0.125,0.0,0.0,0.125,0.3125,0.0,0.0,0.125,0.125,0.125,0.0625,0.125,0.125,0.125,0.125
ALL_137_SPA_HT2_S052,0.8125,0.25,0.75,0.1875,0.0,0.0,0.0625,0.0625,0.1875,0.125,0.3125,0.0,0.125,0.0625,0.0,0.0,0.0,0.8125,0.3125,0.0625,0.4375,0.0,0.1875,0.0,0.4375,0.0,0.25,0.125
ALL_137_SPA_HT2_S053,0.6666666666666666,0.46153846153846156,0.6923076923076923,0.0,0.0,0.0,0.0,0.0,0.08333333333333333,0.23076923076923078,0.0,0.0,0.0,0.0,0.0,0.9230769230769231,0.0,0.0,0.0,0.0,0.07692307692307693,0.0,0.0,0.0,0.15384615384615385,0.0,0.0,0.3076923076923077
ALL_137_SPA_HT2_S054,0.8571428571428571,0.26666666666666666,0.4666666666666667,0.0,0.0,0.0,0.0,0.0,0.0,0.0,0.0,0.0,0.0,0.0,0.0,0.0,0.0,0.4666666666666667,0.0,0.0,0.13333333333333333,0.0,0.0,0.06666666666666667,0.0,0.0,0.0,0.0
ALL_137_SPA_HT2_S055,0.75,0.35294117647058826,0.7058823529411765,0.0,0.0,0.0,0.0,0.0,0.25,0.0,0.29411764705882354,0.0,0.0,0.0,0.0,0.0,0.0,0.35294117647058826,0.0,0.0,0.058823529411764705,0.0,0.23529411764705882,0.0,0.0,0.0,0.0,0.0
ALL_137_SPA_HT2_S056,0.7777777777777778,0.1111111111111111,0.5555555555555556,0.05555555555555555,0.0,0.0,0.0,0.0,0.16666666666666666,0.0,0.0,0.05555555555555555,0.0,0.05555555555555555,0.0,0.0,0.0,0.2222222222222222,0.05555555555555555,0.05555555555555555,0.05555555555555555,0.0,0.0,0.0,0.0,0.0,0.0,0.05555555555555555
ALL_137_SPA_HT2_S057,0.4117647058823529,0.11764705882352941,0.5882352941176471,0.0,0.0,0.0,0.11764705882352941,0.11764705882352941,0.058823529411764705,0.0,0.0,0.0,0.0,0.0,0.0,0.0,0.11764705882352941,0.6470588235294118,0.11764705882352941,0.11764705882352941,0.11764705882352941,0.0,0.0,0.0,0.0,0.0,0.11764705882352941,0.11764705882352941
ALL_137_SPA_HT2_S058,0.47058823529411764,0.0,0.47058823529411764,0.0,0.0,0.0,0.0,0.0,0.11764705882352941,0.0,0.0,0.0,0.0,0.0,0.0,0.0,0.0,0.0,0.0,0.0,0.0,0.0,0.0,0.0,0.0,0.0,0.0,0.0
ALL_137_SPA_HT2_S059,0.6428571428571429,0.0,0.5333333333333333,0.0,0.0,0.0,0.0,0.0,0.07142857142857142,0.0,0.0,0.0,0.0,0.13333333333333333,0.13333333333333333,0.0,0.0,0.2,0.0,0.0,0.0,0.0,0.0,0.0,0.06666666666666667,0.0,0.0,0.0
ALL_137_SPA_HT2_S060,0.9333333333333333,0.06666666666666667,0.6,0.0,0.0,0.0,0.0,0.0,0.0,0.13333333333333333,0.0,0.0,0.0,0.0,0.0,0.0,0.0,0.8,0.26666666666666666,0.0,0.2,0.0,0.0,0.0,0.0,0.0,0.06666666666666667,0.0
ALL_138_SPA_HT2_S046,0.6666666666666666,0.5,0.5,0.0625,0.0625,0.0625,0.0625,0.0625,0.13333333333333333,0.0625,0.0625,0.1875,0.0625,0.0625,0.0,0.0625,0.0625,0.0625,0.0625,0.0625,0.0625,0.125,0.0625,0.125,0.125,0.0625,0.125,0.0625
ALL_138_SPA_HT2_S047,0.5,0.5,0.7857142857142857,0.2857142857142857,0.0,0.0,0.0,0.07142857142857142,0.21428571428571427,0.0,0.0,0.6428571428571429,0.0,0.21428571428571427,0.5714285714285714,0.35714285714285715,0.0,0.14285714285714285,0.35714285714285715,0.2857142857142857,0.0,0.0,0.0,0.07142857142857142,0.14285714285714285,0.0,0.14285714285714285,0.14285714285714285
ALL_138_SPA_HT2_S048,0.9444444444444444,0.5263157894736842,0.7894736842105263,0.10526315789473684,0.15789473684210525,0.0,0.2631578947368421,0.10526315789473684,0.2777777777777778,0.05263157894736842,0.15789473684210525,0.15789473684210525,0.15789473684210525,0.10526315789473684,0.10526315789473684,0.631578947368421,0.10526315789473684,0.0,0.42105263157894735,0.5789473684210527,0.3157894736842105,0.05263157894736842,0.5263157894736842,0.2631578947368421,0.3157894736842105,0.05263157894736842,0.21052631578947367,0.21052631578947367
ALL_138_SPA_HT2_S049,0.6875,0.3125,0.4375,0.0,0.0,0.0625,0.0,0.0,0.0,0.0,0.0,0.0,0.0,0.125,0.0,0.0,0.0,0.0,0.0,0.0,0.0,0.0,0.0625,0.0,0.0625,0.0,0.0625,0.0
ALL_138_SPA_HT2_S050,0.375,0.058823529411764705,0.47058823529411764,0.0,0.0,0.0,0.0,0.0,0.0625,0.0,0.0,0.17647058823529413,0.0,0.0,0.0,0.17647058823529413,0.0,0.0,0.0,0.0,0.0,0.0,0.0,0.0,0.058823529411764705,0.0,0.0,0.0
ALL_138_SPA_HT2_S051,0.5,0.0625,0.375,0.0,0.0,0.0,0.0,0.0,0.0625,0.0,0.0,0.0,0.0,0.0,0.0,0.0,0.0,0.0,0.0,0.0,0.0,0.0,0.0,0.0,0.0,0.0,0.125,0.0
ALL_138_SPA_HT2_S052,0.8125,0.125,0.625,0.0,0.0,0.0,0.0,0.0,0.0625,0.0,0.0,0.0,0.0,0.1875,0.0,0.125,0.0,0.5,0.0,0.0,0.0,0.0,0.0,0.0,0.125,0.0,0.125,0.125
ALL_138_SPA_HT2_S053,0.5833333333333334,0.6153846153846154,0.3076923076923077,0.0,0.0,0.0,0.0,0.0,0.5833333333333334,0.38461538461538464,0.0,0.46153846153846156,0.0,0.0,0.0,0.0,0.0,0.0,0.38461538461538464,0.5384615384615384,0.0,0.0,0.3076923076923077,0.0,0.38461538461538464,0.38461538461538464,0.46153846153846156,0.07692307692307693
ALL_138_SPA_HT2_S054,1.0,0.13333333333333333,0.4,0.0,0.0,0.0,0.0,0.0,0.07142857142857142,0.0,0.0,0.0,0.0,0.0,0.0,0.0,0.0,0.0,0.0,0.0,0.2,0.0,0.0,0.0,0.06666666666666667,0.0,0.0,0.0
ALL_138_SPA_HT2_S055,0.8125,0.17647058823529413,0.5882352941176471,0.0,0.0,0.0,0.11764705882352941,0.0,0.1875,0.0,0.11764705882352941,0.23529411764705882,0.0,0.11764705882352941,0.0,0.0,0.0,0.5294117647058824,0.0,0.0,0.11764705882352941,0.0,0.17647058823529413,0.058823529411764705,0.11764705882352941,0.11764705882352941,0.11764705882352941,0.11764705882352941
ALL_138_SPA_HT2_S056,0.8333333333333334,0.16666666666666666,0.5555555555555556,0.0,0.0,0.0,0.0,0.0,0.05555555555555555,0.0,0.0,0.0,0.0,0.1111111111111111,0.0,0.0,0.05555555555555555,0.05555555555555555,0.0,0.05555555555555555,0.05555555555555555,0.0,0.05555555555555555,0.0,0.05555555555555555,0.0,0.05555555555555555,0.05555555555555555
ALL_138_SPA_HT2_S057,0.5882352941176471,0.11764705882352941,0.7058823529411765,0.0,0.0,0.0,0.11764705882352941,0.0,0.11764705882352941,0.0,0.0,0.11764705882352941,0.0,0.0,0.0,0.0,0.11764705882352941,0.35294117647058826,0.11764705882352941,0.11764705882352941,0.11764705882352941,0.0,0.058823529411764705,0.0,0.0,0.0,0.17647058823529413,0.11764705882352941
ALL_138_SPA_HT2_S058,0.5294117647058824,0.0,0.47058823529411764,0.0,0.0,0.0,0.0,0.0,0.11764705882352941,0.0,0.0,0.0,0.0,0.0,0.0,0.11764705882352941,0.0,0.0,0.0,0.0,0.0,0.0,0.0,0.0,0.29411764705882354,0.0,0.0,0.058823529411764705
ALL_138_SPA_HT2_S059,0.6428571428571429,0.0,0.6,0.0,0.0,0.13333333333333333,0.0,0.13333333333333333,0.21428571428571427,0.13333333333333333,0.13333333333333333,0.13333333333333333,0.0,0.13333333333333333,0.13333333333333333,0.13333333333333333,0.13333333333333333,0.13333333333333333,0.0,0.0,0.13333333333333333,0.13333333333333333,0.13333333333333333,0.13333333333333333,0.3333333333333333,0.26666666666666666,0.2,0.26666666666666666
ALL_138_SPA_HT2_S060,0.5333333333333333,0.3333333333333333,0.6666666666666666,0.0,0.0,0.0,0.0,0.0,0.06666666666666667,0.26666666666666666,0.0,0.0,0.0,0.0,0.0,0.0,0.0,0.4666666666666667,0.0,0.0,0.0,0.0,0.2,0.0,0.0,0.0,0.0,0.06666666666666667
ALL_004_TUR_HT2_S046,0.26666666666666666,0.3125,0.625,0.0625,0.0625,0.0625,0.0625,0.0625,0.2,0.0625,0.0625,0.0625,0.0625,0.0625,0.0625,0.0625,0.0625,0.0625,0.0625,0.0625,0.0625,0.125,0.0625,0.125,0.125,0.0625,0.1875,0.125
ALL_004_TUR_HT2_S047,0.7142857142857143,0.7857142857142857,0.7142857142857143,0.14285714285714285,0.0,0.0,0.0,0.14285714285714285,0.21428571428571427,0.0,0.0,0.5714285714285714,0.0,0.07142857142857142,0.21428571428571427,0.0,0.0,0.21428571428571427,0.14285714285714285,0.0,0.0,0.0,0.0,0.07142857142857142,0.0,0.0,0.2857142857142857,0.14285714285714285
ALL_004_TUR_HT2_S048,0.7222222222222222,0.3157894736842105,0.5263157894736842,0.0,0.0,0.0,0.0,0.0,0.1111111111111111,0.10526315789473684,0.05263157894736842,0.15789473684210525,0.10526315789473684,0.10526315789473684,0.0,0.0,0.0,0.0,0.0,0.0,0.21052631578947367,0.0,0.10526315789473684,0.10526315789473684,0.10526315789473684,0.05263157894736842,0.10526315789473684,0.10526315789473684
ALL_004_TUR_HT2_S049,0.5625,0.5,0.375,0.0,0.0,0.0,0.0,0.0,0.125,0.0,0.0,0.0,0.0,0.0,0.0,0.0,0.0,0.0625,0.125,0.0,0.0,0.0,0.0,0.0,0.125,0.0,0.125,0.0
ALL_004_TUR_HT2_S050,0.5,0.23529411764705882,0.35294117647058826,0.0,0.0,0.0,0.0,0.0,0.25,0.0,0.0,0.0,0.0,0.17647058823529413,0.0,0.29411764705882354,0.11764705882352941,0.5882352941176471,0.0,0.11764705882352941,0.058823529411764705,0.11764705882352941,0.29411764705882354,0.058823529411764705,0.23529411764705882,0.058823529411764705,0.11764705882352941,0.0
ALL_004_TUR_HT2_S051,0.75,0.0625,0.5,0.0,0.0,0.0,0.0,0.0,0.125,0.0,0.0,0.0,0.0,0.0,0.0,0.0,0.0,0.25,0.0,0.0,0.0,0.0,0.0,0.0,0.0,0.0,0.0,0.0625
ALL_004_TUR_HT2_S052,0.8125,0.0625,0.625,0.0,0.0,0.0,0.0,0.0,0.0625,0.0,0.0,0.0,0.0,0.0,0.0,0.0,0.0,0.5625,0.0,0.0,0.125,0.0,0.0,0.0,0.0,0.0,0.0,0.0
ALL_004_TUR_HT2_S053,0.75,0.07692307692307693,0.3076923076923077,0.0,0.0,0.0,0.0,0.0,0.25,0.0,0.0,0.0,0.0,0.0,0.0,0.0,0.0,0.0,0.0,0.0,0.0,0.0,0.0,0.0,0.23076923076923078,0.0,0.3076923076923077,0.0
ALL_004_TUR_HT2_S054,0.8571428571428571,0.2,0.3333333333333333,0.0,0.0,0.0,0.0,0.0,0.07142857142857142,0.2,0.0,0.13333333333333333,0.0,0.0,0.0,0.0,0.0,0.13333333333333333,0.13333333333333333,0.13333333333333333,0.4,0.0,0.13333333333333333,0.2,0.2,0.0,0.2,0.0
ALL_004_TUR_HT2_S055,0.6875,0.11764705882352941,0.5882352941176471,0.0,0.0,0.0,0.0,0.0,0.1875,0.0,0.0,0.29411764705882354,0.0,0.0,0.0,0.0,0.0,0.11764705882352941,0.0,0.0,0.0,0.0,0.0,0.0,0.0,0.0,0.0,0.0
ALL_004_TUR_HT2_S056,0.7222222222222222,0.0,0.3888888888888889,0.0,0.0,0.0,0.0,0.0,0.05555555555555555,0.0,0.0,0.0,0.0,0.0,0.0,0.0,0.0,0.0,0.0,0.0,0.0,0.0,0.0,0.0,0.0,0.0,0.0,0.0
ALL_004_TUR_HT2_S057,0.29411764705882354,0.0,0.5294117647058824,0.0,0.0,0.0,0.0,0.0,0.0,0.0,0.0,0.0,0.0,0.0,0.0,0.0,0.0,0.23529411764705882,0.0,0.0,0.35294117647058826,0.0,0.058823529411764705,0.0,0.17647058823529413,0.0,0.0,0.0
ALL_004_TUR_HT2_S058,0.5294117647058824,0.47058823529411764,0.6470588235294118,0.0,0.0,0.0,0.0,0.0,0.4117647058823529,0.058823529411764705,0.0,0.0,0.0,0.0,0.0,0.0,0.0,0.0,0.0,0.0,0.0,0.0,0.23529411764705882,0.23529411764705882,0.23529411764705882,0.0,0.35294117647058826,0.0
ALL_004_TUR_HT2_S059,0.7857142857142857,0.0,0.4666666666666667,0.0,0.0,0.0,0.0,0.0,0.07142857142857142,0.0,0.0,0.0,0.0,0.0,0.0,0.0,0.0,0.0,0.0,0.0,0.0,0.0,0.0,0.0,0.0,0.0,0.13333333333333333,0.0
ALL_004_TUR_HT2_S060,0.5333333333333333,0.26666666666666666,0.4,0.0,0.0,0.0,0.0,0.0,0.0,0.0,0.0,0.0,0.0,0.0,0.0,0.0,0.0,0.0,0.0,0.0,0.0,0.0,0.0,0.06666666666666667,0.06666666666666667,0.0,0.06666666666666667,0.06666666666666667
ALL_014_TUR_HT2_S046,0.2,0.25,0.4375,0.0625,0.0625,0.0625,0.0625,0.0625,0.2,0.1875,0.0625,0.0625,0.0625,0.0625,0.0,0.0625,0.0625,0.25,0.0625,0.0625,0.0625,0.0625,0.0625,0.125,0.3125,0.0625,0.375,0.125
ALL_014_TUR_HT2_S047,0.7857142857142857,0.35714285714285715,0.6428571428571429,0.5,0.5,0.0,0.21428571428571427,0.5,0.2857142857142857,0.21428571428571427,0.42857142857142855,0.35714285714285715,0.21428571428571427,0.42857142857142855,0.42857142857142855,0.2857142857142857,0.35714285714285715,0.7857142857142857,0.35714285714285715,0.21428571428571427,0.21428571428571427,0.21428571428571427,0.21428571428571427,0.42857142857142855,0.2857142857142857,0.21428571428571427,0.2857142857142857,0.42857142857142855
ALL_014_TUR_HT2_S048,0.7222222222222222,0.47368421052631576,0.631578947368421,0.10526315789473684,0.0,0.0,0.0,0.10526315789473684,0.16666666666666666,0.21052631578947367,0.10526315789473684,0.2631578947368421,0.0,0.10526315789473684,0.0,0.2631578947368421,0.0,0.5263157894736842,0.2631578947368421,0.10526315789473684,0.2631578947368421,0.21052631578947367,0.3157894736842105,0.15789473684210525,0.3684210526315789,0.10526315789473684,0.3684210526315789,0.21052631578947367
ALL_014_TUR_HT2_S049,0.8125,0.1875,0.5,0.0,0.0,0.0,0.0,0.0,0.0625,0.0,0.0,0.0,0.0,0.0,0.0,0.0,0.0,0.0,0.0,0.0,0.0,0.0,0.125,0.0,0.0,0.125,0.1875,0.0
ALL_014_TUR_HT2_S050,0.6875,0.35294117647058826,0.5294117647058824,0.17647058823529413,0.0,0.0,0.0,0.0,0.1875,0.0,0.058823529411764705,0.17647058823529413,0.0,0.23529411764705882,0.058823529411764705,0.0,0.11764705882352941,0.5294117647058824,0.11764705882352941,0.4117647058823529,0.35294117647058826,0.23529411764705882,0.29411764705882354,0.23529411764705882,0.29411764705882354,0.058823529411764705,0.29411764705882354,0.058823529411764705
ALL_014_TUR_HT2_S051,0.8125,0.1875,0.6875,0.0,0.0,0.0,0.0,0.0,0.0625,0.125,0.0625,0.375,0.0,0.125,0.0,0.0,0.0,0.8125,0.125,0.125,0.0,0.0,0.0625,0.0,0.4375,0.0,0.1875,0.0625
ALL_014_TUR_HT2_S052,0.875,0.125,0.5625,0.0,0.0,0.0,0.0625,0.0,0.0625,0.0,0.0,0.125,0.0625,0.0,0.0,0.0625,0.0,0.375,0.0,0.0,0.0,0.0,0.0,0.0,0.0,0.0,0.125,0.0
ALL_014_TUR_HT2_S053,0.8333333333333334,0.5384615384615384,0.6153846153846154,0.0,0.0,0.0,0.0,0.0,0.16666666666666666,0.0,0.0,0.0,0.0,0.0,0.0,0.0,0.0,0.23076923076923078,0.0,0.0,0.0,0.0,0.23076923076923078,0.0,0.3076923076923077,0.0,0.3076923076923077,0.0
ALL_014_TUR_HT2_S054,1.0,0.4,0.6,0.13333333333333333,0.0,0.0,0.0,0.13333333333333333,0.2857142857142857,0.13333333333333333,0.26666666666666666,0.13333333333333333,0.13333333333333333,0.0,0.13333333333333333,0.8666666666666667,0.3333333333333333,0.4,0.8,0.2,0.3333333333333333,0.13333333333333333,0.13333333333333333,0.13333333333333333,0.13333333333333333,0.13333333333333333,0.4,0.0
ALL_014_TUR_HT2_S055,0.8125,0.058823529411764705,0.47058823529411764,0.0,0.0,0.0,0.0,0.0,0.1875,0.0,0.0,0.0,0.0,0.0,0.0,0.0,0.0,0.8235294117647058,0.0,0.0,0.0,0.0,0.0,0.0,0.11764705882352941,0.0,0.17647058823529413,0.0
ALL_014_TUR_HT2_S056,0.7777777777777778,0.3333333333333333,0.5555555555555556,0.0,0.0,0.0,0.0,0.0,0.05555555555555555,0.1111111111111111,0.0,0.0,0.0,0.0,0.0,0.0,0.0,0.4444444444444444,0.0,0.0,0.05555555555555555,0.0,0.3888888888888889,0.0,0.0,0.0,0.2777777777777778,0.0
ALL_014_TUR_HT2_S057,0.6470588235294118,0.11764705882352941,0.5294117647058824,0.11764705882352941,0.23529411764705882,0.058823529411764705,0.058823529411764705,0.058823529411764705,0.058823529411764705,0.23529411764705882,0.058823529411764705,0.058823529411764705,0.058823529411764705,0.058823529411764705,0.058823529411764705,0.058823529411764705,0.058823529411764705,0.8235294117647058,0.11764705882352941,0.23529411764705882,0.23529411764705882,0.23529411764705882,0.23529411764705882,0.11764705882352941,0.29411764705882354,0.23529411764705882,0.4117647058823529,0.11764705882352941
ALL_014_TUR_HT2_S058,0.6470588235294118,0.29411764705882354,0.5294117647058824,0.0,0.0,0.0,0.0,0.0,0.23529411764705882,0.0,0.0,0.0,0.0,0.0,0.0,0.23529411764705882,0.6470588235294118,0.5882352941176471,0.29411764705882354,0.0,0.0,0.0,0.058823529411764705,0.11764705882352941,0.23529411764705882,0.058823529411764705,0.23529411764705882,0.0
ALL_014_TUR_HT2_S059,0.5,0.0,0.5333333333333333,0.0,0.0,0.0,0.0,0.0,0.07142857142857142,0.0,0.13333333333333333,0.0,0.0,0.13333333333333333,0.13333333333333333,0.0,0.0,0.26666666666666666,0.0,0.0,0.13333333333333333,0.0,0.0,0.0,0.0,0.0,0.13333333333333333,0.0
ALL_014_TUR_HT2_S060,0.4666666666666667,0.06666666666666667,0.6666666666666666,0.0,0.0,0.0,0.0,0.0,0.0,0.13333333333333333,0.0,0.0,0.0,0.0,0.0,0.0,0.0,0.0,0.0,0.0,0.0,0.0,0.06666666666666667,0.0,0.2,0.0,0.0,0.0
ALL_025_TUR_HT2_S046,0.3333333333333333,0.1875,0.375,0.0625,0.0625,0.0625,0.0625,0.0625,0.06666666666666667,0.0625,0.0625,0.0625,0.0625,0.0,0.0625,0.0625,0.0625,0.1875,0.0625,0.0625,0.0625,0.0625,0.0625,0.0625,0.0625,0.0625,0.125,0.125
ALL_025_TUR_HT2_S047,0.6428571428571429,0.5,0.7857142857142857,0.14285714285714285,0.0,0.0,0.21428571428571427,0.2857142857142857,0.07142857142857142,0.0,0.21428571428571427,0.21428571428571427,0.0,0.35714285714285715,0.21428571428571427,0.0,0.21428571428571427,0.21428571428571427,0.21428571428571427,0.21428571428571427,0.5,0.0,0.35714285714285715,0.14285714285714285,0.14285714285714285,0.14285714285714285,0.21428571428571427,0.07142857142857142
ALL_025_TUR_HT2_S048,0.5,0.3684210526315789,0.7368421052631579,0.0,0.0,0.0,0.0,0.0,0.16666666666666666,0.21052631578947367,0.0,0.21052631578947367,0.0,0.15789473684210525,0.0,0.0,0.0,0.21052631578947367,0.0,0.0,0.15789473684210525,0.15789473684210525,0.21052631578947367,0.15789473684210525,0.0,0.10526315789473684,0.21052631578947367,0.15789473684210525
ALL_025_TUR_HT2_S049,0.625,0.625,0.25,0.4375,0.0,0.0,0.0,0.4375,0.3125,0.0625,0.0,0.4375,0.0,0.0,0.0,0.0,0.4375,0.5,0.5625,0.4375,0.0,0.0,0.1875,0.0,0.125,0.0,0.125,0.125
ALL_025_TUR_HT2_S050,0.875,0.23529411764705882,0.5882352941176471,0.11764705882352941,0.0,0.0,0.0,0.11764705882352941,0.25,0.0,0.29411764705882354,0.11764705882352941,0.0,0.11764705882352941,0.0,0.0,0.11764705882352941,0.47058823529411764,0.0,0.4117647058823529,0.0,0.23529411764705882,0.5294117647058824,0.058823529411764705,0.29411764705882354,0.058823529411764705,0.11764705882352941,0.058823529411764705
ALL_025_TUR_HT2_S051,0.4375,0.1875,0.375,0.0,0.0,0.0,0.0,0.0,0.0625,0.0,0.0625,0.0,0.0,0.0625,0.0,0.0,0.0,0.0625,0.0,0.0,0.0,0.0,0.0,0.0,0.0,0.0,0.0,0.0625
ALL_025_TUR_HT2_S052,0.5,0.25,0.5,0.0,0.0,0.0,0.0,0.0,0.0625,0.1875,0.0,0.125,0.0,0.0,0.0,0.0,0.0,0.3125,0.0,0.0,0.1875,0.0,0.0,0.0,0.0,0.0,0.3125,0.0
ALL_025_TUR_HT2_S053,0.8333333333333334,0.07692307692307693,0.38461538461538464,0.0,0.0,0.0,0.0,0.0,0.08333333333333333,0.0,0.15384615384615385,0.0,0.0,0.15384615384615385,0.0,0.0,0.0,0.5384615384615384,0.0,0.15384615384615385,0.0,0.15384615384615385,0.0,0.0,0.3076923076923077,0.0,0.0,0.23076923076923078
ALL_025_TUR_HT2_S054,0.7857142857142857,0.4,0.7333333333333333,0.13333333333333333,0.0,0.06666666666666667,0.0,0.0,0.42857142857142855,0.4,0.0,0.0,0.0,0.06666666666666667,0.0,0.0,0.0,0.0,0.0,0.0,0.26666666666666666,0.13333333333333333,0.06666666666666667,0.06666666666666667,0.26666666666666666,0.13333333333333333,0.13333333333333333,0.0
ALL_025_TUR_HT2_S055,0.75,0.29411764705882354,0.7058823529411765,0.0,0.0,0.0,0.0,0.0,0.125,0.0,0.0,0.0,0.0,0.0,0.0,0.0,0.0,0.29411764705882354,0.0,0.0,0.0,0.0,0.17647058823529413,0.0,0.0,0.0,0.0,0.0
ALL_025_TUR_HT2_S056,0.8333333333333334,0.0,0.5555555555555556,0.0,0.0,0.0,0.0,0.0,0.1111111111111111,0.1111111111111111,0.0,0.0,0.0,0.0,0.0,0.0,0.0,0.3888888888888889,0.0,0.2222222222222222,0.05555555555555555,0.0,0.05555555555555555,0.0,0.0,0.0,0.16666666666666666,0.0
ALL_025_TUR_HT2_S057,0.47058823529411764,0.7058823529411765,0.6470588235294118,0.29411764705882354,0.23529411764705882,0.23529411764705882,0.23529411764705882,0.29411764705882354,0.23529411764705882,0.35294117647058826,0.23529411764705882,0.29411764705882354,0.23529411764705882,0.23529411764705882,0.7058823529411765,0.23529411764705882,0.23529411764705882,0.6470588235294118,0.5882352941176471,0.23529411764705882,0.5294117647058824,0.23529411764705882,0.5882352941176471,0.23529411764705882,0.4117647058823529,0.23529411764705882,0.6470588235294118,0.23529411764705882
ALL_025_TUR_HT2_S058,0.9411764705882353,0.5882352941176471,0.7647058823529411,0.4117647058823529,0.0,0.0,0.0,0.0,0.4117647058823529,0.35294117647058826,0.0,0.5294117647058824,0.0,0.5294117647058824,0.0,0.0,0.0,0.5882352941176471,0.5294117647058824,0.11764705882352941,0.0,0.4117647058823529,0.23529411764705882,0.35294117647058826,0.5882352941176471,0.29411764705882354,0.5294117647058824,0.0
ALL_025_TUR_HT2_S059,0.8571428571428571,0.06666666666666667,0.6666666666666666,0.0,0.0,0.0,0.0,0.0,0.07142857142857142,0.0,0.0,0.0,0.0,0.13333333333333333,0.0,0.0,0.0,0.13333333333333333,0.0,0.0,0.0,0.0,0.0,0.0,0.0,0.0,0.06666666666666667,0.0
ALL_025_TUR_HT2_S060,0.9333333333333333,0.13333333333333333,0.3333333333333333,0.0,0.0,0.0,0.0,0.0,0.0,0.0,0.0,0.13333333333333333,0.0,0.0,0.0,0.0,0.0,0.13333333333333333,0.13333333333333333,0.13333333333333333,0.13333333333333333,0.0,0.06666666666666667,0.0,0.13333333333333333,0.0,0.06666666666666667,0.0
ALL_029_TUR_HT2_S046,0.6666666666666666,0.4375,0.4375,0.0625,0.0625,0.0625,0.0625,0.0625,0.06666666666666667,0.0625,0.0625,0.0625,0.0625,0.0625,0.0,0.0625,0.0625,0.0625,0.0625,0.0625,0.0625,0.0625,0.0625,0.0625,0.1875,0.0625,0.125,0.0625
ALL_029_TUR_HT2_S047,0.5,0.2857142857142857,0.42857142857142855,0.0,0.0,0.0,0.0,0.07142857142857142,0.14285714285714285,0.0,0.0,0.0,0.0,0.07142857142857142,0.0,0.5714285714285714,0.0,0.21428571428571427,0.14285714285714285,0.0,0.0,0.0,0.0,0.14285714285714285,0.07142857142857142,0.0,0.14285714285714285,0.0
ALL_029_TUR_HT2_S048,0.6666666666666666,0.5263157894736842,0.5263157894736842,0.0,0.0,0.0,0.0,0.0,0.05555555555555555,0.0,0.0,0.0,0.0,0.10526315789473684,0.0,0.0,0.0,0.2631578947368421,0.0,0.0,0.0,0.0,0.0,0.05263157894736842,0.0,0.0,0.10526315789473684,0.10526315789473684
ALL_029_TUR_HT2_S049,0.625,0.375,0.4375,0.125,0.0,0.0,0.0,0.0,0.125,0.0,0.0,0.0625,0.0,0.0,0.0,0.0,0.125,0.0625,0.125,0.25,0.0,0.0,0.0,0.0,0.0625,0.0,0.25,0.0
ALL_029_TUR_HT2_S050,0.4375,0.058823529411764705,0.35294117647058826,0.0,0.0,0.0,0.0,0.0,0.125,0.0,0.0,0.0,0.0,0.058823529411764705,0.0,0.0,0.0,0.0,0.0,0.11764705882352941,0.0,0.0,0.11764705882352941,0.058823529411764705,0.11764705882352941,0.0,0.17647058823529413,0.0
ALL_029_TUR_HT2_S051,0.75,0.25,0.375,0.0,0.0,0.0,0.0,0.0,0.0,0.125,0.0,0.0,0.0,0.0,0.0,0.0,0.0,0.4375,0.5,0.0,0.0,0.0,0.0,0.0,0.0,0.0,0.125,0.0625
ALL_029_TUR_HT2_S052,0.6875,0.0,0.4375,0.0,0.0,0.0,0.0,0.0,0.0,0.0,0.0,0.0,0.0,0.0,0.0,0.0,0.0,0.625,0.125,0.0,0.0,0.0,0.0,0.0,0.0,0.0,0.25,0.0
ALL_029_TUR_HT2_S053,0.75,0.07692307692307693,0.38461538461538464,1.0,0.0,0.0,0.0,0.0,0.0,0.23076923076923078,0.0,0.0,0.0,0.0,0.0,0.0,0.0,0.0,0.0,0.0,0.0,0.0,0.0,0.0,0.0,0.0,0.0,0.0
ALL_029_TUR_HT2_S054,1.0,0.26666666666666666,0.6,0.2,0.0,0.0,0.0,0.13333333333333333,0.0,0.06666666666666667,0.2,0.13333333333333333,0.0,0.0,0.3333333333333333,0.0,0.0,0.7333333333333333,0.3333333333333333,0.26666666666666666,0.13333333333333333,0.06666666666666667,0.4,0.13333333333333333,0.0,0.0,0.26666666666666666,0.0
ALL_029_TUR_HT2_S055,0.6875,0.11764705882352941,0.5294117647058824,0.0,0.0,0.0,0.0,0.0,0.0625,0.23529411764705882,0.0,0.0,0.0,0.0,0.0,0.0,0.0,0.29411764705882354,0.0,0.0,0.0,0.0,0.0,0.0,0.11764705882352941,0.0,0.17647058823529413,0.0
ALL_029_TUR_HT2_S056,0.6666666666666666,0.3333333333333333,0.6666666666666666,0.1111111111111111,0.0,0.0,0.0,0.0,0.1111111111111111,0.0,0.0,0.1111111111111111,0.0,0.0,0.0,0.0,0.0,0.16666666666666666,0.16666666666666666,0.2777777777777778,0.0,0.1111111111111111,0.0,0.0,0.0,0.0,0.0,0.0
ALL_029_TUR_HT2_S057,0.4117647058823529,0.0,0.47058823529411764,0.17647058823529413,0.0,0.0,0.0,0.0,0.0,0.11764705882352941,0.058823529411764705,0.23529411764705882,0.0,0.23529411764705882,0.0,0.0,0.0,0.7647058823529411,0.0,0.23529411764705882,0.35294117647058826,0.0,0.17647058823529413,0.0,0.11764705882352941,0.0,0.11764705882352941,0.0
ALL_029_TUR_HT2_S058,0.6470588235294118,0.35294117647058826,0.6470588235294118,0.0,0.0,0.0,0.0,0.0,0.17647058823529413,0.23529411764705882,0.0,0.0,0.0,0.0,0.0,0.0,0.0,0.47058823529411764,0.0,0.0,0.0,0.17647058823529413,0.17647058823529413,0.35294117647058826,0.17647058823529413,0.11764705882352941,0.35294117647058826,0.17647058823529413
ALL_029_TUR_HT2_S059,0.7857142857142857,0.0,0.5333333333333333,0.0,0.0,0.0,0.0,0.0,0.07142857142857142,0.0,0.0,0.0,0.0,0.26666666666666666,0.0,0.0,0.0,0.13333333333333333,0.0,0.0,0.0,0.0,0.0,0.0,0.5333333333333333,0.06666666666666667,0.06666666666666667,0.0
ALL_029_TUR_HT2_S060,1.0,0.13333333333333333,0.4,0.26666666666666666,0.0,0.0,0.0,0.0,0.0,0.06666666666666667,0.13333333333333333,0.0,0.0,0.0,0.0,0.0,0.0,0.13333333333333333,0.0,0.0,0.13333333333333333,0.0,0.13333333333333333,0.06666666666666667,0.2,0.0,0.06666666666666667,0.13333333333333333
ALL_042_TUR_HT2_S046,0.7333333333333333,0.125,0.375,0.0625,0.0625,0.0625,0.0625,0.0625,0.2,0.3125,0.0625,0.0625,0.0625,0.125,0.0625,0.0625,0.0625,0.1875,0.0625,0.1875,0.0625,0.1875,0.0625,0.0625,0.3125,0.125,0.3125,0.0625
ALL_042_TUR_HT2_S047,0.7142857142857143,0.35714285714285715,0.7142857142857143,0.21428571428571427,0.2857142857142857,0.07142857142857142,0.35714285714285715,0.21428571428571427,0.42857142857142855,0.2857142857142857,0.14285714285714285,1.0,0.42857142857142855,0.14285714285714285,0.42857142857142855,0.42857142857142855,0.42857142857142855,0.5714285714285714,0.35714285714285715,0.5,0.35714285714285715,0.21428571428571427,0.21428571428571427,0.2857142857142857,0.5714285714285714,0.14285714285714285,0.14285714285714285,0.21428571428571427
ALL_042_TUR_HT2_S048,0.6666666666666666,0.42105263157894735,0.631578947368421,0.21052631578947367,0.15789473684210525,0.0,0.0,0.0,0.3888888888888889,0.42105263157894735,0.2631578947368421,0.21052631578947367,0.15789473684210525,0.2631578947368421,0.0,0.21052631578947367,0.3684210526315789,0.3684210526315789,0.3157894736842105,0.15789473684210525,0.2631578947368421,0.3157894736842105,0.3684210526315789,0.2631578947368421,0.47368421052631576,0.42105263157894735,0.47368421052631576,0.2631578947368421
ALL_042_TUR_HT2_S049,0.375,0.375,0.5,0.3125,0.0,0.0,0.0,0.0,0.0625,0.125,0.0,0.25,0.0,0.0,0.0,0.0,0.0,0.5625,0.3125,0.3125,0.0,0.0,0.0,0.0,0.125,0.0,0.3125,0.0
ALL_042_TUR_HT2_S050,0.4375,0.29411764705882354,0.5882352941176471,0.0,0.0,0.0,0.0,0.0,0.125,0.0,0.058823529411764705,0.11764705882352941,0.0,0.11764705882352941,0.11764705882352941,0.0,0.0,0.4117647058823529,0.11764705882352941,0.11764705882352941,0.11764705882352941,0.11764705882352941,0.23529411764705882,0.058823529411764705,0.17647058823529413,0.058823529411764705,0.11764705882352941,0.058823529411764705
ALL_042_TUR_HT2_S051,0.5625,0.25,0.5,0.125,0.125,0.375,0.125,0.125,0.125,0.1875,0.125,0.1875,0.125,0.0,0.25,0.0,0.125,0.25,0.375,0.375,0.3125,0.0,0.375,0.375,0.25,0.3125,0.1875,0.3125
ALL_042_TUR_HT2_S052,0.5625,0.125,0.8125,0.0,0.0,0.0,0.0,0.125,0.0625,0.1875,0.0,0.0,0.0,0.0,0.0,0.0,0.0,0.0,0.125,0.1875,0.25,0.0,0.0,0.0,0.0,0.0,0.125,0.0
ALL_042_TUR_HT2_S053,0.75,0.46153846153846156,0.5384615384615384,0.0,0.0,0.0,0.0,0.0,0.16666666666666666,0.23076923076923078,0.0,0.0,0.0,0.0,0.0,0.0,0.0,0.6153846153846154,0.0,0.0,0.07692307692307693,0.0,0.0,0.0,0.6153846153846154,0.0,0.0,0.0
ALL_042_TUR_HT2_S054,0.7857142857142857,0.3333333333333333,0.6,0.06666666666666667,0.0,0.0,0.0,0.3333333333333333,0.07142857142857142,0.06666666666666667,0.2,0.0,0.0,0.0,1.0,0.0,0.0,0.3333333333333333,0.3333333333333333,0.13333333333333333,0.3333333333333333,0.0,0.06666666666666667,0.2,0.0,0.06666666666666667,0.26666666666666666,0.0
ALL_042_TUR_HT2_S055,0.875,0.058823529411764705,0.7058823529411765,0.0,0.0,0.0,0.0,0.0,0.1875,0.0,0.0,0.0,0.0,0.0,0.0,0.0,0.0,0.6470588235294118,0.0,0.0,0.17647058823529413,0.11764705882352941,0.35294117647058826,0.0,0.35294117647058826,0.11764705882352941,0.17647058823529413,0.0
ALL_042_TUR_HT2_S056,0.7222222222222222,0.1111111111111111,0.3333333333333333,0.0,0.0,0.0,0.0,0.0,0.0,0.0,0.0,0.3888888888888889,0.0,0.0,0.0,0.0,0.0,0.5,0.3888888888888889,0.3888888888888889,0.0,0.0,0.05555555555555555,0.0,0.16666666666666666,0.0,0.2222222222222222,0.0
ALL_042_TUR_HT2_S057,0.29411764705882354,0.29411764705882354,0.9411764705882353,0.0,0.0,0.0,0.0,0.0,0.058823529411764705,0.058823529411764705,0.0,0.0,0.0,0.058823529411764705,0.0,0.0,0.0,0.7058823529411765,0.29411764705882354,0.058823529411764705,0.17647058823529413,0.0,0.23529411764705882,0.058823529411764705,0.058823529411764705,0.0,0.17647058823529413,0.058823529411764705
ALL_042_TUR_HT2_S058,0.5294117647058824,0.4117647058823529,0.6470588235294118,0.0,0.0,0.0,0.0,0.0,0.23529411764705882,0.0,0.0,0.11764705882352941,0.0,0.0,0.0,0.0,0.0,0.0,0.17647058823529413,0.11764705882352941,0.0,0.0,0.23529411764705882,0.11764705882352941,0.23529411764705882,0.0,0.058823529411764705,0.0
ALL_042_TUR_HT2_S059,0.7857142857142857,0.13333333333333333,0.6666666666666666,0.0,0.0,0.0,0.0,0.0,0.07142857142857142,0.0,0.13333333333333333,0.0,0.0,0.26666666666666666,0.13333333333333333,0.0,0.0,0.26666666666666666,0.0,0.0,0.13333333333333333,0.13333333333333333,0.2,0.0,0.3333333333333333,0.26666666666666666,0.2,0.0
ALL_042_TUR_HT2_S060,0.5333333333333333,0.3333333333333333,0.3333333333333333,0.13333333333333333,0.0,0.0,0.26666666666666666,0.13333333333333333,0.06666666666666667,0.26666666666666666,0.0,0.13333333333333333,0.13333333333333333,0.0,0.0,0.0,0.0,0.0,0.0,0.13333333333333333,0.13333333333333333,0.0,0.13333333333333333,0.13333333333333333,0.13333333333333333,0.13333333333333333,0.13333333333333333,0.13333333333333333
ALL_090_TUR_HT2_S046,0.4,0.25,0.4375,0.0625,0.0625,0.0,0.0625,0.0625,0.2,0.25,0.0625,0.0625,0.0625,0.0625,0.0625,0.0625,0.0625,0.125,0.0625,0.0625,0.0625,0.0625,0.0625,0.1875,0.625,0.0625,0.125,0.0625
ALL_090_TUR_HT2_S047,0.5,0.35714285714285715,0.5714285714285714,0.2857142857142857,0.0,0.0,0.35714285714285715,0.35714285714285715,0.07142857142857142,0.0,0.21428571428571427,0.35714285714285715,0.0,0.35714285714285715,0.21428571428571427,0.7142857142857143,0.2857142857142857,0.7857142857142857,0.7142857142857143,0.42857142857142855,0.0,0.0,0.6428571428571429,0.21428571428571427,0.21428571428571427,0.2857142857142857,0.21428571428571427,0.2857142857142857
ALL_090_TUR_HT2_S048,0.8333333333333334,0.42105263157894735,0.6842105263157895,0.0,0.0,0.0,0.0,0.0,0.2777777777777778,0.0,0.0,0.0,0.0,0.05263157894736842,0.0,0.0,0.0,0.3157894736842105,0.0,0.0,0.0,0.0,0.05263157894736842,0.0,0.0,0.0,0.21052631578947367,0.0
ALL_090_TUR_HT2_S049,0.9375,0.5,0.4375,0.0,0.0,0.0,0.0,0.0,0.0,0.0,0.0,0.0,0.0,0.0,0.0,0.0,0.0,0.25,0.1875,0.125,0.0,0.0,0.125,0.0,0.25,0.0,0.1875,0.0
ALL_090_TUR_HT2_S050,0.5625,0.23529411764705882,0.5882352941176471,0.11764705882352941,0.23529411764705882,0.0,0.0,0.17647058823529413,0.25,0.0,0.11764705882352941,0.23529411764705882,0.17647058823529413,0.0,0.0,0.17647058823529413,0.17647058823529413,0.7647058823529411,0.17647058823529413,0.17647058823529413,0.11764705882352941,0.11764705882352941,0.23529411764705882,0.058823529411764705,0.23529411764705882,0.11764705882352941,0.17647058823529413,0.11764705882352941
ALL_090_TUR_HT2_S051,0.5,0.25,0.375,0.0,0.0,0.0,0.0,0.0,0.0625,0.0,0.0,0.0,0.0,0.0,0.0,0.0,0.0,0.3125,0.375,0.5625,0.1875,0.0,0.0,0.0,0.0,0.0,0.0,0.0625
ALL_090_TUR_HT2_S052,0.5625,0.0,0.5,0.0,0.0,0.0,0.0,0.0,0.0625,0.0,0.0,0.0,0.0,0.0,0.0,0.0,0.0,0.0,0.0,0.1875,0.0,0.0,0.0,0.0,0.0,0.0,0.0,0.0
ALL_090_TUR_HT2_S053,0.8333333333333334,0.3076923076923077,0.23076923076923078,0.0,0.0,0.0,0.0,0.0,0.16666666666666666,0.15384615384615385,0.0,0.0,0.0,0.0,0.0,0.0,0.0,0.3076923076923077,0.15384615384615385,0.0,0.0,0.23076923076923078,0.07692307692307693,0.0,0.07692307692307693,0.0,0.15384615384615385,0.0
ALL_090_TUR_HT2_S054,1.0,0.13333333333333333,0.4,0.0,0.0,0.0,0.0,0.0,0.14285714285714285,0.0,0.0,0.0,0.0,0.0,0.0,0.0,0.0,0.6666666666666666,0.13333333333333333,0.0,0.0,0.0,0.0,0.0,0.0,0.0,0.0,0.06666666666666667
ALL_090_TUR_HT2_S055,0.875,0.058823529411764705,0.5294117647058824,0.0,0.0,0.0,0.0,0.0,0.25,0.23529411764705882,0.0,0.0,0.0,0.0,0.0,0.0,0.0,0.5882352941176471,0.0,0.0,0.17647058823529413,0.0,0.29411764705882354,0.0,0.11764705882352941,0.0,0.4117647058823529,0.0
ALL_090_TUR_HT2_S056,0.8888888888888888,0.4444444444444444,0.5,0.16666666666666666,0.0,0.0,0.0,0.0,0.16666666666666666,0.0,0.0,0.0,0.0,0.16666666666666666,0.16666666666666666,0.0,0.0,0.3888888888888889,0.3888888888888889,0.16666666666666666,0.16666666666666666,0.16666666666666666,0.1111111111111111,0.0,0.16666666666666666,0.0,0.2222222222222222,0.0
ALL_090_TUR_HT2_S057,0.5882352941176471,0.5882352941176471,0.7058823529411765,0.17647058823529413,0.058823529411764705,0.23529411764705882,0.058823529411764705,0.17647058823529413,0.11764705882352941,0.17647058823529413,0.23529411764705882,0.058823529411764705,0.058823529411764705,0.17647058823529413,0.29411764705882354,0.0,0.23529411764705882,0.5882352941176471,0.17647058823529413,0.17647058823529413,0.17647058823529413,0.058823529411764705,0.17647058823529413,0.058823529411764705,0.29411764705882354,0.17647058823529413,0.4117647058823529,0.23529411764705882
ALL_090_TUR_HT2_S058,0.7058823529411765,0.29411764705882354,0.5882352941176471,0.4117647058823529,0.0,0.0,0.0,0.4117647058823529,0.47058823529411764,0.29411764705882354,0.0,0.5294117647058824,0.0,0.23529411764705882,0.0,0.0,0.17647058823529413,0.47058823529411764,0.5294117647058824,0.4117647058823529,0.0,0.35294117647058826,0.4117647058823529,0.47058823529411764,0.23529411764705882,0.29411764705882354,0.4117647058823529,0.23529411764705882
ALL_090_TUR_HT2_S059,0.8571428571428571,0.26666666666666666,0.7333333333333333,0.0,0.0,0.0,0.0,0.0,0.07142857142857142,0.0,0.13333333333333333,0.0,0.0,0.26666666666666666,0.13333333333333333,0.0,0.0,0.0,0.0,0.0,0.13333333333333333,0.2,0.13333333333333333,0.13333333333333333,0.0,0.13333333333333333,0.13333333333333333,0.0
ALL_090_TUR_HT2_S060,0.5333333333333333,0.2,0.4,0.0,0.0,0.0,0.0,0.0,0.0,0.06666666666666667,0.13333333333333333,0.0,0.0,0.13333333333333333,0.0,0.0,0.0,0.3333333333333333,0.0,0.0,0.0,0.0,0.06666666666666667,0.06666666666666667,0.06666666666666667,0.0,0.06666666666666667,0.13333333333333333
ALL_091_TUR_HT2_S046,0.26666666666666666,0.125,0.625,0.0625,0.0625,0.0625,0.0625,0.0625,0.13333333333333333,0.0625,0.0625,0.0625,0.0625,0.0625,0.0625,0.0625,0.0625,0.5625,0.0625,0.0625,0.0625,0.0625,0.0625,0.125,0.0625,0.0625,0.1875,0.125
ALL_091_TUR_HT2_S047,0.5714285714285714,0.42857142857142855,0.5,0.07142857142857142,0.0,0.0,0.0,0.07142857142857142,0.14285714285714285,0.0,0.0,0.0,0.0,0.07142857142857142,0.0,0.0,0.0,0.7142857142857143,0.14285714285714285,0.07142857142857142,0.0,0.14285714285714285,0.07142857142857142,0.14285714285714285,0.21428571428571427,0.0,0.2857142857142857,0.07142857142857142
ALL_091_TUR_HT2_S048,0.5,0.21052631578947367,0.47368421052631576,0.0,0.0,0.0,0.05263157894736842,0.0,0.2222222222222222,0.0,0.0,0.0,0.0,0.0,0.0,0.0,0.0,0.15789473684210525,0.15789473684210525,0.0,0.15789473684210525,0.0,0.15789473684210525,0.10526315789473684,0.10526315789473684,0.0,0.10526315789473684,0.10526315789473684
ALL_091_TUR_HT2_S049,0.6875,0.4375,0.4375,0.0,0.0,0.0,0.0,0.0,0.0625,0.0,0.0,0.0,0.0,0.0,0.0,0.125,0.0,0.125,0.0,0.125,0.0,0.0,0.0625,0.0,0.125,0.0,0.0625,0.0
ALL_091_TUR_HT2_S050,0.5625,0.23529411764705882,0.5882352941176471,0.0,0.058823529411764705,0.0,0.11764705882352941,0.11764705882352941,0.1875,0.17647058823529413,0.11764705882352941,0.058823529411764705,0.0,0.058823529411764705,0.11764705882352941,0.0,0.0,0.29411764705882354,0.23529411764705882,0.23529411764705882,0.11764705882352941,0.11764705882352941,0.17647058823529413,0.11764705882352941,0.17647058823529413,0.11764705882352941,0.17647058823529413,0.11764705882352941
ALL_091_TUR_HT2_S051,0.75,0.25,0.4375,0.0,0.0,0.0,0.0,0.0,0.0625,0.0,0.0,0.0,0.0,0.0625,0.0,0.0,0.0,0.4375,0.0,0.0,0.3125,0.0,0.0,0.0,0.0,0.0,0.0,0.0
ALL_091_TUR_HT2_S052,0.4375,0.125,0.4375,0.0,0.0,0.0,0.0,0.0,0.0,0.0,0.0,0.0,0.0,0.0,0.0,0.0,0.0,0.3125,0.125,0.0,0.0,0.0,0.0,0.0,0.0,0.0,0.0,0.0
ALL_091_TUR_HT2_S053,0.9166666666666666,0.3076923076923077,0.3076923076923077,0.0,0.0,0.0,0.0,0.0,0.16666666666666666,0.0,0.0,0.0,0.0,0.0,0.0,0.0,0.0,0.0,0.0,0.0,0.0,0.0,0.07692307692307693,0.0,0.3076923076923077,0.0,0.15384615384615385,0.0
ALL_091_TUR_HT2_S054,0.8571428571428571,0.26666666666666666,0.4,0.0,0.0,0.0,0.0,0.0,0.35714285714285715,0.0,0.0,0.3333333333333333,0.0,0.06666666666666667,0.0,0.0,0.0,0.0,0.0,0.0,0.06666666666666667,0.13333333333333333,0.2,0.4,0.13333333333333333,0.13333333333333333,0.06666666666666667,0.06666666666666667
ALL_091_TUR_HT2_S055,0.625,0.058823529411764705,0.6470588235294118,0.0,0.0,0.0,0.0,0.0,0.1875,0.0,0.0,0.0,0.0,0.0,0.0,0.0,0.0,0.35294117647058826,0.0,0.0,0.0,0.0,0.0,0.058823529411764705,0.0,0.0,0.11764705882352941,0.0
ALL_091_TUR_HT2_S056,0.5555555555555556,0.1111111111111111,0.5555555555555556,0.0,0.0,0.0,0.0,0.0,0.0,0.0,0.0,0.0,0.0,0.0,0.0,0.0,0.0,0.8333333333333334,0.0,0.05555555555555555,0.0,0.0,0.0,0.0,0.0,0.0,0.0,0.0
ALL_091_TUR_HT2_S057,0.5294117647058824,0.058823529411764705,0.6470588235294118,0.0,0.0,0.0,0.0,0.11764705882352941,0.0,0.0,0.11764705882352941,0.11764705882352941,0.0,0.11764705882352941,0.0,0.0,0.0,0.9411764705882353,0.11764705882352941,0.11764705882352941,0.11764705882352941,0.0,0.0,0.0,0.11764705882352941,0.0,0.29411764705882354,0.0
ALL_091_TUR_HT2_S058,0.6470588235294118,0.058823529411764705,0.47058823529411764,0.0,0.0,0.0,0.0,0.0,0.17647058823529413,0.29411764705882354,0.0,0.17647058823529413,0.0,0.0,0.0,0.0,0.0,0.5882352941176471,0.0,0.0,0.0,0.0,0.058823529411764705,0.17647058823529413,0.23529411764705882,0.0,0.29411764705882354,0.0
ALL_091_TUR_HT2_S059,0.5714285714285714,0.0,0.6,0.0,0.0,0.0,0.0,0.0,0.0,0.0,0.0,0.0,0.0,0.0,0.13333333333333333,0.0,0.0,0.13333333333333333,0.0,0.0,0.0,0.0,0.0,0.0,0.0,0.0,0.13333333333333333,0.0
ALL_091_TUR_HT2_S060,0.8666666666666667,0.06666666666666667,0.5333333333333333,0.0,0.0,0.0,0.0,0.0,0.0,0.0,0.0,0.0,0.0,0.0,0.0,0.0,0.0,0.0,0.0,0.3333333333333333,0.0,0.0,0.13333333333333333,0.0,0.13333333333333333,0.0,0.06666666666666667,0.0
ALL_092_TUR_HT2_S046,0.3333333333333333,0.4375,0.5,0.125,0.0625,0.0625,0.0625,0.0625,0.06666666666666667,0.1875,0.0625,0.125,0.0625,0.0625,0.0,0.0625,0.0625,0.1875,0.0625,0.125,0.0625,0.25,0.0625,0.125,0.1875,0.0625,0.25,0.125
ALL_092_TUR_HT2_S047,0.5714285714285714,0.42857142857142855,0.5714285714285714,0.0,0.0,0.0,0.0,0.0,0.2857142857142857,0.0,0.0,0.42857142857142855,0.0,0.21428571428571427,0.21428571428571427,0.0,0.0,0.35714285714285715,0.14285714285714285,0.21428571428571427,0.0,0.0,0.14285714285714285,0.07142857142857142,0.07142857142857142,0.0,0.21428571428571427,0.07142857142857142
ALL_092_TUR_HT2_S048,0.7222222222222222,0.5263157894736842,0.5789473684210527,0.2631578947368421,0.10526315789473684,0.0,0.0,0.0,0.2777777777777778,0.10526315789473684,0.05263157894736842,0.15789473684210525,0.10526315789473684,0.15789473684210525,0.0,0.42105263157894735,0.0,0.3157894736842105,0.2631578947368421,0.10526315789473684,0.15789473684210525,0.10526315789473684,0.05263157894736842,0.0,0.15789473684210525,0.0,0.3157894736842105,0.0
ALL_092_TUR_HT2_S049,0.75,0.3125,0.5,0.125,0.125,0.0,0.0,0.0,0.125,0.125,0.0,0.0,0.125,0.0,0.0,0.0,0.125,0.3125,0.0,0.125,0.0,0.0,0.3125,0.0,0.0625,0.0625,0.25,0.0625
ALL_092_TUR_HT2_S050,0.625,0.0,0.5294117647058824,0.17647058823529413,0.0,0.0,0.0,0.0,0.1875,0.058823529411764705,0.11764705882352941,0.29411764705882354,0.0,0.17647058823529413,0.0,0.0,0.0,0.23529411764705882,0.11764705882352941,0.058823529411764705,0.29411764705882354,0.11764705882352941,0.17647058823529413,0.11764705882352941,0.29411764705882354,0.0,0.058823529411764705,0.058823529411764705
ALL_092_TUR_HT2_S051,0.9375,0.1875,0.375,0.0,0.0,0.0,0.0,0.125,0.125,0.0,0.125,0.125,0.0,0.0625,0.0,0.0,0.0,0.875,0.4375,0.125,0.3125,0.0625,0.1875,0.25,0.1875,0.0,0.1875,0.1875
ALL_092_TUR_HT2_S052,0.875,0.0,0.4375,0.0,0.0,0.0,0.0,0.0,0.0625,0.0,0.0,0.125,0.0,0.0,0.0,0.0,0.0,0.1875,0.0,0.0,0.0,0.0,0.0,0.125,0.0625,0.0,0.0,0.0
ALL_092_TUR_HT2_S053,0.9166666666666666,0.3076923076923077,0.46153846153846156,0.0,0.0,0.0,0.0,0.0,0.16666666666666666,0.0,0.0,0.0,0.0,0.0,0.0,0.0,0.0,0.15384615384615385,0.0,0.0,0.0,0.0,0.0,0.0,0.07692307692307693,0.0,0.3076923076923077,0.07692307692307693
ALL_092_TUR_HT2_S054,0.8571428571428571,0.4,0.2,0.0,0.0,0.0,0.0,0.0,0.07142857142857142,0.06666666666666667,0.13333333333333333,0.0,0.0,0.06666666666666667,0.06666666666666667,0.0,0.0,0.7333333333333333,0.0,0.0,0.06666666666666667,0.06666666666666667,0.06666666666666667,0.0,0.06666666666666667,0.06666666666666667,0.06666666666666667,0.0
ALL_092_TUR_HT2_S055,0.875,0.058823529411764705,0.5882352941176471,0.0,0.0,0.0,0.0,0.0,0.25,0.0,0.0,0.5882352941176471,0.0,0.0,0.0,0.0,0.0,0.8823529411764706,0.0,0.0,0.0,0.0,0.0,0.0,0.5294117647058824,0.0,0.17647058823529413,0.0
ALL_092_TUR_HT2_S056,1.0,0.0,0.7222222222222222,0.0,0.0,0.0,0.0,0.0,0.05555555555555555,0.0,0.0,0.0,0.0,0.0,0.0,0.0,0.0,0.16666666666666666,0.0,0.0,0.0,0.0,0.0,0.0,0.0,0.0,0.0,0.0
ALL_092_TUR_HT2_S057,0.5882352941176471,0.0,0.5294117647058824,0.0,0.0,0.0,0.0,0.0,0.058823529411764705,0.0,0.0,0.0,0.0,0.0,0.0,0.0,0.0,0.6470588235294118,0.0,0.0,0.058823529411764705,0.0,0.0,0.0,0.0,0.0,0.23529411764705882,0.0
ALL_092_TUR_HT2_S058,0.5882352941176471,0.29411764705882354,0.4117647058823529,0.0,0.0,0.0,0.0,0.0,0.29411764705882354,0.29411764705882354,0.0,0.0,0.0,0.11764705882352941,0.0,0.0,0.0,0.0,0.0,0.0,0.0,0.0,0.11764705882352941,0.11764705882352941,0.17647058823529413,0.11764705882352941,0.17647058823529413,0.17647058823529413
ALL_092_TUR_HT2_S059,0.7857142857142857,0.0,0.5333333333333333,0.0,0.0,0.0,0.0,0.0,0.07142857142857142,0.0,0.0,0.26666666666666666,0.0,0.26666666666666666,0.0,0.0,0.0,0.13333333333333333,0.0,0.0,0.0,0.0,0.0,0.0,0.06666666666666667,0.0,0.06666666666666667,0.0
ALL_092_TUR_HT2_S060,0.8,0.13333333333333333,0.7333333333333333,0.26666666666666666,0.0,0.0,0.0,0.13333333333333333,0.0,0.0,0.0,0.3333333333333333,0.0,0.06666666666666667,0.0,0.0,0.13333333333333333,0.0,0.4,0.26666666666666666,0.0,0.0,0.13333333333333333,0.0,0.13333333333333333,0.0,0.06666666666666667,0.06666666666666667
ALL_093_TUR_HT2_S046,0.13333333333333333,0.0625,0.4375,0.0625,0.0625,0.0,0.0625,0.0625,0.06666666666666667,0.0625,0.0625,0.0625,0.0625,0.0625,0.0,0.0625,0.0625,0.0625,0.0625,0.0625,0.0625,0.0625,0.0625,0.0625,0.125,0.0625,0.125,0.0
ALL_093_TUR_HT2_S047,0.7142857142857143,0.5714285714285714,0.5714285714285714,0.21428571428571427,0.14285714285714285,0.0,0.14285714285714285,0.21428571428571427,0.21428571428571427,0.0,0.14285714285714285,0.14285714285714285,0.0,0.07142857142857142,0.14285714285714285,0.5714285714285714,0.21428571428571427,0.35714285714285715,0.42857142857142855,0.0,0.0,0.0,0.0,0.07142857142857142,0.07142857142857142,0.0,0.2857142857142857,0.07142857142857142
ALL_093_TUR_HT2_S048,0.7777777777777778,0.2631578947368421,0.5263157894736842,0.0,0.0,0.0,0.0,0.0,0.1111111111111111,0.0,0.0,0.0,0.0,0.10526315789473684,0.0,0.0,0.0,0.15789473684210525,0.0,0.0,0.0,0.0,0.10526315789473684,0.0,0.0,0.0,0.0,0.05263157894736842
ALL_093_TUR_HT2_S049,0.5625,0.4375,0.6875,0.0,0.0,0.0,0.0625,0.0,0.1875,0.25,0.0,0.125,0.0,0.0,0.0,0.0,0.0,0.125,0.125,0.1875,0.0,0.0,0.0625,0.0,0.1875,0.0625,0.1875,0.0
ALL_093_TUR_HT2_S050,0.375,0.058823529411764705,0.4117647058823529,0.0,0.0,0.058823529411764705,0.0,0.0,0.0625,0.0,0.0,0.0,0.0,0.0,0.0,0.17647058823529413,0.0,0.0,0.0,0.0,0.0,0.0,0.0,0.0,0.0,0.0,0.0,0.0
ALL_093_TUR_HT2_S051,0.6875,0.0625,0.3125,0.125,0.0,0.0,0.0,0.0,0.0625,0.0,0.0,0.0,0.0,0.125,0.0,0.0,0.0,0.25,0.5,0.125,0.25,0.0,0.125,0.0625,0.0625,0.0,0.0625,0.0
ALL_093_TUR_HT2_S052,0.6875,0.125,0.4375,0.0,0.0,0.0,0.0,0.0,0.125,0.0,0.0,0.0,0.0,0.0,0.0,0.0,0.0,0.0,0.0625,0.0,0.0,0.0,0.0,0.0,0.0,0.0,0.0,0.0
ALL_093_TUR_HT2_S053,0.6666666666666666,0.07692307692307693,0.46153846153846156,0.0,0.0,0.0,0.0,0.0,0.16666666666666666,0.0,0.0,0.0,0.0,0.0,0.15384615384615385,0.0,0.0,0.0,0.0,0.0,0.0,0.0,0.0,0.0,0.3076923076923077,0.0,0.0,0.0
ALL_093_TUR_HT2_S054,0.7857142857142857,0.4,0.6666666666666666,0.06666666666666667,0.0,0.0,0.0,0.0,0.0,0.0,0.0,0.0,0.0,0.0,0.0,0.0,0.0,0.0,0.0,0.0,0.06666666666666667,0.0,0.06666666666666667,0.0,0.4,0.0,0.13333333333333333,0.0
ALL_093_TUR_HT2_S055,0.5625,0.0,0.7058823529411765,0.0,0.0,0.0,0.0,0.0,0.125,0.0,0.0,0.5294117647058824,0.0,0.0,0.0,0.0,0.0,0.11764705882352941,0.0,0.0,0.0,0.0,0.0,0.0,0.11764705882352941,0.0,0.0,0.0
ALL_093_TUR_HT2_S056,0.7222222222222222,0.05555555555555555,0.6111111111111112,0.0,0.0,0.0,0.0,0.0,0.0,0.0,0.0,0.0,0.0,0.0,0.0,0.0,0.0,0.0,0.0,0.0,0.0,0.0,0.0,0.0,0.0,0.0,0.0,0.0
ALL_093_TUR_HT2_S057,0.35294117647058826,0.0,0.4117647058823529,0.11764705882352941,0.0,0.0,0.0,0.11764705882352941,0.0,0.11764705882352941,0.11764705882352941,0.0,0.0,0.058823529411764705,0.0,0.0,0.0,0.17647058823529413,0.11764705882352941,0.11764705882352941,0.17647058823529413,0.0,0.0,0.0,0.0,0.0,0.23529411764705882,0.0
ALL_093_TUR_HT2_S058,0.7058823529411765,0.11764705882352941,0.4117647058823529,0.0,0.0,0.0,0.0,0.0,0.11764705882352941,0.0,0.0,0.0,0.0,0.0,0.0,0.0,0.0,0.11764705882352941,0.0,0.0,0.0,0.0,0.0,0.0,0.17647058823529413,0.0,0.058823529411764705,0.0
ALL_093_TUR_HT2_S059,0.7142857142857143,0.0,0.8666666666666667,0.0,0.0,0.0,0.0,0.0,0.07142857142857142,0.0,0.0,0.0,0.0,0.0,0.13333333333333333,0.13333333333333333,0.0,0.13333333333333333,0.0,0.0,0.06666666666666667,0.0,0.0,0.06666666666666667,0.0,0.06666666666666667,0.2,0.0
ALL_093_TUR_HT2_S060,0.8666666666666667,0.06666666666666667,0.4666666666666667,0.0,0.0,0.0,0.0,0.0,0.0,0.0,0.0,0.0,0.0,0.0,0.0,0.0,0.0,0.0,0.0,0.0,0.0,0.0,0.0,0.0,0.06666666666666667,0.0,0.0,0.0
ALL_115_TUR_HT2_S046,0.4666666666666667,0.5625,0.5625,0.125,0.0,0.0,0.25,0.0625,0.3333333333333333,0.3125,0.0625,0.25,0.0,0.125,0.0625,0.25,0.0,0.6875,0.0625,0.0625,0.4375,0.375,0.0625,0.3125,0.3125,0.25,0.25,0.3125
ALL_115_TUR_HT2_S047,0.6428571428571429,0.5,0.7857142857142857,0.42857142857142855,0.21428571428571427,0.2857142857142857,0.2857142857142857,0.5,0.21428571428571427,0.14285714285714285,0.42857142857142855,0.5,0.35714285714285715,0.2857142857142857,0.2857142857142857,0.21428571428571427,0.7142857142857143,0.6428571428571429,0.35714285714285715,0.42857142857142855,0.14285714285714285,0.0,0.5,0.21428571428571427,0.35714285714285715,0.42857142857142855,0.35714285714285715,0.2857142857142857
ALL_115_TUR_HT2_S048,0.8333333333333334,0.2631578947368421,0.6842105263157895,0.0,0.0,0.0,0.0,0.0,0.05555555555555555,0.0,0.0,0.0,0.0,0.0,0.0,0.2631578947368421,0.0,0.47368421052631576,0.0,0.0,0.0,0.0,0.0,0.0,0.0,0.0,0.05263157894736842,0.05263157894736842
ALL_115_TUR_HT2_S049,0.8125,0.375,0.4375,0.0,0.0,0.0,0.0,0.0,0.0625,0.0,0.0,0.1875,0.0,0.125,0.0,0.0,0.0,0.25,0.125,0.25,0.0,0.0625,0.0625,0.0,0.3125,0.0625,0.3125,0.0625
ALL_115_TUR_HT2_S050,0.5625,0.058823529411764705,0.5294117647058824,0.0,0.0,0.0,0.0,0.0,0.125,0.0,0.0,0.0,0.0,0.058823529411764705,0.0,0.0,0.0,0.0,0.0,0.0,0.29411764705882354,0.0,0.058823529411764705,0.0,0.11764705882352941,0.0,0.0,0.0
ALL_115_TUR_HT2_S051,0.5,0.0625,0.375,0.0,0.0,0.0,0.0,0.0,0.125,0.0,0.0,0.0,0.0,0.1875,0.0,0.0,0.0,0.125,0.0,0.0,0.125,0.0,0.0,0.0,0.1875,0.0,0.0625,0.0
ALL_115_TUR_HT2_S052,0.625,0.0,0.5625,0.0,0.0,0.0,0.0,0.0,0.0625,0.0,0.0,0.125,0.0,0.0,0.0,0.0,0.0,0.3125,0.0625,0.0,0.25,0.0,0.0,0.0,0.0,0.0,0.0625,0.0
ALL_115_TUR_HT2_S053,0.75,0.15384615384615385,0.3076923076923077,0.0,0.0,0.0,0.0,0.0,0.0,0.0,0.0,0.0,0.0,0.0,0.0,0.0,0.0,0.0,0.0,0.0,0.0,0.0,0.0,0.0,0.23076923076923078,0.0,0.15384615384615385,0.0
ALL_115_TUR_HT2_S054,0.8571428571428571,0.3333333333333333,0.26666666666666666,0.0,0.0,0.0,0.0,0.0,0.07142857142857142,0.0,0.0,0.3333333333333333,0.0,0.0,0.0,0.0,0.0,0.4666666666666667,0.13333333333333333,0.13333333333333333,0.06666666666666667,0.0,0.0,0.06666666666666667,0.26666666666666666,0.0,0.06666666666666667,0.06666666666666667
ALL_115_TUR_HT2_S055,0.6875,0.17647058823529413,0.5882352941176471,0.0,0.0,0.0,0.0,0.0,0.1875,0.0,0.0,0.0,0.0,0.0,0.0,0.0,0.0,0.47058823529411764,0.0,0.0,0.17647058823529413,0.11764705882352941,0.058823529411764705,0.0,0.0,0.0,0.23529411764705882,0.0
ALL_115_TUR_HT2_S056,0.6111111111111112,0.16666666666666666,0.7222222222222222,0.1111111111111111,0.16666666666666666,0.0,0.1111111111111111,0.1111111111111111,0.16666666666666666,0.0,0.0,0.1111111111111111,0.1111111111111111,0.1111111111111111,0.1111111111111111,0.0,0.0,0.16666666666666666,0.1111111111111111,0.1111111111111111,0.1111111111111111,0.1111111111111111,0.0,0.1111111111111111,0.0,0.0,0.3333333333333333,0.1111111111111111
ALL_115_TUR_HT2_S057,0.4117647058823529,0.23529411764705882,0.5882352941176471,0.0,0.0,0.0,0.0,0.0,0.058823529411764705,0.17647058823529413,0.11764705882352941,0.0,0.0,0.29411764705882354,0.11764705882352941,0.058823529411764705,0.0,0.35294117647058826,0.11764705882352941,0.23529411764705882,0.29411764705882354,0.0,0.17647058823529413,0.0,0.23529411764705882,0.0,0.058823529411764705,0.11764705882352941
ALL_115_TUR_HT2_S058,0.7058823529411765,0.47058823529411764,0.47058823529411764,0.23529411764705882,0.0,0.0,0.0,0.0,0.35294117647058826,0.29411764705882354,0.0,0.4117647058823529,0.0,0.17647058823529413,0.0,0.0,0.0,0.5294117647058824,0.4117647058823529,0.11764705882352941,0.35294117647058826,0.29411764705882354,0.29411764705882354,0.35294117647058826,0.23529411764705882,0.23529411764705882,0.23529411764705882,0.4117647058823529
ALL_115_TUR_HT2_S059,0.42857142857142855,0.06666666666666667,0.6,0.0,0.0,0.13333333333333333,0.13333333333333333,0.13333333333333333,0.14285714285714285,0.13333333333333333,0.13333333333333333,0.13333333333333333,0.0,0.13333333333333333,0.13333333333333333,0.13333333333333333,0.13333333333333333,0.13333333333333333,0.13333333333333333,0.13333333333333333,0.13333333333333333,0.0,0.13333333333333333,0.13333333333333333,0.26666666666666666,0.13333333333333333,0.4,0.13333333333333333
ALL_115_TUR_HT2_S060,0.9333333333333333,0.26666666666666666,0.6,0.0,0.0,0.0,0.13333333333333333,0.26666666666666666,0.0,0.13333333333333333,0.13333333333333333,0.06666666666666667,0.13333333333333333,0.13333333333333333,0.13333333333333333,0.0,0.26666666666666666,0.26666666666666666,0.26666666666666666,0.13333333333333333,0.0,0.0,0.2,0.13333333333333333,0.2,0.2,0.3333333333333333,0.13333333333333333
ALL_122_TUR_HT2_S046,0.3333333333333333,0.0625,0.375,0.0625,0.0625,0.0625,0.0625,0.0625,0.13333333333333333,0.0625,0.0625,0.0625,0.0625,0.0625,0.0,0.0625,0.0625,0.125,0.0625,0.0625,0.0625,0.0625,0.0625,0.125,0.0625,0.0625,0.125,0.0625
ALL_122_TUR_HT2_S047,0.2857142857142857,0.5,0.6428571428571429,0.2857142857142857,0.0,0.0,0.0,0.07142857142857142,0.14285714285714285,0.0,0.21428571428571427,0.0,0.0,0.07142857142857142,0.0,0.0,0.0,0.2857142857142857,0.14285714285714285,0.0,0.0,0.0,0.0,0.07142857142857142,0.0,0.0,0.2857142857142857,0.21428571428571427
ALL_122_TUR_HT2_S048,0.6666666666666666,0.631578947368421,0.5789473684210527,0.0,0.0,0.0,0.0,0.0,0.16666666666666666,0.0,0.0,0.05263157894736842,0.0,0.10526315789473684,0.0,0.0,0.0,0.2631578947368421,0.0,0.0,0.21052631578947367,0.0,0.05263157894736842,0.10526315789473684,0.0,0.0,0.05263157894736842,0.10526315789473684
ALL_122_TUR_HT2_S049,0.6875,0.5625,0.5,0.0,0.0,0.0,0.0,0.0,0.0625,0.0,0.0,0.4375,0.0,0.0,0.0,0.0,0.0,0.375,0.0,0.0,0.0,0.0,0.125,0.0,0.0,0.0,0.125,0.0
ALL_122_TUR_HT2_S050,0.25,0.11764705882352941,0.29411764705882354,0.0,0.0,0.0,0.0,0.0,0.0625,0.0,0.0,0.0,0.0,0.0,0.0,0.0,0.0,0.0,0.0,0.11764705882352941,0.058823529411764705,0.0,0.11764705882352941,0.0,0.0,0.0,0.0,0.0
ALL_122_TUR_HT2_S051,0.625,0.5,0.5625,0.0,0.0,0.0,0.0,0.0,0.0625,0.0,0.0,0.0,0.0,0.0625,0.0,0.0,0.0,0.3125,0.0,0.0,0.3125,0.0,0.0625,0.0,0.125,0.0,0.0,0.0
ALL_122_TUR_HT2_S052,0.375,0.125,0.4375,0.0,0.0,0.0,0.0,0.0,0.0,0.0,0.0,0.0,0.0,0.0,0.0,0.0,0.0,0.0,0.125,0.0,0.0,0.0,0.0,0.0,0.0,0.0,0.0,0.0
ALL_122_TUR_HT2_S053,0.5833333333333334,0.6153846153846154,0.3076923076923077,0.0,0.0,0.0,0.0,0.0,0.25,0.15384615384615385,0.0,0.0,0.0,0.0,0.0,0.0,0.0,0.38461538461538464,0.0,0.0,0.0,0.0,0.0,0.0,0.15384615384615385,0.0,0.0,0.0
ALL_122_TUR_HT2_S054,0.7857142857142857,0.3333333333333333,0.4666666666666667,0.0,0.0,0.0,0.0,0.0,0.21428571428571427,0.0,0.0,0.0,0.0,0.0,0.0,0.0,0.0,0.26666666666666666,0.0,0.0,0.13333333333333333,0.06666666666666667,0.0,0.0,0.3333333333333333,0.0,0.26666666666666666,0.13333333333333333
ALL_122_TUR_HT2_S055,0.875,0.29411764705882354,0.7058823529411765,0.0,0.0,0.0,0.0,0.0,0.1875,0.0,0.0,0.29411764705882354,0.0,0.0,0.0,0.0,0.0,0.17647058823529413,0.0,0.0,0.0,0.17647058823529413,0.058823529411764705,0.0,0.058823529411764705,0.058823529411764705,0.23529411764705882,0.0
ALL_122_TUR_HT2_S056,0.7222222222222222,0.2222222222222222,0.5,0.0,0.0,0.0,0.0,0.0,0.0,0.0,0.0,0.0,0.0,0.0,0.0,0.0,0.0,0.16666666666666666,0.0,0.0,0.0,0.0,0.0,0.0,0.0,0.0,0.05555555555555555,0.0
ALL_122_TUR_HT2_S057,0.4117647058823529,0.23529411764705882,0.5294117647058824,0.11764705882352941,0.0,0.0,0.0,0.11764705882352941,0.0,0.058823529411764705,0.23529411764705882,0.8235294117647058,0.0,0.23529411764705882,0.0,0.0,0.0,0.35294117647058826,0.23529411764705882,0.11764705882352941,0.17647058823529413,0.0,0.11764705882352941,0.058823529411764705,0.058823529411764705,0.0,0.23529411764705882,0.23529411764705882
ALL_122_TUR_HT2_S058,0.8235294117647058,0.23529411764705882,0.7058823529411765,0.0,0.0,0.0,0.0,0.0,0.11764705882352941,0.11764705882352941,0.0,0.0,0.0,0.0,0.0,0.0,0.0,0.0,0.0,0.17647058823529413,0.0,0.0,0.23529411764705882,0.11764705882352941,0.29411764705882354,0.23529411764705882,0.35294117647058826,0.0
ALL_122_TUR_HT2_S059,0.42857142857142855,0.0,0.6,0.0,0.0,0.13333333333333333,0.0,0.0,0.07142857142857142,0.0,0.0,0.0,0.0,0.13333333333333333,0.13333333333333333,0.13333333333333333,0.0,0.26666666666666666,0.0,0.0,0.13333333333333333,0.0,0.0,0.0,0.0,0.06666666666666667,0.3333333333333333,0.0
ALL_122_TUR_HT2_S060,0.8,0.4,0.6,0.0,0.0,0.0,0.13333333333333333,0.13333333333333333,0.06666666666666667,0.0,0.13333333333333333,0.0,0.0,0.0,0.0,0.0,0.0,0.0,0.13333333333333333,0.13333333333333333,0.0,0.13333333333333333,0.0,0.0,0.4666666666666667,0.0,0.0,0.26666666666666666
ALL_125_TUR_HT2_S046,0.3333333333333333,0.1875,0.1875,0.0625,0.0625,0.0625,0.0625,0.0625,0.13333333333333333,0.1875,0.0625,0.0625,0.0625,0.0625,0.0,0.0625,0.0625,0.25,0.0625,0.0625,0.0625,0.0625,0.0625,0.0625,0.0625,0.0625,0.125,0.125
ALL_125_TUR_HT2_S047,0.5,0.0,0.5714285714285714,0.0,0.0,0.0,0.0,0.0,0.07142857142857142,0.14285714285714285,0.0,0.0,0.0,0.0,0.0,0.07142857142857142,0.0,0.0,0.35714285714285715,0.07142857142857142,0.0,0.0,0.0,0.0,0.0,0.0,0.21428571428571427,0.0
ALL_125_TUR_HT2_S048,0.6666666666666666,0.3684210526315789,0.5789473684210527,0.0,0.0,0.0,0.10526315789473684,0.0,0.2222222222222222,0.10526315789473684,0.0,0.21052631578947367,0.0,0.10526315789473684,0.10526315789473684,0.0,0.0,0.5789473684210527,0.2631578947368421,0.0,0.10526315789473684,0.0,0.05263157894736842,0.05263157894736842,0.10526315789473684,0.0,0.2631578947368421,0.10526315789473684
ALL_125_TUR_HT2_S049,0.75,0.3125,0.375,0.0,0.0,0.0,0.0,0.0,0.0625,0.0,0.0,0.25,0.0,0.0,0.0,0.0,0.0,0.4375,0.0625,0.0,0.0,0.0,0.0,0.0,0.1875,0.0,0.25,0.0
ALL_125_TUR_HT2_S050,0.5625,0.17647058823529413,0.5882352941176471,0.23529411764705882,0.0,0.11764705882352941,0.0,0.0,0.125,0.0,0.0,0.11764705882352941,0.0,0.058823529411764705,0.11764705882352941,0.0,0.11764705882352941,0.29411764705882354,0.0,0.11764705882352941,0.0,0.0,0.11764705882352941,0.11764705882352941,0.0,0.0,0.058823529411764705,0.058823529411764705
ALL_125_TUR_HT2_S051,0.625,0.0625,0.5625,0.0,0.0,0.0,0.0,0.0,0.1875,0.0,0.0,0.0,0.0,0.0,0.0,0.0,0.0,0.3125,0.0625,0.0,0.0,0.0,0.0,0.0625,0.0,0.0,0.125,0.0
ALL_125_TUR_HT2_S052,0.8125,0.125,0.4375,0.0,0.0,0.0,0.0,0.125,0.0,0.125,0.0625,0.125,0.0,0.0,0.0,0.1875,0.0,0.25,0.1875,0.1875,0.0,0.0,0.0625,0.0625,0.125,0.0,0.0,0.0625
ALL_125_TUR_HT2_S053,0.9166666666666666,0.6153846153846154,0.5384615384615384,0.0,0.0,0.0,0.0,0.0,0.3333333333333333,0.0,0.0,0.15384615384615385,0.0,0.0,0.0,0.0,0.0,0.0,0.0,0.0,0.07692307692307693,0.0,0.0,0.0,0.3076923076923077,0.0,0.07692307692307693,0.0
ALL_125_TUR_HT2_S054,0.7857142857142857,0.0,0.13333333333333333,0.0,0.0,0.0,0.0,0.0,0.0,0.0,0.0,0.0,0.0,0.0,0.0,0.0,0.0,0.3333333333333333,0.0,0.0,0.2,0.0,0.13333333333333333,0.0,0.0,0.0,0.0,0.0
ALL_125_TUR_HT2_S055,0.6875,0.11764705882352941,0.6470588235294118,0.0,0.17647058823529413,0.0,0.0,0.0,0.1875,0.058823529411764705,0.11764705882352941,0.0,0.0,0.058823529411764705,0.0,0.0,0.0,0.47058823529411764,0.0,0.0,0.0,0.17647058823529413,0.23529411764705882,0.0,0.29411764705882354,0.11764705882352941,0.35294117647058826,0.11764705882352941
ALL_125_TUR_HT2_S056,0.7222222222222222,0.0,0.3333333333333333,0.0,0.0,0.0,0.0,0.0,0.0,0.2222222222222222,0.0,0.0,0.0,0.0,0.0,0.0,0.0,0.5,0.0,0.0,0.0,0.0,0.0,0.0,0.0,0.0,0.1111111111111111,0.0
ALL_125_TUR_HT2_S057,0.6470588235294118,0.11764705882352941,0.7058823529411765,0.0,0.0,0.23529411764705882,0.0,0.0,0.11764705882352941,0.29411764705882354,0.23529411764705882,0.35294117647058826,0.0,0.23529411764705882,0.11764705882352941,0.11764705882352941,0.0,0.5294117647058824,0.11764705882352941,0.4117647058823529,0.17647058823529413,0.0,0.29411764705882354,0.11764705882352941,0.11764705882352941,0.058823529411764705,0.11764705882352941,0.11764705882352941
ALL_125_TUR_HT2_S058,0.5294117647058824,0.23529411764705882,0.29411764705882354,0.0,0.0,0.0,0.0,0.0,0.11764705882352941,0.0,0.0,0.0,0.0,0.0,0.0,0.0,0.0,0.0,0.29411764705882354,0.17647058823529413,0.0,0.0,0.0,0.0,0.0,0.0,0.17647058823529413,0.0
ALL_125_TUR_HT2_S059,0.7857142857142857,0.0,0.6666666666666666,0.0,0.0,0.0,0.0,0.0,0.07142857142857142,0.0,0.0,0.0,0.0,0.0,0.0,0.0,0.0,0.26666666666666666,0.0,0.0,0.0,0.0,0.0,0.0,0.0,0.0,0.13333333333333333,0.0
ALL_125_TUR_HT2_S060,0.5333333333333333,0.13333333333333333,0.4666666666666667,0.13333333333333333,0.0,0.0,0.0,0.13333333333333333,0.0,0.13333333333333333,0.0,0.0,0.0,0.0,0.0,0.0,0.0,0.0,0.0,0.13333333333333333,0.0,0.0,0.26666666666666666,0.06666666666666667,0.13333333333333333,0.0,0.06666666666666667,0.06666666666666667
ALL_126_TUR_HT2_S046,0.8666666666666667,0.0625,0.4375,0.0625,0.0625,0.0,0.0625,0.0625,0.06666666666666667,0.1875,0.0625,0.0625,0.0625,0.0,0.0,0.0625,0.0625,0.375,0.0625,0.0625,0.0625,0.0625,0.0625,0.1875,0.25,0.0625,0.125,0.125
ALL_126_TUR_HT2_S047,0.35714285714285715,0.21428571428571427,0.6428571428571429,0.0,0.0,0.0,0.0,0.0,0.21428571428571427,0.0,0.0,0.0,0.0,0.0,0.21428571428571427,0.0,0.0,0.42857142857142855,0.0,0.21428571428571427,0.07142857142857142,0.0,0.2857142857142857,0.0,0.0,0.0,0.42857142857142855,0.0
ALL_126_TUR_HT2_S048,0.6666666666666666,0.47368421052631576,0.5789473684210527,0.10526315789473684,0.05263157894736842,0.0,0.0,0.2631578947368421,0.2777777777777778,0.47368421052631576,0.21052631578947367,0.2631578947368421,0.0,0.21052631578947367,0.0,0.2631578947368421,0.0,0.5263157894736842,0.2631578947368421,0.2631578947368421,0.2631578947368421,0.2631578947368421,0.3684210526315789,0.2631578947368421,0.47368421052631576,0.2631578947368421,0.631578947368421,0.47368421052631576
ALL_126_TUR_HT2_S049,0.6875,0.25,0.5,0.0,0.0,0.0,0.0,0.0,0.0,0.0,0.0,0.0,0.0,0.0,0.0,0.0,0.0,0.0,0.0625,0.125,0.0,0.0,0.125,0.0,0.0625,0.0,0.125,0.0625
ALL_126_TUR_HT2_S050,0.5625,0.11764705882352941,0.4117647058823529,0.0,0.0,0.0,0.058823529411764705,0.0,0.125,0.0,0.0,0.058823529411764705,0.0,0.0,0.058823529411764705,0.17647058823529413,0.0,0.29411764705882354,0.0,0.058823529411764705,0.058823529411764705,0.058823529411764705,0.23529411764705882,0.058823529411764705,0.17647058823529413,0.058823529411764705,0.23529411764705882,0.058823529411764705
ALL_126_TUR_HT2_S051,0.5625,0.1875,0.5,0.0,0.0,0.0,0.0,0.0,0.0625,0.0,0.0,0.0,0.0,0.0,0.0,0.0,0.0,0.25,0.1875,0.0,0.0,0.0,0.0625,0.0625,0.3125,0.0,0.125,0.0625
ALL_126_TUR_HT2_S052,0.75,0.1875,0.375,0.25,0.0,0.125,0.125,0.125,0.125,0.0,0.0,0.1875,0.0,0.0,0.0,0.0,0.125,0.25,0.25,0.125,0.125,0.0,0.0,0.125,0.125,0.0,0.0,0.25
ALL_126_TUR_HT2_S053,0.8333333333333334,0.23076923076923078,0.3076923076923077,0.15384615384615385,0.15384615384615385,0.15384615384615385,0.15384615384615385,0.15384615384615385,0.25,0.15384615384615385,0.15384615384615385,0.15384615384615385,0.15384615384615385,0.15384615384615385,0.15384615384615385,0.15384615384615385,0.15384615384615385,0.46153846153846156,0.15384615384615385,0.15384615384615385,0.15384615384615385,0.15384615384615385,0.15384615384615385,0.15384615384615385,0.15384615384615385,0.15384615384615385,0.15384615384615385,0.15384615384615385
ALL_126_TUR_HT2_S054,0.7857142857142857,0.6666666666666666,0.26666666666666666,0.06666666666666667,0.06666666666666667,0.06666666666666667,0.06666666666666667,0.06666666666666667,0.07142857142857142,0.06666666666666667,0.4,0.3333333333333333,0.06666666666666667,0.26666666666666666,0.06666666666666667,0.06666666666666667,0.26666666666666666,0.26666666666666666,0.4,0.2,0.2,0.06666666666666667,0.3333333333333333,0.06666666666666667,0.3333333333333333,0.06666666666666667,0.3333333333333333,0.3333333333333333
ALL_126_TUR_HT2_S055,0.75,0.17647058823529413,0.7647058823529411,0.0,0.0,0.0,0.0,0.058823529411764705,0.125,0.0,0.0,0.0,0.0,0.0,0.0,0.0,0.0,0.5294117647058824,0.0,0.11764705882352941,0.0,0.17647058823529413,0.0,0.0,0.0,0.0,0.11764705882352941,0.0
ALL_126_TUR_HT2_S056,0.7222222222222222,0.3888888888888889,0.6666666666666666,0.16666666666666666,0.0,0.0,0.0,0.16666666666666666,0.16666666666666666,0.2222222222222222,0.0,0.16666666666666666,0.0,0.05555555555555555,0.0,0.0,0.16666666666666666,0.3333333333333333,0.16666666666666666,0.16666666666666666,0.0,0.1111111111111111,0.16666666666666666,0.0,0.16666666666666666,0.1111111111111111,0.16666666666666666,0.0
ALL_126_TUR_HT2_S057,0.5882352941176471,0.29411764705882354,0.6470588235294118,0.23529411764705882,0.17647058823529413,0.29411764705882354,0.23529411764705882,0.29411764705882354,0.17647058823529413,0.11764705882352941,0.17647058823529413,0.29411764705882354,0.17647058823529413,0.23529411764705882,0.11764705882352941,0.0,0.29411764705882354,0.35294117647058826,0.29411764705882354,0.29411764705882354,0.29411764705882354,0.23529411764705882,0.4117647058823529,0.29411764705882354,0.23529411764705882,0.17647058823529413,0.29411764705882354,0.11764705882352941
ALL_126_TUR_HT2_S058,0.5882352941176471,0.11764705882352941,0.5882352941176471,0.0,0.0,0.0,0.0,0.0,0.17647058823529413,0.0,0.0,0.0,0.0,0.0,0.0,0.0,0.0,0.29411764705882354,0.0,0.0,0.0,0.0,0.35294117647058826,0.058823529411764705,0.17647058823529413,0.0,0.058823529411764705,0.0
ALL_126_TUR_HT2_S059,0.6428571428571429,0.0,0.8666666666666667,0.0,0.0,0.0,0.0,0.0,0.07142857142857142,0.0,0.0,0.0,0.0,0.13333333333333333,0.0,0.13333333333333333,0.0,0.26666666666666666,0.0,0.0,0.13333333333333333,0.0,0.13333333333333333,0.0,0.4,0.0,0.06666666666666667,0.0
ALL_126_TUR_HT2_S060,1.0,0.06666666666666667,0.5333333333333333,0.0,0.0,0.0,0.0,0.0,0.0,0.0,0.0,0.0,0.0,0.0,0.0,0.0,0.0,0.5333333333333333,0.0,0.5333333333333333,0.0,0.0,0.06666666666666667,0.0,0.13333333333333333,0.0,0.06666666666666667,0.0
ALL_031_VIE_HT2_S046,0.26666666666666666,0.125,0.5,0.125,0.0625,0.0625,0.125,0.125,0.13333333333333333,0.125,0.0625,0.125,0.125,0.125,0.0625,0.0625,0.125,0.0625,0.0625,0.125,0.0625,0.125,0.125,0.125,0.125,0.0625,0.1875,0.125
ALL_031_VIE_HT2_S047,0.42857142857142855,0.5714285714285714,0.6428571428571429,0.14285714285714285,0.07142857142857142,0.14285714285714285,0.0,0.07142857142857142,0.21428571428571427,0.0,0.21428571428571427,0.07142857142857142,0.14285714285714285,0.35714285714285715,0.14285714285714285,0.21428571428571427,0.0,0.7857142857142857,0.5,0.07142857142857142,0.0,0.0,0.2857142857142857,0.14285714285714285,0.14285714285714285,0.0,0.0,0.07142857142857142
ALL_031_VIE_HT2_S048,0.5555555555555556,0.42105263157894735,0.42105263157894735,0.10526315789473684,0.10526315789473684,0.0,0.10526315789473684,0.10526315789473684,0.16666666666666666,0.15789473684210525,0.0,0.10526315789473684,0.10526315789473684,0.0,0.0,0.2631578947368421,0.0,0.3684210526315789,0.10526315789473684,0.10526315789473684,0.42105263157894735,0.21052631578947367,0.2631578947368421,0.10526315789473684,0.15789473684210525,0.10526315789473684,0.2631578947368421,0.15789473684210525
ALL_031_VIE_HT2_S049,0.9375,0.1875,0.5,0.0,0.0625,0.0625,0.0625,0.0625,0.125,0.0625,0.0625,0.0,0.0625,0.0625,0.0,0.0625,0.0,0.1875,0.0625,0.1875,0.125,0.0625,0.0625,0.0625,0.0625,0.0625,0.0625,0.0625
ALL_031_VIE_HT2_S050,0.5625,0.4117647058823529,0.5882352941176471,0.4117647058823529,0.29411764705882354,0.0,0.11764705882352941,0.11764705882352941,0.3125,0.35294117647058826,0.17647058823529413,0.11764705882352941,0.0,0.11764705882352941,0.23529411764705882,0.0,0.23529411764705882,0.23529411764705882,0.11764705882352941,0.23529411764705882,0.4117647058823529,0.35294117647058826,0.29411764705882354,0.23529411764705882,0.5294117647058824,0.17647058823529413,0.17647058823529413,0.23529411764705882
ALL_031_VIE_HT2_S051,0.5,0.1875,0.75,0.0,0.0,0.0,0.0625,0.4375,0.125,0.125,0.0625,0.1875,0.0,0.1875,0.125,0.0,0.125,0.5,0.3125,0.125,0.4375,0.0,0.125,0.0,0.1875,0.125,0.125,0.1875
ALL_031_VIE_HT2_S052,0.375,0.125,0.3125,0.0,0.0,0.0,0.0625,0.125,0.0625,0.0,0.125,0.1875,0.0625,0.0,0.0,0.0,0.0,0.5,0.0625,0.0,0.25,0.0,0.0,0.125,0.25,0.0,0.0,0.125
ALL_031_VIE_HT2_S053,1.0,0.6153846153846154,0.6153846153846154,0.0,0.0,0.0,0.0,0.0,0.08333333333333333,0.0,0.0,0.46153846153846156,0.0,0.0,0.0,0.0,0.0,0.0,0.0,0.0,0.0,0.0,0.0,0.15384615384615385,0.0,0.0,0.07692307692307693,0.07692307692307693
ALL_031_VIE_HT2_S054,0.6428571428571429,0.8666666666666667,0.5333333333333333,0.26666666666666666,0.0,0.06666666666666667,0.0,0.3333333333333333,0.14285714285714285,0.06666666666666667,0.4666666666666667,0.0,0.06666666666666667,0.2,0.13333333333333333,0.0,0.26666666666666666,0.4666666666666667,0.13333333333333333,0.3333333333333333,0.4666666666666667,0.2,0.3333333333333333,0.06666666666666667,0.26666666666666666,0.26666666666666666,0.5333333333333333,0.06666666666666667
ALL_031_VIE_HT2_S055,0.5625,0.11764705882352941,0.5882352941176471,0.0,0.0,0.0,0.0,0.0,0.25,0.0,0.0,0.0,0.0,0.0,0.0,0.0,0.0,0.058823529411764705,0.0,0.0,0.0,0.0,0.0,0.0,0.0,0.0,0.0,0.0
ALL_031_VIE_HT2_S056,0.6666666666666666,0.3333333333333333,0.6111111111111112,0.1111111111111111,0.0,0.0,0.0,0.0,0.2222222222222222,0.0,0.2222222222222222,0.16666666666666666,0.0,0.16666666666666666,0.0,0.0,0.0,0.2777777777777778,0.05555555555555555,0.1111111111111111,0.2222222222222222,0.0,0.05555555555555555,0.0,0.0,0.0,0.16666666666666666,0.3333333333333333
ALL_031_VIE_HT2_S057,0.4117647058823529,0.058823529411764705,0.6470588235294118,0.058823529411764705,0.058823529411764705,0.058823529411764705,0.058823529411764705,0.058823529411764705,0.058823529411764705,0.058823529411764705,0.058823529411764705,0.058823529411764705,0.058823529411764705,0.058823529411764705,0.058823529411764705,0.058823529411764705,0.058823529411764705,0.5294117647058824,0.11764705882352941,0.058823529411764705,0.058823529411764705,0.058823529411764705,0.11764705882352941,0.058823529411764705,0.058823529411764705,0.058823529411764705,0.17647058823529413,0.11764705882352941
ALL_031_VIE_HT2_S058,0.47058823529411764,0.058823529411764705,0.5294117647058824,0.0,0.0,0.0,0.0,0.0,0.11764705882352941,0.058823529411764705,0.0,0.11764705882352941,0.0,0.0,0.0,0.23529411764705882,0.0,0.47058823529411764,0.0,0.0,0.0,0.0,0.058823529411764705,0.058823529411764705,0.058823529411764705,0.058823529411764705,0.11764705882352941,0.0
ALL_031_VIE_HT2_S059,0.7142857142857143,0.0,0.6,0.0,0.0,0.0,0.0,0.0,0.07142857142857142,0.0,0.0,0.6,0.0,0.26666666666666666,0.13333333333333333,0.0,0.0,0.3333333333333333,0.0,0.0,0.0,0.0,0.26666666666666666,0.0,0.0,0.0,0.13333333333333333,0.0
ALL_031_VIE_HT2_S060,0.5333333333333333,0.13333333333333333,0.26666666666666666,0.0,0.0,0.0,0.0,0.0,0.0,0.0,0.0,0.0,0.0,0.0,0.0,0.0,0.0,0.3333333333333333,0.0,0.0,0.0,0.0,0.0,0.0,0.06666666666666667,0.0,0.06666666666666667,0.0
ALL_120_VIE_HT2_S046,0.4,0.5,0.5,0.3125,0.3125,0.25,0.25,0.3125,0.3333333333333333,0.375,0.3125,0.375,0.3125,0.3125,0.0625,0.0625,0.0625,0.6875,0.3125,0.3125,0.375,0.375,0.1875,0.3125,0.25,0.3125,0.25,0.3125
ALL_120_VIE_HT2_S047,0.5714285714285714,0.5714285714285714,0.7142857142857143,0.0,0.0,0.0,0.0,0.07142857142857142,0.42857142857142855,0.0,0.0,0.0,0.07142857142857142,0.2857142857142857,0.0,0.14285714285714285,0.0,0.8571428571428571,0.35714285714285715,0.35714285714285715,0.14285714285714285,0.0,0.07142857142857142,0.14285714285714285,0.2857142857142857,0.0,0.42857142857142855,0.07142857142857142
ALL_120_VIE_HT2_S048,0.6666666666666666,0.3684210526315789,0.7894736842105263,0.3157894736842105,0.2631578947368421,0.21052631578947367,0.0,0.3157894736842105,0.3333333333333333,0.47368421052631576,0.3684210526315789,0.3157894736842105,0.21052631578947367,0.3157894736842105,0.3684210526315789,0.3684210526315789,0.3157894736842105,0.42105263157894735,0.2631578947368421,0.3157894736842105,0.42105263157894735,0.3684210526315789,0.3684210526315789,0.2631578947368421,0.3684210526315789,0.3157894736842105,0.47368421052631576,0.3684210526315789
ALL_120_VIE_HT2_S049,0.875,0.3125,0.375,0.125,0.0,0.0,0.0,0.0,0.125,0.1875,0.125,0.125,0.0,0.0625,0.0,0.125,0.0,0.8125,0.125,0.0,0.125,0.0625,0.0625,0.0625,0.1875,0.125,0.25,0.125
ALL_120_VIE_HT2_S050,0.5625,0.23529411764705882,0.5882352941176471,0.17647058823529413,0.0,0.0,0.0,0.0,0.25,0.0,0.0,0.35294117647058826,0.23529411764705882,0.058823529411764705,0.0,0.0,0.058823529411764705,0.11764705882352941,0.29411764705882354,0.35294117647058826,0.0,0.23529411764705882,0.17647058823529413,0.058823529411764705,0.11764705882352941,0.17647058823529413,0.23529411764705882,0.058823529411764705
ALL_120_VIE_HT2_S051,0.4375,0.5,0.625,0.0,0.0,0.0,0.0,0.0,0.125,0.0,0.0,0.3125,0.0,0.0625,0.0,0.0,0.0,0.375,0.0625,0.1875,0.25,0.0,0.0,0.1875,0.0625,0.0,0.125,0.0625
ALL_120_VIE_HT2_S052,0.375,0.0,0.5,0.3125,0.0,0.3125,0.3125,0.125,0.0625,0.1875,0.125,0.125,0.0625,0.0,0.0,0.1875,0.3125,0.5,0.3125,0.1875,0.1875,0.0,0.0,0.125,0.125,0.0,0.0625,0.0625
ALL_120_VIE_HT2_S053,0.75,0.38461538461538464,0.5384615384615384,0.0,0.0,0.0,0.0,0.0,0.25,0.0,0.0,0.0,0.0,0.0,0.0,0.0,0.0,0.6153846153846154,0.0,0.0,0.0,0.0,0.0,0.3076923076923077,0.23076923076923078,0.0,0.3076923076923077,0.23076923076923078
ALL_120_VIE_HT2_S054,0.5714285714285714,0.5333333333333333,0.5333333333333333,0.0,0.13333333333333333,0.2,0.0,0.26666666666666666,0.35714285714285715,0.06666666666666667,0.2,0.26666666666666666,0.0,0.06666666666666667,0.0,0.4,0.26666666666666666,0.7333333333333333,0.0,0.2,0.26666666666666666,0.26666666666666666,0.26666666666666666,0.2,0.3333333333333333,0.2,0.4,0.26666666666666666
ALL_120_VIE_HT2_S055,0.8125,0.17647058823529413,0.5882352941176471,0.11764705882352941,0.0,0.0,0.0,0.0,0.25,0.0,0.11764705882352941,0.11764705882352941,0.0,0.0,0.0,0.0,0.0,0.5882352941176471,0.0,0.0,0.11764705882352941,0.0,0.058823529411764705,0.17647058823529413,0.11764705882352941,0.058823529411764705,0.11764705882352941,0.0
ALL_120_VIE_HT2_S056,0.7777777777777778,0.16666666666666666,0.6111111111111112,0.2222222222222222,0.0,0.0,0.0,0.0,0.05555555555555555,0.2222222222222222,0.0,0.16666666666666666,0.2222222222222222,0.0,0.2777777777777778,0.0,0.1111111111111111,0.5555555555555556,0.2222222222222222,0.16666666666666666,0.05555555555555555,0.2222222222222222,0.05555555555555555,0.05555555555555555,0.2777777777777778,0.0,0.2222222222222222,0.05555555555555555
ALL_120_VIE_HT2_S057,0.29411764705882354,0.11764705882352941,0.47058823529411764,0.058823529411764705,0.058823529411764705,0.23529411764705882,0.058823529411764705,0.058823529411764705,0.058823529411764705,0.23529411764705882,0.058823529411764705,0.058823529411764705,0.058823529411764705,0.058823529411764705,0.058823529411764705,0.058823529411764705,0.23529411764705882,0.47058823529411764,0.058823529411764705,0.058823529411764705,0.058823529411764705,0.058823529411764705,0.058823529411764705,0.058823529411764705,0.058823529411764705,0.058823529411764705,0.058823529411764705,0.058823529411764705
ALL_120_VIE_HT2_S058,0.5294117647058824,0.35294117647058826,0.5882352941176471,0.29411764705882354,0.058823529411764705,0.058823529411764705,0.058823529411764705,0.058823529411764705,0.35294117647058826,0.23529411764705882,0.058823529411764705,0.29411764705882354,0.058823529411764705,0.058823529411764705,0.058823529411764705,0.29411764705882354,0.17647058823529413,0.6470588235294118,0.058823529411764705,0.29411764705882354,0.058823529411764705,0.17647058823529413,0.17647058823529413,0.11764705882352941,0.11764705882352941,0.23529411764705882,0.23529411764705882,0.23529411764705882
ALL_120_VIE_HT2_S059,0.7142857142857143,0.0,0.4,0.0,0.0,0.0,0.0,0.0,0.2857142857142857,0.2,0.0,0.7333333333333333,0.0,0.0,0.13333333333333333,0.0,0.0,0.26666666666666666,0.0,0.2,0.0,0.0,0.2,0.0,0.2,0.0,0.3333333333333333,0.0
ALL_120_VIE_HT2_S060,0.8,0.3333333333333333,0.3333333333333333,0.4666666666666667,0.0,0.06666666666666667,0.0,0.3333333333333333,0.06666666666666667,0.26666666666666666,0.0,0.06666666666666667,0.0,0.2,0.0,0.0,0.06666666666666667,0.8,0.0,0.0,0.2,0.0,0.06666666666666667,0.0,0.13333333333333333,0.0,0.2,0.26666666666666666
ALL_145_VIE_HT2_S046,0.4,0.5,0.3125,0.0625,0.0625,0.0625,0.0625,0.0625,0.26666666666666666,0.375,0.125,0.3125,0.0625,0.0625,0.0625,0.0625,0.0625,0.4375,0.0625,0.0625,0.0625,0.1875,0.0625,0.25,0.375,0.0625,0.25,0.25
ALL_145_VIE_HT2_S047,0.6428571428571429,0.14285714285714285,0.35714285714285715,0.0,0.0,0.0,0.0,0.0,0.07142857142857142,0.0,0.0,0.0,0.0,0.0,0.0,0.0,0.0,0.2857142857142857,0.0,0.0,0.0,0.0,0.0,0.0,0.0,0.0,0.0,0.0
ALL_145_VIE_HT2_S048,0.8888888888888888,0.21052631578947367,0.6842105263157895,0.0,0.0,0.0,0.0,0.0,0.1111111111111111,0.0,0.10526315789473684,0.0,0.0,0.0,0.0,0.3684210526315789,0.0,0.5263157894736842,0.0,0.0,0.15789473684210525,0.0,0.47368421052631576,0.10526315789473684,0.0,0.0,0.0,0.15789473684210525
ALL_145_VIE_HT2_S049,0.75,0.4375,0.3125,0.0,0.0,0.0,0.0,0.0,0.0625,0.0,0.0,0.0,0.0,0.0625,0.125,0.0,0.0,0.75,0.0,0.0,0.0,0.0,0.0,0.125,0.125,0.125,0.3125,0.0625
ALL_145_VIE_HT2_S050,0.8125,0.47058823529411764,0.47058823529411764,0.29411764705882354,0.0,0.35294117647058826,0.29411764705882354,0.35294117647058826,0.4375,0.23529411764705882,0.23529411764705882,0.29411764705882354,0.23529411764705882,0.35294117647058826,0.29411764705882354,0.17647058823529413,0.29411764705882354,0.4117647058823529,0.29411764705882354,0.29411764705882354,0.47058823529411764,0.29411764705882354,0.17647058823529413,0.23529411764705882,0.11764705882352941,0.4117647058823529,0.17647058823529413,0.29411764705882354
ALL_145_VIE_HT2_S051,0.8125,0.125,0.375,0.0,0.0,0.0,0.0,0.0,0.0625,0.0,0.0,0.0,0.0,0.0,0.0,0.0,0.0,0.0,0.0625,0.0625,0.125,0.0,0.0625,0.0,0.0,0.0,0.0,0.0
ALL_145_VIE_HT2_S052,0.875,0.375,0.375,0.125,0.0,0.1875,0.125,0.125,0.125,0.25,0.125,0.125,0.0,0.125,0.125,0.125,0.125,0.5,0.125,0.125,0.125,0.0,0.0,0.125,0.1875,0.125,0.25,0.125
ALL_145_VIE_HT2_S053,0.9166666666666666,0.15384615384615385,0.7692307692307693,0.07692307692307693,0.07692307692307693,0.07692307692307693,0.07692307692307693,0.07692307692307693,0.25,0.23076923076923078,0.07692307692307693,0.07692307692307693,0.07692307692307693,0.07692307692307693,0.07692307692307693,0.0,0.07692307692307693,0.38461538461538464,0.07692307692307693,0.07692307692307693,0.38461538461538464,0.07692307692307693,0.07692307692307693,0.07692307692307693,0.23076923076923078,0.07692307692307693,0.07692307692307693,0.07692307692307693
ALL_145_VIE_HT2_S054,0.7857142857142857,0.7333333333333333,0.7333333333333333,0.0,0.26666666666666666,0.06666666666666667,0.0,0.13333333333333333,0.21428571428571427,0.3333333333333333,0.26666666666666666,0.0,0.0,0.2,0.2,0.26666666666666666,0.13333333333333333,0.4666666666666667,0.13333333333333333,0.13333333333333333,0.4,0.0,0.4666666666666667,0.06666666666666667,0.2,0.2,0.4666666666666667,0.13333333333333333
ALL_145_VIE_HT2_S055,0.875,0.35294117647058826,0.6470588235294118,0.47058823529411764,0.0,0.058823529411764705,0.0,0.17647058823529413,0.3125,0.058823529411764705,0.29411764705882354,0.29411764705882354,0.058823529411764705,0.11764705882352941,0.058823529411764705,0.0,0.0,0.47058823529411764,0.5882352941176471,0.7058823529411765,0.47058823529411764,0.29411764705882354,0.5294117647058824,0.11764705882352941,0.35294117647058826,0.17647058823529413,0.5294117647058824,0.4117647058823529
ALL_145_VIE_HT2_S056,0.8888888888888888,0.2222222222222222,0.5,0.3333333333333333,0.0,0.0,0.0,0.0,0.16666666666666666,0.0,0.0,0.2222222222222222,0.0,0.0,0.0,0.0,0.0,0.4444444444444444,0.05555555555555555,0.3888888888888889,0.0,0.0,0.2777777777777778,0.05555555555555555,0.3888888888888889,0.1111111111111111,0.1111111111111111,0.1111111111111111
ALL_145_VIE_HT2_S057,0.6470588235294118,0.058823529411764705,0.5882352941176471,0.058823529411764705,0.058823529411764705,0.058823529411764705,0.058823529411764705,0.058823529411764705,0.058823529411764705,0.11764705882352941,0.058823529411764705,0.058823529411764705,0.058823529411764705,0.058823529411764705,0.058823529411764705,0.0,0.058823529411764705,0.5882352941176471,0.17647058823529413,0.17647058823529413,0.29411764705882354,0.058823529411764705,0.11764705882352941,0.058823529411764705,0.29411764705882354,0.17647058823529413,0.35294117647058826,0.058823529411764705
ALL_145_VIE_HT2_S058,0.8823529411764706,0.0,0.5294117647058824,0.0,0.0,0.0,0.0,0.0,0.17647058823529413,0.0,0.0,0.0,0.0,0.0,0.0,0.0,0.0,0.7647058823529411,0.17647058823529413,0.0,0.058823529411764705,0.0,0.11764705882352941,0.0,0.11764705882352941,0.11764705882352941,0.17647058823529413,0.0
ALL_145_VIE_HT2_S059,0.7142857142857143,0.0,0.3333333333333333,0.13333333333333333,0.13333333333333333,0.13333333333333333,0.13333333333333333,0.13333333333333333,0.21428571428571427,0.2,0.13333333333333333,0.13333333333333333,0.13333333333333333,0.13333333333333333,0.13333333333333333,0.6,0.13333333333333333,0.26666666666666666,0.13333333333333333,0.13333333333333333,0.13333333333333333,0.13333333333333333,0.3333333333333333,0.0,0.2,0.2,0.26666666666666666,0.13333333333333333
ALL_145_VIE_HT2_S060,0.8666666666666667,0.06666666666666667,0.3333333333333333,0.13333333333333333,0.0,0.0,0.0,0.0,0.06666666666666667,0.13333333333333333,0.0,0.0,0.0,0.0,0.0,0.0,0.0,0.6,0.0,0.0,0.2,0.0,0.06666666666666667,0.0,0.06666666666666667,0.0,0.0,0.13333333333333333
ALL_146_VIE_HT2_S046,0.5333333333333333,0.25,0.5,0.0625,0.0625,0.0625,0.0625,0.0625,0.26666666666666666,0.5,0.25,0.0625,0.0625,0.1875,0.0625,0.0625,0.0625,0.625,0.25,0.25,0.0625,0.25,0.25,0.0625,0.4375,0.25,0.4375,0.375
ALL_146_VIE_HT2_S047,0.5,0.14285714285714285,0.6428571428571429,0.2857142857142857,0.0,0.0,0.0,0.07142857142857142,0.0,0.0,0.0,0.2857142857142857,0.0,0.21428571428571427,0.21428571428571427,0.21428571428571427,0.0,0.21428571428571427,0.07142857142857142,0.0,0.0,0.0,0.21428571428571427,0.14285714285714285,0.07142857142857142,0.0,0.0,0.07142857142857142
ALL_146_VIE_HT2_S048,0.7777777777777778,0.42105263157894735,0.631578947368421,0.2631578947368421,0.42105263157894735,0.3157894736842105,0.2631578947368421,0.2631578947368421,0.3333333333333333,0.2631578947368421,0.21052631578947367,0.21052631578947367,0.2631578947368421,0.21052631578947367,0.21052631578947367,0.21052631578947367,0.21052631578947367,0.2631578947368421,0.47368421052631576,0.21052631578947367,0.2631578947368421,0.21052631578947367,0.3157894736842105,0.3684210526315789,0.3157894736842105,0.21052631578947367,0.5263157894736842,0.3684210526315789
ALL_146_VIE_HT2_S049,0.625,0.5,0.625,0.25,0.125,0.25,0.25,0.1875,0.1875,0.4375,0.1875,0.1875,0.125,0.125,0.25,0.1875,0.0625,0.6875,0.3125,0.25,0.3125,0.1875,0.25,0.25,0.3125,0.125,0.375,0.25
ALL_146_VIE_HT2_S050,0.625,0.4117647058823529,0.5882352941176471,0.11764705882352941,0.11764705882352941,0.11764705882352941,0.11764705882352941,0.11764705882352941,0.1875,0.17647058823529413,0.17647058823529413,0.11764705882352941,0.11764705882352941,0.17647058823529413,0.17647058823529413,0.35294117647058826,0.11764705882352941,0.4117647058823529,0.29411764705882354,0.29411764705882354,0.23529411764705882,0.29411764705882354,0.23529411764705882,0.17647058823529413,0.29411764705882354,0.23529411764705882,0.35294117647058826,0.17647058823529413
ALL_146_VIE_HT2_S051,0.625,0.0625,0.3125,0.0,0.0,0.0,0.0,0.0,0.0625,0.0,0.0,0.0,0.0,0.0,0.0,0.0,0.0,0.3125,0.0625,0.0625,0.25,0.0,0.125,0.0,0.125,0.0,0.0625,0.0
ALL_146_VIE_HT2_S052,0.4375,0.125,0.3125,0.125,0.0,0.125,0.125,0.125,0.0625,0.25,0.125,0.125,0.0,0.125,0.0,0.0,0.125,0.25,0.125,0.125,0.125,0.0,0.0,0.125,0.25,0.0,0.25,0.1875
ALL_146_VIE_HT2_S053,0.8333333333333334,0.46153846153846156,0.8461538461538461,0.6923076923076923,0.38461538461538464,0.0,0.38461538461538464,0.5384615384615384,0.5,0.7692307692307693,0.6153846153846154,0.46153846153846156,0.5384615384615384,0.7692307692307693,0.15384615384615385,0.9230769230769231,0.0,0.38461538461538464,0.0,0.38461538461538464,0.6923076923076923,0.46153846153846156,0.46153846153846156,0.3076923076923077,0.7692307692307693,0.46153846153846156,0.7692307692307693,0.5384615384615384
ALL_146_VIE_HT2_S054,0.7142857142857143,0.8,0.7333333333333333,0.6666666666666666,0.26666666666666666,0.4,0.5333333333333333,0.26666666666666666,0.35714285714285715,0.6,0.4,0.5333333333333333,0.26666666666666666,0.26666666666666666,0.6,0.5333333333333333,0.26666666666666666,0.6,0.6,0.26666666666666666,0.6,0.4666666666666667,0.13333333333333333,0.4,0.4666666666666667,0.4666666666666667,0.4666666666666667,0.3333333333333333
ALL_146_VIE_HT2_S055,0.75,0.23529411764705882,0.7058823529411765,0.0,0.0,0.0,0.0,0.0,0.3125,0.0,0.11764705882352941,0.0,0.0,0.058823529411764705,0.0,0.11764705882352941,0.0,0.6470588235294118,0.0,0.35294117647058826,0.29411764705882354,0.11764705882352941,0.23529411764705882,0.0,0.058823529411764705,0.0,0.058823529411764705,0.0
ALL_146_VIE_HT2_S056,0.8333333333333334,0.3333333333333333,0.3888888888888889,0.16666666666666666,0.0,0.0,0.1111111111111111,0.2777777777777778,0.1111111111111111,0.2222222222222222,0.05555555555555555,0.0,0.0,0.0,0.0,0.0,0.2777777777777778,0.2777777777777778,0.3333333333333333,0.2777777777777778,0.05555555555555555,0.0,0.4444444444444444,0.05555555555555555,0.1111111111111111,0.0,0.2222222222222222,0.05555555555555555
ALL_146_VIE_HT2_S057,0.4117647058823529,0.0,0.5294117647058824,0.0,0.0,0.0,0.058823529411764705,0.058823529411764705,0.058823529411764705,0.11764705882352941,0.058823529411764705,0.0,0.0,0.058823529411764705,0.0,0.0,0.0,0.47058823529411764,0.058823529411764705,0.11764705882352941,0.35294117647058826,0.11764705882352941,0.17647058823529413,0.0,0.0,0.0,0.23529411764705882,0.058823529411764705
ALL_146_VIE_HT2_S058,0.7647058823529411,0.4117647058823529,0.6470588235294118,0.5294117647058824,0.17647058823529413,0.0,0.0,0.0,0.35294117647058826,0.29411764705882354,0.17647058823529413,0.23529411764705882,0.17647058823529413,0.17647058823529413,0.0,0.35294117647058826,0.17647058823529413,0.23529411764705882,0.17647058823529413,0.35294117647058826,0.17647058823529413,0.35294117647058826,0.35294117647058826,0.17647058823529413,0.17647058823529413,0.4117647058823529,0.23529411764705882,0.17647058823529413
ALL_146_VIE_HT2_S059,0.7857142857142857,0.0,0.5333333333333333,0.26666666666666666,0.4,0.4,0.2,0.4,0.42857142857142855,0.4666666666666667,0.3333333333333333,0.26666666666666666,0.3333333333333333,0.4,0.4666666666666667,0.26666666666666666,0.26666666666666666,0.2,0.2,0.3333333333333333,0.0,0.4,0.4,0.2,0.26666666666666666,0.26666666666666666,0.5333333333333333,0.13333333333333333
ALL_146_VIE_HT2_S060,0.4666666666666667,0.2,0.4,0.4,0.0,0.06666666666666667,0.0,0.2,0.06666666666666667,0.06666666666666667,0.13333333333333333,0.4,0.0,0.26666666666666666,0.0,1.0,0.06666666666666667,0.06666666666666667,0.3333333333333333,0.13333333333333333,0.2,0.06666666666666667,0.13333333333333333,0.2,0.26666666666666666,0.0,0.4666666666666667,0.2
