utt_id,tier,cer,segER,toneER,mt
00200114,whisper-tiny,0.1111,0.0,0.1111,0.1111111111111111
00200114,whisper-base,0.2222,0.1111,0.2222,0.125
00200114,whisper-small,0.0,0.0,0.0,0.0
00200114,vosk-cn,0.0,0.0,0.0,0.0
00200114,wav2vec2-zh,0.0,0.0,0.0,0.0
00200114,paraformer-zh,0.0,0.0,0.0,0.0
00200114,zipformer-zh-en,0.1111,0.0,0.1111,0.1111111111111111
00200114,sense-voice,0.0,0.0,0.0,0.0
00200210,whisper-tiny,0.875,0.625,0.625,0.6666666666666666
00200210,whisper-base,0.75,0.625,0.625,0.3333333333333333
00200210,whisper-small,0.75,0.25,0.625,0.6666666666666666
00200210,vosk-cn,0.875,0.625,0.75,0.6666666666666666
00200210,wav2vec2-zh,0.75,0.25,0.625,0.6666666666666666
00200210,paraformer-zh,0.0,0.0,0.0,0.0
00200210,zipformer-zh-en,0.875,0.5,0.75,0.75
00200210,sense-voice,0.0,0.0,0.0,0.0
00200306,whisper-tiny,0.2727,0.1818,0.0909,0.1111111111111111
00200306,whisper-base,0.0909,0.0909,0.0,0.0
00200306,whisper-small,0.0,0.0,0.0,0.0
00200306,vosk-cn,0.0,0.0,0.0,0.0
00200306,wav2vec2-zh,0.1818,0.0909,0.0909,0.1
00200306,paraformer-zh,0.0,0.0,0.0,0.0
00200306,zipformer-zh-en,0.1818,0.0909,0.0909,0.1
00200306,sense-voice,0.0909,0.0,0.0909,0.09090909090909091
00200402,whisper-tiny,0.1667,0.1667,0.1667,0.0
00200402,whisper-base,0.3333,0.1667,0.1667,0.2
00200402,whisper-small,0.0,0.0,0.0,0.0
00200402,vosk-cn,0.0,0.0,0.0,0.0
00200402,wav2vec2-zh,0.0,0.0,0.0,0.0
00200402,paraformer-zh,0.0,0.0,0.0,0.0
00200402,zipformer-zh-en,0.0,0.0,0.0,0.0
00200402,sense-voice,0.0,0.0,0.0,0.0
00200418,whisper-tiny,0.0,0.0,0.0,0.0
00200418,whisper-base,0.0833,0.0,0.0833,0.08333333333333333
00200418,whisper-small,0.0,0.0,0.0,0.0
00200418,vosk-cn,0.0833,0.0,0.0833,0.08333333333333333
00200418,wav2vec2-zh,0.0833,0.0833,0.0833,0.0
00200418,paraformer-zh,0.0,0.0,0.0,0.0
00200418,zipformer-zh-en,0.0833,0.0,0.0833,0.08333333333333333
00200418,sense-voice,0.0,0.0,0.0,0.0
00200514,whisper-tiny,0.6667,0.4444,0.3333,0.3333333333333333
00200514,whisper-base,0.2222,0.1111,0.2222,0.125
00200514,whisper-small,0.1111,0.0,0.1111,0.1111111111111111
00200514,vosk-cn,0.7778,0.6667,0.5556,0.2
00200514,wav2vec2-zh,0.4444,0.0,0.4444,0.4444444444444444
00200514,paraformer-zh,0.2222,0.0,0.2222,0.2222222222222222
00200514,zipformer-zh-en,0.4444,0.1111,0.4444,0.375
00200514,sense-voice,0.1111,0.0,0.1111,0.1111111111111111
00200610,whisper-tiny,0.375,0.125,0.125,0.14285714285714285
00200610,whisper-base,0.125,0.125,0.0,0.0
00200610,whisper-small,0.125,0.125,0.125,0.0
00200610,vosk-cn,0.125,0.125,0.125,0.0
00200610,wav2vec2-zh,0.375,0.125,0.25,0.14285714285714285
00200610,paraformer-zh,0.0,0.0,0.0,0.0
00200610,zipformer-zh-en,0.125,0.125,0.125,0.0
00200610,sense-voice,0.125,0.125,0.125,0.0
00200706,whisper-tiny,0.1818,0.1818,0.1818,0.0
00200706,whisper-base,0.1818,0.1818,0.1818,0.0
00200706,whisper-small,0.1818,0.1818,0.1818,0.0
00200706,vosk-cn,0.3636,0.3636,0.3636,0.0
00200706,wav2vec2-zh,0.3636,0.3636,0.2727,0.0
00200706,paraformer-zh,0.1818,0.1818,0.1818,0.0
00200706,zipformer-zh-en,0.1818,0.1818,0.1818,0.0
00200706,sense-voice,0.0909,0.0909,0.0909,0.0
00200802,whisper-tiny,0.0,0.0,0.0,0.0
00200802,whisper-base,0.0,0.0,0.0,0.0
00200802,whisper-small,0.0,0.0,0.0,0.0
00200802,vosk-cn,0.0,0.0,0.0,0.0
00200802,wav2vec2-zh,0.3333,0.0,0.3333,0.3333333333333333
00200802,paraformer-zh,0.0,0.0,0.0,0.0
00200802,zipformer-zh-en,0.1667,0.1667,0.1667,0.0
00200802,sense-voice,0.0,0.0,0.0,0.0
00200818,whisper-tiny,0.1667,0.1667,0.1667,0.0
00200818,whisper-base,0.1667,0.0,0.1667,0.16666666666666666
00200818,whisper-small,0.25,0.1667,0.1667,0.09090909090909091
00200818,vosk-cn,0.4167,0.25,0.1667,0.09090909090909091
00200818,wav2vec2-zh,0.25,0.1667,0.1667,0.09090909090909091
00200818,paraformer-zh,0.25,0.1667,0.1667,0.09090909090909091
00200818,zipformer-zh-en,0.25,0.1667,0.1667,0.09090909090909091
00200818,sense-voice,0.25,0.1667,0.1667,0.09090909090909091
00200914,whisper-tiny,0.1111,0.1111,0.1111,0.0
00200914,whisper-base,0.0,0.0,0.0,0.0
00200914,whisper-small,0.0,0.0,0.0,0.0
00200914,vosk-cn,0.0,0.0,0.0,0.0
00200914,wav2vec2-zh,0.0,0.0,0.0,0.0
00200914,paraformer-zh,0.0,0.0,0.0,0.0
00200914,zipformer-zh-en,0.0,0.0,0.0,0.0
00200914,sense-voice,0.0,0.0,0.0,0.0
00201010,whisper-tiny,0.375,0.375,0.25,0.0
00201010,whisper-base,0.125,0.125,0.0,0.0
00201010,whisper-small,0.0,0.0,0.0,0.0
00201010,vosk-cn,0.0,0.0,0.0,0.0
00201010,wav2vec2-zh,0.125,0.125,0.125,0.0
00201010,paraformer-zh,0.0,0.0,0.0,0.0
00201010,zipformer-zh-en,0.25,0.125,0.125,0.0
00201010,sense-voice,0.0,0.0,0.0,0.0
00201106,whisper-tiny,0.0,0.0,0.0,0.0
00201106,whisper-base,0.0909,0.0,0.0909,0.09090909090909091
00201106,whisper-small,0.1818,0.0909,0.0909,0.0
00201106,vosk-cn,0.0,0.0,0.0,0.0
00201106,wav2vec2-zh,0.2727,0.0909,0.1818,0.2
00201106,paraformer-zh,0.2727,0.0909,0.2727,0.2
00201106,zipformer-zh-en,0.3636,0.0909,0.3636,0.3
00201106,sense-voice,0.0,0.0,0.0,0.0
00201202,whisper-tiny,0.0,0.0,0.0,0.0
00201202,whisper-base,0.0,0.0,0.0,0.0
00201202,whisper-small,0.0,0.0,0.0,0.0
00201202,vosk-cn,0.0,0.0,0.0,0.0
00201202,wav2vec2-zh,0.0,0.0,0.0,0.0
00201202,paraformer-zh,0.0,0.0,0.0,0.0
00201202,zipformer-zh-en,0.0,0.0,0.0,0.0
00201202,sense-voice,0.0,0.0,0.0,0.0
00201218,whisper-tiny,0.0,0.0,0.0,0.0
00201218,whisper-base,0.0,0.0,0.0,0.0
00201218,whisper-small,0.0833,0.0,0.0833,0.08333333333333333
00201218,vosk-cn,0.0,0.0,0.0,0.0
00201218,wav2vec2-zh,0.1667,0.0833,0.1667,0.09090909090909091
00201218,paraformer-zh,0.0833,0.0,0.0833,0.08333333333333333
00201218,zipformer-zh-en,0.0833,0.0,0.0833,0.08333333333333333
00201218,sense-voice,0.0,0.0,0.0,0.0
00201314,whisper-tiny,0.1111,0.0,0.1111,0.1111111111111111
00201314,whisper-base,0.3333,0.0,0.3333,0.3333333333333333
00201314,whisper-small,0.2222,0.0,0.2222,0.2222222222222222
00201314,vosk-cn,0.3333,0.1111,0.3333,0.25
00201314,wav2vec2-zh,0.3333,0.0,0.3333,0.3333333333333333
00201314,paraformer-zh,0.3333,0.0,0.3333,0.3333333333333333
00201314,zipformer-zh-en,0.3333,0.0,0.3333,0.3333333333333333
00201314,sense-voice,0.2222,0.0,0.2222,0.2222222222222222
00201410,whisper-tiny,0.25,0.125,0.25,0.14285714285714285
00201410,whisper-base,0.5,0.25,0.5,0.3333333333333333
00201410,whisper-small,0.5,0.125,0.25,0.14285714285714285
00201410,vosk-cn,0.375,0.25,0.375,0.16666666666666666
00201410,wav2vec2-zh,0.75,0.125,0.625,0.7142857142857143
00201410,paraformer-zh,0.0,0.0,0.0,0.0
00201410,zipformer-zh-en,0.25,0.0,0.25,0.25
00201410,sense-voice,0.0,0.0,0.0,0.0
00201506,whisper-tiny,0.2727,0.0909,0.1818,0.2
00201506,whisper-base,0.2727,0.0909,0.1818,0.2
00201506,whisper-small,0.0909,0.0,0.0909,0.09090909090909091
00201506,vosk-cn,0.0,0.0,0.0,0.0
00201506,wav2vec2-zh,0.2727,0.0909,0.1818,0.2
00201506,paraformer-zh,0.1818,0.0,0.1818,0.18181818181818182
00201506,zipformer-zh-en,0.0909,0.0,0.0909,0.09090909090909091
00201506,sense-voice,0.0909,0.0,0.0909,0.09090909090909091
00201602,whisper-tiny,0.0,0.0,0.0,0.0
00201602,whisper-base,0.0,0.0,0.0,0.0
00201602,whisper-small,0.0,0.0,0.0,0.0
00201602,vosk-cn,0.0,0.0,0.0,0.0
00201602,wav2vec2-zh,0.0,0.0,0.0,0.0
00201602,paraformer-zh,0.0,0.0,0.0,0.0
00201602,zipformer-zh-en,0.0,0.0,0.0,0.0
00201602,sense-voice,0.0,0.0,0.0,0.0
00201618,whisper-tiny,0.0833,0.0833,0.0,0.0
00201618,whisper-base,0.0,0.0,0.0,0.0
00201618,whisper-small,0.0,0.0,0.0,0.0
00201618,vosk-cn,0.0,0.0,0.0,0.0
00201618,wav2vec2-zh,0.1667,0.1667,0.0833,0.0
00201618,paraformer-zh,0.0,0.0,0.0,0.0
00201618,zipformer-zh-en,0.0,0.0,0.0,0.0
00201618,sense-voice,0.0,0.0,0.0,0.0
00201743,whisper-tiny,0.6316,0.3684,0.2105,0.15384615384615385
00201743,whisper-base,0.3684,0.2632,0.1579,0.06666666666666667
00201743,whisper-small,0.3684,0.2105,0.2105,0.125
00201743,vosk-cn,0.4737,0.3158,0.3158,0.21428571428571427
00201743,wav2vec2-zh,0.4737,0.2632,0.3684,0.2
00201743,paraformer-zh,0.1579,0.1579,0.1579,0.0
00201743,zipformer-zh-en,0.4211,0.3684,0.2632,0.07692307692307693
00201743,sense-voice,0.1579,0.1579,0.1579,0.0
00201801,whisper-tiny,1.6,1.6,1.4,
00201801,whisper-base,2.4,2.4,1.8,
00201801,whisper-small,0.8,0.8,0.8,0.0
00201801,vosk-cn,0.2,0.2,0.0,0.0
00201801,wav2vec2-zh,0.6,0.6,0.4,0.0
00201801,paraformer-zh,0.8,0.8,0.8,0.0
00201801,zipformer-zh-en,0.6,0.6,0.6,0.0
00201801,sense-voice,0.2,0.2,0.2,0.0
00201817,whisper-tiny,0.6,0.6,0.4,0.0
00201817,whisper-base,0.4,0.4,0.4,0.0
00201817,whisper-small,0.0,0.0,0.0,0.0
00201817,vosk-cn,0.6,0.6,0.2,0.0
00201817,wav2vec2-zh,0.2,0.2,0.0,0.0
00201817,paraformer-zh,0.4,0.4,0.4,0.0
00201817,zipformer-zh-en,0.4,0.4,0.4,0.0
00201817,sense-voice,0.6,0.6,0.4,0.0
00201913,whisper-tiny,0.4286,0.1429,0.4286,0.3333333333333333
00201913,whisper-base,0.4286,0.2857,0.4286,0.2
00201913,whisper-small,0.4286,0.1429,0.1429,0.0
00201913,vosk-cn,0.5714,0.1429,0.2857,0.16666666666666666
00201913,wav2vec2-zh,0.4286,0.1429,0.4286,0.3333333333333333
00201913,paraformer-zh,0.4286,0.1429,0.1429,0.0
00201913,zipformer-zh-en,0.5714,0.2857,0.4286,0.2
00201913,sense-voice,0.4286,0.1429,0.1429,0.0
00202009,whisper-tiny,0.0,0.0,0.0,0.0
00202009,whisper-base,0.0,0.0,0.0,0.0
00202009,whisper-small,0.0,0.0,0.0,0.0
00202009,vosk-cn,0.0,0.0,0.0,0.0
00202009,wav2vec2-zh,0.0,0.0,0.0,0.0
00202009,paraformer-zh,0.0,0.0,0.0,0.0
00202009,zipformer-zh-en,0.0,0.0,0.0,0.0
00202009,sense-voice,0.0,0.0,0.0,0.0
00202105,whisper-tiny,0.5,0.3333,0.6667,0.4
00202105,whisper-base,0.6667,0.3333,0.3333,0.25
00202105,whisper-small,0.6667,0.3333,0.5,0.5
00202105,vosk-cn,0.5,0.1667,0.1667,0.0
00202105,wav2vec2-zh,0.6667,0.3333,0.5,0.5
00202105,paraformer-zh,0.5,0.5,0.1667,0.0
00202105,zipformer-zh-en,0.6667,0.3333,0.5,0.25
00202105,sense-voice,0.8333,0.5,0.5,0.3333333333333333
00202201,whisper-tiny,0.2,0.2,0.2,0.0
00202201,whisper-base,0.0,0.0,0.0,0.0
00202201,whisper-small,0.8,0.8,0.6,0.0
00202201,vosk-cn,0.2,0.2,0.0,0.0
00202201,wav2vec2-zh,0.4,0.4,0.2,0.0
00202201,paraformer-zh,0.0,0.0,0.0,0.0
00202201,zipformer-zh-en,0.0,0.0,0.0,0.0
00202201,sense-voice,1.0,1.0,1.0,
00202217,whisper-tiny,0.8,0.8,0.6,0.0
00202217,whisper-base,0.4,0.4,0.0,0.0
00202217,whisper-small,0.0,0.0,0.0,0.0
00202217,vosk-cn,0.2,0.2,0.2,0.0
00202217,wav2vec2-zh,0.0,0.0,0.0,0.0
00202217,paraformer-zh,0.0,0.0,0.0,0.0
00202217,zipformer-zh-en,0.0,0.0,0.0,0.0
00202217,sense-voice,0.0,0.0,0.0,0.0
00202313,whisper-tiny,0.5455,0.4545,0.2727,0.0
00202313,whisper-base,0.4545,0.2727,0.0909,0.0
00202313,whisper-small,0.2727,0.2727,0.0909,0.0
00202313,vosk-cn,0.0,0.0,0.0,0.0
00202313,wav2vec2-zh,0.2727,0.2727,0.0909,0.0
00202313,paraformer-zh,0.0909,0.0909,0.0909,0.0
00202313,zipformer-zh-en,0.2727,0.2727,0.0909,0.0
00202313,sense-voice,0.0909,0.0909,0.0909,0.0
00202329,whisper-tiny,0.3846,0.3846,0.3077,0.0
00202329,whisper-base,0.1538,0.1538,0.0769,0.0
00202329,whisper-small,0.2308,0.2308,0.1538,0.0
00202329,vosk-cn,0.7692,0.7692,0.3846,0.0
00202329,wav2vec2-zh,0.6154,0.3846,0.4615,0.2
00202329,paraformer-zh,0.2308,0.2308,0.2308,0.0
00202329,zipformer-zh-en,0.3077,0.2308,0.2308,0.08333333333333333
00202329,sense-voice,0.2308,0.2308,0.2308,0.0
00202345,whisper-tiny,0.4667,0.4,0.3333,0.1111111111111111
00202345,whisper-base,0.2667,0.2667,0.2,0.09090909090909091
00202345,whisper-small,0.1333,0.1333,0.1333,0.07692307692307693
00202345,vosk-cn,0.4667,0.3333,0.2,0.0
00202345,wav2vec2-zh,0.4,0.2,0.2667,0.25
00202345,paraformer-zh,0.2,0.2,0.2,0.08333333333333333
00202345,zipformer-zh-en,0.2667,0.1333,0.1333,0.07692307692307693
00202345,sense-voice,0.1333,0.1333,0.1333,0.0
00202361,whisper-tiny,0.0,0.0,0.0,0.0
00202361,whisper-base,0.0,0.0,0.0,0.0
00202361,whisper-small,0.0,0.0,0.0,0.0
00202361,vosk-cn,0.1,0.1,0.1,0.0
00202361,wav2vec2-zh,0.1,0.0,0.0,0.0
00202361,paraformer-zh,0.0,0.0,0.0,0.0
00202361,zipformer-zh-en,0.0,0.0,0.0,0.0
00202361,sense-voice,0.0,0.0,0.0,0.0
00202415,whisper-tiny,0.1111,0.0,0.0,0.0
00202415,whisper-base,0.2778,0.1111,0.0,0.0
00202415,whisper-small,0.1111,0.0,0.0,0.0
00202415,vosk-cn,0.1111,0.1111,0.0556,0.0
00202415,wav2vec2-zh,0.2778,0.0556,0.0556,0.058823529411764705
00202415,paraformer-zh,0.1111,0.0556,0.0,0.0
00202415,zipformer-zh-en,0.1111,0.0556,0.0,0.0
00202415,sense-voice,0.1111,0.0556,0.0,0.0
00202431,whisper-tiny,0.7778,0.5556,0.5556,0.125
00202431,whisper-base,0.5556,0.4444,0.4444,0.125
00202431,whisper-small,0.0,0.0,0.0,0.0
00202431,vosk-cn,0.3333,0.3333,0.3333,0.0
00202431,wav2vec2-zh,0.7778,0.5556,0.5556,0.2857142857142857
00202431,paraformer-zh,0.3333,0.3333,0.3333,0.0
00202431,zipformer-zh-en,0.3333,0.3333,0.3333,0.0
00202431,sense-voice,0.3333,0.3333,0.3333,0.0
00202447,whisper-tiny,0.4167,0.25,0.25,0.0
00202447,whisper-base,0.3333,0.25,0.25,0.0
00202447,whisper-small,0.3333,0.25,0.25,0.0
00202447,vosk-cn,0.4167,0.4167,0.3333,0.0
00202447,wav2vec2-zh,0.5,0.25,0.25,0.0
00202447,paraformer-zh,0.25,0.25,0.25,0.0
00202447,zipformer-zh-en,0.4167,0.25,0.25,0.0
00202447,sense-voice,0.25,0.25,0.25,0.0
00202501,whisper-tiny,0.2727,0.0,0.1818,0.18181818181818182
00202501,whisper-base,0.2727,0.0,0.0909,0.09090909090909091
00202501,whisper-small,0.2727,0.0,0.0909,0.09090909090909091
00202501,vosk-cn,0.0909,0.0,0.0,0.0
00202501,wav2vec2-zh,0.2727,0.0,0.0,0.0
00202501,paraformer-zh,0.0909,0.0,0.0,0.0
00202501,zipformer-zh-en,0.2727,0.0,0.0909,0.09090909090909091
00202501,sense-voice,0.1818,0.0,0.0909,0.09090909090909091
00202517,whisper-tiny,0.2222,0.0,0.2222,0.2222222222222222
00202517,whisper-base,0.3333,0.1111,0.3333,0.25
00202517,whisper-small,0.2222,0.0,0.1111,0.1111111111111111
00202517,vosk-cn,0.5556,0.3333,0.3333,0.16666666666666666
00202517,wav2vec2-zh,0.3333,0.2222,0.1111,0.0
00202517,paraformer-zh,0.0,0.0,0.0,0.0
00202517,zipformer-zh-en,0.0,0.0,0.0,0.0
00202517,sense-voice,0.0,0.0,0.0,0.0
00202604,whisper-tiny,0.5,0.4,0.4,0.16666666666666666
00202604,whisper-base,0.4,0.3,0.4,0.14285714285714285
00202604,whisper-small,0.5,0.3,0.4,0.2857142857142857
00202604,vosk-cn,0.7,0.4,0.6,0.5
00202604,wav2vec2-zh,0.6,0.4,0.5,0.3333333333333333
00202604,paraformer-zh,0.2,0.2,0.2,0.0
00202604,zipformer-zh-en,0.4,0.3,0.3,0.14285714285714285
00202604,sense-voice,0.2,0.2,0.2,0.0
00202620,whisper-tiny,0.2222,0.2222,0.2222,0.0
00202620,whisper-base,0.2222,0.2222,0.2222,0.0
00202620,whisper-small,0.2222,0.2222,0.2222,0.0
00202620,vosk-cn,0.3333,0.3333,0.2222,0.0
00202620,wav2vec2-zh,0.7778,0.6667,0.5556,0.3333333333333333
00202620,paraformer-zh,0.3333,0.3333,0.2222,0.0
00202620,zipformer-zh-en,0.3333,0.3333,0.2222,0.0
00202620,sense-voice,0.3333,0.2222,0.2222,0.0
00202636,whisper-tiny,0.1818,0.0909,0.0909,0.1
00202636,whisper-base,0.1818,0.0909,0.0909,0.1
00202636,whisper-small,0.0,0.0,0.0,0.0
00202636,vosk-cn,0.4545,0.2727,0.3636,0.2
00202636,wav2vec2-zh,0.2727,0.0,0.1818,0.18181818181818182
00202636,paraformer-zh,0.0909,0.0909,0.0909,0.0
00202636,zipformer-zh-en,0.2727,0.2727,0.0909,0.0
00202636,sense-voice,0.0909,0.0909,0.0909,0.0
00202652,whisper-tiny,0.3125,0.1875,0.3125,0.13333333333333333
00202652,whisper-base,0.0625,0.0,0.0625,0.0625
00202652,whisper-small,0.3125,0.25,0.3125,0.0625
00202652,vosk-cn,0.6875,0.625,0.625,0.08333333333333333
00202652,wav2vec2-zh,0.625,0.3125,0.4375,0.38461538461538464
00202652,paraformer-zh,0.4375,0.4375,0.375,0.06666666666666667
00202652,zipformer-zh-en,0.625,0.5,0.5,0.14285714285714285
00202652,sense-voice,0.25,0.1875,0.1875,0.125
00202706,whisper-tiny,0.3125,0.25,0.125,0.0
00202706,whisper-base,0.375,0.25,0.125,0.0
00202706,whisper-small,0.125,0.125,0.0625,0.0
00202706,vosk-cn,0.5625,0.4375,0.5,0.15384615384615385
00202706,wav2vec2-zh,0.5,0.4375,0.3125,0.0
00202706,paraformer-zh,0.375,0.3125,0.3125,0.06666666666666667
00202706,zipformer-zh-en,0.5,0.4375,0.375,0.07692307692307693
00202706,sense-voice,0.3125,0.3125,0.25,0.0
00202722,whisper-tiny,0.6,0.3,0.45,0.29411764705882354
00202722,whisper-base,0.6,0.25,0.4,0.2777777777777778
00202722,whisper-small,0.2,0.1,0.15,0.1111111111111111
00202722,vosk-cn,0.6,0.55,0.5,0.058823529411764705
00202722,wav2vec2-zh,0.7,0.45,0.6,0.2222222222222222
00202722,paraformer-zh,0.5,0.5,0.45,0.0
00202722,zipformer-zh-en,0.65,0.55,0.55,0.11764705882352941
00202722,sense-voice,0.4,0.4,0.4,0.0
00202738,whisper-tiny,0.2222,0.1111,0.1111,0.125
00202738,whisper-base,0.1111,0.0,0.1111,0.1111111111111111
00202738,whisper-small,0.0,0.0,0.0,0.0
00202738,vosk-cn,0.2222,0.2222,0.2222,0.0
00202738,wav2vec2-zh,0.3333,0.1111,0.1111,0.0
00202738,paraformer-zh,0.2222,0.2222,0.2222,0.0
00202738,zipformer-zh-en,0.2222,0.2222,0.2222,0.0
00202738,sense-voice,0.2222,0.2222,0.2222,0.0
00202754,whisper-tiny,0.5,0.2222,0.3333,0.25
00202754,whisper-base,0.3333,0.2778,0.2222,0.07692307692307693
00202754,whisper-small,0.3333,0.1667,0.2778,0.17647058823529413
00202754,vosk-cn,0.5556,0.4444,0.5,0.1875
00202754,wav2vec2-zh,0.6111,0.3889,0.4444,0.25
00202754,paraformer-zh,0.4444,0.3889,0.4444,0.058823529411764705
00202754,zipformer-zh-en,0.6667,0.3889,0.5,0.3125
00202754,sense-voice,0.4444,0.3889,0.3889,0.058823529411764705
00202808,whisper-tiny,0.2222,0.2222,0.2222,0.0
00202808,whisper-base,0.3333,0.2222,0.3333,0.14285714285714285
00202808,whisper-small,0.0,0.0,0.0,0.0
00202808,vosk-cn,0.4444,0.3333,0.3333,0.16666666666666666
00202808,wav2vec2-zh,0.3333,0.2222,0.2222,0.0
00202808,paraformer-zh,0.0,0.0,0.0,0.0
00202808,zipformer-zh-en,0.2222,0.2222,0.2222,0.0
00202808,sense-voice,0.0,0.0,0.0,0.0
00202824,whisper-tiny,0.0833,0.0,0.0,0.0
00202824,whisper-base,0.0833,0.0,0.0,0.0
00202824,whisper-small,0.0,0.0,0.0,0.0
00202824,vosk-cn,0.25,0.1667,0.0833,0.0
00202824,wav2vec2-zh,0.3333,0.0833,0.25,0.2727272727272727
00202824,paraformer-zh,0.0833,0.0,0.0833,0.08333333333333333
00202824,zipformer-zh-en,0.0,0.0,0.0,0.0
00202824,sense-voice,0.1667,0.0,0.0833,0.08333333333333333
00202840,whisper-tiny,1.4545,1.1818,1.0909,0.4
00202840,whisper-base,1.0909,0.8182,0.9091,0.25
00202840,whisper-small,0.8182,0.6364,0.8182,0.2857142857142857
00202840,vosk-cn,1.1818,1.1818,0.8182,0.0
00202840,wav2vec2-zh,1.2727,1.0909,1.0,0.42857142857142855
00202840,paraformer-zh,0.8182,0.7273,0.7273,0.2
00202840,zipformer-zh-en,1.0909,0.8182,0.7273,0.25
00202840,sense-voice,0.8182,0.8182,0.8182,0.0
00202856,whisper-tiny,0.3333,0.3333,0.3333,0.0
00202856,whisper-base,0.3333,0.3333,0.25,0.0
00202856,whisper-small,0.3333,0.3333,0.25,0.0
00202856,vosk-cn,0.25,0.25,0.25,0.0
00202856,wav2vec2-zh,0.5,0.25,0.3333,0.1
00202856,paraformer-zh,0.25,0.25,0.1667,0.0
00202856,zipformer-zh-en,0.1667,0.1667,0.1667,0.0
00202856,sense-voice,0.25,0.25,0.1667,0.0
00202910,whisper-tiny,0.3571,0.1429,0.2143,0.15384615384615385
00202910,whisper-base,0.3571,0.1429,0.1429,0.07692307692307693
00202910,whisper-small,0.2857,0.1429,0.1429,0.07692307692307693
00202910,vosk-cn,0.4286,0.2857,0.2143,0.18181818181818182
00202910,wav2vec2-zh,0.3571,0.2143,0.2143,0.16666666666666666
00202910,paraformer-zh,0.0714,0.0714,0.0714,0.0
00202910,zipformer-zh-en,0.2143,0.0714,0.0,0.0
00202910,sense-voice,0.1429,0.0714,0.1429,0.07142857142857142
00202926,whisper-tiny,0.0,0.0,0.0,0.0
00202926,whisper-base,0.1667,0.1667,0.0833,0.0
00202926,whisper-small,0.0,0.0,0.0,0.0
00202926,vosk-cn,0.1667,0.1667,0.0,0.0
00202926,wav2vec2-zh,0.5,0.1667,0.0,0.0
00202926,paraformer-zh,0.0,0.0,0.0,0.0
00202926,zipformer-zh-en,0.1667,0.0833,0.0,0.0
00202926,sense-voice,0.0,0.0,0.0,0.0
00202942,whisper-tiny,0.2308,0.0769,0.0769,0.08333333333333333
00202942,whisper-base,0.3077,0.0769,0.0769,0.08333333333333333
00202942,whisper-small,0.0,0.0,0.0,0.0
00202942,vosk-cn,0.4615,0.1538,0.3077,0.2727272727272727
00202942,wav2vec2-zh,0.6154,0.3846,0.3077,0.125
00202942,paraformer-zh,0.0769,0.0769,0.0769,0.0
00202942,zipformer-zh-en,0.0769,0.0769,0.0769,0.0
00202942,sense-voice,0.0,0.0,0.0,0.0
00202958,whisper-tiny,0.1429,0.0,0.1429,0.14285714285714285
00202958,whisper-base,0.0,0.0,0.0,0.0
00202958,whisper-small,0.1429,0.0,0.1429,0.14285714285714285
00202958,vosk-cn,0.1429,0.0,0.1429,0.14285714285714285
00202958,wav2vec2-zh,0.1429,0.0,0.1429,0.14285714285714285
00202958,paraformer-zh,0.1429,0.0,0.1429,0.14285714285714285
00202958,zipformer-zh-en,0.1429,0.0,0.1429,0.14285714285714285
00202958,sense-voice,0.0,0.0,0.0,0.0
00203012,whisper-tiny,0.2308,0.2308,0.1538,0.0
00203012,whisper-base,0.2308,0.2308,0.1538,0.0
00203012,whisper-small,0.2308,0.2308,0.2308,0.0
00203012,vosk-cn,0.2308,0.2308,0.2308,0.0
00203012,wav2vec2-zh,0.3846,0.2308,0.3077,0.2
00203012,paraformer-zh,0.2308,0.2308,0.1538,0.0
00203012,zipformer-zh-en,0.2308,0.2308,0.2308,0.0
00203012,sense-voice,0.1538,0.1538,0.1538,0.0
00203028,whisper-tiny,0.1,0.0,0.1,0.1
00203028,whisper-base,0.3,0.2,0.1,0.125
00203028,whisper-small,0.3,0.2,0.2,0.125
00203028,vosk-cn,0.0,0.0,0.0,0.0
00203028,wav2vec2-zh,0.5,0.2,0.3,0.375
00203028,paraformer-zh,0.2,0.1,0.2,0.1111111111111111
00203028,zipformer-zh-en,0.4,0.2,0.3,0.25
00203028,sense-voice,0.3,0.1,0.3,0.2222222222222222
00203115,whisper-tiny,0.2778,0.1111,0.1667,0.0625
00203115,whisper-base,0.3889,0.1667,0.3333,0.26666666666666666
00203115,whisper-small,0.2222,0.0556,0.1667,0.11764705882352941
00203115,vosk-cn,0.4444,0.3333,0.3889,0.15384615384615385
00203115,wav2vec2-zh,0.6111,0.2778,0.4444,0.38461538461538464
00203115,paraformer-zh,0.1667,0.1111,0.1667,0.0625
00203115,zipformer-zh-en,0.6111,0.2222,0.5556,0.5
00203115,sense-voice,0.1111,0.0556,0.1111,0.058823529411764705
00203131,whisper-tiny,0.4444,0.4444,0.1111,0.0
00203131,whisper-base,0.4444,0.4444,0.3333,0.0
00203131,whisper-small,0.3333,0.3333,0.2222,0.0
00203131,vosk-cn,0.5556,0.4444,0.5556,0.2
00203131,wav2vec2-zh,0.6667,0.5556,0.3333,0.25
00203131,paraformer-zh,0.3333,0.3333,0.2222,0.0
00203131,zipformer-zh-en,0.5556,0.5556,0.3333,0.0
00203131,sense-voice,0.2222,0.2222,0.2222,0.0
00203147,whisper-tiny,0.5833,0.3333,0.3333,0.1
00203147,whisper-base,0.5833,0.25,0.3333,0.16666666666666666
00203147,whisper-small,0.3333,0.0833,0.25,0.18181818181818182
00203147,vosk-cn,0.5833,0.3333,0.25,0.1
00203147,wav2vec2-zh,0.6667,0.1667,0.3333,0.25
00203147,paraformer-zh,0.3333,0.1667,0.25,0.08333333333333333
00203147,zipformer-zh-en,0.5,0.1667,0.25,0.25
00203147,sense-voice,0.1667,0.1667,0.1667,0.0
00203201,whisper-tiny,0.2727,0.0,0.1818,0.18181818181818182
00203201,whisper-base,0.4545,0.0909,0.0909,0.1
00203201,whisper-small,0.6364,0.0,0.2727,0.2727272727272727
00203201,vosk-cn,0.3636,0.0909,0.0909,0.1
00203201,wav2vec2-zh,0.2727,0.0909,0.0,0.0
00203201,paraformer-zh,0.0909,0.0,0.0,0.0
00203201,zipformer-zh-en,0.0909,0.0,0.0,0.0
00203201,sense-voice,0.0909,0.0,0.0,0.0
00203217,whisper-tiny,0.3333,0.1111,0.2222,0.2222222222222222
00203217,whisper-base,0.3333,0.1111,0.2222,0.1111111111111111
00203217,whisper-small,0.3333,0.1111,0.2222,0.1111111111111111
00203217,vosk-cn,0.7778,0.4444,0.4444,0.3333333333333333
00203217,wav2vec2-zh,0.4444,0.2222,0.2222,0.125
00203217,paraformer-zh,0.1111,0.1111,0.1111,0.0
00203217,zipformer-zh-en,0.3333,0.1111,0.2222,0.2222222222222222
00203217,sense-voice,0.1111,0.1111,0.1111,0.0
00203307,whisper-tiny,0.3333,0.2222,0.3333,0.14285714285714285
00203307,whisper-base,0.4444,0.4444,0.4444,0.0
00203307,whisper-small,0.3333,0.2222,0.0,0.0
00203307,vosk-cn,0.2222,0.1111,0.2222,0.125
00203307,wav2vec2-zh,0.2222,0.1111,0.0,0.0
00203307,paraformer-zh,0.0,0.0,0.0,0.0
00203307,zipformer-zh-en,0.2222,0.1111,0.1111,0.125
00203307,sense-voice,0.0,0.0,0.0,0.0
00203323,whisper-tiny,0.1818,0.0909,0.0909,0.1
00203323,whisper-base,0.0,0.0,0.0,0.0
00203323,whisper-small,0.0,0.0,0.0,0.0
00203323,vosk-cn,0.0909,0.0909,0.0,0.0
00203323,wav2vec2-zh,0.0909,0.0909,0.0,0.0
00203323,paraformer-zh,0.0,0.0,0.0,0.0
00203323,zipformer-zh-en,0.0,0.0,0.0,0.0
00203323,sense-voice,0.0,0.0,0.0,0.0
00203339,whisper-tiny,0.5,0.1667,0.5,0.4
00203339,whisper-base,0.0,0.0,0.0,0.0
00203339,whisper-small,0.0,0.0,0.0,0.0
00203339,vosk-cn,0.0,0.0,0.0,0.0
00203339,wav2vec2-zh,0.0,0.0,0.0,0.0
00203339,paraformer-zh,0.0,0.0,0.0,0.0
00203339,zipformer-zh-en,0.0,0.0,0.0,0.0
00203339,sense-voice,0.0,0.0,0.0,0.0
00203355,whisper-tiny,0.0,0.0,0.0,0.0
00203355,whisper-base,0.2941,0.2353,0.2353,0.07142857142857142
00203355,whisper-small,0.0588,0.0588,0.0588,0.0
00203355,vosk-cn,0.3529,0.2941,0.1765,0.07692307692307693
00203355,wav2vec2-zh,0.1765,0.1765,0.1176,0.06666666666666667
00203355,paraformer-zh,0.1176,0.1176,0.0588,0.0
00203355,zipformer-zh-en,0.1176,0.1176,0.0588,0.0
00203355,sense-voice,0.1176,0.1176,0.0588,0.0
00203409,whisper-tiny,0.3333,0.1667,0.3333,0.4
00203409,whisper-base,0.1667,0.1667,0.0833,0.0
00203409,whisper-small,0.0,0.0,0.0,0.0
00203409,vosk-cn,0.0,0.0,0.0,0.0
00203409,wav2vec2-zh,0.25,0.0,0.0833,0.08333333333333333
00203409,paraformer-zh,0.0833,0.0,0.0833,0.08333333333333333
00203409,zipformer-zh-en,0.0833,0.0,0.1667,0.16666666666666666
00203409,sense-voice,0.0,0.0,0.0,0.0
00203425,whisper-tiny,0.5,0.25,0.25,0.0
00203425,whisper-base,0.1667,0.1667,0.1667,0.0
00203425,whisper-small,0.1667,0.1667,0.1667,0.0
00203425,vosk-cn,0.1667,0.1667,0.1667,0.0
00203425,wav2vec2-zh,0.3333,0.3333,0.1667,0.0
00203425,paraformer-zh,0.1667,0.1667,0.1667,0.0
00203425,zipformer-zh-en,0.1667,0.1667,0.1667,0.0
00203425,sense-voice,0.1667,0.1667,0.1667,0.0
00203512,whisper-tiny,0.1538,0.0769,0.0769,0.08333333333333333
00203512,whisper-base,0.2308,0.0769,0.1538,0.16666666666666666
00203512,whisper-small,0.2308,0.0769,0.0769,0.08333333333333333
00203512,vosk-cn,0.2308,0.1538,0.1538,0.09090909090909091
00203512,wav2vec2-zh,0.3077,0.0769,0.1538,0.16666666666666666
00203512,paraformer-zh,0.0769,0.0769,0.0769,0.0
00203512,zipformer-zh-en,0.2308,0.1538,0.1538,0.09090909090909091
00203512,sense-voice,0.0769,0.0769,0.0769,0.0
00203528,whisper-tiny,0.1,0.1,0.0,0.0
00203528,whisper-base,0.1,0.1,0.0,0.0
00203528,whisper-small,0.0,0.0,0.0,0.0
00203528,vosk-cn,0.1,0.1,0.0,0.0
00203528,wav2vec2-zh,0.3,0.1,0.3,0.2222222222222222
00203528,paraformer-zh,0.0,0.0,0.0,0.0
00203528,zipformer-zh-en,0.1,0.1,0.0,0.0
00203528,sense-voice,0.0,0.0,0.0,0.0
00203615,whisper-tiny,0.3889,0.2778,0.2778,0.06666666666666667
00203615,whisper-base,0.3889,0.2778,0.3333,0.0625
00203615,whisper-small,0.5,0.3889,0.3889,0.0625
00203615,vosk-cn,0.5556,0.4444,0.5,0.13333333333333333
00203615,wav2vec2-zh,0.3889,0.3333,0.2778,0.07142857142857142
00203615,paraformer-zh,0.4444,0.3889,0.3889,0.0625
00203615,zipformer-zh-en,0.4444,0.3889,0.2778,0.07142857142857142
00203615,sense-voice,0.3333,0.2778,0.3333,0.06666666666666667
00203631,whisper-tiny,0.5556,0.2222,0.4444,0.42857142857142855
00203631,whisper-base,0.2222,0.1111,0.1111,0.125
00203631,whisper-small,0.4444,0.1111,0.3333,0.375
00203631,vosk-cn,0.5556,0.4444,0.5556,0.2
00203631,wav2vec2-zh,0.6667,0.2222,0.5556,0.5714285714285714
00203631,paraformer-zh,0.0,0.0,0.0,0.0
00203631,zipformer-zh-en,0.2222,0.1111,0.2222,0.125
00203631,sense-voice,0.0,0.0,0.0,0.0
00203647,whisper-tiny,0.1667,0.0,0.0,0.0
00203647,whisper-base,0.0833,0.0,0.0,0.0
00203647,whisper-small,0.25,0.0833,0.0,0.0
00203647,vosk-cn,0.0833,0.0833,0.0833,0.0
00203647,wav2vec2-zh,0.3333,0.0833,0.0,0.0
00203647,paraformer-zh,0.0,0.0,0.0,0.0
00203647,zipformer-zh-en,0.0833,0.0,0.0833,0.08333333333333333
00203647,sense-voice,0.0,0.0,0.0,0.0
00203701,whisper-tiny,0.8182,0.4545,0.4545,0.5
00203701,whisper-base,0.9091,0.5455,0.5455,0.4
00203701,whisper-small,0.7273,0.3636,0.1818,0.14285714285714285
00203701,vosk-cn,0.5455,0.4545,0.2727,0.0
00203701,wav2vec2-zh,0.2727,0.1818,0.1818,0.1111111111111111
00203701,paraformer-zh,0.0909,0.0,0.0,0.0
00203701,zipformer-zh-en,0.3636,0.2727,0.0,0.0
00203701,sense-voice,0.0909,0.0,0.0,0.0
00203717,whisper-tiny,0.4444,0.4444,0.2222,0.0
00203717,whisper-base,0.3333,0.3333,0.1111,0.0
00203717,whisper-small,0.3333,0.2222,0.3333,0.14285714285714285
00203717,vosk-cn,0.5556,0.4444,0.3333,0.2
00203717,wav2vec2-zh,0.3333,0.3333,0.2222,0.0
00203717,paraformer-zh,0.3333,0.3333,0.2222,0.0
00203717,zipformer-zh-en,0.3333,0.2222,0.2222,0.14285714285714285
00203717,sense-voice,0.2222,0.2222,0.1111,0.0
00203733,whisper-tiny,0.5,0.3333,0.1667,0.25
00203733,whisper-base,0.5,0.5,0.1667,0.0
00203733,whisper-small,0.1667,0.1667,0.1667,0.0
00203733,vosk-cn,0.3333,0.3333,0.3333,0.0
00203733,wav2vec2-zh,0.1667,0.1667,0.1667,0.0
00203733,paraformer-zh,0.1667,0.1667,0.1667,0.0
00203733,zipformer-zh-en,0.1667,0.1667,0.1667,0.0
00203733,sense-voice,0.1667,0.1667,0.1667,0.0
00203749,whisper-tiny,0.4,0.2667,0.3333,0.18181818181818182
00203749,whisper-base,0.3333,0.2667,0.2,0.09090909090909091
00203749,whisper-small,0.2,0.0667,0.2,0.14285714285714285
00203749,vosk-cn,0.3333,0.2,0.2667,0.15384615384615385
00203749,wav2vec2-zh,0.4,0.0667,0.3333,0.35714285714285715
00203749,paraformer-zh,0.2,0.0667,0.1333,0.14285714285714285
00203749,zipformer-zh-en,0.2667,0.1333,0.1333,0.15384615384615385
00203749,sense-voice,0.3333,0.1333,0.2,0.23076923076923078
00203803,whisper-tiny,0.1875,0.125,0.0625,0.07142857142857142
00203803,whisper-base,0.1875,0.125,0.125,0.07142857142857142
00203803,whisper-small,0.1875,0.125,0.0625,0.07142857142857142
00203803,vosk-cn,0.0625,0.0,0.0625,0.0625
00203803,wav2vec2-zh,0.25,0.125,0.125,0.14285714285714285
00203803,paraformer-zh,0.0625,0.0,0.0625,0.0625
00203803,zipformer-zh-en,0.1875,0.125,0.0625,0.07142857142857142
00203803,sense-voice,0.1875,0.125,0.0625,0.07142857142857142
00203819,whisper-tiny,0.3077,0.0769,0.1538,0.16666666666666666
00203819,whisper-base,0.6154,0.3077,0.3077,0.3333333333333333
00203819,whisper-small,0.6154,0.3077,0.3077,0.3333333333333333
00203819,vosk-cn,0.2308,0.2308,0.2308,0.0
00203819,wav2vec2-zh,0.6923,0.3077,0.3077,0.2222222222222222
00203819,paraformer-zh,0.2308,0.1538,0.1538,0.09090909090909091
00203819,zipformer-zh-en,0.4615,0.3077,0.2308,0.1111111111111111
00203819,sense-voice,0.1538,0.0769,0.1538,0.08333333333333333
00203835,whisper-tiny,0.3333,0.1111,0.3333,0.25
00203835,whisper-base,0.1111,0.0,0.1111,0.1111111111111111
00203835,whisper-small,0.0,0.0,0.0,0.0
00203835,vosk-cn,0.1111,0.0,0.1111,0.1111111111111111
00203835,wav2vec2-zh,0.2222,0.0,0.2222,0.2222222222222222
00203835,paraformer-zh,0.0,0.0,0.0,0.0
00203835,zipformer-zh-en,0.0,0.0,0.0,0.0
00203835,sense-voice,0.0,0.0,0.0,0.0
00203851,whisper-tiny,0.25,0.1875,0.1875,0.07142857142857142
00203851,whisper-base,0.1875,0.1875,0.125,0.0
00203851,whisper-small,0.1875,0.1875,0.125,0.0
00203851,vosk-cn,0.75,0.625,0.625,0.07142857142857142
00203851,wav2vec2-zh,0.6875,0.5,0.5625,0.14285714285714285
00203851,paraformer-zh,0.625,0.5625,0.5625,0.07142857142857142
00203851,zipformer-zh-en,0.625,0.5625,0.5625,0.07142857142857142
00203851,sense-voice,0.5,0.5,0.4375,0.0
00203905,whisper-tiny,0.1176,0.0588,0.0588,0.0
00203905,whisper-base,0.2353,0.1765,0.1765,0.06666666666666667
00203905,whisper-small,0.0,0.0,0.0,0.0
00203905,vosk-cn,1.0,0.8824,0.8235,0.125
00203905,wav2vec2-zh,0.6471,0.3529,0.4706,0.38461538461538464
00203905,paraformer-zh,0.2353,0.2353,0.2353,0.0
00203905,zipformer-zh-en,0.5294,0.5294,0.5294,0.0
00203905,sense-voice,0.5294,0.5294,0.5294,0.0
00203921,whisper-tiny,0.625,0.3125,0.4375,0.2727272727272727
00203921,whisper-base,0.6875,0.1875,0.5,0.5384615384615384
00203921,whisper-small,0.375,0.0,0.25,0.25
00203921,vosk-cn,0.4375,0.25,0.375,0.25
00203921,wav2vec2-zh,0.625,0.375,0.5,0.36363636363636365
00203921,paraformer-zh,0.0625,0.0625,0.0625,0.0
00203921,zipformer-zh-en,0.625,0.375,0.5,0.3
00203921,sense-voice,0.0,0.0,0.0,0.0
00203937,whisper-tiny,0.2667,0.2,0.1333,0.0
00203937,whisper-base,0.4,0.2,0.3333,0.25
00203937,whisper-small,0.0,0.0,0.0,0.0
00203937,vosk-cn,0.4667,0.3333,0.4667,0.2
00203937,wav2vec2-zh,0.3333,0.1333,0.2,0.15384615384615385
00203937,paraformer-zh,0.2,0.0667,0.2,0.14285714285714285
00203937,zipformer-zh-en,0.3333,0.2,0.2,0.08333333333333333
00203937,sense-voice,0.1333,0.0667,0.1333,0.07142857142857142
00203953,whisper-tiny,0.8333,0.5,0.6667,0.6666666666666666
00203953,whisper-base,0.6667,0.5,0.6667,0.3333333333333333
00203953,whisper-small,1.0,0.8333,0.6667,0.5
00203953,vosk-cn,0.6667,0.5,0.6667,0.3333333333333333
00203953,wav2vec2-zh,0.8333,0.6667,0.6667,0.5
00203953,paraformer-zh,0.5,0.3333,0.5,0.25
00203953,zipformer-zh-en,0.6667,0.3333,0.6667,0.5
00203953,sense-voice,0.6667,0.5,0.6667,0.3333333333333333
00204007,whisper-tiny,0.7778,0.3333,0.5556,0.5
00204007,whisper-base,0.7778,0.2222,0.5556,0.5714285714285714
00204007,whisper-small,0.7778,0.2222,0.4444,0.5714285714285714
00204007,vosk-cn,0.6667,0.2222,0.2222,0.42857142857142855
00204007,wav2vec2-zh,0.6667,0.3333,0.5556,0.5
00204007,paraformer-zh,0.0,0.0,0.0,0.0
00204007,zipformer-zh-en,0.6667,0.3333,0.5556,0.5
00204007,sense-voice,0.0,0.0,0.0,0.0
00204023,whisper-tiny,0.4545,0.1818,0.0909,0.1111111111111111
00204023,whisper-base,0.3636,0.0909,0.2727,0.2
00204023,whisper-small,0.3636,0.0909,0.2727,0.2
00204023,vosk-cn,0.3636,0.0909,0.1818,0.1
00204023,wav2vec2-zh,0.4545,0.0909,0.2727,0.3
00204023,paraformer-zh,0.3636,0.0909,0.2727,0.2
00204023,zipformer-zh-en,0.3636,0.0,0.1818,0.18181818181818182
00204023,sense-voice,0.0,0.0,0.0,0.0
00204039,whisper-tiny,0.0,0.0,0.0,0.0
00204039,whisper-base,0.0,0.0,0.0,0.0
00204039,whisper-small,0.1667,0.1667,0.1667,0.0
00204039,vosk-cn,0.1667,0.1667,0.1667,0.0
00204039,wav2vec2-zh,0.5,0.3333,0.5,0.25
00204039,paraformer-zh,0.1667,0.1667,0.1667,0.0
00204039,zipformer-zh-en,0.6667,0.1667,0.5,0.4
00204039,sense-voice,0.0,0.0,0.0,0.0
00204055,whisper-tiny,0.5294,0.2353,0.4118,0.46153846153846156
00204055,whisper-base,0.3529,0.1176,0.4118,0.3333333333333333
00204055,whisper-small,0.4118,0.1765,0.4706,0.35714285714285715
00204055,vosk-cn,0.8824,0.6471,0.7059,0.5555555555555556
00204055,wav2vec2-zh,0.5294,0.2941,0.4706,0.38461538461538464
00204055,paraformer-zh,0.2941,0.2353,0.2941,0.06666666666666667
00204055,zipformer-zh-en,0.4706,0.2941,0.4706,0.2857142857142857
00204055,sense-voice,0.1765,0.1176,0.1765,0.06666666666666667
00204109,whisper-tiny,0.9167,0.3333,0.6667,0.75
00204109,whisper-base,0.25,0.0833,0.25,0.18181818181818182
00204109,whisper-small,0.25,0.0833,0.25,0.18181818181818182
00204109,vosk-cn,0.0833,0.0833,0.0833,0.0
00204109,wav2vec2-zh,0.4167,0.3333,0.5,0.3333333333333333
00204109,paraformer-zh,0.25,0.1667,0.25,0.08333333333333333
00204109,zipformer-zh-en,0.4167,0.1667,0.1667,0.1
00204109,sense-voice,0.1667,0.0833,0.1667,0.08333333333333333
00204125,whisper-tiny,0.0833,0.0833,0.0833,0.0
00204125,whisper-base,0.0833,0.0,0.0833,0.08333333333333333
00204125,whisper-small,0.0,0.0,0.0,0.0
00204125,vosk-cn,0.0,0.0,0.0,0.0
00204125,wav2vec2-zh,0.25,0.0833,0.1667,0.09090909090909091
00204125,paraformer-zh,0.0,0.0,0.0,0.0
00204125,zipformer-zh-en,0.0,0.0,0.0,0.0
00204125,sense-voice,0.0,0.0,0.0,0.0
00204141,whisper-tiny,0.375,0.25,0.125,0.16666666666666666
00204141,whisper-base,0.375,0.25,0.25,0.16666666666666666
00204141,whisper-small,0.25,0.125,0.125,0.14285714285714285
00204141,vosk-cn,0.0,0.0,0.0,0.0
00204141,wav2vec2-zh,0.375,0.25,0.25,0.16666666666666666
00204141,paraformer-zh,0.125,0.125,0.125,0.0
00204141,zipformer-zh-en,0.5,0.375,0.375,0.2
00204141,sense-voice,0.0,0.0,0.0,0.0
00204157,whisper-tiny,0.875,0.375,0.5,0.14285714285714285
00204157,whisper-base,1.125,0.375,0.5,0.14285714285714285
00204157,whisper-small,1.0,0.75,0.75,0.5
00204157,vosk-cn,0.5,0.375,0.25,0.0
00204157,wav2vec2-zh,1.0,0.625,0.0,0.0
00204157,paraformer-zh,0.25,0.25,0.25,0.0
00204157,zipformer-zh-en,0.75,0.625,0.5,0.2
00204157,sense-voice,0.25,0.25,0.25,0.0
00204211,whisper-tiny,0.2308,0.2308,0.0769,0.0
00204211,whisper-base,0.3077,0.1538,0.0769,0.0
00204211,whisper-small,0.3077,0.0769,0.1538,0.08333333333333333
00204211,vosk-cn,0.1538,0.0769,0.0,0.0
00204211,wav2vec2-zh,0.5385,0.1538,0.2308,0.18181818181818182
00204211,paraformer-zh,0.1538,0.0769,0.0,0.0
00204211,zipformer-zh-en,0.3077,0.0769,0.1538,0.16666666666666666
00204211,sense-voice,0.1538,0.0769,0.0,0.0
00204227,whisper-tiny,0.25,0.1667,0.1667,0.1
00204227,whisper-base,0.1667,0.0833,0.0,0.0
00204227,whisper-small,0.1667,0.1667,0.0833,0.0
00204227,vosk-cn,0.0,0.0,0.0,0.0
00204227,wav2vec2-zh,0.3333,0.1667,0.25,0.2
00204227,paraformer-zh,0.0,0.0,0.0,0.0
00204227,zipformer-zh-en,0.3333,0.0833,0.25,0.2727272727272727
00204227,sense-voice,0.0,0.0,0.0,0.0
00204243,whisper-tiny,0.75,0.5,0.5,0.5
00204243,whisper-base,1.0,0.625,0.75,0.75
00204243,whisper-small,0.375,0.25,0.25,0.16666666666666666
00204243,vosk-cn,0.5,0.5,0.25,0.0
00204243,wav2vec2-zh,1.0,0.75,0.5,0.3333333333333333
00204243,paraformer-zh,0.875,0.375,0.5,0.3333333333333333
00204243,zipformer-zh-en,0.75,0.5,0.5,0.2
00204243,sense-voice,1.0,0.375,0.625,0.5
00204259,whisper-tiny,0.5333,0.2667,0.2667,0.2727272727272727
00204259,whisper-base,0.4667,0.2,0.3333,0.25
00204259,whisper-small,0.3333,0.0667,0.2,0.21428571428571427
00204259,vosk-cn,0.4,0.2,0.2667,0.16666666666666666
00204259,wav2vec2-zh,0.5333,0.2667,0.3333,0.2727272727272727
00204259,paraformer-zh,0.1333,0.0667,0.1333,0.07142857142857142
00204259,zipformer-zh-en,0.6,0.3333,0.3333,0.3
00204259,sense-voice,0.1333,0.0667,0.0667,0.07142857142857142
00204313,whisper-tiny,1.0,0.9091,0.7273,0.6666666666666666
00204313,whisper-base,0.7273,0.6364,0.4545,0.25
00204313,whisper-small,0.8182,0.7273,0.5455,0.25
00204313,vosk-cn,1.0909,1.0909,0.9091,0.0
00204313,wav2vec2-zh,0.9091,0.7273,0.6364,0.3333333333333333
00204313,paraformer-zh,0.9091,0.9091,0.4545,0.0
00204313,zipformer-zh-en,1.1818,0.9091,0.9091,0.5
00204313,sense-voice,0.9091,0.8182,0.7273,1.0
00204330,whisper-tiny,0.4545,0.2727,0.2727,0.1111111111111111
00204330,whisper-base,0.4545,0.2727,0.2727,0.1111111111111111
00204330,whisper-small,0.2727,0.0909,0.2727,0.2
00204330,vosk-cn,0.7273,0.5455,0.6364,0.25
00204330,wav2vec2-zh,0.5455,0.1818,0.3636,0.3333333333333333
00204330,paraformer-zh,0.3636,0.2727,0.3636,0.1
00204330,zipformer-zh-en,0.4545,0.3636,0.4545,0.1111111111111111
00204330,sense-voice,0.3636,0.2727,0.2727,0.0
00204346,whisper-tiny,0.5714,0.2857,0.5714,0.2857142857142857
00204346,whisper-base,0.1429,0.0,0.1429,0.14285714285714285
00204346,whisper-small,0.1429,0.1429,0.1429,0.0
00204346,vosk-cn,0.5714,0.2857,0.5714,0.2857142857142857
00204346,wav2vec2-zh,0.5714,0.2857,0.4286,0.4
00204346,paraformer-zh,0.4286,0.2857,0.4286,0.16666666666666666
00204346,zipformer-zh-en,0.2857,0.2857,0.2857,0.16666666666666666
00204346,sense-voice,0.1429,0.0,0.1429,0.14285714285714285
00204362,whisper-tiny,0.2,0.1333,0.1333,0.0
00204362,whisper-base,0.1333,0.1333,0.1333,0.0
00204362,whisper-small,0.2,0.1333,0.1333,0.0
00204362,vosk-cn,0.4667,0.2667,0.4667,0.36363636363636365
00204362,wav2vec2-zh,0.3333,0.1333,0.4,0.3076923076923077
00204362,paraformer-zh,0.0667,0.0667,0.0667,0.0
00204362,zipformer-zh-en,0.4,0.2667,0.3333,0.18181818181818182
00204362,sense-voice,0.1333,0.0667,0.0667,0.0
00204416,whisper-tiny,0.875,0.625,0.75,0.6666666666666666
00204416,whisper-base,0.625,0.375,0.625,0.4
00204416,whisper-small,0.25,0.0,0.25,0.25
00204416,vosk-cn,0.75,0.375,0.75,0.6
00204416,wav2vec2-zh,0.625,0.25,0.625,0.5
00204416,paraformer-zh,0.125,0.0,0.125,0.125
00204416,zipformer-zh-en,0.375,0.0,0.25,0.25
00204416,sense-voice,0.25,0.0,0.25,0.25
00204432,whisper-tiny,0.4,0.0,0.4,0.4
00204432,whisper-base,0.4,0.0,0.4,0.4
00204432,whisper-small,0.4,0.0,0.4,0.4
00204432,vosk-cn,0.4,0.2,0.4,0.25
00204432,wav2vec2-zh,0.4,0.0,0.4,0.4
00204432,paraformer-zh,0.4,0.2,0.4,0.25
00204432,zipformer-zh-en,0.4,0.0,0.4,0.4
00204432,sense-voice,0.4,0.2,0.4,0.25
00204448,whisper-tiny,0.5714,0.381,0.4286,0.15384615384615385
00204448,whisper-base,0.4762,0.3333,0.3333,0.14285714285714285
00204448,whisper-small,0.4286,0.2857,0.381,0.2
00204448,vosk-cn,0.4286,0.3333,0.3333,0.07142857142857142
00204448,wav2vec2-zh,0.6667,0.5238,0.619,0.36363636363636365
00204448,paraformer-zh,0.1905,0.0476,0.1429,0.1
00204448,zipformer-zh-en,0.4286,0.2381,0.2857,0.1875
00204448,sense-voice,0.1429,0.1429,0.1429,0.0
00204502,whisper-tiny,0.3333,0.2222,0.3333,0.14285714285714285
00204502,whisper-base,0.3333,0.1111,0.3333,0.25
00204502,whisper-small,0.3333,0.2222,0.3333,0.14285714285714285
00204502,vosk-cn,0.5556,0.3333,0.4444,0.16666666666666666
00204502,wav2vec2-zh,0.5556,0.4444,0.4444,0.16666666666666666
00204502,paraformer-zh,0.2222,0.2222,0.2222,0.0
00204502,zipformer-zh-en,0.5556,0.3333,0.3333,0.16666666666666666
00204502,sense-voice,0.4444,0.2222,0.3333,0.14285714285714285
00204518,whisper-tiny,0.8182,0.3636,0.5455,0.5714285714285714
00204518,whisper-base,0.9091,0.3636,0.4545,0.5714285714285714
00204518,whisper-small,0.7273,0.3636,0.6364,0.7142857142857143
00204518,vosk-cn,0.1818,0.1818,0.0909,0.0
00204518,wav2vec2-zh,0.8182,0.6364,0.4545,0.5
00204518,paraformer-zh,0.0909,0.0909,0.0909,0.0
00204518,zipformer-zh-en,0.5455,0.3636,0.2727,0.14285714285714285
00204518,sense-voice,0.0909,0.0909,0.0909,0.0
00204534,whisper-tiny,0.8889,0.8889,0.6667,0.0
00204534,whisper-base,0.6667,0.6667,0.6667,0.0
00204534,whisper-small,0.6667,0.6667,0.6667,0.0
00204534,vosk-cn,1.1111,0.8889,0.7778,0.25
00204534,wav2vec2-zh,0.8889,0.7778,0.5556,0.16666666666666666
00204534,paraformer-zh,0.5556,0.5556,0.5556,0.0
00204534,zipformer-zh-en,0.8889,0.6667,0.6667,0.2857142857142857
00204534,sense-voice,0.5556,0.5556,0.5556,0.0
00204550,whisper-tiny,0.4167,0.3333,0.1667,0.0
00204550,whisper-base,0.5833,0.4167,0.1667,0.0
00204550,whisper-small,0.3333,0.25,0.1667,0.0
00204550,vosk-cn,0.8333,0.6667,0.5,0.3333333333333333
00204550,wav2vec2-zh,0.5833,0.25,0.3333,0.2222222222222222
00204550,paraformer-zh,0.4167,0.3333,0.1667,0.0
00204550,zipformer-zh-en,0.4167,0.25,0.1667,0.0
00204550,sense-voice,0.3333,0.1667,0.1667,0.1
00204604,whisper-tiny,0.2,0.2,0.1,0.0
00204604,whisper-base,0.2,0.2,0.1,0.0
00204604,whisper-small,0.2,0.2,0.1,0.0
00204604,vosk-cn,0.3,0.3,0.2,0.0
00204604,wav2vec2-zh,0.2,0.2,0.1,0.0
00204604,paraformer-zh,0.2,0.2,0.1,0.0
00204604,zipformer-zh-en,0.2,0.2,0.1,0.0
00204604,sense-voice,0.2,0.2,0.1,0.0
00204620,whisper-tiny,0.2222,0.1111,0.2222,0.125
00204620,whisper-base,0.2222,0.1111,0.2222,0.125
00204620,whisper-small,0.2222,0.0,0.2222,0.2222222222222222
00204620,vosk-cn,0.3333,0.1111,0.3333,0.25
00204620,wav2vec2-zh,0.6667,0.0,0.4444,0.5555555555555556
00204620,paraformer-zh,0.3333,0.1111,0.3333,0.2222222222222222
00204620,zipformer-zh-en,0.4444,0.2222,0.3333,0.2857142857142857
00204620,sense-voice,0.0,0.0,0.0,0.0
00204636,whisper-tiny,0.1818,0.0909,0.1818,0.1
00204636,whisper-base,0.2727,0.0,0.1818,0.18181818181818182
00204636,whisper-small,0.0,0.0,0.0,0.0
00204636,vosk-cn,0.2727,0.1818,0.2727,0.1111111111111111
00204636,wav2vec2-zh,0.4545,0.0,0.3636,0.36363636363636365
00204636,paraformer-zh,0.0909,0.0,0.0909,0.09090909090909091
00204636,zipformer-zh-en,0.2727,0.0,0.2727,0.2727272727272727
00204636,sense-voice,0.0,0.0,0.0,0.0
00204652,whisper-tiny,0.25,0.125,0.25,0.14285714285714285
00204652,whisper-base,0.0625,0.0625,0.0625,0.0
00204652,whisper-small,0.0625,0.0625,0.0625,0.0
00204652,vosk-cn,0.125,0.0625,0.125,0.06666666666666667
00204652,wav2vec2-zh,0.1875,0.125,0.1875,0.07142857142857142
00204652,paraformer-zh,0.0,0.0,0.0,0.0
00204652,zipformer-zh-en,0.0625,0.0625,0.0625,0.0
00204652,sense-voice,0.0,0.0,0.0,0.0
00200109,whisper-tiny,0.3,0.2,0.1,0.0
00200109,whisper-base,0.1,0.1,0.1,0.0
00200109,whisper-small,0.3,0.2,0.2,0.0
00200109,vosk-cn,0.3,0.1,0.2,0.2222222222222222
00200109,wav2vec2-zh,0.3,0.2,0.3,0.125
00200109,paraformer-zh,0.0,0.0,0.0,0.0
00200109,zipformer-zh-en,0.4,0.2,0.3,0.25
00200109,sense-voice,0.0,0.0,0.0,0.0
00200205,whisper-tiny,0.3333,0.3333,0.1667,0.0
00200205,whisper-base,0.1667,0.1667,0.1667,0.0
00200205,whisper-small,0.0,0.0,0.0,0.0
00200205,vosk-cn,0.5,0.5,0.3333,0.0
00200205,wav2vec2-zh,0.5,0.3333,0.3333,0.2
00200205,paraformer-zh,0.1667,0.1667,0.1667,0.0
00200205,zipformer-zh-en,0.1667,0.1667,0.1667,0.0
00200205,sense-voice,0.1667,0.1667,0.1667,0.0
00200301,whisper-tiny,0.0,0.0,0.0,0.0
00200301,whisper-base,0.2,0.2,0.2,0.0
00200301,whisper-small,0.0,0.0,0.0,0.0
00200301,vosk-cn,0.2,0.2,0.0,0.0
00200301,wav2vec2-zh,0.4,0.4,0.2,0.0
00200301,paraformer-zh,0.2,0.2,0.0,0.0
00200301,zipformer-zh-en,0.0,0.0,0.0,0.0
00200301,sense-voice,0.2,0.2,0.0,0.0
00200317,whisper-tiny,0.4,0.2,0.4,0.25
00200317,whisper-base,0.4,0.0,0.4,0.4
00200317,whisper-small,0.0,0.0,0.0,0.0
00200317,vosk-cn,0.4,0.2,0.2,0.0
00200317,wav2vec2-zh,0.6,0.2,0.6,0.5
00200317,paraformer-zh,0.6,0.0,0.6,0.6
00200317,zipformer-zh-en,0.4,0.0,0.4,0.4
00200317,sense-voice,0.4,0.0,0.4,0.4
00200413,whisper-tiny,0.0,0.0,0.0,0.0
00200413,whisper-base,0.4286,0.4286,0.4286,0.0
00200413,whisper-small,0.0,0.0,0.0,0.0
00200413,vosk-cn,0.4286,0.1429,0.1429,0.0
00200413,wav2vec2-zh,0.1429,0.0,0.1429,0.14285714285714285
00200413,paraformer-zh,0.2857,0.0,0.0,0.0
00200413,zipformer-zh-en,0.0,0.0,0.0,0.0
00200413,sense-voice,0.2857,0.0,0.0,0.0
00200509,whisper-tiny,0.0,0.0,0.0,0.0
00200509,whisper-base,0.0,0.0,0.0,0.0
00200509,whisper-small,0.0,0.0,0.0,0.0
00200509,vosk-cn,0.0,0.0,0.0,0.0
00200509,wav2vec2-zh,0.1,0.0,0.1,0.1
00200509,paraformer-zh,0.0,0.0,0.0,0.0
00200509,zipformer-zh-en,0.0,0.0,0.0,0.0
00200509,sense-voice,0.0,0.0,0.0,0.0
00200605,whisper-tiny,0.5,0.1667,0.3333,0.2
00200605,whisper-base,0.3333,0.0,0.3333,0.3333333333333333
00200605,whisper-small,0.5,0.1667,0.3333,0.2
00200605,vosk-cn,0.6667,0.1667,0.6667,0.6
00200605,wav2vec2-zh,0.3333,0.0,0.3333,0.3333333333333333
00200605,paraformer-zh,0.1667,0.0,0.1667,0.16666666666666666
00200605,zipformer-zh-en,0.3333,0.1667,0.3333,0.2
00200605,sense-voice,0.1667,0.1667,0.1667,0.0
00200701,whisper-tiny,0.2,0.0,0.0,0.0
00200701,whisper-base,0.0,0.0,0.0,0.0
00200701,whisper-small,0.0,0.0,0.0,0.0
00200701,vosk-cn,0.0,0.0,0.0,0.0
00200701,wav2vec2-zh,0.0,0.0,0.0,0.0
00200701,paraformer-zh,0.0,0.0,0.0,0.0
00200701,zipformer-zh-en,0.0,0.0,0.0,0.0
00200701,sense-voice,0.0,0.0,0.0,0.0
00200717,whisper-tiny,0.4,0.2,0.2,0.25
00200717,whisper-base,0.0,0.0,0.0,0.0
00200717,whisper-small,0.0,0.0,0.0,0.0
00200717,vosk-cn,0.4,0.4,0.4,0.3333333333333333
00200717,wav2vec2-zh,0.0,0.0,0.0,0.0
00200717,paraformer-zh,0.0,0.0,0.0,0.0
00200717,zipformer-zh-en,0.0,0.0,0.0,0.0
00200717,sense-voice,0.0,0.0,0.0,0.0
00200813,whisper-tiny,0.1429,0.1429,0.1429,0.0
00200813,whisper-base,0.0,0.0,0.0,0.0
00200813,whisper-small,0.1429,0.1429,0.1429,0.0
00200813,vosk-cn,0.2857,0.0,0.0,0.0
00200813,wav2vec2-zh,0.2857,0.2857,0.2857,0.0
00200813,paraformer-zh,0.2857,0.0,0.0,0.0
00200813,zipformer-zh-en,0.1429,0.1429,0.1429,0.0
00200813,sense-voice,0.2857,0.1429,0.1429,0.0
00200909,whisper-tiny,0.0,0.0,0.0,0.0
00200909,whisper-base,0.0,0.0,0.0,0.0
00200909,whisper-small,0.0,0.0,0.0,0.0
00200909,vosk-cn,0.0,0.0,0.0,0.0
00200909,wav2vec2-zh,0.0,0.0,0.0,0.0
00200909,paraformer-zh,0.0,0.0,0.0,0.0
00200909,zipformer-zh-en,0.1,0.0,0.1,0.1
00200909,sense-voice,0.0,0.0,0.0,0.0
00201005,whisper-tiny,0.1667,0.0,0.1667,0.16666666666666666
00201005,whisper-base,0.1667,0.0,0.1667,0.16666666666666666
00201005,whisper-small,0.1667,0.1667,0.1667,0.0
00201005,vosk-cn,0.8333,0.8333,0.5,0.0
00201005,wav2vec2-zh,0.6667,0.3333,0.5,0.5
00201005,paraformer-zh,0.1667,0.1667,0.1667,0.0
00201005,zipformer-zh-en,0.1667,0.0,0.1667,0.16666666666666666
00201005,sense-voice,0.1667,0.0,0.1667,0.16666666666666666
00201101,whisper-tiny,0.2,0.2,0.2,0.0
00201101,whisper-base,0.2,0.2,0.2,0.0
00201101,whisper-small,0.2,0.2,0.2,0.0
00201101,vosk-cn,0.2,0.2,0.2,0.0
00201101,wav2vec2-zh,0.4,0.4,0.4,0.0
00201101,paraformer-zh,0.2,0.2,0.2,0.0
00201101,zipformer-zh-en,0.2,0.2,0.2,0.0
00201101,sense-voice,0.8,0.8,0.8,0.0
00201117,whisper-tiny,0.6,0.2,0.2,0.25
00201117,whisper-base,0.0,0.0,0.0,0.0
00201117,whisper-small,0.0,0.0,0.0,0.0
00201117,vosk-cn,0.4,0.2,0.2,0.25
00201117,wav2vec2-zh,0.0,0.0,0.0,0.0
00201117,paraformer-zh,0.0,0.0,0.0,0.0
00201117,zipformer-zh-en,0.2,0.2,0.2,0.0
00201117,sense-voice,0.0,0.0,0.0,0.0
00201213,whisper-tiny,0.1429,0.1429,0.1429,0.0
00201213,whisper-base,0.0,0.0,0.0,0.0
00201213,whisper-small,0.0,0.0,0.0,0.0
00201213,vosk-cn,0.5714,0.1429,0.2857,0.16666666666666666
00201213,wav2vec2-zh,0.0,0.0,0.0,0.0
00201213,paraformer-zh,0.2857,0.0,0.0,0.0
00201213,zipformer-zh-en,0.1429,0.0,0.1429,0.14285714285714285
00201213,sense-voice,0.2857,0.0,0.0,0.0
00201309,whisper-tiny,0.0,0.0,0.0,0.0
00201309,whisper-base,0.1,0.0,0.1,0.1
00201309,whisper-small,0.0,0.0,0.0,0.0
00201309,vosk-cn,0.0,0.0,0.0,0.0
00201309,wav2vec2-zh,0.1,0.0,0.1,0.1
00201309,paraformer-zh,0.0,0.0,0.0,0.0
00201309,zipformer-zh-en,0.5,0.4,0.4,0.375
00201309,sense-voice,0.0,0.0,0.0,0.0
00201405,whisper-tiny,0.3333,0.1667,0.3333,0.2
00201405,whisper-base,0.1667,0.0,0.1667,0.16666666666666666
00201405,whisper-small,0.0,0.0,0.0,0.0
00201405,vosk-cn,0.1667,0.1667,0.0,0.0
00201405,wav2vec2-zh,0.5,0.0,0.6667,0.6666666666666666
00201405,paraformer-zh,0.0,0.0,0.0,0.0
00201405,zipformer-zh-en,0.3333,0.1667,0.3333,0.2
00201405,sense-voice,0.0,0.0,0.0,0.0
00201501,whisper-tiny,0.2,0.2,0.2,0.0
00201501,whisper-base,0.0,0.0,0.0,0.0
00201501,whisper-small,0.0,0.0,0.0,0.0
00201501,vosk-cn,0.0,0.0,0.0,0.0
00201501,wav2vec2-zh,0.0,0.0,0.0,0.0
00201501,paraformer-zh,0.0,0.0,0.0,0.0
00201501,zipformer-zh-en,0.0,0.0,0.0,0.0
00201501,sense-voice,0.0,0.0,0.0,0.0
00201517,whisper-tiny,0.0,0.0,0.0,0.0
00201517,whisper-base,0.0,0.0,0.0,0.0
00201517,whisper-small,0.0,0.0,0.0,0.0
00201517,vosk-cn,0.0,0.0,0.0,0.0
00201517,wav2vec2-zh,0.2,0.2,0.0,0.0
00201517,paraformer-zh,0.0,0.0,0.0,0.0
00201517,zipformer-zh-en,0.0,0.0,0.0,0.0
00201517,sense-voice,0.0,0.0,0.0,0.0
00201613,whisper-tiny,0.0,0.0,0.0,0.0
00201613,whisper-base,0.0,0.0,0.0,0.0
00201613,whisper-small,0.0,0.0,0.0,0.0
00201613,vosk-cn,0.2857,0.0,0.0,0.0
00201613,wav2vec2-zh,0.0,0.0,0.0,0.0
00201613,paraformer-zh,0.2857,0.0,0.0,0.0
00201613,zipformer-zh-en,0.0,0.0,0.0,0.0
00201613,sense-voice,0.2857,0.0,0.0,0.0
00201738,whisper-tiny,0.75,0.5,0.5833,0.8333333333333334
00201738,whisper-base,0.6667,0.4167,0.5833,0.7142857142857143
00201738,whisper-small,0.5833,0.3333,0.4167,0.5
00201738,vosk-cn,0.25,0.1667,0.25,0.1
00201738,wav2vec2-zh,0.5833,0.3333,0.5833,0.625
00201738,paraformer-zh,0.0,0.0,0.0,0.0
00201738,zipformer-zh-en,0.9167,0.5833,0.6667,0.8
00201738,sense-voice,0.0833,0.0,0.0833,0.08333333333333333
00201754,whisper-tiny,0.1667,0.0833,0.1667,0.09090909090909091
00201754,whisper-base,0.25,0.1667,0.3333,0.2
00201754,whisper-small,0.1667,0.0833,0.1667,0.09090909090909091
00201754,vosk-cn,0.75,0.6667,0.4167,0.16666666666666666
00201754,wav2vec2-zh,0.5833,0.25,0.5,0.4
00201754,paraformer-zh,0.4167,0.3333,0.4167,0.1
00201754,zipformer-zh-en,0.5,0.4167,0.4167,0.2222222222222222
00201754,sense-voice,0.0833,0.0833,0.0833,0.0
00201812,whisper-tiny,0.5,0.4167,0.4167,0.0
00201812,whisper-base,0.3333,0.25,0.1667,0.0
00201812,whisper-small,0.0,0.0,0.0,0.0
00201812,vosk-cn,0.25,0.25,0.1667,0.0
00201812,wav2vec2-zh,0.5833,0.5833,0.4167,0.0
00201812,paraformer-zh,0.1667,0.0833,0.1667,0.09090909090909091
00201812,zipformer-zh-en,0.3333,0.25,0.1667,0.0
00201812,sense-voice,0.1667,0.1667,0.1667,0.0
00201908,whisper-tiny,1.0,0.8333,0.8333,0.0
00201908,whisper-base,1.0,0.6667,0.6667,0.5
00201908,whisper-small,0.0,0.0,0.0,0.0
00201908,vosk-cn,0.8333,0.8333,0.6667,0.0
00201908,wav2vec2-zh,0.8333,0.5,0.5,0.6666666666666666
00201908,paraformer-zh,0.0,0.0,0.0,0.0
00201908,zipformer-zh-en,0.0,0.0,0.0,0.0
00201908,sense-voice,0.0,0.0,0.0,0.0
00202004,whisper-tiny,0.1111,0.1111,0.1111,0.0
00202004,whisper-base,0.1111,0.1111,0.0,0.0
00202004,whisper-small,0.0,0.0,0.0,0.0
00202004,vosk-cn,0.1111,0.1111,0.1111,0.0
00202004,wav2vec2-zh,0.0,0.0,0.0,0.0
00202004,paraformer-zh,0.0,0.0,0.0,0.0
00202004,zipformer-zh-en,0.0,0.0,0.0,0.0
00202004,sense-voice,0.0,0.0,0.0,0.0
00202020,whisper-tiny,0.25,0.1875,0.125,0.07692307692307693
00202020,whisper-base,0.3125,0.1875,0.25,0.15384615384615385
00202020,whisper-small,0.25,0.1875,0.25,0.07692307692307693
00202020,vosk-cn,0.25,0.125,0.125,0.13333333333333333
00202020,wav2vec2-zh,0.25,0.25,0.25,0.0
00202020,paraformer-zh,0.125,0.125,0.0625,0.0
00202020,zipformer-zh-en,0.125,0.125,0.0625,0.0
00202020,sense-voice,0.125,0.125,0.0625,0.0
00202116,whisper-tiny,0.1818,0.0909,0.1818,0.1
00202116,whisper-base,0.2727,0.1818,0.1818,0.1111111111111111
00202116,whisper-small,0.3636,0.2727,0.3636,0.125
00202116,vosk-cn,0.6364,0.4545,0.3636,0.16666666666666666
00202116,wav2vec2-zh,0.6364,0.3636,0.4545,0.2857142857142857
00202116,paraformer-zh,0.3636,0.2727,0.3636,0.125
00202116,zipformer-zh-en,0.4545,0.2727,0.4545,0.25
00202116,sense-voice,0.3636,0.2727,0.3636,0.125
00202212,whisper-tiny,0.0833,0.0,0.0,0.0
00202212,whisper-base,0.0833,0.0,0.0,0.0
00202212,whisper-small,0.0833,0.0,0.0,0.0
00202212,vosk-cn,0.0,0.0,0.0,0.0
00202212,wav2vec2-zh,0.3333,0.3333,0.3333,0.125
00202212,paraformer-zh,0.0,0.0,0.0,0.0
00202212,zipformer-zh-en,0.25,0.0833,0.1667,0.09090909090909091
00202212,sense-voice,0.0,0.0,0.0,0.0
00202308,whisper-tiny,0.2222,0.2222,0.1111,0.0
00202308,whisper-base,0.0,0.0,0.0,0.0
00202308,whisper-small,0.0,0.0,0.0,0.0
00202308,vosk-cn,0.5556,0.4444,0.3333,0.0
00202308,wav2vec2-zh,0.6667,0.6667,0.6667,0.0
00202308,paraformer-zh,0.0,0.0,0.0,0.0
00202308,zipformer-zh-en,0.0,0.0,0.0,0.0
00202308,sense-voice,0.0,0.0,0.0,0.0
00202324,whisper-tiny,0.0833,0.0833,0.0833,0.0
00202324,whisper-base,0.0833,0.0833,0.0833,0.0
00202324,whisper-small,0.0,0.0,0.0,0.0
00202324,vosk-cn,0.0833,0.0,0.0,0.0
00202324,wav2vec2-zh,0.25,0.0,0.0833,0.08333333333333333
00202324,paraformer-zh,0.0,0.0,0.0,0.0
00202324,zipformer-zh-en,0.0,0.0,0.0,0.0
00202324,sense-voice,0.0833,0.0,0.0833,0.08333333333333333
00202340,whisper-tiny,0.3636,0.3636,0.2727,0.0
00202340,whisper-base,0.2727,0.2727,0.2727,0.0
00202340,whisper-small,0.0909,0.0909,0.0909,0.0
00202340,vosk-cn,0.4545,0.5455,0.4545,0.0
00202340,wav2vec2-zh,0.4545,0.2727,0.2727,0.1111111111111111
00202340,paraformer-zh,0.1818,0.1818,0.1818,0.0
00202340,zipformer-zh-en,0.2727,0.2727,0.2727,0.0
00202340,sense-voice,0.1818,0.1818,0.1818,0.0
00202356,whisper-tiny,0.4167,0.4167,0.4167,0.0
00202356,whisper-base,0.25,0.25,0.25,0.0
00202356,whisper-small,0.1667,0.1667,0.1667,0.0
00202356,vosk-cn,0.8333,0.8333,0.8333,0.0
00202356,wav2vec2-zh,0.6667,0.6667,0.6667,0.0
00202356,paraformer-zh,0.6667,0.6667,0.6667,0.0
00202356,zipformer-zh-en,0.75,0.75,0.75,0.0
00202356,sense-voice,0.5,0.5,0.5,0.0
00202410,whisper-tiny,0.1429,0.0,0.0,0.0
00202410,whisper-base,0.1429,0.0,0.0,0.0
00202410,whisper-small,0.0,0.0,0.0,0.0
00202410,vosk-cn,0.0,0.0,0.0,0.0
00202410,wav2vec2-zh,0.2857,0.0714,0.1429,0.07692307692307693
00202410,paraformer-zh,0.0,0.0,0.0,0.0
00202410,zipformer-zh-en,0.1429,0.0,0.0,0.0
00202410,sense-voice,0.0,0.0,0.0,0.0
00202426,whisper-tiny,0.6667,0.5,0.3333,0.1
00202426,whisper-base,0.1667,0.0833,0.0833,0.0
00202426,whisper-small,0.0,0.0,0.0,0.0
00202426,vosk-cn,0.6667,0.5,0.5833,0.09090909090909091
00202426,wav2vec2-zh,0.6667,0.4167,0.3333,0.0
00202426,paraformer-zh,0.3333,0.3333,0.3333,0.0
00202426,zipformer-zh-en,0.4167,0.4167,0.3333,0.0
00202426,sense-voice,0.3333,0.3333,0.3333,0.0
00202442,whisper-tiny,0.3077,0.2308,0.0769,0.0
00202442,whisper-base,0.0,0.0,0.0,0.0
00202442,whisper-small,0.1538,0.1538,0.0,0.0
00202442,vosk-cn,0.2308,0.1538,0.0769,0.08333333333333333
00202442,wav2vec2-zh,0.3077,0.1538,0.0,0.0
00202442,paraformer-zh,0.1538,0.1538,0.0,0.0
00202442,zipformer-zh-en,0.3077,0.3077,0.0,0.0
00202442,sense-voice,0.0769,0.0769,0.0,0.0
00202458,whisper-tiny,0.4286,0.2857,0.1429,0.2
00202458,whisper-base,0.4286,0.2857,0.2857,0.16666666666666666
00202458,whisper-small,0.0,0.0,0.0,0.0
00202458,vosk-cn,0.1429,0.1429,0.0,0.0
00202458,wav2vec2-zh,0.1429,0.0,0.1429,0.14285714285714285
00202458,paraformer-zh,0.0,0.0,0.0,0.0
00202458,zipformer-zh-en,0.0,0.0,0.0,0.0
00202458,sense-voice,0.0,0.0,0.0,0.0
00202512,whisper-tiny,0.1538,0.1538,0.0,0.0
00202512,whisper-base,0.0769,0.0769,0.0,0.0
00202512,whisper-small,0.1538,0.1538,0.0769,0.0
00202512,vosk-cn,0.0769,0.0769,0.0,0.0
00202512,wav2vec2-zh,0.2308,0.1538,0.0769,0.09090909090909091
00202512,paraformer-zh,0.0,0.0,0.0,0.0
00202512,zipformer-zh-en,0.0769,0.0769,0.0,0.0
00202512,sense-voice,0.0,0.0,0.0,0.0
00202528,whisper-tiny,0.5,0.3,0.4,0.25
00202528,whisper-base,0.3,0.1,0.3,0.2222222222222222
00202528,whisper-small,0.1,0.1,0.0,0.0
00202528,vosk-cn,0.3,0.1,0.2,0.1111111111111111
00202528,wav2vec2-zh,0.4,0.1,0.3,0.3333333333333333
00202528,paraformer-zh,0.0,0.0,0.0,0.0
00202528,zipformer-zh-en,0.2,0.2,0.1,0.0
00202528,sense-voice,0.0,0.0,0.0,0.0
00202615,whisper-tiny,0.7222,0.5556,0.5,0.14285714285714285
00202615,whisper-base,0.5556,0.3889,0.3889,0.13333333333333333
00202615,whisper-small,0.5556,0.3889,0.3889,0.13333333333333333
00202615,vosk-cn,0.7778,0.7222,0.6111,0.07692307692307693
00202615,wav2vec2-zh,0.7778,0.7222,0.5,0.4
00202615,paraformer-zh,0.7222,0.5556,0.5556,0.13333333333333333
00202615,zipformer-zh-en,0.5,0.4444,0.3889,0.06666666666666667
00202615,sense-voice,0.6111,0.5,0.4444,0.14285714285714285
00202631,whisper-tiny,0.6667,0.4444,0.6667,0.3333333333333333
00202631,whisper-base,0.4444,0.3333,0.4444,0.14285714285714285
00202631,whisper-small,0.7778,0.5556,0.6667,0.3333333333333333
00202631,vosk-cn,1.2222,0.7778,0.6667,1.0
00202631,wav2vec2-zh,1.1111,0.3333,0.7778,1.0
00202631,paraformer-zh,0.6667,0.5556,0.6667,0.2
00202631,zipformer-zh-en,0.4444,0.3333,0.4444,0.14285714285714285
00202631,sense-voice,0.4444,0.3333,0.3333,0.14285714285714285
00202647,whisper-tiny,0.25,0.1667,0.1667,0.0
00202647,whisper-base,0.1667,0.0833,0.0,0.0
00202647,whisper-small,0.25,0.1667,0.1667,0.0
00202647,vosk-cn,0.5,0.3333,0.3333,0.0
00202647,wav2vec2-zh,0.5,0.25,0.3333,0.1
00202647,paraformer-zh,0.1667,0.1667,0.1667,0.0
00202647,zipformer-zh-en,0.5,0.25,0.25,0.0
00202647,sense-voice,0.1667,0.1667,0.1667,0.0
00202701,whisper-tiny,0.6364,0.2727,0.3636,0.375
00202701,whisper-base,0.4545,0.0909,0.2727,0.3
00202701,whisper-small,0.4545,0.0909,0.1818,0.2
00202701,vosk-cn,0.2727,0.0,0.1818,0.18181818181818182
00202701,wav2vec2-zh,0.4545,0.0909,0.0909,0.1
00202701,paraformer-zh,0.3636,0.0,0.1818,0.18181818181818182
00202701,zipformer-zh-en,0.4545,0.0909,0.2727,0.2
00202701,sense-voice,0.1818,0.1818,0.0909,0.0
00202717,whisper-tiny,0.5556,0.5556,0.4444,0.0
00202717,whisper-base,0.3333,0.3333,0.1111,0.0
00202717,whisper-small,0.2222,0.2222,0.2222,0.0
00202717,vosk-cn,0.4444,0.3333,0.2222,0.14285714285714285
00202717,wav2vec2-zh,0.4444,0.4444,0.2222,0.0
00202717,paraformer-zh,0.3333,0.2222,0.2222,0.125
00202717,zipformer-zh-en,0.4444,0.2222,0.2222,0.125
00202717,sense-voice,0.4444,0.3333,0.2222,0.14285714285714285
00202733,whisper-tiny,0.6667,0.6667,0.5,0.0
00202733,whisper-base,0.6667,0.5,0.3333,0.25
00202733,whisper-small,0.1667,0.1667,0.1667,0.0
00202733,vosk-cn,1.0,1.0,0.8333,0.0
00202733,wav2vec2-zh,0.8333,0.6667,0.6667,0.2
00202733,paraformer-zh,0.8333,0.6667,0.6667,0.2
00202733,zipformer-zh-en,1.0,1.0,0.8333,0.0
00202733,sense-voice,0.6667,0.6667,0.6667,0.0
00202749,whisper-tiny,0.3333,0.2667,0.1333,0.09090909090909091
00202749,whisper-base,0.2,0.2,0.0,0.0
00202749,whisper-small,0.2,0.2,0.0,0.0
00202749,vosk-cn,0.1333,0.1333,0.0,0.0
00202749,wav2vec2-zh,0.2,0.2,0.0,0.0
00202749,paraformer-zh,0.0667,0.0667,0.0667,0.0
00202749,zipformer-zh-en,0.2,0.2,0.0,0.0
00202749,sense-voice,0.1333,0.1333,0.0667,0.0
00202803,whisper-tiny,0.5625,0.5,0.375,0.125
00202803,whisper-base,0.5,0.375,0.25,0.16666666666666666
00202803,whisper-small,0.375,0.3125,0.25,0.15384615384615385
00202803,vosk-cn,0.5625,0.5625,0.3125,0.0
00202803,wav2vec2-zh,0.625,0.5625,0.5,0.125
00202803,paraformer-zh,0.3125,0.25,0.3125,0.07142857142857142
00202803,zipformer-zh-en,0.375,0.25,0.3125,0.14285714285714285
00202803,sense-voice,0.25,0.25,0.25,0.0
00202819,whisper-tiny,0.6923,0.5385,0.3077,0.0
00202819,whisper-base,0.6154,0.4615,0.3077,0.0
00202819,whisper-small,0.4615,0.2308,0.3846,0.2
00202819,vosk-cn,0.6923,0.6154,0.2308,0.0
00202819,wav2vec2-zh,0.8462,0.4615,0.4615,0.42857142857142855
00202819,paraformer-zh,0.6154,0.4615,0.3846,0.125
00202819,zipformer-zh-en,0.6923,0.6154,0.5385,0.2
00202819,sense-voice,0.5385,0.3846,0.3077,0.125
00202835,whisper-tiny,0.6667,0.5556,0.4444,0.16666666666666666
00202835,whisper-base,0.2222,0.1111,0.2222,0.125
00202835,whisper-small,0.4444,0.3333,0.3333,0.125
00202835,vosk-cn,0.4444,0.3333,0.3333,0.125
00202835,wav2vec2-zh,0.5556,0.2222,0.4444,0.3333333333333333
00202835,paraformer-zh,0.4444,0.2222,0.3333,0.2222222222222222
00202835,zipformer-zh-en,0.4444,0.3333,0.3333,0.125
00202835,sense-voice,0.3333,0.2222,0.3333,0.1111111111111111
00202851,whisper-tiny,0.1875,0.0625,0.1875,0.125
00202851,whisper-base,0.25,0.0625,0.25,0.1875
00202851,whisper-small,0.125,0.0625,0.125,0.0625
00202851,vosk-cn,0.25,0.25,0.25,0.0
00202851,wav2vec2-zh,0.375,0.125,0.25,0.26666666666666666
00202851,paraformer-zh,0.0625,0.0625,0.0625,0.0
00202851,zipformer-zh-en,0.3125,0.125,0.25,0.2
00202851,sense-voice,0.0625,0.0625,0.0625,0.0
00202905,whisper-tiny,0.0588,0.0588,0.0588,0.0
00202905,whisper-base,0.0588,0.0,0.0,0.0
00202905,whisper-small,0.0588,0.0588,0.0588,0.0
00202905,vosk-cn,0.1765,0.1176,0.1176,0.06666666666666667
00202905,wav2vec2-zh,0.1176,0.0,0.0588,0.058823529411764705
00202905,paraformer-zh,0.0,0.0,0.0,0.0
00202905,zipformer-zh-en,0.0,0.0,0.0,0.0
00202905,sense-voice,0.0588,0.0588,0.0588,0.0
00202921,whisper-tiny,0.375,0.0625,0.25,0.2
00202921,whisper-base,0.375,0.1875,0.25,0.15384615384615385
00202921,whisper-small,0.125,0.125,0.0625,0.0
00202921,vosk-cn,0.1875,0.125,0.125,0.0
00202921,wav2vec2-zh,0.6875,0.4375,0.375,0.3333333333333333
00202921,paraformer-zh,0.0,0.0,0.0,0.0
00202921,zipformer-zh-en,0.25,0.125,0.1875,0.07142857142857142
00202921,sense-voice,0.0625,0.0625,0.0625,0.0
00202937,whisper-tiny,0.2,0.1333,0.2,0.07692307692307693
00202937,whisper-base,0.1333,0.0667,0.1333,0.07142857142857142
00202937,whisper-small,0.2,0.1333,0.2,0.07692307692307693
00202937,vosk-cn,0.4,0.3333,0.2,0.0
00202937,wav2vec2-zh,0.2667,0.2,0.2667,0.08333333333333333
00202937,paraformer-zh,0.2667,0.2,0.2667,0.08333333333333333
00202937,zipformer-zh-en,0.2,0.1333,0.2,0.07692307692307693
00202937,sense-voice,0.1333,0.0667,0.1333,0.07142857142857142
00202953,whisper-tiny,0.1667,0.1667,0.1667,0.0
00202953,whisper-base,0.1667,0.1667,0.1667,0.0
00202953,whisper-small,0.1667,0.1667,0.1667,0.0
00202953,vosk-cn,0.1667,0.1667,0.1667,0.0
00202953,wav2vec2-zh,0.1667,0.1667,0.1667,0.0
00202953,paraformer-zh,0.1667,0.1667,0.1667,0.0
00202953,zipformer-zh-en,0.1667,0.1667,0.1667,0.0
00202953,sense-voice,0.1667,0.1667,0.1667,0.0
00203007,whisper-tiny,0.7778,0.1111,0.5556,0.625
00203007,whisper-base,0.4444,0.1111,0.3333,0.25
00203007,whisper-small,0.1111,0.1111,0.1111,0.0
00203007,vosk-cn,0.2222,0.1111,0.1111,0.125
00203007,wav2vec2-zh,0.7778,0.3333,0.5556,0.5
00203007,paraformer-zh,0.1111,0.1111,0.1111,0.0
00203007,zipformer-zh-en,0.5556,0.2222,0.3333,0.14285714285714285
00203007,sense-voice,0.1111,0.1111,0.1111,0.0
00203023,whisper-tiny,0.6364,0.4545,0.4545,0.1111111111111111
00203023,whisper-base,0.9091,0.4545,0.4545,0.1111111111111111
00203023,whisper-small,0.5455,0.3636,0.2727,0.0
00203023,vosk-cn,0.4545,0.4545,0.2727,0.0
00203023,wav2vec2-zh,0.9091,0.5455,0.6364,0.25
00203023,paraformer-zh,0.5455,0.4545,0.4545,0.1111111111111111
00203023,zipformer-zh-en,0.7273,0.4545,0.6364,0.3333333333333333
00203023,sense-voice,0.8182,0.5455,0.5455,0.125
00203110,whisper-tiny,0.4286,0.4286,0.2857,0.0
00203110,whisper-base,0.5714,0.4286,0.4286,0.125
00203110,whisper-small,0.2857,0.0714,0.2143,0.15384615384615385
00203110,vosk-cn,0.5,0.3571,0.4286,0.1111111111111111
00203110,wav2vec2-zh,0.2857,0.1429,0.1429,0.08333333333333333
00203110,paraformer-zh,0.0714,0.0714,0.0714,0.0
00203110,zipformer-zh-en,0.2857,0.2857,0.1429,0.0
00203110,sense-voice,0.1429,0.0714,0.1429,0.07692307692307693
00203126,whisper-tiny,0.4167,0.25,0.3333,0.1111111111111111
00203126,whisper-base,0.25,0.0,0.25,0.25
00203126,whisper-small,0.0,0.0,0.0,0.0
00203126,vosk-cn,0.3333,0.1667,0.25,0.09090909090909091
00203126,wav2vec2-zh,0.5,0.3333,0.3333,0.25
00203126,paraformer-zh,0.0833,0.0833,0.0833,0.0
00203126,zipformer-zh-en,0.3333,0.1667,0.1667,0.1
00203126,sense-voice,0.0,0.0,0.0,0.0
00203142,whisper-tiny,0.2308,0.0769,0.1538,0.08333333333333333
00203142,whisper-base,0.1538,0.0769,0.1538,0.08333333333333333
00203142,whisper-small,0.1538,0.0769,0.0769,0.08333333333333333
00203142,vosk-cn,0.3846,0.3077,0.3846,0.1111111111111111
00203142,wav2vec2-zh,0.3846,0.2308,0.2308,0.1
00203142,paraformer-zh,0.0,0.0,0.0,0.0
00203142,zipformer-zh-en,0.3077,0.2308,0.3077,0.1
00203142,sense-voice,0.1538,0.0769,0.0769,0.08333333333333333
00203158,whisper-tiny,0.1429,0.0,0.1429,0.14285714285714285
00203158,whisper-base,0.0,0.0,0.0,0.0
00203158,whisper-small,0.1429,0.0,0.1429,0.14285714285714285
00203158,vosk-cn,0.5714,0.4286,0.5714,0.25
00203158,wav2vec2-zh,0.7143,0.5714,0.5714,0.3333333333333333
00203158,paraformer-zh,0.1429,0.1429,0.1429,0.0
00203158,zipformer-zh-en,0.1429,0.0,0.1429,0.14285714285714285
00203158,sense-voice,0.0,0.0,0.0,0.0
00203212,whisper-tiny,0.1538,0.0,0.1538,0.15384615384615385
00203212,whisper-base,0.1538,0.0,0.1538,0.15384615384615385
00203212,whisper-small,0.1538,0.0,0.1538,0.15384615384615385
00203212,vosk-cn,0.0,0.0,0.0,0.0
00203212,wav2vec2-zh,0.1538,0.0,0.1538,0.15384615384615385
00203212,paraformer-zh,0.0769,0.0769,0.0769,0.0
00203212,zipformer-zh-en,0.1538,0.0769,0.1538,0.08333333333333333
00203212,sense-voice,0.0,0.0,0.0,0.0
00203302,whisper-tiny,0.0,0.0,0.0,0.0
00203302,whisper-base,0.1111,0.0,0.0,0.0
00203302,whisper-small,0.1111,0.0,0.1111,0.1111111111111111
00203302,vosk-cn,0.0,0.0,0.0,0.0
00203302,wav2vec2-zh,0.2222,0.1111,0.1111,0.125
00203302,paraformer-zh,0.0,0.0,0.0,0.0
00203302,zipformer-zh-en,0.1111,0.0,0.1111,0.1111111111111111
00203302,sense-voice,0.0,0.0,0.0,0.0
00203318,whisper-tiny,0.8182,0.2727,0.3636,0.25
00203318,whisper-base,0.3636,0.1818,0.1818,0.1111111111111111
00203318,whisper-small,0.0,0.0,0.0,0.0
00203318,vosk-cn,0.0,0.0,0.0,0.0
00203318,wav2vec2-zh,0.3636,0.1818,0.2727,0.1111111111111111
00203318,paraformer-zh,0.0,0.0,0.0,0.0
00203318,zipformer-zh-en,0.0,0.0,0.0,0.0
00203318,sense-voice,0.0,0.0,0.0,0.0
00203334,whisper-tiny,0.0,0.0,0.0,0.0
00203334,whisper-base,0.0,0.0,0.0,0.0
00203334,whisper-small,0.0,0.0,0.0,0.0
00203334,vosk-cn,0.0,0.0,0.0,0.0
00203334,wav2vec2-zh,0.1111,0.0,0.1111,0.1111111111111111
00203334,paraformer-zh,0.0,0.0,0.0,0.0
00203334,zipformer-zh-en,0.0,0.0,0.0,0.0
00203334,sense-voice,0.0,0.0,0.0,0.0
00203350,whisper-tiny,0.25,0.1667,0.25,0.1
00203350,whisper-base,0.25,0.1667,0.0833,0.1
00203350,whisper-small,0.1667,0.0833,0.0,0.0
00203350,vosk-cn,0.1667,0.1667,0.0833,0.0
00203350,wav2vec2-zh,0.4167,0.25,0.1667,0.1111111111111111
00203350,paraformer-zh,0.1667,0.0833,0.0,0.0
00203350,zipformer-zh-en,0.1667,0.1667,0.0,0.0
00203350,sense-voice,0.0833,0.0,0.0,0.0
00203404,whisper-tiny,0.1,0.0,0.0,0.0
00203404,whisper-base,0.1,0.0,0.0,0.0
00203404,whisper-small,0.0,0.0,0.0,0.0
00203404,vosk-cn,0.1,0.1,0.0,0.0
00203404,wav2vec2-zh,0.1,0.0,0.0,0.0
00203404,paraformer-zh,0.0,0.0,0.0,0.0
00203404,zipformer-zh-en,0.0,0.0,0.0,0.0
00203404,sense-voice,0.0,0.0,0.0,0.0
00203420,whisper-tiny,0.0,0.0,0.0,0.0
00203420,whisper-base,0.0,0.0,0.0,0.0
00203420,whisper-small,0.0,0.0,0.0,0.0
00203420,vosk-cn,0.0,0.0,0.0,0.0
00203420,wav2vec2-zh,0.1111,0.0,0.0,0.0
00203420,paraformer-zh,0.0,0.0,0.0,0.0
00203420,zipformer-zh-en,0.0,0.0,0.0,0.0
00203420,sense-voice,0.0,0.0,0.0,0.0
00203507,whisper-tiny,0.4444,0.3333,0.2222,0.16666666666666666
00203507,whisper-base,0.4444,0.2222,0.2222,0.14285714285714285
00203507,whisper-small,0.3333,0.1111,0.2222,0.125
00203507,vosk-cn,0.3333,0.2222,0.1111,0.14285714285714285
00203507,wav2vec2-zh,0.4444,0.2222,0.1111,0.14285714285714285
00203507,paraformer-zh,0.0,0.0,0.0,0.0
00203507,zipformer-zh-en,0.1111,0.0,0.1111,0.1111111111111111
00203507,sense-voice,0.0,0.0,0.0,0.0
00203523,whisper-tiny,0.1818,0.1818,0.1818,0.0
00203523,whisper-base,0.3636,0.2727,0.2727,0.125
00203523,whisper-small,0.1818,0.1818,0.1818,0.0
00203523,vosk-cn,0.3636,0.3636,0.2727,0.0
00203523,wav2vec2-zh,0.4545,0.2727,0.1818,0.125
00203523,paraformer-zh,0.1818,0.1818,0.1818,0.0
00203523,zipformer-zh-en,0.2727,0.2727,0.1818,0.0
00203523,sense-voice,0.1818,0.1818,0.1818,0.0
00203610,whisper-tiny,0.3571,0.1429,0.2143,0.07692307692307693
00203610,whisper-base,0.3571,0.1429,0.2143,0.07692307692307693
00203610,whisper-small,0.2857,0.1429,0.2143,0.07692307692307693
00203610,vosk-cn,0.3571,0.2857,0.2143,0.0
00203610,wav2vec2-zh,0.3571,0.2857,0.2143,0.08333333333333333
00203610,paraformer-zh,0.2857,0.2143,0.2857,0.07692307692307693
00203610,zipformer-zh-en,0.5,0.2857,0.2143,0.08333333333333333
00203610,sense-voice,0.2857,0.2143,0.2857,0.07692307692307693
00203626,whisper-tiny,0.4167,0.3333,0.25,0.1
00203626,whisper-base,0.25,0.0833,0.0833,0.09090909090909091
00203626,whisper-small,0.3333,0.25,0.25,0.09090909090909091
00203626,vosk-cn,0.5,0.3333,0.4167,0.2727272727272727
00203626,wav2vec2-zh,0.5,0.25,0.3333,0.1
00203626,paraformer-zh,0.1667,0.1667,0.1667,0.0
00203626,zipformer-zh-en,0.3333,0.25,0.25,0.18181818181818182
00203626,sense-voice,0.3333,0.25,0.25,0.09090909090909091
00203642,whisper-tiny,0.7692,0.4615,0.4615,0.4
00203642,whisper-base,0.6923,0.4615,0.4615,0.3
00203642,whisper-small,0.6154,0.5385,0.4615,0.1111111111111111
00203642,vosk-cn,0.7692,0.4615,0.5385,0.4
00203642,wav2vec2-zh,0.6154,0.4615,0.5385,0.3
00203642,paraformer-zh,0.5385,0.3846,0.4615,0.18181818181818182
00203642,zipformer-zh-en,0.6154,0.4615,0.4615,0.2
00203642,sense-voice,0.6154,0.3846,0.4615,0.18181818181818182
00203658,whisper-tiny,0.4286,0.0,0.4286,0.42857142857142855
00203658,whisper-base,0.4286,0.0,0.4286,0.42857142857142855
00203658,whisper-small,0.4286,0.0,0.4286,0.42857142857142855
00203658,vosk-cn,0.5714,0.2857,0.5714,0.4
00203658,wav2vec2-zh,0.4286,0.1429,0.4286,0.3333333333333333
00203658,paraformer-zh,0.1429,0.0,0.1429,0.14285714285714285
00203658,zipformer-zh-en,0.1429,0.0,0.1429,0.14285714285714285
00203658,sense-voice,0.0,0.0,0.0,0.0
00203712,whisper-tiny,0.3077,0.2308,0.2308,0.1
00203712,whisper-base,0.2308,0.2308,0.0,0.0
00203712,whisper-small,0.2308,0.2308,0.0769,0.0
00203712,vosk-cn,0.3846,0.3846,0.1538,0.0
00203712,wav2vec2-zh,0.3846,0.3077,0.2308,0.2222222222222222
00203712,paraformer-zh,0.0769,0.0769,0.0,0.0
00203712,zipformer-zh-en,0.3077,0.3077,0.0,0.0
00203712,sense-voice,0.0769,0.0769,0.0,0.0
00203728,whisper-tiny,0.4,0.1,0.3,0.2222222222222222
00203728,whisper-base,0.1,0.1,0.1,0.0
00203728,whisper-small,0.1,0.0,0.1,0.1
00203728,vosk-cn,0.3,0.2,0.1,0.125
00203728,wav2vec2-zh,0.5,0.3,0.4,0.2857142857142857
00203728,paraformer-zh,0.1,0.0,0.1,0.1
00203728,zipformer-zh-en,0.3,0.2,0.1,0.125
00203728,sense-voice,0.1,0.0,0.1,0.1
00203744,whisper-tiny,0.4444,0.2222,0.0,0.0
00203744,whisper-base,0.4444,0.1111,0.3333,0.25
00203744,whisper-small,0.5556,0.1111,0.3333,0.25
00203744,vosk-cn,0.5556,0.4444,0.4444,0.0
00203744,wav2vec2-zh,0.6667,0.2222,0.5556,0.42857142857142855
00203744,paraformer-zh,0.2222,0.1111,0.2222,0.125
00203744,zipformer-zh-en,0.3333,0.1111,0.2222,0.125
00203744,sense-voice,0.1111,0.1111,0.1111,0.0
00203760,whisper-tiny,0.8,0.8,0.4,0.0
00203760,whisper-base,0.6,0.2,0.4,0.375
00203760,whisper-small,0.5,0.5,0.4,0.0
00203760,vosk-cn,0.6,0.5,0.3,0.0
00203760,wav2vec2-zh,0.5,0.4,0.3,0.16666666666666666
00203760,paraformer-zh,0.2,0.2,0.1,0.0
00203760,zipformer-zh-en,0.6,0.6,0.3,0.0
00203760,sense-voice,0.5,0.4,0.5,0.14285714285714285
00203814,whisper-tiny,0.4737,0.1579,0.2632,0.1875
00203814,whisper-base,0.3158,0.1579,0.1579,0.0625
00203814,whisper-small,0.2105,0.0,0.1579,0.15789473684210525
00203814,vosk-cn,0.4737,0.4211,0.2105,0.0
00203814,wav2vec2-zh,0.4737,0.1579,0.2632,0.25
00203814,paraformer-zh,0.0526,0.0526,0.0526,0.0
00203814,zipformer-zh-en,0.3158,0.1579,0.2105,0.17647058823529413
00203814,sense-voice,0.0,0.0,0.0,0.0
00203830,whisper-tiny,0.4545,0.2727,0.2727,0.1111111111111111
00203830,whisper-base,0.0909,0.0,0.0909,0.09090909090909091
00203830,whisper-small,0.1818,0.0909,0.1818,0.1
00203830,vosk-cn,0.4545,0.2727,0.2727,0.2222222222222222
00203830,wav2vec2-zh,0.5455,0.2727,0.3636,0.2222222222222222
00203830,paraformer-zh,0.1818,0.0909,0.0909,0.0
00203830,zipformer-zh-en,0.2727,0.0909,0.2727,0.18181818181818182
00203830,sense-voice,0.1818,0.1818,0.1818,0.0
00203846,whisper-tiny,0.0,0.0,0.0,0.0
00203846,whisper-base,0.0,0.0,0.0,0.0
00203846,whisper-small,0.0,0.0,0.0,0.0
00203846,vosk-cn,0.0,0.0,0.0,0.0
00203846,wav2vec2-zh,0.2857,0.0,0.2857,0.2857142857142857
00203846,paraformer-zh,0.0,0.0,0.0,0.0
00203846,zipformer-zh-en,0.0,0.0,0.0,0.0
00203846,sense-voice,0.0,0.0,0.0,0.0
00203862,whisper-tiny,0.8667,0.7333,0.7333,0.07142857142857142
00203862,whisper-base,0.2667,0.2,0.2,0.0
00203862,whisper-small,0.1333,0.0667,0.0667,0.0
00203862,vosk-cn,1.0,1.0,0.8,0.0
00203862,wav2vec2-zh,0.8,0.7333,0.6667,0.0
00203862,paraformer-zh,0.8,0.8,0.7333,0.0
00203862,zipformer-zh-en,0.8,0.8,0.7333,0.0
00203862,sense-voice,0.5333,0.5333,0.4667,0.0
00203916,whisper-tiny,0.5,0.375,0.375,0.14285714285714285
00203916,whisper-base,0.75,0.75,0.5,0.0
00203916,whisper-small,0.25,0.125,0.125,0.14285714285714285
00203916,vosk-cn,1.125,1.0,0.625,0.3333333333333333
00203916,wav2vec2-zh,0.875,0.625,0.375,0.4
00203916,paraformer-zh,0.5,0.375,0.375,0.14285714285714285
00203916,zipformer-zh-en,1.0,1.0,1.0,
00203916,sense-voice,0.875,0.875,0.875,0.0
00203932,whisper-tiny,0.8,0.4,0.6,0.3333333333333333
00203932,whisper-base,0.8,0.8,0.6,0.0
00203932,whisper-small,0.4,0.2,0.4,0.25
00203932,vosk-cn,0.4,0.2,0.4,0.25
00203932,wav2vec2-zh,0.6,0.2,0.6,0.5
00203932,paraformer-zh,0.4,0.2,0.4,0.25
00203932,zipformer-zh-en,0.4,0.2,0.4,0.25
00203932,sense-voice,0.4,0.2,0.4,0.25
00203948,whisper-tiny,0.4762,0.4286,0.381,0.058823529411764705
00203948,whisper-base,0.5238,0.5238,0.4762,0.0
00203948,whisper-small,0.2857,0.2381,0.1429,0.05555555555555555
00203948,vosk-cn,0.8571,0.7143,0.619,0.14285714285714285
00203948,wav2vec2-zh,0.8095,0.5714,0.5714,0.46153846153846156
00203948,paraformer-zh,0.4286,0.4286,0.2857,0.0
00203948,zipformer-zh-en,0.5238,0.4762,0.4286,0.0625
00203948,sense-voice,0.381,0.381,0.2857,0.0
00204002,whisper-tiny,0.2222,0.1111,0.2222,0.125
00204002,whisper-base,0.2222,0.1111,0.1111,0.125
00204002,whisper-small,0.3333,0.2222,0.2222,0.14285714285714285
00204002,vosk-cn,0.4444,0.4444,0.2222,0.0
00204002,wav2vec2-zh,0.6667,0.3333,0.6667,0.5
00204002,paraformer-zh,0.2222,0.1111,0.2222,0.125
00204002,zipformer-zh-en,0.3333,0.2222,0.3333,0.14285714285714285
00204002,sense-voice,0.5556,0.4444,0.5556,0.2
00204018,whisper-tiny,0.6364,0.2727,0.3636,0.1111111111111111
00204018,whisper-base,0.3636,0.1818,0.2727,0.1111111111111111
00204018,whisper-small,0.3636,0.0909,0.1818,0.1
00204018,vosk-cn,0.2727,0.0909,0.1818,0.1
00204018,wav2vec2-zh,0.3636,0.1818,0.2727,0.2222222222222222
00204018,paraformer-zh,0.0,0.0,0.0,0.0
00204018,zipformer-zh-en,0.5455,0.2727,0.4545,0.2222222222222222
00204018,sense-voice,0.0,0.0,0.0,0.0
00204034,whisper-tiny,0.4444,0.2222,0.3333,0.125
00204034,whisper-base,0.2222,0.2222,0.2222,0.0
00204034,whisper-small,0.2222,0.2222,0.2222,0.0
00204034,vosk-cn,0.2222,0.2222,0.2222,0.0
00204034,wav2vec2-zh,0.2222,0.2222,0.2222,0.0
00204034,paraformer-zh,0.2222,0.2222,0.2222,0.0
00204034,zipformer-zh-en,0.2222,0.2222,0.2222,0.0
00204034,sense-voice,0.2222,0.2222,0.2222,0.0
00204050,whisper-tiny,0.6667,0.25,0.5,0.4
00204050,whisper-base,0.3333,0.1667,0.25,0.18181818181818182
00204050,whisper-small,0.1667,0.0833,0.0833,0.08333333333333333
00204050,vosk-cn,0.75,0.4167,0.5,0.375
00204050,wav2vec2-zh,0.5833,0.1667,0.4167,0.45454545454545453
00204050,paraformer-zh,0.0833,0.0833,0.0833,0.0
00204050,zipformer-zh-en,0.1667,0.0833,0.0833,0.08333333333333333
00204050,sense-voice,0.1667,0.0833,0.1667,0.08333333333333333
00204104,whisper-tiny,0.0,0.0,0.0,0.0
00204104,whisper-base,0.2,0.1,0.1,0.0
00204104,whisper-small,0.1,0.1,0.1,0.0
00204104,vosk-cn,0.1,0.1,0.1,0.0
00204104,wav2vec2-zh,0.3,0.2,0.2,0.0
00204104,paraformer-zh,0.0,0.0,0.0,0.0
00204104,zipformer-zh-en,0.0,0.0,0.0,0.0
00204104,sense-voice,0.0,0.0,0.0,0.0
00204120,whisper-tiny,0.1111,0.1111,0.1111,0.0
00204120,whisper-base,0.1111,0.1111,0.1111,0.0
00204120,whisper-small,0.0,0.0,0.0,0.0
00204120,vosk-cn,0.1111,0.1111,0.1111,0.0
00204120,wav2vec2-zh,0.2222,0.1111,0.2222,0.125
00204120,paraformer-zh,0.1111,0.1111,0.1111,0.0
00204120,zipformer-zh-en,0.2222,0.2222,0.2222,0.0
00204120,sense-voice,0.0,0.0,0.0,0.0
00204136,whisper-tiny,0.0,0.0,0.0,0.0
00204136,whisper-base,0.0,0.0,0.0,0.0
00204136,whisper-small,0.0,0.0,0.0,0.0
00204136,vosk-cn,0.0909,0.0909,0.0909,0.0
00204136,wav2vec2-zh,0.1818,0.0909,0.1818,0.1
00204136,paraformer-zh,0.0,0.0,0.0,0.0
00204136,zipformer-zh-en,0.0909,0.0,0.0909,0.09090909090909091
00204136,sense-voice,0.0,0.0,0.0,0.0
00204152,whisper-tiny,0.0,0.0,0.0,0.0
00204152,whisper-base,0.0,0.0,0.0,0.0
00204152,whisper-small,0.0,0.0,0.0,0.0
00204152,vosk-cn,0.0,0.0,0.0,0.0
00204152,wav2vec2-zh,0.375,0.125,0.3125,0.21428571428571427
00204152,paraformer-zh,0.0,0.0,0.0,0.0
00204152,zipformer-zh-en,0.0,0.0,0.0,0.0
00204152,sense-voice,0.0,0.0,0.0,0.0
00204206,whisper-tiny,0.4375,0.25,0.25,0.13333333333333333
00204206,whisper-base,0.375,0.1875,0.3125,0.125
00204206,whisper-small,0.4375,0.1875,0.375,0.1875
00204206,vosk-cn,0.25,0.25,0.25,0.0
00204206,wav2vec2-zh,0.4375,0.1875,0.375,0.1875
00204206,paraformer-zh,0.25,0.1875,0.25,0.0625
00204206,zipformer-zh-en,0.5,0.3125,0.3125,0.07142857142857142
00204206,sense-voice,0.3125,0.1875,0.3125,0.125
00204222,whisper-tiny,0.45,0.2,0.4,0.3125
00204222,whisper-base,0.45,0.2,0.4,0.3125
00204222,whisper-small,0.3,0.2,0.3,0.125
00204222,vosk-cn,0.3,0.3,0.25,0.0
00204222,wav2vec2-zh,0.5,0.2,0.45,0.375
00204222,paraformer-zh,0.25,0.2,0.25,0.0625
00204222,zipformer-zh-en,0.35,0.25,0.3,0.13333333333333333
00204222,sense-voice,0.25,0.2,0.25,0.0625
00204238,whisper-tiny,0.3333,0.2222,0.2222,0.14285714285714285
00204238,whisper-base,0.5556,0.4444,0.3333,0.0
00204238,whisper-small,0.4444,0.3333,0.4444,0.16666666666666666
00204238,vosk-cn,0.4444,0.3333,0.4444,0.16666666666666666
00204238,wav2vec2-zh,0.5556,0.3333,0.4444,0.3333333333333333
00204238,paraformer-zh,0.5556,0.2222,0.4444,0.42857142857142855
00204238,zipformer-zh-en,0.5556,0.4444,0.4444,0.2
00204238,sense-voice,0.5556,0.3333,0.4444,0.3333333333333333
00204254,whisper-tiny,0.4444,0.2222,0.3333,0.23529411764705882
00204254,whisper-base,0.3333,0.1667,0.2778,0.1111111111111111
00204254,whisper-small,0.5,0.3333,0.3333,0.13333333333333333
00204254,vosk-cn,0.6111,0.3333,0.3889,0.21428571428571427
00204254,wav2vec2-zh,0.7778,0.3333,0.4444,0.35714285714285715
00204254,paraformer-zh,0.2222,0.1667,0.2222,0.05555555555555555
00204254,zipformer-zh-en,0.6667,0.2778,0.2778,0.1875
00204254,sense-voice,0.2222,0.1667,0.2222,0.05555555555555555
00204308,whisper-tiny,0.4444,0.4444,0.3333,0.0
00204308,whisper-base,0.0,0.0,0.0,0.0
00204308,whisper-small,0.0,0.0,0.0,0.0
00204308,vosk-cn,1.0,0.8889,1.0,0.16666666666666666
00204308,wav2vec2-zh,0.7778,0.5556,0.5556,0.25
00204308,paraformer-zh,0.3333,0.3333,0.3333,0.0
00204308,zipformer-zh-en,0.7778,0.6667,0.5556,0.14285714285714285
00204308,sense-voice,0.3333,0.3333,0.3333,0.0
00204325,whisper-tiny,0.5,0.0833,0.3333,0.2727272727272727
00204325,whisper-base,0.3333,0.0833,0.3333,0.2727272727272727
00204325,whisper-small,0.0,0.0,0.0,0.0
00204325,vosk-cn,0.25,0.1667,0.0833,0.0
00204325,wav2vec2-zh,0.5,0.1667,0.4167,0.3
00204325,paraformer-zh,0.25,0.1667,0.25,0.09090909090909091
00204325,zipformer-zh-en,0.5,0.25,0.4167,0.3333333333333333
00204325,sense-voice,0.0,0.0,0.0,0.0
00204341,whisper-tiny,0.25,0.25,0.25,0.0
00204341,whisper-base,0.25,0.0,0.25,0.25
00204341,whisper-small,0.0,0.0,0.0,0.0
00204341,vosk-cn,0.375,0.25,0.25,0.16666666666666666
00204341,wav2vec2-zh,0.375,0.125,0.375,0.2857142857142857
00204341,paraformer-zh,0.0,0.0,0.0,0.0
00204341,zipformer-zh-en,0.25,0.0,0.25,0.25
00204341,sense-voice,0.0,0.0,0.0,0.0
00204357,whisper-tiny,1.125,0.875,0.375,0.0
00204357,whisper-base,0.625,0.5,0.5,0.2
00204357,whisper-small,0.75,0.25,0.5,0.3333333333333333
00204357,vosk-cn,0.875,0.625,0.5,0.3333333333333333
00204357,wav2vec2-zh,0.875,0.625,0.625,0.6666666666666666
00204357,paraformer-zh,0.25,0.25,0.25,0.0
00204357,zipformer-zh-en,0.75,0.125,0.375,0.2857142857142857
00204357,sense-voice,0.0,0.0,0.0,0.0
00204411,whisper-tiny,0.3846,0.1538,0.3077,0.2727272727272727
00204411,whisper-base,0.3846,0.1538,0.3077,0.2727272727272727
00204411,whisper-small,0.3846,0.0769,0.3846,0.3333333333333333
00204411,vosk-cn,0.5385,0.3077,0.3077,0.3333333333333333
00204411,wav2vec2-zh,0.5385,0.1538,0.5385,0.45454545454545453
00204411,paraformer-zh,0.3077,0.0769,0.2308,0.25
00204411,zipformer-zh-en,0.5385,0.1538,0.4615,0.45454545454545453
00204411,sense-voice,0.3846,0.1538,0.3077,0.2727272727272727
00204427,whisper-tiny,0.0833,0.0833,0.0833,0.0
00204427,whisper-base,0.25,0.1667,0.0833,0.0
00204427,whisper-small,0.0,0.0,0.0,0.0
00204427,vosk-cn,0.1667,0.0833,0.1667,0.09090909090909091
00204427,wav2vec2-zh,0.4167,0.0,0.3333,0.3333333333333333
00204427,paraformer-zh,0.0,0.0,0.0,0.0
00204427,zipformer-zh-en,0.1667,0.0833,0.0833,0.0
00204427,sense-voice,0.0,0.0,0.0,0.0
00204443,whisper-tiny,0.5,0.25,0.25,0.3333333333333333
00204443,whisper-base,0.375,0.25,0.125,0.16666666666666666
00204443,whisper-small,0.25,0.125,0.125,0.14285714285714285
00204443,vosk-cn,0.375,0.375,0.25,0.0
00204443,wav2vec2-zh,0.625,0.375,0.25,0.2
00204443,paraformer-zh,0.125,0.125,0.0,0.0
00204443,zipformer-zh-en,0.25,0.125,0.125,0.14285714285714285
00204443,sense-voice,0.125,0.125,0.0,0.0
00204459,whisper-tiny,0.6,0.3333,0.3333,0.3
00204459,whisper-base,0.6,0.4,0.4667,0.2222222222222222
00204459,whisper-small,0.3333,0.2,0.2667,0.08333333333333333
00204459,vosk-cn,0.3333,0.2,0.2,0.08333333333333333
00204459,wav2vec2-zh,0.4,0.1333,0.3333,0.23076923076923078
00204459,paraformer-zh,0.0,0.0,0.0,0.0
00204459,zipformer-zh-en,0.4667,0.2,0.3333,0.25
00204459,sense-voice,0.0667,0.0667,0.0667,0.0
00204513,whisper-tiny,0.7273,0.7273,0.7273,0.3333333333333333
00204513,whisper-base,0.7273,0.7273,0.5455,0.0
00204513,whisper-small,0.6364,0.6364,0.4545,0.25
00204513,vosk-cn,0.6364,0.6364,0.5455,0.25
00204513,wav2vec2-zh,0.8182,0.6364,0.6364,0.5
00204513,paraformer-zh,0.6364,0.6364,0.4545,0.25
00204513,zipformer-zh-en,0.8182,0.6364,0.4545,0.25
00204513,sense-voice,0.6364,0.6364,0.5455,0.25
00204529,whisper-tiny,0.6923,0.5385,0.5385,0.2857142857142857
00204529,whisper-base,0.7692,0.5385,0.5385,0.42857142857142855
00204529,whisper-small,0.8462,0.5385,0.6154,0.6666666666666666
00204529,vosk-cn,0.6923,0.6923,0.6154,0.0
00204529,wav2vec2-zh,1.2308,0.9231,0.7692,0.6666666666666666
00204529,paraformer-zh,1.3846,0.9231,0.8462,0.8571428571428571
00204529,zipformer-zh-en,1.0,0.6923,0.6154,0.375
00204529,sense-voice,1.2308,0.7692,0.8462,0.75
00204545,whisper-tiny,0.4,0.3333,0.4667,0.2
00204545,whisper-base,0.5333,0.4,0.5333,0.3333333333333333
00204545,whisper-small,0.2667,0.2667,0.2667,0.0
00204545,vosk-cn,0.4,0.2667,0.4,0.2727272727272727
00204545,wav2vec2-zh,0.4667,0.2667,0.4667,0.2727272727272727
00204545,paraformer-zh,0.1333,0.0667,0.2,0.14285714285714285
00204545,zipformer-zh-en,0.2667,0.2,0.2667,0.08333333333333333
00204545,sense-voice,0.1333,0.0667,0.2,0.14285714285714285
00204561,whisper-tiny,0.5,0.4,0.4,0.125
00204561,whisper-base,0.4,0.3,0.2,0.1111111111111111
00204561,whisper-small,0.3,0.3,0.3,0.0
00204561,vosk-cn,0.7,0.6,0.5,0.16666666666666666
00204561,wav2vec2-zh,0.8,0.6,0.5,0.16666666666666666
00204561,paraformer-zh,0.4,0.4,0.4,0.0
00204561,zipformer-zh-en,0.6,0.4,0.4,0.0
00204561,sense-voice,0.4,0.4,0.4,0.0
00204615,whisper-tiny,0.2778,0.1111,0.2222,0.125
00204615,whisper-base,0.1667,0.1111,0.1111,0.0
00204615,whisper-small,0.1667,0.0556,0.1111,0.058823529411764705
00204615,vosk-cn,0.3889,0.2778,0.2778,0.07142857142857142
00204615,wav2vec2-zh,0.2222,0.1111,0.1667,0.0625
00204615,paraformer-zh,0.1111,0.0556,0.0556,0.0
00204615,zipformer-zh-en,0.1667,0.1111,0.1667,0.0625
00204615,sense-voice,0.1667,0.1111,0.1111,0.0
00204631,whisper-tiny,0.4444,0.3333,0.3333,0.16666666666666666
00204631,whisper-base,0.5556,0.2222,0.4444,0.2857142857142857
00204631,whisper-small,0.5556,0.3333,0.4444,0.3333333333333333
00204631,vosk-cn,0.8889,0.7778,0.5556,0.25
00204631,wav2vec2-zh,0.6667,0.4444,0.5556,0.4
00204631,paraformer-zh,0.6667,0.4444,0.4444,0.4
00204631,zipformer-zh-en,0.6667,0.3333,0.5556,0.5
00204631,sense-voice,0.4444,0.3333,0.3333,0.16666666666666666
00204647,whisper-tiny,0.25,0.1667,0.25,0.1
00204647,whisper-base,0.1667,0.1667,0.1667,0.0
00204647,whisper-small,0.3333,0.0833,0.1667,0.09090909090909091
00204647,vosk-cn,0.4167,0.25,0.25,0.1111111111111111
00204647,wav2vec2-zh,0.3333,0.0,0.25,0.25
00204647,paraformer-zh,0.1667,0.1667,0.1667,0.0
00204647,zipformer-zh-en,0.3333,0.1667,0.25,0.1
00204647,sense-voice,0.0833,0.0833,0.0833,0.0
00200115,whisper-tiny,0.0,0.0,0.0,0.0
00200115,whisper-base,0.2857,0.2857,0.2857,0.0
00200115,whisper-small,0.0,0.0,0.0,0.0
00200115,vosk-cn,0.2857,0.2857,0.2857,0.0
00200115,wav2vec2-zh,0.2857,0.1429,0.2857,0.16666666666666666
00200115,paraformer-zh,0.1429,0.0,0.1429,0.14285714285714285
00200115,zipformer-zh-en,0.1429,0.0,0.1429,0.14285714285714285
00200115,sense-voice,0.1429,0.0,0.1429,0.14285714285714285
00200211,whisper-tiny,0.8889,0.4444,0.3333,0.3333333333333333
00200211,whisper-base,0.6667,0.3333,0.2222,0.14285714285714285
00200211,whisper-small,0.3333,0.2222,0.1111,0.14285714285714285
00200211,vosk-cn,0.4444,0.4444,0.4444,0.0
00200211,wav2vec2-zh,0.6667,0.4444,0.5556,0.4
00200211,paraformer-zh,0.6667,0.5556,0.3333,0.16666666666666666
00200211,zipformer-zh-en,0.5556,0.3333,0.3333,0.16666666666666666
00200211,sense-voice,0.0,0.0,0.0,0.0
00200307,whisper-tiny,0.0,0.0,0.0,0.0
00200307,whisper-base,0.0,0.0,0.0,0.0
00200307,whisper-small,0.0,0.0,0.0,0.0
00200307,vosk-cn,0.0,0.0,0.0,0.0
00200307,wav2vec2-zh,0.1,0.0,0.1,0.1
00200307,paraformer-zh,0.0,0.0,0.0,0.0
00200307,zipformer-zh-en,0.0,0.0,0.0,0.0
00200307,sense-voice,0.0,0.0,0.0,0.0
00200403,whisper-tiny,0.25,0.25,0.25,0.0
00200403,whisper-base,0.0,0.0,0.0,0.0
00200403,whisper-small,0.0,0.0,0.0,0.0
00200403,vosk-cn,0.125,0.125,0.0,0.0
00200403,wav2vec2-zh,0.0,0.0,0.0,0.0
00200403,paraformer-zh,0.0,0.0,0.0,0.0
00200403,zipformer-zh-en,0.0,0.0,0.0,0.0
00200403,sense-voice,0.0,0.0,0.0,0.0
00200419,whisper-tiny,0.7143,0.7143,0.4286,0.0
00200419,whisper-base,0.2857,0.1429,0.1429,0.0
00200419,whisper-small,0.0,0.0,0.0,0.0
00200419,vosk-cn,0.4286,0.4286,0.2857,0.0
00200419,wav2vec2-zh,0.5714,0.2857,0.4286,0.4
00200419,paraformer-zh,0.7143,0.4286,0.4286,0.25
00200419,zipformer-zh-en,0.4286,0.4286,0.4286,0.0
00200419,sense-voice,0.2857,0.2857,0.1429,0.0
00200515,whisper-tiny,0.1429,0.0,0.1429,0.14285714285714285
00200515,whisper-base,0.1429,0.0,0.1429,0.14285714285714285
00200515,whisper-small,0.1429,0.0,0.1429,0.14285714285714285
00200515,vosk-cn,0.1429,0.0,0.1429,0.14285714285714285
00200515,wav2vec2-zh,0.1429,0.0,0.1429,0.14285714285714285
00200515,paraformer-zh,0.0,0.0,0.0,0.0
00200515,zipformer-zh-en,0.0,0.0,0.0,0.0
00200515,sense-voice,0.0,0.0,0.0,0.0
00200611,whisper-tiny,0.4444,0.2222,0.4444,0.2857142857142857
00200611,whisper-base,0.3333,0.1111,0.2222,0.125
00200611,whisper-small,0.3333,0.1111,0.2222,0.125
00200611,vosk-cn,0.2222,0.0,0.2222,0.2222222222222222
00200611,wav2vec2-zh,0.6667,0.1111,0.5556,0.5
00200611,paraformer-zh,0.3333,0.1111,0.3333,0.25
00200611,zipformer-zh-en,0.4444,0.1111,0.4444,0.375
00200611,sense-voice,0.1111,0.1111,0.1111,0.0
00200707,whisper-tiny,0.2,0.1,0.2,0.1111111111111111
00200707,whisper-base,0.0,0.0,0.0,0.0
00200707,whisper-small,0.0,0.0,0.0,0.0
00200707,vosk-cn,0.6,0.5,0.5,0.1111111111111111
00200707,wav2vec2-zh,0.4,0.4,0.3,0.0
00200707,paraformer-zh,0.3,0.3,0.3,0.0
00200707,zipformer-zh-en,0.2,0.2,0.2,0.0
00200707,sense-voice,0.2,0.2,0.2,0.0
00200803,whisper-tiny,0.0,0.0,0.0,0.0
00200803,whisper-base,0.0,0.0,0.0,0.0
00200803,whisper-small,0.125,0.0,0.125,0.125
00200803,vosk-cn,0.375,0.125,0.25,0.2857142857142857
00200803,wav2vec2-zh,0.625,0.125,0.5,0.5714285714285714
00200803,paraformer-zh,0.0,0.0,0.0,0.0
00200803,zipformer-zh-en,0.5,0.125,0.375,0.42857142857142855
00200803,sense-voice,0.0,0.0,0.0,0.0
00200819,whisper-tiny,0.2857,0.2857,0.1429,0.0
00200819,whisper-base,0.0,0.0,0.0,0.0
00200819,whisper-small,0.2857,0.1429,0.1429,0.16666666666666666
00200819,vosk-cn,0.2857,0.1429,0.1429,0.0
00200819,wav2vec2-zh,0.4286,0.1429,0.2857,0.3333333333333333
00200819,paraformer-zh,0.1429,0.0,0.1429,0.14285714285714285
00200819,zipformer-zh-en,0.2857,0.1429,0.1429,0.16666666666666666
00200819,sense-voice,0.1429,0.1429,0.0,0.0
00200915,whisper-tiny,0.0,0.0,0.0,0.0
00200915,whisper-base,0.0,0.0,0.0,0.0
00200915,whisper-small,0.0,0.0,0.0,0.0
00200915,vosk-cn,0.0,0.0,0.0,0.0
00200915,wav2vec2-zh,0.0,0.0,0.0,0.0
00200915,paraformer-zh,0.0,0.0,0.0,0.0
00200915,zipformer-zh-en,0.0,0.0,0.0,0.0
00200915,sense-voice,0.0,0.0,0.0,0.0
00201011,whisper-tiny,0.2222,0.0,0.0,0.0
00201011,whisper-base,0.0,0.0,0.0,0.0
00201011,whisper-small,0.0,0.0,0.0,0.0
00201011,vosk-cn,0.5556,0.5556,0.3333,0.0
00201011,wav2vec2-zh,0.2222,0.2222,0.0,0.0
00201011,paraformer-zh,0.0,0.0,0.0,0.0
00201011,zipformer-zh-en,0.1111,0.1111,0.0,0.0
00201011,sense-voice,0.1111,0.1111,0.1111,0.0
00201107,whisper-tiny,0.2,0.1,0.0,0.0
00201107,whisper-base,0.1,0.1,0.1,0.0
00201107,whisper-small,0.0,0.0,0.0,0.0
00201107,vosk-cn,0.1,0.1,0.1,0.0
00201107,wav2vec2-zh,0.6,0.2,0.4,0.375
00201107,paraformer-zh,0.0,0.0,0.0,0.0
00201107,zipformer-zh-en,0.1,0.1,0.1,0.0
00201107,sense-voice,0.0,0.0,0.0,0.0
00201203,whisper-tiny,0.0,0.0,0.0,0.0
00201203,whisper-base,0.0,0.0,0.0,0.0
00201203,whisper-small,0.0,0.0,0.0,0.0
00201203,vosk-cn,0.25,0.0,0.25,0.25
00201203,wav2vec2-zh,0.25,0.0,0.25,0.25
00201203,paraformer-zh,0.0,0.0,0.0,0.0
00201203,zipformer-zh-en,0.0,0.0,0.0,0.0
00201203,sense-voice,0.0,0.0,0.0,0.0
00201219,whisper-tiny,0.1429,0.1429,0.0,0.0
00201219,whisper-base,0.0,0.0,0.0,0.0
00201219,whisper-small,0.2857,0.2857,0.2857,0.0
00201219,vosk-cn,0.5714,0.4286,0.2857,0.0
00201219,wav2vec2-zh,0.7143,0.5714,0.2857,0.0
00201219,paraformer-zh,0.4286,0.4286,0.2857,0.0
00201219,zipformer-zh-en,0.5714,0.4286,0.2857,0.0
00201219,sense-voice,0.2857,0.2857,0.2857,0.0
00201315,whisper-tiny,0.0,0.0,0.0,0.0
00201315,whisper-base,0.0,0.0,0.0,0.0
00201315,whisper-small,0.0,0.0,0.0,0.0
00201315,vosk-cn,0.0,0.0,0.0,0.0
00201315,wav2vec2-zh,0.1429,0.1429,0.1429,0.0
00201315,paraformer-zh,0.0,0.0,0.0,0.0
00201315,zipformer-zh-en,0.0,0.0,0.0,0.0
00201315,sense-voice,0.0,0.0,0.0,0.0
00201411,whisper-tiny,0.1111,0.1111,0.1111,0.0
00201411,whisper-base,0.1111,0.1111,0.1111,0.0
00201411,whisper-small,0.1111,0.1111,0.1111,0.0
00201411,vosk-cn,0.1111,0.1111,0.1111,0.0
00201411,wav2vec2-zh,0.1111,0.0,0.1111,0.1111111111111111
00201411,paraformer-zh,0.1111,0.1111,0.1111,0.0
00201411,zipformer-zh-en,0.1111,0.1111,0.1111,0.0
00201411,sense-voice,0.1111,0.1111,0.1111,0.0
00201507,whisper-tiny,0.0,0.0,0.0,0.0
00201507,whisper-base,0.0,0.0,0.0,0.0
00201507,whisper-small,0.0,0.0,0.0,0.0
00201507,vosk-cn,0.3,0.3,0.0,0.0
00201507,wav2vec2-zh,0.3,0.1,0.0,0.0
00201507,paraformer-zh,0.0,0.0,0.0,0.0
00201507,zipformer-zh-en,0.0,0.0,0.0,0.0
00201507,sense-voice,0.0,0.0,0.0,0.0
00201603,whisper-tiny,0.0,0.0,0.0,0.0
00201603,whisper-base,0.0,0.0,0.0,0.0
00201603,whisper-small,0.0,0.0,0.0,0.0
00201603,vosk-cn,0.0,0.0,0.0,0.0
00201603,wav2vec2-zh,0.0,0.0,0.0,0.0
00201603,paraformer-zh,0.0,0.0,0.0,0.0
00201603,zipformer-zh-en,0.0,0.0,0.0,0.0
00201603,sense-voice,0.0,0.0,0.0,0.0
00201619,whisper-tiny,0.1429,0.1429,0.0,0.0
00201619,whisper-base,0.1429,0.0,0.1429,0.14285714285714285
00201619,whisper-small,0.0,0.0,0.0,0.0
00201619,vosk-cn,0.1429,0.1429,0.0,0.0
00201619,wav2vec2-zh,0.2857,0.1429,0.1429,0.16666666666666666
00201619,paraformer-zh,0.0,0.0,0.0,0.0
00201619,zipformer-zh-en,0.0,0.0,0.0,0.0
00201619,sense-voice,0.0,0.0,0.0,0.0
00201744,whisper-tiny,0.2778,0.1111,0.1111,0.0
00201744,whisper-base,0.3333,0.0556,0.2222,0.17647058823529413
00201744,whisper-small,0.4444,0.2222,0.2778,0.21428571428571427
00201744,vosk-cn,0.4444,0.3333,0.2778,0.16666666666666666
00201744,wav2vec2-zh,0.4444,0.1667,0.2222,0.13333333333333333
00201744,paraformer-zh,0.1111,0.0556,0.0556,0.0
00201744,zipformer-zh-en,0.5556,0.2222,0.3889,0.35714285714285715
00201744,sense-voice,0.1111,0.0556,0.0556,0.0
00201802,whisper-tiny,0.3333,0.3333,0.3333,0.0
00201802,whisper-base,0.1667,0.1667,0.1667,0.0
00201802,whisper-small,0.1667,0.1667,0.1667,0.0
00201802,vosk-cn,0.3333,0.0,0.1667,0.16666666666666666
00201802,wav2vec2-zh,0.3333,0.3333,0.3333,0.0
00201802,paraformer-zh,0.1667,0.1667,0.1667,0.0
00201802,zipformer-zh-en,0.5,0.3333,0.5,0.2
00201802,sense-voice,0.1667,0.1667,0.1667,0.0
00201818,whisper-tiny,0.1667,0.1667,0.1667,0.0
00201818,whisper-base,0.4167,0.25,0.3333,0.1111111111111111
00201818,whisper-small,0.1667,0.1667,0.1667,0.0
00201818,vosk-cn,0.25,0.25,0.1667,0.0
00201818,wav2vec2-zh,0.3333,0.3333,0.3333,0.0
00201818,paraformer-zh,0.25,0.25,0.25,0.0
00201818,zipformer-zh-en,0.25,0.25,0.25,0.0
00201818,sense-voice,0.1667,0.1667,0.1667,0.0
00201914,whisper-tiny,0.7778,0.4444,0.5556,0.5
00201914,whisper-base,0.8889,0.4444,0.8889,0.5
00201914,whisper-small,0.6667,0.3333,0.5556,0.42857142857142855
00201914,vosk-cn,1.0,0.6667,1.0,0.375
00201914,wav2vec2-zh,1.1111,0.5556,1.0,0.625
00201914,paraformer-zh,0.7778,0.5556,0.7778,0.2222222222222222
00201914,zipformer-zh-en,0.7778,0.3333,0.6667,0.5
00201914,sense-voice,0.4444,0.4444,0.3333,0.0
00202010,whisper-tiny,0.375,0.25,0.25,0.16666666666666666
00202010,whisper-base,0.75,0.375,0.25,0.0
00202010,whisper-small,0.125,0.0,0.0,0.0
00202010,vosk-cn,0.0,0.0,0.0,0.0
00202010,wav2vec2-zh,0.125,0.125,0.125,0.0
00202010,paraformer-zh,0.0,0.0,0.0,0.0
00202010,zipformer-zh-en,0.125,0.125,0.0,0.0
00202010,sense-voice,0.0,0.0,0.0,0.0
00202106,whisper-tiny,0.1818,0.1818,0.0909,0.0
00202106,whisper-base,0.4545,0.4545,0.2727,0.0
00202106,whisper-small,0.0,0.0,0.0,0.0
00202106,vosk-cn,0.1818,0.1818,0.0909,0.0
00202106,wav2vec2-zh,0.3636,0.1818,0.2727,0.2
00202106,paraformer-zh,0.1818,0.0909,0.1818,0.09090909090909091
00202106,zipformer-zh-en,0.1818,0.0,0.0909,0.09090909090909091
00202106,sense-voice,0.0909,0.0,0.0909,0.09090909090909091
00202202,whisper-tiny,0.3333,0.1667,0.1667,0.2
00202202,whisper-base,0.3333,0.3333,0.1667,0.0
00202202,whisper-small,0.5,0.1667,0.3333,0.2
00202202,vosk-cn,0.1667,0.1667,0.0,0.0
00202202,wav2vec2-zh,0.5,0.0,0.3333,0.3333333333333333
00202202,paraformer-zh,0.1667,0.1667,0.1667,0.0
00202202,zipformer-zh-en,0.5,0.0,0.3333,0.3333333333333333
00202202,sense-voice,0.1667,0.0,0.1667,0.16666666666666666
00202218,whisper-tiny,0.0,0.0,0.0,0.0
00202218,whisper-base,0.0,0.0,0.0,0.0
00202218,whisper-small,0.0,0.0,0.0,0.0
00202218,vosk-cn,0.0833,0.0833,0.0833,0.0
00202218,wav2vec2-zh,0.0833,0.0833,0.0,0.0
00202218,paraformer-zh,0.0,0.0,0.0,0.0
00202218,zipformer-zh-en,0.0,0.0,0.0,0.0
00202218,sense-voice,0.0,0.0,0.0,0.0
00202314,whisper-tiny,0.2632,0.1579,0.1579,0.0625
00202314,whisper-base,0.2105,0.1053,0.0526,0.058823529411764705
00202314,whisper-small,0.2105,0.1053,0.0526,0.058823529411764705
00202314,vosk-cn,0.1579,0.0526,0.1053,0.05555555555555555
00202314,wav2vec2-zh,0.2632,0.1053,0.1053,0.11764705882352941
00202314,paraformer-zh,0.1579,0.0526,0.0526,0.05555555555555555
00202314,zipformer-zh-en,0.2105,0.1053,0.0526,0.058823529411764705
00202314,sense-voice,0.0526,0.0,0.0526,0.05263157894736842
00202330,whisper-tiny,0.2727,0.0909,0.0909,0.0
00202330,whisper-base,0.2727,0.0909,0.0909,0.0
00202330,whisper-small,0.2727,0.0909,0.0909,0.0
00202330,vosk-cn,0.3636,0.0909,0.0,0.0
00202330,wav2vec2-zh,0.2727,0.0909,0.0,0.0
00202330,paraformer-zh,0.0,0.0,0.0,0.0
00202330,zipformer-zh-en,0.0909,0.0,0.0,0.0
00202330,sense-voice,0.0,0.0,0.0,0.0
00202346,whisper-tiny,0.0,0.0,0.0,0.0
00202346,whisper-base,0.0,0.0,0.0,0.0
00202346,whisper-small,0.0,0.0,0.0,0.0
00202346,vosk-cn,0.0,0.0,0.0,0.0
00202346,wav2vec2-zh,0.0,0.0,0.0,0.0
00202346,paraformer-zh,0.0,0.0,0.0,0.0
00202346,zipformer-zh-en,0.0,0.0,0.0,0.0
00202346,sense-voice,0.0,0.0,0.0,0.0
00202362,whisper-tiny,0.4,0.2,0.2,0.07692307692307693
00202362,whisper-base,0.0667,0.0667,0.0,0.0
00202362,whisper-small,0.1333,0.1333,0.1333,0.0
00202362,vosk-cn,0.2,0.2,0.0667,0.0
00202362,wav2vec2-zh,0.3333,0.2,0.2,0.07692307692307693
00202362,paraformer-zh,0.0667,0.0667,0.0667,0.0
00202362,zipformer-zh-en,0.1333,0.0667,0.1333,0.07142857142857142
00202362,sense-voice,0.0667,0.0667,0.0667,0.0
00202416,whisper-tiny,0.625,0.5,0.625,0.125
00202416,whisper-base,0.125,0.125,0.125,0.0
00202416,whisper-small,0.0,0.0,0.0,0.0
00202416,vosk-cn,0.875,0.75,0.75,0.0
00202416,wav2vec2-zh,0.875,0.75,0.75,0.0
00202416,paraformer-zh,0.625,0.625,0.625,0.0
00202416,zipformer-zh-en,0.625,0.625,0.625,0.0
00202416,sense-voice,0.625,0.625,0.625,0.0
00202432,whisper-tiny,0.4,0.2,0.4,0.4
00202432,whisper-base,0.2,0.2,0.2,0.2
00202432,whisper-small,1.0,0.6,0.6,0.4
00202432,vosk-cn,0.6,0.6,0.6,0.0
00202432,wav2vec2-zh,0.8,0.6,0.6,0.4
00202432,paraformer-zh,0.6,0.6,0.6,0.0
00202432,zipformer-zh-en,0.6,0.6,0.6,0.0
00202432,sense-voice,0.8,0.6,0.6,0.2
00202448,whisper-tiny,0.0,0.0,0.0,0.0
00202448,whisper-base,0.0,0.0,0.0,0.0
00202448,whisper-small,0.0,0.0,0.0,0.0
00202448,vosk-cn,0.0,0.0,0.0,0.0
00202448,wav2vec2-zh,0.0476,0.0476,0.0476,0.0
00202448,paraformer-zh,0.0,0.0,0.0,0.0
00202448,zipformer-zh-en,0.0,0.0,0.0,0.0
00202448,sense-voice,0.0,0.0,0.0,0.0
00202502,whisper-tiny,0.5556,0.4444,0.3333,0.0
00202502,whisper-base,0.1111,0.1111,0.1111,0.0
00202502,whisper-small,0.0,0.0,0.0,0.0
00202502,vosk-cn,0.0,0.0,0.0,0.0
00202502,wav2vec2-zh,0.3333,0.1111,0.1111,0.0
00202502,paraformer-zh,0.0,0.0,0.0,0.0
00202502,zipformer-zh-en,0.0,0.0,0.0,0.0
00202502,sense-voice,0.2222,0.1111,0.1111,0.125
00202518,whisper-tiny,0.3636,0.0,0.0909,0.09090909090909091
00202518,whisper-base,0.0,0.0,0.0,0.0
00202518,whisper-small,0.0,0.0,0.0,0.0
00202518,vosk-cn,0.0,0.0,0.0,0.0
00202518,wav2vec2-zh,0.0,0.0,0.0,0.0
00202518,paraformer-zh,0.0,0.0,0.0,0.0
00202518,zipformer-zh-en,0.0,0.0,0.0,0.0
00202518,sense-voice,0.0,0.0,0.0,0.0
00202605,whisper-tiny,0.4706,0.4118,0.2941,0.0
00202605,whisper-base,0.2941,0.1765,0.2941,0.13333333333333333
00202605,whisper-small,0.2353,0.1765,0.1765,0.0
00202605,vosk-cn,0.2941,0.2353,0.2353,0.06666666666666667
00202605,wav2vec2-zh,0.4118,0.2353,0.3529,0.14285714285714285
00202605,paraformer-zh,0.1765,0.1765,0.1765,0.0
00202605,zipformer-zh-en,0.3529,0.3529,0.2941,0.0
00202605,sense-voice,0.2353,0.1765,0.2353,0.0625
00202621,whisper-tiny,0.5625,0.4375,0.3125,0.1111111111111111
00202621,whisper-base,0.6875,0.25,0.25,0.5
00202621,whisper-small,0.4375,0.25,0.25,0.15384615384615385
00202621,vosk-cn,0.8125,0.5625,0.5,0.3
00202621,wav2vec2-zh,0.8125,0.375,0.375,0.5
00202621,paraformer-zh,0.75,0.6875,0.625,0.125
00202621,zipformer-zh-en,0.6875,0.4375,0.375,0.25
00202621,sense-voice,0.25,0.125,0.1875,0.14285714285714285
00202637,whisper-tiny,0.4667,0.2667,0.2667,0.07142857142857142
00202637,whisper-base,0.4,0.2667,0.2667,0.07142857142857142
00202637,whisper-small,0.3333,0.2,0.2,0.0
00202637,vosk-cn,0.4,0.4,0.3333,0.0
00202637,wav2vec2-zh,0.9333,0.8667,0.8,0.5
00202637,paraformer-zh,0.3333,0.2667,0.2667,0.0
00202637,zipformer-zh-en,0.4,0.2667,0.2667,0.0
00202637,sense-voice,0.3333,0.2667,0.2667,0.0
00202653,whisper-tiny,0.6667,0.3333,0.3333,0.5
00202653,whisper-base,0.8333,0.6667,0.5,0.5
00202653,whisper-small,0.6667,0.6667,0.6667,0.0
00202653,vosk-cn,0.3333,0.1667,0.1667,0.2
00202653,wav2vec2-zh,0.5,0.1667,0.3333,0.4
00202653,paraformer-zh,0.1667,0.1667,0.1667,0.0
00202653,zipformer-zh-en,0.3333,0.1667,0.3333,0.2
00202653,sense-voice,0.1667,0.1667,0.1667,0.0
00202707,whisper-tiny,1.5556,1.1111,0.7778,0.75
00202707,whisper-base,0.6667,0.3333,0.3333,0.5
00202707,whisper-small,0.7778,0.3333,0.4444,0.3333333333333333
00202707,vosk-cn,1.1111,0.7778,0.5556,0.3333333333333333
00202707,wav2vec2-zh,1.0,0.5556,0.7778,0.5
00202707,paraformer-zh,0.7778,0.4444,0.4444,0.25
00202707,zipformer-zh-en,0.7778,0.5556,0.3333,0.2
00202707,sense-voice,0.6667,0.4444,0.3333,0.3333333333333333
00202723,whisper-tiny,0.1818,0.1818,0.0909,0.0
00202723,whisper-base,0.6364,0.2727,0.3636,0.3
00202723,whisper-small,0.1818,0.1818,0.0909,0.0
00202723,vosk-cn,0.5455,0.5455,0.2727,0.0
00202723,wav2vec2-zh,0.7273,0.4545,0.4545,0.375
00202723,paraformer-zh,0.3636,0.2727,0.0,0.0
00202723,zipformer-zh-en,0.7273,0.3636,0.3636,0.3333333333333333
00202723,sense-voice,0.4545,0.3636,0.2727,0.1111111111111111
00202739,whisper-tiny,0.5,0.3333,0.5,0.25
00202739,whisper-base,0.5,0.5,0.5,0.0
00202739,whisper-small,0.5,0.1667,0.5,0.4
00202739,vosk-cn,1.8333,1.3333,1.5,0.6
00202739,wav2vec2-zh,1.5,1.0,1.5,0.5
00202739,paraformer-zh,1.5,1.1667,1.5,0.4
00202739,zipformer-zh-en,1.3333,1.0,1.3333,0.4
00202739,sense-voice,1.3333,1.0,1.3333,0.4
00202755,whisper-tiny,0.4118,0.2941,0.3529,0.14285714285714285
00202755,whisper-base,0.3529,0.2353,0.2941,0.15384615384615385
00202755,whisper-small,0.2941,0.1765,0.2353,0.14285714285714285
00202755,vosk-cn,0.5294,0.4118,0.2941,0.08333333333333333
00202755,wav2vec2-zh,0.5882,0.3529,0.4706,0.3076923076923077
00202755,paraformer-zh,0.2941,0.2353,0.2353,0.06666666666666667
00202755,zipformer-zh-en,0.2941,0.2353,0.2353,0.06666666666666667
00202755,sense-voice,0.2941,0.2353,0.2353,0.06666666666666667
00202809,whisper-tiny,0.5,0.4167,0.5,0.14285714285714285
00202809,whisper-base,0.5833,0.5,0.4167,0.0
00202809,whisper-small,0.1667,0.0833,0.1667,0.09090909090909091
00202809,vosk-cn,0.0833,0.0833,0.0833,0.0
00202809,wav2vec2-zh,0.5833,0.3333,0.3333,0.25
00202809,paraformer-zh,0.0833,0.0,0.0833,0.08333333333333333
00202809,zipformer-zh-en,0.4167,0.3333,0.3333,0.0
00202809,sense-voice,0.0,0.0,0.0,0.0
00202825,whisper-tiny,0.3333,0.1667,0.1667,0.0
00202825,whisper-base,0.25,0.0833,0.25,0.18181818181818182
00202825,whisper-small,0.0,0.0,0.0,0.0
00202825,vosk-cn,0.4167,0.4167,0.3333,0.0
00202825,wav2vec2-zh,0.5833,0.1667,0.4167,0.3
00202825,paraformer-zh,0.1667,0.1667,0.1667,0.0
00202825,zipformer-zh-en,0.25,0.25,0.1667,0.0
00202825,sense-voice,0.1667,0.1667,0.1667,0.0
00202841,whisper-tiny,0.5,0.375,0.125,0.2
00202841,whisper-base,0.375,0.0,0.375,0.375
00202841,whisper-small,0.0,0.0,0.0,0.0
00202841,vosk-cn,0.375,0.125,0.25,0.25
00202841,wav2vec2-zh,0.25,0.0,0.25,0.25
00202841,paraformer-zh,0.0,0.0,0.0,0.0
00202841,zipformer-zh-en,0.25,0.125,0.125,0.14285714285714285
00202841,sense-voice,0.0,0.0,0.0,0.0
00202857,whisper-tiny,0.75,0.625,0.75,0.3333333333333333
00202857,whisper-base,0.625,0.5,0.375,0.0
00202857,whisper-small,0.625,0.5,0.375,0.25
00202857,vosk-cn,0.875,0.75,0.5,0.0
00202857,wav2vec2-zh,0.875,0.5,0.625,0.5
00202857,paraformer-zh,0.375,0.25,0.25,0.16666666666666666
00202857,zipformer-zh-en,0.625,0.375,0.625,0.4
00202857,sense-voice,0.125,0.125,0.0,0.0
00202911,whisper-tiny,0.5385,0.1538,0.3077,0.18181818181818182
00202911,whisper-base,0.5385,0.1538,0.2308,0.09090909090909091
00202911,whisper-small,0.2308,0.1538,0.1538,0.0
00202911,vosk-cn,0.3846,0.0769,0.2308,0.16666666666666666
00202911,wav2vec2-zh,0.4615,0.1538,0.3077,0.18181818181818182
00202911,paraformer-zh,0.2308,0.0769,0.1538,0.08333333333333333
00202911,zipformer-zh-en,0.3846,0.1538,0.3077,0.18181818181818182
00202911,sense-voice,0.4615,0.2308,0.2308,0.1
00202927,whisper-tiny,0.4167,0.0833,0.3333,0.36363636363636365
00202927,whisper-base,0.25,0.0,0.25,0.25
00202927,whisper-small,0.1667,0.0,0.1667,0.16666666666666666
00202927,vosk-cn,0.1667,0.0,0.1667,0.16666666666666666
00202927,wav2vec2-zh,0.1667,0.0,0.1667,0.16666666666666666
00202927,paraformer-zh,0.1667,0.0,0.1667,0.16666666666666666
00202927,zipformer-zh-en,0.1667,0.0,0.1667,0.16666666666666666
00202927,sense-voice,0.0833,0.0,0.1667,0.16666666666666666
00202943,whisper-tiny,0.75,0.75,0.25,0.0
00202943,whisper-base,0.125,0.0,0.0,0.0
00202943,whisper-small,0.0,0.0,0.0,0.0
00202943,vosk-cn,0.375,0.25,0.375,0.125
00202943,wav2vec2-zh,0.75,0.375,0.5,0.125
00202943,paraformer-zh,0.375,0.375,0.375,0.0
00202943,zipformer-zh-en,0.375,0.375,0.375,0.0
00202943,sense-voice,0.5,0.375,0.375,0.0
00202959,whisper-tiny,0.3333,0.2,0.3333,0.13333333333333333
00202959,whisper-base,0.6,0.4667,0.5333,0.09090909090909091
00202959,whisper-small,0.2,0.2,0.2,0.0
00202959,vosk-cn,0.5333,0.4667,0.4,0.09090909090909091
00202959,wav2vec2-zh,0.4,0.2667,0.2667,0.14285714285714285
00202959,paraformer-zh,0.2,0.2,0.2,0.0
00202959,zipformer-zh-en,0.3333,0.3333,0.2,0.0
00202959,sense-voice,0.2,0.2,0.2,0.0
00203013,whisper-tiny,0.9091,0.7273,0.3636,0.4
00203013,whisper-base,0.8182,0.5455,0.4545,0.4
00203013,whisper-small,0.4545,0.4545,0.3636,0.0
00203013,vosk-cn,0.5455,0.4545,0.2727,0.16666666666666666
00203013,wav2vec2-zh,0.5455,0.3636,0.4545,0.2857142857142857
00203013,paraformer-zh,0.2727,0.2727,0.1818,0.0
00203013,zipformer-zh-en,0.6364,0.5455,0.2727,0.0
00203013,sense-voice,0.1818,0.1818,0.0909,0.0
00203029,whisper-tiny,0.5385,0.3077,0.4615,0.3333333333333333
00203029,whisper-base,0.3846,0.3077,0.3077,0.1111111111111111
00203029,whisper-small,0.3846,0.3077,0.3077,0.1111111111111111
00203029,vosk-cn,0.2308,0.1538,0.2308,0.09090909090909091
00203029,wav2vec2-zh,0.6923,0.3846,0.6154,0.5
00203029,paraformer-zh,0.3846,0.1538,0.3846,0.2727272727272727
00203029,zipformer-zh-en,0.4615,0.2308,0.4615,0.3
00203029,sense-voice,0.1538,0.0769,0.1538,0.08333333333333333
00203116,whisper-tiny,0.25,0.125,0.25,0.14285714285714285
00203116,whisper-base,0.25,0.125,0.25,0.14285714285714285
00203116,whisper-small,0.25,0.125,0.25,0.14285714285714285
00203116,vosk-cn,0.5,0.25,0.375,0.3333333333333333
00203116,wav2vec2-zh,0.5,0.25,0.5,0.3333333333333333
00203116,paraformer-zh,0.25,0.25,0.125,0.0
00203116,zipformer-zh-en,0.25,0.125,0.125,0.0
00203116,sense-voice,0.25,0.25,0.125,0.0
00203132,whisper-tiny,0.2,0.2,0.2,0.0
00203132,whisper-base,0.4,0.2,0.4,0.25
00203132,whisper-small,0.4,0.2,0.4,0.25
00203132,vosk-cn,0.4,0.2,0.4,0.25
00203132,wav2vec2-zh,0.8,0.4,0.8,0.6666666666666666
00203132,paraformer-zh,0.4,0.2,0.4,0.25
00203132,zipformer-zh-en,0.4,0.2,0.4,0.25
00203132,sense-voice,0.4,0.0,0.4,0.4
00203148,whisper-tiny,0.1429,0.0952,0.0952,0.05263157894736842
00203148,whisper-base,0.0476,0.0476,0.0,0.0
00203148,whisper-small,0.0476,0.0476,0.0,0.0
00203148,vosk-cn,0.1429,0.0952,0.0476,0.05263157894736842
00203148,wav2vec2-zh,0.381,0.1429,0.3333,0.2631578947368421
00203148,paraformer-zh,0.0476,0.0476,0.0,0.0
00203148,zipformer-zh-en,0.0476,0.0476,0.0,0.0
00203148,sense-voice,0.0476,0.0476,0.0,0.0
00203202,whisper-tiny,0.3333,0.1111,0.3333,0.25
00203202,whisper-base,0.2222,0.1111,0.2222,0.125
00203202,whisper-small,0.1111,0.0,0.1111,0.1111111111111111
00203202,vosk-cn,0.3333,0.1111,0.2222,0.125
00203202,wav2vec2-zh,0.3333,0.1111,0.3333,0.25
00203202,paraformer-zh,0.0,0.0,0.0,0.0
00203202,zipformer-zh-en,0.1111,0.0,0.1111,0.1111111111111111
00203202,sense-voice,0.0,0.0,0.0,0.0
00203218,whisper-tiny,0.2727,0.0909,0.1818,0.2
00203218,whisper-base,0.0,0.0,0.0,0.0
00203218,whisper-small,0.2727,0.0909,0.1818,0.1
00203218,vosk-cn,0.0909,0.0909,0.0909,0.0
00203218,wav2vec2-zh,0.3636,0.2727,0.3636,0.125
00203218,paraformer-zh,0.0909,0.0909,0.0909,0.0
00203218,zipformer-zh-en,0.2727,0.1818,0.2727,0.1111111111111111
00203218,sense-voice,0.0,0.0,0.0,0.0
00203308,whisper-tiny,0.0,0.0,0.0,0.0
00203308,whisper-base,0.0,0.0,0.0,0.0
00203308,whisper-small,0.0,0.0,0.0,0.0
00203308,vosk-cn,0.0,0.0,0.0,0.0
00203308,wav2vec2-zh,0.0,0.0,0.0,0.0
00203308,paraformer-zh,0.0,0.0,0.0,0.0
00203308,zipformer-zh-en,0.0,0.0,0.0,0.0
00203308,sense-voice,0.0,0.0,0.0,0.0
00203324,whisper-tiny,0.0,0.0,0.0,0.0
00203324,whisper-base,0.0,0.0,0.0,0.0
00203324,whisper-small,0.0,0.0,0.0,0.0
00203324,vosk-cn,0.0,0.0,0.0,0.0
00203324,wav2vec2-zh,0.25,0.0,0.0833,0.08333333333333333
00203324,paraformer-zh,0.0,0.0,0.0,0.0
00203324,zipformer-zh-en,0.0,0.0,0.0,0.0
00203324,sense-voice,0.0,0.0,0.0,0.0
00203340,whisper-tiny,0.2727,0.0909,0.0,0.0
00203340,whisper-base,0.5455,0.5455,0.4545,0.0
00203340,whisper-small,0.5455,0.5455,0.4545,0.0
00203340,vosk-cn,0.5455,0.5455,0.4545,0.0
00203340,wav2vec2-zh,0.7273,0.5455,0.5455,0.1
00203340,paraformer-zh,0.5455,0.5455,0.4545,0.0
00203340,zipformer-zh-en,0.5455,0.5455,0.4545,0.0
00203340,sense-voice,0.5455,0.5455,0.4545,0.0
00203356,whisper-tiny,0.1667,0.1667,0.1667,0.0
00203356,whisper-base,0.25,0.1667,0.1667,0.1
00203356,whisper-small,0.0833,0.0833,0.0833,0.0
00203356,vosk-cn,0.0833,0.0833,0.0833,0.0
00203356,wav2vec2-zh,0.25,0.0833,0.1667,0.09090909090909091
00203356,paraformer-zh,0.0833,0.0833,0.0833,0.0
00203356,zipformer-zh-en,0.0833,0.0833,0.0833,0.0
00203356,sense-voice,0.0833,0.0833,0.0833,0.0
00203410,whisper-tiny,0.2143,0.0714,0.0714,0.0
00203410,whisper-base,0.2143,0.0714,0.0714,0.07692307692307693
00203410,whisper-small,0.1429,0.0714,0.0,0.0
00203410,vosk-cn,0.1429,0.1429,0.1429,0.0
00203410,wav2vec2-zh,0.3571,0.1429,0.0714,0.0
00203410,paraformer-zh,0.0,0.0,0.0,0.0
00203410,zipformer-zh-en,0.2143,0.0714,0.0,0.0
00203410,sense-voice,0.0,0.0,0.0,0.0
00203426,whisper-tiny,0.0833,0.0833,0.0833,0.0
00203426,whisper-base,0.3333,0.1667,0.1667,0.0
00203426,whisper-small,0.0,0.0,0.0,0.0
00203426,vosk-cn,0.0,0.0,0.0,0.0
00203426,wav2vec2-zh,0.25,0.0833,0.0,0.0
00203426,paraformer-zh,0.0,0.0,0.0,0.0
00203426,zipformer-zh-en,0.1667,0.1667,0.0833,0.0
00203426,sense-voice,0.0,0.0,0.0,0.0
00203513,whisper-tiny,0.3636,0.3636,0.1818,0.0
00203513,whisper-base,0.6364,0.6364,0.1818,0.0
00203513,whisper-small,0.4545,0.4545,0.0909,0.0
00203513,vosk-cn,0.4545,0.4545,0.2727,0.0
00203513,wav2vec2-zh,0.7273,0.4545,0.4545,0.5
00203513,paraformer-zh,0.3636,0.3636,0.1818,0.0
00203513,zipformer-zh-en,0.5455,0.5455,0.3636,0.0
00203513,sense-voice,0.4545,0.4545,0.0909,0.0
00203529,whisper-tiny,0.3846,0.3077,0.3077,0.1111111111111111
00203529,whisper-base,0.3846,0.3077,0.3846,0.1111111111111111
00203529,whisper-small,0.3846,0.1538,0.3846,0.2727272727272727
00203529,vosk-cn,0.3077,0.2308,0.2308,0.1
00203529,wav2vec2-zh,0.3846,0.3077,0.3846,0.1111111111111111
00203529,paraformer-zh,0.3077,0.1538,0.3077,0.18181818181818182
00203529,zipformer-zh-en,0.3846,0.3077,0.3846,0.1111111111111111
00203529,sense-voice,0.1538,0.0769,0.1538,0.08333333333333333
00203616,whisper-tiny,0.75,0.625,0.375,0.0
00203616,whisper-base,0.25,0.125,0.25,0.14285714285714285
00203616,whisper-small,0.125,0.125,0.125,0.0
00203616,vosk-cn,0.5,0.5,0.5,0.16666666666666666
00203616,wav2vec2-zh,0.625,0.25,0.5,0.2857142857142857
00203616,paraformer-zh,0.125,0.125,0.125,0.0
00203616,zipformer-zh-en,0.25,0.125,0.25,0.125
00203616,sense-voice,0.125,0.125,0.125,0.0
00203632,whisper-tiny,0.2,0.0,0.2,0.2
00203632,whisper-base,0.4,0.0,0.4,0.4
00203632,whisper-small,0.4,0.0,0.4,0.4
00203632,vosk-cn,0.0,0.0,0.0,0.0
00203632,wav2vec2-zh,0.8,0.2,0.8,0.75
00203632,paraformer-zh,0.0,0.0,0.0,0.0
00203632,zipformer-zh-en,0.2,0.0,0.2,0.2
00203632,sense-voice,0.2,0.0,0.2,0.2
00203648,whisper-tiny,0.0,0.0,0.0,0.0
00203648,whisper-base,0.0,0.0,0.0,0.0
00203648,whisper-small,0.0,0.0,0.0,0.0
00203648,vosk-cn,0.0,0.0,0.0,0.0
00203648,wav2vec2-zh,0.0952,0.0476,0.0476,0.0
00203648,paraformer-zh,0.0,0.0,0.0,0.0
00203648,zipformer-zh-en,0.0,0.0,0.0,0.0
00203648,sense-voice,0.0,0.0,0.0,0.0
00203702,whisper-tiny,0.4444,0.1111,0.2222,0.25
00203702,whisper-base,0.1111,0.1111,0.0,0.0
00203702,whisper-small,0.1111,0.1111,0.0,0.0
00203702,vosk-cn,0.3333,0.3333,0.1111,0.0
00203702,wav2vec2-zh,0.4444,0.2222,0.2222,0.2857142857142857
00203702,paraformer-zh,0.0,0.0,0.0,0.0
00203702,zipformer-zh-en,0.2222,0.2222,0.0,0.0
00203702,sense-voice,0.0,0.0,0.0,0.0
00203718,whisper-tiny,0.8182,0.5455,0.6364,0.2
00203718,whisper-base,0.4545,0.4545,0.2727,0.0
00203718,whisper-small,0.5455,0.3636,0.3636,0.0
00203718,vosk-cn,0.2727,0.2727,0.2727,0.0
00203718,wav2vec2-zh,0.6364,0.4545,0.1818,0.0
00203718,paraformer-zh,0.0,0.0,0.0,0.0
00203718,zipformer-zh-en,0.4545,0.4545,0.2727,0.0
00203718,sense-voice,0.0,0.0,0.0,0.0
00203734,whisper-tiny,0.5556,0.4444,0.4444,0.2
00203734,whisper-base,0.1111,0.1111,0.0,0.0
00203734,whisper-small,0.5556,0.4444,0.4444,0.2
00203734,vosk-cn,0.5556,0.4444,0.1111,0.0
00203734,wav2vec2-zh,0.4444,0.3333,0.2222,0.16666666666666666
00203734,paraformer-zh,0.5556,0.4444,0.3333,0.2
00203734,zipformer-zh-en,0.3333,0.3333,0.1111,0.0
00203734,sense-voice,0.4444,0.4444,0.2222,0.0
00203750,whisper-tiny,0.4167,0.4167,0.3333,0.14285714285714285
00203750,whisper-base,0.4167,0.3333,0.3333,0.125
00203750,whisper-small,0.1667,0.1667,0.0833,0.0
00203750,vosk-cn,0.3333,0.25,0.1667,0.1111111111111111
00203750,wav2vec2-zh,0.5,0.4167,0.3333,0.14285714285714285
00203750,paraformer-zh,0.1667,0.1667,0.0833,0.0
00203750,zipformer-zh-en,0.4167,0.25,0.1667,0.1111111111111111
00203750,sense-voice,0.25,0.25,0.25,0.1111111111111111
00203804,whisper-tiny,0.2,0.1,0.0,0.0
00203804,whisper-base,0.2,0.2,0.0,0.0
00203804,whisper-small,0.1,0.1,0.0,0.0
00203804,vosk-cn,0.1,0.1,0.0,0.0
00203804,wav2vec2-zh,0.4,0.2,0.0,0.0
00203804,paraformer-zh,0.0,0.0,0.0,0.0
00203804,zipformer-zh-en,0.0,0.0,0.0,0.0
00203804,sense-voice,0.0,0.0,0.0,0.0
00203820,whisper-tiny,0.0,0.0,0.0,0.0
00203820,whisper-base,0.0,0.0,0.0,0.0
00203820,whisper-small,0.0,0.0,0.0,0.0
00203820,vosk-cn,0.2222,0.2222,0.2222,0.0
00203820,wav2vec2-zh,0.5556,0.3333,0.3333,0.14285714285714285
00203820,paraformer-zh,0.2222,0.2222,0.2222,0.0
00203820,zipformer-zh-en,0.2222,0.2222,0.2222,0.0
00203820,sense-voice,0.2222,0.2222,0.2222,0.0
00203836,whisper-tiny,0.0909,0.0909,0.0909,0.0
00203836,whisper-base,0.1818,0.0,0.0909,0.09090909090909091
00203836,whisper-small,0.2727,0.0909,0.1818,0.1
00203836,vosk-cn,0.0909,0.0909,0.0909,0.0
00203836,wav2vec2-zh,0.0909,0.0909,0.0909,0.0
00203836,paraformer-zh,0.0,0.0,0.0,0.0
00203836,zipformer-zh-en,0.0909,0.0,0.0909,0.09090909090909091
00203836,sense-voice,0.0,0.0,0.0,0.0
00203852,whisper-tiny,0.3125,0.1875,0.25,0.13333333333333333
00203852,whisper-base,0.375,0.3125,0.375,0.06666666666666667
00203852,whisper-small,0.4375,0.4375,0.4375,0.0
00203852,vosk-cn,0.625,0.625,0.5625,0.0
00203852,wav2vec2-zh,0.5,0.375,0.5,0.23076923076923078
00203852,paraformer-zh,0.4375,0.4375,0.4375,0.0
00203852,zipformer-zh-en,0.5,0.5,0.5,0.0
00203852,sense-voice,0.4375,0.4375,0.4375,0.0
00203906,whisper-tiny,0.375,0.25,0.25,0.15384615384615385
00203906,whisper-base,0.1875,0.0625,0.1875,0.13333333333333333
00203906,whisper-small,0.0625,0.0625,0.0625,0.0
00203906,vosk-cn,0.6875,0.5,0.5,0.2727272727272727
00203906,wav2vec2-zh,0.5,0.125,0.375,0.2857142857142857
00203906,paraformer-zh,0.125,0.0625,0.125,0.0625
00203906,zipformer-zh-en,0.0625,0.0625,0.0625,0.0
00203906,sense-voice,0.0625,0.0625,0.0625,0.0
00203922,whisper-tiny,0.65,0.6,0.35,0.08333333333333333
00203922,whisper-base,0.8,0.6,0.6,0.17647058823529413
00203922,whisper-small,0.45,0.35,0.35,0.05555555555555555
00203922,vosk-cn,1.05,0.8,0.75,0.17647058823529413
00203922,wav2vec2-zh,0.9,0.65,0.8,0.16666666666666666
00203922,paraformer-zh,0.7,0.6,0.6,0.05263157894736842
00203922,zipformer-zh-en,0.75,0.6,0.7,0.15789473684210525
00203922,sense-voice,0.5,0.45,0.35,0.07142857142857142
00203938,whisper-tiny,0.5556,0.4444,0.3333,0.0
00203938,whisper-base,0.5556,0.4444,0.3333,0.0
00203938,whisper-small,0.5556,0.4444,0.5556,0.2
00203938,vosk-cn,0.7778,0.7778,0.6667,0.0
00203938,wav2vec2-zh,0.6667,0.6667,0.5556,0.0
00203938,paraformer-zh,0.3333,0.3333,0.3333,0.0
00203938,zipformer-zh-en,0.8889,0.6667,0.5556,0.25
00203938,sense-voice,0.5556,0.5556,0.5556,0.0
00203954,whisper-tiny,0.8333,0.7778,0.6667,0.1
00203954,whisper-base,0.3889,0.3333,0.2778,0.07692307692307693
00203954,whisper-small,0.5,0.5,0.4444,0.0
00203954,vosk-cn,0.7778,0.6111,0.7222,0.14285714285714285
00203954,wav2vec2-zh,0.7778,0.6111,0.6111,0.18181818181818182
00203954,paraformer-zh,0.6667,0.6667,0.5556,0.0
00203954,zipformer-zh-en,0.3889,0.3889,0.3333,0.0
00203954,sense-voice,0.5556,0.5556,0.5,0.0
00204008,whisper-tiny,0.1111,0.1111,0.1111,0.0
00204008,whisper-base,0.2222,0.1111,0.2222,0.125
00204008,whisper-small,0.1111,0.1111,0.1111,0.0
00204008,vosk-cn,0.5556,0.4444,0.3333,0.0
00204008,wav2vec2-zh,0.4444,0.4444,0.4444,0.0
00204008,paraformer-zh,0.0,0.0,0.0,0.0
00204008,zipformer-zh-en,0.5556,0.2222,0.5556,0.42857142857142855
00204008,sense-voice,0.0,0.0,0.0,0.0
00204024,whisper-tiny,0.1667,0.0833,0.0833,0.09090909090909091
00204024,whisper-base,0.1667,0.0833,0.0833,0.09090909090909091
00204024,whisper-small,0.1667,0.0833,0.0833,0.09090909090909091
00204024,vosk-cn,0.25,0.1667,0.0833,0.0
00204024,wav2vec2-zh,0.4167,0.0833,0.25,0.2727272727272727
00204024,paraformer-zh,0.3333,0.25,0.25,0.1
00204024,zipformer-zh-en,0.3333,0.25,0.25,0.1
00204024,sense-voice,0.1667,0.1667,0.0833,0.0
00204040,whisper-tiny,0.4545,0.4545,0.4545,0.14285714285714285
00204040,whisper-base,0.6364,0.5455,0.4545,0.0
00204040,whisper-small,0.1818,0.1818,0.1818,0.0
00204040,vosk-cn,0.2727,0.2727,0.2727,0.0
00204040,wav2vec2-zh,0.4545,0.1818,0.3636,0.2222222222222222
00204040,paraformer-zh,0.1818,0.1818,0.1818,0.0
00204040,zipformer-zh-en,0.3636,0.2727,0.3636,0.125
00204040,sense-voice,0.1818,0.1818,0.1818,0.0
00204056,whisper-tiny,0.5,0.4167,0.4167,0.125
00204056,whisper-base,0.5,0.4167,0.3333,0.125
00204056,whisper-small,0.5833,0.5,0.3333,0.125
00204056,vosk-cn,0.5833,0.5,0.4167,0.125
00204056,wav2vec2-zh,0.5,0.4167,0.3333,0.125
00204056,paraformer-zh,0.5,0.5,0.3333,0.0
00204056,zipformer-zh-en,0.5833,0.5,0.4167,0.125
00204056,sense-voice,0.5833,0.5,0.3333,0.125
00204110,whisper-tiny,0.3571,0.1429,0.2143,0.16666666666666666
00204110,whisper-base,0.3571,0.1429,0.1429,0.08333333333333333
00204110,whisper-small,0.2857,0.1429,0.1429,0.08333333333333333
00204110,vosk-cn,0.3571,0.2143,0.1429,0.09090909090909091
00204110,wav2vec2-zh,0.4286,0.2857,0.2857,0.2
00204110,paraformer-zh,0.2143,0.1429,0.1429,0.08333333333333333
00204110,zipformer-zh-en,0.2143,0.1429,0.0714,0.0
00204110,sense-voice,0.2143,0.1429,0.1429,0.08333333333333333
00204126,whisper-tiny,0.1667,0.0,0.0833,0.08333333333333333
00204126,whisper-base,0.0833,0.0,0.0833,0.08333333333333333
00204126,whisper-small,0.0833,0.0833,0.0833,0.0
00204126,vosk-cn,0.4167,0.0833,0.25,0.18181818181818182
00204126,wav2vec2-zh,0.75,0.1667,0.25,0.2
00204126,paraformer-zh,0.0,0.0,0.0,0.0
00204126,zipformer-zh-en,0.3333,0.25,0.25,0.0
00204126,sense-voice,0.0,0.0,0.0,0.0
00204142,whisper-tiny,0.4615,0.4615,0.3077,0.0
00204142,whisper-base,0.6154,0.4615,0.4615,0.1111111111111111
00204142,whisper-small,0.0,0.0,0.0,0.0
00204142,vosk-cn,0.4615,0.2308,0.3077,0.3
00204142,wav2vec2-zh,0.5385,0.5385,0.3846,0.0
00204142,paraformer-zh,0.1538,0.1538,0.1538,0.0
00204142,zipformer-zh-en,0.3077,0.2308,0.2308,0.08333333333333333
00204142,sense-voice,0.1538,0.1538,0.1538,0.0
00204158,whisper-tiny,0.1429,0.0,0.1429,0.14285714285714285
00204158,whisper-base,0.1429,0.0,0.1429,0.14285714285714285
00204158,whisper-small,0.1429,0.0,0.1429,0.14285714285714285
00204158,vosk-cn,0.1429,0.0,0.1429,0.14285714285714285
00204158,wav2vec2-zh,0.2857,0.1429,0.1429,0.16666666666666666
00204158,paraformer-zh,0.0,0.0,0.0,0.0
00204158,zipformer-zh-en,0.1429,0.0,0.1429,0.14285714285714285
00204158,sense-voice,0.0,0.0,0.0,0.0
00204212,whisper-tiny,0.0769,0.0769,0.0769,0.0
00204212,whisper-base,0.3077,0.3077,0.3077,0.0
00204212,whisper-small,0.3077,0.1538,0.2308,0.18181818181818182
00204212,vosk-cn,0.1538,0.0769,0.1538,0.08333333333333333
00204212,wav2vec2-zh,0.6923,0.3846,0.5385,0.375
00204212,paraformer-zh,0.2308,0.2308,0.2308,0.0
00204212,zipformer-zh-en,0.5385,0.3846,0.3846,0.25
00204212,sense-voice,0.0769,0.0,0.0769,0.07692307692307693
00204228,whisper-tiny,0.3,0.3,0.0,0.0
00204228,whisper-base,0.2,0.2,0.0,0.0
00204228,whisper-small,0.0,0.0,0.0,0.0
00204228,vosk-cn,0.2,0.2,0.1,0.0
00204228,wav2vec2-zh,0.6,0.3,0.4,0.2857142857142857
00204228,paraformer-zh,0.1,0.1,0.0,0.0
00204228,zipformer-zh-en,0.2,0.2,0.1,0.0
00204228,sense-voice,0.0,0.0,0.0,0.0
00204244,whisper-tiny,0.5556,0.2222,0.2222,0.14285714285714285
00204244,whisper-base,0.5556,0.3333,0.2222,0.16666666666666666
00204244,whisper-small,0.5556,0.3333,0.3333,0.16666666666666666
00204244,vosk-cn,0.5556,0.2222,0.4444,0.2857142857142857
00204244,wav2vec2-zh,0.5556,0.2222,0.3333,0.2857142857142857
00204244,paraformer-zh,0.4444,0.2222,0.2222,0.14285714285714285
00204244,zipformer-zh-en,0.4444,0.2222,0.3333,0.2857142857142857
00204244,sense-voice,0.1111,0.1111,0.1111,0.0
00204260,whisper-tiny,0.4,0.3,0.2,0.14285714285714285
00204260,whisper-base,0.4,0.3,0.3,0.14285714285714285
00204260,whisper-small,0.3,0.3,0.2,0.0
00204260,vosk-cn,0.2,0.2,0.1,0.0
00204260,wav2vec2-zh,0.4,0.3,0.3,0.14285714285714285
00204260,paraformer-zh,0.1,0.1,0.1,0.0
00204260,zipformer-zh-en,0.3,0.2,0.2,0.0
00204260,sense-voice,0.1,0.1,0.0,0.0
00204315,whisper-tiny,0.2778,0.1667,0.2778,0.13333333333333333
00204315,whisper-base,0.3889,0.1667,0.2222,0.26666666666666666
00204315,whisper-small,0.2778,0.2222,0.2222,0.07142857142857142
00204315,vosk-cn,0.3889,0.3333,0.3333,0.14285714285714285
00204315,wav2vec2-zh,0.4444,0.1111,0.5,0.4117647058823529
00204315,paraformer-zh,0.1667,0.1111,0.1667,0.05555555555555555
00204315,zipformer-zh-en,0.3889,0.2778,0.3333,0.15384615384615385
00204315,sense-voice,0.1667,0.1111,0.1667,0.058823529411764705
00204331,whisper-tiny,0.7778,0.5556,0.3333,0.4
00204331,whisper-base,0.4444,0.3333,0.3333,0.16666666666666666
00204331,whisper-small,0.5556,0.3333,0.4444,0.3333333333333333
00204331,vosk-cn,1.0,0.8889,0.5556,0.25
00204331,wav2vec2-zh,0.7778,0.5556,0.4444,0.5
00204331,paraformer-zh,0.5556,0.4444,0.4444,0.16666666666666666
00204331,zipformer-zh-en,0.7778,0.4444,0.5556,0.3333333333333333
00204331,sense-voice,0.3333,0.3333,0.2222,0.0
00204347,whisper-tiny,0.1667,0.1667,0.1667,0.0
00204347,whisper-base,0.1667,0.0833,0.0833,0.0
00204347,whisper-small,0.25,0.1667,0.0833,0.0
00204347,vosk-cn,0.5833,0.5833,0.4167,0.0
00204347,wav2vec2-zh,0.5,0.3333,0.4167,0.1
00204347,paraformer-zh,0.25,0.25,0.25,0.0
00204347,zipformer-zh-en,0.5,0.3333,0.5,0.2
00204347,sense-voice,0.25,0.25,0.25,0.0
00204401,whisper-tiny,0.6364,0.4545,0.2727,0.0
00204401,whisper-base,0.6364,0.2727,0.3636,0.375
00204401,whisper-small,0.5455,0.1818,0.3636,0.3333333333333333
00204401,vosk-cn,0.6364,0.2727,0.4545,0.375
00204401,wav2vec2-zh,0.6364,0.4545,0.4545,0.2857142857142857
00204401,paraformer-zh,0.4545,0.0909,0.3636,0.3
00204401,zipformer-zh-en,0.5455,0.2727,0.4545,0.25
00204401,sense-voice,0.6364,0.1818,0.4545,0.3333333333333333
00204417,whisper-tiny,0.5556,0.3333,0.3333,0.16666666666666666
00204417,whisper-base,0.5556,0.3333,0.3333,0.16666666666666666
00204417,whisper-small,0.5556,0.3333,0.3333,0.16666666666666666
00204417,vosk-cn,0.4444,0.2222,0.3333,0.14285714285714285
00204417,wav2vec2-zh,0.6667,0.4444,0.4444,0.2
00204417,paraformer-zh,0.4444,0.3333,0.3333,0.0
00204417,zipformer-zh-en,0.4444,0.2222,0.3333,0.14285714285714285
00204417,sense-voice,0.4444,0.3333,0.3333,0.16666666666666666
00204433,whisper-tiny,0.3333,0.1667,0.1667,0.2
00204433,whisper-base,0.3333,0.1667,0.1667,0.2
00204433,whisper-small,0.5,0.5,0.3333,0.0
00204433,vosk-cn,0.6667,0.6667,0.3333,0.0
00204433,wav2vec2-zh,0.1667,0.0,0.1667,0.16666666666666666
00204433,paraformer-zh,0.3333,0.3333,0.1667,0.0
00204433,zipformer-zh-en,0.3333,0.1667,0.1667,0.2
00204433,sense-voice,0.1667,0.0,0.1667,0.16666666666666666
00204449,whisper-tiny,0.5333,0.2667,0.3333,0.2727272727272727
00204449,whisper-base,0.3333,0.1333,0.2,0.15384615384615385
00204449,whisper-small,0.3333,0.2,0.2667,0.07692307692307693
00204449,vosk-cn,0.4,0.2,0.2667,0.15384615384615385
00204449,wav2vec2-zh,0.5333,0.2,0.3333,0.25
00204449,paraformer-zh,0.3333,0.2,0.2,0.07692307692307693
00204449,zipformer-zh-en,0.3333,0.2,0.2667,0.16666666666666666
00204449,sense-voice,0.3333,0.2,0.2667,0.07692307692307693
00204503,whisper-tiny,0.625,0.5,0.4375,0.25
00204503,whisper-base,0.625,0.625,0.4375,0.0
00204503,whisper-small,0.5625,0.4375,0.375,0.2222222222222222
00204503,vosk-cn,0.6875,0.5625,0.5,0.2857142857142857
00204503,wav2vec2-zh,0.6875,0.625,0.4375,0.16666666666666666
00204503,paraformer-zh,0.4375,0.4375,0.3125,0.0
00204503,zipformer-zh-en,0.625,0.375,0.5,0.3
00204503,sense-voice,0.5625,0.4375,0.375,0.1111111111111111
00204519,whisper-tiny,0.6154,0.3846,0.4615,0.375
00204519,whisper-base,0.5385,0.3077,0.3846,0.3333333333333333
00204519,whisper-small,0.6923,0.3846,0.4615,0.5
00204519,vosk-cn,0.9231,0.6154,0.6923,0.5
00204519,wav2vec2-zh,0.8462,0.5385,0.6154,0.6666666666666666
00204519,paraformer-zh,0.4615,0.3846,0.3846,0.125
00204519,zipformer-zh-en,0.8462,0.3846,0.4615,0.5
00204519,sense-voice,0.5385,0.2308,0.3077,0.2
00204535,whisper-tiny,0.2222,0.1111,0.1111,0.0
00204535,whisper-base,0.1111,0.1111,0.1111,0.0
00204535,whisper-small,0.2222,0.2222,0.2222,0.0
00204535,vosk-cn,0.2222,0.2222,0.2222,0.0
00204535,wav2vec2-zh,0.5556,0.2222,0.5556,0.42857142857142855
00204535,paraformer-zh,0.2222,0.1111,0.1111,0.0
00204535,zipformer-zh-en,0.4444,0.3333,0.3333,0.16666666666666666
00204535,sense-voice,0.2222,0.2222,0.2222,0.0
00204551,whisper-tiny,0.6875,0.5,0.5625,0.2222222222222222
00204551,whisper-base,0.4375,0.3125,0.4375,0.16666666666666666
00204551,whisper-small,0.4375,0.3125,0.375,0.08333333333333333
00204551,vosk-cn,0.5625,0.5,0.375,0.0
00204551,wav2vec2-zh,0.6875,0.4375,0.5,0.3
00204551,paraformer-zh,0.375,0.25,0.375,0.15384615384615385
00204551,zipformer-zh-en,0.4375,0.3125,0.3125,0.16666666666666666
00204551,sense-voice,0.1875,0.125,0.1875,0.06666666666666667
00204605,whisper-tiny,0.1765,0.1176,0.1176,0.0
00204605,whisper-base,0.2941,0.2353,0.2353,0.0
00204605,whisper-small,0.1176,0.0588,0.0588,0.0
00204605,vosk-cn,0.2941,0.2353,0.2941,0.07142857142857142
00204605,wav2vec2-zh,0.4706,0.1765,0.3529,0.2
00204605,paraformer-zh,0.1176,0.0588,0.1176,0.058823529411764705
00204605,zipformer-zh-en,0.4118,0.2941,0.4118,0.15384615384615385
00204605,sense-voice,0.1176,0.1176,0.1176,0.0
00204621,whisper-tiny,0.6875,0.375,0.3125,0.2
00204621,whisper-base,0.375,0.25,0.0625,0.08333333333333333
00204621,whisper-small,0.25,0.1875,0.125,0.07692307692307693
00204621,vosk-cn,0.375,0.3125,0.3125,0.07142857142857142
00204621,wav2vec2-zh,0.5,0.3125,0.25,0.18181818181818182
00204621,paraformer-zh,0.125,0.0625,0.0625,0.06666666666666667
00204621,zipformer-zh-en,0.375,0.1875,0.25,0.15384615384615385
00204621,sense-voice,0.0625,0.0625,0.0,0.0
00204637,whisper-tiny,0.2,0.1333,0.0,0.0
00204637,whisper-base,0.1333,0.0667,0.0,0.0
00204637,whisper-small,0.0667,0.0,0.0,0.0
00204637,vosk-cn,0.0667,0.0,0.0,0.0
00204637,wav2vec2-zh,0.2,0.0667,0.0667,0.07142857142857142
00204637,paraformer-zh,0.0,0.0,0.0,0.0
00204637,zipformer-zh-en,0.2,0.0,0.1333,0.13333333333333333
00204637,sense-voice,0.0,0.0,0.0,0.0
00204653,whisper-tiny,0.6667,0.5,0.5,0.3333333333333333
00204653,whisper-base,0.6667,0.3333,0.5,0.5
00204653,whisper-small,0.5,0.1667,0.5,0.4
00204653,vosk-cn,0.5,0.1667,0.3333,0.2
00204653,wav2vec2-zh,0.3333,0.1667,0.3333,0.2
00204653,paraformer-zh,0.5,0.1667,0.3333,0.2
00204653,zipformer-zh-en,0.5,0.5,0.3333,0.0
00204653,sense-voice,0.3333,0.1667,0.3333,0.2
00200101,whisper-tiny,0.2,0.0,0.0,0.0
00200101,whisper-base,0.2,0.2,0.2,0.0
00200101,whisper-small,0.0,0.0,0.0,0.0
00200101,vosk-cn,0.2,0.2,0.0,0.0
00200101,wav2vec2-zh,0.2,0.2,0.0,0.0
00200101,paraformer-zh,0.2,0.2,0.0,0.0
00200101,zipformer-zh-en,0.0,0.0,0.0,0.0
00200101,sense-voice,0.0,0.0,0.0,0.0
00200117,whisper-tiny,0.0,0.0,0.0,0.0
00200117,whisper-base,0.0,0.0,0.0,0.0
00200117,whisper-small,0.0,0.0,0.0,0.0
00200117,vosk-cn,0.0,0.0,0.0,0.0
00200117,wav2vec2-zh,0.0,0.0,0.0,0.0
00200117,paraformer-zh,0.0,0.0,0.0,0.0
00200117,zipformer-zh-en,0.0,0.0,0.0,0.0
00200117,sense-voice,0.0,0.0,0.0,0.0
00200213,whisper-tiny,0.7143,0.7143,0.5714,0.0
00200213,whisper-base,1.0,1.0,1.0,
00200213,whisper-small,0.1429,0.1429,0.1429,0.0
00200213,vosk-cn,1.0,0.7143,0.2857,0.0
00200213,wav2vec2-zh,0.5714,0.2857,0.4286,0.4
00200213,paraformer-zh,0.4286,0.1429,0.1429,0.0
00200213,zipformer-zh-en,1.0,1.0,1.0,
00200213,sense-voice,1.0,1.0,1.0,
00200309,whisper-tiny,0.0,0.0,0.0,0.0
00200309,whisper-base,0.0,0.0,0.0,0.0
00200309,whisper-small,0.0,0.0,0.0,0.0
00200309,vosk-cn,0.0,0.0,0.0,0.0
00200309,wav2vec2-zh,0.0,0.0,0.0,0.0
00200309,paraformer-zh,0.0,0.0,0.0,0.0
00200309,zipformer-zh-en,0.0,0.0,0.0,0.0
00200309,sense-voice,0.0,0.0,0.0,0.0
00200405,whisper-tiny,0.0,0.0,0.0,0.0
00200405,whisper-base,0.0,0.0,0.0,0.0
00200405,whisper-small,0.0,0.0,0.0,0.0
00200405,vosk-cn,0.1667,0.1667,0.0,0.0
00200405,wav2vec2-zh,0.1667,0.0,0.3333,0.3333333333333333
00200405,paraformer-zh,0.0,0.0,0.0,0.0
00200405,zipformer-zh-en,0.0,0.0,0.0,0.0
00200405,sense-voice,0.0,0.0,0.0,0.0
00200501,whisper-tiny,0.0,0.0,0.0,0.0
00200501,whisper-base,0.0,0.0,0.0,0.0
00200501,whisper-small,0.0,0.0,0.0,0.0
00200501,vosk-cn,0.2,0.2,0.2,0.0
00200501,wav2vec2-zh,0.0,0.0,0.0,0.0
00200501,paraformer-zh,0.2,0.2,0.2,0.0
00200501,zipformer-zh-en,0.0,0.0,0.0,0.0
00200501,sense-voice,0.2,0.2,0.2,0.0
00200517,whisper-tiny,0.4,0.2,0.2,0.25
00200517,whisper-base,0.4,0.4,0.4,0.0
00200517,whisper-small,0.0,0.0,0.0,0.0
00200517,vosk-cn,0.2,0.0,0.2,0.2
00200517,wav2vec2-zh,0.2,0.0,0.2,0.2
00200517,paraformer-zh,0.4,0.4,0.4,0.0
00200517,zipformer-zh-en,0.0,0.0,0.0,0.0
00200517,sense-voice,0.0,0.0,0.0,0.0
00200613,whisper-tiny,0.1429,0.1429,0.1429,0.0
00200613,whisper-base,0.2857,0.2857,0.1429,0.0
00200613,whisper-small,0.4286,0.1429,0.1429,0.0
00200613,vosk-cn,0.7143,0.1429,0.2857,0.3333333333333333
00200613,wav2vec2-zh,0.1429,0.1429,0.1429,0.0
00200613,paraformer-zh,0.5714,0.1429,0.1429,0.16666666666666666
00200613,zipformer-zh-en,0.5714,0.1429,0.2857,0.16666666666666666
00200613,sense-voice,0.4286,0.1429,0.1429,0.0
00200709,whisper-tiny,0.0,0.0,0.0,0.0
00200709,whisper-base,0.2,0.0,0.2,0.2
00200709,whisper-small,0.2,0.0,0.2,0.2
00200709,vosk-cn,0.2,0.0,0.2,0.2
00200709,wav2vec2-zh,0.4,0.1,0.4,0.3333333333333333
00200709,paraformer-zh,0.0,0.0,0.0,0.0
00200709,zipformer-zh-en,0.3,0.0,0.3,0.3
00200709,sense-voice,0.0,0.0,0.0,0.0
00200805,whisper-tiny,0.5,0.3333,0.5,0.25
00200805,whisper-base,0.0,0.0,0.0,0.0
00200805,whisper-small,0.0,0.0,0.0,0.0
00200805,vosk-cn,0.8333,0.6667,0.6667,0.25
00200805,wav2vec2-zh,0.6667,0.5,0.6667,0.3333333333333333
00200805,paraformer-zh,0.1667,0.1667,0.1667,0.0
00200805,zipformer-zh-en,0.3333,0.1667,0.1667,0.2
00200805,sense-voice,0.1667,0.1667,0.1667,0.0
00200901,whisper-tiny,0.0,0.0,0.0,0.0
00200901,whisper-base,0.0,0.0,0.0,0.0
00200901,whisper-small,0.0,0.0,0.0,0.0
00200901,vosk-cn,0.0,0.0,0.0,0.0
00200901,wav2vec2-zh,0.0,0.0,0.0,0.0
00200901,paraformer-zh,0.0,0.0,0.0,0.0
00200901,zipformer-zh-en,0.0,0.0,0.0,0.0
00200901,sense-voice,0.0,0.0,0.0,0.0
00200917,whisper-tiny,0.0,0.0,0.0,0.0
00200917,whisper-base,0.0,0.0,0.0,0.0
00200917,whisper-small,0.0,0.0,0.0,0.0
00200917,vosk-cn,0.2,0.2,0.0,0.0
00200917,wav2vec2-zh,0.0,0.0,0.0,0.0
00200917,paraformer-zh,0.0,0.0,0.0,0.0
00200917,zipformer-zh-en,0.0,0.0,0.0,0.0
00200917,sense-voice,0.0,0.0,0.0,0.0
00201013,whisper-tiny,0.7143,0.7143,0.5714,0.0
00201013,whisper-base,0.7143,0.7143,0.5714,0.0
00201013,whisper-small,0.5714,0.5714,0.5714,0.0
00201013,vosk-cn,1.0,0.7143,0.7143,0.0
00201013,wav2vec2-zh,0.7143,0.7143,0.5714,0.0
00201013,paraformer-zh,0.7143,0.5714,0.5714,0.0
00201013,zipformer-zh-en,0.7143,0.7143,0.7143,0.0
00201013,sense-voice,0.8571,0.5714,0.5714,0.0
00201109,whisper-tiny,0.0,0.0,0.0,0.0
00201109,whisper-base,0.0,0.0,0.0,0.0
00201109,whisper-small,0.0,0.0,0.0,0.0
00201109,vosk-cn,0.1,0.1,0.1,0.0
00201109,wav2vec2-zh,0.6,0.1,0.4,0.3333333333333333
00201109,paraformer-zh,0.0,0.0,0.0,0.0
00201109,zipformer-zh-en,0.1,0.1,0.1,0.0
00201109,sense-voice,0.0,0.0,0.0,0.0
00201205,whisper-tiny,0.3333,0.3333,0.3333,0.0
00201205,whisper-base,0.5,0.3333,0.3333,0.16666666666666666
00201205,whisper-small,0.3333,0.3333,0.3333,0.0
00201205,vosk-cn,0.5,0.3333,0.6667,0.3333333333333333
00201205,wav2vec2-zh,0.6667,0.6667,0.6667,0.0
00201205,paraformer-zh,0.3333,0.3333,0.3333,0.0
00201205,zipformer-zh-en,0.3333,0.3333,0.3333,0.0
00201205,sense-voice,0.3333,0.3333,0.3333,0.0
00201301,whisper-tiny,0.8,0.8,0.6,0.0
00201301,whisper-base,0.0,0.0,0.0,0.0
00201301,whisper-small,0.0,0.0,0.0,0.0
00201301,vosk-cn,0.0,0.0,0.0,0.0
00201301,wav2vec2-zh,0.6,0.4,0.2,0.0
00201301,paraformer-zh,0.0,0.0,0.0,0.0
00201301,zipformer-zh-en,0.2,0.2,0.2,0.0
00201301,sense-voice,0.0,0.0,0.0,0.0
00201317,whisper-tiny,0.0,0.0,0.0,0.0
00201317,whisper-base,0.0,0.0,0.0,0.0
00201317,whisper-small,0.2,0.2,0.2,0.0
00201317,vosk-cn,0.0,0.0,0.0,0.0
00201317,wav2vec2-zh,0.2,0.0,0.2,0.2
00201317,paraformer-zh,0.4,0.2,0.2,0.25
00201317,zipformer-zh-en,0.0,0.0,0.0,0.0
00201317,sense-voice,0.2,0.0,0.2,0.2
00201413,whisper-tiny,0.1429,0.0,0.1429,0.14285714285714285
00201413,whisper-base,0.1429,0.0,0.1429,0.14285714285714285
00201413,whisper-small,0.0,0.0,0.0,0.0
00201413,vosk-cn,0.5714,0.0,0.2857,0.2857142857142857
00201413,wav2vec2-zh,0.1429,0.0,0.1429,0.14285714285714285
00201413,paraformer-zh,0.4286,0.0,0.1429,0.14285714285714285
00201413,zipformer-zh-en,0.2857,0.1429,0.2857,0.16666666666666666
00201413,sense-voice,0.2857,0.0,0.0,0.0
00201509,whisper-tiny,0.3,0.3,0.3,0.0
00201509,whisper-base,0.3,0.3,0.3,0.0
00201509,whisper-small,0.0,0.0,0.0,0.0
00201509,vosk-cn,0.4,0.4,0.3,0.0
00201509,wav2vec2-zh,0.3,0.3,0.2,0.0
00201509,paraformer-zh,0.0,0.0,0.0,0.0
00201509,zipformer-zh-en,0.1,0.0,0.1,0.1
00201509,sense-voice,0.0,0.0,0.0,0.0
00201605,whisper-tiny,0.1667,0.0,0.1667,0.16666666666666666
00201605,whisper-base,0.1667,0.0,0.0,0.0
00201605,whisper-small,0.0,0.0,0.0,0.0
00201605,vosk-cn,0.0,0.0,0.0,0.0
00201605,wav2vec2-zh,0.0,0.0,0.0,0.0
00201605,paraformer-zh,0.0,0.0,0.0,0.0
00201605,zipformer-zh-en,0.0,0.0,0.0,0.0
00201605,sense-voice,0.0,0.0,0.0,0.0
00201730,whisper-tiny,0.5455,0.3636,0.1818,0.2857142857142857
00201730,whisper-base,0.4545,0.3636,0.1818,0.0
00201730,whisper-small,0.5455,0.2727,0.0909,0.125
00201730,vosk-cn,0.3636,0.3636,0.0909,0.0
00201730,wav2vec2-zh,0.5455,0.3636,0.2727,0.2857142857142857
00201730,paraformer-zh,0.5455,0.4545,0.1818,0.0
00201730,zipformer-zh-en,0.3636,0.2727,0.0909,0.0
00201730,sense-voice,0.3636,0.2727,0.1818,0.125
00201746,whisper-tiny,0.5556,0.3333,0.4444,0.25
00201746,whisper-base,0.7778,0.3333,0.3333,0.25
00201746,whisper-small,0.7778,0.3333,0.4444,0.375
00201746,vosk-cn,0.7778,0.4444,0.3333,0.42857142857142855
00201746,wav2vec2-zh,0.7778,0.4444,0.4444,0.2857142857142857
00201746,paraformer-zh,0.2222,0.2222,0.2222,0.0
00201746,zipformer-zh-en,0.5556,0.3333,0.3333,0.125
00201746,sense-voice,0.4444,0.3333,0.3333,0.125
00201804,whisper-tiny,0.2222,0.2222,0.2222,0.0
00201804,whisper-base,0.2222,0.1111,0.2222,0.125
00201804,whisper-small,0.1111,0.1111,0.1111,0.0
00201804,vosk-cn,0.3333,0.3333,0.2222,0.0
00201804,wav2vec2-zh,0.3333,0.2222,0.3333,0.14285714285714285
00201804,paraformer-zh,0.1111,0.1111,0.1111,0.0
00201804,zipformer-zh-en,0.2222,0.1111,0.2222,0.125
00201804,sense-voice,0.1111,0.1111,0.1111,0.0
00201820,whisper-tiny,0.4375,0.3125,0.375,0.16666666666666666
00201820,whisper-base,0.5625,0.375,0.4375,0.3
00201820,whisper-small,0.1875,0.125,0.1875,0.07142857142857142
00201820,vosk-cn,0.5625,0.5,0.3125,0.09090909090909091
00201820,wav2vec2-zh,0.6875,0.4375,0.4375,0.4
00201820,paraformer-zh,0.3125,0.3125,0.1875,0.0
00201820,zipformer-zh-en,0.625,0.3125,0.3125,0.36363636363636365
00201820,sense-voice,0.3125,0.3125,0.25,0.0
00201916,whisper-tiny,0.5455,0.5455,0.4545,0.0
00201916,whisper-base,0.4545,0.3636,0.3636,0.1111111111111111
00201916,whisper-small,0.5455,0.4545,0.3636,0.0
00201916,vosk-cn,0.3636,0.3636,0.2727,0.0
00201916,wav2vec2-zh,0.6364,0.3636,0.4545,0.1111111111111111
00201916,paraformer-zh,0.2727,0.2727,0.2727,0.0
00201916,zipformer-zh-en,0.6364,0.5455,0.5455,0.125
00201916,sense-voice,0.1818,0.1818,0.1818,0.0
00202012,whisper-tiny,0.0833,0.0,0.0,0.0
00202012,whisper-base,0.0833,0.0,0.0,0.0
00202012,whisper-small,0.0833,0.0,0.0,0.0
00202012,vosk-cn,0.0,0.0,0.0,0.0
00202012,wav2vec2-zh,0.0,0.0,0.0,0.0
00202012,paraformer-zh,0.0,0.0,0.0,0.0
00202012,zipformer-zh-en,0.0833,0.0,0.0,0.0
00202012,sense-voice,0.0,0.0,0.0,0.0
00202108,whisper-tiny,0.3333,0.3333,0.3333,0.0
00202108,whisper-base,0.0,0.0,0.0,0.0
00202108,whisper-small,0.5,0.1667,0.5,0.4
00202108,vosk-cn,0.5,0.1667,0.5,0.4
00202108,wav2vec2-zh,0.5,0.1667,0.5,0.4
00202108,paraformer-zh,0.1667,0.3333,0.1667,0.0
00202108,zipformer-zh-en,0.5,0.1667,0.5,0.4
00202108,sense-voice,0.5,0.3333,0.5,0.25
00202204,whisper-tiny,0.1111,0.1111,0.1111,0.0
00202204,whisper-base,0.0,0.0,0.0,0.0
00202204,whisper-small,0.0,0.0,0.0,0.0
00202204,vosk-cn,0.1111,0.1111,0.2222,0.125
00202204,wav2vec2-zh,0.2222,0.2222,0.1111,0.0
00202204,paraformer-zh,0.0,0.0,0.0,0.0
00202204,zipformer-zh-en,0.0,0.0,0.0,0.0
00202204,sense-voice,0.0,0.0,0.0,0.0
00202220,whisper-tiny,0.25,0.1875,0.25,0.07692307692307693
00202220,whisper-base,0.4375,0.4375,0.4375,0.0
00202220,whisper-small,0.0,0.0,0.0,0.0
00202220,vosk-cn,0.3125,0.25,0.125,0.08333333333333333
00202220,wav2vec2-zh,0.4375,0.1875,0.25,0.23076923076923078
00202220,paraformer-zh,0.0,0.0,0.0,0.0
00202220,zipformer-zh-en,0.125,0.0,0.125,0.125
00202220,sense-voice,0.0,0.0,0.0,0.0
00202316,whisper-tiny,0.25,0.125,0.25,0.125
00202316,whisper-base,0.0,0.0,0.0,0.0
00202316,whisper-small,0.125,0.0,0.125,0.125
00202316,vosk-cn,0.25,0.125,0.125,0.14285714285714285
00202316,wav2vec2-zh,0.125,0.0,0.125,0.125
00202316,paraformer-zh,0.0,0.0,0.0,0.0
00202316,zipformer-zh-en,0.0,0.0,0.0,0.0
00202316,sense-voice,0.0,0.0,0.0,0.0
00202332,whisper-tiny,0.4,0.2,0.2,0.25
00202332,whisper-base,0.4,0.4,0.2,0.0
00202332,whisper-small,0.2,0.2,0.2,0.0
00202332,vosk-cn,0.4,0.4,0.2,0.0
00202332,wav2vec2-zh,0.4,0.4,0.4,0.0
00202332,paraformer-zh,0.4,0.4,0.4,0.0
00202332,zipformer-zh-en,0.6,0.6,0.6,0.0
00202332,sense-voice,0.4,0.4,0.4,0.0
00202348,whisper-tiny,0.2857,0.2857,0.1429,0.0
00202348,whisper-base,0.0,0.0,0.0,0.0
00202348,whisper-small,0.0,0.0,0.0,0.0
00202348,vosk-cn,0.3333,0.2857,0.3333,0.047619047619047616
00202348,wav2vec2-zh,0.2857,0.2381,0.2857,0.047619047619047616
00202348,paraformer-zh,0.2857,0.2857,0.2857,0.0
00202348,zipformer-zh-en,0.3333,0.2857,0.3333,0.047619047619047616
00202348,sense-voice,0.1905,0.1905,0.1905,0.0
00202402,whisper-tiny,0.2222,0.1111,0.1111,0.0
00202402,whisper-base,0.1111,0.1111,0.0,0.0
00202402,whisper-small,0.0,0.0,0.0,0.0
00202402,vosk-cn,0.1111,0.1111,0.0,0.0
00202402,wav2vec2-zh,0.2222,0.2222,0.0,0.0
00202402,paraformer-zh,0.1111,0.1111,0.0,0.0
00202402,zipformer-zh-en,0.2222,0.2222,0.0,0.0
00202402,sense-voice,0.1111,0.1111,0.0,0.0
00202418,whisper-tiny,0.5455,0.3636,0.3636,0.1111111111111111
00202418,whisper-base,0.2727,0.2727,0.1818,0.0
00202418,whisper-small,0.0909,0.0909,0.0,0.0
00202418,vosk-cn,0.1818,0.1818,0.1818,0.0
00202418,wav2vec2-zh,0.4545,0.2727,0.2727,0.1
00202418,paraformer-zh,0.2727,0.2727,0.1818,0.0
00202418,zipformer-zh-en,0.3636,0.2727,0.1818,0.0
00202418,sense-voice,0.2727,0.2727,0.1818,0.0
00202434,whisper-tiny,0.0,0.0,0.0,0.0
00202434,whisper-base,0.2222,0.2222,0.1111,0.0
00202434,whisper-small,0.0,0.0,0.0,0.0
00202434,vosk-cn,0.1111,0.1111,0.1111,0.0
00202434,wav2vec2-zh,0.1111,0.1111,0.1111,0.0
00202434,paraformer-zh,0.1111,0.1111,0.1111,0.0
00202434,zipformer-zh-en,0.1111,0.1111,0.1111,0.0
00202434,sense-voice,0.1111,0.1111,0.1111,0.0
00202450,whisper-tiny,0.3333,0.1667,0.1667,0.0
00202450,whisper-base,0.25,0.1667,0.0833,0.0
00202450,whisper-small,0.1667,0.0833,0.0833,0.0
00202450,vosk-cn,0.3333,0.25,0.0833,0.1111111111111111
00202450,wav2vec2-zh,0.25,0.0833,0.0,0.0
00202450,paraformer-zh,0.0833,0.0833,0.0833,0.0
00202450,zipformer-zh-en,0.0833,0.0833,0.0833,0.0
00202450,sense-voice,0.0833,0.0833,0.0833,0.0
00202504,whisper-tiny,0.1,0.0,0.1,0.1
00202504,whisper-base,0.0,0.0,0.0,0.0
00202504,whisper-small,0.0,0.0,0.0,0.0
00202504,vosk-cn,0.1,0.1,0.0,0.0
00202504,wav2vec2-zh,0.1,0.0,0.0,0.0
00202504,paraformer-zh,0.0,0.0,0.0,0.0
00202504,zipformer-zh-en,0.0,0.0,0.0,0.0
00202504,sense-voice,0.0,0.0,0.0,0.0
00202520,whisper-tiny,0.0,0.0,0.0,0.0
00202520,whisper-base,0.0,0.0,0.0,0.0
00202520,whisper-small,0.0,0.0,0.0,0.0
00202520,vosk-cn,0.0,0.0,0.0,0.0
00202520,wav2vec2-zh,0.2222,0.1111,0.2222,0.125
00202520,paraformer-zh,0.0,0.0,0.0,0.0
00202520,zipformer-zh-en,0.0,0.0,0.0,0.0
00202520,sense-voice,0.0,0.0,0.0,0.0
00202607,whisper-tiny,0.8889,0.3333,0.5556,0.8333333333333334
00202607,whisper-base,0.6667,0.4444,0.4444,0.4
00202607,whisper-small,0.6667,0.3333,0.4444,0.5
00202607,vosk-cn,0.8889,0.5556,0.6667,0.75
00202607,wav2vec2-zh,1.0,0.6667,0.6667,1.0
00202607,paraformer-zh,0.2222,0.2222,0.2222,0.0
00202607,zipformer-zh-en,0.6667,0.4444,0.4444,0.4
00202607,sense-voice,0.2222,0.2222,0.2222,0.0
00202623,whisper-tiny,0.3636,0.1818,0.1818,0.1111111111111111
00202623,whisper-base,0.4545,0.1818,0.2727,0.1111111111111111
00202623,whisper-small,0.4545,0.1818,0.2727,0.1111111111111111
00202623,vosk-cn,0.5455,0.3636,0.0909,0.0
00202623,wav2vec2-zh,0.5455,0.1818,0.2727,0.2222222222222222
00202623,paraformer-zh,0.2727,0.2727,0.0909,0.0
00202623,zipformer-zh-en,0.0909,0.0909,0.0909,0.0
00202623,sense-voice,0.1818,0.0909,0.0909,0.0
00202639,whisper-tiny,0.3333,0.3333,0.3333,0.0
00202639,whisper-base,0.5,0.1667,0.5,0.4
00202639,whisper-small,0.6667,0.1667,0.6667,0.6
00202639,vosk-cn,1.1667,0.6667,0.8333,0.75
00202639,wav2vec2-zh,0.8333,0.3333,0.6667,0.75
00202639,paraformer-zh,0.5,0.5,0.3333,0.0
00202639,zipformer-zh-en,0.8333,0.3333,0.8333,0.5
00202639,sense-voice,0.3333,0.3333,0.3333,0.0
00202655,whisper-tiny,0.5294,0.4118,0.4706,0.15384615384615385
00202655,whisper-base,0.5294,0.3529,0.4706,0.21428571428571427
00202655,whisper-small,0.4118,0.2941,0.3529,0.13333333333333333
00202655,vosk-cn,0.6471,0.4706,0.5294,0.2727272727272727
00202655,wav2vec2-zh,0.6471,0.5294,0.4706,0.18181818181818182
00202655,paraformer-zh,0.1765,0.1765,0.1765,0.0
00202655,zipformer-zh-en,0.5882,0.4706,0.4706,0.16666666666666666
00202655,sense-voice,0.3529,0.2353,0.2353,0.125
00202709,whisper-tiny,0.8333,0.5,0.4167,0.5
00202709,whisper-base,0.4167,0.1667,0.3333,0.3
00202709,whisper-small,0.4167,0.1667,0.3333,0.3
00202709,vosk-cn,0.25,0.25,0.25,0.0
00202709,wav2vec2-zh,0.75,0.3333,0.5,0.3333333333333333
00202709,paraformer-zh,0.4167,0.25,0.5,0.2727272727272727
00202709,zipformer-zh-en,0.75,0.5833,0.5,0.42857142857142855
00202709,sense-voice,0.25,0.1667,0.3333,0.16666666666666666
00202725,whisper-tiny,0.3333,0.3333,0.25,0.0
00202725,whisper-base,0.25,0.25,0.25,0.0
00202725,whisper-small,0.0,0.0,0.0,0.0
00202725,vosk-cn,0.5833,0.4167,0.3333,0.1
00202725,wav2vec2-zh,0.5,0.25,0.25,0.2727272727272727
00202725,paraformer-zh,0.25,0.25,0.25,0.0
00202725,zipformer-zh-en,0.3333,0.3333,0.25,0.0
00202725,sense-voice,0.25,0.25,0.25,0.0
00202741,whisper-tiny,0.375,0.0,0.25,0.25
00202741,whisper-base,0.25,0.0,0.25,0.25
00202741,whisper-small,0.125,0.0,0.125,0.125
00202741,vosk-cn,0.5,0.5,0.5,0.0
00202741,wav2vec2-zh,0.5,0.125,0.375,0.375
00202741,paraformer-zh,0.375,0.375,0.375,0.0
00202741,zipformer-zh-en,0.5,0.375,0.5,0.125
00202741,sense-voice,0.25,0.25,0.25,0.0
00202757,whisper-tiny,0.75,0.125,0.375,0.42857142857142855
00202757,whisper-base,0.75,0.25,0.625,0.5
00202757,whisper-small,0.5,0.375,0.375,0.2
00202757,vosk-cn,0.75,0.75,0.5,0.0
00202757,wav2vec2-zh,0.75,0.5,0.5,0.5
00202757,paraformer-zh,0.125,0.125,0.0,0.0
00202757,zipformer-zh-en,0.875,0.375,0.375,0.2
00202757,sense-voice,0.125,0.125,0.125,0.0
00202811,whisper-tiny,0.4615,0.1538,0.3077,0.2727272727272727
00202811,whisper-base,0.4615,0.0769,0.3846,0.4166666666666667
00202811,whisper-small,0.4615,0.0769,0.2308,0.25
00202811,vosk-cn,0.6154,0.2308,0.2308,0.2
00202811,wav2vec2-zh,0.5385,0.1538,0.3846,0.36363636363636365
00202811,paraformer-zh,0.4615,0.1538,0.3846,0.36363636363636365
00202811,zipformer-zh-en,0.4615,0.1538,0.3077,0.2727272727272727
00202811,sense-voice,0.3846,0.0769,0.2308,0.25
00202827,whisper-tiny,0.0,0.0,0.0,0.0
00202827,whisper-base,0.0,0.0,0.0,0.0
00202827,whisper-small,0.0,0.0,0.0,0.0
00202827,vosk-cn,0.0,0.0,0.0,0.0
00202827,wav2vec2-zh,0.25,0.0,0.0833,0.08333333333333333
00202827,paraformer-zh,0.0,0.0,0.0,0.0
00202827,zipformer-zh-en,0.0,0.0,0.0,0.0
00202827,sense-voice,0.0,0.0,0.0,0.0
00202843,whisper-tiny,0.5,0.375,0.375,0.16666666666666666
00202843,whisper-base,0.875,0.375,0.375,0.16666666666666666
00202843,whisper-small,0.75,0.375,0.625,0.5
00202843,vosk-cn,0.375,0.25,0.125,0.14285714285714285
00202843,wav2vec2-zh,1.0,0.375,0.625,0.6666666666666666
00202843,paraformer-zh,0.875,0.5,0.625,0.4
00202843,zipformer-zh-en,0.875,0.5,0.625,0.4
00202843,sense-voice,0.375,0.125,0.375,0.25
00202859,whisper-tiny,0.5333,0.3333,0.2667,0.1
00202859,whisper-base,0.4,0.2667,0.2,0.09090909090909091
00202859,whisper-small,0.4,0.2667,0.2,0.09090909090909091
00202859,vosk-cn,0.5333,0.4,0.2667,0.1111111111111111
00202859,wav2vec2-zh,0.4,0.2667,0.2667,0.09090909090909091
00202859,paraformer-zh,0.2,0.2,0.0667,0.0
00202859,zipformer-zh-en,0.6,0.4667,0.2667,0.125
00202859,sense-voice,0.2,0.2,0.0667,0.0
00202913,whisper-tiny,0.5455,0.4545,0.1818,0.16666666666666666
00202913,whisper-base,0.4545,0.4545,0.1818,0.0
00202913,whisper-small,0.4545,0.4545,0.1818,0.0
00202913,vosk-cn,0.3636,0.3636,0.1818,0.0
00202913,wav2vec2-zh,0.5455,0.5455,0.3636,0.0
00202913,paraformer-zh,0.2727,0.2727,0.1818,0.0
00202913,zipformer-zh-en,0.5455,0.5455,0.2727,0.0
00202913,sense-voice,0.2727,0.2727,0.1818,0.0
00202929,whisper-tiny,0.0769,0.0769,0.0,0.0
00202929,whisper-base,0.1538,0.0769,0.0769,0.08333333333333333
00202929,whisper-small,0.0,0.0,0.0,0.0
00202929,vosk-cn,0.0,0.0,0.0,0.0
00202929,wav2vec2-zh,0.1538,0.0769,0.1538,0.08333333333333333
00202929,paraformer-zh,0.0,0.0,0.0,0.0
00202929,zipformer-zh-en,0.0,0.0,0.0,0.0
00202929,sense-voice,0.0,0.0,0.0,0.0
00202945,whisper-tiny,0.4,0.2,0.3333,0.3333333333333333
00202945,whisper-base,0.2667,0.1333,0.2,0.07692307692307693
00202945,whisper-small,0.2,0.1333,0.1333,0.07692307692307693
00202945,vosk-cn,0.2667,0.2667,0.2667,0.0
00202945,wav2vec2-zh,0.1333,0.1333,0.2,0.07692307692307693
00202945,paraformer-zh,0.0667,0.0667,0.0667,0.0
00202945,zipformer-zh-en,0.1333,0.0667,0.0667,0.0
00202945,sense-voice,0.2,0.0667,0.1333,0.07142857142857142
00202961,whisper-tiny,0.0,0.0,0.0,0.0
00202961,whisper-base,0.0,0.0,0.0,0.0
00202961,whisper-small,0.0,0.0,0.0,0.0
00202961,vosk-cn,0.0,0.0,0.0,0.0
00202961,wav2vec2-zh,0.2,0.1,0.1,0.0
00202961,paraformer-zh,0.0,0.0,0.0,0.0
00202961,zipformer-zh-en,0.0,0.0,0.0,0.0
00202961,sense-voice,0.0,0.0,0.0,0.0
00203015,whisper-tiny,0.4444,0.3333,0.2778,0.0
00203015,whisper-base,0.5,0.3333,0.3333,0.07142857142857142
00203015,whisper-small,0.3333,0.2778,0.2222,0.0
00203015,vosk-cn,0.6111,0.4444,0.3889,0.0
00203015,wav2vec2-zh,0.5,0.3333,0.2778,0.0
00203015,paraformer-zh,0.4444,0.3333,0.2778,0.0
00203015,zipformer-zh-en,0.4444,0.3333,0.3333,0.0
00203015,sense-voice,0.3889,0.2778,0.2778,0.0
00203102,whisper-tiny,0.3333,0.0,0.3333,0.3333333333333333
00203102,whisper-base,0.0,0.0,0.0,0.0
00203102,whisper-small,0.0,0.0,0.0,0.0
00203102,vosk-cn,0.1111,0.1111,0.1111,0.0
00203102,wav2vec2-zh,0.4444,0.0,0.4444,0.4444444444444444
00203102,paraformer-zh,0.0,0.0,0.0,0.0
00203102,zipformer-zh-en,0.1111,0.0,0.1111,0.1111111111111111
00203102,sense-voice,0.0,0.0,0.0,0.0
00203118,whisper-tiny,0.8182,0.6364,0.3636,0.25
00203118,whisper-base,0.6364,0.4545,0.5455,0.3333333333333333
00203118,whisper-small,0.5455,0.3636,0.3636,0.25
00203118,vosk-cn,0.3636,0.2727,0.2727,0.125
00203118,wav2vec2-zh,0.6364,0.3636,0.4545,0.42857142857142855
00203118,paraformer-zh,0.4545,0.4545,0.3636,0.0
00203118,zipformer-zh-en,0.4545,0.3636,0.3636,0.125
00203118,sense-voice,0.4545,0.3636,0.3636,0.125
00203134,whisper-tiny,0.3333,0.2222,0.1111,0.0
00203134,whisper-base,0.4444,0.2222,0.3333,0.14285714285714285
00203134,whisper-small,0.5556,0.3333,0.5556,0.3333333333333333
00203134,vosk-cn,0.5556,0.4444,0.3333,0.0
00203134,wav2vec2-zh,0.4444,0.2222,0.4444,0.2857142857142857
00203134,paraformer-zh,0.1111,0.1111,0.1111,0.0
00203134,zipformer-zh-en,0.4444,0.2222,0.3333,0.2857142857142857
00203134,sense-voice,0.1111,0.1111,0.1111,0.0
00203150,whisper-tiny,0.5,0.4167,0.4167,0.0
00203150,whisper-base,0.3333,0.1667,0.0833,0.0
00203150,whisper-small,0.1667,0.1667,0.0833,0.0
00203150,vosk-cn,0.5833,0.5,0.3333,0.0
00203150,wav2vec2-zh,0.5833,0.3333,0.4167,0.125
00203150,paraformer-zh,0.1667,0.0833,0.0,0.0
00203150,zipformer-zh-en,0.0833,0.0833,0.0833,0.0
00203150,sense-voice,0.1667,0.0833,0.0833,0.0
00203204,whisper-tiny,0.2,0.0,0.2,0.2
00203204,whisper-base,0.2,0.0,0.1,0.1
00203204,whisper-small,0.1,0.0,0.1,0.1
00203204,vosk-cn,0.2,0.1,0.2,0.1111111111111111
00203204,wav2vec2-zh,0.3,0.2,0.2,0.125
00203204,paraformer-zh,0.0,0.0,0.0,0.0
00203204,zipformer-zh-en,0.2,0.1,0.1,0.1111111111111111
00203204,sense-voice,0.0,0.0,0.0,0.0
00203220,whisper-tiny,0.3333,0.1111,0.3333,0.2222222222222222
00203220,whisper-base,0.2222,0.1111,0.2222,0.125
00203220,whisper-small,0.1111,0.0,0.1111,0.1111111111111111
00203220,vosk-cn,0.5556,0.2222,0.4444,0.42857142857142855
00203220,wav2vec2-zh,0.5556,0.2222,0.4444,0.42857142857142855
00203220,paraformer-zh,0.4444,0.0,0.3333,0.4444444444444444
00203220,zipformer-zh-en,0.5556,0.4444,0.3333,0.2
00203220,sense-voice,0.0,0.0,0.0,0.0
00203310,whisper-tiny,0.2143,0.0714,0.0,0.0
00203310,whisper-base,0.2143,0.0714,0.0714,0.07692307692307693
00203310,whisper-small,0.1429,0.0714,0.0,0.0
00203310,vosk-cn,0.0,0.0,0.0,0.0
00203310,wav2vec2-zh,0.2857,0.0714,0.0714,0.0
00203310,paraformer-zh,0.0,0.0,0.0,0.0
00203310,zipformer-zh-en,0.2143,0.0714,0.0,0.0
00203310,sense-voice,0.0,0.0,0.0,0.0
00203326,whisper-tiny,0.0833,0.0,0.0,0.0
00203326,whisper-base,0.3333,0.0833,0.0833,0.09090909090909091
00203326,whisper-small,0.0,0.0,0.0,0.0
00203326,vosk-cn,0.0,0.0,0.0,0.0
00203326,wav2vec2-zh,0.3333,0.0833,0.0,0.0
00203326,paraformer-zh,0.0,0.0,0.0,0.0
00203326,zipformer-zh-en,0.1667,0.1667,0.0,0.0
00203326,sense-voice,0.0,0.0,0.0,0.0
00203342,whisper-tiny,0.2308,0.0769,0.0769,0.08333333333333333
00203342,whisper-base,0.1538,0.0769,0.0769,0.08333333333333333
00203342,whisper-small,0.1538,0.0769,0.0769,0.08333333333333333
00203342,vosk-cn,0.3077,0.1538,0.2308,0.18181818181818182
00203342,wav2vec2-zh,0.3077,0.0769,0.0769,0.08333333333333333
00203342,paraformer-zh,0.0769,0.0769,0.0,0.0
00203342,zipformer-zh-en,0.0,0.0,0.0,0.0
00203342,sense-voice,0.1538,0.0769,0.0769,0.08333333333333333
00203358,whisper-tiny,0.1429,0.0,0.1429,0.14285714285714285
00203358,whisper-base,0.4286,0.2857,0.4286,0.2
00203358,whisper-small,0.1429,0.0,0.1429,0.14285714285714285
00203358,vosk-cn,0.1429,0.0,0.1429,0.14285714285714285
00203358,wav2vec2-zh,0.4286,0.2857,0.2857,0.2
00203358,paraformer-zh,0.0,0.0,0.0,0.0
00203358,zipformer-zh-en,0.1429,0.0,0.1429,0.14285714285714285
00203358,sense-voice,0.1429,0.0,0.1429,0.14285714285714285
00203412,whisper-tiny,0.1538,0.1538,0.0,0.0
00203412,whisper-base,0.0769,0.0769,0.0,0.0
00203412,whisper-small,0.0769,0.0769,0.0,0.0
00203412,vosk-cn,0.0769,0.0769,0.0,0.0
00203412,wav2vec2-zh,0.1538,0.1538,0.0,0.0
00203412,paraformer-zh,0.0,0.0,0.0,0.0
00203412,zipformer-zh-en,0.0769,0.0769,0.0,0.0
00203412,sense-voice,0.0,0.0,0.0,0.0
00203428,whisper-tiny,0.5,0.4,0.3,0.16666666666666666
00203428,whisper-base,0.1,0.1,0.0,0.0
00203428,whisper-small,0.0,0.0,0.0,0.0
00203428,vosk-cn,0.1,0.1,0.0,0.0
00203428,wav2vec2-zh,0.4,0.4,0.1,0.0
00203428,paraformer-zh,0.1,0.1,0.0,0.0
00203428,zipformer-zh-en,0.1,0.1,0.0,0.0
00203428,sense-voice,0.2,0.2,0.0,0.0
00203515,whisper-tiny,0.2222,0.0556,0.1111,0.058823529411764705
00203515,whisper-base,0.2778,0.0556,0.2222,0.17647058823529413
00203515,whisper-small,0.2778,0.0556,0.1667,0.11764705882352941
00203515,vosk-cn,0.3333,0.1667,0.2778,0.2
00203515,wav2vec2-zh,0.3333,0.1667,0.2778,0.2
00203515,paraformer-zh,0.1667,0.0556,0.0556,0.058823529411764705
00203515,zipformer-zh-en,0.2778,0.0556,0.2222,0.17647058823529413
00203515,sense-voice,0.2222,0.0556,0.1667,0.11764705882352941
00203602,whisper-tiny,0.2222,0.2222,0.2222,0.0
00203602,whisper-base,0.2222,0.1111,0.2222,0.125
00203602,whisper-small,0.0,0.0,0.0,0.0
00203602,vosk-cn,0.0,0.0,0.0,0.0
00203602,wav2vec2-zh,0.4444,0.1111,0.4444,0.375
00203602,paraformer-zh,0.0,0.0,0.0,0.0
00203602,zipformer-zh-en,0.0,0.0,0.0,0.0
00203602,sense-voice,0.0,0.0,0.0,0.0
00203618,whisper-tiny,0.8182,0.4545,0.6364,0.6666666666666666
00203618,whisper-base,0.2727,0.0909,0.1818,0.2
00203618,whisper-small,0.2727,0.1818,0.0909,0.0
00203618,vosk-cn,0.4545,0.4545,0.2727,0.0
00203618,wav2vec2-zh,0.1818,0.1818,0.1818,0.0
00203618,paraformer-zh,0.0,0.0,0.0,0.0
00203618,zipformer-zh-en,0.1818,0.0909,0.1818,0.1
00203618,sense-voice,0.2727,0.2727,0.2727,0.0
00203634,whisper-tiny,0.0,0.0,0.0,0.0
00203634,whisper-base,0.1111,0.0,0.1111,0.1111111111111111
00203634,whisper-small,0.0,0.0,0.0,0.0
00203634,vosk-cn,0.1111,0.0,0.1111,0.1111111111111111
00203634,wav2vec2-zh,0.2222,0.0,0.2222,0.2222222222222222
00203634,paraformer-zh,0.0,0.0,0.0,0.0
00203634,zipformer-zh-en,0.0,0.0,0.0,0.0
00203634,sense-voice,0.0,0.0,0.0,0.0
00203650,whisper-tiny,0.5833,0.4167,0.3333,0.0
00203650,whisper-base,0.5,0.3333,0.3333,0.2
00203650,whisper-small,0.3333,0.25,0.1667,0.0
00203650,vosk-cn,0.25,0.25,0.1667,0.0
00203650,wav2vec2-zh,0.75,0.4167,0.3333,0.1111111111111111
00203650,paraformer-zh,0.1667,0.0833,0.0,0.0
00203650,zipformer-zh-en,0.5,0.3333,0.25,0.0
00203650,sense-voice,0.3333,0.25,0.1667,0.0
00203704,whisper-tiny,0.2,0.1,0.1,0.0
00203704,whisper-base,0.3,0.2,0.1,0.0
00203704,whisper-small,0.1,0.1,0.1,0.0
00203704,vosk-cn,0.2,0.2,0.2,0.0
00203704,wav2vec2-zh,0.3,0.2,0.2,0.0
00203704,paraformer-zh,0.1,0.1,0.1,0.0
00203704,zipformer-zh-en,0.2,0.2,0.1,0.0
00203704,sense-voice,0.1,0.1,0.1,0.0
00203720,whisper-tiny,0.2222,0.1111,0.2222,0.125
00203720,whisper-base,0.0,0.0,0.0,0.0
00203720,whisper-small,0.1111,0.1111,0.2222,0.125
00203720,vosk-cn,0.7778,0.5556,0.4444,0.25
00203720,wav2vec2-zh,0.3333,0.1111,0.1111,0.125
00203720,paraformer-zh,0.1111,0.1111,0.2222,0.125
00203720,zipformer-zh-en,0.1111,0.1111,0.2222,0.125
00203720,sense-voice,0.0,0.0,0.0,0.0
00203736,whisper-tiny,0.2727,0.0909,0.1818,0.2
00203736,whisper-base,0.3636,0.1818,0.2727,0.2222222222222222
00203736,whisper-small,0.1818,0.0909,0.0909,0.0
00203736,vosk-cn,0.3636,0.2727,0.1818,0.125
00203736,wav2vec2-zh,0.3636,0.1818,0.2727,0.2222222222222222
00203736,paraformer-zh,0.3636,0.2727,0.1818,0.125
00203736,zipformer-zh-en,0.3636,0.2727,0.1818,0.125
00203736,sense-voice,0.2727,0.1818,0.1818,0.1111111111111111
00203752,whisper-tiny,0.1875,0.1875,0.125,0.0
00203752,whisper-base,0.375,0.25,0.1875,0.16666666666666666
00203752,whisper-small,0.0,0.0,0.0,0.0
00203752,vosk-cn,0.0,0.0,0.0,0.0
00203752,wav2vec2-zh,0.4375,0.1875,0.3125,0.3076923076923077
00203752,paraformer-zh,0.0625,0.0625,0.0625,0.06666666666666667
00203752,zipformer-zh-en,0.1875,0.0625,0.125,0.13333333333333333
00203752,sense-voice,0.0,0.0,0.0,0.0
00203806,whisper-tiny,0.125,0.125,0.0,0.0
00203806,whisper-base,0.1875,0.125,0.0,0.0
00203806,whisper-small,0.3125,0.1875,0.0,0.0
00203806,vosk-cn,0.3125,0.25,0.0625,0.0
00203806,wav2vec2-zh,0.25,0.1875,0.0625,0.07692307692307693
00203806,paraformer-zh,0.0625,0.0625,0.0625,0.0
00203806,zipformer-zh-en,0.125,0.125,0.125,0.0
00203806,sense-voice,0.0,0.0,0.0,0.0
00203822,whisper-tiny,0.15,0.1,0.1,0.05555555555555555
00203822,whisper-base,0.15,0.1,0.1,0.05555555555555555
00203822,whisper-small,0.15,0.1,0.1,0.05555555555555555
00203822,vosk-cn,0.3,0.15,0.2,0.11764705882352941
00203822,wav2vec2-zh,0.2,0.1,0.1,0.05555555555555555
00203822,paraformer-zh,0.15,0.1,0.1,0.05555555555555555
00203822,zipformer-zh-en,0.15,0.1,0.1,0.05555555555555555
00203822,sense-voice,0.1,0.1,0.05,0.0
00203838,whisper-tiny,0.6667,0.5556,0.4444,0.125
00203838,whisper-base,0.6667,0.4444,0.3333,0.0
00203838,whisper-small,0.4444,0.4444,0.4444,0.0
00203838,vosk-cn,0.7778,0.6667,0.5556,0.0
00203838,wav2vec2-zh,0.6667,0.5556,0.4444,0.0
00203838,paraformer-zh,0.5556,0.5556,0.5556,0.0
00203838,zipformer-zh-en,0.5556,0.5556,0.5556,0.0
00203838,sense-voice,0.5556,0.5556,0.5556,0.0
00203854,whisper-tiny,0.5,0.2778,0.3889,0.2857142857142857
00203854,whisper-base,0.2778,0.1111,0.2222,0.125
00203854,whisper-small,0.2222,0.2222,0.2222,0.0
00203854,vosk-cn,0.5,0.3889,0.5556,0.21428571428571427
00203854,wav2vec2-zh,0.5556,0.2222,0.3889,0.25
00203854,paraformer-zh,0.2222,0.2222,0.1667,0.0
00203854,zipformer-zh-en,0.3889,0.2222,0.2778,0.11764705882352941
00203854,sense-voice,0.2222,0.2222,0.2222,0.0
00203908,whisper-tiny,0.0,0.0,0.0,0.0
00203908,whisper-base,0.2222,0.2222,0.2222,0.0
00203908,whisper-small,0.2222,0.2222,0.2222,0.0
00203908,vosk-cn,1.0,0.7778,0.7778,0.2
00203908,wav2vec2-zh,0.5556,0.2222,0.3333,0.2222222222222222
00203908,paraformer-zh,0.2222,0.2222,0.2222,0.0
00203908,zipformer-zh-en,0.3333,0.2222,0.3333,0.1111111111111111
00203908,sense-voice,0.2222,0.2222,0.2222,0.0
00203924,whisper-tiny,0.0833,0.0,0.0,0.0
00203924,whisper-base,0.5833,0.4167,0.4167,0.25
00203924,whisper-small,0.0,0.0,0.0,0.0
00203924,vosk-cn,0.5833,0.6667,0.5,0.0
00203924,wav2vec2-zh,0.75,0.3333,0.5833,0.4444444444444444
00203924,paraformer-zh,0.25,0.1667,0.1667,0.0
00203924,zipformer-zh-en,0.0,0.0,0.0,0.0
00203924,sense-voice,0.3333,0.0833,0.25,0.18181818181818182
00203940,whisper-tiny,0.8182,0.8182,0.5455,0.0
00203940,whisper-base,0.6364,0.5455,0.6364,0.2
00203940,whisper-small,0.3636,0.2727,0.3636,0.125
00203940,vosk-cn,0.4545,0.2727,0.4545,0.25
00203940,wav2vec2-zh,0.5455,0.3636,0.5455,0.2857142857142857
00203940,paraformer-zh,0.1818,0.1818,0.1818,0.0
00203940,zipformer-zh-en,1.0,1.0,1.0,
00203940,sense-voice,0.3636,0.3636,0.4545,0.14285714285714285
00203956,whisper-tiny,1.0833,1.0,0.8333,0.14285714285714285
00203956,whisper-base,1.0,1.0,0.8333,0.0
00203956,whisper-small,0.6667,0.5833,0.5833,0.08333333333333333
00203956,vosk-cn,1.25,1.1667,1.0,0.14285714285714285
00203956,wav2vec2-zh,1.1667,1.0833,0.9167,0.125
00203956,paraformer-zh,0.6667,0.6667,0.6667,0.0
00203956,zipformer-zh-en,0.6667,0.6667,0.6667,0.0
00203956,sense-voice,0.6667,0.6667,0.6667,0.0
00204010,whisper-tiny,0.2857,0.1429,0.2143,0.08333333333333333
00204010,whisper-base,0.2857,0.1429,0.2857,0.16666666666666666
00204010,whisper-small,0.2857,0.1429,0.2857,0.16666666666666666
00204010,vosk-cn,0.3571,0.2857,0.2143,0.0
00204010,wav2vec2-zh,0.5,0.2143,0.2857,0.2727272727272727
00204010,paraformer-zh,0.0714,0.0714,0.0714,0.0
00204010,zipformer-zh-en,0.6429,0.3571,0.5,0.3
00204010,sense-voice,0.0714,0.0714,0.0714,0.0
00204026,whisper-tiny,0.5,0.25,0.4167,0.3333333333333333
00204026,whisper-base,0.5,0.25,0.4167,0.3333333333333333
00204026,whisper-small,0.3333,0.0833,0.3333,0.2727272727272727
00204026,vosk-cn,0.8333,0.1667,0.5833,0.5
00204026,wav2vec2-zh,0.9167,0.1667,0.75,0.8
00204026,paraformer-zh,0.6667,0.25,0.5,0.5555555555555556
00204026,zipformer-zh-en,0.9167,0.0,0.75,0.8333333333333334
00204026,sense-voice,0.3333,0.0833,0.3333,0.2727272727272727
00204042,whisper-tiny,0.0769,0.0,0.0769,0.07692307692307693
00204042,whisper-base,0.1538,0.0769,0.0769,0.08333333333333333
00204042,whisper-small,0.0769,0.0,0.0769,0.07692307692307693
00204042,vosk-cn,0.3846,0.1538,0.2308,0.18181818181818182
00204042,wav2vec2-zh,0.4615,0.1538,0.2308,0.2727272727272727
00204042,paraformer-zh,0.0769,0.0769,0.0,0.0
00204042,zipformer-zh-en,0.2308,0.2308,0.0769,0.0
00204042,sense-voice,0.0769,0.0769,0.0,0.0
00204058,whisper-tiny,0.1429,0.1429,0.1429,0.0
00204058,whisper-base,0.1429,0.0,0.1429,0.14285714285714285
00204058,whisper-small,0.1429,0.1429,0.1429,0.0
00204058,vosk-cn,0.1429,0.0,0.1429,0.14285714285714285
00204058,wav2vec2-zh,0.2857,0.2857,0.2857,0.0
00204058,paraformer-zh,0.1429,0.1429,0.1429,0.0
00204058,zipformer-zh-en,0.1429,0.1429,0.1429,0.0
00204058,sense-voice,0.1429,0.1429,0.1429,0.0
00204112,whisper-tiny,0.2308,0.1538,0.0769,0.09090909090909091
00204112,whisper-base,0.2308,0.2308,0.1538,0.0
00204112,whisper-small,0.0769,0.0769,0.0,0.0
00204112,vosk-cn,0.2308,0.2308,0.1538,0.0
00204112,wav2vec2-zh,0.3846,0.2308,0.1538,0.0
00204112,paraformer-zh,0.0769,0.0769,0.0769,0.0
00204112,zipformer-zh-en,0.2308,0.1538,0.1538,0.09090909090909091
00204112,sense-voice,0.3077,0.2308,0.2308,0.1
00204128,whisper-tiny,0.1,0.1,0.0,0.0
00204128,whisper-base,0.3,0.2,0.2,0.125
00204128,whisper-small,0.0,0.0,0.0,0.0
00204128,vosk-cn,0.1,0.1,0.0,0.0
00204128,wav2vec2-zh,0.3,0.3,0.0,0.0
00204128,paraformer-zh,0.0,0.0,0.0,0.0
00204128,zipformer-zh-en,0.2,0.2,0.1,0.0
00204128,sense-voice,0.0,0.0,0.0,0.0
00204144,whisper-tiny,0.2222,0.1111,0.1111,0.0
00204144,whisper-base,0.2222,0.1111,0.1111,0.0
00204144,whisper-small,0.1111,0.1111,0.1111,0.0
00204144,vosk-cn,0.2222,0.2222,0.1111,0.0
00204144,wav2vec2-zh,0.3333,0.1111,0.1111,0.0
00204144,paraformer-zh,0.1111,0.1111,0.1111,0.0
00204144,zipformer-zh-en,0.1111,0.1111,0.1111,0.0
00204144,sense-voice,0.1111,0.1111,0.1111,0.0
00204160,whisper-tiny,0.3,0.3,0.0,0.0
00204160,whisper-base,0.0,0.0,0.0,0.0
00204160,whisper-small,0.0,0.0,0.0,0.0
00204160,vosk-cn,0.1,0.1,0.0,0.0
00204160,wav2vec2-zh,0.4,0.2,0.3,0.25
00204160,paraformer-zh,0.0,0.0,0.0,0.0
00204160,zipformer-zh-en,0.1,0.1,0.1,0.0
00204160,sense-voice,0.0,0.0,0.0,0.0
00204214,whisper-tiny,0.2632,0.0526,0.1053,0.1111111111111111
00204214,whisper-base,0.4211,0.1579,0.3158,0.25
00204214,whisper-small,0.1579,0.0,0.1053,0.10526315789473684
00204214,vosk-cn,0.1053,0.1053,0.1053,0.0
00204214,wav2vec2-zh,0.6842,0.1579,0.4737,0.5
00204214,paraformer-zh,0.0,0.0,0.0,0.0
00204214,zipformer-zh-en,0.5263,0.1579,0.4211,0.375
00204214,sense-voice,0.0,0.0,0.0,0.0
00204230,whisper-tiny,0.4545,0.2727,0.3636,0.125
00204230,whisper-base,0.6364,0.3636,0.3636,0.14285714285714285
00204230,whisper-small,0.4545,0.2727,0.2727,0.125
00204230,vosk-cn,0.3636,0.1818,0.1818,0.0
00204230,wav2vec2-zh,0.7273,0.3636,0.5455,0.42857142857142855
00204230,paraformer-zh,0.4545,0.2727,0.3636,0.25
00204230,zipformer-zh-en,0.7273,0.2727,0.4545,0.25
00204230,sense-voice,0.4545,0.1818,0.2727,0.1111111111111111
00204246,whisper-tiny,0.0,0.0,0.0,0.0
00204246,whisper-base,0.0,0.0,0.0,0.0
00204246,whisper-small,0.0,0.0,0.0,0.0
00204246,vosk-cn,0.0,0.0,0.0,0.0
00204246,wav2vec2-zh,0.4286,0.0,0.2857,0.2857142857142857
00204246,paraformer-zh,0.0,0.0,0.0,0.0
00204246,zipformer-zh-en,0.0,0.0,0.0,0.0
00204246,sense-voice,0.0,0.0,0.0,0.0
00204262,whisper-tiny,0.4,0.2667,0.2667,0.18181818181818182
00204262,whisper-base,0.4,0.2667,0.2,0.18181818181818182
00204262,whisper-small,0.2,0.0667,0.2,0.14285714285714285
00204262,vosk-cn,0.6,0.4667,0.5333,0.2222222222222222
00204262,wav2vec2-zh,0.4667,0.1333,0.3333,0.3076923076923077
00204262,paraformer-zh,0.1333,0.0667,0.1333,0.07142857142857142
00204262,zipformer-zh-en,0.4667,0.2667,0.3333,0.18181818181818182
00204262,sense-voice,0.2,0.1333,0.1333,0.07692307692307693
00204317,whisper-tiny,0.3333,0.1111,0.2222,0.25
00204317,whisper-base,0.3333,0.1111,0.2222,0.25
00204317,whisper-small,0.3333,0.1111,0.2222,0.25
00204317,vosk-cn,0.5556,0.3333,0.3333,0.16666666666666666
00204317,wav2vec2-zh,0.4444,0.2222,0.1111,0.14285714285714285
00204317,paraformer-zh,0.1111,0.1111,0.0,0.0
00204317,zipformer-zh-en,0.4444,0.1111,0.2222,0.25
00204317,sense-voice,0.2222,0.1111,0.1111,0.125
00204333,whisper-tiny,0.3333,0.1667,0.3333,0.2
00204333,whisper-base,0.1667,0.0,0.1667,0.16666666666666666
00204333,whisper-small,0.1667,0.0,0.1667,0.16666666666666666
00204333,vosk-cn,0.3333,0.3333,0.3333,0.0
00204333,wav2vec2-zh,0.1667,0.0,0.1667,0.16666666666666666
00204333,paraformer-zh,0.0,0.0,0.0,0.0
00204333,zipformer-zh-en,0.1667,0.0,0.1667,0.16666666666666666
00204333,sense-voice,0.0,0.0,0.0,0.0
00204349,whisper-tiny,1.1333,0.8667,0.8,0.3
00204349,whisper-base,0.6,0.4667,0.4,0.09090909090909091
00204349,whisper-small,0.5333,0.4667,0.4,0.09090909090909091
00204349,vosk-cn,1.0667,0.9333,0.8667,0.2
00204349,wav2vec2-zh,1.0667,0.8,0.7333,0.2727272727272727
00204349,paraformer-zh,0.9333,0.8,0.7333,0.18181818181818182
00204349,zipformer-zh-en,0.8667,0.7333,0.6,0.18181818181818182
00204349,sense-voice,0.8667,0.7333,0.6667,0.18181818181818182
00204403,whisper-tiny,0.25,0.1875,0.125,0.07692307692307693
00204403,whisper-base,0.375,0.3125,0.25,0.09090909090909091
00204403,whisper-small,0.1875,0.1875,0.125,0.0
00204403,vosk-cn,0.0625,0.0625,0.0625,0.0
00204403,wav2vec2-zh,0.25,0.1875,0.1875,0.07692307692307693
00204403,paraformer-zh,0.3125,0.25,0.25,0.08333333333333333
00204403,zipformer-zh-en,0.125,0.125,0.125,0.0
00204403,sense-voice,0.375,0.25,0.3125,0.16666666666666666
00204419,whisper-tiny,0.5385,0.3077,0.3846,0.2222222222222222
00204419,whisper-base,0.6154,0.3077,0.4615,0.3333333333333333
00204419,whisper-small,0.3846,0.3077,0.3846,0.1111111111111111
00204419,vosk-cn,0.4615,0.3077,0.3077,0.2222222222222222
00204419,wav2vec2-zh,0.8462,0.3846,0.3077,0.375
00204419,paraformer-zh,0.3846,0.1538,0.2308,0.18181818181818182
00204419,zipformer-zh-en,0.7692,0.2308,0.3077,0.4
00204419,sense-voice,0.5385,0.3846,0.3077,0.125
00204435,whisper-tiny,0.5556,0.4444,0.1111,0.0
00204435,whisper-base,0.5556,0.3333,0.3333,0.16666666666666666
00204435,whisper-small,0.2222,0.1111,0.2222,0.125
00204435,vosk-cn,0.2222,0.1111,0.2222,0.125
00204435,wav2vec2-zh,0.6667,0.3333,0.2222,0.0
00204435,paraformer-zh,0.1111,0.1111,0.1111,0.0
00204435,zipformer-zh-en,0.1111,0.1111,0.1111,0.0
00204435,sense-voice,0.1111,0.1111,0.1111,0.0
00204451,whisper-tiny,0.625,0.375,0.4375,0.2727272727272727
00204451,whisper-base,0.375,0.1875,0.375,0.21428571428571427
00204451,whisper-small,0.25,0.25,0.1875,0.0
00204451,vosk-cn,0.4375,0.3125,0.375,0.15384615384615385
00204451,wav2vec2-zh,0.5,0.375,0.375,0.18181818181818182
00204451,paraformer-zh,0.3125,0.3125,0.1875,0.0
00204451,zipformer-zh-en,0.3125,0.25,0.25,0.07142857142857142
00204451,sense-voice,0.3125,0.25,0.1875,0.07142857142857142
00204505,whisper-tiny,0.2353,0.2353,0.2353,0.0
00204505,whisper-base,0.2353,0.2353,0.1765,0.0
00204505,whisper-small,0.3529,0.2941,0.2353,0.08333333333333333
00204505,vosk-cn,0.5294,0.5294,0.3529,0.0
00204505,wav2vec2-zh,0.6471,0.5882,0.3529,0.14285714285714285
00204505,paraformer-zh,0.2941,0.2941,0.2353,0.0
00204505,zipformer-zh-en,0.5882,0.4706,0.3529,0.1111111111111111
00204505,sense-voice,0.4118,0.2941,0.2941,0.08333333333333333
00204521,whisper-tiny,0.75,0.4375,0.4375,0.2222222222222222
00204521,whisper-base,0.625,0.3125,0.4375,0.2727272727272727
00204521,whisper-small,0.3125,0.1875,0.25,0.15384615384615385
00204521,vosk-cn,0.125,0.125,0.0625,0.0
00204521,wav2vec2-zh,0.5625,0.375,0.375,0.3
00204521,paraformer-zh,0.125,0.0625,0.125,0.06666666666666667
00204521,zipformer-zh-en,0.75,0.4375,0.4375,0.2222222222222222
00204521,sense-voice,0.1875,0.125,0.125,0.07142857142857142
00204537,whisper-tiny,0.4667,0.4667,0.2,0.0
00204537,whisper-base,0.2,0.2,0.0667,0.0
00204537,whisper-small,0.2,0.2,0.0667,0.0
00204537,vosk-cn,0.3333,0.3333,0.2,0.0
00204537,wav2vec2-zh,0.3333,0.2667,0.3333,0.09090909090909091
00204537,paraformer-zh,0.3333,0.2667,0.2,0.09090909090909091
00204537,zipformer-zh-en,0.3333,0.2667,0.2667,0.09090909090909091
00204537,sense-voice,0.3333,0.2667,0.2667,0.09090909090909091
00204553,whisper-tiny,0.3333,0.1667,0.1667,0.2
00204553,whisper-base,0.3333,0.1667,0.1667,0.2
00204553,whisper-small,0.5,0.3333,0.3333,0.25
00204553,vosk-cn,0.5,0.5,0.3333,0.0
00204553,wav2vec2-zh,0.3333,0.1667,0.1667,0.2
00204553,paraformer-zh,0.5,0.3333,0.3333,0.25
00204553,zipformer-zh-en,0.3333,0.1667,0.1667,0.2
00204553,sense-voice,0.3333,0.3333,0.1667,0.0
00204607,whisper-tiny,0.4444,0.2222,0.2222,0.0
00204607,whisper-base,0.2222,0.2222,0.1111,0.0
00204607,whisper-small,0.3333,0.1111,0.1111,0.0
00204607,vosk-cn,0.2222,0.1111,0.2222,0.125
00204607,wav2vec2-zh,0.4444,0.3333,0.2222,0.16666666666666666
00204607,paraformer-zh,0.4444,0.2222,0.4444,0.2857142857142857
00204607,zipformer-zh-en,0.3333,0.2222,0.2222,0.0
00204607,sense-voice,0.1111,0.0,0.1111,0.1111111111111111
00204623,whisper-tiny,0.1818,0.0909,0.1818,0.1
00204623,whisper-base,0.1818,0.0909,0.1818,0.1
00204623,whisper-small,0.0,0.0,0.0,0.0
00204623,vosk-cn,0.1818,0.1818,0.1818,0.0
00204623,wav2vec2-zh,0.4545,0.3636,0.4545,0.14285714285714285
00204623,paraformer-zh,0.0,0.0,0.0,0.0
00204623,zipformer-zh-en,0.1818,0.0909,0.0909,0.1
00204623,sense-voice,0.0909,0.0909,0.0909,0.0
00204639,whisper-tiny,0.3333,0.3333,0.3333,0.0
00204639,whisper-base,0.1667,0.0,0.1667,0.16666666666666666
00204639,whisper-small,0.3333,0.1667,0.3333,0.16666666666666666
00204639,vosk-cn,0.3333,0.3333,0.1667,0.0
00204639,wav2vec2-zh,0.5,0.3333,0.5,0.2
00204639,paraformer-zh,0.1667,0.1667,0.1667,0.0
00204639,zipformer-zh-en,0.3333,0.1667,0.3333,0.16666666666666666
00204639,sense-voice,0.3333,0.1667,0.3333,0.16666666666666666
00204655,whisper-tiny,0.2941,0.1765,0.2353,0.14285714285714285
00204655,whisper-base,0.3529,0.1765,0.1176,0.14285714285714285
00204655,whisper-small,0.2941,0.1176,0.2353,0.2
00204655,vosk-cn,0.6471,0.3529,0.4706,0.3333333333333333
00204655,wav2vec2-zh,0.4118,0.1765,0.2353,0.21428571428571427
00204655,paraformer-zh,0.2941,0.1176,0.1765,0.13333333333333333
00204655,zipformer-zh-en,0.1765,0.1176,0.0588,0.06666666666666667
00204655,sense-voice,0.1765,0.1176,0.0,0.0
00200106,whisper-tiny,0.2727,0.0909,0.1818,0.2
00200106,whisper-base,0.0909,0.0,0.0909,0.09090909090909091
00200106,whisper-small,0.0909,0.0,0.0909,0.09090909090909091
00200106,vosk-cn,0.0909,0.0909,0.0909,0.0
00200106,wav2vec2-zh,0.2727,0.0909,0.1818,0.2
00200106,paraformer-zh,0.0909,0.0,0.0909,0.09090909090909091
00200106,zipformer-zh-en,0.0909,0.0,0.0909,0.09090909090909091
00200106,sense-voice,0.0909,0.0,0.0909,0.09090909090909091
00200202,whisper-tiny,0.1667,0.1667,0.1667,0.0
00200202,whisper-base,0.0,0.0,0.0,0.0
00200202,whisper-small,0.0,0.0,0.0,0.0
00200202,vosk-cn,0.1667,0.1667,0.0,0.0
00200202,wav2vec2-zh,0.1667,0.1667,0.1667,0.0
00200202,paraformer-zh,0.0,0.0,0.0,0.0
00200202,zipformer-zh-en,0.1667,0.1667,0.0,0.0
00200202,sense-voice,0.0,0.0,0.0,0.0
00200218,whisper-tiny,0.0,0.0,0.0,0.0
00200218,whisper-base,0.0,0.0,0.0,0.0
00200218,whisper-small,0.0833,0.0833,0.0,0.0
00200218,vosk-cn,0.1667,0.1667,0.1667,0.0
00200218,wav2vec2-zh,0.4167,0.3333,0.3333,0.125
00200218,paraformer-zh,0.0,0.0,0.0,0.0
00200218,zipformer-zh-en,0.3333,0.3333,0.25,0.0
00200218,sense-voice,0.0,0.0,0.0,0.0
00200314,whisper-tiny,0.3333,0.3333,0.3333,0.0
00200314,whisper-base,0.3333,0.3333,0.3333,0.0
00200314,whisper-small,0.2222,0.2222,0.2222,0.0
00200314,vosk-cn,0.2222,0.2222,0.2222,0.0
00200314,wav2vec2-zh,0.3333,0.3333,0.2222,0.0
00200314,paraformer-zh,0.2222,0.2222,0.2222,0.0
00200314,zipformer-zh-en,0.2222,0.2222,0.2222,0.0
00200314,sense-voice,0.2222,0.2222,0.2222,0.0
00200410,whisper-tiny,0.25,0.0,0.125,0.125
00200410,whisper-base,0.25,0.25,0.125,0.0
00200410,whisper-small,0.125,0.0,0.0,0.0
00200410,vosk-cn,0.0,0.0,0.0,0.0
00200410,wav2vec2-zh,0.25,0.0,0.25,0.25
00200410,paraformer-zh,0.0,0.0,0.0,0.0
00200410,zipformer-zh-en,0.375,0.125,0.25,0.14285714285714285
00200410,sense-voice,0.0,0.0,0.0,0.0
00200506,whisper-tiny,0.2727,0.0909,0.1818,0.2
00200506,whisper-base,0.2727,0.0909,0.1818,0.2
00200506,whisper-small,0.2727,0.0909,0.1818,0.2
00200506,vosk-cn,0.2727,0.0909,0.1818,0.2
00200506,wav2vec2-zh,0.1818,0.0909,0.0909,0.1
00200506,paraformer-zh,0.2727,0.0909,0.1818,0.2
00200506,zipformer-zh-en,0.3636,0.2727,0.2727,0.1111111111111111
00200506,sense-voice,0.2727,0.0909,0.1818,0.2
00200602,whisper-tiny,0.3333,0.1667,0.1667,0.2
00200602,whisper-base,0.1667,0.0,0.1667,0.16666666666666666
00200602,whisper-small,0.0,0.0,0.0,0.0
00200602,vosk-cn,0.0,0.0,0.0,0.0
00200602,wav2vec2-zh,0.1667,0.0,0.0,0.0
00200602,paraformer-zh,0.0,0.0,0.0,0.0
00200602,zipformer-zh-en,0.0,0.0,0.0,0.0
00200602,sense-voice,0.0,0.0,0.0,0.0
00200618,whisper-tiny,0.25,0.1667,0.1667,0.0
00200618,whisper-base,0.3333,0.1667,0.1667,0.0
00200618,whisper-small,0.0833,0.0,0.0833,0.08333333333333333
00200618,vosk-cn,0.1667,0.0,0.0833,0.08333333333333333
00200618,wav2vec2-zh,0.3333,0.1667,0.25,0.1
00200618,paraformer-zh,0.0,0.0,0.0,0.0
00200618,zipformer-zh-en,0.0833,0.0833,0.0833,0.0
00200618,sense-voice,0.0,0.0,0.0,0.0
00200714,whisper-tiny,0.0,0.0,0.0,0.0
00200714,whisper-base,0.0,0.0,0.0,0.0
00200714,whisper-small,0.0,0.0,0.0,0.0
00200714,vosk-cn,0.2222,0.0,0.2222,0.2222222222222222
00200714,wav2vec2-zh,0.1111,0.0,0.1111,0.1111111111111111
00200714,paraformer-zh,0.0,0.0,0.0,0.0
00200714,zipformer-zh-en,0.1111,0.0,0.1111,0.1111111111111111
00200714,sense-voice,0.0,0.0,0.0,0.0
00200810,whisper-tiny,0.375,0.125,0.375,0.2857142857142857
00200810,whisper-base,0.5,0.125,0.5,0.42857142857142855
00200810,whisper-small,0.625,0.25,0.5,0.3333333333333333
00200810,vosk-cn,1.125,0.875,0.875,0.6666666666666666
00200810,wav2vec2-zh,0.625,0.25,0.625,0.5
00200810,paraformer-zh,0.625,0.375,0.625,0.4
00200810,zipformer-zh-en,0.75,0.375,0.75,0.6
00200810,sense-voice,0.5,0.375,0.5,0.2
00200906,whisper-tiny,0.1818,0.0909,0.0909,0.1
00200906,whisper-base,0.1818,0.0909,0.0909,0.1
00200906,whisper-small,0.0,0.0,0.0,0.0
00200906,vosk-cn,0.0,0.0,0.0,0.0
00200906,wav2vec2-zh,0.0,0.0,0.0,0.0
00200906,paraformer-zh,0.0,0.0,0.0,0.0
00200906,zipformer-zh-en,0.0,0.0,0.0,0.0
00200906,sense-voice,0.0,0.0,0.0,0.0
00201002,whisper-tiny,0.1667,0.1667,0.1667,0.0
00201002,whisper-base,0.1667,0.1667,0.1667,0.0
00201002,whisper-small,0.0,0.0,0.0,0.0
00201002,vosk-cn,0.3333,0.3333,0.0,0.0
00201002,wav2vec2-zh,0.1667,0.1667,0.1667,0.0
00201002,paraformer-zh,0.0,0.0,0.0,0.0
00201002,zipformer-zh-en,0.5,0.5,0.3333,0.0
00201002,sense-voice,0.0,0.0,0.0,0.0
00201018,whisper-tiny,0.0833,0.0,0.0,0.0
00201018,whisper-base,0.0,0.0,0.0,0.0
00201018,whisper-small,0.0,0.0,0.0,0.0
00201018,vosk-cn,0.0833,0.0833,0.0833,0.0
00201018,wav2vec2-zh,0.0833,0.0833,0.0,0.0
00201018,paraformer-zh,0.0,0.0,0.0,0.0
00201018,zipformer-zh-en,0.0,0.0,0.0,0.0
00201018,sense-voice,0.0,0.0,0.0,0.0
00201114,whisper-tiny,0.2222,0.1111,0.2222,0.125
00201114,whisper-base,0.3333,0.1111,0.3333,0.25
00201114,whisper-small,0.0,0.0,0.0,0.0
00201114,vosk-cn,0.2222,0.0,0.2222,0.2222222222222222
00201114,wav2vec2-zh,0.3333,0.1111,0.3333,0.25
00201114,paraformer-zh,0.2222,0.0,0.2222,0.2222222222222222
00201114,zipformer-zh-en,0.2222,0.0,0.2222,0.2222222222222222
00201114,sense-voice,0.0,0.0,0.0,0.0
00201210,whisper-tiny,0.0,0.0,0.0,0.0
00201210,whisper-base,0.125,0.125,0.125,0.0
00201210,whisper-small,0.125,0.0,0.0,0.0
00201210,vosk-cn,0.25,0.25,0.25,0.0
00201210,wav2vec2-zh,0.125,0.125,0.125,0.0
00201210,paraformer-zh,0.125,0.125,0.125,0.0
00201210,zipformer-zh-en,0.25,0.125,0.125,0.0
00201210,sense-voice,0.125,0.125,0.125,0.0
00201306,whisper-tiny,0.2727,0.1818,0.1818,0.1111111111111111
00201306,whisper-base,0.0909,0.0,0.0909,0.09090909090909091
00201306,whisper-small,0.3636,0.1818,0.2727,0.2222222222222222
00201306,vosk-cn,0.5455,0.3636,0.2727,0.2857142857142857
00201306,wav2vec2-zh,0.1818,0.0909,0.0909,0.1
00201306,paraformer-zh,0.1818,0.0,0.1818,0.18181818181818182
00201306,zipformer-zh-en,0.6364,0.3636,0.4545,0.25
00201306,sense-voice,0.1818,0.0909,0.0909,0.1
00201402,whisper-tiny,0.0,0.0,0.0,0.0
00201402,whisper-base,0.0,0.0,0.0,0.0
00201402,whisper-small,0.0,0.0,0.0,0.0
00201402,vosk-cn,0.0,0.0,0.0,0.0
00201402,wav2vec2-zh,0.0,0.0,0.0,0.0
00201402,paraformer-zh,0.0,0.0,0.0,0.0
00201402,zipformer-zh-en,0.0,0.0,0.0,0.0
00201402,sense-voice,0.0,0.0,0.0,0.0
00201418,whisper-tiny,0.0,0.0,0.0,0.0
00201418,whisper-base,0.0,0.0,0.0,0.0
00201418,whisper-small,0.0,0.0,0.0,0.0
00201418,vosk-cn,0.0,0.0,0.0,0.0
00201418,wav2vec2-zh,0.25,0.1667,0.25,0.1
00201418,paraformer-zh,0.0,0.0,0.0,0.0
00201418,zipformer-zh-en,0.0,0.0,0.0,0.0
00201418,sense-voice,0.0,0.0,0.0,0.0
00201514,whisper-tiny,0.3333,0.2222,0.3333,0.14285714285714285
00201514,whisper-base,0.2222,0.2222,0.2222,0.0
00201514,whisper-small,0.2222,0.1111,0.2222,0.125
00201514,vosk-cn,0.1111,0.1111,0.1111,0.0
00201514,wav2vec2-zh,0.2222,0.2222,0.2222,0.0
00201514,paraformer-zh,0.2222,0.2222,0.2222,0.0
00201514,zipformer-zh-en,0.3333,0.3333,0.3333,0.0
00201514,sense-voice,0.2222,0.2222,0.2222,0.0
00201610,whisper-tiny,0.25,0.125,0.125,0.0
00201610,whisper-base,0.5,0.125,0.125,0.14285714285714285
00201610,whisper-small,0.125,0.0,0.0,0.0
00201610,vosk-cn,0.0,0.0,0.0,0.0
00201610,wav2vec2-zh,0.125,0.125,0.0,0.0
00201610,paraformer-zh,0.0,0.0,0.0,0.0
00201610,zipformer-zh-en,0.125,0.0,0.0,0.0
00201610,sense-voice,0.0,0.0,0.0,0.0
00201735,whisper-tiny,0.1875,0.125,0.125,0.0
00201735,whisper-base,0.25,0.1875,0.1875,0.0
00201735,whisper-small,0.1875,0.0625,0.0625,0.0
00201735,vosk-cn,0.5,0.4375,0.375,0.0
00201735,wav2vec2-zh,0.4375,0.3125,0.25,0.0
00201735,paraformer-zh,0.25,0.25,0.1875,0.0
00201735,zipformer-zh-en,0.25,0.1875,0.1875,0.06666666666666667
00201735,sense-voice,0.125,0.125,0.125,0.0
00201751,whisper-tiny,0.2,0.1,0.15,0.05555555555555555
00201751,whisper-base,0.2,0.05,0.15,0.10526315789473684
00201751,whisper-small,0.2,0.05,0.1,0.10526315789473684
00201751,vosk-cn,0.25,0.2,0.1,0.0625
00201751,wav2vec2-zh,0.5,0.2,0.35,0.3125
00201751,paraformer-zh,0.2,0.05,0.1,0.10526315789473684
00201751,zipformer-zh-en,0.25,0.1,0.15,0.1111111111111111
00201751,sense-voice,0.1,0.05,0.05,0.05263157894736842
00201809,whisper-tiny,0.1,0.1,0.1,0.0
00201809,whisper-base,0.0,0.0,0.0,0.0
00201809,whisper-small,0.0,0.0,0.0,0.0
00201809,vosk-cn,0.4,0.3,0.3,0.14285714285714285
00201809,wav2vec2-zh,0.1,0.0,0.1,0.1
00201809,paraformer-zh,0.0,0.0,0.0,0.0
00201809,zipformer-zh-en,0.1,0.0,0.1,0.1
00201809,sense-voice,0.0,0.0,0.0,0.0
00201905,whisper-tiny,0.3333,0.1667,0.3333,0.2
00201905,whisper-base,0.5,0.1667,0.6667,0.6
00201905,whisper-small,0.5,0.1667,0.5,0.6
00201905,vosk-cn,0.5,0.3333,0.6667,0.5
00201905,wav2vec2-zh,0.3333,0.1667,0.5,0.4
00201905,paraformer-zh,0.5,0.3333,0.3333,0.2
00201905,zipformer-zh-en,0.3333,0.1667,0.5,0.4
00201905,sense-voice,0.8333,0.8333,0.8333,0.0
00202001,whisper-tiny,0.4,0.6,0.4,0.0
00202001,whisper-base,0.2,0.2,0.2,0.0
00202001,whisper-small,0.2,0.2,0.2,0.0
00202001,vosk-cn,0.0,0.0,0.0,0.0
00202001,wav2vec2-zh,0.4,0.4,0.0,0.0
00202001,paraformer-zh,0.2,0.2,0.0,0.0
00202001,zipformer-zh-en,0.0,0.0,0.0,0.0
00202001,sense-voice,0.0,0.0,0.0,0.0
00202017,whisper-tiny,0.0,0.0,0.0,0.0
00202017,whisper-base,0.0,0.0,0.0,0.0
00202017,whisper-small,0.0,0.0,0.0,0.0
00202017,vosk-cn,0.0,0.0,0.0,0.0
00202017,wav2vec2-zh,0.2,0.2,0.0,0.0
00202017,paraformer-zh,0.4,0.4,0.2,0.0
00202017,zipformer-zh-en,0.0,0.0,0.0,0.0
00202017,sense-voice,0.0,0.0,0.0,0.0
00202113,whisper-tiny,0.5714,0.5714,0.5714,0.0
00202113,whisper-base,0.7143,0.7143,0.5714,0.0
00202113,whisper-small,0.1429,0.1429,0.0,0.0
00202113,vosk-cn,0.7143,0.2857,0.4286,0.2
00202113,wav2vec2-zh,0.4286,0.1429,0.4286,0.3333333333333333
00202113,paraformer-zh,0.5714,0.2857,0.2857,0.0
00202113,zipformer-zh-en,0.5714,0.1429,0.2857,0.16666666666666666
00202113,sense-voice,0.4286,0.1429,0.1429,0.0
00202209,whisper-tiny,0.0,0.0,0.0,0.0
00202209,whisper-base,0.0,0.0,0.0,0.0
00202209,whisper-small,0.0,0.0,0.0,0.0
00202209,vosk-cn,0.0,0.0,0.0,0.0
00202209,wav2vec2-zh,0.3,0.1,0.3,0.2222222222222222
00202209,paraformer-zh,0.0,0.0,0.0,0.0
00202209,zipformer-zh-en,0.0,0.0,0.0,0.0
00202209,sense-voice,0.0,0.0,0.0,0.0
00202305,whisper-tiny,0.0,0.0,0.0,0.0
00202305,whisper-base,0.0,0.0,0.0,0.0
00202305,whisper-small,0.0,0.0,0.0,0.0
00202305,vosk-cn,0.2353,0.2353,0.2353,0.0
00202305,wav2vec2-zh,0.2353,0.1765,0.1765,0.0
00202305,paraformer-zh,0.1765,0.1765,0.1765,0.0
00202305,zipformer-zh-en,0.1765,0.1765,0.1765,0.0
00202305,sense-voice,0.1765,0.1765,0.1765,0.0
00202321,whisper-tiny,0.25,0.1875,0.125,0.0
00202321,whisper-base,0.1875,0.0625,0.0625,0.06666666666666667
00202321,whisper-small,0.0,0.0,0.0,0.0
00202321,vosk-cn,0.0625,0.0625,0.0625,0.0
00202321,wav2vec2-zh,0.125,0.0625,0.0,0.0
00202321,paraformer-zh,0.0625,0.0625,0.0625,0.0
00202321,zipformer-zh-en,0.0625,0.0625,0.0625,0.0
00202321,sense-voice,0.0625,0.0625,0.0625,0.0
00202337,whisper-tiny,0.2667,0.2,0.1333,0.0
00202337,whisper-base,0.2667,0.0667,0.0,0.0
00202337,whisper-small,0.0667,0.0,0.0,0.0
00202337,vosk-cn,0.2,0.1333,0.1333,0.0
00202337,wav2vec2-zh,0.2,0.0667,0.0667,0.0
00202337,paraformer-zh,0.2,0.1333,0.1333,0.0
00202337,zipformer-zh-en,0.0667,0.0,0.0,0.0
00202337,sense-voice,0.2,0.1333,0.1333,0.0
00202353,whisper-tiny,0.8333,0.6667,0.8333,0.2
00202353,whisper-base,0.5,0.1667,0.3333,0.2
00202353,whisper-small,0.1667,0.1667,0.1667,0.0
00202353,vosk-cn,0.8333,0.8333,0.6667,0.0
00202353,wav2vec2-zh,0.6667,0.6667,0.6667,0.0
00202353,paraformer-zh,0.5,0.5,0.5,0.0
00202353,zipformer-zh-en,0.6667,0.6667,0.5,0.0
00202353,sense-voice,0.5,0.5,0.5,0.0
00202407,whisper-tiny,0.6667,0.3333,0.3333,0.3333333333333333
00202407,whisper-base,0.4444,0.3333,0.3333,0.0
00202407,whisper-small,0.4444,0.3333,0.2222,0.0
00202407,vosk-cn,0.2222,0.1111,0.0,0.0
00202407,wav2vec2-zh,0.2222,0.1111,0.1111,0.0
00202407,paraformer-zh,0.0,0.0,0.0,0.0
00202407,zipformer-zh-en,0.2222,0.0,0.1111,0.1111111111111111
00202407,sense-voice,0.0,0.0,0.0,0.0
00202423,whisper-tiny,0.0,0.0,0.0,0.0
00202423,whisper-base,0.0,0.0,0.0,0.0
00202423,whisper-small,0.0,0.0,0.0,0.0
00202423,vosk-cn,0.1818,0.1818,0.1818,0.0
00202423,wav2vec2-zh,0.1818,0.1818,0.0909,0.0
00202423,paraformer-zh,0.0909,0.0,0.0909,0.09090909090909091
00202423,zipformer-zh-en,0.0,0.0,0.0,0.0
00202423,sense-voice,0.0,0.0,0.0,0.0
00202439,whisper-tiny,1.5,1.5,1.1667,0.0
00202439,whisper-base,0.6667,0.6667,0.6667,0.0
00202439,whisper-small,0.6667,0.6667,0.6667,0.0
00202439,vosk-cn,0.6667,0.6667,0.6667,0.0
00202439,wav2vec2-zh,0.6667,0.6667,0.6667,0.16666666666666666
00202439,paraformer-zh,0.8333,0.8333,0.8333,0.0
00202439,zipformer-zh-en,0.6667,0.6667,0.6667,0.0
00202439,sense-voice,0.6667,0.6667,0.6667,0.0
00202455,whisper-tiny,0.2353,0.1176,0.1176,0.06666666666666667
00202455,whisper-base,0.0588,0.0,0.0588,0.058823529411764705
00202455,whisper-small,0.1176,0.0,0.0588,0.058823529411764705
00202455,vosk-cn,0.1765,0.1176,0.0588,0.06666666666666667
00202455,wav2vec2-zh,0.1176,0.0588,0.1176,0.0625
00202455,paraformer-zh,0.0588,0.0,0.0,0.0
00202455,zipformer-zh-en,0.0588,0.0,0.0,0.0
00202455,sense-voice,0.0,0.0,0.0,0.0
00202509,whisper-tiny,0.5,0.3333,0.5,0.5
00202509,whisper-base,0.1667,0.0833,0.25,0.2727272727272727
00202509,whisper-small,0.0,0.0,0.0,0.0
00202509,vosk-cn,0.0,0.0,0.0,0.0
00202509,wav2vec2-zh,0.5,0.25,0.3333,0.3333333333333333
00202509,paraformer-zh,0.0833,0.0,0.0833,0.08333333333333333
00202509,zipformer-zh-en,0.1667,0.0833,0.25,0.2727272727272727
00202509,sense-voice,0.0,0.0,0.0,0.0
00202525,whisper-tiny,0.0,0.0,0.0,0.0
00202525,whisper-base,0.0,0.0,0.0,0.0
00202525,whisper-small,0.0,0.0,0.0,0.0
00202525,vosk-cn,0.0,0.0,0.0,0.0
00202525,wav2vec2-zh,0.0833,0.0833,0.0833,0.0
00202525,paraformer-zh,0.0,0.0,0.0,0.0
00202525,zipformer-zh-en,0.0,0.0,0.0,0.0
00202525,sense-voice,0.0,0.0,0.0,0.0
00202612,whisper-tiny,0.6923,0.6154,0.5385,0.09090909090909091
00202612,whisper-base,0.0,0.0,0.0,0.0
00202612,whisper-small,0.5385,0.3077,0.3846,0.18181818181818182
00202612,vosk-cn,1.1538,1.1538,0.8462,0.2222222222222222
00202612,wav2vec2-zh,0.5385,0.3077,0.3077,0.3333333333333333
00202612,paraformer-zh,0.3077,0.3077,0.3077,0.0
00202612,zipformer-zh-en,0.7692,0.7692,0.6923,0.0
00202612,sense-voice,0.4615,0.4615,0.4615,0.0
00202628,whisper-tiny,0.8,0.6,0.3,0.5
00202628,whisper-base,0.5,0.4,0.3,0.16666666666666666
00202628,whisper-small,0.9,0.5,0.7,0.8
00202628,vosk-cn,0.6,0.2,0.5,0.5
00202628,wav2vec2-zh,0.7,0.2,0.7,0.625
00202628,paraformer-zh,0.8,0.3,0.8,0.7142857142857143
00202628,zipformer-zh-en,0.7,0.5,0.5,0.4
00202628,sense-voice,0.6,0.5,0.5,0.2
00202644,whisper-tiny,0.5556,0.4444,0.5556,0.2
00202644,whisper-base,0.6667,0.4444,0.4444,0.2857142857142857
00202644,whisper-small,0.4444,0.3333,0.2222,0.16666666666666666
00202644,vosk-cn,0.7778,0.7778,0.6667,0.0
00202644,wav2vec2-zh,0.6667,0.5556,0.3333,0.2
00202644,paraformer-zh,0.8889,0.5556,0.8889,0.75
00202644,zipformer-zh-en,0.6667,0.5556,0.5556,0.3333333333333333
00202644,sense-voice,0.7778,0.5556,0.5556,0.4
00202660,whisper-tiny,0.6,0.5,0.4,0.125
00202660,whisper-base,0.6,0.5,0.4,0.125
00202660,whisper-small,0.6,0.5,0.4,0.125
00202660,vosk-cn,0.5,0.5,0.5,0.0
00202660,wav2vec2-zh,0.7,0.4,0.7,0.4444444444444444
00202660,paraformer-zh,0.5,0.5,0.4,0.0
00202660,zipformer-zh-en,0.7,0.5,0.5,0.25
00202660,sense-voice,0.4,0.4,0.3,0.0
00202714,whisper-tiny,0.5263,0.5263,0.3684,0.0
00202714,whisper-base,0.4211,0.4211,0.2632,0.0
00202714,whisper-small,0.2105,0.2105,0.2105,0.0
00202714,vosk-cn,0.5263,0.4737,0.3684,0.07692307692307693
00202714,wav2vec2-zh,0.5789,0.4737,0.2632,0.08333333333333333
00202714,paraformer-zh,0.2105,0.2105,0.2105,0.0
00202714,zipformer-zh-en,0.4211,0.3684,0.2632,0.06666666666666667
00202714,sense-voice,0.2632,0.2632,0.2632,0.0
00202730,whisper-tiny,0.4545,0.2727,0.3636,0.125
00202730,whisper-base,0.2727,0.2727,0.1818,0.0
00202730,whisper-small,0.3636,0.2727,0.4545,0.25
00202730,vosk-cn,0.3636,0.3636,0.1818,0.0
00202730,wav2vec2-zh,0.4545,0.2727,0.3636,0.25
00202730,paraformer-zh,0.4545,0.4545,0.4545,0.16666666666666666
00202730,zipformer-zh-en,0.3636,0.2727,0.4545,0.25
00202730,sense-voice,0.4545,0.3636,0.4545,0.14285714285714285
00202746,whisper-tiny,0.0,0.0,0.0,0.0
00202746,whisper-base,0.0,0.0,0.0,0.0
00202746,whisper-small,0.0,0.0,0.0,0.0
00202746,vosk-cn,0.0,0.0,0.0,0.0
00202746,wav2vec2-zh,0.1429,0.0,0.1429,0.14285714285714285
00202746,paraformer-zh,0.0,0.0,0.0,0.0
00202746,zipformer-zh-en,0.0,0.0,0.0,0.0
00202746,sense-voice,0.0,0.0,0.0,0.0
00202762,whisper-tiny,0.8,0.5333,0.5333,0.25
00202762,whisper-base,0.7333,0.4667,0.6667,0.3076923076923077
00202762,whisper-small,0.5333,0.4,0.4667,0.07142857142857142
00202762,vosk-cn,0.6667,0.5333,0.5333,0.16666666666666666
00202762,wav2vec2-zh,0.8,0.6667,0.5333,0.3
00202762,paraformer-zh,0.4,0.4,0.4,0.0
00202762,zipformer-zh-en,0.6,0.4,0.4,0.15384615384615385
00202762,sense-voice,0.4,0.4,0.4,0.0
00202816,whisper-tiny,0.25,0.125,0.125,0.14285714285714285
00202816,whisper-base,0.25,0.125,0.25,0.14285714285714285
00202816,whisper-small,0.25,0.125,0.25,0.14285714285714285
00202816,vosk-cn,0.5,0.375,0.5,0.2
00202816,wav2vec2-zh,0.625,0.375,0.375,0.0
00202816,paraformer-zh,0.125,0.125,0.125,0.0
00202816,zipformer-zh-en,0.375,0.25,0.375,0.16666666666666666
00202816,sense-voice,0.25,0.25,0.25,0.0
00202832,whisper-tiny,0.4,0.2,0.4,0.25
00202832,whisper-base,0.4,0.2,0.4,0.25
00202832,whisper-small,0.4,0.2,0.4,0.25
00202832,vosk-cn,0.4,0.2,0.4,0.25
00202832,wav2vec2-zh,0.6,0.2,0.6,0.5
00202832,paraformer-zh,0.4,0.2,0.4,0.25
00202832,zipformer-zh-en,0.4,0.2,0.4,0.25
00202832,sense-voice,0.4,0.2,0.2,0.25
00202848,whisper-tiny,0.1429,0.0952,0.0476,0.0
00202848,whisper-base,0.0952,0.0952,0.0476,0.0
00202848,whisper-small,0.0476,0.0476,0.0,0.0
00202848,vosk-cn,0.1429,0.1429,0.0952,0.0
00202848,wav2vec2-zh,0.3333,0.1429,0.2381,0.16666666666666666
00202848,paraformer-zh,0.0476,0.0476,0.0,0.0
00202848,zipformer-zh-en,0.1429,0.0952,0.0952,0.05263157894736842
00202848,sense-voice,0.0952,0.0952,0.0476,0.0
00202902,whisper-tiny,0.2222,0.2222,0.0,0.0
00202902,whisper-base,0.0,0.0,0.0,0.0
00202902,whisper-small,0.3333,0.2222,0.1111,0.14285714285714285
00202902,vosk-cn,0.0,0.0,0.0,0.0
00202902,wav2vec2-zh,0.4444,0.2222,0.2222,0.2857142857142857
00202902,paraformer-zh,0.1111,0.0,0.1111,0.1111111111111111
00202902,zipformer-zh-en,0.3333,0.2222,0.1111,0.14285714285714285
00202902,sense-voice,0.0,0.0,0.0,0.0
00202918,whisper-tiny,0.2727,0.1818,0.0909,0.0
00202918,whisper-base,0.0909,0.0909,0.0,0.0
00202918,whisper-small,0.0,0.0,0.0,0.0
00202918,vosk-cn,0.3636,0.3636,0.1818,0.125
00202918,wav2vec2-zh,0.2727,0.1818,0.0909,0.1111111111111111
00202918,paraformer-zh,0.0,0.0,0.0,0.0
00202918,zipformer-zh-en,0.1818,0.1818,0.0909,0.0
00202918,sense-voice,0.0,0.0,0.0,0.0
00202934,whisper-tiny,0.4444,0.4444,0.4444,0.0
00202934,whisper-base,0.5556,0.5556,0.5556,0.0
00202934,whisper-small,0.5556,0.4444,0.4444,0.1111111111111111
00202934,vosk-cn,0.6667,0.5556,0.5556,0.25
00202934,wav2vec2-zh,0.6667,0.5556,0.6667,0.2222222222222222
00202934,paraformer-zh,0.4444,0.4444,0.4444,0.0
00202934,zipformer-zh-en,0.4444,0.4444,0.4444,0.2222222222222222
00202934,sense-voice,0.4444,0.4444,0.4444,0.0
00202950,whisper-tiny,0.3333,0.25,0.1667,0.0
00202950,whisper-base,0.4167,0.25,0.1667,0.0
00202950,whisper-small,0.4167,0.3333,0.25,0.0
00202950,vosk-cn,0.4167,0.4167,0.3333,0.0
00202950,wav2vec2-zh,0.5833,0.3333,0.3333,0.09090909090909091
00202950,paraformer-zh,0.4167,0.4167,0.4167,0.1
00202950,zipformer-zh-en,0.3333,0.3333,0.3333,0.0
00202950,sense-voice,0.3333,0.25,0.25,0.0
00203004,whisper-tiny,0.6,0.6,0.3,0.0
00203004,whisper-base,0.4,0.4,0.3,0.0
00203004,whisper-small,0.6,0.6,0.4,0.0
00203004,vosk-cn,0.7,0.6,0.5,0.25
00203004,wav2vec2-zh,0.5,0.5,0.4,0.0
00203004,paraformer-zh,0.6,0.6,0.5,0.0
00203004,zipformer-zh-en,0.4,0.4,0.3,0.0
00203004,sense-voice,0.4,0.4,0.3,0.0
00203020,whisper-tiny,0.0,0.0,0.0,0.0
00203020,whisper-base,0.0,0.0,0.0,0.0
00203020,whisper-small,0.2222,0.1111,0.2222,0.125
00203020,vosk-cn,0.6667,0.4444,0.5556,0.3333333333333333
00203020,wav2vec2-zh,0.5556,0.2222,0.4444,0.42857142857142855
00203020,paraformer-zh,0.4444,0.2222,0.4444,0.2857142857142857
00203020,zipformer-zh-en,0.4444,0.3333,0.2222,0.16666666666666666
00203020,sense-voice,0.4444,0.1111,0.3333,0.375
00203107,whisper-tiny,0.8889,0.5556,0.5556,0.5
00203107,whisper-base,0.4444,0.3333,0.2222,0.0
00203107,whisper-small,0.5556,0.4444,0.3333,0.2
00203107,vosk-cn,0.4444,0.3333,0.3333,0.16666666666666666
00203107,wav2vec2-zh,0.7778,0.4444,0.4444,0.16666666666666666
00203107,paraformer-zh,0.3333,0.3333,0.3333,0.0
00203107,zipformer-zh-en,0.3333,0.3333,0.2222,0.0
00203107,sense-voice,0.2222,0.2222,0.2222,0.0
00203123,whisper-tiny,0.5455,0.5455,0.3636,0.0
00203123,whisper-base,0.6364,0.4545,0.3636,0.16666666666666666
00203123,whisper-small,0.5455,0.4545,0.2727,0.0
00203123,vosk-cn,0.9091,0.5455,0.4545,0.5
00203123,wav2vec2-zh,0.7273,0.5455,0.4545,0.3333333333333333
00203123,paraformer-zh,0.8182,0.7273,0.3636,0.25
00203123,zipformer-zh-en,0.6364,0.5455,0.3636,0.16666666666666666
00203123,sense-voice,0.6364,0.3636,0.3636,0.25
00203139,whisper-tiny,0.3333,0.3333,0.3333,0.0
00203139,whisper-base,0.3333,0.3333,0.1667,0.0
00203139,whisper-small,0.1667,0.1667,0.1667,0.0
00203139,vosk-cn,0.8333,0.5,0.6667,0.6666666666666666
00203139,wav2vec2-zh,0.6667,0.3333,0.6667,0.5
00203139,paraformer-zh,0.3333,0.3333,0.3333,0.0
00203139,zipformer-zh-en,0.6667,0.5,0.6667,0.3333333333333333
00203139,sense-voice,0.3333,0.3333,0.3333,0.0
00203155,whisper-tiny,0.2353,0.2353,0.1765,0.0
00203155,whisper-base,0.6471,0.4706,0.4118,0.18181818181818182
00203155,whisper-small,0.5882,0.3529,0.4706,0.2727272727272727
00203155,vosk-cn,0.6471,0.5882,0.4706,0.125
00203155,wav2vec2-zh,0.8235,0.5882,0.5294,0.375
00203155,paraformer-zh,0.4706,0.2941,0.4706,0.23076923076923078
00203155,zipformer-zh-en,0.2941,0.1765,0.2941,0.14285714285714285
00203155,sense-voice,0.4118,0.2353,0.3529,0.15384615384615385
00203209,whisper-tiny,0.5,0.3333,0.5,0.5
00203209,whisper-base,0.25,0.0833,0.25,0.18181818181818182
00203209,whisper-small,0.1667,0.0833,0.1667,0.09090909090909091
00203209,vosk-cn,0.0833,0.0833,0.0833,0.0
00203209,wav2vec2-zh,0.5,0.1667,0.5833,0.5
00203209,paraformer-zh,0.0833,0.0,0.0833,0.08333333333333333
00203209,zipformer-zh-en,0.6667,0.1667,0.4167,0.3
00203209,sense-voice,0.0833,0.0,0.0833,0.08333333333333333
00203225,whisper-tiny,0.3333,0.1667,0.1667,0.0
00203225,whisper-base,0.0833,0.0833,0.0833,0.0
00203225,whisper-small,0.0833,0.0833,0.0833,0.0
00203225,vosk-cn,0.0833,0.0833,0.0833,0.0
00203225,wav2vec2-zh,0.3333,0.25,0.25,0.0
00203225,paraformer-zh,0.0833,0.0833,0.0833,0.0
00203225,zipformer-zh-en,0.25,0.1667,0.1667,0.0
00203225,sense-voice,0.0833,0.0833,0.0833,0.0
00203315,whisper-tiny,0.2222,0.1111,0.1667,0.05555555555555555
00203315,whisper-base,0.2222,0.1111,0.1111,0.0
00203315,whisper-small,0.1667,0.1111,0.1111,0.0
00203315,vosk-cn,0.2222,0.1667,0.1667,0.0
00203315,wav2vec2-zh,0.3333,0.1111,0.1667,0.05555555555555555
00203315,paraformer-zh,0.1667,0.1111,0.1111,0.0
00203315,zipformer-zh-en,0.1667,0.1111,0.1111,0.0
00203315,sense-voice,0.1667,0.1667,0.1111,0.0
00203331,whisper-tiny,0.8889,0.7778,0.6667,0.16666666666666666
00203331,whisper-base,1.1111,0.8889,0.7778,0.2857142857142857
00203331,whisper-small,0.6667,0.6667,0.6667,0.0
00203331,vosk-cn,0.6667,0.6667,0.6667,0.0
00203331,wav2vec2-zh,0.7778,0.6667,0.5556,0.0
00203331,paraformer-zh,0.6667,0.6667,0.6667,0.0
00203331,zipformer-zh-en,0.6667,0.6667,0.6667,0.0
00203331,sense-voice,0.6667,0.6667,0.6667,0.0
00203347,whisper-tiny,0.3333,0.0833,0.0,0.0
00203347,whisper-base,0.25,0.0833,0.0,0.0
00203347,whisper-small,0.25,0.0833,0.0,0.0
00203347,vosk-cn,0.1667,0.0833,0.0,0.0
00203347,wav2vec2-zh,0.3333,0.0833,0.0,0.0
00203347,paraformer-zh,0.0,0.0,0.0,0.0
00203347,zipformer-zh-en,0.0,0.0,0.0,0.0
00203347,sense-voice,0.0,0.0,0.0,0.0
00203401,whisper-tiny,0.2727,0.0,0.1818,0.18181818181818182
00203401,whisper-base,0.2727,0.0909,0.0,0.0
00203401,whisper-small,0.2727,0.0,0.0909,0.09090909090909091
00203401,vosk-cn,0.1818,0.1818,0.0909,0.0
00203401,wav2vec2-zh,0.2727,0.0909,0.0909,0.0
00203401,paraformer-zh,0.0909,0.0,0.0,0.0
00203401,zipformer-zh-en,0.1818,0.0909,0.0909,0.0
00203401,sense-voice,0.0909,0.0,0.0,0.0
00203417,whisper-tiny,0.2222,0.0,0.2222,0.2222222222222222
00203417,whisper-base,0.2222,0.0,0.1111,0.1111111111111111
00203417,whisper-small,0.2222,0.0,0.1111,0.1111111111111111
00203417,vosk-cn,0.4444,0.2222,0.2222,0.125
00203417,wav2vec2-zh,0.3333,0.1111,0.0,0.0
00203417,paraformer-zh,0.0,0.0,0.0,0.0
00203417,zipformer-zh-en,0.0,0.0,0.0,0.0
00203417,sense-voice,0.0,0.0,0.0,0.0
00203504,whisper-tiny,0.2,0.1,0.0,0.0
00203504,whisper-base,0.2,0.1,0.0,0.0
00203504,whisper-small,0.2,0.2,0.0,0.0
00203504,vosk-cn,0.2,0.2,0.1,0.0
00203504,wav2vec2-zh,0.3,0.2,0.0,0.0
00203504,paraformer-zh,0.0,0.0,0.0,0.0
00203504,zipformer-zh-en,0.0,0.0,0.0,0.0
00203504,sense-voice,0.0,0.0,0.0,0.0
00203520,whisper-tiny,0.3333,0.2222,0.1111,0.14285714285714285
00203520,whisper-base,0.1111,0.1111,0.0,0.0
00203520,whisper-small,0.1111,0.1111,0.1111,0.0
00203520,vosk-cn,0.3333,0.2222,0.1111,0.0
00203520,wav2vec2-zh,0.5556,0.2222,0.3333,0.2857142857142857
00203520,paraformer-zh,0.2222,0.1111,0.1111,0.0
00203520,zipformer-zh-en,0.2222,0.1111,0.1111,0.0
00203520,sense-voice,0.1111,0.1111,0.1111,0.0
00203607,whisper-tiny,0.6667,0.2222,0.4444,0.42857142857142855
00203607,whisper-base,0.3333,0.2222,0.0,0.0
00203607,whisper-small,0.1111,0.1111,0.0,0.0
00203607,vosk-cn,0.2222,0.2222,0.2222,0.0
00203607,wav2vec2-zh,0.3333,0.1111,0.1111,0.125
00203607,paraformer-zh,0.0,0.0,0.0,0.0
00203607,zipformer-zh-en,0.3333,0.2222,0.2222,0.14285714285714285
00203607,sense-voice,0.0,0.0,0.0,0.0
00203623,whisper-tiny,0.0,0.0,0.0,0.0
00203623,whisper-base,0.1818,0.1818,0.0,0.0
00203623,whisper-small,0.0,0.0,0.0,0.0
00203623,vosk-cn,0.1818,0.1818,0.0909,0.0
00203623,wav2vec2-zh,0.5455,0.2727,0.2727,0.2222222222222222
00203623,paraformer-zh,0.0,0.0,0.0,0.0
00203623,zipformer-zh-en,0.0909,0.0909,0.0909,0.0
00203623,sense-voice,0.0909,0.0909,0.0909,0.0
00203639,whisper-tiny,0.3333,0.1667,0.3333,0.2
00203639,whisper-base,0.5,0.0,0.5,0.5
00203639,whisper-small,0.0,0.0,0.0,0.0
00203639,vosk-cn,0.0,0.0,0.0,0.0
00203639,wav2vec2-zh,0.5,0.0,0.3333,0.3333333333333333
00203639,paraformer-zh,0.0,0.0,0.0,0.0
00203639,zipformer-zh-en,0.3333,0.0,0.3333,0.3333333333333333
00203639,sense-voice,0.0,0.0,0.0,0.0
00203655,whisper-tiny,0.4706,0.2941,0.3529,0.3333333333333333
00203655,whisper-base,0.2941,0.1765,0.1765,0.14285714285714285
00203655,whisper-small,0.2941,0.2353,0.2353,0.06666666666666667
00203655,vosk-cn,0.5294,0.2941,0.2941,0.23076923076923078
00203655,wav2vec2-zh,0.3529,0.2353,0.1765,0.15384615384615385
00203655,paraformer-zh,0.1765,0.1765,0.0588,0.0
00203655,zipformer-zh-en,0.2353,0.1765,0.1176,0.06666666666666667
00203655,sense-voice,0.1176,0.1176,0.0588,0.0
00203709,whisper-tiny,0.75,0.5,0.5,0.5
00203709,whisper-base,0.5833,0.5,0.3333,0.16666666666666666
00203709,whisper-small,0.3333,0.1667,0.3333,0.2
00203709,vosk-cn,0.1667,0.0833,0.1667,0.09090909090909091
00203709,wav2vec2-zh,0.75,0.4167,0.5,0.2857142857142857
00203709,paraformer-zh,0.0833,0.0,0.0,0.0
00203709,zipformer-zh-en,0.6667,0.4167,0.3333,0.42857142857142855
00203709,sense-voice,0.0833,0.0,0.0833,0.08333333333333333
00203725,whisper-tiny,0.1667,0.0833,0.0833,0.09090909090909091
00203725,whisper-base,0.1667,0.0833,0.0833,0.0
00203725,whisper-small,0.0,0.0,0.0,0.0
00203725,vosk-cn,0.4167,0.25,0.25,0.1111111111111111
00203725,wav2vec2-zh,0.3333,0.0833,0.3333,0.2727272727272727
00203725,paraformer-zh,0.0,0.0,0.0,0.0
00203725,zipformer-zh-en,0.25,0.0833,0.1667,0.18181818181818182
00203725,sense-voice,0.0,0.0,0.0,0.0
00203741,whisper-tiny,0.375,0.125,0.25,0.14285714285714285
00203741,whisper-base,0.125,0.0,0.125,0.125
00203741,whisper-small,0.5,0.125,0.375,0.2857142857142857
00203741,vosk-cn,0.375,0.125,0.125,0.14285714285714285
00203741,wav2vec2-zh,0.625,0.375,0.375,0.2
00203741,paraformer-zh,0.375,0.125,0.25,0.14285714285714285
00203741,zipformer-zh-en,0.5,0.125,0.375,0.2857142857142857
00203741,sense-voice,0.125,0.0,0.125,0.125
00203757,whisper-tiny,0.875,0.375,0.25,0.0
00203757,whisper-base,1.0,0.875,0.375,0.5
00203757,whisper-small,0.875,0.625,0.5,0.3333333333333333
00203757,vosk-cn,0.75,0.5,0.375,0.0
00203757,wav2vec2-zh,0.875,0.75,0.375,0.5
00203757,paraformer-zh,0.25,0.25,0.25,0.0
00203757,zipformer-zh-en,0.625,0.5,0.375,0.25
00203757,sense-voice,0.125,0.125,0.0,0.0
00203811,whisper-tiny,0.3846,0.0769,0.3077,0.25
00203811,whisper-base,0.3846,0.0769,0.2308,0.3333333333333333
00203811,whisper-small,0.3846,0.0769,0.2308,0.25
00203811,vosk-cn,0.4615,0.3077,0.1538,0.0
00203811,wav2vec2-zh,0.3077,0.0769,0.2308,0.16666666666666666
00203811,paraformer-zh,0.2308,0.0769,0.1538,0.08333333333333333
00203811,zipformer-zh-en,0.3846,0.0769,0.3077,0.25
00203811,sense-voice,0.2308,0.0769,0.0769,0.0
00203827,whisper-tiny,0.3333,0.25,0.25,0.1111111111111111
00203827,whisper-base,0.4167,0.1667,0.25,0.2
00203827,whisper-small,0.4167,0.1667,0.25,0.2
00203827,vosk-cn,0.1667,0.0,0.1667,0.16666666666666666
00203827,wav2vec2-zh,0.1667,0.0,0.1667,0.16666666666666666
00203827,paraformer-zh,0.0,0.0,0.0,0.0
00203827,zipformer-zh-en,0.0,0.0,0.0,0.0
00203827,sense-voice,0.0,0.0,0.0,0.0
00203843,whisper-tiny,0.5,0.125,0.25,0.14285714285714285
00203843,whisper-base,0.375,0.125,0.0,0.0
00203843,whisper-small,0.125,0.125,0.0,0.0
00203843,vosk-cn,0.0,0.0,0.0,0.0
00203843,wav2vec2-zh,0.75,0.125,0.25,0.2857142857142857
00203843,paraformer-zh,0.25,0.125,0.0,0.0
00203843,zipformer-zh-en,0.5,0.125,0.375,0.2857142857142857
00203843,sense-voice,0.625,0.125,0.125,0.14285714285714285
00203859,whisper-tiny,0.4,0.2,0.2667,0.16666666666666666
00203859,whisper-base,0.4667,0.2667,0.3333,0.18181818181818182
00203859,whisper-small,0.4,0.2,0.2667,0.16666666666666666
00203859,vosk-cn,0.2,0.0667,0.0667,0.07142857142857142
00203859,wav2vec2-zh,0.2667,0.0667,0.2,0.21428571428571427
00203859,paraformer-zh,0.0667,0.0667,0.0,0.0
00203859,zipformer-zh-en,0.3333,0.2,0.2667,0.16666666666666666
00203859,sense-voice,0.0,0.0,0.0,0.0
00203913,whisper-tiny,0.5455,0.4545,0.3636,0.16666666666666666
00203913,whisper-base,0.4545,0.3636,0.1818,0.14285714285714285
00203913,whisper-small,0.3636,0.3636,0.0,0.0
00203913,vosk-cn,0.5455,0.5455,0.5455,0.0
00203913,wav2vec2-zh,0.8182,0.5455,0.6364,0.4
00203913,paraformer-zh,0.4545,0.4545,0.2727,0.0
00203913,zipformer-zh-en,0.7273,0.3636,0.5455,0.42857142857142855
00203913,sense-voice,0.2727,0.2727,0.2727,0.0
00203929,whisper-tiny,0.5385,0.3077,0.3846,0.3333333333333333
00203929,whisper-base,0.5385,0.2308,0.3846,0.4
00203929,whisper-small,0.5385,0.3077,0.3846,0.3333333333333333
00203929,vosk-cn,0.8462,0.7692,0.5385,0.4
00203929,wav2vec2-zh,0.6923,0.4615,0.5385,0.42857142857142855
00203929,paraformer-zh,0.4615,0.3846,0.3077,0.125
00203929,zipformer-zh-en,0.7692,0.5385,0.5385,0.3333333333333333
00203929,sense-voice,0.4615,0.3846,0.3846,0.125
00203945,whisper-tiny,0.5333,0.5333,0.4667,0.14285714285714285
00203945,whisper-base,0.6,0.3333,0.3333,0.0
00203945,whisper-small,0.3333,0.3333,0.3333,0.0
00203945,vosk-cn,0.5333,0.5333,0.4667,0.0
00203945,wav2vec2-zh,0.5333,0.4667,0.3333,0.125
00203945,paraformer-zh,0.2667,0.2,0.2667,0.08333333333333333
00203945,zipformer-zh-en,0.6667,0.6667,0.6667,0.0
00203945,sense-voice,0.3333,0.2667,0.2667,0.0
00203961,whisper-tiny,0.2,0.2,0.1,0.0
00203961,whisper-base,0.4,0.3,0.5,0.2857142857142857
00203961,whisper-small,0.0,0.0,0.0,0.0
00203961,vosk-cn,0.5,0.3,0.5,0.25
00203961,wav2vec2-zh,0.6,0.3,0.4,0.2857142857142857
00203961,paraformer-zh,0.0,0.0,0.0,0.0
00203961,zipformer-zh-en,0.3,0.2,0.3,0.25
00203961,sense-voice,0.0,0.0,0.0,0.0
00204015,whisper-tiny,0.4444,0.2222,0.3333,0.14285714285714285
00204015,whisper-base,0.4444,0.1667,0.3889,0.26666666666666666
00204015,whisper-small,0.5,0.2222,0.5,0.35714285714285715
00204015,vosk-cn,0.4444,0.2778,0.4444,0.23076923076923078
00204015,wav2vec2-zh,0.6111,0.2222,0.3889,0.35714285714285715
00204015,paraformer-zh,0.2778,0.0556,0.2222,0.17647058823529413
00204015,zipformer-zh-en,0.3333,0.1667,0.3333,0.2
00204015,sense-voice,0.2778,0.1111,0.2778,0.1875
00204031,whisper-tiny,1.0,0.1111,0.6667,0.875
00204031,whisper-base,0.4444,0.2222,0.4444,0.2857142857142857
00204031,whisper-small,0.4444,0.2222,0.4444,0.2857142857142857
00204031,vosk-cn,0.3333,0.3333,0.3333,0.0
00204031,wav2vec2-zh,0.7778,0.1111,0.6667,0.625
00204031,paraformer-zh,0.4444,0.2222,0.4444,0.2857142857142857
00204031,zipformer-zh-en,0.6667,0.1111,0.5556,0.5
00204031,sense-voice,0.0,0.0,0.0,0.0
00204047,whisper-tiny,0.75,0.4167,0.5,0.18181818181818182
00204047,whisper-base,0.5833,0.4167,0.4167,0.09090909090909091
00204047,whisper-small,0.25,0.0833,0.1667,0.08333333333333333
00204047,vosk-cn,0.75,0.5,0.4167,0.1
00204047,wav2vec2-zh,0.6667,0.25,0.4167,0.25
00204047,paraformer-zh,0.4167,0.3333,0.4167,0.08333333333333333
00204047,zipformer-zh-en,0.6667,0.4167,0.4167,0.18181818181818182
00204047,sense-voice,0.4167,0.3333,0.4167,0.08333333333333333
00204101,whisper-tiny,0.2727,0.0909,0.0,0.0
00204101,whisper-base,0.2727,0.0909,0.0909,0.0
00204101,whisper-small,0.4545,0.0,0.1818,0.18181818181818182
00204101,vosk-cn,0.2727,0.1818,0.0909,0.0
00204101,wav2vec2-zh,0.0909,0.0,0.0,0.0
00204101,paraformer-zh,0.0909,0.0,0.0,0.0
00204101,zipformer-zh-en,0.0909,0.0,0.0,0.0
00204101,sense-voice,0.0909,0.0,0.0,0.0
00204117,whisper-tiny,0.4615,0.4615,0.3846,0.0
00204117,whisper-base,0.4615,0.3077,0.3077,0.1111111111111111
00204117,whisper-small,0.4615,0.3077,0.3846,0.2222222222222222
00204117,vosk-cn,0.4615,0.3846,0.3846,0.125
00204117,wav2vec2-zh,0.5385,0.5385,0.3846,0.16666666666666666
00204117,paraformer-zh,0.4615,0.4615,0.4615,0.125
00204117,zipformer-zh-en,0.4615,0.4615,0.4615,0.125
00204117,sense-voice,0.3846,0.3846,0.3846,0.0
00204133,whisper-tiny,0.5,0.1667,0.3333,0.4
00204133,whisper-base,0.3333,0.1667,0.3333,0.2
00204133,whisper-small,0.3333,0.0,0.3333,0.3333333333333333
00204133,vosk-cn,0.1667,0.1667,0.0,0.0
00204133,wav2vec2-zh,0.3333,0.0,0.3333,0.3333333333333333
00204133,paraformer-zh,0.1667,0.0,0.1667,0.16666666666666666
00204133,zipformer-zh-en,0.3333,0.0,0.3333,0.3333333333333333
00204133,sense-voice,0.1667,0.1667,0.1667,0.0
00204149,whisper-tiny,0.0667,0.0667,0.0667,0.0
00204149,whisper-base,0.0,0.0,0.0,0.0
00204149,whisper-small,0.0667,0.0667,0.0667,0.0
00204149,vosk-cn,0.1333,0.1333,0.0,0.0
00204149,wav2vec2-zh,0.1333,0.0667,0.1333,0.07142857142857142
00204149,paraformer-zh,0.0667,0.0667,0.0667,0.0
00204149,zipformer-zh-en,0.0667,0.0667,0.0667,0.0
00204149,sense-voice,0.0667,0.0667,0.0667,0.0
00204203,whisper-tiny,0.25,0.1875,0.1875,0.07692307692307693
00204203,whisper-base,0.375,0.1875,0.3125,0.23076923076923078
00204203,whisper-small,0.3125,0.1875,0.1875,0.15384615384615385
00204203,vosk-cn,0.1875,0.1875,0.0625,0.0
00204203,wav2vec2-zh,0.5,0.25,0.3125,0.25
00204203,paraformer-zh,0.125,0.125,0.125,0.0
00204203,zipformer-zh-en,0.3125,0.1875,0.3125,0.15384615384615385
00204203,sense-voice,0.25,0.125,0.1875,0.14285714285714285
00204219,whisper-tiny,0.6923,0.1538,0.3077,0.6363636363636364
00204219,whisper-base,0.8462,0.3846,0.3846,0.75
00204219,whisper-small,0.8462,0.2308,0.3077,0.6
00204219,vosk-cn,1.0,0.5385,0.5385,0.8571428571428571
00204219,wav2vec2-zh,0.9231,0.4615,0.3077,0.5714285714285714
00204219,paraformer-zh,0.6154,0.4615,0.3846,0.2857142857142857
00204219,zipformer-zh-en,0.6154,0.3846,0.3077,0.375
00204219,sense-voice,0.7692,0.3846,0.4615,0.5
00204235,whisper-tiny,0.5556,0.3333,0.5556,0.3333333333333333
00204235,whisper-base,0.2222,0.1111,0.1111,0.0
00204235,whisper-small,0.1111,0.0,0.1111,0.1111111111111111
00204235,vosk-cn,0.3333,0.2222,0.2222,0.14285714285714285
00204235,wav2vec2-zh,0.5556,0.2222,0.4444,0.42857142857142855
00204235,paraformer-zh,0.0,0.0,0.0,0.0
00204235,zipformer-zh-en,0.4444,0.2222,0.2222,0.14285714285714285
00204235,sense-voice,0.1111,0.0,0.1111,0.1111111111111111
00204251,whisper-tiny,0.5,0.375,0.4375,0.18181818181818182
00204251,whisper-base,0.5625,0.3125,0.5,0.21428571428571427
00204251,whisper-small,0.25,0.1875,0.25,0.0625
00204251,vosk-cn,0.375,0.25,0.25,0.14285714285714285
00204251,wav2vec2-zh,0.6875,0.25,0.625,0.4666666666666667
00204251,paraformer-zh,0.3125,0.1875,0.25,0.0625
00204251,zipformer-zh-en,0.5625,0.25,0.5,0.26666666666666666
00204251,sense-voice,0.1875,0.1875,0.1875,0.0
00204305,whisper-tiny,0.1765,0.1765,0.1176,0.0
00204305,whisper-base,0.1765,0.1765,0.1765,0.0
00204305,whisper-small,0.1176,0.1176,0.0588,0.0
00204305,vosk-cn,0.2353,0.1765,0.2353,0.06666666666666667
00204305,wav2vec2-zh,0.3529,0.2353,0.2353,0.14285714285714285
00204305,paraformer-zh,0.1176,0.1176,0.1176,0.0
00204305,zipformer-zh-en,0.2353,0.2353,0.1176,0.0
00204305,sense-voice,0.1765,0.1765,0.1765,0.0
00204322,whisper-tiny,0.2,0.1,0.2,0.1111111111111111
00204322,whisper-base,0.15,0.05,0.15,0.10526315789473684
00204322,whisper-small,0.1,0.05,0.1,0.05263157894736842
00204322,vosk-cn,0.15,0.1,0.15,0.05555555555555555
00204322,wav2vec2-zh,0.25,0.15,0.25,0.11764705882352941
00204322,paraformer-zh,0.05,0.05,0.05,0.0
00204322,zipformer-zh-en,0.15,0.05,0.15,0.10526315789473684
00204322,sense-voice,0.05,0.05,0.05,0.0
00204338,whisper-tiny,0.4444,0.4444,0.2222,0.0
00204338,whisper-base,0.5556,0.5556,0.3333,0.0
00204338,whisper-small,0.4444,0.4444,0.2222,0.0
00204338,vosk-cn,0.6667,0.5556,0.6667,0.16666666666666666
00204338,wav2vec2-zh,0.6667,0.6667,0.5556,0.0
00204338,paraformer-zh,0.4444,0.4444,0.2222,0.0
00204338,zipformer-zh-en,0.6667,0.5556,0.5556,0.16666666666666666
00204338,sense-voice,0.5556,0.5556,0.3333,0.0
00204354,whisper-tiny,0.6111,0.3333,0.5,0.3333333333333333
00204354,whisper-base,0.3333,0.2222,0.3333,0.14285714285714285
00204354,whisper-small,0.0556,0.0,0.0556,0.05555555555555555
00204354,vosk-cn,0.5,0.2778,0.5,0.35714285714285715
00204354,wav2vec2-zh,0.7778,0.3333,0.5,0.38461538461538464
00204354,paraformer-zh,0.1667,0.1111,0.2222,0.125
00204354,zipformer-zh-en,0.6111,0.1667,0.4444,0.4
00204354,sense-voice,0.2778,0.1111,0.2778,0.1875
00204408,whisper-tiny,0.5556,0.5556,0.5556,0.0
00204408,whisper-base,0.1111,0.1111,0.1111,0.0
00204408,whisper-small,0.1111,0.1111,0.1111,0.0
00204408,vosk-cn,0.3333,0.2222,0.3333,0.14285714285714285
00204408,wav2vec2-zh,0.2222,0.1111,0.2222,0.125
00204408,paraformer-zh,0.3333,0.2222,0.3333,0.14285714285714285
00204408,zipformer-zh-en,0.3333,0.2222,0.3333,0.14285714285714285
00204408,sense-voice,0.3333,0.2222,0.3333,0.14285714285714285
00204424,whisper-tiny,0.6667,0.5,0.3333,0.16666666666666666
00204424,whisper-base,0.25,0.1667,0.1667,0.1
00204424,whisper-small,0.3333,0.1667,0.0833,0.1
00204424,vosk-cn,0.1667,0.1667,0.1667,0.0
00204424,wav2vec2-zh,0.4167,0.1667,0.3333,0.3
00204424,paraformer-zh,0.1667,0.0,0.1667,0.16666666666666666
00204424,zipformer-zh-en,0.0833,0.0,0.0833,0.08333333333333333
00204424,sense-voice,0.0,0.0,0.0,0.0
00204440,whisper-tiny,0.8182,0.8182,0.4545,0.0
00204440,whisper-base,0.7273,0.6364,0.5455,0.0
00204440,whisper-small,0.3636,0.2727,0.2727,0.0
00204440,vosk-cn,0.3636,0.3636,0.1818,0.0
00204440,wav2vec2-zh,0.4545,0.4545,0.4545,0.0
00204440,paraformer-zh,0.0,0.0,0.0,0.0
00204440,zipformer-zh-en,0.5455,0.4545,0.4545,0.16666666666666666
00204440,sense-voice,0.1818,0.1818,0.0,0.0
00204456,whisper-tiny,0.5,0.5,0.3333,0.0
00204456,whisper-base,0.6667,0.6667,0.4167,0.0
00204456,whisper-small,0.4167,0.4167,0.3333,0.0
00204456,vosk-cn,0.1667,0.1667,0.1667,0.0
00204456,wav2vec2-zh,0.5,0.5,0.4167,0.0
00204456,paraformer-zh,0.1667,0.1667,0.1667,0.0
00204456,zipformer-zh-en,0.25,0.25,0.25,0.0
00204456,sense-voice,0.1667,0.1667,0.1667,0.0
00204510,whisper-tiny,0.2857,0.2857,0.2857,0.0
00204510,whisper-base,0.4286,0.3571,0.4286,0.1111111111111111
00204510,whisper-small,0.4286,0.3571,0.3571,0.0
00204510,vosk-cn,0.3571,0.3571,0.3571,0.0
00204510,wav2vec2-zh,0.6429,0.5,0.4286,0.14285714285714285
00204510,paraformer-zh,0.1429,0.1429,0.1429,0.0
00204510,zipformer-zh-en,0.5,0.3571,0.4286,0.2222222222222222
00204510,sense-voice,0.2143,0.2143,0.2143,0.0
00204526,whisper-tiny,0.6667,0.5,0.5,0.3333333333333333
00204526,whisper-base,0.5833,0.4167,0.3333,0.2857142857142857
00204526,whisper-small,0.8333,0.4167,0.5833,0.7142857142857143
00204526,vosk-cn,0.8333,0.5,0.4167,0.5
00204526,wav2vec2-zh,0.8333,0.4167,0.3333,0.42857142857142855
00204526,paraformer-zh,0.8333,0.5,0.3333,0.16666666666666666
00204526,zipformer-zh-en,0.9167,0.5,0.5,0.3333333333333333
00204526,sense-voice,0.8333,0.4167,0.4167,0.42857142857142855
00204542,whisper-tiny,0.3846,0.1538,0.3077,0.2727272727272727
00204542,whisper-base,0.3077,0.2308,0.2308,0.1
00204542,whisper-small,0.6154,0.3077,0.3077,0.2222222222222222
00204542,vosk-cn,0.6154,0.2308,0.4615,0.4
00204542,wav2vec2-zh,0.6154,0.3077,0.3846,0.3333333333333333
00204542,paraformer-zh,0.2308,0.2308,0.0769,0.0
00204542,zipformer-zh-en,0.5385,0.1538,0.5385,0.45454545454545453
00204542,sense-voice,0.0,0.0,0.0,0.0
00204558,whisper-tiny,1.2857,1.0,0.8571,0.5
00204558,whisper-base,0.5714,0.5714,0.5714,0.2
00204558,whisper-small,0.1429,0.0,0.1429,0.14285714285714285
00204558,vosk-cn,0.2857,0.1429,0.2857,0.16666666666666666
00204558,wav2vec2-zh,0.4286,0.1429,0.4286,0.3333333333333333
00204558,paraformer-zh,0.1429,0.0,0.1429,0.14285714285714285
00204558,zipformer-zh-en,0.4286,0.2857,0.4286,0.2
00204558,sense-voice,0.1429,0.0,0.1429,0.14285714285714285
00204612,whisper-tiny,0.4615,0.4615,0.3846,0.0
00204612,whisper-base,0.3846,0.3077,0.3077,0.1111111111111111
00204612,whisper-small,0.3077,0.2308,0.2308,0.1
00204612,vosk-cn,0.3846,0.3077,0.2308,0.1111111111111111
00204612,wav2vec2-zh,0.5385,0.3846,0.5385,0.375
00204612,paraformer-zh,0.2308,0.2308,0.2308,0.0
00204612,zipformer-zh-en,0.5385,0.4615,0.5385,0.2857142857142857
00204612,sense-voice,0.0769,0.0769,0.0,0.0
00204628,whisper-tiny,0.5,0.3,0.4,0.14285714285714285
00204628,whisper-base,0.8,0.5,0.6,0.2
00204628,whisper-small,0.8,0.4,0.5,0.5
00204628,vosk-cn,0.7,0.3,0.5,0.42857142857142855
00204628,wav2vec2-zh,0.9,0.4,0.7,0.5
00204628,paraformer-zh,0.4,0.1,0.3,0.3333333333333333
00204628,zipformer-zh-en,0.6,0.3,0.4,0.42857142857142855
00204628,sense-voice,0.4,0.2,0.3,0.125
00204644,whisper-tiny,0.7778,0.3333,0.5556,0.5
00204644,whisper-base,0.2222,0.2222,0.2222,0.0
00204644,whisper-small,0.2222,0.2222,0.2222,0.0
00204644,vosk-cn,0.6667,0.4444,0.3333,0.16666666666666666
00204644,wav2vec2-zh,0.7778,0.4444,0.5556,0.4
00204644,paraformer-zh,0.1111,0.1111,0.1111,0.0
00204644,zipformer-zh-en,0.4444,0.3333,0.2222,0.0
00204644,sense-voice,0.1111,0.1111,0.1111,0.0
00204660,whisper-tiny,0.7,0.5,0.5,0.4
00204660,whisper-base,0.6,0.3,0.4,0.2857142857142857
00204660,whisper-small,0.5,0.3,0.3,0.14285714285714285
00204660,vosk-cn,0.5,0.5,0.4,0.0
00204660,wav2vec2-zh,0.7,0.4,0.5,0.5
00204660,paraformer-zh,0.3,0.2,0.2,0.125
00204660,zipformer-zh-en,0.6,0.4,0.5,0.3333333333333333
00204660,sense-voice,0.2,0.1,0.2,0.1111111111111111
00200111,whisper-tiny,0.7778,0.4444,0.6667,0.6
00200111,whisper-base,0.5556,0.4444,0.4444,0.2
00200111,whisper-small,0.4444,0.4444,0.4444,0.0
00200111,vosk-cn,0.8889,0.7778,0.5556,0.5
00200111,wav2vec2-zh,0.6667,0.4444,0.3333,0.4
00200111,paraformer-zh,0.8889,0.6667,0.3333,0.3333333333333333
00200111,zipformer-zh-en,0.4444,0.3333,0.2222,0.16666666666666666
00200111,sense-voice,0.2222,0.1111,0.2222,0.125
00200207,whisper-tiny,0.0,0.0,0.0,0.0
00200207,whisper-base,0.0,0.0,0.0,0.0
00200207,whisper-small,0.0,0.0,0.0,0.0
00200207,vosk-cn,0.0,0.0,0.0,0.0
00200207,wav2vec2-zh,0.0,0.0,0.0,0.0
00200207,paraformer-zh,0.0,0.0,0.0,0.0
00200207,zipformer-zh-en,0.0,0.0,0.0,0.0
00200207,sense-voice,0.0,0.0,0.0,0.0
00200303,whisper-tiny,0.25,0.25,0.125,0.0
00200303,whisper-base,0.125,0.125,0.125,0.0
00200303,whisper-small,0.0,0.0,0.0,0.0
00200303,vosk-cn,0.0,0.0,0.0,0.0
00200303,wav2vec2-zh,0.125,0.125,0.125,0.0
00200303,paraformer-zh,0.0,0.0,0.0,0.0
00200303,zipformer-zh-en,0.0,0.0,0.0,0.0
00200303,sense-voice,0.125,0.125,0.0,0.0
00200319,whisper-tiny,0.0,0.0,0.0,0.0
00200319,whisper-base,0.4286,0.4286,0.4286,0.0
00200319,whisper-small,0.4286,0.4286,0.4286,0.0
00200319,vosk-cn,0.5714,0.5714,0.4286,0.0
00200319,wav2vec2-zh,0.7143,0.5714,0.5714,0.16666666666666666
00200319,paraformer-zh,0.4286,0.4286,0.4286,0.0
00200319,zipformer-zh-en,0.4286,0.4286,0.4286,0.0
00200319,sense-voice,0.4286,0.4286,0.4286,0.0
00200415,whisper-tiny,0.0,0.0,0.0,0.0
00200415,whisper-base,0.0,0.0,0.0,0.0
00200415,whisper-small,0.0,0.0,0.0,0.0
00200415,vosk-cn,0.0,0.0,0.0,0.0
00200415,wav2vec2-zh,0.0,0.0,0.0,0.0
00200415,paraformer-zh,0.0,0.0,0.0,0.0
00200415,zipformer-zh-en,0.0,0.0,0.0,0.0
00200415,sense-voice,0.0,0.0,0.0,0.0
00200511,whisper-tiny,0.4444,0.2222,0.3333,0.14285714285714285
00200511,whisper-base,0.1111,0.0,0.0,0.0
00200511,whisper-small,0.3333,0.2222,0.1111,0.0
00200511,vosk-cn,0.2222,0.1111,0.1111,0.0
00200511,wav2vec2-zh,0.4444,0.2222,0.3333,0.2857142857142857
00200511,paraformer-zh,0.2222,0.1111,0.1111,0.0
00200511,zipformer-zh-en,0.3333,0.2222,0.2222,0.0
00200511,sense-voice,0.0,0.0,0.0,0.0
00200607,whisper-tiny,0.4,0.3,0.3,0.14285714285714285
00200607,whisper-base,0.4,0.3,0.3,0.14285714285714285
00200607,whisper-small,0.2,0.1,0.2,0.1111111111111111
00200607,vosk-cn,0.2,0.1,0.2,0.1111111111111111
00200607,wav2vec2-zh,0.4,0.0,0.4,0.4
00200607,paraformer-zh,0.1,0.0,0.1,0.1
00200607,zipformer-zh-en,0.2,0.1,0.2,0.1111111111111111
00200607,sense-voice,0.1,0.0,0.1,0.1
00200703,whisper-tiny,0.0,0.0,0.0,0.0
00200703,whisper-base,0.0,0.0,0.0,0.0
00200703,whisper-small,0.0,0.0,0.0,0.0
00200703,vosk-cn,0.0,0.0,0.0,0.0
00200703,wav2vec2-zh,0.125,0.0,0.125,0.125
00200703,paraformer-zh,0.0,0.0,0.0,0.0
00200703,zipformer-zh-en,0.0,0.0,0.0,0.0
00200703,sense-voice,0.0,0.0,0.0,0.0
00200719,whisper-tiny,0.2857,0.1429,0.2857,0.16666666666666666
00200719,whisper-base,0.2857,0.1429,0.2857,0.16666666666666666
00200719,whisper-small,0.0,0.0,0.0,0.0
00200719,vosk-cn,0.2857,0.1429,0.1429,0.0
00200719,wav2vec2-zh,0.2857,0.1429,0.2857,0.16666666666666666
00200719,paraformer-zh,0.2857,0.1429,0.2857,0.16666666666666666
00200719,zipformer-zh-en,0.1429,0.1429,0.1429,0.0
00200719,sense-voice,0.2857,0.1429,0.2857,0.16666666666666666
00200815,whisper-tiny,0.0,0.0,0.0,0.0
00200815,whisper-base,0.1429,0.1429,0.1429,0.0
00200815,whisper-small,0.0,0.0,0.0,0.0
00200815,vosk-cn,0.1429,0.1429,0.1429,0.0
00200815,wav2vec2-zh,0.4286,0.1429,0.4286,0.3333333333333333
00200815,paraformer-zh,0.2857,0.1429,0.1429,0.14285714285714285
00200815,zipformer-zh-en,0.2857,0.1429,0.1429,0.14285714285714285
00200815,sense-voice,0.1429,0.0,0.1429,0.14285714285714285
00200911,whisper-tiny,0.0,0.0,0.0,0.0
00200911,whisper-base,0.0,0.0,0.0,0.0
00200911,whisper-small,0.0,0.0,0.0,0.0
00200911,vosk-cn,0.0,0.0,0.0,0.0
00200911,wav2vec2-zh,0.0,0.0,0.0,0.0
00200911,paraformer-zh,0.0,0.0,0.0,0.0
00200911,zipformer-zh-en,0.1111,0.0,0.0,0.0
00200911,sense-voice,0.0,0.0,0.0,0.0
00201007,whisper-tiny,0.0,0.0,0.0,0.0
00201007,whisper-base,0.0,0.0,0.0,0.0
00201007,whisper-small,0.0,0.0,0.0,0.0
00201007,vosk-cn,0.2,0.1,0.1,0.1111111111111111
00201007,wav2vec2-zh,0.2,0.1,0.1,0.0
00201007,paraformer-zh,0.0,0.0,0.0,0.0
00201007,zipformer-zh-en,0.0,0.0,0.0,0.0
00201007,sense-voice,0.0,0.0,0.0,0.0
00201103,whisper-tiny,0.25,0.25,0.25,0.0
00201103,whisper-base,0.0,0.0,0.0,0.0
00201103,whisper-small,0.0,0.0,0.0,0.0
00201103,vosk-cn,0.0,0.0,0.0,0.0
00201103,wav2vec2-zh,0.5,0.25,0.5,0.3333333333333333
00201103,paraformer-zh,0.0,0.0,0.0,0.0
00201103,zipformer-zh-en,0.0,0.0,0.0,0.0
00201103,sense-voice,0.0,0.0,0.0,0.0
00201119,whisper-tiny,0.0,0.0,0.0,0.0
00201119,whisper-base,0.0,0.0,0.0,0.0
00201119,whisper-small,0.0,0.0,0.0,0.0
00201119,vosk-cn,0.0,0.0,0.0,0.0
00201119,wav2vec2-zh,0.2857,0.0,0.2857,0.2857142857142857
00201119,paraformer-zh,0.0,0.0,0.0,0.0
00201119,zipformer-zh-en,0.0,0.0,0.0,0.0
00201119,sense-voice,0.0,0.0,0.0,0.0
00201215,whisper-tiny,0.0,0.0,0.0,0.0
00201215,whisper-base,0.0,0.0,0.0,0.0
00201215,whisper-small,0.0,0.0,0.0,0.0
00201215,vosk-cn,0.0,0.0,0.0,0.0
00201215,wav2vec2-zh,0.0,0.0,0.0,0.0
00201215,paraformer-zh,0.0,0.0,0.0,0.0
00201215,zipformer-zh-en,0.0,0.0,0.0,0.0
00201215,sense-voice,0.0,0.0,0.0,0.0
00201311,whisper-tiny,0.4444,0.0,0.2222,0.2222222222222222
00201311,whisper-base,0.3333,0.2222,0.2222,0.0
00201311,whisper-small,0.5556,0.1111,0.5556,0.5
00201311,vosk-cn,0.3333,0.3333,0.3333,0.0
00201311,wav2vec2-zh,0.6667,0.1111,0.4444,0.5
00201311,paraformer-zh,0.0,0.0,0.0,0.0
00201311,zipformer-zh-en,0.3333,0.1111,0.3333,0.25
00201311,sense-voice,0.3333,0.3333,0.3333,0.0
00201407,whisper-tiny,0.3,0.2,0.3,0.1111111111111111
00201407,whisper-base,0.3,0.2,0.3,0.1111111111111111
00201407,whisper-small,0.0,0.0,0.0,0.0
00201407,vosk-cn,0.3,0.2,0.3,0.1111111111111111
00201407,wav2vec2-zh,0.4,0.2,0.3,0.1111111111111111
00201407,paraformer-zh,0.3,0.2,0.3,0.1111111111111111
00201407,zipformer-zh-en,0.2,0.1,0.2,0.1111111111111111
00201407,sense-voice,0.3,0.2,0.3,0.1111111111111111
00201503,whisper-tiny,0.125,0.125,0.125,0.0
00201503,whisper-base,0.125,0.125,0.125,0.0
00201503,whisper-small,0.0,0.0,0.0,0.0
00201503,vosk-cn,0.125,0.125,0.125,0.0
00201503,wav2vec2-zh,0.125,0.125,0.125,0.0
00201503,paraformer-zh,0.0,0.0,0.0,0.0
00201503,zipformer-zh-en,0.0,0.0,0.0,0.0
00201503,sense-voice,0.75,0.75,0.75,0.0
00201519,whisper-tiny,0.2857,0.2857,0.0,0.0
00201519,whisper-base,0.2857,0.2857,0.2857,0.0
00201519,whisper-small,0.2857,0.2857,0.1429,0.0
00201519,vosk-cn,0.4286,0.4286,0.4286,0.0
00201519,wav2vec2-zh,0.2857,0.2857,0.1429,0.0
00201519,paraformer-zh,0.2857,0.2857,0.1429,0.0
00201519,zipformer-zh-en,0.2857,0.2857,0.1429,0.0
00201519,sense-voice,0.2857,0.2857,0.2857,0.0
00201615,whisper-tiny,0.0,0.0,0.0,0.0
00201615,whisper-base,0.0,0.0,0.0,0.0
00201615,whisper-small,0.0,0.0,0.0,0.0
00201615,vosk-cn,0.0,0.0,0.0,0.0
00201615,wav2vec2-zh,0.1429,0.1429,0.1429,0.0
00201615,paraformer-zh,0.0,0.0,0.0,0.0
00201615,zipformer-zh-en,0.0,0.0,0.0,0.0
00201615,sense-voice,0.0,0.0,0.0,0.0
00201740,whisper-tiny,0.3846,0.1538,0.1538,0.08333333333333333
00201740,whisper-base,0.3846,0.0769,0.1538,0.16666666666666666
00201740,whisper-small,0.3846,0.0769,0.0769,0.08333333333333333
00201740,vosk-cn,0.3846,0.1538,0.2308,0.18181818181818182
00201740,wav2vec2-zh,0.2308,0.0769,0.0769,0.08333333333333333
00201740,paraformer-zh,0.2308,0.0769,0.1538,0.16666666666666666
00201740,zipformer-zh-en,0.3846,0.0769,0.3077,0.3333333333333333
00201740,sense-voice,0.2308,0.0769,0.1538,0.16666666666666666
00201756,whisper-tiny,0.25,0.0833,0.25,0.18181818181818182
00201756,whisper-base,0.0833,0.0,0.0833,0.08333333333333333
00201756,whisper-small,0.1667,0.0,0.1667,0.16666666666666666
00201756,vosk-cn,0.0,0.0,0.0,0.0
00201756,wav2vec2-zh,0.4167,0.0833,0.3333,0.2727272727272727
00201756,paraformer-zh,0.0,0.0,0.0,0.0
00201756,zipformer-zh-en,0.1667,0.0,0.0833,0.08333333333333333
00201756,sense-voice,0.0,0.0,0.0,0.0
00201814,whisper-tiny,0.2222,0.1111,0.2222,0.125
00201814,whisper-base,0.3333,0.2222,0.3333,0.14285714285714285
00201814,whisper-small,0.2222,0.1111,0.2222,0.125
00201814,vosk-cn,0.1111,0.0,0.1111,0.1111111111111111
00201814,wav2vec2-zh,0.3333,0.2222,0.3333,0.14285714285714285
00201814,paraformer-zh,0.0,0.0,0.0,0.0
00201814,zipformer-zh-en,0.1111,0.0,0.1111,0.1111111111111111
00201814,sense-voice,0.0,0.0,0.0,0.0
00201910,whisper-tiny,0.625,0.25,0.625,0.5
00201910,whisper-base,0.25,0.125,0.25,0.14285714285714285
00201910,whisper-small,0.125,0.125,0.125,0.0
00201910,vosk-cn,0.375,0.25,0.375,0.16666666666666666
00201910,wav2vec2-zh,0.5,0.375,0.5,0.2
00201910,paraformer-zh,0.25,0.125,0.25,0.14285714285714285
00201910,zipformer-zh-en,0.375,0.25,0.375,0.16666666666666666
00201910,sense-voice,0.125,0.125,0.125,0.0
00202006,whisper-tiny,0.0909,0.0909,0.0,0.0
00202006,whisper-base,0.0,0.0,0.0,0.0
00202006,whisper-small,0.0,0.0,0.0,0.0
00202006,vosk-cn,0.0,0.0,0.0,0.0
00202006,wav2vec2-zh,0.0909,0.0909,0.0,0.0
00202006,paraformer-zh,0.0,0.0,0.0,0.0
00202006,zipformer-zh-en,0.0,0.0,0.0,0.0
00202006,sense-voice,0.0,0.0,0.0,0.0
00202102,whisper-tiny,0.5,0.1667,0.3333,0.2
00202102,whisper-base,1.3333,1.3333,0.8333,
00202102,whisper-small,1.0,0.8333,0.6667,1.0
00202102,vosk-cn,1.0,1.0,0.6667,0.0
00202102,wav2vec2-zh,0.8333,0.6667,0.6667,0.5
00202102,paraformer-zh,0.0,0.0,0.0,0.0
00202102,zipformer-zh-en,0.8333,0.6667,0.5,0.5
00202102,sense-voice,1.0,1.0,1.0,
00202118,whisper-tiny,0.1667,0.1667,0.0833,0.0
00202118,whisper-base,0.0,0.0,0.0,0.0
00202118,whisper-small,0.0,0.0,0.0,0.0
00202118,vosk-cn,0.5,0.4167,0.4167,0.125
00202118,wav2vec2-zh,0.4167,0.0833,0.4167,0.36363636363636365
00202118,paraformer-zh,0.0833,0.0833,0.0,0.0
00202118,zipformer-zh-en,0.0,0.0,0.0,0.0
00202118,sense-voice,0.0,0.0,0.0,0.0
00202214,whisper-tiny,0.2222,0.2222,0.2222,0.0
00202214,whisper-base,0.1111,0.1111,0.1111,0.0
00202214,whisper-small,0.1111,0.1111,0.1111,0.0
00202214,vosk-cn,0.3333,0.3333,0.3333,0.0
00202214,wav2vec2-zh,0.2222,0.2222,0.2222,0.0
00202214,paraformer-zh,0.1111,0.1111,0.1111,0.0
00202214,zipformer-zh-en,0.1111,0.1111,0.1111,0.0
00202214,sense-voice,0.1111,0.1111,0.1111,0.0
00202310,whisper-tiny,0.4286,0.2143,0.2143,0.09090909090909091
00202310,whisper-base,0.1429,0.0714,0.1429,0.07692307692307693
00202310,whisper-small,0.1429,0.0714,0.0714,0.0
00202310,vosk-cn,0.4286,0.4286,0.1429,0.0
00202310,wav2vec2-zh,0.2143,0.1429,0.1429,0.0
00202310,paraformer-zh,0.1429,0.1429,0.1429,0.0
00202310,zipformer-zh-en,0.3571,0.2143,0.1429,0.0
00202310,sense-voice,0.1429,0.1429,0.1429,0.0
00202326,whisper-tiny,0.5833,0.5,0.4167,0.125
00202326,whisper-base,0.5833,0.4167,0.25,0.0
00202326,whisper-small,0.0833,0.0833,0.0,0.0
00202326,vosk-cn,0.75,0.75,0.5833,0.0
00202326,wav2vec2-zh,0.6667,0.4167,0.25,0.0
00202326,paraformer-zh,0.25,0.25,0.1667,0.0
00202326,zipformer-zh-en,0.1667,0.1667,0.1667,0.0
00202326,sense-voice,0.1667,0.1667,0.1667,0.0
00202342,whisper-tiny,0.1538,0.0769,0.0,0.0
00202342,whisper-base,0.0769,0.0,0.0,0.0
00202342,whisper-small,0.0,0.0,0.0,0.0
00202342,vosk-cn,0.2308,0.0769,0.1538,0.16666666666666666
00202342,wav2vec2-zh,0.3077,0.2308,0.0769,0.0
00202342,paraformer-zh,0.0,0.0,0.0,0.0
00202342,zipformer-zh-en,0.0769,0.0769,0.0,0.0
00202342,sense-voice,0.0,0.0,0.0,0.0
00202358,whisper-tiny,0.1429,0.1429,0.1429,0.0
00202358,whisper-base,0.1429,0.1429,0.1429,0.0
00202358,whisper-small,0.1429,0.1429,0.1429,0.0
00202358,vosk-cn,0.1429,0.0,0.1429,0.14285714285714285
00202358,wav2vec2-zh,0.1429,0.1429,0.1429,0.0
00202358,paraformer-zh,0.1429,0.1429,0.1429,0.0
00202358,zipformer-zh-en,0.1429,0.1429,0.1429,0.0
00202358,sense-voice,0.1429,0.1429,0.1429,0.0
00202412,whisper-tiny,0.0,0.0,0.0,0.0
00202412,whisper-base,0.0769,0.0769,0.0,0.0
00202412,whisper-small,0.1538,0.1538,0.0769,0.0
00202412,vosk-cn,0.1538,0.1538,0.0769,0.0
00202412,wav2vec2-zh,0.1538,0.0769,0.1538,0.08333333333333333
00202412,paraformer-zh,0.0,0.0,0.0,0.0
00202412,zipformer-zh-en,0.0769,0.0769,0.0769,0.0
00202412,sense-voice,0.0,0.0,0.0,0.0
00202428,whisper-tiny,0.1,0.1,0.0,0.0
00202428,whisper-base,0.1,0.1,0.0,0.0
00202428,whisper-small,0.0,0.0,0.0,0.0
00202428,vosk-cn,0.1,0.1,0.1,0.0
00202428,wav2vec2-zh,0.2,0.2,0.1,0.0
00202428,paraformer-zh,0.1,0.1,0.1,0.0
00202428,zipformer-zh-en,0.2,0.2,0.1,0.0
00202428,sense-voice,0.1,0.1,0.1,0.0
00202444,whisper-tiny,0.3333,0.0,0.1111,0.1111111111111111
00202444,whisper-base,0.2222,0.0,0.1111,0.1111111111111111
00202444,whisper-small,0.3333,0.2222,0.3333,0.125
00202444,vosk-cn,0.5556,0.4444,0.2222,0.0
00202444,wav2vec2-zh,0.4444,0.1111,0.2222,0.125
00202444,paraformer-zh,0.1111,0.1111,0.1111,0.0
00202444,zipformer-zh-en,0.2222,0.1111,0.2222,0.125
00202444,sense-voice,0.1111,0.1111,0.1111,0.0
00202460,whisper-tiny,0.7,0.6,0.4,0.125
00202460,whisper-base,0.6,0.5,0.4,0.1111111111111111
00202460,whisper-small,0.1,0.0,0.1,0.1
00202460,vosk-cn,0.7,0.7,0.5,0.0
00202460,wav2vec2-zh,0.7,0.6,0.4,0.125
00202460,paraformer-zh,0.4,0.4,0.4,0.0
00202460,zipformer-zh-en,0.7,0.6,0.6,0.125
00202460,sense-voice,0.4,0.4,0.4,0.0
00202514,whisper-tiny,0.3158,0.3158,0.1053,0.0
00202514,whisper-base,0.2105,0.0526,0.1579,0.1111111111111111
00202514,whisper-small,0.2632,0.2105,0.2105,0.06666666666666667
00202514,vosk-cn,0.0526,0.0526,0.0526,0.0
00202514,wav2vec2-zh,0.2105,0.0526,0.1579,0.1111111111111111
00202514,paraformer-zh,0.0,0.0,0.0,0.0
00202514,zipformer-zh-en,0.1579,0.1053,0.1053,0.058823529411764705
00202514,sense-voice,0.0,0.0,0.0,0.0
00202601,whisper-tiny,0.1818,0.0909,0.0909,0.0
00202601,whisper-base,0.3636,0.1818,0.1818,0.0
00202601,whisper-small,0.2727,0.0909,0.0,0.0
00202601,vosk-cn,0.7273,0.2727,0.3636,0.3333333333333333
00202601,wav2vec2-zh,0.5455,0.0909,0.3636,0.3
00202601,paraformer-zh,0.4545,0.0909,0.1818,0.1
00202601,zipformer-zh-en,0.2727,0.0909,0.0909,0.0
00202601,sense-voice,0.2727,0.0909,0.1818,0.1
00202617,whisper-tiny,0.4444,0.1111,0.3333,0.25
00202617,whisper-base,0.4444,0.1111,0.3333,0.375
00202617,whisper-small,0.4444,0.0,0.3333,0.4444444444444444
00202617,vosk-cn,0.5556,0.2222,0.2222,0.375
00202617,wav2vec2-zh,0.6667,0.4444,0.4444,0.2
00202617,paraformer-zh,0.2222,0.0,0.2222,0.2222222222222222
00202617,zipformer-zh-en,0.3333,0.0,0.3333,0.3333333333333333
00202617,sense-voice,0.1111,0.0,0.1111,0.1111111111111111
00202633,whisper-tiny,0.6667,0.5,0.3333,0.3333333333333333
00202633,whisper-base,0.5,0.1667,0.1667,0.2
00202633,whisper-small,0.3333,0.1667,0.3333,0.2
00202633,vosk-cn,0.6667,0.5,0.3333,0.3333333333333333
00202633,wav2vec2-zh,0.5,0.3333,0.3333,0.25
00202633,paraformer-zh,0.3333,0.3333,0.0,0.0
00202633,zipformer-zh-en,0.5,0.3333,0.3333,0.25
00202633,sense-voice,0.5,0.3333,0.1667,0.25
00202649,whisper-tiny,0.2667,0.1333,0.2,0.15384615384615385
00202649,whisper-base,0.2667,0.1333,0.2667,0.15384615384615385
00202649,whisper-small,0.2667,0.2,0.2667,0.08333333333333333
00202649,vosk-cn,0.4,0.2667,0.4667,0.2727272727272727
00202649,wav2vec2-zh,0.5333,0.2667,0.5333,0.36363636363636365
00202649,paraformer-zh,0.2667,0.2,0.2667,0.08333333333333333
00202649,zipformer-zh-en,0.2667,0.2,0.2667,0.08333333333333333
00202649,sense-voice,0.2667,0.2,0.2667,0.08333333333333333
00202703,whisper-tiny,0.0625,0.0625,0.0625,0.0
00202703,whisper-base,0.0625,0.0625,0.0625,0.0
00202703,whisper-small,0.0625,0.0625,0.0625,0.0
00202703,vosk-cn,0.0625,0.0625,0.0625,0.0
00202703,wav2vec2-zh,0.1875,0.0625,0.125,0.13333333333333333
00202703,paraformer-zh,0.0,0.0,0.0,0.0
00202703,zipformer-zh-en,0.0,0.0,0.0,0.0
00202703,sense-voice,0.0,0.0,0.0,0.0
00202719,whisper-tiny,1.0,1.0,0.5385,0.0
00202719,whisper-base,0.6923,0.6154,0.3077,0.0
00202719,whisper-small,0.6154,0.5385,0.3846,0.16666666666666666
00202719,vosk-cn,1.2308,1.2308,0.7692,0.0
00202719,wav2vec2-zh,1.0,0.9231,0.5385,0.0
00202719,paraformer-zh,1.0,1.0,0.7692,0.0
00202719,zipformer-zh-en,1.2308,1.0,0.6923,0.16666666666666666
00202719,sense-voice,1.0,0.9231,0.6923,0.0
00202735,whisper-tiny,0.1111,0.0,0.1111,0.1111111111111111
00202735,whisper-base,0.5556,0.1111,0.3333,0.3333333333333333
00202735,whisper-small,0.4444,0.0,0.4444,0.4444444444444444
00202735,vosk-cn,0.3333,0.1111,0.3333,0.2222222222222222
00202735,wav2vec2-zh,0.4444,0.1111,0.4444,0.3333333333333333
00202735,paraformer-zh,0.2222,0.1111,0.2222,0.1111111111111111
00202735,zipformer-zh-en,0.4444,0.1111,0.4444,0.3333333333333333
00202735,sense-voice,0.1111,0.1111,0.1111,0.0
00202751,whisper-tiny,0.0625,0.0625,0.0625,0.0
00202751,whisper-base,0.25,0.125,0.25,0.13333333333333333
00202751,whisper-small,0.125,0.0625,0.125,0.0625
00202751,vosk-cn,0.1875,0.1875,0.0625,0.0
00202751,wav2vec2-zh,0.25,0.1875,0.125,0.07142857142857142
00202751,paraformer-zh,0.0625,0.0625,0.0625,0.0
00202751,zipformer-zh-en,0.1875,0.0625,0.125,0.0625
00202751,sense-voice,0.0625,0.0625,0.0625,0.0
00202805,whisper-tiny,0.7059,0.6471,0.5882,0.0
00202805,whisper-base,0.4706,0.3529,0.4706,0.125
00202805,whisper-small,0.4706,0.2941,0.4118,0.11764705882352941
00202805,vosk-cn,0.6471,0.5294,0.5294,0.23076923076923078
00202805,wav2vec2-zh,0.7647,0.5294,0.5882,0.23076923076923078
00202805,paraformer-zh,0.2941,0.2941,0.2941,0.0
00202805,zipformer-zh-en,0.5294,0.4118,0.4706,0.13333333333333333
00202805,sense-voice,0.3529,0.2941,0.3529,0.058823529411764705
00202821,whisper-tiny,0.6875,0.25,0.4375,0.4166666666666667
00202821,whisper-base,0.5625,0.4375,0.4375,0.1111111111111111
00202821,whisper-small,0.4375,0.25,0.375,0.25
00202821,vosk-cn,0.5625,0.3125,0.375,0.3333333333333333
00202821,wav2vec2-zh,0.6875,0.5,0.4375,0.375
00202821,paraformer-zh,0.0625,0.0625,0.0625,0.0
00202821,zipformer-zh-en,0.5,0.1875,0.5,0.38461538461538464
00202821,sense-voice,0.1875,0.125,0.125,0.07142857142857142
00202837,whisper-tiny,0.1333,0.0667,0.1333,0.07142857142857142
00202837,whisper-base,0.2667,0.2,0.2,0.0
00202837,whisper-small,0.1333,0.0667,0.1333,0.07142857142857142
00202837,vosk-cn,0.2,0.2,0.2,0.0
00202837,wav2vec2-zh,0.4,0.2667,0.2667,0.09090909090909091
00202837,paraformer-zh,0.1333,0.0,0.0667,0.06666666666666667
00202837,zipformer-zh-en,0.2,0.2,0.2,0.0
00202837,sense-voice,0.2,0.0667,0.1333,0.07142857142857142
00202853,whisper-tiny,0.3333,0.3333,0.1667,0.0
00202853,whisper-base,0.5,0.3333,0.1667,0.0
00202853,whisper-small,0.3333,0.3333,0.1667,0.0
00202853,vosk-cn,0.6667,0.5,0.3333,0.0
00202853,wav2vec2-zh,0.6667,0.3333,0.5,0.5
00202853,paraformer-zh,0.3333,0.1667,0.1667,0.2
00202853,zipformer-zh-en,0.8333,0.6667,0.5,0.0
00202853,sense-voice,0.3333,0.1667,0.3333,0.2
00202907,whisper-tiny,0.5556,0.1111,0.3333,0.25
00202907,whisper-base,0.3333,0.3333,0.2222,0.0
00202907,whisper-small,0.1111,0.0,0.1111,0.1111111111111111
00202907,vosk-cn,0.2222,0.2222,0.2222,0.0
00202907,wav2vec2-zh,0.2222,0.0,0.1111,0.1111111111111111
00202907,paraformer-zh,0.0,0.0,0.0,0.0
00202907,zipformer-zh-en,0.2222,0.1111,0.1111,0.0
00202907,sense-voice,0.0,0.0,0.0,0.0
00202923,whisper-tiny,0.2727,0.1818,0.0909,0.0
00202923,whisper-base,0.0,0.0,0.0,0.0
00202923,whisper-small,0.2727,0.0,0.0909,0.09090909090909091
00202923,vosk-cn,0.2727,0.2727,0.2727,0.0
00202923,wav2vec2-zh,0.2727,0.2727,0.0909,0.0
00202923,paraformer-zh,0.0,0.0,0.0,0.0
00202923,zipformer-zh-en,0.1818,0.1818,0.1818,0.0
00202923,sense-voice,0.0,0.0,0.0,0.0
00202939,whisper-tiny,0.5,0.3333,0.5,0.25
00202939,whisper-base,0.5,0.0,0.5,0.5
00202939,whisper-small,0.5,0.0,0.5,0.5
00202939,vosk-cn,0.6667,0.1667,0.5,0.5
00202939,wav2vec2-zh,0.5,0.0,0.5,0.5
00202939,paraformer-zh,0.0,0.0,0.0,0.0
00202939,zipformer-zh-en,0.5,0.0,0.5,0.5
00202939,sense-voice,0.0,0.0,0.0,0.0
00202955,whisper-tiny,0.2941,0.1765,0.1176,0.14285714285714285
00202955,whisper-base,0.4118,0.2941,0.2353,0.16666666666666666
00202955,whisper-small,0.3529,0.2353,0.3529,0.15384615384615385
00202955,vosk-cn,0.3529,0.2353,0.2941,0.15384615384615385
00202955,wav2vec2-zh,0.2941,0.1765,0.2353,0.14285714285714285
00202955,paraformer-zh,0.3529,0.2941,0.2941,0.07692307692307693
00202955,zipformer-zh-en,0.2941,0.2353,0.2353,0.07142857142857142
00202955,sense-voice,0.2353,0.1765,0.2353,0.07142857142857142
00203009,whisper-tiny,1.4167,1.1667,1.0,0.375
00203009,whisper-base,0.75,0.6667,0.6667,0.375
00203009,whisper-small,1.1667,0.9167,1.0833,0.25
00203009,vosk-cn,0.75,0.75,0.75,0.0
00203009,wav2vec2-zh,1.4167,0.9167,1.0,0.4444444444444444
00203009,paraformer-zh,1.0,0.75,1.0,0.25
00203009,zipformer-zh-en,1.3333,1.1667,1.0833,0.375
00203009,sense-voice,0.75,0.6667,0.6667,0.1111111111111111
00203025,whisper-tiny,1.0833,0.9167,0.75,0.1
00203025,whisper-base,1.1667,0.75,0.75,0.5714285714285714
00203025,whisper-small,1.0,0.5833,0.75,0.4444444444444444
00203025,vosk-cn,0.6667,0.5,0.5833,0.18181818181818182
00203025,wav2vec2-zh,1.1667,0.6667,0.8333,0.4444444444444444
00203025,paraformer-zh,1.1667,0.75,0.9167,0.5
00203025,zipformer-zh-en,0.9167,0.5833,0.75,0.4444444444444444
00203025,sense-voice,0.8333,0.5,0.5833,0.3
00203112,whisper-tiny,0.3846,0.3077,0.3846,0.1111111111111111
00203112,whisper-base,0.3846,0.3077,0.2308,0.1111111111111111
00203112,whisper-small,0.3846,0.3846,0.3077,0.0
00203112,vosk-cn,0.4615,0.4615,0.3846,0.0
00203112,wav2vec2-zh,0.3846,0.3077,0.3077,0.1111111111111111
00203112,paraformer-zh,0.2308,0.2308,0.1538,0.0
00203112,zipformer-zh-en,0.3077,0.3077,0.3077,0.0
00203112,sense-voice,0.3077,0.2308,0.1538,0.1
00203128,whisper-tiny,0.6,0.3,0.5,0.2222222222222222
00203128,whisper-base,1.5,1.3,0.9,0.6666666666666666
00203128,whisper-small,0.7,0.7,0.6,0.0
00203128,vosk-cn,1.2,1.1,0.9,0.3333333333333333
00203128,wav2vec2-zh,1.2,0.7,0.8,0.7142857142857143
00203128,paraformer-zh,1.1,0.7,0.9,0.5714285714285714
00203128,zipformer-zh-en,1.0,0.6,0.9,0.5
00203128,sense-voice,1.0,0.6,0.8,0.5
00203144,whisper-tiny,0.6667,0.5556,0.3333,0.25
00203144,whisper-base,0.4444,0.3333,0.3333,0.16666666666666666
00203144,whisper-small,0.2222,0.1111,0.1111,0.0
00203144,vosk-cn,0.2222,0.2222,0.1111,0.0
00203144,wav2vec2-zh,0.7778,0.6667,0.5556,0.3333333333333333
00203144,paraformer-zh,0.5556,0.4444,0.5556,0.2
00203144,zipformer-zh-en,0.4444,0.3333,0.4444,0.16666666666666666
00203144,sense-voice,0.2222,0.2222,0.2222,0.0
00203160,whisper-tiny,0.6,0.6,0.3,0.0
00203160,whisper-base,0.5,0.4,0.2,0.16666666666666666
00203160,whisper-small,0.2,0.1,0.1,0.1111111111111111
00203160,vosk-cn,0.1,0.1,0.1,0.0
00203160,wav2vec2-zh,0.5,0.3,0.3,0.2857142857142857
00203160,paraformer-zh,0.0,0.0,0.0,0.0
00203160,zipformer-zh-en,0.2,0.2,0.1,0.0
00203160,sense-voice,0.0,0.0,0.0,0.0
00203214,whisper-tiny,0.3158,0.1579,0.2632,0.11764705882352941
00203214,whisper-base,0.4211,0.2105,0.2105,0.25
00203214,whisper-small,0.4211,0.2105,0.1579,0.2
00203214,vosk-cn,0.1579,0.1579,0.1579,0.0
00203214,wav2vec2-zh,0.4737,0.1579,0.2632,0.23529411764705882
00203214,paraformer-zh,0.1579,0.1579,0.1053,0.0
00203214,zipformer-zh-en,0.1579,0.1053,0.1053,0.05555555555555555
00203214,sense-voice,0.1053,0.1053,0.0526,0.0
00203304,whisper-tiny,0.1,0.0,0.0,0.0
00203304,whisper-base,0.1,0.0,0.0,0.0
00203304,whisper-small,0.0,0.0,0.0,0.0
00203304,vosk-cn,0.0,0.0,0.0,0.0
00203304,wav2vec2-zh,0.1,0.0,0.0,0.0
00203304,paraformer-zh,0.0,0.0,0.0,0.0
00203304,zipformer-zh-en,0.0,0.0,0.0,0.0
00203304,sense-voice,0.0,0.0,0.0,0.0
00203320,whisper-tiny,0.2222,0.1111,0.1111,0.0
00203320,whisper-base,0.2222,0.1111,0.1111,0.0
00203320,whisper-small,0.2222,0.1111,0.1111,0.0
00203320,vosk-cn,0.0,0.0,0.0,0.0
00203320,wav2vec2-zh,0.3333,0.1111,0.2222,0.125
00203320,paraformer-zh,0.0,0.0,0.0,0.0
00203320,zipformer-zh-en,0.0,0.0,0.0,0.0
00203320,sense-voice,0.1111,0.1111,0.0,0.0
00203336,whisper-tiny,0.0,0.0,0.0,0.0
00203336,whisper-base,0.0,0.0,0.0,0.0
00203336,whisper-small,0.0,0.0,0.0,0.0
00203336,vosk-cn,0.0,0.0,0.0,0.0
00203336,wav2vec2-zh,0.0909,0.0909,0.0,0.0
00203336,paraformer-zh,0.0,0.0,0.0,0.0
00203336,zipformer-zh-en,0.0,0.0,0.0,0.0
00203336,sense-voice,0.0,0.0,0.0,0.0
00203352,whisper-tiny,0.0,0.0,0.0,0.0
00203352,whisper-base,0.0,0.0,0.0,0.0
00203352,whisper-small,0.0,0.0,0.0,0.0
00203352,vosk-cn,0.0,0.0,0.0,0.0
00203352,wav2vec2-zh,0.125,0.0,0.1875,0.1875
00203352,paraformer-zh,0.0,0.0,0.0,0.0
00203352,zipformer-zh-en,0.0,0.0,0.0,0.0
00203352,sense-voice,0.0,0.0,0.0,0.0
00203406,whisper-tiny,0.125,0.0625,0.0,0.0
00203406,whisper-base,0.0625,0.0,0.0,0.0
00203406,whisper-small,0.0,0.0,0.0,0.0
00203406,vosk-cn,0.0,0.0,0.0,0.0
00203406,wav2vec2-zh,0.0625,0.0,0.0625,0.0625
00203406,paraformer-zh,0.0,0.0,0.0,0.0
00203406,zipformer-zh-en,0.0,0.0,0.0,0.0
00203406,sense-voice,0.0,0.0,0.0,0.0
00203422,whisper-tiny,0.05,0.05,0.05,0.0
00203422,whisper-base,0.05,0.05,0.05,0.0
00203422,whisper-small,0.05,0.05,0.05,0.0
00203422,vosk-cn,0.1,0.05,0.05,0.0
00203422,wav2vec2-zh,0.05,0.05,0.05,0.0
00203422,paraformer-zh,0.05,0.05,0.05,0.0
00203422,zipformer-zh-en,0.05,0.05,0.05,0.0
00203422,sense-voice,0.05,0.05,0.05,0.0
00203509,whisper-tiny,0.25,0.1667,0.1667,0.1
00203509,whisper-base,0.4167,0.1667,0.25,0.3
00203509,whisper-small,0.0,0.0,0.0,0.0
00203509,vosk-cn,0.1667,0.0833,0.0833,0.0
00203509,wav2vec2-zh,0.6667,0.25,0.4167,0.3333333333333333
00203509,paraformer-zh,0.0833,0.0,0.0833,0.08333333333333333
00203509,zipformer-zh-en,0.1667,0.0833,0.0833,0.0
00203509,sense-voice,0.0,0.0,0.0,0.0
00203525,whisper-tiny,0.0,0.0,0.0,0.0
00203525,whisper-base,0.0,0.0,0.0,0.0
00203525,whisper-small,0.0,0.0,0.0,0.0
00203525,vosk-cn,0.0,0.0,0.0,0.0
00203525,wav2vec2-zh,0.25,0.1667,0.0833,0.0
00203525,paraformer-zh,0.0,0.0,0.0,0.0
00203525,zipformer-zh-en,0.0,0.0,0.0,0.0
00203525,sense-voice,0.0,0.0,0.0,0.0
00203612,whisper-tiny,0.0,0.0,0.0,0.0
00203612,whisper-base,0.0,0.0,0.0,0.0
00203612,whisper-small,0.0,0.0,0.0,0.0
00203612,vosk-cn,0.0,0.0,0.0,0.0
00203612,wav2vec2-zh,0.1538,0.0,0.0769,0.07692307692307693
00203612,paraformer-zh,0.0,0.0,0.0,0.0
00203612,zipformer-zh-en,0.0,0.0,0.0,0.0
00203612,sense-voice,0.0,0.0,0.0,0.0
00203628,whisper-tiny,0.3,0.3,0.0,0.0
00203628,whisper-base,0.2,0.2,0.1,0.0
00203628,whisper-small,0.1,0.1,0.0,0.0
00203628,vosk-cn,0.1,0.1,0.0,0.0
00203628,wav2vec2-zh,0.1,0.1,0.0,0.0
00203628,paraformer-zh,0.1,0.1,0.0,0.0
00203628,zipformer-zh-en,0.1,0.1,0.0,0.0
00203628,sense-voice,0.1,0.1,0.0,0.0
00203644,whisper-tiny,0.4444,0.1111,0.2222,0.125
00203644,whisper-base,0.4444,0.1111,0.3333,0.25
00203644,whisper-small,0.3333,0.1111,0.3333,0.25
00203644,vosk-cn,0.2222,0.1111,0.1111,0.0
00203644,wav2vec2-zh,0.4444,0.1111,0.2222,0.125
00203644,paraformer-zh,0.1111,0.1111,0.1111,0.0
00203644,zipformer-zh-en,0.1111,0.1111,0.1111,0.0
00203644,sense-voice,0.1111,0.1111,0.1111,0.0
00203660,whisper-tiny,0.3,0.2,0.1,0.125
00203660,whisper-base,0.2,0.1,0.1,0.1111111111111111
00203660,whisper-small,0.2,0.1,0.1,0.1111111111111111
00203660,vosk-cn,0.1,0.1,0.1,0.0
00203660,wav2vec2-zh,0.2,0.1,0.1,0.1111111111111111
00203660,paraformer-zh,0.0,0.0,0.0,0.0
00203660,zipformer-zh-en,0.3,0.1,0.1,0.1111111111111111
00203660,sense-voice,0.0,0.0,0.0,0.0
00203714,whisper-tiny,0.4211,0.2632,0.2105,0.07142857142857142
00203714,whisper-base,0.4211,0.3158,0.3158,0.07692307692307693
00203714,whisper-small,0.2105,0.2105,0.2105,0.0
00203714,vosk-cn,0.4737,0.4211,0.3158,0.0
00203714,wav2vec2-zh,0.5789,0.4211,0.3158,0.09090909090909091
00203714,paraformer-zh,0.2105,0.1579,0.1579,0.0
00203714,zipformer-zh-en,0.3684,0.2105,0.2632,0.06666666666666667
00203714,sense-voice,0.1579,0.1579,0.1579,0.0
00203730,whisper-tiny,0.6364,0.4545,0.4545,0.3333333333333333
00203730,whisper-base,0.4545,0.2727,0.2727,0.25
00203730,whisper-small,0.6364,0.4545,0.5455,0.3333333333333333
00203730,vosk-cn,0.4545,0.3636,0.3636,0.14285714285714285
00203730,wav2vec2-zh,0.5455,0.3636,0.4545,0.2857142857142857
00203730,paraformer-zh,0.3636,0.2727,0.2727,0.125
00203730,zipformer-zh-en,0.4545,0.1818,0.3636,0.2222222222222222
00203730,sense-voice,0.3636,0.2727,0.2727,0.125
00203746,whisper-tiny,0.0,0.0,0.0,0.0
00203746,whisper-base,0.0,0.0,0.0,0.0
00203746,whisper-small,0.0,0.0,0.0,0.0
00203746,vosk-cn,0.5714,0.4286,0.5714,0.2
00203746,wav2vec2-zh,0.2857,0.1429,0.2857,0.16666666666666666
00203746,paraformer-zh,0.0,0.0,0.0,0.0
00203746,zipformer-zh-en,0.0,0.0,0.0,0.0
00203746,sense-voice,0.0,0.0,0.0,0.0
00203762,whisper-tiny,0.6,0.4667,0.3333,0.125
00203762,whisper-base,0.4667,0.3333,0.2667,0.1
00203762,whisper-small,0.4,0.2667,0.3333,0.18181818181818182
00203762,vosk-cn,0.6667,0.5333,0.4667,0.2857142857142857
00203762,wav2vec2-zh,0.4667,0.3333,0.3333,0.2
00203762,paraformer-zh,0.4,0.3333,0.3333,0.1
00203762,zipformer-zh-en,0.3333,0.2,0.3333,0.16666666666666666
00203762,sense-voice,0.4,0.2667,0.3333,0.18181818181818182
00203816,whisper-tiny,0.375,0.25,0.25,0.16666666666666666
00203816,whisper-base,0.375,0.125,0.25,0.2857142857142857
00203816,whisper-small,0.25,0.125,0.125,0.14285714285714285
00203816,vosk-cn,0.625,0.375,0.5,0.4
00203816,wav2vec2-zh,0.375,0.125,0.25,0.2857142857142857
00203816,paraformer-zh,0.125,0.0,0.125,0.125
00203816,zipformer-zh-en,0.125,0.0,0.125,0.125
00203816,sense-voice,0.125,0.0,0.125,0.125
00203832,whisper-tiny,0.4,0.2,0.4,0.25
00203832,whisper-base,0.2,0.0,0.2,0.2
00203832,whisper-small,0.2,0.0,0.0,0.0
00203832,vosk-cn,0.0,0.0,0.0,0.0
00203832,wav2vec2-zh,0.0,0.0,0.0,0.0
00203832,paraformer-zh,0.0,0.0,0.0,0.0
00203832,zipformer-zh-en,0.0,0.0,0.0,0.0
00203832,sense-voice,0.0,0.0,0.0,0.0
00203848,whisper-tiny,0.1905,0.1429,0.0476,0.0
00203848,whisper-base,0.1905,0.1429,0.0952,0.05555555555555555
00203848,whisper-small,0.2857,0.1429,0.1429,0.1111111111111111
00203848,vosk-cn,0.381,0.3333,0.3333,0.05555555555555555
00203848,wav2vec2-zh,0.381,0.2381,0.1905,0.05263157894736842
00203848,paraformer-zh,0.2857,0.2857,0.2381,0.0
00203848,zipformer-zh-en,0.381,0.3333,0.381,0.05555555555555555
00203848,sense-voice,0.2857,0.2857,0.2857,0.0
00203902,whisper-tiny,0.2222,0.1111,0.2222,0.125
00203902,whisper-base,0.0,0.0,0.0,0.0
00203902,whisper-small,0.0,0.0,0.0,0.0
00203902,vosk-cn,0.6667,0.4444,0.5556,0.3333333333333333
00203902,wav2vec2-zh,0.2222,0.0,0.2222,0.2222222222222222
00203902,paraformer-zh,0.0,0.0,0.0,0.0
00203902,zipformer-zh-en,0.0,0.0,0.0,0.0
00203902,sense-voice,0.0,0.0,0.0,0.0
00203918,whisper-tiny,0.6364,0.1818,0.5455,0.4444444444444444
00203918,whisper-base,0.2727,0.1818,0.1818,0.1111111111111111
00203918,whisper-small,0.2727,0.0909,0.2727,0.2
00203918,vosk-cn,0.6364,0.5455,0.6364,0.2
00203918,wav2vec2-zh,0.6364,0.1818,0.5455,0.5555555555555556
00203918,paraformer-zh,0.0909,0.0909,0.0909,0.0
00203918,zipformer-zh-en,0.6364,0.1818,0.4545,0.3333333333333333
00203918,sense-voice,0.0909,0.0909,0.0909,0.0
00203934,whisper-tiny,0.7778,0.6667,0.6667,0.25
00203934,whisper-base,0.2222,0.2222,0.2222,0.0
00203934,whisper-small,0.3333,0.1111,0.3333,0.25
00203934,vosk-cn,0.8889,0.7778,0.7778,0.3333333333333333
00203934,wav2vec2-zh,1.0,0.5556,0.7778,0.8
00203934,paraformer-zh,0.1111,0.1111,0.1111,0.0
00203934,zipformer-zh-en,1.0,1.0,1.0,
00203934,sense-voice,0.1111,0.1111,0.1111,0.0
00203950,whisper-tiny,0.5,0.3333,0.1667,0.0
00203950,whisper-base,0.3333,0.1667,0.1667,0.1
00203950,whisper-small,0.3333,0.0833,0.0,0.0
00203950,vosk-cn,0.75,0.5,0.5833,0.5
00203950,wav2vec2-zh,0.75,0.25,0.4167,0.3333333333333333
00203950,paraformer-zh,0.1667,0.0833,0.0833,0.09090909090909091
00203950,zipformer-zh-en,0.25,0.1667,0.1667,0.1
00203950,sense-voice,0.1667,0.0833,0.0,0.0
00204004,whisper-tiny,0.3,0.3,0.2,0.0
00204004,whisper-base,0.4,0.4,0.3,0.0
00204004,whisper-small,0.2,0.2,0.1,0.0
00204004,vosk-cn,0.3,0.3,0.3,0.0
00204004,wav2vec2-zh,0.4,0.4,0.3,0.0
00204004,paraformer-zh,0.2,0.2,0.2,0.0
00204004,zipformer-zh-en,0.1,0.1,0.1,0.0
00204004,sense-voice,0.1,0.1,0.1,0.0
00204020,whisper-tiny,0.6667,0.3333,0.5556,0.375
00204020,whisper-base,0.6667,0.3333,0.4444,0.375
00204020,whisper-small,0.1111,0.0,0.1111,0.1111111111111111
00204020,vosk-cn,0.6667,0.4444,0.4444,0.16666666666666666
00204020,wav2vec2-zh,0.7778,0.1111,0.6667,0.5555555555555556
00204020,paraformer-zh,0.2222,0.2222,0.2222,0.1111111111111111
00204020,zipformer-zh-en,0.8889,0.6667,0.6667,0.4
00204020,sense-voice,0.3333,0.2222,0.2222,0.2222222222222222
00204036,whisper-tiny,0.2727,0.0909,0.1818,0.1
00204036,whisper-base,0.1818,0.0,0.1818,0.18181818181818182
00204036,whisper-small,0.0,0.0,0.0,0.0
00204036,vosk-cn,0.3636,0.2727,0.3636,0.1111111111111111
00204036,wav2vec2-zh,0.3636,0.2727,0.3636,0.125
00204036,paraformer-zh,0.0909,0.0909,0.0909,0.0
00204036,zipformer-zh-en,0.2727,0.0909,0.1818,0.18181818181818182
00204036,sense-voice,0.1818,0.0909,0.1818,0.09090909090909091
00204052,whisper-tiny,0.25,0.0625,0.25,0.2
00204052,whisper-base,0.1875,0.0625,0.1875,0.13333333333333333
00204052,whisper-small,0.0,0.0,0.0,0.0
00204052,vosk-cn,0.0,0.0,0.0,0.0
00204052,wav2vec2-zh,0.25,0.125,0.25,0.14285714285714285
00204052,paraformer-zh,0.0,0.0,0.0,0.0
00204052,zipformer-zh-en,0.125,0.0625,0.125,0.06666666666666667
00204052,sense-voice,0.0,0.0,0.0,0.0
00204106,whisper-tiny,0.0625,0.0625,0.0625,0.0
00204106,whisper-base,0.125,0.125,0.0625,0.0
00204106,whisper-small,0.0625,0.0625,0.0625,0.0
00204106,vosk-cn,0.1875,0.1875,0.125,0.0
00204106,wav2vec2-zh,0.25,0.1875,0.0625,0.0
00204106,paraformer-zh,0.0625,0.0625,0.0625,0.0
00204106,zipformer-zh-en,0.0625,0.0625,0.0625,0.0
00204106,sense-voice,0.0,0.0,0.0,0.0
00204122,whisper-tiny,0.15,0.1,0.15,0.05555555555555555
00204122,whisper-base,0.05,0.05,0.05,0.0
00204122,whisper-small,0.05,0.05,0.05,0.0
00204122,vosk-cn,0.2,0.15,0.15,0.0
00204122,wav2vec2-zh,0.15,0.15,0.15,0.0
00204122,paraformer-zh,0.1,0.1,0.05,0.0
00204122,zipformer-zh-en,0.1,0.1,0.1,0.0
00204122,sense-voice,0.1,0.1,0.1,0.0
00204138,whisper-tiny,0.4444,0.2222,0.2222,0.1111111111111111
00204138,whisper-base,0.4444,0.3333,0.2222,0.0
00204138,whisper-small,0.0,0.0,0.0,0.0
00204138,vosk-cn,0.3333,0.3333,0.2222,0.0
00204138,wav2vec2-zh,0.3333,0.2222,0.2222,0.1111111111111111
00204138,paraformer-zh,0.2222,0.2222,0.2222,0.0
00204138,zipformer-zh-en,0.2222,0.2222,0.2222,0.0
00204138,sense-voice,0.2222,0.2222,0.2222,0.0
00204154,whisper-tiny,0.5,0.2222,0.3889,0.26666666666666666
00204154,whisper-base,0.2778,0.1667,0.2222,0.06666666666666667
00204154,whisper-small,0.0556,0.0556,0.0556,0.0
00204154,vosk-cn,0.2778,0.2222,0.2222,0.06666666666666667
00204154,wav2vec2-zh,0.3889,0.1111,0.2778,0.25
00204154,paraformer-zh,0.0556,0.0556,0.0556,0.0
00204154,zipformer-zh-en,0.4444,0.1667,0.1667,0.125
00204154,sense-voice,0.0556,0.0556,0.0556,0.0
00204208,whisper-tiny,0.0,0.0,0.0,0.0
00204208,whisper-base,0.0,0.0,0.0,0.0
00204208,whisper-small,0.2222,0.0,0.2222,0.2222222222222222
00204208,vosk-cn,0.1111,0.1111,0.1111,0.0
00204208,wav2vec2-zh,0.2222,0.0,0.1111,0.1111111111111111
00204208,paraformer-zh,0.0,0.0,0.0,0.0
00204208,zipformer-zh-en,0.2222,0.1111,0.2222,0.125
00204208,sense-voice,0.0,0.0,0.0,0.0
00204224,whisper-tiny,0.25,0.25,0.25,0.0
00204224,whisper-base,0.1667,0.0833,0.1667,0.09090909090909091
00204224,whisper-small,0.1667,0.0833,0.1667,0.09090909090909091
00204224,vosk-cn,0.25,0.25,0.0833,0.0
00204224,wav2vec2-zh,0.4167,0.0833,0.4167,0.36363636363636365
00204224,paraformer-zh,0.0833,0.0833,0.0833,0.0
00204224,zipformer-zh-en,0.1667,0.0833,0.1667,0.09090909090909091
00204224,sense-voice,0.0833,0.0833,0.0,0.0
00204240,whisper-tiny,0.4545,0.3636,0.3636,0.14285714285714285
00204240,whisper-base,0.2727,0.1818,0.2727,0.1111111111111111
00204240,whisper-small,0.3636,0.1818,0.3636,0.2222222222222222
00204240,vosk-cn,0.2727,0.2727,0.3636,0.125
00204240,wav2vec2-zh,0.5455,0.3636,0.5455,0.2857142857142857
00204240,paraformer-zh,0.5455,0.3636,0.4545,0.14285714285714285
00204240,zipformer-zh-en,0.6364,0.3636,0.5455,0.42857142857142855
00204240,sense-voice,0.3636,0.3636,0.4545,0.14285714285714285
00204256,whisper-tiny,0.1667,0.1667,0.1667,0.0
00204256,whisper-base,0.1667,0.1667,0.1667,0.0
00204256,whisper-small,0.25,0.25,0.1667,0.0
00204256,vosk-cn,0.0833,0.0833,0.0833,0.0
00204256,wav2vec2-zh,0.1667,0.1667,0.1667,0.0
00204256,paraformer-zh,0.0833,0.0833,0.0833,0.0
00204256,zipformer-zh-en,0.1667,0.1667,0.1667,0.0
00204256,sense-voice,0.1667,0.1667,0.1667,0.0
00204310,whisper-tiny,0.3571,0.2143,0.2857,0.09090909090909091
00204310,whisper-base,0.7143,0.3571,0.5,0.25
00204310,whisper-small,0.5714,0.3571,0.5,0.16666666666666666
00204310,vosk-cn,0.6429,0.5,0.5714,0.1
00204310,wav2vec2-zh,0.7143,0.4286,0.5,0.3
00204310,paraformer-zh,0.3571,0.2857,0.2857,0.07692307692307693
00204310,zipformer-zh-en,0.6429,0.4286,0.5,0.16666666666666666
00204310,sense-voice,0.4286,0.2857,0.3571,0.15384615384615385
00204327,whisper-tiny,0.3333,0.1667,0.25,0.16666666666666666
00204327,whisper-base,0.5,0.25,0.4167,0.36363636363636365
00204327,whisper-small,0.3333,0.1667,0.3333,0.25
00204327,vosk-cn,0.5,0.3333,0.3333,0.2
00204327,wav2vec2-zh,0.4167,0.25,0.3333,0.2
00204327,paraformer-zh,0.3333,0.3333,0.1667,0.1
00204327,zipformer-zh-en,0.5,0.25,0.4167,0.36363636363636365
00204327,sense-voice,0.1667,0.1667,0.1667,0.0
00204343,whisper-tiny,0.625,0.625,0.5,0.0
00204343,whisper-base,0.75,0.625,0.375,0.0
00204343,whisper-small,1.0,0.75,0.625,0.3333333333333333
00204343,vosk-cn,0.375,0.25,0.25,0.16666666666666666
00204343,wav2vec2-zh,0.875,0.625,0.75,0.6666666666666666
00204343,paraformer-zh,0.5,0.5,0.375,0.0
00204343,zipformer-zh-en,1.0,0.625,0.75,0.5
00204343,sense-voice,0.25,0.125,0.25,0.14285714285714285
00204359,whisper-tiny,0.7333,0.4667,0.5333,0.36363636363636365
00204359,whisper-base,0.6667,0.3333,0.5333,0.3076923076923077
00204359,whisper-small,0.5333,0.2667,0.3333,0.2727272727272727
00204359,vosk-cn,0.9333,0.6,0.6667,0.3333333333333333
00204359,wav2vec2-zh,0.7333,0.2667,0.4,0.5
00204359,paraformer-zh,0.4,0.4,0.4,0.0
00204359,zipformer-zh-en,0.8667,0.4667,0.5333,0.46153846153846156
00204359,sense-voice,0.9333,0.9333,0.8667,0.0
00204413,whisper-tiny,0.4545,0.4545,0.2727,0.0
00204413,whisper-base,0.7273,0.5455,0.1818,0.0
00204413,whisper-small,0.4545,0.4545,0.0909,0.0
00204413,vosk-cn,0.4545,0.4545,0.1818,0.0
00204413,wav2vec2-zh,0.7273,0.5455,0.2727,0.2
00204413,paraformer-zh,0.2727,0.2727,0.0909,0.0
00204413,zipformer-zh-en,0.5455,0.5455,0.3636,0.0
00204413,sense-voice,0.0909,0.0909,0.0909,0.0
00204429,whisper-tiny,0.3846,0.3077,0.3077,0.1111111111111111
00204429,whisper-base,0.4615,0.3846,0.3077,0.1111111111111111
00204429,whisper-small,0.4615,0.3077,0.4615,0.2222222222222222
00204429,vosk-cn,0.5385,0.3846,0.4615,0.25
00204429,wav2vec2-zh,0.6923,0.4615,0.6154,0.42857142857142855
00204429,paraformer-zh,0.6154,0.3846,0.5385,0.375
00204429,zipformer-zh-en,0.7692,0.5385,0.5385,0.5
00204429,sense-voice,0.5385,0.3077,0.5385,0.3333333333333333
00204445,whisper-tiny,0.4667,0.3333,0.3333,0.2
00204445,whisper-base,0.4667,0.3333,0.3333,0.2
00204445,whisper-small,0.4667,0.3333,0.4,0.1
00204445,vosk-cn,0.5333,0.4667,0.4,0.25
00204445,wav2vec2-zh,0.4667,0.2667,0.3333,0.36363636363636365
00204445,paraformer-zh,0.4,0.4,0.3333,0.1111111111111111
00204445,zipformer-zh-en,0.4,0.3333,0.4,0.1
00204445,sense-voice,0.3333,0.2667,0.3333,0.09090909090909091
00204461,whisper-tiny,0.5,0.4,0.4,0.0
00204461,whisper-base,0.9,0.7,0.6,0.3333333333333333
00204461,whisper-small,0.5,0.5,0.4,0.0
00204461,vosk-cn,0.3,0.3,0.2,0.0
00204461,wav2vec2-zh,0.7,0.6,0.5,0.25
00204461,paraformer-zh,0.9,0.6,0.6,0.5
00204461,zipformer-zh-en,0.7,0.6,0.4,0.0
00204461,sense-voice,0.7,0.6,0.6,0.0
00204515,whisper-tiny,0.3333,0.2222,0.2778,0.058823529411764705
00204515,whisper-base,0.4444,0.3333,0.3889,0.0625
00204515,whisper-small,0.1667,0.0556,0.1111,0.058823529411764705
00204515,vosk-cn,0.6111,0.5556,0.6111,0.08333333333333333
00204515,wav2vec2-zh,0.6111,0.3333,0.5,0.3076923076923077
00204515,paraformer-zh,0.2222,0.1667,0.1667,0.0
00204515,zipformer-zh-en,0.6111,0.4444,0.5,0.14285714285714285
00204515,sense-voice,0.3333,0.2778,0.2778,0.0
00204531,whisper-tiny,0.1111,0.1111,0.1111,0.0
00204531,whisper-base,0.0,0.0,0.0,0.0
00204531,whisper-small,0.3333,0.2222,0.2222,0.125
00204531,vosk-cn,0.4444,0.3333,0.3333,0.16666666666666666
00204531,wav2vec2-zh,0.6667,0.2222,0.4444,0.42857142857142855
00204531,paraformer-zh,0.0,0.0,0.0,0.0
00204531,zipformer-zh-en,0.3333,0.1111,0.3333,0.25
00204531,sense-voice,0.1111,0.0,0.1111,0.1111111111111111
00204547,whisper-tiny,0.4167,0.1667,0.1667,0.09090909090909091
00204547,whisper-base,0.4167,0.1667,0.0833,0.0
00204547,whisper-small,0.25,0.1667,0.0833,0.1
00204547,vosk-cn,0.75,0.5,0.4167,0.14285714285714285
00204547,wav2vec2-zh,0.4167,0.1667,0.1667,0.1
00204547,paraformer-zh,0.1667,0.1667,0.0833,0.0
00204547,zipformer-zh-en,0.1667,0.1667,0.0833,0.0
00204547,sense-voice,0.1667,0.1667,0.0833,0.0
00204601,whisper-tiny,0.2727,0.0,0.0909,0.09090909090909091
00204601,whisper-base,0.2727,0.0,0.0909,0.09090909090909091
00204601,whisper-small,0.3636,0.0909,0.0909,0.1
00204601,vosk-cn,0.2727,0.0909,0.0909,0.0
00204601,wav2vec2-zh,0.2727,0.0909,0.1818,0.1
00204601,paraformer-zh,0.1818,0.0909,0.0909,0.0
00204601,zipformer-zh-en,0.2727,0.0909,0.0909,0.0
00204601,sense-voice,0.1818,0.0909,0.0909,0.0
00204617,whisper-tiny,0.7778,0.5556,0.5556,0.3333333333333333
00204617,whisper-base,0.4444,0.3333,0.3333,0.125
00204617,whisper-small,0.3333,0.1111,0.3333,0.25
00204617,vosk-cn,0.5556,0.4444,0.3333,0.3333333333333333
00204617,wav2vec2-zh,0.6667,0.2222,0.4444,0.42857142857142855
00204617,paraformer-zh,0.3333,0.2222,0.3333,0.1111111111111111
00204617,zipformer-zh-en,0.5556,0.3333,0.4444,0.25
00204617,sense-voice,0.5556,0.3333,0.4444,0.25
00204633,whisper-tiny,0.1667,0.0,0.1667,0.16666666666666666
00204633,whisper-base,0.3333,0.1667,0.1667,0.2
00204633,whisper-small,0.0,0.0,0.0,0.0
00204633,vosk-cn,0.3333,0.3333,0.1667,0.0
00204633,wav2vec2-zh,0.3333,0.0,0.3333,0.3333333333333333
00204633,paraformer-zh,0.0,0.0,0.0,0.0
00204633,zipformer-zh-en,0.3333,0.1667,0.1667,0.2
00204633,sense-voice,0.0,0.0,0.0,0.0
00204649,whisper-tiny,0.3333,0.2667,0.2667,0.09090909090909091
00204649,whisper-base,0.3333,0.1333,0.3333,0.23076923076923078
00204649,whisper-small,0.2,0.0667,0.2,0.14285714285714285
00204649,vosk-cn,0.3333,0.2667,0.3333,0.09090909090909091
00204649,wav2vec2-zh,0.4,0.0667,0.3333,0.2857142857142857
00204649,paraformer-zh,0.0667,0.0667,0.0667,0.0
00204649,zipformer-zh-en,0.4,0.2,0.3333,0.16666666666666666
00204649,sense-voice,0.1333,0.1333,0.1333,0.0
00200102,whisper-tiny,0.1667,0.1667,0.1667,0.0
00200102,whisper-base,0.1667,0.1667,0.1667,0.0
00200102,whisper-small,0.3333,0.3333,0.1667,0.0
00200102,vosk-cn,0.5,0.5,0.3333,0.0
00200102,wav2vec2-zh,0.1667,0.1667,0.0,0.0
00200102,paraformer-zh,0.1667,0.1667,0.1667,0.0
00200102,zipformer-zh-en,0.3333,0.3333,0.1667,0.0
00200102,sense-voice,0.0,0.0,0.0,0.0
00200118,whisper-tiny,0.0833,0.0833,0.0833,0.0
00200118,whisper-base,0.0,0.0,0.0,0.0
00200118,whisper-small,0.0,0.0,0.0,0.0
00200118,vosk-cn,0.0,0.0,0.0,0.0
00200118,wav2vec2-zh,0.1667,0.1667,0.0,0.0
00200118,paraformer-zh,0.0,0.0,0.0,0.0
00200118,zipformer-zh-en,0.0,0.0,0.0,0.0
00200118,sense-voice,0.0,0.0,0.0,0.0
00200214,whisper-tiny,0.2222,0.1111,0.2222,0.125
00200214,whisper-base,0.0,0.0,0.0,0.0
00200214,whisper-small,0.0,0.0,0.0,0.0
00200214,vosk-cn,0.1111,0.1111,0.0,0.0
00200214,wav2vec2-zh,0.3333,0.3333,0.3333,0.0
00200214,paraformer-zh,0.0,0.0,0.0,0.0
00200214,zipformer-zh-en,0.0,0.0,0.0,0.0
00200214,sense-voice,0.0,0.0,0.0,0.0
00200310,whisper-tiny,0.5,0.0,0.25,0.25
00200310,whisper-base,0.125,0.0,0.125,0.125
00200310,whisper-small,0.25,0.0,0.125,0.125
00200310,vosk-cn,0.125,0.0,0.125,0.125
00200310,wav2vec2-zh,0.25,0.125,0.25,0.14285714285714285
00200310,paraformer-zh,0.0,0.0,0.0,0.0
00200310,zipformer-zh-en,0.125,0.0,0.125,0.125
00200310,sense-voice,0.0,0.0,0.0,0.0
00200406,whisper-tiny,0.2727,0.0909,0.1818,0.2
00200406,whisper-base,0.1818,0.0909,0.0909,0.1
00200406,whisper-small,0.0,0.0,0.0,0.0
00200406,vosk-cn,0.0,0.0,0.0,0.0
00200406,wav2vec2-zh,0.2727,0.0909,0.1818,0.2
00200406,paraformer-zh,0.1818,0.0,0.1818,0.18181818181818182
00200406,zipformer-zh-en,0.1818,0.0,0.1818,0.18181818181818182
00200406,sense-voice,0.0909,0.0,0.0909,0.09090909090909091
00200502,whisper-tiny,0.3333,0.1667,0.1667,0.2
00200502,whisper-base,0.3333,0.3333,0.0,0.0
00200502,whisper-small,0.0,0.0,0.0,0.0
00200502,vosk-cn,0.5,0.5,0.1667,0.0
00200502,wav2vec2-zh,0.3333,0.1667,0.1667,0.0
00200502,paraformer-zh,0.1667,0.1667,0.1667,0.0
00200502,zipformer-zh-en,0.1667,0.1667,0.1667,0.0
00200502,sense-voice,0.1667,0.1667,0.1667,0.0
00200518,whisper-tiny,0.25,0.1667,0.0833,0.0
00200518,whisper-base,0.1667,0.0833,0.0833,0.09090909090909091
00200518,whisper-small,0.1667,0.1667,0.0833,0.0
00200518,vosk-cn,0.0833,0.0833,0.0,0.0
00200518,wav2vec2-zh,0.25,0.25,0.1667,0.0
00200518,paraformer-zh,0.0833,0.0833,0.0,0.0
00200518,zipformer-zh-en,0.1667,0.1667,0.0833,0.0
00200518,sense-voice,0.0,0.0,0.0,0.0
00200614,whisper-tiny,0.5556,0.3333,0.5556,0.3333333333333333
00200614,whisper-base,0.3333,0.0,0.3333,0.3333333333333333
00200614,whisper-small,0.4444,0.1111,0.4444,0.375
00200614,vosk-cn,0.3333,0.0,0.3333,0.3333333333333333
00200614,wav2vec2-zh,0.3333,0.1111,0.3333,0.25
00200614,paraformer-zh,0.3333,0.1111,0.3333,0.25
00200614,zipformer-zh-en,0.3333,0.1111,0.3333,0.25
00200614,sense-voice,0.3333,0.0,0.3333,0.3333333333333333
00200710,whisper-tiny,0.25,0.125,0.25,0.14285714285714285
00200710,whisper-base,0.0,0.0,0.0,0.0
00200710,whisper-small,0.125,0.0,0.0,0.0
00200710,vosk-cn,0.0,0.0,0.0,0.0
00200710,wav2vec2-zh,0.125,0.125,0.0,0.0
00200710,paraformer-zh,0.0,0.0,0.0,0.0
00200710,zipformer-zh-en,0.125,0.0,0.0,0.0
00200710,sense-voice,0.0,0.0,0.0,0.0
00200806,whisper-tiny,0.2727,0.0909,0.1818,0.2
00200806,whisper-base,0.1818,0.0909,0.0909,0.1
00200806,whisper-small,0.0909,0.0909,0.0,0.0
00200806,vosk-cn,0.0,0.0,0.0,0.0
00200806,wav2vec2-zh,0.3636,0.2727,0.1818,0.125
00200806,paraformer-zh,0.0,0.0,0.0,0.0
00200806,zipformer-zh-en,0.0909,0.0909,0.0,0.0
00200806,sense-voice,0.0,0.0,0.0,0.0
00200902,whisper-tiny,0.1667,0.1667,0.1667,0.0
00200902,whisper-base,0.1667,0.1667,0.1667,0.0
00200902,whisper-small,0.1667,0.1667,0.1667,0.0
00200902,vosk-cn,0.0,0.0,0.0,0.0
00200902,wav2vec2-zh,0.1667,0.1667,0.1667,0.0
00200902,paraformer-zh,0.0,0.0,0.0,0.0
00200902,zipformer-zh-en,0.0,0.0,0.0,0.0
00200902,sense-voice,0.0,0.0,0.0,0.0
00200918,whisper-tiny,0.0,0.0,0.0,0.0
00200918,whisper-base,0.0,0.0,0.0,0.0
00200918,whisper-small,0.0,0.0,0.0,0.0
00200918,vosk-cn,0.0,0.0,0.0,0.0
00200918,wav2vec2-zh,0.0,0.0,0.0,0.0
00200918,paraformer-zh,0.0,0.0,0.0,0.0
00200918,zipformer-zh-en,0.0,0.0,0.0,0.0
00200918,sense-voice,0.0,0.0,0.0,0.0
00201014,whisper-tiny,0.0,0.0,0.0,0.0
00201014,whisper-base,0.0,0.0,0.0,0.0
00201014,whisper-small,0.0,0.0,0.0,0.0
00201014,vosk-cn,0.2222,0.2222,0.2222,0.0
00201014,wav2vec2-zh,0.3333,0.2222,0.2222,0.125
00201014,paraformer-zh,0.0,0.0,0.0,0.0
00201014,zipformer-zh-en,0.1111,0.0,0.1111,0.1111111111111111
00201014,sense-voice,0.0,0.0,0.0,0.0
00201110,whisper-tiny,0.25,0.0,0.25,0.25
00201110,whisper-base,0.375,0.125,0.375,0.2857142857142857
00201110,whisper-small,0.125,0.0,0.125,0.125
00201110,vosk-cn,0.0,0.0,0.0,0.0
00201110,wav2vec2-zh,0.375,0.0,0.375,0.375
00201110,paraformer-zh,0.0,0.0,0.0,0.0
00201110,zipformer-zh-en,0.375,0.0,0.375,0.375
00201110,sense-voice,0.0,0.0,0.0,0.0
00201206,whisper-tiny,0.1818,0.0,0.1818,0.18181818181818182
00201206,whisper-base,0.1818,0.0909,0.0909,0.1
00201206,whisper-small,0.1818,0.0,0.1818,0.18181818181818182
00201206,vosk-cn,0.0,0.0,0.0,0.0
00201206,wav2vec2-zh,0.2727,0.0909,0.1818,0.2
00201206,paraformer-zh,0.0,0.0,0.0,0.0
00201206,zipformer-zh-en,0.0909,0.0,0.0909,0.09090909090909091
00201206,sense-voice,0.0,0.0,0.0,0.0
00201302,whisper-tiny,0.3333,0.0,0.1667,0.16666666666666666
00201302,whisper-base,0.1667,0.1667,0.1667,0.0
00201302,whisper-small,0.3333,0.0,0.1667,0.16666666666666666
00201302,vosk-cn,0.0,0.0,0.0,0.0
00201302,wav2vec2-zh,0.5,0.1667,0.5,0.4
00201302,paraformer-zh,0.0,0.0,0.0,0.0
00201302,zipformer-zh-en,0.1667,0.1667,0.1667,0.0
00201302,sense-voice,0.0,0.0,0.0,0.0
00201318,whisper-tiny,0.0,0.0,0.0,0.0
00201318,whisper-base,0.0,0.0,0.0,0.0
00201318,whisper-small,0.1667,0.0833,0.1667,0.09090909090909091
00201318,vosk-cn,0.0,0.0,0.0,0.0
00201318,wav2vec2-zh,0.25,0.0,0.25,0.25
00201318,paraformer-zh,0.0,0.0,0.0,0.0
00201318,zipformer-zh-en,0.0,0.0,0.0,0.0
00201318,sense-voice,0.0,0.0,0.0,0.0
00201414,whisper-tiny,0.1111,0.1111,0.1111,0.0
00201414,whisper-base,0.2222,0.1111,0.2222,0.125
00201414,whisper-small,0.1111,0.1111,0.1111,0.0
00201414,vosk-cn,0.0,0.0,0.0,0.0
00201414,wav2vec2-zh,0.0,0.0,0.0,0.0
00201414,paraformer-zh,0.0,0.0,0.0,0.0
00201414,zipformer-zh-en,0.0,0.0,0.0,0.0
00201414,sense-voice,0.0,0.0,0.0,0.0
00201510,whisper-tiny,0.75,0.375,0.75,0.6
00201510,whisper-base,0.875,0.5,0.75,0.4
00201510,whisper-small,0.75,0.5,0.5,0.5
00201510,vosk-cn,0.375,0.25,0.375,0.16666666666666666
00201510,wav2vec2-zh,0.625,0.375,0.625,0.4
00201510,paraformer-zh,0.25,0.25,0.125,0.0
00201510,zipformer-zh-en,0.625,0.375,0.625,0.4
00201510,sense-voice,0.375,0.25,0.25,0.16666666666666666
00201606,whisper-tiny,0.2727,0.1818,0.1818,0.1
00201606,whisper-base,0.0909,0.0909,0.0909,0.0
00201606,whisper-small,0.0909,0.0909,0.0909,0.0
00201606,vosk-cn,0.0909,0.0909,0.0909,0.0
00201606,wav2vec2-zh,0.2727,0.2727,0.1818,0.0
00201606,paraformer-zh,0.1818,0.1818,0.1818,0.0
00201606,zipformer-zh-en,0.1818,0.1818,0.1818,0.0
00201606,sense-voice,0.1818,0.1818,0.1818,0.0
00201731,whisper-tiny,1.1111,0.7778,0.8889,0.6
00201731,whisper-base,0.4444,0.3333,0.2222,0.16666666666666666
00201731,whisper-small,0.4444,0.2222,0.3333,0.2857142857142857
00201731,vosk-cn,0.6667,0.4444,0.5556,0.25
00201731,wav2vec2-zh,0.5556,0.3333,0.3333,0.2857142857142857
00201731,paraformer-zh,0.4444,0.4444,0.4444,0.0
00201731,zipformer-zh-en,0.6667,0.4444,0.3333,0.2857142857142857
00201731,sense-voice,0.5556,0.4444,0.4444,0.125
00201747,whisper-tiny,0.1818,0.0,0.1818,0.18181818181818182
00201747,whisper-base,0.0,0.0,0.0,0.0
00201747,whisper-small,0.0,0.0,0.0,0.0
00201747,vosk-cn,0.0909,0.0909,0.0909,0.0
00201747,wav2vec2-zh,0.1818,0.0,0.1818,0.18181818181818182
00201747,paraformer-zh,0.0,0.0,0.0,0.0
00201747,zipformer-zh-en,0.0909,0.0909,0.0909,0.0
00201747,sense-voice,0.0,0.0,0.0,0.0
00201805,whisper-tiny,0.5,0.3333,0.5,0.25
00201805,whisper-base,0.3333,0.1667,0.3333,0.2
00201805,whisper-small,0.0,0.0,0.0,0.0
00201805,vosk-cn,0.3333,0.3333,0.1667,0.0
00201805,wav2vec2-zh,0.6667,0.3333,0.5,0.25
00201805,paraformer-zh,0.3333,0.1667,0.3333,0.2
00201805,zipformer-zh-en,0.3333,0.3333,0.3333,0.0
00201805,sense-voice,0.3333,0.1667,0.3333,0.2
00201901,whisper-tiny,1.0,0.8,0.8,0.5
00201901,whisper-base,0.4,0.4,0.4,0.0
00201901,whisper-small,0.0,0.0,0.0,0.0
00201901,vosk-cn,0.8,0.8,0.6,0.0
00201901,wav2vec2-zh,0.4,0.4,0.2,0.0
00201901,paraformer-zh,0.2,0.2,0.0,0.0
00201901,zipformer-zh-en,0.0,0.0,0.0,0.0
00201901,sense-voice,0.0,0.0,0.0,0.0
00201917,whisper-tiny,0.8,0.4,0.4,0.6666666666666666
00201917,whisper-base,0.2,0.2,0.2,0.0
00201917,whisper-small,0.4,0.2,0.4,0.25
00201917,vosk-cn,1.2,1.0,0.8,1.0
00201917,wav2vec2-zh,0.4,0.4,0.4,0.0
00201917,paraformer-zh,0.4,0.4,0.4,0.0
00201917,zipformer-zh-en,0.4,0.4,0.4,0.0
00201917,sense-voice,0.4,0.4,0.4,0.0
00202013,whisper-tiny,0.1429,0.1429,0.0,0.0
00202013,whisper-base,0.0,0.0,0.0,0.0
00202013,whisper-small,0.0,0.0,0.0,0.0
00202013,vosk-cn,0.4286,0.1429,0.0,0.0
00202013,wav2vec2-zh,0.1429,0.1429,0.0,0.0
00202013,paraformer-zh,0.2857,0.0,0.0,0.0
00202013,zipformer-zh-en,0.1429,0.1429,0.1429,0.0
00202013,sense-voice,0.2857,0.0,0.0,0.0
00202109,whisper-tiny,0.2,0.0,0.2,0.2
00202109,whisper-base,0.3,0.1,0.3,0.2222222222222222
00202109,whisper-small,0.2,0.0,0.2,0.2
00202109,vosk-cn,0.5,0.4,0.5,0.16666666666666666
00202109,wav2vec2-zh,0.5,0.2,0.5,0.375
00202109,paraformer-zh,0.0,0.0,0.0,0.0
00202109,zipformer-zh-en,0.4,0.2,0.3,0.25
00202109,sense-voice,0.0,0.0,0.0,0.0
00202205,whisper-tiny,0.5,0.3333,0.5,0.25
00202205,whisper-base,0.5,0.3333,0.3333,0.25
00202205,whisper-small,0.5,0.3333,0.5,0.25
00202205,vosk-cn,0.6667,0.5,0.6667,0.3333333333333333
00202205,wav2vec2-zh,0.5,0.5,0.5,0.0
00202205,paraformer-zh,0.5,0.3333,0.5,0.25
00202205,zipformer-zh-en,0.5,0.3333,0.6667,0.5
00202205,sense-voice,0.5,0.3333,0.6667,0.5
00202301,whisper-tiny,0.3636,0.0909,0.2727,0.2
00202301,whisper-base,0.3636,0.1818,0.0,0.0
00202301,whisper-small,0.2727,0.0,0.0,0.0
00202301,vosk-cn,0.0909,0.0,0.0,0.0
00202301,wav2vec2-zh,0.2727,0.0909,0.0909,0.0
00202301,paraformer-zh,0.0909,0.0,0.0,0.0
00202301,zipformer-zh-en,0.0909,0.0,0.0,0.0
00202301,sense-voice,0.0909,0.0,0.0,0.0
00202317,whisper-tiny,0.4444,0.4444,0.2222,0.0
00202317,whisper-base,0.2222,0.0,0.1111,0.1111111111111111
00202317,whisper-small,0.2222,0.1111,0.0,0.0
00202317,vosk-cn,0.5556,0.3333,0.3333,0.3333333333333333
00202317,wav2vec2-zh,0.2222,0.1111,0.0,0.0
00202317,paraformer-zh,0.0,0.0,0.0,0.0
00202317,zipformer-zh-en,0.1111,0.1111,0.0,0.0
00202317,sense-voice,0.0,0.0,0.0,0.0
00202333,whisper-tiny,0.1667,0.1667,0.0,0.0
00202333,whisper-base,0.1667,0.0,0.0,0.0
00202333,whisper-small,0.1667,0.0,0.1667,0.16666666666666666
00202333,vosk-cn,0.3333,0.3333,0.0,0.0
00202333,wav2vec2-zh,0.3333,0.3333,0.0,0.0
00202333,paraformer-zh,0.3333,0.3333,0.0,0.0
00202333,zipformer-zh-en,0.3333,0.1667,0.0,0.0
00202333,sense-voice,0.0,0.0,0.0,0.0
00202349,whisper-tiny,0.2667,0.2,0.2667,0.08333333333333333
00202349,whisper-base,0.1333,0.1333,0.0667,0.0
00202349,whisper-small,0.1333,0.1333,0.1333,0.0
00202349,vosk-cn,0.2667,0.2,0.2,0.08333333333333333
00202349,wav2vec2-zh,0.3333,0.1333,0.2,0.07692307692307693
00202349,paraformer-zh,0.1333,0.1333,0.1333,0.0
00202349,zipformer-zh-en,0.1333,0.1333,0.1333,0.0
00202349,sense-voice,0.1333,0.1333,0.1333,0.0
00202403,whisper-tiny,0.125,0.125,0.0,0.0
00202403,whisper-base,0.0,0.0,0.0,0.0
00202403,whisper-small,0.0,0.0,0.0,0.0
00202403,vosk-cn,0.0,0.0,0.0,0.0
00202403,wav2vec2-zh,0.0625,0.0625,0.0,0.0
00202403,paraformer-zh,0.0,0.0,0.0,0.0
00202403,zipformer-zh-en,0.0,0.0,0.0,0.0
00202403,sense-voice,0.0,0.0,0.0,0.0
00202419,whisper-tiny,0.2308,0.1538,0.0769,0.0
00202419,whisper-base,0.0769,0.0769,0.0769,0.0
00202419,whisper-small,0.0,0.0,0.0,0.0
00202419,vosk-cn,0.1538,0.1538,0.1538,0.0
00202419,wav2vec2-zh,0.4615,0.2308,0.0769,0.0
00202419,paraformer-zh,0.0769,0.0769,0.0769,0.0
00202419,zipformer-zh-en,0.0769,0.0769,0.0769,0.0
00202419,sense-voice,0.0769,0.0769,0.0769,0.0
00202435,whisper-tiny,0.2222,0.1111,0.1111,0.125
00202435,whisper-base,0.1111,0.1111,0.0,0.0
00202435,whisper-small,0.1111,0.1111,0.1111,0.0
00202435,vosk-cn,0.1111,0.1111,0.1111,0.0
00202435,wav2vec2-zh,0.2222,0.2222,0.1111,0.0
00202435,paraformer-zh,0.0,0.0,0.0,0.0
00202435,zipformer-zh-en,0.0,0.0,0.0,0.0
00202435,sense-voice,0.1111,0.1111,0.0,0.0
00202451,whisper-tiny,0.125,0.0625,0.0625,0.0
00202451,whisper-base,0.0625,0.0625,0.0625,0.0
00202451,whisper-small,0.0625,0.0625,0.0625,0.0
00202451,vosk-cn,0.125,0.0625,0.125,0.0625
00202451,wav2vec2-zh,0.1875,0.0625,0.1875,0.125
00202451,paraformer-zh,0.0625,0.0625,0.0625,0.0
00202451,zipformer-zh-en,0.0625,0.0625,0.0625,0.0
00202451,sense-voice,0.0625,0.0625,0.0625,0.0
00202505,whisper-tiny,0.1176,0.0588,0.0588,0.0
00202505,whisper-base,0.0588,0.0588,0.0,0.0
00202505,whisper-small,0.0,0.0,0.0,0.0
00202505,vosk-cn,0.0,0.0,0.0,0.0
00202505,wav2vec2-zh,0.2941,0.1176,0.2353,0.2
00202505,paraformer-zh,0.0,0.0,0.0,0.0
00202505,zipformer-zh-en,0.0,0.0,0.0,0.0
00202505,sense-voice,0.0,0.0,0.0,0.0
00202521,whisper-tiny,0.3125,0.0,0.1875,0.1875
00202521,whisper-base,0.1875,0.0,0.0625,0.0625
00202521,whisper-small,0.0,0.0,0.0,0.0
00202521,vosk-cn,0.0,0.0,0.0,0.0
00202521,wav2vec2-zh,0.0,0.0,0.0,0.0
00202521,paraformer-zh,0.0,0.0,0.0,0.0
00202521,zipformer-zh-en,0.0,0.0,0.0,0.0
00202521,sense-voice,0.0,0.0,0.0,0.0
00202608,whisper-tiny,0.7778,0.5556,0.4444,0.2
00202608,whisper-base,0.5556,0.4444,0.2222,0.0
00202608,whisper-small,0.1111,0.1111,0.1111,0.0
00202608,vosk-cn,1.0,0.8889,0.5556,0.0
00202608,wav2vec2-zh,0.6667,0.4444,0.4444,0.2
00202608,paraformer-zh,0.1111,0.1111,0.1111,0.0
00202608,zipformer-zh-en,1.0,1.0,0.8889,
00202608,sense-voice,0.1111,0.1111,0.0,0.0
00202624,whisper-tiny,0.0,0.0,0.0,0.0
00202624,whisper-base,0.3333,0.1667,0.0833,0.1
00202624,whisper-small,0.0,0.0,0.0,0.0
00202624,vosk-cn,0.5,0.4167,0.3333,0.0
00202624,wav2vec2-zh,0.4167,0.0833,0.3333,0.2727272727272727
00202624,paraformer-zh,0.1667,0.1667,0.0833,0.0
00202624,zipformer-zh-en,0.1667,0.0833,0.1667,0.09090909090909091
00202624,sense-voice,0.1667,0.0833,0.1667,0.08333333333333333
00202640,whisper-tiny,1.0909,0.7273,0.7273,0.5714285714285714
00202640,whisper-base,0.7273,0.5455,0.4545,0.125
00202640,whisper-small,0.5455,0.3636,0.3636,0.25
00202640,vosk-cn,1.0,0.7273,0.7273,0.6
00202640,wav2vec2-zh,0.8182,0.5455,0.5455,0.3333333333333333
00202640,paraformer-zh,0.5455,0.4545,0.4545,0.125
00202640,zipformer-zh-en,0.5455,0.3636,0.3636,0.125
00202640,sense-voice,0.5455,0.3636,0.2727,0.125
00202656,whisper-tiny,0.25,0.25,0.1667,0.0
00202656,whisper-base,0.25,0.25,0.1667,0.0
00202656,whisper-small,0.25,0.25,0.1667,0.0
00202656,vosk-cn,0.25,0.25,0.1667,0.0
00202656,wav2vec2-zh,0.3333,0.3333,0.25,0.0
00202656,paraformer-zh,0.25,0.25,0.0833,0.0
00202656,zipformer-zh-en,0.25,0.25,0.1667,0.0
00202656,sense-voice,0.25,0.25,0.1667,0.0
00202710,whisper-tiny,0.2857,0.1429,0.0714,0.08333333333333333
00202710,whisper-base,0.2143,0.1429,0.0714,0.0
00202710,whisper-small,0.2857,0.1429,0.0714,0.08333333333333333
00202710,vosk-cn,0.4286,0.3571,0.0714,0.0
00202710,wav2vec2-zh,0.3571,0.2143,0.1429,0.09090909090909091
00202710,paraformer-zh,0.2143,0.1429,0.0714,0.08333333333333333
00202710,zipformer-zh-en,0.2143,0.1429,0.0,0.0
00202710,sense-voice,0.0714,0.0714,0.0,0.0
00202726,whisper-tiny,0.5,0.4167,0.3333,0.0
00202726,whisper-base,0.1667,0.0,0.0833,0.08333333333333333
00202726,whisper-small,0.0833,0.0,0.0833,0.08333333333333333
00202726,vosk-cn,0.5833,0.4167,0.4167,0.08333333333333333
00202726,wav2vec2-zh,0.75,0.3333,0.5,0.16666666666666666
00202726,paraformer-zh,0.5,0.5,0.5,0.0
00202726,zipformer-zh-en,0.5833,0.4167,0.5,0.16666666666666666
00202726,sense-voice,0.4167,0.4167,0.4167,0.0
00202742,whisper-tiny,0.5385,0.3077,0.2308,0.09090909090909091
00202742,whisper-base,0.3846,0.3077,0.2308,0.09090909090909091
00202742,whisper-small,0.3846,0.3077,0.1538,0.1111111111111111
00202742,vosk-cn,0.3846,0.3077,0.1538,0.09090909090909091
00202742,wav2vec2-zh,0.6923,0.4615,0.2308,0.2222222222222222
00202742,paraformer-zh,0.3846,0.3077,0.1538,0.09090909090909091
00202742,zipformer-zh-en,0.4615,0.3846,0.2308,0.1
00202742,sense-voice,0.3846,0.3077,0.1538,0.09090909090909091
00202758,whisper-tiny,0.2857,0.1429,0.2857,0.16666666666666666
00202758,whisper-base,0.2857,0.1429,0.2857,0.16666666666666666
00202758,whisper-small,0.1429,0.0,0.1429,0.14285714285714285
00202758,vosk-cn,0.2857,0.1429,0.2857,0.16666666666666666
00202758,wav2vec2-zh,0.2857,0.1429,0.2857,0.16666666666666666
00202758,paraformer-zh,0.0,0.0,0.0,0.0
00202758,zipformer-zh-en,0.1429,0.0,0.1429,0.14285714285714285
00202758,sense-voice,0.0,0.0,0.0,0.0
00202812,whisper-tiny,0.4615,0.3077,0.3077,0.2222222222222222
00202812,whisper-base,0.3846,0.2308,0.3077,0.2
00202812,whisper-small,0.4615,0.3077,0.3846,0.2222222222222222
00202812,vosk-cn,0.4615,0.3077,0.3846,0.2222222222222222
00202812,wav2vec2-zh,0.5385,0.3077,0.4615,0.3333333333333333
00202812,paraformer-zh,0.3846,0.2308,0.3846,0.2
00202812,zipformer-zh-en,0.5385,0.3077,0.3077,0.2222222222222222
00202812,sense-voice,0.3846,0.3077,0.3846,0.1111111111111111
00202828,whisper-tiny,0.6,0.4,0.6,0.3333333333333333
00202828,whisper-base,0.5,0.3,0.5,0.2857142857142857
00202828,whisper-small,0.2,0.1,0.2,0.1111111111111111
00202828,vosk-cn,0.7,0.4,0.5,0.5
00202828,wav2vec2-zh,0.6,0.3,0.6,0.42857142857142855
00202828,paraformer-zh,0.6,0.4,0.6,0.3333333333333333
00202828,zipformer-zh-en,0.5,0.2,0.5,0.375
00202828,sense-voice,0.4,0.1,0.4,0.3333333333333333
00202844,whisper-tiny,0.4444,0.1111,0.3333,0.25
00202844,whisper-base,0.2222,0.1111,0.1111,0.0
00202844,whisper-small,0.5556,0.1111,0.4444,0.375
00202844,vosk-cn,0.4444,0.2222,0.3333,0.14285714285714285
00202844,wav2vec2-zh,0.6667,0.3333,0.4444,0.3333333333333333
00202844,paraformer-zh,0.1111,0.1111,0.1111,0.0
00202844,zipformer-zh-en,0.3333,0.1111,0.2222,0.125
00202844,sense-voice,0.1111,0.1111,0.1111,0.0
00202860,whisper-tiny,0.8,0.6,0.6,0.4
00202860,whisper-base,0.6,0.3,0.6,0.375
00202860,whisper-small,0.4,0.3,0.4,0.125
00202860,vosk-cn,0.3,0.3,0.3,0.0
00202860,wav2vec2-zh,0.4,0.2,0.2,0.25
00202860,paraformer-zh,0.3,0.2,0.2,0.0
00202860,zipformer-zh-en,0.6,0.4,0.4,0.42857142857142855
00202860,sense-voice,0.2,0.1,0.2,0.1
00202914,whisper-tiny,0.2632,0.2105,0.1579,0.06666666666666667
00202914,whisper-base,0.2105,0.1579,0.1053,0.0625
00202914,whisper-small,0.1579,0.1053,0.1579,0.058823529411764705
00202914,vosk-cn,0.2105,0.2105,0.1579,0.0
00202914,wav2vec2-zh,0.4211,0.2105,0.3158,0.26666666666666666
00202914,paraformer-zh,0.1579,0.1579,0.1053,0.0
00202914,zipformer-zh-en,0.3158,0.3158,0.2105,0.0
00202914,sense-voice,0.1053,0.1053,0.1053,0.0
00202930,whisper-tiny,0.3636,0.2727,0.1818,0.0
00202930,whisper-base,0.2727,0.0909,0.0909,0.1
00202930,whisper-small,0.1818,0.0909,0.0909,0.1
00202930,vosk-cn,0.4545,0.1818,0.2727,0.2222222222222222
00202930,wav2vec2-zh,0.2727,0.1818,0.1818,0.1111111111111111
00202930,paraformer-zh,0.0909,0.0909,0.0,0.0
00202930,zipformer-zh-en,0.2727,0.0909,0.0909,0.1
00202930,sense-voice,0.1818,0.1818,0.0909,0.0
00202946,whisper-tiny,0.1429,0.1429,0.1429,0.0
00202946,whisper-base,0.0,0.0,0.0,0.0
00202946,whisper-small,0.0,0.0,0.0,0.0
00202946,vosk-cn,0.0,0.0,0.0,0.0
00202946,wav2vec2-zh,0.0,0.0,0.0,0.0
00202946,paraformer-zh,0.0,0.0,0.0,0.0
00202946,zipformer-zh-en,0.0,0.0,0.0,0.0
00202946,sense-voice,0.0,0.0,0.0,0.0
00202962,whisper-tiny,0.3333,0.2667,0.2,0.0
00202962,whisper-base,0.4,0.2667,0.2667,0.07692307692307693
00202962,whisper-small,0.3333,0.2667,0.2667,0.07692307692307693
00202962,vosk-cn,0.3333,0.2667,0.3333,0.15384615384615385
00202962,wav2vec2-zh,0.4,0.3333,0.4,0.08333333333333333
00202962,paraformer-zh,0.3333,0.2667,0.2667,0.07692307692307693
00202962,zipformer-zh-en,0.3333,0.2667,0.2667,0.07692307692307693
00202962,sense-voice,0.3333,0.2667,0.2667,0.07692307692307693
00203016,whisper-tiny,0.625,0.375,0.5,0.4
00203016,whisper-base,0.5,0.375,0.375,0.2
00203016,whisper-small,0.25,0.125,0.125,0.14285714285714285
00203016,vosk-cn,0.625,0.5,0.5,0.25
00203016,wav2vec2-zh,0.375,0.25,0.25,0.16666666666666666
00203016,paraformer-zh,0.0,0.0,0.0,0.0
00203016,zipformer-zh-en,0.375,0.25,0.25,0.16666666666666666
00203016,sense-voice,0.125,0.125,0.0,0.0
00203103,whisper-tiny,0.0625,0.0,0.0,0.0
00203103,whisper-base,0.0,0.0,0.0,0.0
00203103,whisper-small,0.125,0.0625,0.125,0.06666666666666667
00203103,vosk-cn,0.125,0.125,0.125,0.0
00203103,wav2vec2-zh,0.625,0.3125,0.4375,0.36363636363636365
00203103,paraformer-zh,0.125,0.125,0.125,0.0
00203103,zipformer-zh-en,0.125,0.125,0.125,0.0
00203103,sense-voice,0.0625,0.0625,0.0625,0.0
00203119,whisper-tiny,0.6154,0.3846,0.3846,0.25
00203119,whisper-base,0.6154,0.3846,0.3846,0.25
00203119,whisper-small,0.4615,0.3846,0.3846,0.125
00203119,vosk-cn,0.6154,0.5385,0.3846,0.0
00203119,wav2vec2-zh,0.7692,0.3846,0.2308,0.25
00203119,paraformer-zh,0.3846,0.2308,0.3846,0.2
00203119,zipformer-zh-en,0.6154,0.3846,0.3846,0.25
00203119,sense-voice,0.3077,0.2308,0.3077,0.1
00203135,whisper-tiny,0.2222,0.1111,0.2222,0.125
00203135,whisper-base,0.4444,0.1111,0.4444,0.375
00203135,whisper-small,0.4444,0.0,0.3333,0.3333333333333333
00203135,vosk-cn,0.4444,0.4444,0.3333,0.0
00203135,wav2vec2-zh,0.7778,0.4444,0.6667,0.4
00203135,paraformer-zh,0.5556,0.2222,0.4444,0.2857142857142857
00203135,zipformer-zh-en,0.5556,0.2222,0.4444,0.2857142857142857
00203135,sense-voice,0.2222,0.1111,0.1111,0.0
00203151,whisper-tiny,0.5625,0.4375,0.4375,0.16666666666666666
00203151,whisper-base,0.5625,0.375,0.375,0.16666666666666666
00203151,whisper-small,0.375,0.3125,0.3125,0.07692307692307693
00203151,vosk-cn,0.4375,0.4375,0.3125,0.0
00203151,wav2vec2-zh,0.5625,0.4375,0.5,0.2
00203151,paraformer-zh,0.4375,0.375,0.25,0.08333333333333333
00203151,zipformer-zh-en,0.375,0.3125,0.3125,0.07692307692307693
00203151,sense-voice,0.375,0.3125,0.25,0.07142857142857142
00203205,whisper-tiny,0.1765,0.1176,0.1765,0.06666666666666667
00203205,whisper-base,0.1176,0.0588,0.1176,0.0625
00203205,whisper-small,0.0588,0.0588,0.0588,0.0
00203205,vosk-cn,0.1176,0.0588,0.1176,0.058823529411764705
00203205,wav2vec2-zh,0.3529,0.1765,0.2353,0.21428571428571427
00203205,paraformer-zh,0.1176,0.1176,0.1176,0.0625
00203205,zipformer-zh-en,0.1765,0.1176,0.1765,0.0625
00203205,sense-voice,0.1176,0.1176,0.1176,0.0
00203221,whisper-tiny,0.25,0.0,0.125,0.125
00203221,whisper-base,0.0625,0.0,0.0625,0.0625
00203221,whisper-small,0.0625,0.0,0.0625,0.0625
00203221,vosk-cn,0.125,0.125,0.125,0.0
00203221,wav2vec2-zh,0.25,0.0625,0.125,0.06666666666666667
00203221,paraformer-zh,0.0,0.0,0.0,0.0
00203221,zipformer-zh-en,0.3125,0.0625,0.125,0.13333333333333333
00203221,sense-voice,0.0,0.0,0.0,0.0
00203311,whisper-tiny,0.3077,0.0769,0.0769,0.08333333333333333
00203311,whisper-base,0.3077,0.0769,0.1538,0.16666666666666666
00203311,whisper-small,0.0,0.0,0.0,0.0
00203311,vosk-cn,0.3846,0.1538,0.3077,0.18181818181818182
00203311,wav2vec2-zh,0.3846,0.0769,0.2308,0.16666666666666666
00203311,paraformer-zh,0.0769,0.0769,0.0769,0.0
00203311,zipformer-zh-en,0.2308,0.0769,0.1538,0.08333333333333333
00203311,sense-voice,0.1538,0.0769,0.0769,0.0
00203327,whisper-tiny,0.1667,0.0,0.0833,0.08333333333333333
00203327,whisper-base,0.0833,0.0,0.0,0.0
00203327,whisper-small,0.0,0.0,0.0,0.0
00203327,vosk-cn,0.0,0.0,0.0,0.0
00203327,wav2vec2-zh,0.0,0.0,0.0,0.0
00203327,paraformer-zh,0.0,0.0,0.0,0.0
00203327,zipformer-zh-en,0.0,0.0,0.0,0.0
00203327,sense-voice,0.0,0.0,0.0,0.0
00203343,whisper-tiny,1.0,0.5,0.375,0.16666666666666666
00203343,whisper-base,0.5,0.25,0.25,0.0
00203343,whisper-small,0.625,0.25,0.25,0.0
00203343,vosk-cn,0.375,0.375,0.375,0.0
00203343,wav2vec2-zh,0.75,0.25,0.25,0.0
00203343,paraformer-zh,0.25,0.25,0.25,0.0
00203343,zipformer-zh-en,0.25,0.25,0.25,0.0
00203343,sense-voice,0.25,0.25,0.25,0.0
00203359,whisper-tiny,0.5333,0.2667,0.4,0.13333333333333333
00203359,whisper-base,0.4,0.2667,0.3333,0.06666666666666667
00203359,whisper-small,0.1333,0.0,0.0667,0.06666666666666667
00203359,vosk-cn,0.4,0.2667,0.3333,0.06666666666666667
00203359,wav2vec2-zh,0.4,0.2667,0.2,0.07692307692307693
00203359,paraformer-zh,0.2667,0.2667,0.2667,0.0
00203359,zipformer-zh-en,0.3333,0.2667,0.2667,0.07142857142857142
00203359,sense-voice,0.2667,0.2667,0.2667,0.0
00203413,whisper-tiny,0.5455,0.5455,0.0909,0.0
00203413,whisper-base,0.3636,0.3636,0.0909,0.0
00203413,whisper-small,0.0909,0.0909,0.0909,0.0
00203413,vosk-cn,0.0,0.0,0.0,0.0
00203413,wav2vec2-zh,0.3636,0.3636,0.1818,0.0
00203413,paraformer-zh,0.0909,0.0909,0.0909,0.0
00203413,zipformer-zh-en,0.2727,0.2727,0.0909,0.0
00203413,sense-voice,0.0909,0.0909,0.0909,0.0
00203429,whisper-tiny,0.0,0.0,0.0,0.0
00203429,whisper-base,0.0769,0.0769,0.0,0.0
00203429,whisper-small,0.0,0.0,0.0,0.0
00203429,vosk-cn,0.1538,0.1538,0.0,0.0
00203429,wav2vec2-zh,0.1538,0.0769,0.1538,0.08333333333333333
00203429,paraformer-zh,0.0,0.0,0.0,0.0
00203429,zipformer-zh-en,0.0,0.0,0.0,0.0
00203429,sense-voice,0.0,0.0,0.0,0.0
00203516,whisper-tiny,0.25,0.125,0.125,0.14285714285714285
00203516,whisper-base,0.375,0.25,0.25,0.16666666666666666
00203516,whisper-small,0.25,0.125,0.125,0.14285714285714285
00203516,vosk-cn,0.375,0.25,0.125,0.16666666666666666
00203516,wav2vec2-zh,0.25,0.125,0.125,0.14285714285714285
00203516,paraformer-zh,0.25,0.125,0.125,0.14285714285714285
00203516,zipformer-zh-en,0.25,0.125,0.125,0.14285714285714285
00203516,sense-voice,0.0,0.0,0.0,0.0
00203603,whisper-tiny,0.0625,0.0625,0.0625,0.0
00203603,whisper-base,0.0625,0.0625,0.0625,0.0
00203603,whisper-small,0.0625,0.0625,0.0625,0.0
00203603,vosk-cn,0.0,0.0,0.0,0.0
00203603,wav2vec2-zh,0.125,0.0,0.125,0.125
00203603,paraformer-zh,0.0,0.0,0.0,0.0
00203603,zipformer-zh-en,0.0,0.0,0.0,0.0
00203603,sense-voice,0.0,0.0,0.0,0.0
00203619,whisper-tiny,0.5385,0.3077,0.3846,0.2222222222222222
00203619,whisper-base,0.5385,0.3077,0.3077,0.2222222222222222
00203619,whisper-small,0.3077,0.1538,0.3077,0.18181818181818182
00203619,vosk-cn,0.3846,0.2308,0.2308,0.1
00203619,wav2vec2-zh,0.6923,0.2308,0.3846,0.2
00203619,paraformer-zh,0.4615,0.3077,0.3077,0.09090909090909091
00203619,zipformer-zh-en,0.3846,0.3077,0.2308,0.0
00203619,sense-voice,0.3846,0.3077,0.3077,0.1111111111111111
00203635,whisper-tiny,0.1111,0.1111,0.1111,0.0
00203635,whisper-base,0.1111,0.1111,0.1111,0.0
00203635,whisper-small,0.3333,0.1111,0.2222,0.125
00203635,vosk-cn,0.1111,0.1111,0.1111,0.0
00203635,wav2vec2-zh,0.2222,0.1111,0.2222,0.125
00203635,paraformer-zh,0.1111,0.1111,0.1111,0.0
00203635,zipformer-zh-en,0.1111,0.1111,0.1111,0.0
00203635,sense-voice,0.1111,0.1111,0.1111,0.0
00203651,whisper-tiny,0.125,0.0625,0.125,0.0625
00203651,whisper-base,0.0625,0.0625,0.0625,0.0
00203651,whisper-small,0.0625,0.0625,0.0625,0.0
00203651,vosk-cn,0.125,0.125,0.0625,0.0
00203651,wav2vec2-zh,0.125,0.0625,0.125,0.0625
00203651,paraformer-zh,0.0625,0.0625,0.0625,0.0
00203651,zipformer-zh-en,0.125,0.125,0.125,0.0
00203651,sense-voice,0.0625,0.0625,0.0625,0.0
00203705,whisper-tiny,0.4118,0.2353,0.1765,0.07692307692307693
00203705,whisper-base,0.1765,0.1176,0.1176,0.0
00203705,whisper-small,0.0588,0.0588,0.0588,0.0
00203705,vosk-cn,0.3529,0.2941,0.2941,0.08333333333333333
00203705,wav2vec2-zh,0.3529,0.1765,0.1765,0.07142857142857142
00203705,paraformer-zh,0.0588,0.0588,0.0588,0.0
00203705,zipformer-zh-en,0.1176,0.1176,0.1176,0.0
00203705,sense-voice,0.0588,0.0588,0.0588,0.0
00203721,whisper-tiny,0.625,0.375,0.25,0.09090909090909091
00203721,whisper-base,0.3125,0.3125,0.25,0.0
00203721,whisper-small,0.375,0.25,0.25,0.08333333333333333
00203721,vosk-cn,0.5625,0.5,0.4375,0.0
00203721,wav2vec2-zh,0.625,0.4375,0.3125,0.1111111111111111
00203721,paraformer-zh,0.125,0.125,0.0625,0.0
00203721,zipformer-zh-en,0.3125,0.3125,0.25,0.0
00203721,sense-voice,0.25,0.25,0.125,0.0
00203737,whisper-tiny,0.4667,0.2667,0.2,0.09090909090909091
00203737,whisper-base,0.4,0.2,0.1333,0.08333333333333333
00203737,whisper-small,0.2667,0.1333,0.0667,0.0
00203737,vosk-cn,0.2667,0.2667,0.1333,0.0
00203737,wav2vec2-zh,0.4,0.2,0.3333,0.25
00203737,paraformer-zh,0.2,0.1333,0.0667,0.0
00203737,zipformer-zh-en,0.2,0.1333,0.0667,0.0
00203737,sense-voice,0.2,0.1333,0.0667,0.0
00203753,whisper-tiny,0.5,0.5,0.3333,0.0
00203753,whisper-base,0.1667,0.1667,0.0,0.0
00203753,whisper-small,0.3333,0.3333,0.3333,0.0
00203753,vosk-cn,0.3333,0.3333,0.3333,0.0
00203753,wav2vec2-zh,0.3333,0.3333,0.1667,0.0
00203753,paraformer-zh,0.6667,0.5,0.6667,0.3333333333333333
00203753,zipformer-zh-en,0.5,0.3333,0.5,0.25
00203753,sense-voice,0.5,0.3333,0.3333,0.25
00203807,whisper-tiny,0.4444,0.1111,0.1111,0.125
00203807,whisper-base,0.2222,0.1111,0.1111,0.125
00203807,whisper-small,0.2222,0.1111,0.1111,0.125
00203807,vosk-cn,0.2222,0.1111,0.1111,0.125
00203807,wav2vec2-zh,0.4444,0.0,0.1111,0.1111111111111111
00203807,paraformer-zh,0.0,0.0,0.0,0.0
00203807,zipformer-zh-en,0.2222,0.1111,0.1111,0.125
00203807,sense-voice,0.0,0.0,0.0,0.0
00203823,whisper-tiny,0.3636,0.1818,0.2727,0.2222222222222222
00203823,whisper-base,0.0,0.0,0.0,0.0
00203823,whisper-small,0.2727,0.0909,0.0909,0.1
00203823,vosk-cn,0.1818,0.1818,0.1818,0.0
00203823,wav2vec2-zh,0.4545,0.2727,0.3636,0.2222222222222222
00203823,paraformer-zh,0.0909,0.0909,0.0909,0.0
00203823,zipformer-zh-en,0.5455,0.4545,0.3636,0.125
00203823,sense-voice,0.0909,0.0909,0.0909,0.0
00203839,whisper-tiny,0.6667,0.3333,0.6667,0.5
00203839,whisper-base,0.5,0.1667,0.5,0.4
00203839,whisper-small,0.5,0.1667,0.5,0.4
00203839,vosk-cn,0.1667,0.1667,0.1667,0.0
00203839,wav2vec2-zh,0.5,0.3333,0.5,0.25
00203839,paraformer-zh,0.0,0.0,0.0,0.0
00203839,zipformer-zh-en,0.5,0.0,0.5,0.5
00203839,sense-voice,0.1667,0.1667,0.1667,0.0
00203855,whisper-tiny,0.1765,0.0588,0.1176,0.125
00203855,whisper-base,0.1176,0.0,0.1176,0.11764705882352941
00203855,whisper-small,0.1176,0.0,0.1176,0.11764705882352941
00203855,vosk-cn,0.3529,0.0588,0.3529,0.3125
00203855,wav2vec2-zh,0.2353,0.0,0.2353,0.23529411764705882
00203855,paraformer-zh,0.1176,0.0,0.1176,0.11764705882352941
00203855,zipformer-zh-en,0.1176,0.0,0.1176,0.11764705882352941
00203855,sense-voice,0.0588,0.0,0.0588,0.058823529411764705
00203909,whisper-tiny,0.5,0.3333,0.5,0.375
00203909,whisper-base,0.3333,0.0833,0.3333,0.2727272727272727
00203909,whisper-small,0.0,0.0,0.0,0.0
00203909,vosk-cn,0.25,0.25,0.1667,0.0
00203909,wav2vec2-zh,0.5833,0.0833,0.4167,0.36363636363636365
00203909,paraformer-zh,0.1667,0.0,0.1667,0.16666666666666666
00203909,zipformer-zh-en,0.6667,0.4167,0.5833,0.42857142857142855
00203909,sense-voice,0.0833,0.0,0.0833,0.08333333333333333
00203925,whisper-tiny,0.3333,0.3333,0.25,0.0
00203925,whisper-base,0.0,0.0,0.0,0.0
00203925,whisper-small,0.0,0.0,0.0,0.0
00203925,vosk-cn,0.8333,0.5833,0.5833,0.2857142857142857
00203925,wav2vec2-zh,0.8333,0.5833,0.75,0.6666666666666666
00203925,paraformer-zh,0.0,0.0,0.0,0.0
00203925,zipformer-zh-en,0.3333,0.1667,0.25,0.1
00203925,sense-voice,0.0,0.0,0.0,0.0
00203941,whisper-tiny,1.375,1.125,0.875,0.25
00203941,whisper-base,1.125,0.75,0.75,0.42857142857142855
00203941,whisper-small,0.375,0.25,0.25,0.0
00203941,vosk-cn,0.875,0.75,0.75,0.14285714285714285
00203941,wav2vec2-zh,1.125,0.875,0.75,0.3333333333333333
00203941,paraformer-zh,0.625,0.625,0.625,0.0
00203941,zipformer-zh-en,0.875,0.875,0.75,0.0
00203941,sense-voice,0.625,0.625,0.625,0.0
00203957,whisper-tiny,0.75,0.125,0.125,0.14285714285714285
00203957,whisper-base,0.75,0.125,0.125,0.14285714285714285
00203957,whisper-small,0.75,0.25,0.125,0.16666666666666666
00203957,vosk-cn,1.0,0.5,0.5,0.5
00203957,wav2vec2-zh,0.875,0.625,0.25,0.3333333333333333
00203957,paraformer-zh,0.125,0.125,0.125,0.0
00203957,zipformer-zh-en,0.5,0.125,0.0,0.0
00203957,sense-voice,0.125,0.125,0.0,0.0
00204011,whisper-tiny,0.6923,0.3846,0.3846,0.3333333333333333
00204011,whisper-base,0.3846,0.1538,0.2308,0.2727272727272727
00204011,whisper-small,0.5385,0.1538,0.3077,0.36363636363636365
00204011,vosk-cn,0.6154,0.2308,0.3846,0.4
00204011,wav2vec2-zh,0.3846,0.0769,0.3077,0.3333333333333333
00204011,paraformer-zh,0.3077,0.0769,0.2308,0.25
00204011,zipformer-zh-en,0.3077,0.0769,0.3077,0.25
00204011,sense-voice,0.4615,0.1538,0.3077,0.36363636363636365
00204027,whisper-tiny,0.1667,0.1667,0.1667,0.0
00204027,whisper-base,0.3333,0.3333,0.3333,0.0
00204027,whisper-small,0.1667,0.1667,0.1667,0.0
00204027,vosk-cn,0.3333,0.25,0.25,0.0
00204027,wav2vec2-zh,0.4167,0.1667,0.4167,0.3
00204027,paraformer-zh,0.1667,0.1667,0.1667,0.0
00204027,zipformer-zh-en,0.1667,0.1667,0.1667,0.0
00204027,sense-voice,0.1667,0.1667,0.1667,0.0
00204043,whisper-tiny,0.375,0.25,0.375,0.16666666666666666
00204043,whisper-base,1.0,0.25,0.625,1.0
00204043,whisper-small,0.875,0.25,0.75,0.8333333333333334
00204043,vosk-cn,0.625,0.375,0.5,0.4
00204043,wav2vec2-zh,0.875,0.25,0.625,0.8333333333333334
00204043,paraformer-zh,0.625,0.125,0.5,0.5714285714285714
00204043,zipformer-zh-en,0.75,0.125,0.5,0.5714285714285714
00204043,sense-voice,0.625,0.125,0.5,0.5714285714285714
00204059,whisper-tiny,0.6667,0.4667,0.6,0.375
00204059,whisper-base,0.6,0.3333,0.6,0.4
00204059,whisper-small,0.6,0.2667,0.5333,0.45454545454545453
00204059,vosk-cn,0.7333,0.6,0.5333,0.3333333333333333
00204059,wav2vec2-zh,0.8,0.4,0.6667,0.6
00204059,paraformer-zh,0.4667,0.2667,0.3333,0.2727272727272727
00204059,zipformer-zh-en,0.7333,0.3333,0.6667,0.6
00204059,sense-voice,0.2,0.2,0.0667,0.0
00204113,whisper-tiny,0.9091,0.8182,0.5455,0.0
00204113,whisper-base,0.5455,0.5455,0.2727,0.0
00204113,whisper-small,0.5455,0.5455,0.2727,0.0
00204113,vosk-cn,1.0,1.0,0.6364,
00204113,wav2vec2-zh,0.9091,0.9091,0.6364,0.0
00204113,paraformer-zh,0.6364,0.5455,0.3636,0.14285714285714285
00204113,zipformer-zh-en,0.7273,0.6364,0.4545,0.16666666666666666
00204113,sense-voice,0.6364,0.5455,0.3636,0.16666666666666666
00204129,whisper-tiny,0.2308,0.1538,0.1538,0.09090909090909091
00204129,whisper-base,0.1538,0.0,0.1538,0.15384615384615385
00204129,whisper-small,0.0769,0.0,0.0769,0.07692307692307693
00204129,vosk-cn,0.0769,0.0,0.0769,0.07692307692307693
00204129,wav2vec2-zh,0.1538,0.0,0.1538,0.15384615384615385
00204129,paraformer-zh,0.0,0.0,0.0,0.0
00204129,zipformer-zh-en,0.0769,0.0,0.0769,0.07692307692307693
00204129,sense-voice,0.0769,0.0,0.0769,0.07692307692307693
00204145,whisper-tiny,0.2,0.2,0.2,0.08333333333333333
00204145,whisper-base,0.2,0.2,0.1333,0.08333333333333333
00204145,whisper-small,0.2,0.2,0.1333,0.08333333333333333
00204145,vosk-cn,0.3333,0.2667,0.2,0.09090909090909091
00204145,wav2vec2-zh,0.2667,0.2,0.2667,0.08333333333333333
00204145,paraformer-zh,0.0667,0.0667,0.0,0.0
00204145,zipformer-zh-en,0.1333,0.1333,0.0667,0.0
00204145,sense-voice,0.1333,0.1333,0.0667,0.0
00204161,whisper-tiny,0.3,0.3,0.3,0.0
00204161,whisper-base,0.2,0.1,0.2,0.1111111111111111
00204161,whisper-small,0.1,0.1,0.1,0.0
00204161,vosk-cn,0.2,0.2,0.2,0.0
00204161,wav2vec2-zh,0.3,0.2,0.3,0.125
00204161,paraformer-zh,0.2,0.2,0.2,0.0
00204161,zipformer-zh-en,0.1,0.1,0.1,0.0
00204161,sense-voice,0.2,0.2,0.2,0.0
00204215,whisper-tiny,0.3333,0.1667,0.1667,0.06666666666666667
00204215,whisper-base,0.1667,0.1111,0.1111,0.0
00204215,whisper-small,0.2222,0.1111,0.1111,0.0
00204215,vosk-cn,0.2778,0.1667,0.2778,0.2
00204215,wav2vec2-zh,0.3333,0.2222,0.2778,0.14285714285714285
00204215,paraformer-zh,0.1111,0.0556,0.0556,0.0
00204215,zipformer-zh-en,0.2778,0.1111,0.2222,0.125
00204215,sense-voice,0.1111,0.0,0.0556,0.05555555555555555
00204231,whisper-tiny,0.5556,0.1111,0.4444,0.375
00204231,whisper-base,0.5556,0.2222,0.4444,0.2857142857142857
00204231,whisper-small,0.3333,0.0,0.3333,0.3333333333333333
00204231,vosk-cn,0.5556,0.3333,0.4444,0.3333333333333333
00204231,wav2vec2-zh,0.7778,0.4444,0.4444,0.6
00204231,paraformer-zh,0.5556,0.1111,0.4444,0.375
00204231,zipformer-zh-en,0.4444,0.1111,0.2222,0.375
00204231,sense-voice,0.2222,0.0,0.2222,0.2222222222222222
00204247,whisper-tiny,0.4167,0.1667,0.1667,0.1
00204247,whisper-base,0.4167,0.1667,0.1667,0.1
00204247,whisper-small,0.3333,0.0833,0.0833,0.09090909090909091
00204247,vosk-cn,0.5833,0.3333,0.3333,0.25
00204247,wav2vec2-zh,0.4167,0.0833,0.25,0.18181818181818182
00204247,paraformer-zh,0.3333,0.0833,0.0,0.0
00204247,zipformer-zh-en,0.4167,0.1667,0.1667,0.1
00204247,sense-voice,0.3333,0.0833,0.0833,0.09090909090909091
00204301,whisper-tiny,0.6364,0.4545,0.1818,0.0
00204301,whisper-base,0.2727,0.0909,0.0909,0.0
00204301,whisper-small,0.4545,0.2727,0.1818,0.1111111111111111
00204301,vosk-cn,0.4545,0.2727,0.3636,0.1111111111111111
00204301,wav2vec2-zh,0.4545,0.2727,0.3636,0.125
00204301,paraformer-zh,0.4545,0.3636,0.2727,0.14285714285714285
00204301,zipformer-zh-en,0.2727,0.0909,0.0909,0.1
00204301,sense-voice,0.2727,0.2727,0.2727,0.0
00204318,whisper-tiny,0.5455,0.2727,0.3636,0.25
00204318,whisper-base,0.2727,0.0909,0.0909,0.1
00204318,whisper-small,0.1818,0.0909,0.0909,0.1
00204318,vosk-cn,0.3636,0.2727,0.1818,0.0
00204318,wav2vec2-zh,0.5455,0.1818,0.4545,0.4444444444444444
00204318,paraformer-zh,0.0,0.0,0.0,0.0
00204318,zipformer-zh-en,0.3636,0.1818,0.1818,0.1111111111111111
00204318,sense-voice,0.0,0.0,0.0,0.0
00204334,whisper-tiny,0.5556,0.4444,0.4444,0.125
00204334,whisper-base,0.0,0.0,0.0,0.0
00204334,whisper-small,0.1111,0.0,0.1111,0.1111111111111111
00204334,vosk-cn,0.4444,0.3333,0.4444,0.1111111111111111
00204334,wav2vec2-zh,0.5556,0.4444,0.3333,0.125
00204334,paraformer-zh,0.3333,0.3333,0.3333,0.0
00204334,zipformer-zh-en,0.4444,0.4444,0.4444,0.0
00204334,sense-voice,0.3333,0.3333,0.3333,0.0
00204350,whisper-tiny,0.3333,0.25,0.25,0.0
00204350,whisper-base,0.3333,0.1667,0.0833,0.0
00204350,whisper-small,0.0833,0.0833,0.0833,0.0
00204350,vosk-cn,0.5,0.3333,0.3333,0.125
00204350,wav2vec2-zh,0.4167,0.3333,0.1667,0.0
00204350,paraformer-zh,0.0,0.0,0.0,0.0
00204350,zipformer-zh-en,0.25,0.1667,0.0833,0.0
00204350,sense-voice,0.0833,0.0833,0.0833,0.0
00204404,whisper-tiny,0.4,0.3,0.1,0.0
00204404,whisper-base,0.2,0.1,0.1,0.1111111111111111
00204404,whisper-small,0.1,0.1,0.0,0.0
00204404,vosk-cn,0.4,0.3,0.1,0.0
00204404,wav2vec2-zh,0.4,0.3,0.1,0.0
00204404,paraformer-zh,0.3,0.2,0.1,0.0
00204404,zipformer-zh-en,0.2,0.1,0.0,0.0
00204404,sense-voice,0.1,0.1,0.0,0.0
00204420,whisper-tiny,0.4444,0.2222,0.2222,0.0
00204420,whisper-base,0.4444,0.2222,0.2222,0.0
00204420,whisper-small,0.3333,0.3333,0.2222,0.0
00204420,vosk-cn,0.3333,0.2222,0.3333,0.14285714285714285
00204420,wav2vec2-zh,0.2222,0.1111,0.2222,0.125
00204420,paraformer-zh,0.3333,0.3333,0.2222,0.0
00204420,zipformer-zh-en,0.3333,0.3333,0.2222,0.0
00204420,sense-voice,0.2222,0.1111,0.2222,0.125
00204436,whisper-tiny,0.2727,0.0909,0.0909,0.1
00204436,whisper-base,0.0909,0.0,0.0909,0.09090909090909091
00204436,whisper-small,0.1818,0.0,0.1818,0.18181818181818182
00204436,vosk-cn,0.2727,0.0,0.1818,0.18181818181818182
00204436,wav2vec2-zh,0.3636,0.1818,0.2727,0.1111111111111111
00204436,paraformer-zh,0.0909,0.0,0.0909,0.09090909090909091
00204436,zipformer-zh-en,0.1818,0.0,0.0909,0.09090909090909091
00204436,sense-voice,0.0909,0.0,0.0909,0.09090909090909091
00204452,whisper-tiny,1.0625,1.0625,1.0,0.0
00204452,whisper-base,0.75,0.75,0.6875,0.0
00204452,whisper-small,0.6875,0.6875,0.6875,0.0
00204452,vosk-cn,0.9375,0.875,0.875,0.08333333333333333
00204452,wav2vec2-zh,1.0625,0.75,0.9375,0.5
00204452,paraformer-zh,0.6875,0.6875,0.6875,0.0
00204452,zipformer-zh-en,1.0625,0.9375,1.0,0.25
00204452,sense-voice,0.6875,0.6875,0.6875,0.0
00204506,whisper-tiny,0.5625,0.375,0.3125,0.2
00204506,whisper-base,0.5625,0.3125,0.375,0.18181818181818182
00204506,whisper-small,0.5,0.3125,0.3125,0.18181818181818182
00204506,vosk-cn,0.5,0.375,0.375,0.18181818181818182
00204506,wav2vec2-zh,0.5,0.25,0.4375,0.3333333333333333
00204506,paraformer-zh,0.0625,0.0625,0.0625,0.0
00204506,zipformer-zh-en,0.3125,0.25,0.1875,0.08333333333333333
00204506,sense-voice,0.0625,0.0625,0.0625,0.0
00204522,whisper-tiny,0.4,0.35,0.3,0.07692307692307693
00204522,whisper-base,0.25,0.25,0.15,0.0
00204522,whisper-small,0.15,0.15,0.1,0.0
00204522,vosk-cn,0.45,0.3,0.4,0.2857142857142857
00204522,wav2vec2-zh,0.35,0.25,0.25,0.13333333333333333
00204522,paraformer-zh,0.3,0.2,0.2,0.125
00204522,zipformer-zh-en,0.35,0.3,0.25,0.07142857142857142
00204522,sense-voice,0.25,0.2,0.1,0.0625
00204538,whisper-tiny,0.5556,0.4444,0.3333,0.0
00204538,whisper-base,0.4444,0.3333,0.2222,0.0
00204538,whisper-small,0.4444,0.2222,0.2222,0.0
00204538,vosk-cn,0.3333,0.3333,0.3333,0.0
00204538,wav2vec2-zh,0.6667,0.5556,0.3333,0.0
00204538,paraformer-zh,0.1111,0.1111,0.1111,0.0
00204538,zipformer-zh-en,0.5556,0.4444,0.2222,0.0
00204538,sense-voice,0.2222,0.2222,0.1111,0.0
00204554,whisper-tiny,0.6111,0.3889,0.5,0.25
00204554,whisper-base,0.3889,0.3333,0.2778,0.07692307692307693
00204554,whisper-small,0.2778,0.2222,0.1667,0.06666666666666667
00204554,vosk-cn,0.6667,0.5556,0.6111,0.25
00204554,wav2vec2-zh,0.5,0.2222,0.3889,0.26666666666666666
00204554,paraformer-zh,0.2222,0.1667,0.1667,0.058823529411764705
00204554,zipformer-zh-en,0.5,0.3889,0.3889,0.07692307692307693
00204554,sense-voice,0.1667,0.1667,0.1111,0.0
00204608,whisper-tiny,0.0,0.0,0.0,0.0
00204608,whisper-base,0.0,0.0,0.0,0.0
00204608,whisper-small,0.0,0.0,0.0,0.0
00204608,vosk-cn,0.1111,0.1111,0.1111,0.0
00204608,wav2vec2-zh,0.2222,0.2222,0.1111,0.0
00204608,paraformer-zh,0.0,0.0,0.0,0.0
00204608,zipformer-zh-en,0.0,0.0,0.0,0.0
00204608,sense-voice,0.0,0.0,0.0,0.0
00204624,whisper-tiny,0.25,0.1667,0.1667,0.1
00204624,whisper-base,0.1667,0.1667,0.1667,0.0
00204624,whisper-small,0.1667,0.1667,0.1667,0.0
00204624,vosk-cn,0.3333,0.25,0.25,0.0
00204624,wav2vec2-zh,0.4167,0.1667,0.3333,0.2
00204624,paraformer-zh,0.1667,0.1667,0.1667,0.0
00204624,zipformer-zh-en,0.25,0.1667,0.1667,0.1
00204624,sense-voice,0.1667,0.1667,0.1667,0.0
00204640,whisper-tiny,0.2727,0.2727,0.2727,0.0
00204640,whisper-base,0.2727,0.2727,0.2727,0.0
00204640,whisper-small,0.2727,0.2727,0.2727,0.0
00204640,vosk-cn,0.3636,0.3636,0.2727,0.0
00204640,wav2vec2-zh,0.3636,0.3636,0.2727,0.0
00204640,paraformer-zh,0.1818,0.1818,0.1818,0.0
00204640,zipformer-zh-en,0.3636,0.2727,0.2727,0.125
00204640,sense-voice,0.1818,0.1818,0.1818,0.0
00204656,whisper-tiny,0.3333,0.25,0.3333,0.1
00204656,whisper-base,0.4167,0.25,0.3333,0.1
00204656,whisper-small,0.25,0.1667,0.25,0.09090909090909091
00204656,vosk-cn,0.25,0.1667,0.25,0.09090909090909091
00204656,wav2vec2-zh,0.3333,0.25,0.3333,0.1
00204656,paraformer-zh,0.25,0.25,0.25,0.0
00204656,zipformer-zh-en,0.3333,0.25,0.3333,0.1
00204656,sense-voice,0.0833,0.0833,0.0833,0.0
00200103,whisper-tiny,0.5,0.5,0.25,0.0
00200103,whisper-base,0.0,0.0,0.0,0.0
00200103,whisper-small,0.25,0.25,0.25,0.0
00200103,vosk-cn,0.125,0.125,0.125,0.0
00200103,wav2vec2-zh,0.5,0.25,0.375,0.3333333333333333
00200103,paraformer-zh,0.0,0.0,0.0,0.0
00200103,zipformer-zh-en,0.125,0.125,0.125,0.0
00200103,sense-voice,0.0,0.0,0.0,0.0
00200119,whisper-tiny,0.0,0.0,0.0,0.0
00200119,whisper-base,0.2857,0.1429,0.2857,0.16666666666666666
00200119,whisper-small,0.0,0.0,0.0,0.0
00200119,vosk-cn,0.1429,0.1429,0.1429,0.0
00200119,wav2vec2-zh,0.4286,0.2857,0.1429,0.2
00200119,paraformer-zh,0.0,0.0,0.0,0.0
00200119,zipformer-zh-en,0.1429,0.1429,0.0,0.0
00200119,sense-voice,0.0,0.0,0.0,0.0
00200215,whisper-tiny,0.1429,0.1429,0.1429,0.0
00200215,whisper-base,0.1429,0.1429,0.1429,0.0
00200215,whisper-small,0.0,0.0,0.0,0.0
00200215,vosk-cn,0.2857,0.2857,0.1429,0.0
00200215,wav2vec2-zh,0.2857,0.1429,0.2857,0.16666666666666666
00200215,paraformer-zh,0.2857,0.2857,0.1429,0.0
00200215,zipformer-zh-en,0.2857,0.2857,0.1429,0.0
00200215,sense-voice,0.1429,0.1429,0.1429,0.0
00200311,whisper-tiny,0.2222,0.0,0.0,0.0
00200311,whisper-base,0.2222,0.2222,0.2222,0.0
00200311,whisper-small,0.0,0.0,0.0,0.0
00200311,vosk-cn,0.2222,0.2222,0.2222,0.0
00200311,wav2vec2-zh,0.2222,0.2222,0.2222,0.0
00200311,paraformer-zh,0.2222,0.2222,0.2222,0.0
00200311,zipformer-zh-en,0.2222,0.2222,0.2222,0.0
00200311,sense-voice,0.2222,0.2222,0.2222,0.0
00200407,whisper-tiny,0.4,0.2,0.4,0.25
00200407,whisper-base,0.4,0.1,0.4,0.3333333333333333
00200407,whisper-small,0.2,0.0,0.1,0.1
00200407,vosk-cn,0.1,0.1,0.0,0.0
00200407,wav2vec2-zh,0.5,0.2,0.3,0.375
00200407,paraformer-zh,0.0,0.0,0.0,0.0
00200407,zipformer-zh-en,0.3,0.2,0.1,0.125
00200407,sense-voice,0.0,0.0,0.0,0.0
00200503,whisper-tiny,0.0,0.0,0.0,0.0
00200503,whisper-base,0.0,0.0,0.0,0.0
00200503,whisper-small,0.0,0.0,0.0,0.0
00200503,vosk-cn,0.125,0.125,0.125,0.0
00200503,wav2vec2-zh,0.0,0.0,0.0,0.0
00200503,paraformer-zh,0.0,0.0,0.0,0.0
00200503,zipformer-zh-en,0.0,0.0,0.0,0.0
00200503,sense-voice,0.0,0.0,0.0,0.0
00200519,whisper-tiny,0.1429,0.1429,0.0,0.0
00200519,whisper-base,0.1429,0.1429,0.1429,0.0
00200519,whisper-small,0.0,0.0,0.0,0.0
00200519,vosk-cn,0.2857,0.1429,0.2857,0.16666666666666666
00200519,wav2vec2-zh,0.2857,0.1429,0.2857,0.16666666666666666
00200519,paraformer-zh,0.1429,0.1429,0.0,0.0
00200519,zipformer-zh-en,0.1429,0.1429,0.0,0.0
00200519,sense-voice,0.0,0.0,0.0,0.0
00200615,whisper-tiny,0.0,0.0,0.0,0.0
00200615,whisper-base,0.0,0.0,0.0,0.0
00200615,whisper-small,0.0,0.0,0.0,0.0
00200615,vosk-cn,0.2857,0.1429,0.1429,0.16666666666666666
00200615,wav2vec2-zh,0.1429,0.0,0.1429,0.14285714285714285
00200615,paraformer-zh,0.0,0.0,0.0,0.0
00200615,zipformer-zh-en,0.0,0.0,0.0,0.0
00200615,sense-voice,0.0,0.0,0.0,0.0
00200711,whisper-tiny,0.3333,0.2222,0.1111,0.0
00200711,whisper-base,0.1111,0.1111,0.0,0.0
00200711,whisper-small,0.0,0.0,0.0,0.0
00200711,vosk-cn,0.2222,0.2222,0.0,0.0
00200711,wav2vec2-zh,0.1111,0.0,0.1111,0.1111111111111111
00200711,paraformer-zh,0.0,0.0,0.0,0.0
00200711,zipformer-zh-en,0.0,0.0,0.0,0.0
00200711,sense-voice,0.1111,0.1111,0.1111,0.0
00200807,whisper-tiny,0.4,0.4,0.3,0.0
00200807,whisper-base,0.4,0.2,0.2,0.25
00200807,whisper-small,0.4,0.3,0.2,0.14285714285714285
00200807,vosk-cn,0.4,0.4,0.3,0.0
00200807,wav2vec2-zh,0.8,0.4,0.3,0.3333333333333333
00200807,paraformer-zh,0.2,0.2,0.0,0.0
00200807,zipformer-zh-en,0.6,0.5,0.3,0.2
00200807,sense-voice,0.2,0.2,0.0,0.0
00200903,whisper-tiny,0.0,0.0,0.0,0.0
00200903,whisper-base,0.0,0.0,0.0,0.0
00200903,whisper-small,0.0,0.0,0.0,0.0
00200903,vosk-cn,0.0,0.0,0.0,0.0
00200903,wav2vec2-zh,0.0,0.0,0.0,0.0
00200903,paraformer-zh,0.0,0.0,0.0,0.0
00200903,zipformer-zh-en,0.0,0.0,0.0,0.0
00200903,sense-voice,0.0,0.0,0.0,0.0
00200919,whisper-tiny,0.0,0.0,0.0,0.0
00200919,whisper-base,0.0,0.0,0.0,0.0
00200919,whisper-small,0.0,0.0,0.0,0.0
00200919,vosk-cn,0.0,0.0,0.0,0.0
00200919,wav2vec2-zh,0.0,0.0,0.0,0.0
00200919,paraformer-zh,0.0,0.0,0.0,0.0
00200919,zipformer-zh-en,0.0,0.0,0.0,0.0
00200919,sense-voice,0.0,0.0,0.0,0.0
00201015,whisper-tiny,0.1429,0.1429,0.1429,0.0
00201015,whisper-base,0.0,0.0,0.0,0.0
00201015,whisper-small,0.0,0.0,0.0,0.0
00201015,vosk-cn,0.2857,0.2857,0.1429,0.0
00201015,wav2vec2-zh,0.2857,0.2857,0.2857,0.0
00201015,paraformer-zh,0.0,0.0,0.0,0.0
00201015,zipformer-zh-en,0.0,0.0,0.0,0.0
00201015,sense-voice,0.0,0.0,0.0,0.0
00201111,whisper-tiny,0.0,0.0,0.0,0.0
00201111,whisper-base,0.2222,0.1111,0.2222,0.125
00201111,whisper-small,0.0,0.0,0.0,0.0
00201111,vosk-cn,0.0,0.0,0.0,0.0
00201111,wav2vec2-zh,0.4444,0.0,0.2222,0.2222222222222222
00201111,paraformer-zh,0.0,0.0,0.0,0.0
00201111,zipformer-zh-en,0.1111,0.0,0.0,0.0
00201111,sense-voice,0.0,0.0,0.0,0.0
00201207,whisper-tiny,0.2,0.1,0.2,0.1111111111111111
00201207,whisper-base,0.0,0.0,0.0,0.0
00201207,whisper-small,0.0,0.0,0.0,0.0
00201207,vosk-cn,0.1,0.1,0.1,0.0
00201207,wav2vec2-zh,0.3,0.2,0.2,0.125
00201207,paraformer-zh,0.0,0.0,0.0,0.0
00201207,zipformer-zh-en,0.0,0.0,0.0,0.0
00201207,sense-voice,0.0,0.0,0.0,0.0
00201303,whisper-tiny,0.125,0.125,0.125,0.0
00201303,whisper-base,0.0,0.0,0.0,0.0
00201303,whisper-small,0.0,0.0,0.0,0.0
00201303,vosk-cn,0.125,0.125,0.125,0.0
00201303,wav2vec2-zh,0.375,0.25,0.25,0.16666666666666666
00201303,paraformer-zh,0.0,0.0,0.0,0.0
00201303,zipformer-zh-en,0.25,0.25,0.125,0.0
00201303,sense-voice,0.0,0.0,0.0,0.0
00201319,whisper-tiny,0.0,0.0,0.0,0.0
00201319,whisper-base,0.2857,0.1429,0.2857,0.16666666666666666
00201319,whisper-small,0.0,0.0,0.0,0.0
00201319,vosk-cn,0.2857,0.1429,0.2857,0.16666666666666666
00201319,wav2vec2-zh,0.2857,0.0,0.2857,0.2857142857142857
00201319,paraformer-zh,0.0,0.0,0.0,0.0
00201319,zipformer-zh-en,0.0,0.0,0.0,0.0
00201319,sense-voice,0.0,0.0,0.0,0.0
00201415,whisper-tiny,0.0,0.0,0.0,0.0
00201415,whisper-base,0.1429,0.1429,0.1429,0.0
00201415,whisper-small,0.0,0.0,0.0,0.0
00201415,vosk-cn,0.1429,0.1429,0.1429,0.0
00201415,wav2vec2-zh,0.1429,0.1429,0.1429,0.0
00201415,paraformer-zh,0.0,0.0,0.0,0.0
00201415,zipformer-zh-en,0.0,0.0,0.0,0.0
00201415,sense-voice,0.0,0.0,0.0,0.0
00201511,whisper-tiny,0.8889,0.6667,0.7778,0.6666666666666666
00201511,whisper-base,0.7778,0.4444,0.3333,0.4
00201511,whisper-small,0.4444,0.3333,0.3333,0.0
00201511,vosk-cn,0.7778,0.6667,0.4444,0.3333333333333333
00201511,wav2vec2-zh,0.6667,0.5556,0.5556,0.25
00201511,paraformer-zh,0.7778,0.5556,0.5556,0.5
00201511,zipformer-zh-en,0.4444,0.3333,0.3333,0.0
00201511,sense-voice,0.3333,0.3333,0.3333,0.0
00201607,whisper-tiny,0.0,0.0,0.0,0.0
00201607,whisper-base,0.0,0.0,0.0,0.0
00201607,whisper-small,0.0,0.0,0.0,0.0
00201607,vosk-cn,0.0,0.0,0.0,0.0
00201607,wav2vec2-zh,0.1,0.0,0.1,0.1
00201607,paraformer-zh,0.0,0.0,0.0,0.0
00201607,zipformer-zh-en,0.0,0.0,0.0,0.0
00201607,sense-voice,0.0,0.0,0.0,0.0
00201732,whisper-tiny,0.25,0.25,0.0625,0.0
00201732,whisper-base,0.25,0.1875,0.0625,0.07692307692307693
00201732,whisper-small,0.3125,0.25,0.125,0.08333333333333333
00201732,vosk-cn,0.125,0.125,0.0,0.0
00201732,wav2vec2-zh,0.3125,0.1875,0.1875,0.15384615384615385
00201732,paraformer-zh,0.1875,0.125,0.0625,0.07142857142857142
00201732,zipformer-zh-en,0.375,0.25,0.25,0.16666666666666666
00201732,sense-voice,0.1875,0.1875,0.0625,0.0
00201748,whisper-tiny,0.4615,0.1538,0.2308,0.18181818181818182
00201748,whisper-base,0.4615,0.1538,0.3077,0.2727272727272727
00201748,whisper-small,0.5385,0.1538,0.3846,0.36363636363636365
00201748,vosk-cn,0.2308,0.2308,0.2308,0.0
00201748,wav2vec2-zh,0.6923,0.1538,0.3077,0.2727272727272727
00201748,paraformer-zh,0.3077,0.1538,0.2308,0.18181818181818182
00201748,zipformer-zh-en,0.3846,0.0769,0.3077,0.25
00201748,sense-voice,0.0769,0.0769,0.0769,0.0
00201806,whisper-tiny,0.2727,0.1818,0.1818,0.1111111111111111
00201806,whisper-base,0.0,0.0,0.0,0.0
00201806,whisper-small,0.1818,0.0909,0.0909,0.0
00201806,vosk-cn,0.1818,0.1818,0.1818,0.0
00201806,wav2vec2-zh,0.4545,0.3636,0.2727,0.14285714285714285
00201806,paraformer-zh,0.2727,0.1818,0.2727,0.1
00201806,zipformer-zh-en,0.1818,0.0909,0.0909,0.0
00201806,sense-voice,0.1818,0.0909,0.1818,0.1
00201902,whisper-tiny,0.3333,0.1667,0.1667,0.2
00201902,whisper-base,0.5,0.1667,0.3333,0.2
00201902,whisper-small,0.6667,0.1667,0.3333,0.4
00201902,vosk-cn,0.5,0.1667,0.3333,0.2
00201902,wav2vec2-zh,0.3333,0.3333,0.1667,0.0
00201902,paraformer-zh,0.1667,0.1667,0.1667,0.0
00201902,zipformer-zh-en,0.1667,0.1667,0.1667,0.0
00201902,sense-voice,0.3333,0.3333,0.3333,0.0
00201918,whisper-tiny,0.25,0.1667,0.1667,0.0
00201918,whisper-base,0.0,0.0,0.0,0.0
00201918,whisper-small,0.0,0.0,0.0,0.0
00201918,vosk-cn,0.3333,0.25,0.25,0.1111111111111111
00201918,wav2vec2-zh,0.3333,0.25,0.3333,0.1111111111111111
00201918,paraformer-zh,0.0,0.0,0.0,0.0
00201918,zipformer-zh-en,0.1667,0.0,0.1667,0.16666666666666666
00201918,sense-voice,0.25,0.25,0.25,0.0
00202014,whisper-tiny,0.3333,0.2222,0.3333,0.14285714285714285
00202014,whisper-base,0.1111,0.0,0.1111,0.1111111111111111
00202014,whisper-small,0.1111,0.0,0.1111,0.1111111111111111
00202014,vosk-cn,0.1111,0.1111,0.1111,0.0
00202014,wav2vec2-zh,0.1111,0.0,0.1111,0.1111111111111111
00202014,paraformer-zh,0.1111,0.0,0.1111,0.1111111111111111
00202014,zipformer-zh-en,0.2222,0.0,0.2222,0.2222222222222222
00202014,sense-voice,0.1111,0.0,0.1111,0.1111111111111111
00202110,whisper-tiny,0.125,0.0,0.125,0.125
00202110,whisper-base,0.25,0.0,0.125,0.125
00202110,whisper-small,0.125,0.0,0.0,0.0
00202110,vosk-cn,0.0,0.0,0.0,0.0
00202110,wav2vec2-zh,0.375,0.0,0.25,0.25
00202110,paraformer-zh,0.0,0.0,0.0,0.0
00202110,zipformer-zh-en,0.25,0.0,0.125,0.125
00202110,sense-voice,0.0,0.0,0.0,0.0
00202206,whisper-tiny,0.0909,0.0909,0.0909,0.0
00202206,whisper-base,0.0909,0.0909,0.0909,0.0
00202206,whisper-small,0.0909,0.0909,0.0909,0.0
00202206,vosk-cn,0.0909,0.0909,0.0909,0.0
00202206,wav2vec2-zh,0.0909,0.0909,0.0909,0.0
00202206,paraformer-zh,0.0909,0.0909,0.0909,0.0
00202206,zipformer-zh-en,0.0909,0.0909,0.0909,0.0
00202206,sense-voice,0.0909,0.0909,0.0909,0.0
00202302,whisper-tiny,0.3333,0.2222,0.0,0.0
00202302,whisper-base,0.3333,0.1111,0.0,0.0
00202302,whisper-small,0.0,0.0,0.0,0.0
00202302,vosk-cn,0.0,0.0,0.0,0.0
00202302,wav2vec2-zh,0.0,0.0,0.0,0.0
00202302,paraformer-zh,0.0,0.0,0.0,0.0
00202302,zipformer-zh-en,0.0,0.0,0.0,0.0
00202302,sense-voice,0.0,0.0,0.0,0.0
00202318,whisper-tiny,0.0909,0.0,0.0,0.0
00202318,whisper-base,0.0,0.0,0.0,0.0
00202318,whisper-small,0.0,0.0,0.0,0.0
00202318,vosk-cn,0.3636,0.3636,0.3636,0.0
00202318,wav2vec2-zh,0.2727,0.2727,0.1818,0.0
00202318,paraformer-zh,0.2727,0.2727,0.2727,0.0
00202318,zipformer-zh-en,0.3636,0.3636,0.3636,0.0
00202318,sense-voice,0.0909,0.0909,0.0909,0.0
00202334,whisper-tiny,0.2222,0.2222,0.2222,0.0
00202334,whisper-base,0.0,0.0,0.0,0.0
00202334,whisper-small,0.0,0.0,0.0,0.0
00202334,vosk-cn,0.1111,0.0,0.1111,0.1111111111111111
00202334,wav2vec2-zh,0.1111,0.0,0.1111,0.1111111111111111
00202334,paraformer-zh,0.0,0.0,0.0,0.0
00202334,zipformer-zh-en,0.0,0.0,0.0,0.0
00202334,sense-voice,0.0,0.0,0.0,0.0
00202350,whisper-tiny,0.1667,0.0833,0.0,0.0
00202350,whisper-base,0.1667,0.0833,0.0833,0.09090909090909091
00202350,whisper-small,0.0833,0.0833,0.0,0.0
00202350,vosk-cn,0.25,0.25,0.1667,0.0
00202350,wav2vec2-zh,0.5,0.3333,0.1667,0.0
00202350,paraformer-zh,0.1667,0.1667,0.0833,0.0
00202350,zipformer-zh-en,0.4167,0.25,0.1667,0.0
00202350,sense-voice,0.3333,0.25,0.1667,0.0
00202404,whisper-tiny,0.1,0.0,0.0,0.0
00202404,whisper-base,0.1,0.0,0.0,0.0
00202404,whisper-small,0.0,0.0,0.0,0.0
00202404,vosk-cn,0.0,0.0,0.0,0.0
00202404,wav2vec2-zh,0.1,0.0,0.0,0.0
00202404,paraformer-zh,0.0,0.0,0.0,0.0
00202404,zipformer-zh-en,0.0,0.0,0.0,0.0
00202404,sense-voice,0.0,0.0,0.0,0.0
00202420,whisper-tiny,0.0,0.0,0.0,0.0
00202420,whisper-base,0.0,0.0,0.0,0.0
00202420,whisper-small,0.0,0.0,0.0,0.0
00202420,vosk-cn,0.0,0.0,0.0,0.0
00202420,wav2vec2-zh,0.2222,0.0,0.1111,0.1111111111111111
00202420,paraformer-zh,0.0,0.0,0.0,0.0
00202420,zipformer-zh-en,0.0,0.0,0.0,0.0
00202420,sense-voice,0.0,0.0,0.0,0.0
00202436,whisper-tiny,0.0,0.0,0.0,0.0
00202436,whisper-base,0.0,0.0,0.0,0.0
00202436,whisper-small,0.0,0.0,0.0,0.0
00202436,vosk-cn,0.0,0.0,0.0,0.0
00202436,wav2vec2-zh,0.2727,0.0909,0.1818,0.1
00202436,paraformer-zh,0.0,0.0,0.0,0.0
00202436,zipformer-zh-en,0.0,0.0,0.0,0.0
00202436,sense-voice,0.0,0.0,0.0,0.0
00202452,whisper-tiny,0.0,0.0,0.0,0.0
00202452,whisper-base,0.0,0.0,0.0,0.0
00202452,whisper-small,0.1875,0.1875,0.1875,0.0
00202452,vosk-cn,0.25,0.25,0.25,0.0
00202452,wav2vec2-zh,0.1875,0.1875,0.1875,0.0
00202452,paraformer-zh,0.1875,0.1875,0.1875,0.0
00202452,zipformer-zh-en,0.1875,0.1875,0.1875,0.0
00202452,sense-voice,0.1875,0.1875,0.1875,0.0
00202506,whisper-tiny,0.125,0.0625,0.0,0.0
00202506,whisper-base,0.125,0.0625,0.0,0.0
00202506,whisper-small,0.0,0.0,0.0,0.0
00202506,vosk-cn,0.0625,0.0,0.125,0.125
00202506,wav2vec2-zh,0.1875,0.0,0.0625,0.0625
00202506,paraformer-zh,0.0,0.0,0.0,0.0
00202506,zipformer-zh-en,0.0,0.0,0.0,0.0
00202506,sense-voice,0.0,0.0,0.0,0.0
00202522,whisper-tiny,0.15,0.1,0.1,0.0
00202522,whisper-base,0.1,0.1,0.1,0.0
00202522,whisper-small,0.1,0.1,0.1,0.0
00202522,vosk-cn,0.25,0.2,0.15,0.0
00202522,wav2vec2-zh,0.1,0.1,0.1,0.0
00202522,paraformer-zh,0.1,0.1,0.1,0.0
00202522,zipformer-zh-en,0.1,0.1,0.1,0.0
00202522,sense-voice,0.1,0.1,0.1,0.0
00202609,whisper-tiny,1.3333,1.0,1.0,0.6666666666666666
00202609,whisper-base,0.5833,0.3333,0.5833,0.625
00202609,whisper-small,0.6667,0.5833,0.5833,0.42857142857142855
00202609,vosk-cn,0.5,0.3333,0.25,0.2222222222222222
00202609,wav2vec2-zh,0.5833,0.4167,0.6667,0.5714285714285714
00202609,paraformer-zh,0.6667,0.5,0.4167,0.42857142857142855
00202609,zipformer-zh-en,0.6667,0.3333,0.6667,0.625
00202609,sense-voice,0.6667,0.3333,0.5,0.5
00202625,whisper-tiny,0.5,0.25,0.25,0.1111111111111111
00202625,whisper-base,0.25,0.25,0.25,0.0
00202625,whisper-small,0.25,0.25,0.0833,0.0
00202625,vosk-cn,0.6667,0.5,0.1667,0.14285714285714285
00202625,wav2vec2-zh,0.5833,0.3333,0.5,0.5
00202625,paraformer-zh,0.25,0.25,0.0833,0.0
00202625,zipformer-zh-en,0.3333,0.3333,0.3333,0.0
00202625,sense-voice,0.3333,0.25,0.0833,0.1111111111111111
00202641,whisper-tiny,0.0,0.0,0.0,0.0
00202641,whisper-base,0.0,0.0,0.0,0.0
00202641,whisper-small,0.0,0.0,0.0,0.0
00202641,vosk-cn,0.5,0.25,0.375,0.25
00202641,wav2vec2-zh,0.5,0.25,0.375,0.16666666666666666
00202641,paraformer-zh,0.25,0.25,0.25,0.0
00202641,zipformer-zh-en,0.5,0.5,0.375,0.0
00202641,sense-voice,0.375,0.25,0.375,0.125
00202657,whisper-tiny,0.75,0.625,0.375,0.0
00202657,whisper-base,1.25,1.125,1.0,0.0
00202657,whisper-small,0.75,0.625,0.5,0.25
00202657,vosk-cn,1.0,0.625,0.375,0.0
00202657,wav2vec2-zh,0.875,0.5,0.5,0.4
00202657,paraformer-zh,0.75,0.625,0.5,0.0
00202657,zipformer-zh-en,1.125,0.875,0.75,0.0
00202657,sense-voice,0.125,0.125,0.125,0.0
00202711,whisper-tiny,0.5385,0.3077,0.3846,0.3
00202711,whisper-base,0.3846,0.0769,0.3077,0.3333333333333333
00202711,whisper-small,0.2308,0.1538,0.1538,0.09090909090909091
00202711,vosk-cn,0.8462,0.4615,0.5385,0.4
00202711,wav2vec2-zh,0.6154,0.3077,0.3846,0.25
00202711,paraformer-zh,0.6923,0.3846,0.4615,0.25
00202711,zipformer-zh-en,0.6154,0.2308,0.3846,0.3333333333333333
00202711,sense-voice,0.5385,0.3846,0.4615,0.16666666666666666
00202727,whisper-tiny,0.3333,0.1667,0.25,0.08333333333333333
00202727,whisper-base,0.3333,0.1667,0.1667,0.0
00202727,whisper-small,0.0833,0.0833,0.1667,0.09090909090909091
00202727,vosk-cn,0.3333,0.25,0.25,0.1111111111111111
00202727,wav2vec2-zh,0.4167,0.1667,0.3333,0.16666666666666666
00202727,paraformer-zh,0.1667,0.1667,0.1667,0.0
00202727,zipformer-zh-en,0.1667,0.1667,0.1667,0.0
00202727,sense-voice,0.1667,0.1667,0.1667,0.0
00202743,whisper-tiny,1.5,1.0,1.125,0.6666666666666666
00202743,whisper-base,0.75,0.25,0.375,0.2857142857142857
00202743,whisper-small,0.75,0.25,0.375,0.2857142857142857
00202743,vosk-cn,1.5,1.375,1.375,0.14285714285714285
00202743,wav2vec2-zh,1.5,0.875,1.125,0.5714285714285714
00202743,paraformer-zh,2.0,1.375,1.5,0.7142857142857143
00202743,zipformer-zh-en,2.0,1.375,1.375,0.42857142857142855
00202743,sense-voice,0.875,0.25,0.5,0.42857142857142855
00202759,whisper-tiny,0.7333,0.6667,0.5333,0.1
00202759,whisper-base,0.3333,0.2667,0.3333,0.07142857142857142
00202759,whisper-small,0.2,0.2,0.2,0.0
00202759,vosk-cn,0.6667,0.6,0.4,0.0
00202759,wav2vec2-zh,0.6,0.4667,0.4667,0.08333333333333333
00202759,paraformer-zh,0.4,0.4,0.4,0.0
00202759,zipformer-zh-en,0.5333,0.5333,0.4667,0.0
00202759,sense-voice,0.4,0.4,0.3333,0.0
00202813,whisper-tiny,0.8182,0.7273,0.3636,0.25
00202813,whisper-base,0.8182,0.4545,0.4545,0.5
00202813,whisper-small,0.4545,0.3636,0.4545,0.14285714285714285
00202813,vosk-cn,1.0,0.8182,0.5455,1.0
00202813,wav2vec2-zh,0.8182,0.7273,0.5455,0.3333333333333333
00202813,paraformer-zh,0.1818,0.1818,0.1818,0.0
00202813,zipformer-zh-en,0.8182,0.5455,0.4545,0.4
00202813,sense-voice,0.4545,0.3636,0.2727,0.14285714285714285
00202829,whisper-tiny,0.3846,0.2308,0.3846,0.2
00202829,whisper-base,0.3077,0.2308,0.3077,0.1
00202829,whisper-small,0.4615,0.2308,0.4615,0.3
00202829,vosk-cn,0.4615,0.4615,0.3846,0.0
00202829,wav2vec2-zh,0.6154,0.3846,0.4615,0.375
00202829,paraformer-zh,0.2308,0.1538,0.2308,0.09090909090909091
00202829,zipformer-zh-en,0.3846,0.1538,0.3846,0.2727272727272727
00202829,sense-voice,0.2308,0.1538,0.2308,0.09090909090909091
00202845,whisper-tiny,0.4667,0.2667,0.2667,0.09090909090909091
00202845,whisper-base,0.3333,0.2667,0.3333,0.18181818181818182
00202845,whisper-small,0.4,0.3333,0.4,0.2
00202845,vosk-cn,0.4,0.4,0.2667,0.1111111111111111
00202845,wav2vec2-zh,0.4667,0.2667,0.4,0.2727272727272727
00202845,paraformer-zh,0.3333,0.2,0.2667,0.16666666666666666
00202845,zipformer-zh-en,0.4667,0.4667,0.3333,0.125
00202845,sense-voice,0.2667,0.2,0.2,0.08333333333333333
00202861,whisper-tiny,0.4,0.1,0.2,0.2222222222222222
00202861,whisper-base,0.2,0.0,0.1,0.1
00202861,whisper-small,0.1,0.0,0.1,0.1
00202861,vosk-cn,0.6,0.4,0.4,0.16666666666666666
00202861,wav2vec2-zh,0.3,0.0,0.3,0.3
00202861,paraformer-zh,0.0,0.0,0.0,0.0
00202861,zipformer-zh-en,0.2,0.0,0.2,0.2
00202861,sense-voice,0.0,0.0,0.0,0.0
00202915,whisper-tiny,0.2778,0.1667,0.0556,0.0
00202915,whisper-base,0.2778,0.1667,0.0,0.0
00202915,whisper-small,0.2778,0.1667,0.0556,0.0
00202915,vosk-cn,0.2778,0.2222,0.1111,0.0
00202915,wav2vec2-zh,0.2778,0.1667,0.0,0.0
00202915,paraformer-zh,0.1111,0.0556,0.0,0.0
00202915,zipformer-zh-en,0.2222,0.1667,0.0556,0.0
00202915,sense-voice,0.2222,0.1667,0.0556,0.0
00202931,whisper-tiny,0.0,0.0,0.0,0.0
00202931,whisper-base,0.0,0.0,0.0,0.0
00202931,whisper-small,0.2222,0.1111,0.1111,0.125
00202931,vosk-cn,0.0,0.0,0.0,0.0
00202931,wav2vec2-zh,0.3333,0.2222,0.2222,0.14285714285714285
00202931,paraformer-zh,0.0,0.0,0.0,0.0
00202931,zipformer-zh-en,0.3333,0.1111,0.2222,0.25
00202931,sense-voice,0.0,0.0,0.0,0.0
00202947,whisper-tiny,0.25,0.0,0.0833,0.08333333333333333
00202947,whisper-base,0.1667,0.0,0.0,0.0
00202947,whisper-small,0.0833,0.0,0.0,0.0
00202947,vosk-cn,0.0,0.0,0.0,0.0
00202947,wav2vec2-zh,0.25,0.0833,0.0,0.0
00202947,paraformer-zh,0.0,0.0,0.0,0.0
00202947,zipformer-zh-en,0.1667,0.0833,0.0833,0.0
00202947,sense-voice,0.0,0.0,0.0,0.0
00203001,whisper-tiny,0.4545,0.1818,0.0,0.0
00203001,whisper-base,0.4545,0.1818,0.0909,0.0
00203001,whisper-small,0.4545,0.1818,0.0909,0.0
00203001,vosk-cn,0.4545,0.2727,0.1818,0.0
00203001,wav2vec2-zh,0.2727,0.0909,0.0,0.0
00203001,paraformer-zh,0.4545,0.1818,0.0909,0.0
00203001,zipformer-zh-en,0.4545,0.1818,0.0909,0.0
00203001,sense-voice,0.1818,0.0909,0.0,0.0
00203017,whisper-tiny,0.5556,0.3333,0.4444,0.3333333333333333
00203017,whisper-base,0.2222,0.1111,0.3333,0.25
00203017,whisper-small,0.3333,0.2222,0.3333,0.14285714285714285
00203017,vosk-cn,0.3333,0.1111,0.3333,0.25
00203017,wav2vec2-zh,0.3333,0.2222,0.2222,0.0
00203017,paraformer-zh,0.3333,0.1111,0.3333,0.25
00203017,zipformer-zh-en,0.5556,0.4444,0.4444,0.0
00203017,sense-voice,0.4444,0.3333,0.3333,0.0
00203104,whisper-tiny,0.3,0.3,0.3,0.0
00203104,whisper-base,0.4,0.3,0.4,0.14285714285714285
00203104,whisper-small,0.3,0.3,0.3,0.0
00203104,vosk-cn,0.3,0.3,0.3,0.0
00203104,wav2vec2-zh,0.6,0.6,0.5,0.0
00203104,paraformer-zh,0.3,0.3,0.3,0.0
00203104,zipformer-zh-en,0.3,0.3,0.2,0.0
00203104,sense-voice,0.3,0.2,0.3,0.125
00203120,whisper-tiny,0.4444,0.2222,0.3333,0.2857142857142857
00203120,whisper-base,0.4444,0.2222,0.3333,0.2857142857142857
00203120,whisper-small,0.5556,0.3333,0.4444,0.3333333333333333
00203120,vosk-cn,0.4444,0.1111,0.4444,0.375
00203120,wav2vec2-zh,0.4444,0.1111,0.3333,0.375
00203120,paraformer-zh,0.2222,0.0,0.2222,0.2222222222222222
00203120,zipformer-zh-en,0.4444,0.2222,0.4444,0.2857142857142857
00203120,sense-voice,0.2222,0.0,0.2222,0.2222222222222222
00203136,whisper-tiny,0.1818,0.0909,0.1818,0.1
00203136,whisper-base,0.1818,0.0909,0.1818,0.1
00203136,whisper-small,0.0,0.0,0.0,0.0
00203136,vosk-cn,0.1818,0.0909,0.1818,0.1
00203136,wav2vec2-zh,0.3636,0.0909,0.3636,0.3
00203136,paraformer-zh,0.2727,0.0909,0.2727,0.2
00203136,zipformer-zh-en,0.2727,0.0909,0.1818,0.2
00203136,sense-voice,0.0909,0.0,0.0909,0.09090909090909091
00203152,whisper-tiny,0.5,0.4375,0.4375,0.0
00203152,whisper-base,0.375,0.3125,0.1875,0.09090909090909091
00203152,whisper-small,0.1875,0.1875,0.125,0.0
00203152,vosk-cn,0.5,0.4375,0.4375,0.1111111111111111
00203152,wav2vec2-zh,0.5,0.25,0.375,0.3333333333333333
00203152,paraformer-zh,0.125,0.125,0.1875,0.07142857142857142
00203152,zipformer-zh-en,0.3125,0.1875,0.3125,0.15384615384615385
00203152,sense-voice,0.1875,0.125,0.1875,0.07142857142857142
00203206,whisper-tiny,0.3125,0.25,0.25,0.08333333333333333
00203206,whisper-base,0.3125,0.125,0.1875,0.14285714285714285
00203206,whisper-small,0.3125,0.125,0.25,0.14285714285714285
00203206,vosk-cn,0.125,0.125,0.125,0.0
00203206,wav2vec2-zh,0.3125,0.125,0.375,0.2857142857142857
00203206,paraformer-zh,0.1875,0.125,0.25,0.14285714285714285
00203206,zipformer-zh-en,0.375,0.1875,0.4375,0.3076923076923077
00203206,sense-voice,0.0625,0.0625,0.0625,0.0
00203222,whisper-tiny,0.1,0.1,0.1,0.0
00203222,whisper-base,0.05,0.05,0.05,0.0
00203222,whisper-small,0.05,0.05,0.05,0.0
00203222,vosk-cn,0.15,0.1,0.1,0.0
00203222,wav2vec2-zh,0.15,0.1,0.15,0.05263157894736842
00203222,paraformer-zh,0.1,0.1,0.1,0.0
00203222,zipformer-zh-en,0.1,0.1,0.1,0.0
00203222,sense-voice,0.1,0.1,0.1,0.0
00203312,whisper-tiny,0.0,0.0,0.0,0.0
00203312,whisper-base,0.1538,0.1538,0.1538,0.0
00203312,whisper-small,0.0,0.0,0.0,0.0
00203312,vosk-cn,0.0,0.0,0.0,0.0
00203312,wav2vec2-zh,0.0769,0.0769,0.0769,0.0
00203312,paraformer-zh,0.0,0.0,0.0,0.0
00203312,zipformer-zh-en,0.0769,0.0769,0.0769,0.0
00203312,sense-voice,0.0,0.0,0.0,0.0
00203328,whisper-tiny,0.8,0.8,0.6,0.0
00203328,whisper-base,0.6,0.6,0.3,0.0
00203328,whisper-small,0.6,0.6,0.6,0.0
00203328,vosk-cn,1.1,1.1,0.8,0.0
00203328,wav2vec2-zh,1.0,1.0,0.7,0.0
00203328,paraformer-zh,1.0,1.0,0.7,0.0
00203328,zipformer-zh-en,1.0,0.9,0.7,0.0
00203328,sense-voice,0.8,0.8,0.7,0.0
00203344,whisper-tiny,0.2222,0.2222,0.1111,0.0
00203344,whisper-base,0.3333,0.2222,0.1111,0.0
00203344,whisper-small,0.1111,0.1111,0.1111,0.0
00203344,vosk-cn,0.1111,0.1111,0.1111,0.0
00203344,wav2vec2-zh,0.4444,0.2222,0.1111,0.0
00203344,paraformer-zh,0.1111,0.1111,0.1111,0.0
00203344,zipformer-zh-en,0.1111,0.1111,0.1111,0.0
00203344,sense-voice,0.1111,0.1111,0.1111,0.0
00203360,whisper-tiny,0.1,0.1,0.0,0.0
00203360,whisper-base,0.0,0.0,0.0,0.0
00203360,whisper-small,0.0,0.0,0.0,0.0
00203360,vosk-cn,0.1,0.1,0.0,0.0
00203360,wav2vec2-zh,0.0,0.0,0.0,0.0
00203360,paraformer-zh,0.0,0.0,0.0,0.0
00203360,zipformer-zh-en,0.0,0.0,0.0,0.0
00203360,sense-voice,0.0,0.0,0.0,0.0
00203414,whisper-tiny,0.2632,0.1579,0.1579,0.0625
00203414,whisper-base,0.1053,0.0,0.0526,0.05263157894736842
00203414,whisper-small,0.0,0.0,0.0,0.0
00203414,vosk-cn,0.0,0.0,0.0,0.0
00203414,wav2vec2-zh,0.2105,0.0526,0.0,0.0
00203414,paraformer-zh,0.0,0.0,0.0,0.0
00203414,zipformer-zh-en,0.0526,0.0526,0.0,0.0
00203414,sense-voice,0.0,0.0,0.0,0.0
00203501,whisper-tiny,0.3636,0.0909,0.1818,0.1
00203501,whisper-base,0.3636,0.0909,0.0909,0.0
00203501,whisper-small,0.3636,0.0909,0.0909,0.0
00203501,vosk-cn,0.2727,0.0909,0.0909,0.0
00203501,wav2vec2-zh,0.3636,0.1818,0.0909,0.1111111111111111
00203501,paraformer-zh,0.0909,0.0,0.0,0.0
00203501,zipformer-zh-en,0.0909,0.0,0.0,0.0
00203501,sense-voice,0.0909,0.0,0.0,0.0
00203517,whisper-tiny,0.5556,0.4444,0.2222,0.2
00203517,whisper-base,0.6667,0.5556,0.3333,0.25
00203517,whisper-small,0.5556,0.4444,0.2222,0.0
00203517,vosk-cn,0.4444,0.4444,0.4444,0.0
00203517,wav2vec2-zh,0.5556,0.4444,0.3333,0.0
00203517,paraformer-zh,0.5556,0.4444,0.4444,0.2
00203517,zipformer-zh-en,0.4444,0.4444,0.2222,0.0
00203517,sense-voice,0.5556,0.5556,0.2222,0.0
00203604,whisper-tiny,0.4,0.4,0.2,0.0
00203604,whisper-base,0.2,0.2,0.0,0.0
00203604,whisper-small,0.3,0.2,0.1,0.125
00203604,vosk-cn,0.5,0.5,0.3,0.0
00203604,wav2vec2-zh,0.3,0.2,0.2,0.125
00203604,paraformer-zh,0.2,0.2,0.0,0.0
00203604,zipformer-zh-en,0.2,0.1,0.0,0.0
00203604,sense-voice,0.2,0.2,0.1,0.0
00203620,whisper-tiny,0.3333,0.2222,0.1111,0.0
00203620,whisper-base,0.2222,0.1111,0.0,0.0
00203620,whisper-small,0.2222,0.1111,0.0,0.0
00203620,vosk-cn,0.2222,0.2222,0.1111,0.0
00203620,wav2vec2-zh,0.4444,0.2222,0.2222,0.14285714285714285
00203620,paraformer-zh,0.0,0.0,0.0,0.0
00203620,zipformer-zh-en,0.0,0.0,0.0,0.0
00203620,sense-voice,0.1111,0.1111,0.1111,0.0
00203636,whisper-tiny,0.0909,0.0909,0.0,0.0
00203636,whisper-base,0.0,0.0,0.0,0.0
00203636,whisper-small,0.1818,0.0909,0.0909,0.0
00203636,vosk-cn,0.1818,0.1818,0.0909,0.0
00203636,wav2vec2-zh,0.0909,0.0909,0.0,0.0
00203636,paraformer-zh,0.0,0.0,0.0,0.0
00203636,zipformer-zh-en,0.1818,0.0909,0.0909,0.0
00203636,sense-voice,0.0909,0.0909,0.0909,0.0
00203652,whisper-tiny,0.0,0.0,0.0,0.0
00203652,whisper-base,0.0,0.0,0.0,0.0
00203652,whisper-small,0.0,0.0,0.0,0.0
00203652,vosk-cn,0.125,0.0625,0.0625,0.06666666666666667
00203652,wav2vec2-zh,0.4375,0.25,0.1875,0.08333333333333333
00203652,paraformer-zh,0.125,0.0625,0.0625,0.06666666666666667
00203652,zipformer-zh-en,0.125,0.0625,0.0625,0.06666666666666667
00203652,sense-voice,0.0,0.0,0.0,0.0
00203706,whisper-tiny,0.375,0.1875,0.1875,0.07692307692307693
00203706,whisper-base,0.4375,0.3125,0.1875,0.09090909090909091
00203706,whisper-small,0.3125,0.0625,0.1875,0.2
00203706,vosk-cn,0.5625,0.5,0.4375,0.125
00203706,wav2vec2-zh,0.5,0.3125,0.25,0.18181818181818182
00203706,paraformer-zh,0.0,0.0,0.0,0.0
00203706,zipformer-zh-en,0.375,0.1875,0.1875,0.23076923076923078
00203706,sense-voice,0.125,0.0625,0.0625,0.06666666666666667
00203722,whisper-tiny,0.3,0.3,0.25,0.0
00203722,whisper-base,0.2,0.15,0.05,0.0
00203722,whisper-small,0.25,0.25,0.15,0.0
00203722,vosk-cn,0.2,0.15,0.1,0.0
00203722,wav2vec2-zh,0.35,0.2,0.15,0.125
00203722,paraformer-zh,0.15,0.15,0.1,0.0
00203722,zipformer-zh-en,0.25,0.25,0.15,0.0
00203722,sense-voice,0.15,0.15,0.1,0.0
00203738,whisper-tiny,0.4444,0.3333,0.3333,0.16666666666666666
00203738,whisper-base,0.7778,0.4444,0.5556,0.6
00203738,whisper-small,0.4444,0.2222,0.4444,0.2857142857142857
00203738,vosk-cn,0.4444,0.3333,0.4444,0.16666666666666666
00203738,wav2vec2-zh,0.5556,0.3333,0.4444,0.16666666666666666
00203738,paraformer-zh,0.4444,0.2222,0.4444,0.2857142857142857
00203738,zipformer-zh-en,0.5556,0.2222,0.4444,0.2857142857142857
00203738,sense-voice,0.6667,0.4444,0.6667,0.4
00203754,whisper-tiny,0.3333,0.1111,0.1667,0.1875
00203754,whisper-base,0.3333,0.0556,0.2778,0.23529411764705882
00203754,whisper-small,0.1111,0.1111,0.1667,0.0625
00203754,vosk-cn,0.3889,0.3333,0.3333,0.0
00203754,wav2vec2-zh,0.6111,0.2222,0.3333,0.42857142857142855
00203754,paraformer-zh,0.2222,0.0556,0.2222,0.16666666666666666
00203754,zipformer-zh-en,0.5556,0.2222,0.3889,0.42857142857142855
00203754,sense-voice,0.2222,0.1111,0.1667,0.125
00203808,whisper-tiny,0.3333,0.2222,0.3333,0.14285714285714285
00203808,whisper-base,0.0,0.0,0.0,0.0
00203808,whisper-small,0.0,0.0,0.0,0.0
00203808,vosk-cn,0.3333,0.2222,0.2222,0.0
00203808,wav2vec2-zh,0.2222,0.2222,0.2222,0.0
00203808,paraformer-zh,0.0,0.0,0.0,0.0
00203808,zipformer-zh-en,0.0,0.0,0.0,0.0
00203808,sense-voice,0.0,0.0,0.0,0.0
00203824,whisper-tiny,0.0,0.0,0.0,0.0
00203824,whisper-base,0.0,0.0,0.0,0.0
00203824,whisper-small,0.1667,0.0833,0.1667,0.09090909090909091
00203824,vosk-cn,0.1667,0.1667,0.1667,0.0
00203824,wav2vec2-zh,0.3333,0.1667,0.1667,0.09090909090909091
00203824,paraformer-zh,0.25,0.1667,0.25,0.08333333333333333
00203824,zipformer-zh-en,0.25,0.1667,0.25,0.08333333333333333
00203824,sense-voice,0.25,0.1667,0.25,0.08333333333333333
00203840,whisper-tiny,0.3636,0.3636,0.2727,0.0
00203840,whisper-base,0.1818,0.1818,0.1818,0.0
00203840,whisper-small,0.1818,0.1818,0.1818,0.0
00203840,vosk-cn,0.1818,0.1818,0.1818,0.0
00203840,wav2vec2-zh,0.4545,0.2727,0.2727,0.125
00203840,paraformer-zh,0.0,0.0,0.0,0.0
00203840,zipformer-zh-en,0.2727,0.1818,0.1818,0.0
00203840,sense-voice,0.0909,0.0909,0.0909,0.0
00203856,whisper-tiny,0.4167,0.3333,0.25,0.0
00203856,whisper-base,0.3333,0.25,0.25,0.1
00203856,whisper-small,0.25,0.25,0.1667,0.0
00203856,vosk-cn,0.25,0.25,0.1667,0.0
00203856,wav2vec2-zh,0.4167,0.4167,0.25,0.0
00203856,paraformer-zh,0.25,0.25,0.0833,0.0
00203856,zipformer-zh-en,0.25,0.25,0.1667,0.0
00203856,sense-voice,0.0833,0.0833,0.0833,0.0
00203910,whisper-tiny,0.5,0.2857,0.4286,0.2727272727272727
00203910,whisper-base,0.3571,0.2143,0.2857,0.18181818181818182
00203910,whisper-small,0.2143,0.1429,0.1429,0.08333333333333333
00203910,vosk-cn,0.7143,0.5714,0.5714,0.125
00203910,wav2vec2-zh,0.4286,0.2857,0.2857,0.1
00203910,paraformer-zh,0.2143,0.2143,0.2143,0.0
00203910,zipformer-zh-en,0.2857,0.2143,0.2143,0.08333333333333333
00203910,sense-voice,0.1429,0.0714,0.1429,0.07142857142857142
00203926,whisper-tiny,0.8333,0.25,0.5833,0.6666666666666666
00203926,whisper-base,0.4167,0.0833,0.3333,0.36363636363636365
00203926,whisper-small,0.5,0.0,0.5,0.5
00203926,vosk-cn,1.0,0.75,0.6667,0.4
00203926,wav2vec2-zh,0.9167,0.25,0.75,0.7777777777777778
00203926,paraformer-zh,0.5,0.3333,0.4167,0.25
00203926,zipformer-zh-en,0.6667,0.1667,0.6667,0.6
00203926,sense-voice,0.0833,0.0833,0.0,0.0
00203942,whisper-tiny,0.3077,0.1538,0.3077,0.18181818181818182
00203942,whisper-base,0.5385,0.3077,0.4615,0.3333333333333333
00203942,whisper-small,0.5385,0.3077,0.4615,0.2222222222222222
00203942,vosk-cn,0.9231,0.8462,0.6154,0.2
00203942,wav2vec2-zh,0.8462,0.4615,0.6154,0.7142857142857143
00203942,paraformer-zh,0.5385,0.3077,0.4615,0.3333333333333333
00203942,zipformer-zh-en,0.6154,0.3846,0.6154,0.375
00203942,sense-voice,0.4615,0.2308,0.4615,0.3
00203958,whisper-tiny,0.2857,0.0,0.2857,0.2857142857142857
00203958,whisper-base,0.2857,0.1429,0.2857,0.16666666666666666
00203958,whisper-small,0.1429,0.0,0.1429,0.14285714285714285
00203958,vosk-cn,0.2857,0.1429,0.2857,0.16666666666666666
00203958,wav2vec2-zh,0.4286,0.0,0.2857,0.2857142857142857
00203958,paraformer-zh,0.0,0.0,0.0,0.0
00203958,zipformer-zh-en,0.8571,0.8571,0.7143,0.0
00203958,sense-voice,0.0,0.0,0.0,0.0
00204012,whisper-tiny,0.4615,0.4615,0.3846,0.0
00204012,whisper-base,0.6154,0.6154,0.3846,0.0
00204012,whisper-small,0.2308,0.2308,0.1538,0.0
00204012,vosk-cn,0.5385,0.4615,0.4615,0.1111111111111111
00204012,wav2vec2-zh,0.5385,0.4615,0.4615,0.1111111111111111
00204012,paraformer-zh,0.2308,0.2308,0.2308,0.0
00204012,zipformer-zh-en,0.5385,0.4615,0.4615,0.1111111111111111
00204012,sense-voice,0.3846,0.3846,0.3846,0.0
00204028,whisper-tiny,0.5,0.3,0.1,0.14285714285714285
00204028,whisper-base,0.6,0.3,0.2,0.2857142857142857
00204028,whisper-small,0.3,0.1,0.2,0.2222222222222222
00204028,vosk-cn,0.4,0.1,0.3,0.2222222222222222
00204028,wav2vec2-zh,0.7,0.4,0.4,0.5
00204028,paraformer-zh,0.2,0.2,0.1,0.0
00204028,zipformer-zh-en,0.4,0.2,0.3,0.25
00204028,sense-voice,0.2,0.1,0.1,0.1111111111111111
00204044,whisper-tiny,0.3333,0.2222,0.2222,0.0
00204044,whisper-base,0.3333,0.2222,0.2222,0.0
00204044,whisper-small,0.5556,0.1111,0.1111,0.0
00204044,vosk-cn,0.3333,0.3333,0.1111,0.0
00204044,wav2vec2-zh,0.6667,0.1111,0.3333,0.25
00204044,paraformer-zh,0.1111,0.1111,0.1111,0.0
00204044,zipformer-zh-en,0.3333,0.3333,0.2222,0.0
00204044,sense-voice,0.2222,0.2222,0.1111,0.0
00204060,whisper-tiny,0.6,0.4,0.5,0.25
00204060,whisper-base,0.4,0.3,0.4,0.1111111111111111
00204060,whisper-small,0.3,0.1,0.3,0.2222222222222222
00204060,vosk-cn,0.4,0.4,0.4,0.0
00204060,wav2vec2-zh,0.5,0.3,0.4,0.2222222222222222
00204060,paraformer-zh,0.0,0.0,0.0,0.0
00204060,zipformer-zh-en,0.4,0.3,0.4,0.1111111111111111
00204060,sense-voice,0.3,0.2,0.3,0.1
00204114,whisper-tiny,0.2632,0.1579,0.2105,0.0625
00204114,whisper-base,0.2632,0.1053,0.2105,0.11764705882352941
00204114,whisper-small,0.2632,0.1053,0.1579,0.11764705882352941
00204114,vosk-cn,0.2632,0.1579,0.1579,0.0625
00204114,wav2vec2-zh,0.3158,0.1053,0.1579,0.05555555555555555
00204114,paraformer-zh,0.0526,0.0526,0.0526,0.0
00204114,zipformer-zh-en,0.2105,0.1053,0.1579,0.05555555555555555
00204114,sense-voice,0.0,0.0,0.0,0.0
00204130,whisper-tiny,0.3636,0.1818,0.0909,0.0
00204130,whisper-base,0.5455,0.3636,0.3636,0.2
00204130,whisper-small,0.2727,0.0909,0.1818,0.2
00204130,vosk-cn,0.6364,0.3636,0.4545,0.1111111111111111
00204130,wav2vec2-zh,0.6364,0.3636,0.2727,0.1
00204130,paraformer-zh,0.2727,0.2727,0.2727,0.0
00204130,zipformer-zh-en,0.6364,0.3636,0.4545,0.2
00204130,sense-voice,0.3636,0.2727,0.3636,0.09090909090909091
00204146,whisper-tiny,0.0,0.0,0.0,0.0
00204146,whisper-base,0.0,0.0,0.0,0.0
00204146,whisper-small,0.0,0.0,0.0,0.0
00204146,vosk-cn,0.0,0.0,0.0,0.0
00204146,wav2vec2-zh,0.1429,0.0,0.1429,0.14285714285714285
00204146,paraformer-zh,0.1429,0.0,0.1429,0.14285714285714285
00204146,zipformer-zh-en,0.0,0.0,0.0,0.0
00204146,sense-voice,0.1429,0.0,0.1429,0.14285714285714285
00204162,whisper-tiny,0.3333,0.1333,0.2,0.15384615384615385
00204162,whisper-base,0.2667,0.1333,0.2,0.07692307692307693
00204162,whisper-small,0.2667,0.1333,0.2,0.07692307692307693
00204162,vosk-cn,0.3333,0.1333,0.2667,0.15384615384615385
00204162,wav2vec2-zh,0.3333,0.2,0.3333,0.25
00204162,paraformer-zh,0.1333,0.0667,0.0667,0.0
00204162,zipformer-zh-en,0.2667,0.2,0.2,0.0
00204162,sense-voice,0.2,0.0667,0.1333,0.07142857142857142
00204216,whisper-tiny,0.25,0.0,0.25,0.25
00204216,whisper-base,0.25,0.0,0.25,0.25
00204216,whisper-small,0.125,0.0,0.125,0.125
00204216,vosk-cn,0.375,0.125,0.375,0.2857142857142857
00204216,wav2vec2-zh,0.125,0.125,0.0,0.0
00204216,paraformer-zh,0.125,0.0,0.125,0.125
00204216,zipformer-zh-en,0.5,0.375,0.5,0.2
00204216,sense-voice,0.25,0.125,0.125,0.14285714285714285
00204232,whisper-tiny,0.2,0.0,0.2,0.2
00204232,whisper-base,0.2,0.0,0.2,0.2
00204232,whisper-small,0.2,0.0,0.2,0.2
00204232,vosk-cn,0.4,0.0,0.4,0.4
00204232,wav2vec2-zh,0.4,0.0,0.4,0.4
00204232,paraformer-zh,0.2,0.0,0.2,0.2
00204232,zipformer-zh-en,0.2,0.0,0.2,0.2
00204232,sense-voice,0.2,0.2,0.2,0.0
00204248,whisper-tiny,0.1429,0.0952,0.0476,0.0
00204248,whisper-base,0.0,0.0,0.0,0.0
00204248,whisper-small,0.0,0.0,0.0,0.0
00204248,vosk-cn,0.0952,0.0952,0.0952,0.0
00204248,wav2vec2-zh,0.2857,0.0,0.2381,0.23809523809523808
00204248,paraformer-zh,0.0,0.0,0.0,0.0
00204248,zipformer-zh-en,0.0952,0.0476,0.0952,0.05
00204248,sense-voice,0.0,0.0,0.0,0.0
00204302,whisper-tiny,0.5556,0.3333,0.4444,0.125
00204302,whisper-base,0.6667,0.3333,0.5556,0.25
00204302,whisper-small,0.0,0.0,0.0,0.0
00204302,vosk-cn,0.3333,0.3333,0.3333,0.0
00204302,wav2vec2-zh,0.5556,0.3333,0.3333,0.125
00204302,paraformer-zh,0.3333,0.3333,0.3333,0.0
00204302,zipformer-zh-en,0.3333,0.3333,0.3333,0.0
00204302,sense-voice,0.2222,0.2222,0.2222,0.0
00204319,whisper-tiny,0.6154,0.2308,0.2308,0.09090909090909091
00204319,whisper-base,0.4615,0.3077,0.2308,0.0
00204319,whisper-small,0.3846,0.3077,0.3077,0.0
00204319,vosk-cn,0.4615,0.3077,0.3077,0.1
00204319,wav2vec2-zh,0.5385,0.1538,0.3846,0.36363636363636365
00204319,paraformer-zh,0.3077,0.3077,0.2308,0.0
00204319,zipformer-zh-en,0.3846,0.1538,0.2308,0.18181818181818182
00204319,sense-voice,0.2308,0.1538,0.2308,0.08333333333333333
00204335,whisper-tiny,0.3333,0.2222,0.2222,0.14285714285714285
00204335,whisper-base,0.4444,0.2222,0.4444,0.2857142857142857
00204335,whisper-small,0.2222,0.2222,0.2222,0.0
00204335,vosk-cn,0.8889,0.5556,0.5556,0.4
00204335,wav2vec2-zh,0.6667,0.3333,0.5556,0.3333333333333333
00204335,paraformer-zh,0.2222,0.2222,0.2222,0.0
00204335,zipformer-zh-en,0.6667,0.4444,0.4444,0.16666666666666666
00204335,sense-voice,0.3333,0.2222,0.3333,0.125
00204351,whisper-tiny,0.1875,0.125,0.1875,0.06666666666666667
00204351,whisper-base,0.3125,0.1875,0.3125,0.14285714285714285
00204351,whisper-small,0.0625,0.0625,0.0625,0.0
00204351,vosk-cn,0.125,0.0625,0.125,0.0625
00204351,wav2vec2-zh,0.4375,0.25,0.375,0.23076923076923078
00204351,paraformer-zh,0.0625,0.0625,0.0625,0.0
00204351,zipformer-zh-en,0.0625,0.0625,0.0625,0.0
00204351,sense-voice,0.0625,0.0625,0.0625,0.0
00204405,whisper-tiny,0.3529,0.2353,0.3529,0.14285714285714285
00204405,whisper-base,0.3529,0.1765,0.2353,0.14285714285714285
00204405,whisper-small,0.2941,0.1765,0.2353,0.14285714285714285
00204405,vosk-cn,0.2941,0.2353,0.2353,0.07692307692307693
00204405,wav2vec2-zh,0.4118,0.2353,0.4118,0.23076923076923078
00204405,paraformer-zh,0.2941,0.2353,0.2353,0.07692307692307693
00204405,zipformer-zh-en,0.3529,0.2941,0.2941,0.08333333333333333
00204405,sense-voice,0.1765,0.1176,0.1176,0.06666666666666667
00204421,whisper-tiny,0.625,0.375,0.4375,0.07142857142857142
00204421,whisper-base,0.8125,0.375,0.4375,0.2857142857142857
00204421,whisper-small,0.5,0.4375,0.375,0.07692307692307693
00204421,vosk-cn,0.6875,0.4375,0.5,0.3076923076923077
00204421,wav2vec2-zh,0.75,0.4375,0.5,0.23076923076923078
00204421,paraformer-zh,0.3125,0.3125,0.3125,0.0
00204421,zipformer-zh-en,0.6875,0.4375,0.5,0.15384615384615385
00204421,sense-voice,0.25,0.25,0.25,0.0
00204437,whisper-tiny,0.3333,0.2667,0.2,0.09090909090909091
00204437,whisper-base,0.2667,0.2,0.2,0.08333333333333333
00204437,whisper-small,0.2,0.1333,0.1333,0.07692307692307693
00204437,vosk-cn,0.4,0.3333,0.2,0.0
00204437,wav2vec2-zh,0.5333,0.2667,0.3333,0.2727272727272727
00204437,paraformer-zh,0.0667,0.0667,0.0667,0.0
00204437,zipformer-zh-en,0.2667,0.2,0.2,0.08333333333333333
00204437,sense-voice,0.1333,0.0667,0.1333,0.07142857142857142
00204453,whisper-tiny,0.6667,0.3333,0.6667,0.5
00204453,whisper-base,0.6667,0.5,0.5,0.3333333333333333
00204453,whisper-small,0.3333,0.3333,0.3333,0.0
00204453,vosk-cn,0.3333,0.1667,0.3333,0.2
00204453,wav2vec2-zh,0.8333,0.3333,0.8333,0.75
00204453,paraformer-zh,0.1667,0.1667,0.1667,0.0
00204453,zipformer-zh-en,0.8333,0.3333,0.8333,0.75
00204453,sense-voice,0.5,0.5,0.5,0.0
00204507,whisper-tiny,1.0,0.3333,0.5556,0.6666666666666666
00204507,whisper-base,1.0,0.4444,0.5556,0.6
00204507,whisper-small,1.0,0.5556,0.5556,0.5
00204507,vosk-cn,0.4444,0.3333,0.2222,0.0
00204507,wav2vec2-zh,0.8889,0.2222,0.4444,0.5714285714285714
00204507,paraformer-zh,0.2222,0.2222,0.2222,0.0
00204507,zipformer-zh-en,1.0,0.6667,0.6667,0.25
00204507,sense-voice,0.4444,0.3333,0.3333,0.0
00204523,whisper-tiny,1.0,0.7273,0.7273,0.5
00204523,whisper-base,1.0,0.9091,0.6364,0.0
00204523,whisper-small,0.5455,0.2727,0.4545,0.25
00204523,vosk-cn,0.7273,0.5455,0.4545,0.0
00204523,wav2vec2-zh,0.8182,0.5455,0.7273,0.4
00204523,paraformer-zh,0.4545,0.3636,0.3636,0.0
00204523,zipformer-zh-en,1.0,0.8182,0.6364,0.3333333333333333
00204523,sense-voice,0.2727,0.1818,0.1818,0.0
00204539,whisper-tiny,0.5,0.5,0.3333,0.0
00204539,whisper-base,0.3333,0.3333,0.1667,0.0
00204539,whisper-small,0.5,0.5,0.1667,0.0
00204539,vosk-cn,0.8333,0.8333,0.5,0.0
00204539,wav2vec2-zh,0.6667,0.5,0.5,0.3333333333333333
00204539,paraformer-zh,1.0,0.6667,0.8333,0.6666666666666666
00204539,zipformer-zh-en,0.8333,0.8333,0.6667,0.0
00204539,sense-voice,0.3333,0.1667,0.3333,0.2
00204555,whisper-tiny,0.2941,0.1765,0.2353,0.14285714285714285
00204555,whisper-base,0.2353,0.1176,0.2353,0.13333333333333333
00204555,whisper-small,0.2353,0.1176,0.2353,0.13333333333333333
00204555,vosk-cn,0.5294,0.2941,0.4706,0.2857142857142857
00204555,wav2vec2-zh,0.4706,0.3529,0.2941,0.08333333333333333
00204555,paraformer-zh,0.1765,0.1765,0.1765,0.0
00204555,zipformer-zh-en,0.2941,0.2353,0.2941,0.07142857142857142
00204555,sense-voice,0.2941,0.2353,0.2941,0.06666666666666667
00204609,whisper-tiny,0.5833,0.3333,0.5833,0.375
00204609,whisper-base,0.4167,0.25,0.4167,0.2222222222222222
00204609,whisper-small,0.5,0.25,0.5,0.3333333333333333
00204609,vosk-cn,0.0,0.0,0.0,0.0
00204609,wav2vec2-zh,0.6667,0.1667,0.75,0.8
00204609,paraformer-zh,0.5833,0.3333,0.5,0.25
00204609,zipformer-zh-en,0.4167,0.3333,0.5833,0.375
00204609,sense-voice,0.0833,0.0,0.1667,0.16666666666666666
00204625,whisper-tiny,0.1667,0.0833,0.1667,0.09090909090909091
00204625,whisper-base,0.1667,0.0833,0.1667,0.09090909090909091
00204625,whisper-small,0.0833,0.0833,0.0833,0.0
00204625,vosk-cn,0.3333,0.25,0.1667,0.1111111111111111
00204625,wav2vec2-zh,0.4167,0.1667,0.3333,0.3
00204625,paraformer-zh,0.1667,0.0833,0.1667,0.09090909090909091
00204625,zipformer-zh-en,0.25,0.1667,0.1667,0.1
00204625,sense-voice,0.1667,0.0833,0.1667,0.09090909090909091
00204641,whisper-tiny,0.875,0.625,0.75,0.6666666666666666
00204641,whisper-base,0.5,0.375,0.375,0.2
00204641,whisper-small,0.75,0.375,0.5,0.5
00204641,vosk-cn,0.75,0.5,0.375,0.4
00204641,wav2vec2-zh,0.625,0.375,0.5,0.4
00204641,paraformer-zh,0.625,0.5,0.5,0.25
00204641,zipformer-zh-en,0.75,0.375,0.5,0.4
00204641,sense-voice,0.25,0.25,0.25,0.0
00204657,whisper-tiny,0.5,0.5,0.375,0.0
00204657,whisper-base,0.5,0.375,0.375,0.0
00204657,whisper-small,1.125,0.5,0.5,0.14285714285714285
00204657,vosk-cn,1.125,0.75,0.625,0.16666666666666666
00204657,wav2vec2-zh,1.125,1.0,0.625,0.3333333333333333
00204657,paraformer-zh,1.25,0.375,0.625,0.25
00204657,zipformer-zh-en,1.125,0.375,0.5,0.2857142857142857
00204657,sense-voice,0.375,0.375,0.375,0.0
00200104,whisper-tiny,0.1111,0.0,0.1111,0.1111111111111111
00200104,whisper-base,0.0,0.0,0.0,0.0
00200104,whisper-small,0.0,0.0,0.0,0.0
00200104,vosk-cn,0.1111,0.1111,0.1111,0.0
00200104,wav2vec2-zh,0.1111,0.0,0.1111,0.1111111111111111
00200104,paraformer-zh,0.0,0.0,0.0,0.0
00200104,zipformer-zh-en,0.1111,0.0,0.1111,0.1111111111111111
00200104,sense-voice,0.0,0.0,0.0,0.0
00200120,whisper-tiny,0.3125,0.1875,0.3125,0.15384615384615385
00200120,whisper-base,0.4375,0.25,0.4375,0.25
00200120,whisper-small,0.25,0.1875,0.25,0.07692307692307693
00200120,vosk-cn,0.0625,0.0625,0.0625,0.0
00200120,wav2vec2-zh,0.5,0.3125,0.375,0.2727272727272727
00200120,paraformer-zh,0.0625,0.0625,0.0,0.0
00200120,zipformer-zh-en,0.25,0.1875,0.125,0.07692307692307693
00200120,sense-voice,0.125,0.125,0.0625,0.0
00200216,whisper-tiny,0.0909,0.0,0.0909,0.09090909090909091
00200216,whisper-base,0.0,0.0,0.0,0.0
00200216,whisper-small,0.0,0.0,0.0,0.0
00200216,vosk-cn,0.0,0.0,0.0,0.0
00200216,wav2vec2-zh,0.2727,0.0909,0.2727,0.2
00200216,paraformer-zh,0.0,0.0,0.0,0.0
00200216,zipformer-zh-en,0.0909,0.0909,0.0,0.0
00200216,sense-voice,0.0,0.0,0.0,0.0
00200312,whisper-tiny,0.1667,0.0833,0.0833,0.0
00200312,whisper-base,0.25,0.1667,0.0833,0.0
00200312,whisper-small,0.0833,0.0,0.0,0.0
00200312,vosk-cn,0.0833,0.0833,0.0833,0.0
00200312,wav2vec2-zh,0.0,0.0,0.0,0.0
00200312,paraformer-zh,0.0,0.0,0.0,0.0
00200312,zipformer-zh-en,0.0833,0.0,0.0,0.0
00200312,sense-voice,0.0,0.0,0.0,0.0
00200408,whisper-tiny,0.6667,0.8333,0.5,0.0
00200408,whisper-base,0.0,0.0,0.0,0.0
00200408,whisper-small,0.1667,0.1667,0.1667,0.0
00200408,vosk-cn,0.1667,0.1667,0.1667,0.0
00200408,wav2vec2-zh,0.1667,0.1667,0.1667,0.0
00200408,paraformer-zh,0.0,0.0,0.0,0.0
00200408,zipformer-zh-en,0.1667,0.1667,0.1667,0.0
00200408,sense-voice,0.0,0.0,0.0,0.0
00200504,whisper-tiny,0.0,0.0,0.0,0.0
00200504,whisper-base,0.0,0.0,0.0,0.0
00200504,whisper-small,0.0,0.0,0.0,0.0
00200504,vosk-cn,0.2222,0.1111,0.2222,0.25
00200504,wav2vec2-zh,0.1111,0.1111,0.1111,0.0
00200504,paraformer-zh,0.0,0.0,0.0,0.0
00200504,zipformer-zh-en,0.0,0.0,0.0,0.0
00200504,sense-voice,0.0,0.0,0.0,0.0
00200520,whisper-tiny,0.5625,0.375,0.4375,0.3
00200520,whisper-base,0.375,0.25,0.375,0.16666666666666666
00200520,whisper-small,0.125,0.0625,0.125,0.06666666666666667
00200520,vosk-cn,0.3125,0.25,0.1875,0.08333333333333333
00200520,wav2vec2-zh,0.4375,0.25,0.375,0.25
00200520,paraformer-zh,0.0,0.0,0.0,0.0
00200520,zipformer-zh-en,0.1875,0.0625,0.1875,0.13333333333333333
00200520,sense-voice,0.0625,0.0,0.0625,0.0625
00200616,whisper-tiny,0.1818,0.0909,0.1818,0.1
00200616,whisper-base,0.1818,0.0,0.1818,0.18181818181818182
00200616,whisper-small,0.0909,0.0,0.0909,0.09090909090909091
00200616,vosk-cn,0.0909,0.0909,0.1818,0.1
00200616,wav2vec2-zh,0.1818,0.0,0.0909,0.09090909090909091
00200616,paraformer-zh,0.0909,0.0,0.0909,0.09090909090909091
00200616,zipformer-zh-en,0.0909,0.0,0.0909,0.09090909090909091
00200616,sense-voice,0.0,0.0,0.0,0.0
00200712,whisper-tiny,0.25,0.1667,0.0833,0.0
00200712,whisper-base,0.0833,0.0,0.0,0.0
00200712,whisper-small,0.1667,0.1667,0.1667,0.0
00200712,vosk-cn,0.3333,0.3333,0.25,0.0
00200712,wav2vec2-zh,0.25,0.25,0.25,0.0
00200712,paraformer-zh,0.0,0.0,0.0,0.0
00200712,zipformer-zh-en,0.0,0.0,0.0,0.0
00200712,sense-voice,0.0833,0.0833,0.0833,0.0
00200808,whisper-tiny,0.0,0.0,0.0,0.0
00200808,whisper-base,0.0,0.0,0.0,0.0
00200808,whisper-small,0.0,0.0,0.0,0.0
00200808,vosk-cn,0.0,0.0,0.0,0.0
00200808,wav2vec2-zh,0.1667,0.0,0.0,0.0
00200808,paraformer-zh,0.0,0.0,0.0,0.0
00200808,zipformer-zh-en,0.0,0.0,0.0,0.0
00200808,sense-voice,0.0,0.0,0.0,0.0
00200904,whisper-tiny,0.0,0.0,0.0,0.0
00200904,whisper-base,0.0,0.0,0.0,0.0
00200904,whisper-small,0.0,0.0,0.0,0.0
00200904,vosk-cn,0.0,0.0,0.0,0.0
00200904,wav2vec2-zh,0.0,0.0,0.0,0.0
00200904,paraformer-zh,0.0,0.0,0.0,0.0
00200904,zipformer-zh-en,0.0,0.0,0.0,0.0
00200904,sense-voice,0.0,0.0,0.0,0.0
00200920,whisper-tiny,0.1875,0.0,0.1875,0.1875
00200920,whisper-base,0.0,0.0,0.0,0.0
00200920,whisper-small,0.0625,0.0625,0.0625,0.0
00200920,vosk-cn,0.0,0.0,0.0,0.0
00200920,wav2vec2-zh,0.1875,0.125,0.1875,0.07142857142857142
00200920,paraformer-zh,0.0,0.0,0.0,0.0
00200920,zipformer-zh-en,0.0,0.0,0.0,0.0
00200920,sense-voice,0.0,0.0,0.0,0.0
00201016,whisper-tiny,0.1818,0.1818,0.0,0.0
00201016,whisper-base,0.0909,0.0909,0.0,0.0
00201016,whisper-small,0.0909,0.0909,0.0,0.0
00201016,vosk-cn,0.1818,0.1818,0.0909,0.0
00201016,wav2vec2-zh,0.4545,0.3636,0.1818,0.14285714285714285
00201016,paraformer-zh,0.0,0.0,0.0,0.0
00201016,zipformer-zh-en,0.1818,0.0909,0.0909,0.1
00201016,sense-voice,0.0,0.0,0.0,0.0
00201112,whisper-tiny,0.4167,0.3333,0.1667,0.0
00201112,whisper-base,0.4167,0.25,0.1667,0.1
00201112,whisper-small,0.0833,0.0,0.0,0.0
00201112,vosk-cn,0.25,0.25,0.0833,0.0
00201112,wav2vec2-zh,0.5,0.4167,0.3333,0.125
00201112,paraformer-zh,0.25,0.25,0.25,0.0
00201112,zipformer-zh-en,0.3333,0.1667,0.25,0.1
00201112,sense-voice,0.0,0.0,0.0,0.0
00201208,whisper-tiny,1.3333,1.3333,1.1667,0.0
00201208,whisper-base,0.1667,0.1667,0.1667,0.0
00201208,whisper-small,0.8333,0.8333,0.8333,0.0
00201208,vosk-cn,1.0,1.0,1.0,0.0
00201208,wav2vec2-zh,0.8333,0.8333,0.6667,0.0
00201208,paraformer-zh,0.8333,0.8333,0.8333,0.0
00201208,zipformer-zh-en,1.1667,1.1667,1.1667,0.0
00201208,sense-voice,0.8333,0.8333,0.8333,0.0
00201304,whisper-tiny,0.4444,0.2222,0.4444,0.2857142857142857
00201304,whisper-base,0.3333,0.1111,0.3333,0.25
00201304,whisper-small,0.1111,0.1111,0.1111,0.0
00201304,vosk-cn,0.7778,0.6667,0.5556,0.25
00201304,wav2vec2-zh,0.5556,0.3333,0.5556,0.3333333333333333
00201304,paraformer-zh,0.5556,0.5556,0.4444,0.0
00201304,zipformer-zh-en,0.4444,0.2222,0.4444,0.2857142857142857
00201304,sense-voice,0.0,0.0,0.0,0.0
00201320,whisper-tiny,0.5625,0.3125,0.5,0.3333333333333333
00201320,whisper-base,0.5,0.1875,0.4375,0.38461538461538464
00201320,whisper-small,0.5625,0.1875,0.5,0.46153846153846156
00201320,vosk-cn,0.375,0.3125,0.25,0.08333333333333333
00201320,wav2vec2-zh,0.6875,0.25,0.625,0.5833333333333334
00201320,paraformer-zh,0.375,0.1875,0.25,0.23076923076923078
00201320,zipformer-zh-en,0.5,0.125,0.4375,0.42857142857142855
00201320,sense-voice,0.5625,0.125,0.5,0.5
00201416,whisper-tiny,0.0909,0.0,0.0909,0.09090909090909091
00201416,whisper-base,0.0909,0.0,0.0909,0.09090909090909091
00201416,whisper-small,0.0,0.0,0.0,0.0
00201416,vosk-cn,0.1818,0.1818,0.1818,0.0
00201416,wav2vec2-zh,0.3636,0.0909,0.2727,0.2
00201416,paraformer-zh,0.0,0.0,0.0,0.0
00201416,zipformer-zh-en,0.1818,0.0909,0.1818,0.1
00201416,sense-voice,0.0,0.0,0.0,0.0
00201512,whisper-tiny,0.4167,0.3333,0.3333,0.125
00201512,whisper-base,0.0833,0.0,0.0,0.0
00201512,whisper-small,0.0833,0.0,0.0,0.0
00201512,vosk-cn,0.25,0.1667,0.1667,0.1
00201512,wav2vec2-zh,0.5,0.5,0.5,0.16666666666666666
00201512,paraformer-zh,0.0833,0.0833,0.0833,0.0
00201512,zipformer-zh-en,0.4167,0.3333,0.3333,0.125
00201512,sense-voice,0.0,0.0,0.0,0.0
00201608,whisper-tiny,0.1667,0.1667,0.1667,0.0
00201608,whisper-base,0.0,0.0,0.0,0.0
00201608,whisper-small,0.0,0.0,0.0,0.0
00201608,vosk-cn,0.0,0.0,0.0,0.0
00201608,wav2vec2-zh,0.1667,0.1667,0.1667,0.0
00201608,paraformer-zh,0.0,0.0,0.0,0.0
00201608,zipformer-zh-en,0.3333,0.3333,0.0,0.0
00201608,sense-voice,0.0,0.0,0.0,0.0
00201733,whisper-tiny,0.4,0.2,0.3,0.125
00201733,whisper-base,0.5,0.3,0.4,0.14285714285714285
00201733,whisper-small,0.2,0.1,0.1,0.0
00201733,vosk-cn,0.4,0.2,0.4,0.2222222222222222
00201733,wav2vec2-zh,0.4,0.3,0.3,0.0
00201733,paraformer-zh,0.1,0.1,0.1,0.0
00201733,zipformer-zh-en,0.1,0.1,0.1,0.0
00201733,sense-voice,0.0,0.0,0.0,0.0
00201749,whisper-tiny,0.0,0.0,0.0,0.0
00201749,whisper-base,0.0,0.0,0.0,0.0
00201749,whisper-small,0.0,0.0,0.0,0.0
00201749,vosk-cn,0.3333,0.3333,0.3333,0.0
00201749,wav2vec2-zh,0.3333,0.2222,0.3333,0.1111111111111111
00201749,paraformer-zh,0.2222,0.2222,0.2222,0.0
00201749,zipformer-zh-en,0.2222,0.2222,0.2222,0.0
00201749,sense-voice,0.1111,0.1111,0.1111,0.0
00201807,whisper-tiny,0.4,0.3,0.3,0.1111111111111111
00201807,whisper-base,0.2,0.2,0.2,0.0
00201807,whisper-small,0.2,0.2,0.1,0.0
00201807,vosk-cn,0.3,0.3,0.3,0.0
00201807,wav2vec2-zh,0.5,0.5,0.3,0.0
00201807,paraformer-zh,0.4,0.4,0.4,0.0
00201807,zipformer-zh-en,0.3,0.3,0.3,0.0
00201807,sense-voice,0.3,0.3,0.3,0.0
00201903,whisper-tiny,0.125,0.125,0.125,0.0
00201903,whisper-base,0.0,0.0,0.0,0.0
00201903,whisper-small,0.0,0.0,0.0,0.0
00201903,vosk-cn,0.625,0.375,0.625,0.4
00201903,wav2vec2-zh,0.75,0.125,0.625,0.7142857142857143
00201903,paraformer-zh,0.0,0.0,0.0,0.0
00201903,zipformer-zh-en,0.0,0.0,0.0,0.0
00201903,sense-voice,0.0,0.0,0.0,0.0
00201919,whisper-tiny,0.2857,0.1429,0.2857,0.16666666666666666
00201919,whisper-base,0.2857,0.1429,0.2857,0.16666666666666666
00201919,whisper-small,0.7143,0.5714,0.5714,0.16666666666666666
00201919,vosk-cn,0.7143,0.7143,0.5714,0.0
00201919,wav2vec2-zh,1.0,0.7143,0.8571,0.4
00201919,paraformer-zh,0.8571,0.7143,0.7143,0.2
00201919,zipformer-zh-en,0.5714,0.5714,0.5714,0.0
00201919,sense-voice,0.7143,0.7143,0.5714,0.0
00202015,whisper-tiny,0.1429,0.1429,0.1429,0.0
00202015,whisper-base,0.1429,0.1429,0.1429,0.0
00202015,whisper-small,0.1429,0.1429,0.1429,0.0
00202015,vosk-cn,0.1429,0.1429,0.1429,0.0
00202015,wav2vec2-zh,0.2857,0.2857,0.2857,0.0
00202015,paraformer-zh,0.1429,0.1429,0.1429,0.0
00202015,zipformer-zh-en,0.1429,0.1429,0.1429,0.0
00202015,sense-voice,0.1429,0.1429,0.1429,0.0
00202111,whisper-tiny,0.0,0.0,0.0,0.0
00202111,whisper-base,0.0,0.0,0.0,0.0
00202111,whisper-small,0.1111,0.0,0.1111,0.1111111111111111
00202111,vosk-cn,0.2222,0.2222,0.1111,0.0
00202111,wav2vec2-zh,0.4444,0.2222,0.2222,0.14285714285714285
00202111,paraformer-zh,0.0,0.0,0.0,0.0
00202111,zipformer-zh-en,0.1111,0.0,0.0,0.0
00202111,sense-voice,0.0,0.0,0.0,0.0
00202207,whisper-tiny,0.4,0.3,0.3,0.14285714285714285
00202207,whisper-base,0.2,0.1,0.2,0.1111111111111111
00202207,whisper-small,0.0,0.0,0.0,0.0
00202207,vosk-cn,0.2,0.1,0.2,0.1111111111111111
00202207,wav2vec2-zh,0.4,0.1,0.4,0.3333333333333333
00202207,paraformer-zh,0.0,0.0,0.0,0.0
00202207,zipformer-zh-en,0.0,0.0,0.0,0.0
00202207,sense-voice,0.0,0.0,0.0,0.0
00202303,whisper-tiny,0.3125,0.25,0.25,0.06666666666666667
00202303,whisper-base,0.0625,0.0625,0.0625,0.0
00202303,whisper-small,0.0625,0.0625,0.0625,0.0
00202303,vosk-cn,0.3125,0.3125,0.3125,0.0
00202303,wav2vec2-zh,0.3125,0.3125,0.25,0.0
00202303,paraformer-zh,0.25,0.25,0.25,0.0
00202303,zipformer-zh-en,0.25,0.25,0.25,0.0
00202303,sense-voice,0.25,0.25,0.25,0.0
00202319,whisper-tiny,0.6923,0.5385,0.5385,0.09090909090909091
00202319,whisper-base,0.4615,0.3077,0.2308,0.0
00202319,whisper-small,0.3077,0.3077,0.1538,0.0
00202319,vosk-cn,1.1538,1.0,0.8462,0.0
00202319,wav2vec2-zh,1.1538,0.8462,0.6154,0.1111111111111111
00202319,paraformer-zh,1.0769,1.0,0.8462,0.0
00202319,zipformer-zh-en,0.8462,0.7692,0.6154,0.0
00202319,sense-voice,0.6923,0.6154,0.5385,0.0
00202335,whisper-tiny,0.5556,0.4444,0.4444,0.14285714285714285
00202335,whisper-base,0.3333,0.3333,0.3333,0.0
00202335,whisper-small,0.0,0.0,0.0,0.0
00202335,vosk-cn,0.5556,0.4444,0.4444,0.125
00202335,wav2vec2-zh,0.4444,0.4444,0.3333,0.0
00202335,paraformer-zh,0.3333,0.3333,0.3333,0.0
00202335,zipformer-zh-en,0.3333,0.3333,0.3333,0.0
00202335,sense-voice,0.3333,0.3333,0.3333,0.0
00202351,whisper-tiny,0.25,0.25,0.1875,0.0
00202351,whisper-base,0.1875,0.1875,0.1875,0.0
00202351,whisper-small,0.0625,0.0625,0.0625,0.0
00202351,vosk-cn,0.1875,0.1875,0.1875,0.0
00202351,wav2vec2-zh,0.25,0.1875,0.1875,0.0
00202351,paraformer-zh,0.1875,0.1875,0.1875,0.0
00202351,zipformer-zh-en,0.1875,0.1875,0.1875,0.0
00202351,sense-voice,0.1875,0.1875,0.1875,0.0
00202405,whisper-tiny,0.3529,0.2941,0.2353,0.0
00202405,whisper-base,0.1765,0.1176,0.1176,0.0
00202405,whisper-small,0.0588,0.0588,0.0588,0.0
00202405,vosk-cn,0.0588,0.0588,0.0588,0.0
00202405,wav2vec2-zh,0.3529,0.1765,0.1765,0.07142857142857142
00202405,paraformer-zh,0.0,0.0,0.0,0.0
00202405,zipformer-zh-en,0.1176,0.1176,0.1176,0.0
00202405,sense-voice,0.0,0.0,0.0,0.0
00202421,whisper-tiny,0.1875,0.0,0.0625,0.0625
00202421,whisper-base,0.125,0.0625,0.0625,0.0
00202421,whisper-small,0.0,0.0,0.0,0.0
00202421,vosk-cn,0.125,0.125,0.125,0.0
00202421,wav2vec2-zh,0.1875,0.125,0.0,0.0
00202421,paraformer-zh,0.0,0.0,0.0,0.0
00202421,zipformer-zh-en,0.1875,0.125,0.0,0.0
00202421,sense-voice,0.0,0.0,0.0,0.0
00202437,whisper-tiny,0.1333,0.0667,0.0667,0.07142857142857142
00202437,whisper-base,0.0667,0.0,0.0,0.0
00202437,whisper-small,0.0,0.0,0.0,0.0
00202437,vosk-cn,0.1333,0.0667,0.0,0.0
00202437,wav2vec2-zh,0.2,0.0667,0.0667,0.07142857142857142
00202437,paraformer-zh,0.0,0.0,0.0,0.0
00202437,zipformer-zh-en,0.0,0.0,0.0,0.0
00202437,sense-voice,0.0,0.0,0.0,0.0
00202453,whisper-tiny,0.1667,0.1667,0.1667,0.0
00202453,whisper-base,0.0,0.0,0.0,0.0
00202453,whisper-small,0.0,0.0,0.0,0.0
00202453,vosk-cn,1.0,1.0,1.0,0.0
00202453,wav2vec2-zh,1.0,0.8333,0.6667,0.2
00202453,paraformer-zh,1.0,1.0,0.8333,0.0
00202453,zipformer-zh-en,1.0,1.0,0.8333,0.0
00202453,sense-voice,1.0,1.0,0.8333,0.0
00202507,whisper-tiny,0.6667,0.3333,0.2222,0.0
00202507,whisper-base,0.4444,0.3333,0.2222,0.0
00202507,whisper-small,0.3333,0.3333,0.2222,0.0
00202507,vosk-cn,0.0,0.0,0.0,0.0
00202507,wav2vec2-zh,0.3333,0.1111,0.1111,0.0
00202507,paraformer-zh,0.0,0.0,0.0,0.0
00202507,zipformer-zh-en,0.0,0.0,0.0,0.0
00202507,sense-voice,0.0,0.0,0.0,0.0
00202523,whisper-tiny,0.0,0.0,0.0,0.0
00202523,whisper-base,0.0,0.0,0.0,0.0
00202523,whisper-small,0.0,0.0,0.0,0.0
00202523,vosk-cn,0.0,0.0,0.0,0.0
00202523,wav2vec2-zh,0.2727,0.0909,0.2727,0.2
00202523,paraformer-zh,0.0,0.0,0.0,0.0
00202523,zipformer-zh-en,0.0909,0.0909,0.0,0.0
00202523,sense-voice,0.0,0.0,0.0,0.0
00202610,whisper-tiny,0.5714,0.2143,0.3571,0.36363636363636365
00202610,whisper-base,0.3571,0.1429,0.2143,0.16666666666666666
00202610,whisper-small,0.1429,0.0714,0.1429,0.07692307692307693
00202610,vosk-cn,0.6429,0.4286,0.4286,0.2
00202610,wav2vec2-zh,0.4286,0.1429,0.3571,0.25
00202610,paraformer-zh,0.0714,0.0714,0.0714,0.0
00202610,zipformer-zh-en,0.4286,0.2857,0.3571,0.2
00202610,sense-voice,0.2143,0.0714,0.2143,0.14285714285714285
00202626,whisper-tiny,0.8333,0.4167,0.6667,0.36363636363636365
00202626,whisper-base,0.6667,0.25,0.4167,0.16666666666666666
00202626,whisper-small,0.25,0.1667,0.25,0.08333333333333333
00202626,vosk-cn,0.8333,0.5833,0.6667,0.2222222222222222
00202626,wav2vec2-zh,0.9167,0.4167,0.5,0.4
00202626,paraformer-zh,0.3333,0.3333,0.3333,0.0
00202626,zipformer-zh-en,0.8333,0.5,0.5,0.2
00202626,sense-voice,0.25,0.25,0.25,0.0
00202642,whisper-tiny,0.7692,0.6154,0.4615,0.0
00202642,whisper-base,0.5385,0.4615,0.3846,0.14285714285714285
00202642,whisper-small,0.4615,0.4615,0.3846,0.0
00202642,vosk-cn,0.8462,0.7692,0.6923,0.125
00202642,wav2vec2-zh,0.9231,0.6923,0.5385,0.42857142857142855
00202642,paraformer-zh,0.5385,0.5385,0.5385,0.0
00202642,zipformer-zh-en,0.8462,0.6923,0.3846,0.14285714285714285
00202642,sense-voice,0.6154,0.5385,0.5385,0.0
00202658,whisper-tiny,0.4286,0.1429,0.4286,0.3333333333333333
00202658,whisper-base,0.2857,0.1429,0.2857,0.16666666666666666
00202658,whisper-small,0.4286,0.2857,0.4286,0.2
00202658,vosk-cn,0.4286,0.1429,0.4286,0.3333333333333333
00202658,wav2vec2-zh,0.4286,0.2857,0.4286,0.2
00202658,paraformer-zh,0.2857,0.2857,0.2857,0.0
00202658,zipformer-zh-en,0.2857,0.2857,0.2857,0.0
00202658,sense-voice,0.0,0.0,0.0,0.0
00202712,whisper-tiny,0.0769,0.0769,0.0769,0.0
00202712,whisper-base,0.0769,0.0,0.0769,0.07692307692307693
00202712,whisper-small,0.0769,0.0,0.0769,0.07692307692307693
00202712,vosk-cn,0.0,0.0,0.0,0.0
00202712,wav2vec2-zh,0.2308,0.0769,0.1538,0.16666666666666666
00202712,paraformer-zh,0.0,0.0,0.0,0.0
00202712,zipformer-zh-en,0.3077,0.2308,0.1538,0.1
00202712,sense-voice,0.0,0.0,0.0,0.0
00202728,whisper-tiny,0.6,0.4,0.3,0.3333333333333333
00202728,whisper-base,0.5,0.2,0.3,0.375
00202728,whisper-small,0.6,0.3,0.4,0.42857142857142855
00202728,vosk-cn,0.6,0.3,0.3,0.375
00202728,wav2vec2-zh,0.6,0.2,0.4,0.4444444444444444
00202728,paraformer-zh,0.7,0.3,0.5,0.5
00202728,zipformer-zh-en,0.5,0.2,0.3,0.3333333333333333
00202728,sense-voice,0.4,0.1,0.3,0.3
00202744,whisper-tiny,0.3333,0.1111,0.2222,0.125
00202744,whisper-base,0.2222,0.1111,0.1111,0.0
00202744,whisper-small,0.1111,0.1111,0.1111,0.0
00202744,vosk-cn,0.2222,0.2222,0.1111,0.0
00202744,wav2vec2-zh,0.4444,0.2222,0.1111,0.14285714285714285
00202744,paraformer-zh,0.1111,0.1111,0.1111,0.0
00202744,zipformer-zh-en,0.2222,0.2222,0.1111,0.0
00202744,sense-voice,0.1111,0.1111,0.1111,0.0
00202760,whisper-tiny,0.7,0.7,0.4,0.0
00202760,whisper-base,0.5,0.5,0.4,0.0
00202760,whisper-small,0.9,0.9,0.8,0.0
00202760,vosk-cn,1.2,1.2,1.0,0.0
00202760,wav2vec2-zh,1.1,1.0,0.9,0.14285714285714285
00202760,paraformer-zh,1.0,1.0,0.9,0.0
00202760,zipformer-zh-en,1.0,1.0,0.9,0.1111111111111111
00202760,sense-voice,1.0,1.0,0.9,0.0
00202814,whisper-tiny,0.7368,0.5263,0.5789,0.1875
00202814,whisper-base,0.6842,0.5263,0.4211,0.125
00202814,whisper-small,0.6842,0.4737,0.5789,0.17647058823529413
00202814,vosk-cn,0.8947,0.6842,0.6316,0.25
00202814,wav2vec2-zh,1.0526,0.6842,0.7895,0.46153846153846156
00202814,paraformer-zh,0.5789,0.5263,0.4737,0.0625
00202814,zipformer-zh-en,1.0,0.6842,0.6842,0.5384615384615384
00202814,sense-voice,0.5789,0.5263,0.3684,0.07142857142857142
00202830,whisper-tiny,0.5455,0.3636,0.3636,0.125
00202830,whisper-base,0.6364,0.2727,0.3636,0.3333333333333333
00202830,whisper-small,0.4545,0.3636,0.3636,0.125
00202830,vosk-cn,0.4545,0.2727,0.2727,0.3333333333333333
00202830,wav2vec2-zh,0.7273,0.3636,0.4545,0.375
00202830,paraformer-zh,0.2727,0.2727,0.2727,0.0
00202830,zipformer-zh-en,0.5455,0.3636,0.3636,0.25
00202830,sense-voice,0.0909,0.0909,0.0909,0.0
00202846,whisper-tiny,0.4286,0.4286,0.2857,0.0
00202846,whisper-base,0.0,0.0,0.0,0.0
00202846,whisper-small,0.0,0.0,0.0,0.0
00202846,vosk-cn,0.4286,0.4286,0.1429,0.0
00202846,wav2vec2-zh,0.4286,0.1429,0.2857,0.16666666666666666
00202846,paraformer-zh,0.0,0.0,0.0,0.0
00202846,zipformer-zh-en,0.2857,0.1429,0.1429,0.0
00202846,sense-voice,0.0,0.0,0.0,0.0
00202862,whisper-tiny,0.6667,0.4,0.5333,0.3076923076923077
00202862,whisper-base,0.6667,0.4,0.5333,0.3076923076923077
00202862,whisper-small,0.6667,0.4,0.5333,0.23076923076923078
00202862,vosk-cn,0.6667,0.4667,0.6,0.16666666666666666
00202862,wav2vec2-zh,0.8667,0.4667,0.6667,0.4166666666666667
00202862,paraformer-zh,0.6,0.4,0.6,0.23076923076923078
00202862,zipformer-zh-en,0.4667,0.2667,0.4667,0.23076923076923078
00202862,sense-voice,0.3333,0.2,0.3333,0.15384615384615385
00202916,whisper-tiny,0.125,0.0,0.125,0.125
00202916,whisper-base,0.125,0.0,0.125,0.125
00202916,whisper-small,0.0,0.0,0.0,0.0
00202916,vosk-cn,0.125,0.0,0.125,0.125
00202916,wav2vec2-zh,0.125,0.125,0.125,0.0
00202916,paraformer-zh,0.0,0.0,0.0,0.0
00202916,zipformer-zh-en,0.0,0.0,0.0,0.0
00202916,sense-voice,0.0,0.0,0.0,0.0
00202932,whisper-tiny,0.2,0.0,0.0,0.0
00202932,whisper-base,0.4,0.0,0.4,0.4
00202932,whisper-small,0.2,0.0,0.0,0.0
00202932,vosk-cn,0.2,0.2,0.2,0.0
00202932,wav2vec2-zh,0.6,0.0,0.6,0.6
00202932,paraformer-zh,0.0,0.0,0.0,0.0
00202932,zipformer-zh-en,0.2,0.0,0.2,0.2
00202932,sense-voice,0.2,0.0,0.0,0.0
00202948,whisper-tiny,0.0476,0.0,0.0476,0.047619047619047616
00202948,whisper-base,0.0476,0.0,0.0476,0.047619047619047616
00202948,whisper-small,0.0,0.0,0.0,0.0
00202948,vosk-cn,0.0,0.0,0.0,0.0
00202948,wav2vec2-zh,0.1429,0.0476,0.1429,0.1
00202948,paraformer-zh,0.0,0.0,0.0,0.0
00202948,zipformer-zh-en,0.0,0.0,0.0,0.0
00202948,sense-voice,0.0,0.0,0.0,0.0
00203002,whisper-tiny,0.5556,0.3333,0.3333,0.16666666666666666
00203002,whisper-base,0.3333,0.1111,0.2222,0.125
00203002,whisper-small,0.3333,0.1111,0.3333,0.25
00203002,vosk-cn,0.3333,0.1111,0.2222,0.125
00203002,wav2vec2-zh,0.3333,0.1111,0.3333,0.25
00203002,paraformer-zh,0.0,0.0,0.0,0.0
00203002,zipformer-zh-en,0.3333,0.1111,0.3333,0.25
00203002,sense-voice,0.0,0.0,0.0,0.0
00203018,whisper-tiny,0.3636,0.0909,0.3636,0.3
00203018,whisper-base,0.1818,0.1818,0.0909,0.0
00203018,whisper-small,0.4545,0.2727,0.2727,0.0
00203018,vosk-cn,0.2727,0.2727,0.2727,0.0
00203018,wav2vec2-zh,0.7273,0.5455,0.3636,0.2857142857142857
00203018,paraformer-zh,0.1818,0.1818,0.1818,0.0
00203018,zipformer-zh-en,0.6364,0.3636,0.4545,0.2
00203018,sense-voice,0.0909,0.0909,0.0909,0.0
00203105,whisper-tiny,0.3529,0.2941,0.1765,0.08333333333333333
00203105,whisper-base,0.2941,0.1765,0.2353,0.07142857142857142
00203105,whisper-small,0.0588,0.0588,0.0588,0.0
00203105,vosk-cn,0.1176,0.1176,0.1176,0.0
00203105,wav2vec2-zh,0.2941,0.1176,0.2353,0.13333333333333333
00203105,paraformer-zh,0.0,0.0,0.0,0.0
00203105,zipformer-zh-en,0.0588,0.0,0.0588,0.058823529411764705
00203105,sense-voice,0.0,0.0,0.0,0.0
00203121,whisper-tiny,0.5,0.1875,0.3125,0.3076923076923077
00203121,whisper-base,0.5625,0.3125,0.375,0.36363636363636365
00203121,whisper-small,0.5,0.375,0.375,0.18181818181818182
00203121,vosk-cn,0.125,0.125,0.125,0.0
00203121,wav2vec2-zh,0.375,0.1875,0.1875,0.15384615384615385
00203121,paraformer-zh,0.0,0.0,0.0,0.0
00203121,zipformer-zh-en,0.3125,0.0625,0.25,0.26666666666666666
00203121,sense-voice,0.0,0.0,0.0,0.0
00203137,whisper-tiny,0.4,0.2667,0.2667,0.0
00203137,whisper-base,0.2667,0.0667,0.1333,0.07142857142857142
00203137,whisper-small,0.1333,0.0667,0.0667,0.0
00203137,vosk-cn,0.4,0.2,0.2,0.08333333333333333
00203137,wav2vec2-zh,0.4,0.2,0.2,0.08333333333333333
00203137,paraformer-zh,0.2,0.0667,0.0667,0.0
00203137,zipformer-zh-en,0.4,0.2,0.2667,0.08333333333333333
00203137,sense-voice,0.2,0.0667,0.0667,0.0
00203153,whisper-tiny,0.5,0.5,0.3333,0.0
00203153,whisper-base,0.5,0.5,0.3333,0.0
00203153,whisper-small,0.5,0.5,0.5,0.0
00203153,vosk-cn,0.6667,0.6667,0.5,0.0
00203153,wav2vec2-zh,0.6667,0.5,0.5,0.25
00203153,paraformer-zh,0.3333,0.3333,0.1667,0.0
00203153,zipformer-zh-en,0.6667,0.5,0.3333,0.25
00203153,sense-voice,0.3333,0.3333,0.1667,0.0
00203207,whisper-tiny,0.4444,0.3333,0.2222,0.16666666666666666
00203207,whisper-base,0.3333,0.2222,0.1111,0.0
00203207,whisper-small,0.2222,0.1111,0.1111,0.125
00203207,vosk-cn,0.2222,0.0,0.1111,0.1111111111111111
00203207,wav2vec2-zh,0.4444,0.1111,0.2222,0.125
00203207,paraformer-zh,0.0,0.0,0.0,0.0
00203207,zipformer-zh-en,0.1111,0.0,0.0,0.0
00203207,sense-voice,0.0,0.0,0.0,0.0
00203223,whisper-tiny,0.3636,0.2727,0.0909,0.0
00203223,whisper-base,0.4545,0.1818,0.1818,0.1
00203223,whisper-small,0.3636,0.1818,0.0909,0.0
00203223,vosk-cn,0.1818,0.1818,0.0909,0.0
00203223,wav2vec2-zh,0.2727,0.0909,0.0909,0.0
00203223,paraformer-zh,0.0909,0.0909,0.0909,0.0
00203223,zipformer-zh-en,0.3636,0.1818,0.1818,0.1
00203223,sense-voice,0.0909,0.0909,0.0909,0.0
00203313,whisper-tiny,0.5455,0.5455,0.1818,0.0
00203313,whisper-base,0.4545,0.4545,0.2727,0.0
00203313,whisper-small,0.2727,0.2727,0.0909,0.0
00203313,vosk-cn,0.3636,0.3636,0.3636,0.0
00203313,wav2vec2-zh,0.4545,0.3636,0.0909,0.0
00203313,paraformer-zh,0.0909,0.0909,0.0909,0.0
00203313,zipformer-zh-en,0.4545,0.3636,0.2727,0.14285714285714285
00203313,sense-voice,0.0909,0.0909,0.0909,0.0
00203329,whisper-tiny,0.1538,0.1538,0.0769,0.0
00203329,whisper-base,0.0769,0.0769,0.0769,0.0
00203329,whisper-small,0.0769,0.0769,0.0,0.0
00203329,vosk-cn,0.1538,0.1538,0.0769,0.0
00203329,wav2vec2-zh,0.2308,0.2308,0.0,0.0
00203329,paraformer-zh,0.0,0.0,0.0,0.0
00203329,zipformer-zh-en,0.0,0.0,0.0,0.0
00203329,sense-voice,0.0,0.0,0.0,0.0
00203345,whisper-tiny,0.2667,0.2,0.2,0.08333333333333333
00203345,whisper-base,0.2,0.1333,0.1333,0.07692307692307693
00203345,whisper-small,0.1333,0.1333,0.2,0.07692307692307693
00203345,vosk-cn,0.0667,0.0667,0.0667,0.0
00203345,wav2vec2-zh,0.2,0.1333,0.2,0.07692307692307693
00203345,paraformer-zh,0.0667,0.0667,0.0667,0.0
00203345,zipformer-zh-en,0.1333,0.0667,0.0667,0.0
00203345,sense-voice,0.0667,0.0667,0.0667,0.0
00203361,whisper-tiny,0.0,0.0,0.0,0.0
00203361,whisper-base,0.0,0.0,0.0,0.0
00203361,whisper-small,0.0,0.0,0.0,0.0
00203361,vosk-cn,0.0,0.0,0.0,0.0
00203361,wav2vec2-zh,0.1,0.0,0.0,0.0
00203361,paraformer-zh,0.0,0.0,0.0,0.0
00203361,zipformer-zh-en,0.0,0.0,0.0,0.0
00203361,sense-voice,0.0,0.0,0.0,0.0
00203415,whisper-tiny,0.1111,0.0,0.0,0.0
00203415,whisper-base,0.1111,0.0,0.0,0.0
00203415,whisper-small,0.0556,0.0,0.0,0.0
00203415,vosk-cn,0.1111,0.0556,0.0556,0.0
00203415,wav2vec2-zh,0.2778,0.0,0.1667,0.16666666666666666
00203415,paraformer-zh,0.0556,0.0,0.0,0.0
00203415,zipformer-zh-en,0.1667,0.0556,0.1111,0.058823529411764705
00203415,sense-voice,0.0556,0.0,0.0,0.0
00203502,whisper-tiny,0.3333,0.1111,0.0,0.0
00203502,whisper-base,0.2222,0.1111,0.0,0.0
00203502,whisper-small,0.1111,0.1111,0.0,0.0
00203502,vosk-cn,0.1111,0.1111,0.0,0.0
00203502,wav2vec2-zh,0.2222,0.1111,0.1111,0.125
00203502,paraformer-zh,0.0,0.0,0.0,0.0
00203502,zipformer-zh-en,0.1111,0.1111,0.0,0.0
00203502,sense-voice,0.0,0.0,0.0,0.0
00203518,whisper-tiny,0.5455,0.2727,0.3636,0.25
00203518,whisper-base,0.6364,0.3636,0.3636,0.2857142857142857
00203518,whisper-small,0.1818,0.0909,0.1818,0.1
00203518,vosk-cn,0.5455,0.3636,0.2727,0.14285714285714285
00203518,wav2vec2-zh,0.4545,0.3636,0.2727,0.14285714285714285
00203518,paraformer-zh,0.0,0.0,0.0,0.0
00203518,zipformer-zh-en,0.1818,0.0909,0.1818,0.1
00203518,sense-voice,0.0,0.0,0.0,0.0
00203605,whisper-tiny,0.1765,0.1176,0.1176,0.0
00203605,whisper-base,0.1765,0.1176,0.1176,0.0
00203605,whisper-small,0.0588,0.0588,0.0588,0.0
00203605,vosk-cn,0.1765,0.0588,0.0588,0.0625
00203605,wav2vec2-zh,0.1765,0.0588,0.0588,0.0625
00203605,paraformer-zh,0.0588,0.0588,0.0,0.0
00203605,zipformer-zh-en,0.0588,0.0588,0.0,0.0
00203605,sense-voice,0.0588,0.0588,0.0,0.0
00203621,whisper-tiny,0.5,0.25,0.3125,0.25
00203621,whisper-base,0.25,0.1875,0.1875,0.07692307692307693
00203621,whisper-small,0.4375,0.3125,0.3125,0.07142857142857142
00203621,vosk-cn,0.3125,0.25,0.25,0.0
00203621,wav2vec2-zh,0.4375,0.1875,0.1875,0.15384615384615385
00203621,paraformer-zh,0.3125,0.3125,0.3125,0.0
00203621,zipformer-zh-en,0.4375,0.3125,0.3125,0.07142857142857142
00203621,sense-voice,0.1875,0.1875,0.1875,0.0
00203637,whisper-tiny,0.2,0.1333,0.0667,0.0
00203637,whisper-base,0.2,0.0667,0.0667,0.07142857142857142
00203637,whisper-small,0.0667,0.0,0.0,0.0
00203637,vosk-cn,0.2,0.1333,0.0667,0.0
00203637,wav2vec2-zh,0.1333,0.0,0.0667,0.06666666666666667
00203637,paraformer-zh,0.0,0.0,0.0,0.0
00203637,zipformer-zh-en,0.0,0.0,0.0,0.0
00203637,sense-voice,0.0,0.0,0.0,0.0
00203653,whisper-tiny,0.1667,0.1667,0.1667,0.0
00203653,whisper-base,0.1667,0.1667,0.1667,0.0
00203653,whisper-small,0.0,0.0,0.0,0.0
00203653,vosk-cn,0.1667,0.1667,0.1667,0.0
00203653,wav2vec2-zh,0.1667,0.1667,0.1667,0.0
00203653,paraformer-zh,0.1667,0.1667,0.1667,0.0
00203653,zipformer-zh-en,0.1667,0.1667,0.1667,0.0
00203653,sense-voice,0.1667,0.1667,0.1667,0.0
00203707,whisper-tiny,0.4444,0.3333,0.2222,0.16666666666666666
00203707,whisper-base,0.5556,0.3333,0.4444,0.3333333333333333
00203707,whisper-small,0.5556,0.3333,0.3333,0.0
00203707,vosk-cn,0.1111,0.1111,0.1111,0.0
00203707,wav2vec2-zh,0.3333,0.1111,0.2222,0.125
00203707,paraformer-zh,0.0,0.0,0.0,0.0
00203707,zipformer-zh-en,0.0,0.0,0.0,0.0
00203707,sense-voice,0.0,0.0,0.0,0.0
00203723,whisper-tiny,0.3636,0.2727,0.2727,0.125
00203723,whisper-base,0.4545,0.2727,0.2727,0.125
00203723,whisper-small,0.3636,0.1818,0.1818,0.1111111111111111
00203723,vosk-cn,0.3636,0.3636,0.2727,0.0
00203723,wav2vec2-zh,0.4545,0.3636,0.3636,0.14285714285714285
00203723,paraformer-zh,0.2727,0.1818,0.2727,0.1111111111111111
00203723,zipformer-zh-en,0.2727,0.1818,0.1818,0.1111111111111111
00203723,sense-voice,0.1818,0.0909,0.1818,0.1
00203739,whisper-tiny,0.6667,0.6667,0.5,0.0
00203739,whisper-base,0.1667,0.1667,0.1667,0.0
00203739,whisper-small,0.3333,0.1667,0.3333,0.2
00203739,vosk-cn,0.5,0.3333,0.5,0.25
00203739,wav2vec2-zh,0.8333,0.1667,0.6667,0.6
00203739,paraformer-zh,0.1667,0.0,0.1667,0.16666666666666666
00203739,zipformer-zh-en,0.8333,0.3333,0.6667,0.5
00203739,sense-voice,0.1667,0.1667,0.0,0.0
00203755,whisper-tiny,0.1765,0.0588,0.1176,0.125
00203755,whisper-base,0.1765,0.1176,0.1765,0.06666666666666667
00203755,whisper-small,0.1765,0.1765,0.1765,0.0
00203755,vosk-cn,0.5294,0.4706,0.3529,0.08333333333333333
00203755,wav2vec2-zh,0.5294,0.3529,0.2353,0.16666666666666666
00203755,paraformer-zh,0.0,0.0,0.0,0.0
00203755,zipformer-zh-en,0.1765,0.1176,0.1176,0.06666666666666667
00203755,sense-voice,0.0588,0.0,0.0588,0.058823529411764705
00203809,whisper-tiny,0.5833,0.3333,0.6667,0.625
00203809,whisper-base,0.5,0.25,0.5,0.4444444444444444
00203809,whisper-small,0.25,0.0833,0.25,0.18181818181818182
00203809,vosk-cn,0.0,0.0,0.0,0.0
00203809,wav2vec2-zh,0.4167,0.0,0.4167,0.4166666666666667
00203809,paraformer-zh,0.0833,0.0,0.0833,0.08333333333333333
00203809,zipformer-zh-en,0.6667,0.3333,0.5,0.375
00203809,sense-voice,0.0,0.0,0.0,0.0
00203825,whisper-tiny,1.0833,0.9167,0.6667,0.0
00203825,whisper-base,1.0,0.9167,0.8333,0.0
00203825,whisper-small,1.25,1.0833,0.9167,0.0
00203825,vosk-cn,1.25,1.1667,1.0833,0.0
00203825,wav2vec2-zh,1.3333,1.0833,0.9167,0.1
00203825,paraformer-zh,1.0833,1.0833,1.0833,0.0
00203825,zipformer-zh-en,1.25,1.1667,1.0833,0.0
00203825,sense-voice,1.0,0.9167,0.8333,0.0
00203841,whisper-tiny,0.125,0.0,0.0,0.0
00203841,whisper-base,0.0,0.0,0.0,0.0
00203841,whisper-small,0.0,0.0,0.0,0.0
00203841,vosk-cn,0.0,0.0,0.0,0.0
00203841,wav2vec2-zh,0.25,0.0,0.25,0.25
00203841,paraformer-zh,0.0,0.0,0.0,0.0
00203841,zipformer-zh-en,0.0,0.0,0.0,0.0
00203841,sense-voice,0.0,0.0,0.0,0.0
00203857,whisper-tiny,0.625,0.25,0.5,0.3333333333333333
00203857,whisper-base,0.5,0.25,0.5,0.3333333333333333
00203857,whisper-small,0.75,0.375,0.625,0.4
00203857,vosk-cn,0.75,0.5,0.5,0.0
00203857,wav2vec2-zh,0.75,0.375,0.5,0.4
00203857,paraformer-zh,0.0,0.0,0.0,0.0
00203857,zipformer-zh-en,0.5,0.125,0.25,0.14285714285714285
00203857,sense-voice,1.0,1.0,1.0,
00203911,whisper-tiny,0.6154,0.3077,0.2308,0.3
00203911,whisper-base,0.6923,0.3077,0.4615,0.5
00203911,whisper-small,0.6154,0.2308,0.4615,0.45454545454545453
00203911,vosk-cn,0.9231,0.6154,0.6923,0.5
00203911,wav2vec2-zh,0.6154,0.2308,0.4615,0.5
00203911,paraformer-zh,0.7692,0.3846,0.5385,0.5555555555555556
00203911,zipformer-zh-en,0.5385,0.1538,0.4615,0.45454545454545453
00203911,sense-voice,0.6154,0.2308,0.3846,0.5
00203927,whisper-tiny,0.4167,0.4167,0.3333,0.0
00203927,whisper-base,0.25,0.25,0.1667,0.0
00203927,whisper-small,0.1667,0.0833,0.1667,0.09090909090909091
00203927,vosk-cn,0.75,0.3333,0.5,0.625
00203927,wav2vec2-zh,0.5833,0.25,0.6667,0.5555555555555556
00203927,paraformer-zh,0.1667,0.0,0.1667,0.16666666666666666
00203927,zipformer-zh-en,0.4167,0.0833,0.4167,0.36363636363636365
00203927,sense-voice,0.0833,0.0,0.1667,0.16666666666666666
00203943,whisper-tiny,1.0,0.375,0.5,0.8
00203943,whisper-base,1.0,0.5,0.5,0.4
00203943,whisper-small,0.875,0.625,0.625,0.5
00203943,vosk-cn,0.875,0.5,0.5,0.5
00203943,wav2vec2-zh,1.0,0.5,0.75,1.0
00203943,paraformer-zh,0.875,0.375,0.5,0.8
00203943,zipformer-zh-en,0.75,0.375,0.625,0.6
00203943,sense-voice,0.875,0.25,0.5,0.6666666666666666
00203959,whisper-tiny,0.5333,0.2667,0.4,0.36363636363636365
00203959,whisper-base,0.5333,0.3333,0.4,0.2
00203959,whisper-small,0.4667,0.2667,0.3333,0.2727272727272727
00203959,vosk-cn,0.7333,0.6,0.5333,0.3333333333333333
00203959,wav2vec2-zh,0.6667,0.4667,0.5333,0.375
00203959,paraformer-zh,0.2667,0.1333,0.2667,0.15384615384615385
00203959,zipformer-zh-en,0.8,0.4,0.6667,0.6666666666666666
00203959,sense-voice,0.5333,0.2667,0.4,0.36363636363636365
00204013,whisper-tiny,0.4545,0.3636,0.2727,0.2857142857142857
00204013,whisper-base,0.3636,0.2727,0.1818,0.125
00204013,whisper-small,0.1818,0.1818,0.0,0.0
00204013,vosk-cn,0.0909,0.0909,0.0909,0.0
00204013,wav2vec2-zh,0.8182,0.4545,0.3636,0.3333333333333333
00204013,paraformer-zh,0.1818,0.1818,0.0909,0.0
00204013,zipformer-zh-en,0.6364,0.4545,0.3636,0.5
00204013,sense-voice,0.0909,0.0909,0.0909,0.0
00204029,whisper-tiny,0.3846,0.1538,0.3846,0.2727272727272727
00204029,whisper-base,0.3077,0.0769,0.2308,0.25
00204029,whisper-small,0.3077,0.0769,0.3077,0.25
00204029,vosk-cn,0.1538,0.0769,0.1538,0.08333333333333333
00204029,wav2vec2-zh,0.3846,0.1538,0.3846,0.2727272727272727
00204029,paraformer-zh,0.3077,0.0769,0.3077,0.25
00204029,zipformer-zh-en,0.5385,0.2308,0.4615,0.4
00204029,sense-voice,0.0,0.0,0.0,0.0
00204045,whisper-tiny,0.2667,0.2,0.3333,0.16666666666666666
00204045,whisper-base,0.3333,0.2,0.3333,0.16666666666666666
00204045,whisper-small,0.2667,0.2,0.2667,0.08333333333333333
00204045,vosk-cn,0.4667,0.4,0.2667,0.0
00204045,wav2vec2-zh,0.4667,0.2,0.4,0.3333333333333333
00204045,paraformer-zh,0.1333,0.1333,0.0667,0.0
00204045,zipformer-zh-en,0.4,0.1333,0.3333,0.23076923076923078
00204045,sense-voice,0.2,0.2,0.1333,0.0
00204061,whisper-tiny,0.2,0.1,0.1,0.0
00204061,whisper-base,0.1,0.0,0.1,0.1
00204061,whisper-small,0.2,0.0,0.1,0.1
00204061,vosk-cn,0.1,0.1,0.1,0.0
00204061,wav2vec2-zh,0.5,0.1,0.5,0.5555555555555556
00204061,paraformer-zh,0.2,0.0,0.2,0.2
00204061,zipformer-zh-en,0.3,0.1,0.4,0.3333333333333333
00204061,sense-voice,0.0,0.0,0.0,0.0
00204115,whisper-tiny,0.3333,0.2222,0.1111,0.0
00204115,whisper-base,0.4444,0.3333,0.2222,0.0
00204115,whisper-small,0.2778,0.1667,0.1111,0.0
00204115,vosk-cn,0.2778,0.2222,0.1667,0.0
00204115,wav2vec2-zh,0.3333,0.2222,0.1667,0.0
00204115,paraformer-zh,0.2222,0.1111,0.1111,0.0
00204115,zipformer-zh-en,0.2222,0.1667,0.1667,0.0
00204115,sense-voice,0.3333,0.2222,0.1667,0.0
00204131,whisper-tiny,0.1111,0.0,0.1111,0.1111111111111111
00204131,whisper-base,0.0,0.0,0.0,0.0
00204131,whisper-small,0.0,0.0,0.0,0.0
00204131,vosk-cn,0.0,0.0,0.0,0.0
00204131,wav2vec2-zh,0.3333,0.1111,0.2222,0.25
00204131,paraformer-zh,0.0,0.0,0.0,0.0
00204131,zipformer-zh-en,0.0,0.0,0.0,0.0
00204131,sense-voice,0.0,0.0,0.0,0.0
00204147,whisper-tiny,0.3333,0.0,0.0833,0.08333333333333333
00204147,whisper-base,0.25,0.0,0.0833,0.08333333333333333
00204147,whisper-small,0.0833,0.0,0.0,0.0
00204147,vosk-cn,0.0833,0.0833,0.0833,0.0
00204147,wav2vec2-zh,0.4167,0.0833,0.0833,0.09090909090909091
00204147,paraformer-zh,0.0,0.0,0.0,0.0
00204147,zipformer-zh-en,0.3333,0.0,0.0833,0.08333333333333333
00204147,sense-voice,0.0,0.0,0.0,0.0
00204201,whisper-tiny,0.4545,0.0909,0.3636,0.3
00204201,whisper-base,0.4545,0.1818,0.1818,0.0
00204201,whisper-small,0.3636,0.0909,0.1818,0.1
00204201,vosk-cn,0.3636,0.1818,0.1818,0.0
00204201,wav2vec2-zh,0.2727,0.0909,0.0909,0.1
00204201,paraformer-zh,0.1818,0.0909,0.0909,0.0
00204201,zipformer-zh-en,0.1818,0.0909,0.0909,0.0
00204201,sense-voice,0.1818,0.0909,0.0909,0.0
00204217,whisper-tiny,0.2222,0.1111,0.1111,0.125
00204217,whisper-base,0.2222,0.1111,0.0,0.0
00204217,whisper-small,0.0,0.0,0.0,0.0
00204217,vosk-cn,0.4444,0.2222,0.0,0.0
00204217,wav2vec2-zh,0.5556,0.4444,0.4444,0.0
00204217,paraformer-zh,0.0,0.0,0.0,0.0
00204217,zipformer-zh-en,0.1111,0.1111,0.0,0.0
00204217,sense-voice,0.0,0.0,0.0,0.0
00204233,whisper-tiny,0.6667,0.3333,0.5,0.5
00204233,whisper-base,0.3333,0.1667,0.3333,0.2
00204233,whisper-small,0.3333,0.1667,0.3333,0.2
00204233,vosk-cn,0.3333,0.3333,0.3333,0.0
00204233,wav2vec2-zh,0.3333,0.1667,0.3333,0.2
00204233,paraformer-zh,0.1667,0.1667,0.1667,0.0
00204233,zipformer-zh-en,0.5,0.3333,0.5,0.25
00204233,sense-voice,0.3333,0.1667,0.3333,0.2
00204249,whisper-tiny,0.5333,0.2,0.5333,0.4166666666666667
00204249,whisper-base,0.4667,0.2,0.4,0.3333333333333333
00204249,whisper-small,0.4,0.2,0.3333,0.25
00204249,vosk-cn,0.4667,0.0667,0.4667,0.42857142857142855
00204249,wav2vec2-zh,0.5333,0.1333,0.4,0.46153846153846156
00204249,paraformer-zh,0.2,0.1333,0.2,0.07692307692307693
00204249,zipformer-zh-en,0.5333,0.2,0.4,0.4166666666666667
00204249,sense-voice,0.3333,0.1333,0.3333,0.23076923076923078
00204303,whisper-tiny,0.125,0.0625,0.0625,0.06666666666666667
00204303,whisper-base,0.1875,0.125,0.125,0.07142857142857142
00204303,whisper-small,0.25,0.125,0.25,0.14285714285714285
00204303,vosk-cn,0.0,0.0,0.0,0.0
00204303,wav2vec2-zh,0.1875,0.0625,0.1875,0.13333333333333333
00204303,paraformer-zh,0.0,0.0,0.0,0.0
00204303,zipformer-zh-en,0.125,0.125,0.0625,0.0
00204303,sense-voice,0.0,0.0,0.0,0.0
00204320,whisper-tiny,0.0,0.0,0.0,0.0
00204320,whisper-base,0.0,0.0,0.0,0.0
00204320,whisper-small,0.0,0.0,0.0,0.0
00204320,vosk-cn,0.2222,0.1111,0.2222,0.125
00204320,wav2vec2-zh,0.6667,0.1111,0.5556,0.625
00204320,paraformer-zh,0.1111,0.0,0.1111,0.1111111111111111
00204320,zipformer-zh-en,0.3333,0.1111,0.2222,0.25
00204320,sense-voice,0.2222,0.1111,0.2222,0.125
00204336,whisper-tiny,0.0,0.0,0.0,0.0
00204336,whisper-base,0.1818,0.0,0.1818,0.18181818181818182
00204336,whisper-small,0.0,0.0,0.0,0.0
00204336,vosk-cn,0.0909,0.0909,0.0909,0.0
00204336,wav2vec2-zh,0.0909,0.0,0.0909,0.09090909090909091
00204336,paraformer-zh,0.0,0.0,0.0,0.0
00204336,zipformer-zh-en,0.0,0.0,0.0,0.0
00204336,sense-voice,0.0,0.0,0.0,0.0
00204352,whisper-tiny,0.25,0.1875,0.25,0.06666666666666667
00204352,whisper-base,0.0,0.0,0.0,0.0
00204352,whisper-small,0.0,0.0,0.0,0.0
00204352,vosk-cn,0.5,0.4375,0.3125,0.08333333333333333
00204352,wav2vec2-zh,0.5,0.25,0.375,0.35714285714285715
00204352,paraformer-zh,0.125,0.125,0.125,0.0
00204352,zipformer-zh-en,0.25,0.25,0.25,0.0
00204352,sense-voice,0.125,0.125,0.125,0.0
00204406,whisper-tiny,0.125,0.0625,0.0625,0.06666666666666667
00204406,whisper-base,0.1875,0.0625,0.125,0.06666666666666667
00204406,whisper-small,0.1875,0.0,0.1875,0.1875
00204406,vosk-cn,0.1875,0.125,0.125,0.07142857142857142
00204406,wav2vec2-zh,0.125,0.0625,0.1875,0.13333333333333333
00204406,paraformer-zh,0.0,0.0,0.0,0.0
00204406,zipformer-zh-en,0.125,0.0625,0.0625,0.0
00204406,sense-voice,0.0,0.0,0.0,0.0
00204422,whisper-tiny,0.4,0.2,0.25,0.125
00204422,whisper-base,0.3,0.2,0.2,0.0625
00204422,whisper-small,0.15,0.1,0.1,0.0
00204422,vosk-cn,0.35,0.15,0.3,0.17647058823529413
00204422,wav2vec2-zh,0.5,0.2,0.35,0.3125
00204422,paraformer-zh,0.25,0.2,0.25,0.0625
00204422,zipformer-zh-en,0.15,0.1,0.1,0.05555555555555555
00204422,sense-voice,0.15,0.1,0.15,0.05555555555555555
00204438,whisper-tiny,0.2222,0.0,0.2222,0.2222222222222222
00204438,whisper-base,0.2222,0.2222,0.1111,0.0
00204438,whisper-small,0.3333,0.2222,0.3333,0.14285714285714285
00204438,vosk-cn,0.2222,0.2222,0.1111,0.0
00204438,wav2vec2-zh,0.8889,0.5556,0.4444,0.2
00204438,paraformer-zh,0.0,0.0,0.0,0.0
00204438,zipformer-zh-en,0.4444,0.3333,0.3333,0.0
00204438,sense-voice,0.0,0.0,0.0,0.0
00204454,whisper-tiny,0.8333,0.4444,0.6667,0.6
00204454,whisper-base,0.5556,0.2778,0.5,0.38461538461538464
00204454,whisper-small,0.5,0.2778,0.5,0.3076923076923077
00204454,vosk-cn,0.7222,0.6111,0.6111,0.375
00204454,wav2vec2-zh,0.7222,0.3889,0.5556,0.36363636363636365
00204454,paraformer-zh,0.2778,0.2778,0.2778,0.0
00204454,zipformer-zh-en,0.6111,0.3889,0.5556,0.36363636363636365
00204454,sense-voice,0.3333,0.3333,0.3889,0.08333333333333333
00204508,whisper-tiny,0.8889,0.8889,0.2222,0.0
00204508,whisper-base,0.6667,0.4444,0.6667,0.4
00204508,whisper-small,0.6667,0.5556,0.5556,0.25
00204508,vosk-cn,0.8889,0.7778,0.4444,0.3333333333333333
00204508,wav2vec2-zh,0.6667,0.4444,0.3333,0.2
00204508,paraformer-zh,0.5556,0.4444,0.4444,0.2
00204508,zipformer-zh-en,0.5556,0.4444,0.3333,0.2
00204508,sense-voice,0.2222,0.2222,0.1111,0.0
00204524,whisper-tiny,0.0,0.0,0.0,0.0
00204524,whisper-base,0.5833,0.3333,0.3333,0.2222222222222222
00204524,whisper-small,0.25,0.1667,0.1667,0.1
00204524,vosk-cn,0.5,0.5,0.1667,0.0
00204524,wav2vec2-zh,0.5,0.3333,0.25,0.1111111111111111
00204524,paraformer-zh,0.4167,0.25,0.25,0.1
00204524,zipformer-zh-en,0.25,0.1667,0.0833,0.0
00204524,sense-voice,0.3333,0.0833,0.1667,0.18181818181818182
00204540,whisper-tiny,1.4545,1.1818,1.0,0.2857142857142857
00204540,whisper-base,1.6364,1.4545,1.4545,0.3333333333333333
00204540,whisper-small,1.5455,1.4545,1.1818,0.16666666666666666
00204540,vosk-cn,1.4545,1.3636,1.0909,0.14285714285714285
00204540,wav2vec2-zh,1.6364,1.3636,1.2727,0.42857142857142855
00204540,paraformer-zh,1.0909,1.0909,1.0,0.0
00204540,zipformer-zh-en,1.4545,1.4545,1.0,0.0
00204540,sense-voice,1.1818,1.1818,1.0,0.0
00204556,whisper-tiny,0.5,0.4167,0.3333,0.0
00204556,whisper-base,0.5833,0.5,0.4167,0.1
00204556,whisper-small,0.3333,0.3333,0.1667,0.0
00204556,vosk-cn,0.5,0.5,0.4167,0.125
00204556,wav2vec2-zh,0.3333,0.3333,0.25,0.0
00204556,paraformer-zh,0.3333,0.3333,0.1667,0.0
00204556,zipformer-zh-en,0.25,0.25,0.1667,0.0
00204556,sense-voice,0.25,0.25,0.1667,0.0
00204610,whisper-tiny,0.2143,0.1429,0.2143,0.08333333333333333
00204610,whisper-base,0.2857,0.0714,0.2857,0.23076923076923078
00204610,whisper-small,0.2857,0.0714,0.2857,0.23076923076923078
00204610,vosk-cn,0.6429,0.3571,0.3571,0.3333333333333333
00204610,wav2vec2-zh,0.4286,0.2857,0.2857,0.1
00204610,paraformer-zh,0.0714,0.0714,0.0,0.0
00204610,zipformer-zh-en,0.2857,0.1429,0.2857,0.16666666666666666
00204610,sense-voice,0.0714,0.0714,0.0714,0.0
00204626,whisper-tiny,0.8333,0.4167,0.5,0.42857142857142855
00204626,whisper-base,0.4167,0.25,0.3333,0.1111111111111111
00204626,whisper-small,0.3333,0.25,0.25,0.1111111111111111
00204626,vosk-cn,0.5,0.1667,0.4167,0.3
00204626,wav2vec2-zh,0.75,0.3333,0.5,0.375
00204626,paraformer-zh,0.3333,0.1667,0.3333,0.2
00204626,zipformer-zh-en,0.8333,0.3333,0.4167,0.25
00204626,sense-voice,0.3333,0.25,0.25,0.1111111111111111
00204642,whisper-tiny,0.6923,0.3846,0.3846,0.25
00204642,whisper-base,0.6923,0.3077,0.3077,0.1111111111111111
00204642,whisper-small,0.4615,0.2308,0.2308,0.2
00204642,vosk-cn,0.6923,0.4615,0.4615,0.2857142857142857
00204642,wav2vec2-zh,0.7692,0.4615,0.5385,0.42857142857142855
00204642,paraformer-zh,0.3846,0.1538,0.3846,0.2727272727272727
00204642,zipformer-zh-en,0.5385,0.2308,0.4615,0.4
00204642,sense-voice,0.4615,0.3077,0.3077,0.2222222222222222
00204658,whisper-tiny,0.5714,0.2857,0.5714,0.4
00204658,whisper-base,0.4286,0.1429,0.4286,0.3333333333333333
00204658,whisper-small,0.4286,0.2857,0.4286,0.2
00204658,vosk-cn,0.2857,0.0,0.2857,0.2857142857142857
00204658,wav2vec2-zh,0.4286,0.2857,0.4286,0.2
00204658,paraformer-zh,0.1429,0.1429,0.1429,0.0
00204658,zipformer-zh-en,0.4286,0.2857,0.4286,0.2
00204658,sense-voice,0.0,0.0,0.0,0.0
00200112,whisper-tiny,0.1667,0.1667,0.1667,0.0
00200112,whisper-base,0.1667,0.1667,0.1667,0.0
00200112,whisper-small,0.0833,0.0,0.0,0.0
00200112,vosk-cn,0.3333,0.3333,0.1667,0.0
00200112,wav2vec2-zh,0.25,0.25,0.1667,0.0
00200112,paraformer-zh,0.0833,0.0833,0.0,0.0
00200112,zipformer-zh-en,0.25,0.0833,0.0833,0.09090909090909091
00200112,sense-voice,0.0,0.0,0.0,0.0
00200208,whisper-tiny,0.8333,0.6667,0.1667,0.0
00200208,whisper-base,0.1667,0.1667,0.0,0.0
00200208,whisper-small,0.1667,0.1667,0.0,0.0
00200208,vosk-cn,0.0,0.0,0.0,0.0
00200208,wav2vec2-zh,0.5,0.3333,0.1667,0.0
00200208,paraformer-zh,0.0,0.0,0.0,0.0
00200208,zipformer-zh-en,0.1667,0.1667,0.0,0.0
00200208,sense-voice,0.1667,0.1667,0.0,0.0
00200304,whisper-tiny,0.0,0.0,0.0,0.0
00200304,whisper-base,0.1111,0.1111,0.1111,0.0
00200304,whisper-small,0.0,0.0,0.0,0.0
00200304,vosk-cn,0.3333,0.3333,0.2222,0.0
00200304,wav2vec2-zh,0.1111,0.1111,0.1111,0.0
00200304,paraformer-zh,0.1111,0.1111,0.1111,0.0
00200304,zipformer-zh-en,0.1111,0.1111,0.1111,0.0
00200304,sense-voice,0.1111,0.1111,0.1111,0.0
00200320,whisper-tiny,0.1875,0.125,0.125,0.06666666666666667
00200320,whisper-base,0.3125,0.25,0.1875,0.06666666666666667
00200320,whisper-small,0.1875,0.125,0.125,0.06666666666666667
00200320,vosk-cn,0.5,0.3125,0.375,0.2
00200320,wav2vec2-zh,0.3125,0.1875,0.25,0.13333333333333333
00200320,paraformer-zh,0.3125,0.25,0.1875,0.06666666666666667
00200320,zipformer-zh-en,0.3125,0.25,0.1875,0.06666666666666667
00200320,sense-voice,0.3125,0.25,0.1875,0.06666666666666667
00200416,whisper-tiny,0.1818,0.0909,0.0909,0.1
00200416,whisper-base,0.1818,0.1818,0.0909,0.0
00200416,whisper-small,0.1818,0.0909,0.1818,0.1
00200416,vosk-cn,0.3636,0.3636,0.1818,0.0
00200416,wav2vec2-zh,0.2727,0.1818,0.1818,0.1111111111111111
00200416,paraformer-zh,0.0,0.0,0.0,0.0
00200416,zipformer-zh-en,0.1818,0.0909,0.0909,0.1
00200416,sense-voice,0.0,0.0,0.0,0.0
00200512,whisper-tiny,0.25,0.1667,0.1667,0.0
00200512,whisper-base,0.0833,0.0,0.0,0.0
00200512,whisper-small,0.0833,0.0,0.0,0.0
00200512,vosk-cn,0.3333,0.3333,0.3333,0.0
00200512,wav2vec2-zh,0.4167,0.4167,0.4167,0.0
00200512,paraformer-zh,0.0,0.0,0.0,0.0
00200512,zipformer-zh-en,0.4167,0.4167,0.4167,0.0
00200512,sense-voice,0.0,0.0,0.0,0.0
00200608,whisper-tiny,0.0,0.0,0.0,0.0
00200608,whisper-base,0.5,0.3333,0.5,0.25
00200608,whisper-small,0.5,0.3333,0.5,0.25
00200608,vosk-cn,0.5,0.3333,0.3333,0.25
00200608,wav2vec2-zh,0.3333,0.3333,0.3333,0.0
00200608,paraformer-zh,0.3333,0.3333,0.3333,0.0
00200608,zipformer-zh-en,0.3333,0.3333,0.1667,0.0
00200608,sense-voice,0.3333,0.3333,0.3333,0.0
00200704,whisper-tiny,0.0,0.0,0.0,0.0
00200704,whisper-base,0.0,0.0,0.0,0.0
00200704,whisper-small,0.0,0.0,0.0,0.0
00200704,vosk-cn,0.0,0.0,0.0,0.0
00200704,wav2vec2-zh,0.2222,0.1111,0.2222,0.25
00200704,paraformer-zh,0.0,0.0,0.0,0.0
00200704,zipformer-zh-en,0.1111,0.1111,0.0,0.0
00200704,sense-voice,0.0,0.0,0.0,0.0
00200720,whisper-tiny,0.1875,0.125,0.1875,0.07142857142857142
00200720,whisper-base,0.0,0.0,0.0,0.0
00200720,whisper-small,0.1875,0.125,0.1875,0.07142857142857142
00200720,vosk-cn,0.125,0.0625,0.125,0.06666666666666667
00200720,wav2vec2-zh,0.3125,0.1875,0.25,0.07692307692307693
00200720,paraformer-zh,0.0,0.0,0.0,0.0
00200720,zipformer-zh-en,0.125,0.125,0.125,0.0
00200720,sense-voice,0.0,0.0,0.0,0.0
00200816,whisper-tiny,0.1818,0.0909,0.0909,0.1
00200816,whisper-base,0.1818,0.1818,0.0909,0.0
00200816,whisper-small,0.0909,0.0909,0.0,0.0
00200816,vosk-cn,0.4545,0.2727,0.1818,0.2222222222222222
00200816,wav2vec2-zh,0.4545,0.3636,0.2727,0.1111111111111111
00200816,paraformer-zh,0.1818,0.1818,0.0909,0.0
00200816,zipformer-zh-en,0.2727,0.1818,0.1818,0.1
00200816,sense-voice,0.1818,0.1818,0.0909,0.0
00200912,whisper-tiny,0.0833,0.0,0.0,0.0
00200912,whisper-base,0.0833,0.0,0.0,0.0
00200912,whisper-small,0.0833,0.0,0.0,0.0
00200912,vosk-cn,0.0,0.0,0.0,0.0
00200912,wav2vec2-zh,0.0,0.0,0.0,0.0
00200912,paraformer-zh,0.0,0.0,0.0,0.0
00200912,zipformer-zh-en,0.0833,0.0,0.0,0.0
00200912,sense-voice,0.0,0.0,0.0,0.0
00201008,whisper-tiny,0.5,0.3333,0.1667,0.0
00201008,whisper-base,0.6667,0.5,0.3333,0.0
00201008,whisper-small,0.1667,0.1667,0.1667,0.0
00201008,vosk-cn,0.1667,0.1667,0.0,0.0
00201008,wav2vec2-zh,0.1667,0.1667,0.0,0.0
00201008,paraformer-zh,0.1667,0.1667,0.0,0.0
00201008,zipformer-zh-en,0.1667,0.1667,0.0,0.0
00201008,sense-voice,0.1667,0.1667,0.0,0.0
00201104,whisper-tiny,0.0,0.0,0.0,0.0
00201104,whisper-base,0.0,0.0,0.0,0.0
00201104,whisper-small,0.0,0.0,0.0,0.0
00201104,vosk-cn,0.3333,0.1111,0.2222,0.125
00201104,wav2vec2-zh,0.0,0.0,0.0,0.0
00201104,paraformer-zh,0.0,0.0,0.0,0.0
00201104,zipformer-zh-en,0.0,0.0,0.0,0.0
00201104,sense-voice,0.0,0.0,0.0,0.0
00201120,whisper-tiny,0.4375,0.1875,0.4375,0.26666666666666666
00201120,whisper-base,0.25,0.1875,0.1875,0.06666666666666667
00201120,whisper-small,0.0625,0.0625,0.0,0.0
00201120,vosk-cn,0.3125,0.1875,0.25,0.0625
00201120,wav2vec2-zh,0.5625,0.3125,0.5,0.3076923076923077
00201120,paraformer-zh,0.125,0.125,0.125,0.0
00201120,zipformer-zh-en,0.4375,0.1875,0.375,0.26666666666666666
00201120,sense-voice,0.125,0.125,0.125,0.0
00201216,whisper-tiny,0.6364,0.5455,0.5455,0.1111111111111111
00201216,whisper-base,0.2727,0.1818,0.1818,0.1111111111111111
00201216,whisper-small,0.5455,0.5455,0.5455,0.1
00201216,vosk-cn,0.9091,0.9091,0.8182,0.0
00201216,wav2vec2-zh,0.9091,0.8182,0.7273,0.25
00201216,paraformer-zh,0.6364,0.6364,0.6364,0.0
00201216,zipformer-zh-en,0.8182,0.8182,0.7273,0.0
00201216,sense-voice,0.5455,0.5455,0.5455,0.0
00201312,whisper-tiny,0.25,0.1667,0.0,0.0
00201312,whisper-base,0.4167,0.1667,0.25,0.2
00201312,whisper-small,0.25,0.1667,0.25,0.1
00201312,vosk-cn,0.0833,0.0833,0.0,0.0
00201312,wav2vec2-zh,0.3333,0.25,0.1667,0.1111111111111111
00201312,paraformer-zh,0.0,0.0,0.0,0.0
00201312,zipformer-zh-en,0.1667,0.0833,0.0833,0.09090909090909091
00201312,sense-voice,0.0,0.0,0.0,0.0
00201408,whisper-tiny,0.0,0.0,0.0,0.0
00201408,whisper-base,0.0,0.0,0.0,0.0
00201408,whisper-small,0.0,0.0,0.0,0.0
00201408,vosk-cn,0.0,0.0,0.0,0.0
00201408,wav2vec2-zh,0.3333,0.1667,0.1667,0.0
00201408,paraformer-zh,0.0,0.0,0.0,0.0
00201408,zipformer-zh-en,0.0,0.0,0.0,0.0
00201408,sense-voice,0.0,0.0,0.0,0.0
00201504,whisper-tiny,0.0,0.0,0.0,0.0
00201504,whisper-base,0.0,0.0,0.0,0.0
00201504,whisper-small,0.0,0.0,0.0,0.0
00201504,vosk-cn,0.4444,0.4444,0.3333,0.0
00201504,wav2vec2-zh,0.1111,0.0,0.1111,0.1111111111111111
00201504,paraformer-zh,0.0,0.0,0.0,0.0
00201504,zipformer-zh-en,0.1111,0.1111,0.1111,0.0
00201504,sense-voice,0.0,0.0,0.0,0.0
00201520,whisper-tiny,0.0,0.0,0.0,0.0
00201520,whisper-base,0.3125,0.1875,0.1875,0.14285714285714285
00201520,whisper-small,0.125,0.0625,0.125,0.06666666666666667
00201520,vosk-cn,0.125,0.125,0.125,0.0
00201520,wav2vec2-zh,0.4375,0.25,0.375,0.16666666666666666
00201520,paraformer-zh,0.0625,0.0625,0.0625,0.0
00201520,zipformer-zh-en,0.3125,0.1875,0.3125,0.14285714285714285
00201520,sense-voice,0.0625,0.0625,0.0625,0.0
00201616,whisper-tiny,0.0,0.0,0.0,0.0
00201616,whisper-base,0.0,0.0,0.0,0.0
00201616,whisper-small,0.0,0.0,0.0,0.0
00201616,vosk-cn,0.0909,0.0909,0.0909,0.0
00201616,wav2vec2-zh,0.1818,0.0909,0.0909,0.0
00201616,paraformer-zh,0.0909,0.0909,0.0909,0.0
00201616,zipformer-zh-en,0.0909,0.0909,0.0909,0.0
00201616,sense-voice,0.0909,0.0909,0.0909,0.0
00201741,whisper-tiny,0.1538,0.1538,0.0769,0.0
00201741,whisper-base,0.1538,0.1538,0.0769,0.0
00201741,whisper-small,0.0,0.0,0.0,0.0
00201741,vosk-cn,0.0769,0.0769,0.0769,0.0
00201741,wav2vec2-zh,0.1538,0.0769,0.0,0.0
00201741,paraformer-zh,0.0,0.0,0.0,0.0
00201741,zipformer-zh-en,0.0,0.0,0.0,0.0
00201741,sense-voice,0.0,0.0,0.0,0.0
00201757,whisper-tiny,0.2,0.1,0.2,0.1111111111111111
00201757,whisper-base,0.7,0.5,0.5,0.3333333333333333
00201757,whisper-small,0.2,0.2,0.2,0.0
00201757,vosk-cn,0.3,0.2,0.3,0.1111111111111111
00201757,wav2vec2-zh,0.5,0.1,0.5,0.4444444444444444
00201757,paraformer-zh,0.2,0.0,0.2,0.2
00201757,zipformer-zh-en,0.4,0.1,0.4,0.3333333333333333
00201757,sense-voice,0.0,0.0,0.0,0.0
00201815,whisper-tiny,0.7143,0.5714,0.4286,0.0
00201815,whisper-base,0.7143,0.7143,0.7143,0.0
00201815,whisper-small,0.1429,0.1429,0.1429,0.0
00201815,vosk-cn,0.5714,0.5714,0.5714,0.0
00201815,wav2vec2-zh,0.5714,0.5714,0.2857,0.0
00201815,paraformer-zh,0.4286,0.4286,0.4286,0.0
00201815,zipformer-zh-en,0.5714,0.5714,0.5714,0.0
00201815,sense-voice,0.4286,0.4286,0.4286,0.0
00201911,whisper-tiny,0.2222,0.2222,0.2222,0.0
00201911,whisper-base,0.4444,0.4444,0.3333,0.0
00201911,whisper-small,0.1111,0.1111,0.1111,0.0
00201911,vosk-cn,0.3333,0.3333,0.2222,0.0
00201911,wav2vec2-zh,0.7778,0.5556,0.6667,0.3333333333333333
00201911,paraformer-zh,0.2222,0.2222,0.2222,0.0
00201911,zipformer-zh-en,0.4444,0.3333,0.4444,0.125
00201911,sense-voice,0.3333,0.3333,0.3333,0.0
00202007,whisper-tiny,0.2,0.1,0.1,0.0
00202007,whisper-base,0.2,0.0,0.1,0.1
00202007,whisper-small,0.1,0.1,0.1,0.0
00202007,vosk-cn,0.0,0.0,0.0,0.0
00202007,wav2vec2-zh,0.1,0.0,0.1,0.1
00202007,paraformer-zh,0.0,0.0,0.0,0.0
00202007,zipformer-zh-en,0.0,0.0,0.0,0.0
00202007,sense-voice,0.0,0.0,0.0,0.0
00202103,whisper-tiny,0.0,0.0,0.0,0.0
00202103,whisper-base,0.125,0.125,0.125,0.0
00202103,whisper-small,0.0,0.0,0.0,0.0
00202103,vosk-cn,0.125,0.125,0.125,0.0
00202103,wav2vec2-zh,0.125,0.0,0.125,0.125
00202103,paraformer-zh,0.0,0.0,0.0,0.0
00202103,zipformer-zh-en,0.0,0.0,0.0,0.0
00202103,sense-voice,0.0,0.0,0.0,0.0
00202119,whisper-tiny,0.2857,0.1429,0.2857,0.16666666666666666
00202119,whisper-base,0.5714,0.2857,0.4286,0.4
00202119,whisper-small,0.1429,0.0,0.1429,0.14285714285714285
00202119,vosk-cn,0.8571,0.5714,0.7143,0.5
00202119,wav2vec2-zh,0.7143,0.1429,0.5714,0.6666666666666666
00202119,paraformer-zh,0.0,0.0,0.0,0.0
00202119,zipformer-zh-en,0.2857,0.1429,0.1429,0.16666666666666666
00202119,sense-voice,0.0,0.0,0.0,0.0
00202215,whisper-tiny,0.0,0.0,0.0,0.0
00202215,whisper-base,0.0,0.0,0.0,0.0
00202215,whisper-small,0.0,0.0,0.0,0.0
00202215,vosk-cn,0.0,0.0,0.0,0.0
00202215,wav2vec2-zh,0.0,0.0,0.0,0.0
00202215,paraformer-zh,0.0,0.0,0.0,0.0
00202215,zipformer-zh-en,0.0,0.0,0.0,0.0
00202215,sense-voice,0.0,0.0,0.0,0.0
00202311,whisper-tiny,0.2308,0.0769,0.1538,0.16666666666666666
00202311,whisper-base,0.3846,0.0769,0.1538,0.16666666666666666
00202311,whisper-small,0.3077,0.0769,0.0769,0.08333333333333333
00202311,vosk-cn,0.2308,0.0769,0.0769,0.08333333333333333
00202311,wav2vec2-zh,0.1538,0.0769,0.0769,0.08333333333333333
00202311,paraformer-zh,0.1538,0.0769,0.0769,0.08333333333333333
00202311,zipformer-zh-en,0.3077,0.0769,0.1538,0.16666666666666666
00202311,sense-voice,0.2308,0.0769,0.0769,0.08333333333333333
00202327,whisper-tiny,0.5833,0.5,0.4167,0.1111111111111111
00202327,whisper-base,1.0,0.8333,0.75,0.25
00202327,whisper-small,0.25,0.1667,0.25,0.1
00202327,vosk-cn,0.8333,0.75,0.8333,0.18181818181818182
00202327,wav2vec2-zh,1.0,0.5833,0.6667,0.3
00202327,paraformer-zh,0.5833,0.5833,0.5833,0.0
00202327,zipformer-zh-en,0.8333,0.6667,0.75,0.18181818181818182
00202327,sense-voice,0.5833,0.5833,0.5833,0.0
00202343,whisper-tiny,0.125,0.0,0.0,0.0
00202343,whisper-base,0.125,0.0,0.0,0.0
00202343,whisper-small,0.0,0.0,0.0,0.0
00202343,vosk-cn,0.5,0.375,0.375,0.0
00202343,wav2vec2-zh,0.5,0.125,0.125,0.14285714285714285
00202343,paraformer-zh,0.0,0.0,0.0,0.0
00202343,zipformer-zh-en,0.0,0.0,0.0,0.0
00202343,sense-voice,0.0,0.0,0.0,0.0
00202359,whisper-tiny,0.3333,0.2,0.0667,0.0
00202359,whisper-base,0.3333,0.2667,0.2,0.0
00202359,whisper-small,0.2,0.2,0.1333,0.0
00202359,vosk-cn,0.2,0.2,0.1333,0.0
00202359,wav2vec2-zh,0.2667,0.1333,0.0667,0.0
00202359,paraformer-zh,0.2,0.2,0.1333,0.0
00202359,zipformer-zh-en,0.2667,0.2667,0.2,0.0
00202359,sense-voice,0.1333,0.1333,0.1333,0.0
00202413,whisper-tiny,0.3636,0.3636,0.0909,0.0
00202413,whisper-base,0.4545,0.3636,0.0909,0.0
00202413,whisper-small,0.2727,0.2727,0.0909,0.0
00202413,vosk-cn,0.0,0.0,0.0,0.0
00202413,wav2vec2-zh,0.4545,0.3636,0.1818,0.0
00202413,paraformer-zh,0.0909,0.0909,0.0909,0.0
00202413,zipformer-zh-en,0.2727,0.0909,0.0909,0.0
00202413,sense-voice,0.0909,0.0909,0.0909,0.0
00202429,whisper-tiny,0.4615,0.4615,0.3077,0.0
00202429,whisper-base,0.3077,0.3077,0.1538,0.0
00202429,whisper-small,0.3846,0.3846,0.2308,0.0
00202429,vosk-cn,0.4615,0.3846,0.3846,0.1
00202429,wav2vec2-zh,0.6154,0.5385,0.3077,0.0
00202429,paraformer-zh,0.1538,0.1538,0.1538,0.0
00202429,zipformer-zh-en,0.3077,0.2308,0.1538,0.0
00202429,sense-voice,0.1538,0.1538,0.1538,0.0
00202445,whisper-tiny,0.3333,0.2667,0.2667,0.0
00202445,whisper-base,0.2,0.2,0.2,0.0
00202445,whisper-small,0.1333,0.0667,0.0667,0.0
00202445,vosk-cn,0.0,0.0,0.0,0.0
00202445,wav2vec2-zh,0.1333,0.0667,0.0667,0.0
00202445,paraformer-zh,0.0,0.0,0.0,0.0
00202445,zipformer-zh-en,0.1333,0.0667,0.0667,0.0
00202445,sense-voice,0.0,0.0,0.0,0.0
00202461,whisper-tiny,0.1,0.1,0.0,0.0
00202461,whisper-base,0.2,0.2,0.1,0.0
00202461,whisper-small,0.0,0.0,0.0,0.0
00202461,vosk-cn,0.1,0.1,0.0,0.0
00202461,wav2vec2-zh,0.2,0.2,0.0,0.0
00202461,paraformer-zh,0.0,0.0,0.0,0.0
00202461,zipformer-zh-en,0.1,0.1,0.1,0.0
00202461,sense-voice,0.0,0.0,0.0,0.0
00202515,whisper-tiny,0.2778,0.1111,0.1667,0.0625
00202515,whisper-base,0.2222,0.1111,0.1111,0.0
00202515,whisper-small,0.0556,0.0,0.0,0.0
00202515,vosk-cn,0.1111,0.1111,0.1111,0.0
00202515,wav2vec2-zh,0.2222,0.1111,0.1111,0.0625
00202515,paraformer-zh,0.0556,0.0,0.0,0.0
00202515,zipformer-zh-en,0.0556,0.0,0.0,0.0
00202515,sense-voice,0.0556,0.0,0.0,0.0
00202602,whisper-tiny,0.3333,0.3333,0.3333,0.0
00202602,whisper-base,0.4444,0.4444,0.3333,0.0
00202602,whisper-small,0.2222,0.2222,0.2222,0.0
00202602,vosk-cn,1.0,0.8889,0.5556,0.2
00202602,wav2vec2-zh,0.6667,0.4444,0.5556,0.25
00202602,paraformer-zh,0.4444,0.4444,0.4444,0.0
00202602,zipformer-zh-en,0.8889,0.7778,0.6667,0.14285714285714285
00202602,sense-voice,0.3333,0.3333,0.3333,0.0
00202618,whisper-tiny,0.9091,0.3636,0.5455,0.42857142857142855
00202618,whisper-base,0.8182,0.3636,0.6364,0.7142857142857143
00202618,whisper-small,0.8182,0.3636,0.6364,0.7142857142857143
00202618,vosk-cn,0.9091,0.6364,0.6364,0.6
00202618,wav2vec2-zh,0.8182,0.6364,0.6364,0.5
00202618,paraformer-zh,0.7273,0.3636,0.5455,0.375
00202618,zipformer-zh-en,0.8182,0.4545,0.6364,0.42857142857142855
00202618,sense-voice,0.6364,0.0909,0.5455,0.5
00202634,whisper-tiny,1.2222,0.8889,0.8889,0.3333333333333333
00202634,whisper-base,1.2222,1.2222,0.6667,0.0
00202634,whisper-small,1.0,0.7778,0.6667,0.2
00202634,vosk-cn,1.2222,1.1111,0.7778,0.2
00202634,wav2vec2-zh,0.6667,0.5556,0.5556,0.2
00202634,paraformer-zh,1.1111,0.8889,0.7778,0.16666666666666666
00202634,zipformer-zh-en,1.1111,0.8889,0.5556,0.2
00202634,sense-voice,1.1111,0.8889,0.7778,0.2
00202650,whisper-tiny,1.25,0.9167,0.8333,0.42857142857142855
00202650,whisper-base,0.8333,0.6667,0.4167,0.3333333333333333
00202650,whisper-small,0.3333,0.1667,0.1667,0.09090909090909091
00202650,vosk-cn,0.5833,0.4167,0.4167,0.1111111111111111
00202650,wav2vec2-zh,0.75,0.25,0.4167,0.4
00202650,paraformer-zh,0.5,0.3333,0.25,0.2222222222222222
00202650,zipformer-zh-en,0.8333,0.5,0.4167,0.42857142857142855
00202650,sense-voice,0.75,0.5833,0.3333,0.16666666666666666
00202704,whisper-tiny,0.2,0.2,0.1,0.0
00202704,whisper-base,0.3,0.2,0.2,0.0
00202704,whisper-small,0.1,0.1,0.1,0.0
00202704,vosk-cn,0.1,0.1,0.1,0.0
00202704,wav2vec2-zh,0.3,0.2,0.2,0.0
00202704,paraformer-zh,0.2,0.1,0.1,0.0
00202704,zipformer-zh-en,0.3,0.2,0.1,0.0
00202704,sense-voice,0.0,0.0,0.0,0.0
00202720,whisper-tiny,0.2222,0.2222,0.2222,0.0
00202720,whisper-base,0.0,0.0,0.0,0.0
00202720,whisper-small,0.0,0.0,0.0,0.0
00202720,vosk-cn,0.2222,0.2222,0.2222,0.0
00202720,wav2vec2-zh,0.4444,0.2222,0.3333,0.1111111111111111
00202720,paraformer-zh,0.2222,0.2222,0.2222,0.0
00202720,zipformer-zh-en,0.2222,0.2222,0.2222,0.0
00202720,sense-voice,0.2222,0.2222,0.2222,0.0
00202736,whisper-tiny,0.0,0.0,0.0,0.0
00202736,whisper-base,0.0,0.0,0.0,0.0
00202736,whisper-small,0.0,0.0,0.0,0.0
00202736,vosk-cn,0.1818,0.0909,0.0,0.0
00202736,wav2vec2-zh,0.3636,0.0909,0.2727,0.2
00202736,paraformer-zh,0.0,0.0,0.0,0.0
00202736,zipformer-zh-en,0.1818,0.0909,0.0909,0.0
00202736,sense-voice,0.0,0.0,0.0,0.0
00202752,whisper-tiny,0.0,0.0,0.0,0.0
00202752,whisper-base,0.3125,0.1875,0.25,0.15384615384615385
00202752,whisper-small,0.25,0.25,0.25,0.0
00202752,vosk-cn,0.1875,0.1875,0.1875,0.0
00202752,wav2vec2-zh,0.5625,0.375,0.5625,0.3333333333333333
00202752,paraformer-zh,0.1875,0.1875,0.1875,0.0
00202752,zipformer-zh-en,0.375,0.3125,0.3125,0.07692307692307693
00202752,sense-voice,0.1875,0.1875,0.1875,0.0
00202806,whisper-tiny,0.5,0.375,0.375,0.3
00202806,whisper-base,0.375,0.25,0.3125,0.16666666666666666
00202806,whisper-small,0.4375,0.25,0.375,0.25
00202806,vosk-cn,0.3125,0.3125,0.25,0.0
00202806,wav2vec2-zh,0.4375,0.125,0.4375,0.35714285714285715
00202806,paraformer-zh,0.0625,0.0625,0.0625,0.0
00202806,zipformer-zh-en,0.375,0.1875,0.375,0.23076923076923078
00202806,sense-voice,0.0625,0.0625,0.0625,0.0
00202822,whisper-tiny,0.2,0.15,0.1,0.058823529411764705
00202822,whisper-base,0.25,0.15,0.15,0.11764705882352941
00202822,whisper-small,0.15,0.15,0.15,0.0
00202822,vosk-cn,0.45,0.25,0.4,0.26666666666666666
00202822,wav2vec2-zh,0.55,0.25,0.45,0.3333333333333333
00202822,paraformer-zh,0.05,0.05,0.0,0.0
00202822,zipformer-zh-en,0.3,0.2,0.2,0.125
00202822,sense-voice,0.2,0.2,0.2,0.0
00202838,whisper-tiny,0.4444,0.4444,0.2222,0.0
00202838,whisper-base,0.4444,0.4444,0.2222,0.0
00202838,whisper-small,0.4444,0.4444,0.2222,0.0
00202838,vosk-cn,0.5556,0.5556,0.2222,0.0
00202838,wav2vec2-zh,0.7778,0.6667,0.5556,0.3333333333333333
00202838,paraformer-zh,0.4444,0.4444,0.4444,0.0
00202838,zipformer-zh-en,0.5556,0.5556,0.4444,0.0
00202838,sense-voice,0.3333,0.3333,0.2222,0.0
00202854,whisper-tiny,0.6111,0.3889,0.3333,0.18181818181818182
00202854,whisper-base,0.1111,0.0556,0.1111,0.058823529411764705
00202854,whisper-small,0.2778,0.1667,0.1111,0.0
00202854,vosk-cn,0.6111,0.6111,0.3889,0.0
00202854,wav2vec2-zh,0.6111,0.3889,0.3889,0.23076923076923078
00202854,paraformer-zh,0.1111,0.1111,0.1111,0.0
00202854,zipformer-zh-en,0.6111,0.2778,0.3333,0.2
00202854,sense-voice,0.1111,0.1111,0.1111,0.0
00202908,whisper-tiny,0.0,0.0,0.0,0.0
00202908,whisper-base,0.0,0.0,0.0,0.0
00202908,whisper-small,0.0,0.0,0.0,0.0
00202908,vosk-cn,0.1111,0.1111,0.0,0.0
00202908,wav2vec2-zh,0.0,0.0,0.0,0.0
00202908,paraformer-zh,0.0,0.0,0.0,0.0
00202908,zipformer-zh-en,0.0,0.0,0.0,0.0
00202908,sense-voice,0.0,0.0,0.0,0.0
00202924,whisper-tiny,0.0,0.0,0.0,0.0
00202924,whisper-base,0.0,0.0,0.0,0.0
00202924,whisper-small,0.0833,0.0833,0.0,0.0
00202924,vosk-cn,0.0,0.0,0.0,0.0
00202924,wav2vec2-zh,0.4167,0.25,0.0833,0.0
00202924,paraformer-zh,0.0833,0.0,0.0833,0.08333333333333333
00202924,zipformer-zh-en,0.0,0.0,0.0,0.0
00202924,sense-voice,0.0,0.0,0.0,0.0
00202940,whisper-tiny,0.7273,0.6364,0.4545,0.25
00202940,whisper-base,0.4545,0.5455,0.3636,0.0
00202940,whisper-small,0.0909,0.0909,0.0,0.0
00202940,vosk-cn,0.5455,0.5455,0.3636,0.2
00202940,wav2vec2-zh,0.8182,0.4545,0.4545,0.3333333333333333
00202940,paraformer-zh,0.0909,0.0909,0.0,0.0
00202940,zipformer-zh-en,0.2727,0.3636,0.3636,0.0
00202940,sense-voice,0.0909,0.0,0.0,0.0
00202956,whisper-tiny,0.25,0.25,0.1667,0.0
00202956,whisper-base,0.0833,0.0833,0.0833,0.0
00202956,whisper-small,0.0833,0.0833,0.0833,0.0
00202956,vosk-cn,0.1667,0.1667,0.0833,0.0
00202956,wav2vec2-zh,0.25,0.1667,0.0833,0.0
00202956,paraformer-zh,0.1667,0.1667,0.0833,0.0
00202956,zipformer-zh-en,0.1667,0.1667,0.0833,0.0
00202956,sense-voice,0.0833,0.0833,0.0833,0.0
00203010,whisper-tiny,0.2857,0.2857,0.2143,0.0
00203010,whisper-base,0.2857,0.2857,0.0714,0.0
00203010,whisper-small,0.2857,0.2857,0.1429,0.0
00203010,vosk-cn,0.7143,0.6429,0.4286,0.0
00203010,wav2vec2-zh,0.5,0.2857,0.0714,0.0
00203010,paraformer-zh,0.1429,0.1429,0.0714,0.0
00203010,zipformer-zh-en,0.3571,0.3571,0.2143,0.0
00203010,sense-voice,0.2143,0.2143,0.0714,0.0
00203026,whisper-tiny,0.5833,0.4167,0.4167,0.2222222222222222
00203026,whisper-base,1.0,0.75,0.8333,0.375
00203026,whisper-small,0.0833,0.0833,0.0833,0.0
00203026,vosk-cn,0.6667,0.5833,0.5,0.0
00203026,wav2vec2-zh,0.6667,0.4167,0.5,0.2
00203026,paraformer-zh,0.4167,0.4167,0.3333,0.0
00203026,zipformer-zh-en,0.5833,0.4167,0.4167,0.09090909090909091
00203026,sense-voice,0.1667,0.1667,0.1667,0.0
00203113,whisper-tiny,1.0,0.9091,0.4545,0.0
00203113,whisper-base,0.9091,0.8182,0.4545,0.0
00203113,whisper-small,0.5455,0.5455,0.3636,0.0
00203113,vosk-cn,0.5455,0.5455,0.5455,0.0
00203113,wav2vec2-zh,0.9091,0.7273,0.4545,0.3333333333333333
00203113,paraformer-zh,0.5455,0.5455,0.4545,0.0
00203113,zipformer-zh-en,0.8182,0.8182,0.3636,0.0
00203113,sense-voice,0.2727,0.2727,0.2727,0.0
00203129,whisper-tiny,0.4615,0.3846,0.3846,0.125
00203129,whisper-base,0.3846,0.3846,0.3077,0.0
00203129,whisper-small,0.3846,0.3846,0.3846,0.0
00203129,vosk-cn,0.6154,0.4615,0.4615,0.2857142857142857
00203129,wav2vec2-zh,0.5385,0.3846,0.4615,0.25
00203129,paraformer-zh,0.1538,0.1538,0.1538,0.0
00203129,zipformer-zh-en,0.4615,0.3846,0.3846,0.125
00203129,sense-voice,0.2308,0.2308,0.2308,0.0
00203145,whisper-tiny,1.1333,1.1333,0.8,0.0
00203145,whisper-base,0.6,0.6,0.4,0.0
00203145,whisper-small,0.6,0.5333,0.3333,0.14285714285714285
00203145,vosk-cn,0.6667,0.6667,0.4667,0.0
00203145,wav2vec2-zh,0.5333,0.4,0.4,0.1111111111111111
00203145,paraformer-zh,0.3333,0.2667,0.2,0.0
00203145,zipformer-zh-en,0.6,0.5333,0.4667,0.14285714285714285
00203145,sense-voice,0.3333,0.2667,0.2,0.0
00203161,whisper-tiny,0.8,0.7,0.7,0.2
00203161,whisper-base,0.8,0.7,0.5,0.0
00203161,whisper-small,0.2,0.2,0.2,0.0
00203161,vosk-cn,0.5,0.5,0.4,0.0
00203161,wav2vec2-zh,0.9,0.6,0.5,0.5
00203161,paraformer-zh,0.4,0.4,0.4,0.0
00203161,zipformer-zh-en,0.5,0.4,0.4,0.25
00203161,sense-voice,0.3,0.3,0.3,0.0
00203215,whisper-tiny,0.2778,0.1111,0.1667,0.058823529411764705
00203215,whisper-base,0.3333,0.2222,0.2222,0.058823529411764705
00203215,whisper-small,0.2778,0.1667,0.2222,0.05555555555555555
00203215,vosk-cn,0.2222,0.2222,0.2222,0.0
00203215,wav2vec2-zh,0.3889,0.2778,0.2778,0.0625
00203215,paraformer-zh,0.3889,0.2222,0.3333,0.11764705882352941
00203215,zipformer-zh-en,0.3333,0.1667,0.2778,0.1111111111111111
00203215,sense-voice,0.2778,0.1667,0.2222,0.05555555555555555
00203305,whisper-tiny,0.0,0.0,0.0,0.0
00203305,whisper-base,0.0,0.0,0.0,0.0
00203305,whisper-small,0.0,0.0,0.0,0.0
00203305,vosk-cn,0.0,0.0,0.0,0.0
00203305,wav2vec2-zh,0.2941,0.0,0.0588,0.058823529411764705
00203305,paraformer-zh,0.0,0.0,0.0,0.0
00203305,zipformer-zh-en,0.0,0.0,0.0,0.0
00203305,sense-voice,0.0,0.0,0.0,0.0
00203321,whisper-tiny,0.25,0.1875,0.125,0.07692307692307693
00203321,whisper-base,0.1875,0.1875,0.0,0.0
00203321,whisper-small,0.125,0.125,0.0625,0.0
00203321,vosk-cn,0.125,0.125,0.125,0.0
00203321,wav2vec2-zh,0.1875,0.1875,0.0625,0.0
00203321,paraformer-zh,0.0625,0.0625,0.0625,0.0
00203321,zipformer-zh-en,0.1875,0.125,0.125,0.06666666666666667
00203321,sense-voice,0.0625,0.0625,0.0625,0.0
00203337,whisper-tiny,0.1333,0.0,0.0667,0.06666666666666667
00203337,whisper-base,0.1333,0.0667,0.1333,0.07142857142857142
00203337,whisper-small,0.0,0.0,0.0,0.0
00203337,vosk-cn,0.0667,0.0,0.0,0.0
00203337,wav2vec2-zh,0.1333,0.0667,0.1333,0.07142857142857142
00203337,paraformer-zh,0.0,0.0,0.0,0.0
00203337,zipformer-zh-en,0.0667,0.0667,0.0667,0.0
00203337,sense-voice,0.0,0.0,0.0,0.0
00203353,whisper-tiny,0.1667,0.1667,0.1667,0.0
00203353,whisper-base,0.1667,0.1667,0.1667,0.0
00203353,whisper-small,0.0,0.0,0.0,0.0
00203353,vosk-cn,0.1667,0.1667,0.1667,0.0
00203353,wav2vec2-zh,0.1667,0.1667,0.1667,0.0
00203353,paraformer-zh,0.1667,0.1667,0.1667,0.0
00203353,zipformer-zh-en,0.1667,0.1667,0.1667,0.0
00203353,sense-voice,0.1667,0.1667,0.1667,0.0
00203407,whisper-tiny,0.5556,0.2222,0.3333,0.14285714285714285
00203407,whisper-base,0.4444,0.3333,0.3333,0.0
00203407,whisper-small,0.3333,0.3333,0.2222,0.0
00203407,vosk-cn,0.0,0.0,0.0,0.0
00203407,wav2vec2-zh,0.1111,0.0,0.0,0.0
00203407,paraformer-zh,0.0,0.0,0.0,0.0
00203407,zipformer-zh-en,0.0,0.0,0.0,0.0
00203407,sense-voice,0.0,0.0,0.0,0.0
00203423,whisper-tiny,0.0,0.0,0.0,0.0
00203423,whisper-base,0.0,0.0,0.0,0.0
00203423,whisper-small,0.0,0.0,0.0,0.0
00203423,vosk-cn,0.0,0.0,0.0,0.0
00203423,wav2vec2-zh,0.2727,0.0909,0.1818,0.1
00203423,paraformer-zh,0.0,0.0,0.0,0.0
00203423,zipformer-zh-en,0.0,0.0,0.0,0.0
00203423,sense-voice,0.0,0.0,0.0,0.0
00203510,whisper-tiny,0.2143,0.1429,0.0714,0.0
00203510,whisper-base,0.2857,0.1429,0.0714,0.0
00203510,whisper-small,0.2143,0.1429,0.0714,0.0
00203510,vosk-cn,0.2143,0.1429,0.1429,0.08333333333333333
00203510,wav2vec2-zh,0.4286,0.2143,0.1429,0.09090909090909091
00203510,paraformer-zh,0.1429,0.1429,0.1429,0.0
00203510,zipformer-zh-en,0.2857,0.1429,0.0714,0.0
00203510,sense-voice,0.0714,0.0714,0.0714,0.0
00203526,whisper-tiny,0.4167,0.1667,0.1667,0.1
00203526,whisper-base,0.5833,0.1667,0.25,0.2
00203526,whisper-small,0.1667,0.0,0.1667,0.16666666666666666
00203526,vosk-cn,0.8333,0.3333,0.25,0.375
00203526,wav2vec2-zh,0.6667,0.1667,0.4167,0.3
00203526,paraformer-zh,0.25,0.0833,0.1667,0.09090909090909091
00203526,zipformer-zh-en,0.5,0.1667,0.1667,0.2
00203526,sense-voice,0.0833,0.0833,0.0833,0.0
00203613,whisper-tiny,0.4545,0.4545,0.0909,0.0
00203613,whisper-base,0.4545,0.4545,0.0909,0.0
00203613,whisper-small,0.1818,0.1818,0.0,0.0
00203613,vosk-cn,0.0,0.0,0.0,0.0
00203613,wav2vec2-zh,0.3636,0.3636,0.0909,0.0
00203613,paraformer-zh,0.0909,0.0909,0.0909,0.0
00203613,zipformer-zh-en,0.3636,0.3636,0.0909,0.0
00203613,sense-voice,0.0909,0.0909,0.0909,0.0
00203629,whisper-tiny,0.1538,0.1538,0.0769,0.0
00203629,whisper-base,0.1538,0.1538,0.0769,0.0
00203629,whisper-small,0.1538,0.1538,0.0769,0.0
00203629,vosk-cn,0.1538,0.1538,0.0,0.0
00203629,wav2vec2-zh,0.1538,0.1538,0.0769,0.0
00203629,paraformer-zh,0.0,0.0,0.0,0.0
00203629,zipformer-zh-en,0.1538,0.1538,0.0769,0.0
00203629,sense-voice,0.1538,0.1538,0.0769,0.0
00203645,whisper-tiny,0.0667,0.0667,0.0667,0.0
00203645,whisper-base,0.1333,0.0667,0.0667,0.0
00203645,whisper-small,0.1333,0.0667,0.1333,0.07142857142857142
00203645,vosk-cn,0.0667,0.0667,0.0667,0.0
00203645,wav2vec2-zh,0.2667,0.0667,0.2,0.14285714285714285
00203645,paraformer-zh,0.0667,0.0667,0.0667,0.0
00203645,zipformer-zh-en,0.2,0.0667,0.1333,0.07142857142857142
00203645,sense-voice,0.0667,0.0667,0.0667,0.0
00203661,whisper-tiny,0.3,0.3,0.1,0.0
00203661,whisper-base,0.3,0.2,0.2,0.0
00203661,whisper-small,0.1,0.1,0.0,0.0
00203661,vosk-cn,0.1,0.1,0.1,0.0
00203661,wav2vec2-zh,0.3,0.2,0.1,0.0
00203661,paraformer-zh,0.1,0.1,0.1,0.0
00203661,zipformer-zh-en,0.2,0.2,0.1,0.0
00203661,sense-voice,0.1,0.1,0.1,0.0
00203715,whisper-tiny,0.2222,0.1667,0.0556,0.0
00203715,whisper-base,0.1667,0.0556,0.0556,0.0
00203715,whisper-small,0.0556,0.0,0.0,0.0
00203715,vosk-cn,0.3333,0.2778,0.1111,0.0
00203715,wav2vec2-zh,0.3889,0.2778,0.2222,0.07142857142857142
00203715,paraformer-zh,0.1111,0.0556,0.0556,0.0
00203715,zipformer-zh-en,0.1667,0.1111,0.1111,0.0
00203715,sense-voice,0.1667,0.1111,0.1111,0.0
00203731,whisper-tiny,0.7778,0.2222,0.5556,0.5714285714285714
00203731,whisper-base,0.8889,0.3333,0.6667,0.6666666666666666
00203731,whisper-small,0.4444,0.2222,0.3333,0.2857142857142857
00203731,vosk-cn,0.4444,0.4444,0.3333,0.0
00203731,wav2vec2-zh,0.8889,0.3333,0.6667,0.6666666666666666
00203731,paraformer-zh,0.2222,0.1111,0.1111,0.125
00203731,zipformer-zh-en,0.4444,0.1111,0.3333,0.375
00203731,sense-voice,0.3333,0.2222,0.2222,0.14285714285714285
00203747,whisper-tiny,0.25,0.1667,0.1667,0.0
00203747,whisper-base,0.25,0.0833,0.1667,0.09090909090909091
00203747,whisper-small,0.3333,0.25,0.25,0.1111111111111111
00203747,vosk-cn,0.3333,0.25,0.3333,0.1111111111111111
00203747,wav2vec2-zh,0.4167,0.1667,0.25,0.1
00203747,paraformer-zh,0.1667,0.1667,0.1667,0.0
00203747,zipformer-zh-en,0.4167,0.25,0.3333,0.2222222222222222
00203747,sense-voice,0.1667,0.1667,0.1667,0.0
00203801,whisper-tiny,0.2727,0.0909,0.0,0.0
00203801,whisper-base,0.2727,0.0909,0.0909,0.0
00203801,whisper-small,0.1818,0.0909,0.0,0.0
00203801,vosk-cn,0.4545,0.2727,0.1818,0.0
00203801,wav2vec2-zh,0.2727,0.0909,0.0,0.0
00203801,paraformer-zh,0.0909,0.0,0.0,0.0
00203801,zipformer-zh-en,0.0909,0.0,0.0,0.0
00203801,sense-voice,0.0909,0.0,0.0,0.0
00203817,whisper-tiny,0.4444,0.2222,0.4444,0.2857142857142857
00203817,whisper-base,0.3333,0.1111,0.2222,0.125
00203817,whisper-small,0.1111,0.1111,0.1111,0.0
00203817,vosk-cn,0.1111,0.1111,0.1111,0.0
00203817,wav2vec2-zh,0.2222,0.1111,0.1111,0.0
00203817,paraformer-zh,0.1111,0.1111,0.1111,0.0
00203817,zipformer-zh-en,0.1111,0.1111,0.1111,0.0
00203817,sense-voice,0.1111,0.1111,0.1111,0.0
00203833,whisper-tiny,0.3333,0.1667,0.3333,0.2
00203833,whisper-base,0.3333,0.3333,0.3333,0.0
00203833,whisper-small,0.3333,0.3333,0.3333,0.0
00203833,vosk-cn,1.1667,1.1667,0.8333,0.0
00203833,wav2vec2-zh,0.6667,0.6667,0.5,0.0
00203833,paraformer-zh,0.3333,0.3333,0.3333,0.0
00203833,zipformer-zh-en,0.8333,0.8333,0.6667,0.0
00203833,sense-voice,0.6667,0.5,0.6667,0.2
00203849,whisper-tiny,0.6667,0.5333,0.4667,0.09090909090909091
00203849,whisper-base,0.1333,0.0667,0.1333,0.07142857142857142
00203849,whisper-small,0.5333,0.4,0.4667,0.15384615384615385
00203849,vosk-cn,0.4667,0.4667,0.4667,0.0
00203849,wav2vec2-zh,0.8,0.4667,0.6,0.3076923076923077
00203849,paraformer-zh,0.5333,0.4667,0.4,0.08333333333333333
00203849,zipformer-zh-en,0.5333,0.4,0.4,0.15384615384615385
00203849,sense-voice,0.4,0.4,0.4,0.0
00203903,whisper-tiny,0.5,0.4375,0.3125,0.0
00203903,whisper-base,0.625,0.5,0.4375,0.2222222222222222
00203903,whisper-small,0.0,0.0,0.0,0.0
00203903,vosk-cn,0.5625,0.5625,0.375,0.0
00203903,wav2vec2-zh,0.5,0.4375,0.4375,0.1
00203903,paraformer-zh,0.0,0.0,0.0,0.0
00203903,zipformer-zh-en,0.625,0.5,0.5625,0.25
00203903,sense-voice,0.0625,0.0625,0.0625,0.0
00203919,whisper-tiny,1.1538,0.9231,1.0,0.375
00203919,whisper-base,1.0769,0.9231,0.8462,0.2857142857142857
00203919,whisper-small,0.6154,0.4615,0.3846,0.14285714285714285
00203919,vosk-cn,1.3077,1.1538,1.0769,0.3333333333333333
00203919,wav2vec2-zh,1.1538,0.8462,0.8462,0.5714285714285714
00203919,paraformer-zh,1.0769,0.9231,0.8462,0.125
00203919,zipformer-zh-en,1.0769,0.8462,1.0,0.375
00203919,sense-voice,1.0769,0.9231,0.6923,0.2857142857142857
00203935,whisper-tiny,0.4444,0.2222,0.3333,0.2857142857142857
00203935,whisper-base,0.1111,0.0,0.1111,0.1111111111111111
00203935,whisper-small,0.2222,0.0,0.2222,0.2222222222222222
00203935,vosk-cn,0.7778,0.4444,0.6667,0.6
00203935,wav2vec2-zh,0.5556,0.0,0.5556,0.5555555555555556
00203935,paraformer-zh,0.0,0.0,0.0,0.0
00203935,zipformer-zh-en,0.0,0.0,0.0,0.0
00203935,sense-voice,0.0,0.0,0.0,0.0
00203951,whisper-tiny,0.875,0.5,0.625,0.5
00203951,whisper-base,0.8125,0.4375,0.625,0.38461538461538464
00203951,whisper-small,0.3125,0.3125,0.3125,0.0
00203951,vosk-cn,1.1875,0.875,0.875,0.625
00203951,wav2vec2-zh,0.9375,0.4375,0.6875,0.5384615384615384
00203951,paraformer-zh,0.25,0.25,0.25,0.0
00203951,zipformer-zh-en,0.5,0.375,0.375,0.14285714285714285
00203951,sense-voice,0.25,0.25,0.25,0.0
00204005,whisper-tiny,0.2353,0.1765,0.1765,0.07142857142857142
00204005,whisper-base,0.0588,0.0588,0.0588,0.0
00204005,whisper-small,0.0,0.0,0.0,0.0
00204005,vosk-cn,0.3529,0.2353,0.2941,0.15384615384615385
00204005,wav2vec2-zh,0.3529,0.1765,0.2941,0.14285714285714285
00204005,paraformer-zh,0.1176,0.1176,0.0588,0.0
00204005,zipformer-zh-en,0.3529,0.1765,0.1765,0.14285714285714285
00204005,sense-voice,0.1176,0.0588,0.1176,0.0625
00204021,whisper-tiny,0.4375,0.0625,0.25,0.26666666666666666
00204021,whisper-base,0.4375,0.25,0.25,0.25
00204021,whisper-small,0.1875,0.0625,0.125,0.13333333333333333
00204021,vosk-cn,0.4375,0.3125,0.25,0.18181818181818182
00204021,wav2vec2-zh,0.875,0.3125,0.5625,0.7272727272727273
00204021,paraformer-zh,0.0,0.0,0.0,0.0
00204021,zipformer-zh-en,0.5,0.0625,0.375,0.4
00204021,sense-voice,0.0,0.0,0.0,0.0
00204037,whisper-tiny,0.2667,0.2,0.2,0.08333333333333333
00204037,whisper-base,0.2667,0.1333,0.2,0.07692307692307693
00204037,whisper-small,0.2,0.0667,0.1333,0.07142857142857142
00204037,vosk-cn,0.3333,0.2,0.2667,0.08333333333333333
00204037,wav2vec2-zh,0.5333,0.2667,0.3333,0.18181818181818182
00204037,paraformer-zh,0.3333,0.1333,0.1333,0.0
00204037,zipformer-zh-en,0.2,0.1333,0.2,0.07692307692307693
00204037,sense-voice,0.0667,0.0,0.0,0.0
00204053,whisper-tiny,0.5,0.1667,0.3333,0.4
00204053,whisper-base,0.5,0.3333,0.5,0.25
00204053,whisper-small,0.6667,0.3333,0.5,0.5
00204053,vosk-cn,0.5,0.3333,0.1667,0.0
00204053,wav2vec2-zh,0.8333,0.3333,0.5,0.5
00204053,paraformer-zh,1.0,0.3333,0.8333,0.75
00204053,zipformer-zh-en,1.0,0.3333,0.6667,0.75
00204053,sense-voice,0.5,0.1667,0.3333,0.2
00204107,whisper-tiny,0.5556,0.2222,0.3333,0.14285714285714285
00204107,whisper-base,0.3333,0.3333,0.2222,0.0
00204107,whisper-small,0.4444,0.3333,0.2222,0.16666666666666666
00204107,vosk-cn,0.3333,0.3333,0.3333,0.0
00204107,wav2vec2-zh,0.5556,0.3333,0.4444,0.1111111111111111
00204107,paraformer-zh,0.3333,0.3333,0.3333,0.0
00204107,zipformer-zh-en,0.5556,0.4444,0.3333,0.0
00204107,sense-voice,0.2222,0.2222,0.2222,0.0
00204123,whisper-tiny,0.7273,0.5455,0.5455,0.1
00204123,whisper-base,0.6364,0.5455,0.4545,0.0
00204123,whisper-small,0.2727,0.0909,0.1818,0.2
00204123,vosk-cn,0.3636,0.3636,0.3636,0.0
00204123,wav2vec2-zh,1.0,0.8182,0.6364,0.125
00204123,paraformer-zh,0.5455,0.5455,0.5455,0.0
00204123,zipformer-zh-en,0.6364,0.5455,0.6364,0.18181818181818182
00204123,sense-voice,0.4545,0.4545,0.4545,0.0
00204139,whisper-tiny,0.1667,0.1667,0.1667,0.0
00204139,whisper-base,0.5,0.0,0.5,0.5
00204139,whisper-small,0.5,0.1667,0.5,0.4
00204139,vosk-cn,0.0,0.0,0.0,0.0
00204139,wav2vec2-zh,0.5,0.0,0.5,0.5
00204139,paraformer-zh,0.0,0.0,0.0,0.0
00204139,zipformer-zh-en,0.5,0.0,0.5,0.5
00204139,sense-voice,0.0,0.0,0.0,0.0
00204155,whisper-tiny,0.0588,0.0588,0.0588,0.0
00204155,whisper-base,0.0588,0.0588,0.0588,0.0
00204155,whisper-small,0.0588,0.0588,0.0588,0.0
00204155,vosk-cn,0.2353,0.1765,0.1765,0.07142857142857142
00204155,wav2vec2-zh,0.1765,0.1765,0.1176,0.0
00204155,paraformer-zh,0.0588,0.0588,0.0588,0.0
00204155,zipformer-zh-en,0.0588,0.0588,0.0588,0.0
00204155,sense-voice,0.0588,0.0588,0.0588,0.0
00204209,whisper-tiny,0.5833,0.25,0.75,0.7777777777777778
00204209,whisper-base,0.5833,0.25,0.75,0.7777777777777778
00204209,whisper-small,0.5833,0.25,0.75,0.7777777777777778
00204209,vosk-cn,0.0833,0.0,0.1667,0.16666666666666666
00204209,wav2vec2-zh,0.75,0.4167,0.75,0.8571428571428571
00204209,paraformer-zh,0.25,0.0,0.3333,0.3333333333333333
00204209,zipformer-zh-en,0.9167,0.4167,0.6667,0.7142857142857143
00204209,sense-voice,0.3333,0.0,0.4167,0.4166666666666667
00204225,whisper-tiny,0.0,0.0,0.0,0.0
00204225,whisper-base,0.25,0.1667,0.1667,0.0
00204225,whisper-small,0.0,0.0,0.0,0.0
00204225,vosk-cn,0.0,0.0,0.0,0.0
00204225,wav2vec2-zh,0.5,0.1667,0.4167,0.3
00204225,paraformer-zh,0.0,0.0,0.0,0.0
00204225,zipformer-zh-en,0.0833,0.0,0.0833,0.08333333333333333
00204225,sense-voice,0.0,0.0,0.0,0.0
00204241,whisper-tiny,0.375,0.25,0.25,0.16666666666666666
00204241,whisper-base,0.75,0.375,0.75,0.6
00204241,whisper-small,0.375,0.5,0.5,0.0
00204241,vosk-cn,0.5,0.375,0.5,0.2
00204241,wav2vec2-zh,0.625,0.375,0.625,0.4
00204241,paraformer-zh,0.625,0.25,0.5,0.3333333333333333
00204241,zipformer-zh-en,0.625,0.375,0.5,0.4
00204241,sense-voice,0.375,0.25,0.375,0.16666666666666666
00204257,whisper-tiny,0.875,0.375,0.375,0.0
00204257,whisper-base,0.625,0.625,0.625,0.0
00204257,whisper-small,0.5,0.5,0.5,0.0
00204257,vosk-cn,0.625,0.625,0.375,0.0
00204257,wav2vec2-zh,0.75,0.75,0.375,0.0
00204257,paraformer-zh,0.125,0.125,0.125,0.0
00204257,zipformer-zh-en,0.625,0.625,0.5,0.0
00204257,sense-voice,0.0,0.0,0.0,0.0
00204311,whisper-tiny,0.4615,0.0769,0.2308,0.25
00204311,whisper-base,0.3077,0.1538,0.3077,0.2727272727272727
00204311,whisper-small,0.4615,0.0769,0.2308,0.25
00204311,vosk-cn,0.3846,0.0769,0.3077,0.3333333333333333
00204311,wav2vec2-zh,0.3077,0.0769,0.2308,0.25
00204311,paraformer-zh,0.3846,0.1538,0.3077,0.2727272727272727
00204311,zipformer-zh-en,0.4615,0.0769,0.2308,0.25
00204311,sense-voice,0.3077,0.0769,0.2308,0.16666666666666666
00204328,whisper-tiny,0.5,0.3,0.3,0.2857142857142857
00204328,whisper-base,0.5,0.3,0.3,0.2857142857142857
00204328,whisper-small,0.1,0.0,0.1,0.1
00204328,vosk-cn,0.1,0.0,0.1,0.1
00204328,wav2vec2-zh,0.6,0.1,0.4,0.4444444444444444
00204328,paraformer-zh,0.3,0.1,0.2,0.2222222222222222
00204328,zipformer-zh-en,0.2,0.1,0.2,0.1111111111111111
00204328,sense-voice,0.1,0.0,0.1,0.1
00204344,whisper-tiny,0.4444,0.3333,0.1111,0.0
00204344,whisper-base,0.8889,0.5556,0.2222,0.0
00204344,whisper-small,0.8889,0.5556,0.3333,0.0
00204344,vosk-cn,0.8889,0.8889,0.7778,0.0
00204344,wav2vec2-zh,0.8889,0.5556,0.3333,0.0
00204344,paraformer-zh,1.0,0.6667,0.4444,0.0
00204344,zipformer-zh-en,0.8889,0.7778,0.6667,0.0
00204344,sense-voice,0.7778,0.4444,0.2222,0.0
00204360,whisper-tiny,0.3,0.2,0.2,0.125
00204360,whisper-base,0.4,0.2,0.4,0.25
00204360,whisper-small,0.3,0.2,0.3,0.1111111111111111
00204360,vosk-cn,0.3,0.3,0.3,0.0
00204360,wav2vec2-zh,0.5,0.2,0.4,0.375
00204360,paraformer-zh,0.1,0.1,0.1,0.0
00204360,zipformer-zh-en,0.3,0.2,0.3,0.1111111111111111
00204360,sense-voice,0.1,0.1,0.1,0.0
00204414,whisper-tiny,0.6316,0.4211,0.3684,0.23076923076923078
00204414,whisper-base,0.5263,0.2632,0.3158,0.2857142857142857
00204414,whisper-small,0.2632,0.0526,0.2105,0.2222222222222222
00204414,vosk-cn,0.5263,0.3158,0.4211,0.2857142857142857
00204414,wav2vec2-zh,0.5263,0.2105,0.3684,0.375
00204414,paraformer-zh,0.3684,0.1579,0.3158,0.23529411764705882
00204414,zipformer-zh-en,0.5263,0.3158,0.3158,0.2857142857142857
00204414,sense-voice,0.2632,0.1053,0.2632,0.17647058823529413
00204430,whisper-tiny,0.7273,0.5455,0.4545,0.16666666666666666
00204430,whisper-base,0.6364,0.2727,0.5455,0.5
00204430,whisper-small,0.3636,0.2727,0.2727,0.1111111111111111
00204430,vosk-cn,0.8182,0.7273,0.4545,0.3333333333333333
00204430,wav2vec2-zh,0.5455,0.2727,0.4545,0.375
00204430,paraformer-zh,0.1818,0.0909,0.0909,0.1
00204430,zipformer-zh-en,0.2727,0.0909,0.0909,0.1
00204430,sense-voice,0.1818,0.0909,0.1818,0.1
00204446,whisper-tiny,0.1429,0.1429,0.1429,0.0
00204446,whisper-base,0.2857,0.2857,0.2857,0.0
00204446,whisper-small,0.1429,0.1429,0.1429,0.0
00204446,vosk-cn,0.0,0.0,0.0,0.0
00204446,wav2vec2-zh,0.1429,0.1429,0.0,0.0
00204446,paraformer-zh,0.0,0.0,0.0,0.0
00204446,zipformer-zh-en,0.0,0.0,0.0,0.0
00204446,sense-voice,0.0,0.0,0.0,0.0
00204462,whisper-tiny,0.5333,0.3333,0.5333,0.3
00204462,whisper-base,0.4,0.2,0.4,0.25
00204462,whisper-small,0.2667,0.1333,0.2,0.07692307692307693
00204462,vosk-cn,0.4667,0.4,0.4,0.1111111111111111
00204462,wav2vec2-zh,0.5333,0.2,0.5333,0.5
00204462,paraformer-zh,0.2,0.1333,0.2,0.07692307692307693
00204462,zipformer-zh-en,0.2667,0.1333,0.2667,0.15384615384615385
00204462,sense-voice,0.3333,0.2667,0.2667,0.0
00204516,whisper-tiny,0.625,0.5,0.5,0.25
00204516,whisper-base,0.625,0.5,0.625,0.25
00204516,whisper-small,0.5,0.375,0.375,0.2
00204516,vosk-cn,0.75,0.5,0.625,0.5
00204516,wav2vec2-zh,0.625,0.25,0.625,0.5
00204516,paraformer-zh,0.625,0.5,0.375,0.25
00204516,zipformer-zh-en,0.875,0.5,0.75,0.75
00204516,sense-voice,0.375,0.25,0.25,0.16666666666666666
00204532,whisper-tiny,0.8,0.4,0.8,0.6666666666666666
00204532,whisper-base,0.4,0.4,0.4,0.25
00204532,whisper-small,0.4,0.4,0.4,0.25
00204532,vosk-cn,0.6,0.4,0.6,0.4
00204532,wav2vec2-zh,0.6,0.4,0.6,0.3333333333333333
00204532,paraformer-zh,0.6,0.4,0.6,0.3333333333333333
00204532,zipformer-zh-en,0.8,0.6,0.8,0.3333333333333333
00204532,sense-voice,0.4,0.2,0.4,0.25
00204548,whisper-tiny,0.1429,0.0952,0.0952,0.0
00204548,whisper-base,0.1429,0.0952,0.1429,0.05263157894736842
00204548,whisper-small,0.1429,0.0952,0.1429,0.05263157894736842
00204548,vosk-cn,0.2857,0.2857,0.2857,0.0
00204548,wav2vec2-zh,0.4762,0.2857,0.3333,0.1875
00204548,paraformer-zh,0.0952,0.0952,0.0952,0.0
00204548,zipformer-zh-en,0.1429,0.1429,0.1429,0.0
00204548,sense-voice,0.1429,0.0952,0.1429,0.05263157894736842
00204602,whisper-tiny,0.3333,0.3333,0.1111,0.0
00204602,whisper-base,0.0,0.0,0.0,0.0
00204602,whisper-small,0.0,0.0,0.0,0.0
00204602,vosk-cn,0.3333,0.3333,0.1111,0.0
00204602,wav2vec2-zh,0.3333,0.3333,0.2222,0.0
00204602,paraformer-zh,0.0,0.0,0.0,0.0
00204602,zipformer-zh-en,0.3333,0.2222,0.1111,0.14285714285714285
00204602,sense-voice,0.1111,0.1111,0.0,0.0
00204618,whisper-tiny,0.1818,0.0909,0.1818,0.1
00204618,whisper-base,0.1818,0.1818,0.0,0.0
00204618,whisper-small,0.1818,0.0909,0.1818,0.1
00204618,vosk-cn,0.0,0.0,0.0,0.0
00204618,wav2vec2-zh,0.2727,0.2727,0.0909,0.0
00204618,paraformer-zh,0.0,0.0,0.0,0.0
00204618,zipformer-zh-en,0.1818,0.0909,0.1818,0.1
00204618,sense-voice,0.0,0.0,0.0,0.0
00204634,whisper-tiny,0.3333,0.1111,0.2222,0.125
00204634,whisper-base,0.1111,0.1111,0.1111,0.0
00204634,whisper-small,0.4444,0.2222,0.2222,0.14285714285714285
00204634,vosk-cn,0.3333,0.2222,0.2222,0.0
00204634,wav2vec2-zh,0.2222,0.0,0.1111,0.1111111111111111
00204634,paraformer-zh,0.0,0.0,0.0,0.0
00204634,zipformer-zh-en,0.3333,0.0,0.2222,0.2222222222222222
00204634,sense-voice,0.0,0.0,0.0,0.0
00204650,whisper-tiny,0.4167,0.25,0.25,0.2222222222222222
00204650,whisper-base,0.4167,0.1667,0.25,0.2
00204650,whisper-small,0.4167,0.1667,0.25,0.2
00204650,vosk-cn,0.4167,0.25,0.25,0.1111111111111111
00204650,wav2vec2-zh,0.4167,0.3333,0.3333,0.125
00204650,paraformer-zh,0.25,0.0833,0.0833,0.09090909090909091
00204650,zipformer-zh-en,0.5,0.25,0.25,0.1111111111111111
00204650,sense-voice,0.3333,0.1667,0.0833,0.1
00200107,whisper-tiny,0.3,0.3,0.2,0.0
00200107,whisper-base,0.2,0.2,0.2,0.0
00200107,whisper-small,0.2,0.2,0.2,0.0
00200107,vosk-cn,0.0,0.0,0.0,0.0
00200107,wav2vec2-zh,0.4,0.4,0.2,0.0
00200107,paraformer-zh,0.0,0.0,0.0,0.0
00200107,zipformer-zh-en,0.3,0.3,0.2,0.0
00200107,sense-voice,0.0,0.0,0.0,0.0
00200203,whisper-tiny,0.0,0.0,0.0,0.0
00200203,whisper-base,0.0,0.0,0.0,0.0
00200203,whisper-small,0.0,0.0,0.0,0.0
00200203,vosk-cn,0.0,0.0,0.0,0.0
00200203,wav2vec2-zh,0.0,0.0,0.0,0.0
00200203,paraformer-zh,0.0,0.0,0.0,0.0
00200203,zipformer-zh-en,0.0,0.0,0.0,0.0
00200203,sense-voice,0.125,0.125,0.125,0.0
00200219,whisper-tiny,0.4286,0.4286,0.1429,0.0
00200219,whisper-base,0.1429,0.1429,0.1429,0.0
00200219,whisper-small,0.1429,0.1429,0.1429,0.0
00200219,vosk-cn,0.2857,0.1429,0.0,0.0
00200219,wav2vec2-zh,0.4286,0.2857,0.2857,0.3333333333333333
00200219,paraformer-zh,0.0,0.0,0.0,0.0
00200219,zipformer-zh-en,0.0,0.0,0.0,0.0
00200219,sense-voice,1.0,1.0,1.0,
00200315,whisper-tiny,0.1429,0.1429,0.1429,0.0
00200315,whisper-base,0.1429,0.1429,0.1429,0.0
00200315,whisper-small,0.1429,0.1429,0.1429,0.0
00200315,vosk-cn,0.2857,0.2857,0.2857,0.0
00200315,wav2vec2-zh,0.1429,0.1429,0.1429,0.0
00200315,paraformer-zh,0.1429,0.1429,0.1429,0.0
00200315,zipformer-zh-en,0.2857,0.2857,0.2857,0.0
00200315,sense-voice,0.1429,0.1429,0.1429,0.0
00200411,whisper-tiny,0.3333,0.1111,0.2222,0.125
00200411,whisper-base,0.1111,0.0,0.0,0.0
00200411,whisper-small,0.0,0.0,0.0,0.0
00200411,vosk-cn,0.4444,0.4444,0.3333,0.0
00200411,wav2vec2-zh,0.3333,0.3333,0.2222,0.0
00200411,paraformer-zh,0.0,0.0,0.0,0.0
00200411,zipformer-zh-en,0.0,0.0,0.0,0.0
00200411,sense-voice,0.0,0.0,0.0,0.0
00200507,whisper-tiny,0.2,0.1,0.2,0.1111111111111111
00200507,whisper-base,0.2,0.1,0.2,0.1111111111111111
00200507,whisper-small,0.2,0.1,0.2,0.1111111111111111
00200507,vosk-cn,0.2,0.2,0.2,0.1111111111111111
00200507,wav2vec2-zh,0.5,0.1,0.4,0.4444444444444444
00200507,paraformer-zh,0.2,0.1,0.2,0.1111111111111111
00200507,zipformer-zh-en,0.2,0.0,0.2,0.2
00200507,sense-voice,0.2,0.1,0.2,0.1111111111111111
00200603,whisper-tiny,0.0,0.0,0.0,0.0
00200603,whisper-base,0.0,0.0,0.0,0.0
00200603,whisper-small,0.0,0.0,0.0,0.0
00200603,vosk-cn,0.25,0.0,0.25,0.25
00200603,wav2vec2-zh,0.375,0.0,0.375,0.375
00200603,paraformer-zh,0.0,0.0,0.0,0.0
00200603,zipformer-zh-en,0.0,0.0,0.0,0.0
00200603,sense-voice,0.0,0.0,0.0,0.0
00200619,whisper-tiny,0.2857,0.1429,0.2857,0.16666666666666666
00200619,whisper-base,0.5714,0.1429,0.4286,0.5
00200619,whisper-small,0.5714,0.1429,0.5714,0.5
00200619,vosk-cn,0.4286,0.2857,0.4286,0.2
00200619,wav2vec2-zh,0.5714,0.2857,0.5714,0.4
00200619,paraformer-zh,0.5714,0.1429,0.5714,0.5
00200619,zipformer-zh-en,0.4286,0.2857,0.4286,0.2
00200619,sense-voice,0.2857,0.2857,0.2857,0.0
00200715,whisper-tiny,0.0,0.0,0.0,0.0
00200715,whisper-base,0.0,0.0,0.0,0.0
00200715,whisper-small,0.0,0.0,0.0,0.0
00200715,vosk-cn,0.0,0.0,0.0,0.0
00200715,wav2vec2-zh,0.0,0.0,0.0,0.0
00200715,paraformer-zh,0.0,0.0,0.0,0.0
00200715,zipformer-zh-en,0.0,0.0,0.0,0.0
00200715,sense-voice,0.0,0.0,0.0,0.0
00200811,whisper-tiny,0.3333,0.0,0.1111,0.1111111111111111
00200811,whisper-base,0.3333,0.2222,0.2222,0.14285714285714285
00200811,whisper-small,0.3333,0.2222,0.2222,0.14285714285714285
00200811,vosk-cn,0.4444,0.3333,0.3333,0.16666666666666666
00200811,wav2vec2-zh,0.3333,0.1111,0.2222,0.125
00200811,paraformer-zh,0.3333,0.1111,0.2222,0.125
00200811,zipformer-zh-en,0.4444,0.1111,0.2222,0.25
00200811,sense-voice,0.2222,0.1111,0.2222,0.125
00200907,whisper-tiny,0.0,0.0,0.0,0.0
00200907,whisper-base,0.2,0.2,0.1,0.0
00200907,whisper-small,0.0,0.0,0.0,0.0
00200907,vosk-cn,0.0,0.0,0.0,0.0
00200907,wav2vec2-zh,0.0,0.0,0.0,0.0
00200907,paraformer-zh,0.0,0.0,0.0,0.0
00200907,zipformer-zh-en,0.0,0.0,0.0,0.0
00200907,sense-voice,0.0,0.0,0.0,0.0
00201003,whisper-tiny,0.5,0.5,0.25,0.0
00201003,whisper-base,0.25,0.25,0.25,0.0
00201003,whisper-small,0.0,0.0,0.0,0.0
00201003,vosk-cn,0.0,0.0,0.0,0.0
00201003,wav2vec2-zh,0.0,0.0,0.0,0.0
00201003,paraformer-zh,0.0,0.0,0.0,0.0
00201003,zipformer-zh-en,0.0,0.0,0.0,0.0
00201003,sense-voice,0.0,0.0,0.0,0.0
00201019,whisper-tiny,0.5714,0.5714,0.5714,0.0
00201019,whisper-base,0.7143,0.7143,0.7143,0.0
00201019,whisper-small,0.5714,0.5714,0.5714,0.0
00201019,vosk-cn,0.8571,0.7143,0.7143,0.0
00201019,wav2vec2-zh,0.8571,0.8571,0.7143,0.0
00201019,paraformer-zh,0.8571,0.8571,0.7143,0.0
00201019,zipformer-zh-en,0.7143,0.5714,0.5714,0.0
00201019,sense-voice,0.8571,0.7143,0.7143,0.0
00201115,whisper-tiny,0.0,0.0,0.0,0.0
00201115,whisper-base,0.0,0.0,0.0,0.0
00201115,whisper-small,0.1429,0.1429,0.1429,0.0
00201115,vosk-cn,0.0,0.0,0.0,0.0
00201115,wav2vec2-zh,0.1429,0.0,0.1429,0.14285714285714285
00201115,paraformer-zh,0.0,0.0,0.0,0.0
00201115,zipformer-zh-en,0.1429,0.0,0.1429,0.14285714285714285
00201115,sense-voice,0.0,0.0,0.0,0.0
00201211,whisper-tiny,0.2222,0.1111,0.2222,0.125
00201211,whisper-base,0.6667,0.2222,0.3333,0.2857142857142857
00201211,whisper-small,0.3333,0.0,0.1111,0.1111111111111111
00201211,vosk-cn,0.3333,0.3333,0.2222,0.0
00201211,wav2vec2-zh,0.3333,0.0,0.3333,0.3333333333333333
00201211,paraformer-zh,0.0,0.0,0.0,0.0
00201211,zipformer-zh-en,0.3333,0.1111,0.2222,0.25
00201211,sense-voice,0.1111,0.1111,0.1111,0.0
00201307,whisper-tiny,0.6,0.6,0.5,0.0
00201307,whisper-base,0.6,0.4,0.6,0.3333333333333333
00201307,whisper-small,0.6,0.5,0.6,0.16666666666666666
00201307,vosk-cn,0.6,0.5,0.6,0.2
00201307,wav2vec2-zh,0.5,0.4,0.5,0.16666666666666666
00201307,paraformer-zh,0.7,0.6,0.6,0.2
00201307,zipformer-zh-en,0.6,0.5,0.6,0.2
00201307,sense-voice,0.5,0.5,0.4,0.0
00201403,whisper-tiny,0.0,0.0,0.0,0.0
00201403,whisper-base,0.0,0.0,0.0,0.0
00201403,whisper-small,0.0,0.0,0.0,0.0
00201403,vosk-cn,0.0,0.0,0.0,0.0
00201403,wav2vec2-zh,0.125,0.0,0.125,0.125
00201403,paraformer-zh,0.0,0.0,0.0,0.0
00201403,zipformer-zh-en,0.0,0.0,0.0,0.0
00201403,sense-voice,0.0,0.0,0.0,0.0
00201419,whisper-tiny,0.0,0.0,0.0,0.0
00201419,whisper-base,0.0,0.0,0.0,0.0
00201419,whisper-small,0.0,0.0,0.0,0.0
00201419,vosk-cn,0.1429,0.1429,0.1429,0.0
00201419,wav2vec2-zh,0.1429,0.0,0.1429,0.14285714285714285
00201419,paraformer-zh,0.1429,0.0,0.1429,0.14285714285714285
00201419,zipformer-zh-en,0.0,0.0,0.0,0.0
00201419,sense-voice,0.0,0.0,0.0,0.0
00201515,whisper-tiny,0.0,0.0,0.0,0.0
00201515,whisper-base,0.0,0.0,0.0,0.0
00201515,whisper-small,0.0,0.0,0.0,0.0
00201515,vosk-cn,0.0,0.0,0.0,0.0
00201515,wav2vec2-zh,0.1429,0.0,0.1429,0.14285714285714285
00201515,paraformer-zh,0.0,0.0,0.0,0.0
00201515,zipformer-zh-en,0.0,0.0,0.0,0.0
00201515,sense-voice,0.0,0.0,0.0,0.0
00201611,whisper-tiny,0.2222,0.0,0.0,0.0
00201611,whisper-base,0.0,0.0,0.0,0.0
00201611,whisper-small,0.0,0.0,0.0,0.0
00201611,vosk-cn,0.1111,0.1111,0.1111,0.0
00201611,wav2vec2-zh,0.0,0.0,0.0,0.0
00201611,paraformer-zh,0.0,0.0,0.0,0.0
00201611,zipformer-zh-en,0.0,0.0,0.0,0.0
00201611,sense-voice,0.0,0.0,0.0,0.0
00201736,whisper-tiny,0.6667,0.1111,0.2222,0.375
00201736,whisper-base,0.2222,0.1111,0.1111,0.125
00201736,whisper-small,0.5556,0.2222,0.2222,0.2857142857142857
00201736,vosk-cn,0.6667,0.3333,0.3333,0.5
00201736,wav2vec2-zh,0.6667,0.3333,0.3333,0.3333333333333333
00201736,paraformer-zh,0.0,0.0,0.0,0.0
00201736,zipformer-zh-en,0.3333,0.3333,0.2222,0.0
00201736,sense-voice,0.1111,0.0,0.1111,0.1111111111111111
00201752,whisper-tiny,0.0,0.0,0.0,0.0
00201752,whisper-base,0.1818,0.0909,0.1818,0.1
00201752,whisper-small,0.0,0.0,0.0,0.0
00201752,vosk-cn,0.0,0.0,0.0,0.0
00201752,wav2vec2-zh,0.2727,0.1818,0.2727,0.1111111111111111
00201752,paraformer-zh,0.0,0.0,0.0,0.0
00201752,zipformer-zh-en,0.0,0.0,0.0,0.0
00201752,sense-voice,0.0,0.0,0.0,0.0
00201810,whisper-tiny,0.625,0.375,0.625,0.4
00201810,whisper-base,0.75,0.625,0.5,0.3333333333333333
00201810,whisper-small,0.625,0.375,0.375,0.4
00201810,vosk-cn,0.625,0.25,0.375,0.3333333333333333
00201810,wav2vec2-zh,0.625,0.125,0.375,0.42857142857142855
00201810,paraformer-zh,0.375,0.125,0.125,0.14285714285714285
00201810,zipformer-zh-en,0.5,0.125,0.25,0.2857142857142857
00201810,sense-voice,0.125,0.125,0.0,0.0
00201906,whisper-tiny,0.1818,0.1818,0.0909,0.0
00201906,whisper-base,0.0,0.0,0.0,0.0
00201906,whisper-small,0.0,0.0,0.0,0.0
00201906,vosk-cn,0.0,0.0,0.0,0.0
00201906,wav2vec2-zh,0.2727,0.0909,0.1818,0.2
00201906,paraformer-zh,0.0,0.0,0.0,0.0
00201906,zipformer-zh-en,0.1818,0.0909,0.0909,0.1
00201906,sense-voice,0.0,0.0,0.0,0.0
00202002,whisper-tiny,0.0,0.0,0.0,0.0
00202002,whisper-base,0.0,0.0,0.0,0.0
00202002,whisper-small,0.0,0.0,0.0,0.0
00202002,vosk-cn,0.0,0.0,0.0,0.0
00202002,wav2vec2-zh,0.0,0.0,0.0,0.0
00202002,paraformer-zh,0.0,0.0,0.0,0.0
00202002,zipformer-zh-en,0.0,0.0,0.0,0.0
00202002,sense-voice,0.0,0.0,0.0,0.0
00202018,whisper-tiny,0.0,0.0,0.0,0.0
00202018,whisper-base,0.0,0.0,0.0,0.0
00202018,whisper-small,0.0,0.0,0.0,0.0
00202018,vosk-cn,0.0833,0.0,0.1667,0.16666666666666666
00202018,wav2vec2-zh,0.0,0.0,0.0,0.0
00202018,paraformer-zh,0.0,0.0,0.0,0.0
00202018,zipformer-zh-en,0.0,0.0,0.0,0.0
00202018,sense-voice,0.0,0.0,0.0,0.0
00202114,whisper-tiny,0.3333,0.1111,0.3333,0.25
00202114,whisper-base,0.3333,0.1111,0.3333,0.25
00202114,whisper-small,0.2222,0.0,0.2222,0.2222222222222222
00202114,vosk-cn,0.2222,0.0,0.2222,0.2222222222222222
00202114,wav2vec2-zh,0.4444,0.1111,0.3333,0.375
00202114,paraformer-zh,0.2222,0.0,0.2222,0.2222222222222222
00202114,zipformer-zh-en,0.3333,0.0,0.3333,0.3333333333333333
00202114,sense-voice,0.2222,0.0,0.2222,0.2222222222222222
00202210,whisper-tiny,0.125,0.125,0.125,0.0
00202210,whisper-base,0.25,0.125,0.25,0.14285714285714285
00202210,whisper-small,0.125,0.0,0.0,0.0
00202210,vosk-cn,0.0,0.0,0.0,0.0
00202210,wav2vec2-zh,0.25,0.125,0.125,0.0
00202210,paraformer-zh,0.0,0.0,0.0,0.0
00202210,zipformer-zh-en,0.0,0.0,0.0,0.0
00202210,sense-voice,0.0,0.0,0.0,0.0
00202306,whisper-tiny,0.0625,0.0,0.0,0.0
00202306,whisper-base,0.3125,0.125,0.125,0.07142857142857142
00202306,whisper-small,0.0,0.0,0.0,0.0
00202306,vosk-cn,0.25,0.25,0.125,0.08333333333333333
00202306,wav2vec2-zh,0.3125,0.1875,0.125,0.07692307692307693
00202306,paraformer-zh,0.0,0.0,0.0,0.0
00202306,zipformer-zh-en,0.0,0.0,0.0,0.0
00202306,sense-voice,0.0,0.0,0.0,0.0
00202322,whisper-tiny,0.15,0.1,0.0,0.0
00202322,whisper-base,0.15,0.1,0.0,0.0
00202322,whisper-small,0.1,0.1,0.0,0.0
00202322,vosk-cn,0.4,0.3,0.3,0.06666666666666667
00202322,wav2vec2-zh,0.15,0.1,0.0,0.0
00202322,paraformer-zh,0.1,0.1,0.0,0.0
00202322,zipformer-zh-en,0.1,0.1,0.0,0.0
00202322,sense-voice,0.1,0.1,0.0,0.0
00202338,whisper-tiny,0.2222,0.0,0.0,0.0
00202338,whisper-base,0.0,0.0,0.0,0.0
00202338,whisper-small,0.0,0.0,0.0,0.0
00202338,vosk-cn,0.3333,0.3333,0.2222,0.0
00202338,wav2vec2-zh,0.2222,0.2222,0.2222,0.0
00202338,paraformer-zh,0.2222,0.2222,0.2222,0.0
00202338,zipformer-zh-en,0.2222,0.2222,0.2222,0.0
00202338,sense-voice,0.2222,0.2222,0.2222,0.0
00202354,whisper-tiny,0.3889,0.3333,0.2778,0.0625
00202354,whisper-base,0.3333,0.1667,0.1667,0.058823529411764705
00202354,whisper-small,0.1667,0.1111,0.1111,0.0
00202354,vosk-cn,0.6667,0.6111,0.4444,0.09090909090909091
00202354,wav2vec2-zh,0.3889,0.1667,0.1111,0.125
00202354,paraformer-zh,0.1111,0.1111,0.1111,0.0
00202354,zipformer-zh-en,0.3333,0.2778,0.1111,0.06666666666666667
00202354,sense-voice,0.1111,0.1111,0.1111,0.0
00202408,whisper-tiny,0.0,0.0,0.0,0.0
00202408,whisper-base,0.0,0.0,0.0,0.0
00202408,whisper-small,0.1111,0.1111,0.1111,0.0
00202408,vosk-cn,0.0,0.0,0.0,0.0
00202408,wav2vec2-zh,0.0,0.0,0.0,0.0
00202408,paraformer-zh,0.0,0.0,0.0,0.0
00202408,zipformer-zh-en,0.0,0.0,0.0,0.0
00202408,sense-voice,0.0,0.0,0.0,0.0
00202424,whisper-tiny,0.0,0.0,0.0,0.0
00202424,whisper-base,0.0,0.0,0.0,0.0
00202424,whisper-small,0.1667,0.0833,0.1667,0.08333333333333333
00202424,vosk-cn,0.1667,0.1667,0.1667,0.0
00202424,wav2vec2-zh,0.5,0.25,0.3333,0.1
00202424,paraformer-zh,0.25,0.1667,0.25,0.08333333333333333
00202424,zipformer-zh-en,0.1667,0.1667,0.1667,0.0
00202424,sense-voice,0.25,0.1667,0.25,0.08333333333333333
00202440,whisper-tiny,0.5455,0.4545,0.4545,0.09090909090909091
00202440,whisper-base,0.5455,0.4545,0.5455,0.09090909090909091
00202440,whisper-small,0.4545,0.4545,0.4545,0.0
00202440,vosk-cn,0.8182,0.7273,0.6364,0.1111111111111111
00202440,wav2vec2-zh,0.8182,0.7273,0.6364,0.1111111111111111
00202440,paraformer-zh,0.4545,0.4545,0.4545,0.0
00202440,zipformer-zh-en,0.5455,0.4545,0.5455,0.09090909090909091
00202440,sense-voice,0.4545,0.4545,0.4545,0.0
00202456,whisper-tiny,0.4167,0.4167,0.25,0.0
00202456,whisper-base,0.3333,0.3333,0.25,0.0
00202456,whisper-small,0.1667,0.1667,0.0833,0.0
00202456,vosk-cn,0.3333,0.3333,0.25,0.0
00202456,wav2vec2-zh,0.5,0.4167,0.3333,0.0
00202456,paraformer-zh,0.3333,0.3333,0.3333,0.0
00202456,zipformer-zh-en,0.25,0.25,0.25,0.0
00202456,sense-voice,0.3333,0.3333,0.3333,0.0
00202510,whisper-tiny,0.2143,0.2143,0.0714,0.0
00202510,whisper-base,0.2143,0.0714,0.1429,0.07692307692307693
00202510,whisper-small,0.0714,0.0,0.0,0.0
00202510,vosk-cn,0.0,0.0,0.0,0.0
00202510,wav2vec2-zh,0.2143,0.0714,0.0714,0.0
00202510,paraformer-zh,0.0,0.0,0.0,0.0
00202510,zipformer-zh-en,0.0714,0.0,0.0,0.0
00202510,sense-voice,0.0,0.0,0.0,0.0
00202526,whisper-tiny,0.0833,0.0,0.0,0.0
00202526,whisper-base,0.0833,0.0,0.0833,0.08333333333333333
00202526,whisper-small,0.0,0.0,0.0,0.0
00202526,vosk-cn,0.25,0.0833,0.0833,0.09090909090909091
00202526,wav2vec2-zh,0.3333,0.0833,0.0833,0.09090909090909091
00202526,paraformer-zh,0.0,0.0,0.0,0.0
00202526,zipformer-zh-en,0.0,0.0,0.0,0.0
00202526,sense-voice,0.0,0.0,0.0,0.0
00202613,whisper-tiny,0.8182,0.8182,0.3636,0.0
00202613,whisper-base,0.5455,0.5455,0.2727,0.0
00202613,whisper-small,0.6364,0.6364,0.3636,0.0
00202613,vosk-cn,0.6364,0.6364,0.4545,0.0
00202613,wav2vec2-zh,0.7273,0.7273,0.4545,0.0
00202613,paraformer-zh,0.5455,0.5455,0.3636,0.0
00202613,zipformer-zh-en,0.6364,0.6364,0.3636,0.0
00202613,sense-voice,0.6364,0.6364,0.3636,0.0
00202629,whisper-tiny,0.3846,0.1538,0.3077,0.2727272727272727
00202629,whisper-base,0.3846,0.1538,0.3077,0.2727272727272727
00202629,whisper-small,0.4615,0.0769,0.4615,0.4166666666666667
00202629,vosk-cn,0.8462,0.8462,0.5385,0.0
00202629,wav2vec2-zh,0.8462,0.3846,0.6923,0.75
00202629,paraformer-zh,0.4615,0.3846,0.3077,0.1
00202629,zipformer-zh-en,0.8462,0.4615,0.6154,0.5555555555555556
00202629,sense-voice,0.3077,0.1538,0.3077,0.15384615384615385
00202645,whisper-tiny,0.4667,0.4667,0.3333,0.0
00202645,whisper-base,0.4667,0.4667,0.3333,0.0
00202645,whisper-small,0.4667,0.4667,0.3333,0.0
00202645,vosk-cn,0.5333,0.4667,0.4,0.25
00202645,wav2vec2-zh,0.5333,0.4667,0.4,0.125
00202645,paraformer-zh,0.4,0.2667,0.4,0.18181818181818182
00202645,zipformer-zh-en,0.4667,0.4667,0.3333,0.0
00202645,sense-voice,0.4,0.3333,0.2667,0.1
00202661,whisper-tiny,0.3,0.2,0.2,0.0
00202661,whisper-base,0.2,0.2,0.1,0.0
00202661,whisper-small,0.3,0.2,0.2,0.0
00202661,vosk-cn,0.6,0.5,0.4,0.2
00202661,wav2vec2-zh,0.6,0.3,0.4,0.14285714285714285
00202661,paraformer-zh,0.3,0.2,0.1,0.0
00202661,zipformer-zh-en,0.4,0.4,0.3,0.0
00202661,sense-voice,0.4,0.3,0.3,0.0
00202715,whisper-tiny,0.5556,0.5,0.3333,0.0
00202715,whisper-base,0.4444,0.3889,0.2222,0.0
00202715,whisper-small,0.3889,0.3333,0.2222,0.08333333333333333
00202715,vosk-cn,0.7778,0.7222,0.5556,0.0
00202715,wav2vec2-zh,0.6667,0.5556,0.3333,0.07692307692307693
00202715,paraformer-zh,0.8333,0.7778,0.6111,0.0
00202715,zipformer-zh-en,1.1111,0.8889,0.7222,0.3076923076923077
00202715,sense-voice,0.6667,0.5,0.3889,0.14285714285714285
00202731,whisper-tiny,0.6667,0.2222,0.3333,0.2857142857142857
00202731,whisper-base,0.4444,0.2222,0.3333,0.2857142857142857
00202731,whisper-small,0.2222,0.1111,0.1111,0.125
00202731,vosk-cn,0.8889,0.6667,0.5556,0.6666666666666666
00202731,wav2vec2-zh,0.8889,0.3333,0.5556,0.6666666666666666
00202731,paraformer-zh,0.3333,0.2222,0.2222,0.14285714285714285
00202731,zipformer-zh-en,0.8889,0.4444,0.6667,0.6
00202731,sense-voice,0.2222,0.2222,0.1111,0.0
00202747,whisper-tiny,1.1667,0.8333,0.9167,0.16666666666666666
00202747,whisper-base,0.9167,0.5833,0.6667,0.16666666666666666
00202747,whisper-small,0.9167,0.75,0.8333,0.08333333333333333
00202747,vosk-cn,1.0,1.0,0.8333,0.1111111111111111
00202747,wav2vec2-zh,0.8333,0.5833,0.5,0.1
00202747,paraformer-zh,1.0,0.9167,0.8333,0.0
00202747,zipformer-zh-en,1.0,1.0,0.8333,0.1
00202747,sense-voice,0.75,0.75,0.75,0.0
00202801,whisper-tiny,0.3636,0.0909,0.2727,0.2
00202801,whisper-base,0.3636,0.1818,0.1818,0.1111111111111111
00202801,whisper-small,0.2727,0.0,0.1818,0.18181818181818182
00202801,vosk-cn,0.4545,0.0909,0.2727,0.2
00202801,wav2vec2-zh,0.3636,0.0909,0.1818,0.1
00202801,paraformer-zh,0.2727,0.0909,0.1818,0.1
00202801,zipformer-zh-en,0.4545,0.1818,0.2727,0.1111111111111111
00202801,sense-voice,0.2727,0.0909,0.1818,0.1
00202817,whisper-tiny,0.7778,0.4444,0.4444,0.4
00202817,whisper-base,0.7778,0.5556,0.5556,0.5
00202817,whisper-small,0.7778,0.3333,0.5556,0.5
00202817,vosk-cn,0.7778,0.5556,0.3333,0.25
00202817,wav2vec2-zh,0.8889,0.5556,0.4444,0.5
00202817,paraformer-zh,0.7778,0.4444,0.3333,0.4
00202817,zipformer-zh-en,0.7778,0.5556,0.4444,0.5
00202817,sense-voice,0.7778,0.4444,0.3333,0.4
00202833,whisper-tiny,0.6667,0.5,0.3333,0.25
00202833,whisper-base,0.1667,0.1667,0.1667,0.0
00202833,whisper-small,0.5,0.5,0.1667,0.0
00202833,vosk-cn,0.6667,0.6667,0.1667,0.0
00202833,wav2vec2-zh,0.5,0.5,0.1667,0.0
00202833,paraformer-zh,0.6667,0.6667,0.1667,0.0
00202833,zipformer-zh-en,0.3333,0.3333,0.1667,0.0
00202833,sense-voice,0.5,0.5,0.1667,0.0
00202849,whisper-tiny,0.3333,0.1333,0.2667,0.13333333333333333
00202849,whisper-base,0.4667,0.2,0.3333,0.3333333333333333
00202849,whisper-small,0.2667,0.2,0.2667,0.08333333333333333
00202849,vosk-cn,0.4,0.3333,0.2667,0.08333333333333333
00202849,wav2vec2-zh,0.5333,0.2667,0.2667,0.3076923076923077
00202849,paraformer-zh,0.2,0.2,0.2,0.0
00202849,zipformer-zh-en,0.4667,0.4667,0.3333,0.0
00202849,sense-voice,0.2667,0.2,0.2667,0.07142857142857142
00202903,whisper-tiny,0.0625,0.0625,0.0,0.0
00202903,whisper-base,0.1875,0.1875,0.1875,0.0
00202903,whisper-small,0.0,0.0,0.0,0.0
00202903,vosk-cn,0.0,0.0,0.0,0.0
00202903,wav2vec2-zh,0.1875,0.125,0.0,0.0
00202903,paraformer-zh,0.0,0.0,0.0,0.0
00202903,zipformer-zh-en,0.0,0.0,0.0,0.0
00202903,sense-voice,0.0,0.0,0.0,0.0
00202919,whisper-tiny,0.3846,0.2308,0.1538,0.1
00202919,whisper-base,0.3846,0.3077,0.2308,0.1111111111111111
00202919,whisper-small,0.3077,0.2308,0.2308,0.1
00202919,vosk-cn,0.3846,0.3077,0.0769,0.0
00202919,wav2vec2-zh,0.8462,0.3077,0.2308,0.1111111111111111
00202919,paraformer-zh,0.1538,0.1538,0.1538,0.0
00202919,zipformer-zh-en,0.3846,0.2308,0.1538,0.1
00202919,sense-voice,0.1538,0.1538,0.0769,0.0
00202935,whisper-tiny,0.1111,0.1111,0.1111,0.0
00202935,whisper-base,0.2222,0.1111,0.1111,0.0
00202935,whisper-small,0.1111,0.1111,0.1111,0.0
00202935,vosk-cn,0.1111,0.1111,0.1111,0.0
00202935,wav2vec2-zh,0.1111,0.1111,0.1111,0.0
00202935,paraformer-zh,0.1111,0.1111,0.1111,0.0
00202935,zipformer-zh-en,0.2222,0.1111,0.0,0.0
00202935,sense-voice,0.1111,0.1111,0.1111,0.0
00202951,whisper-tiny,0.25,0.25,0.125,0.0
00202951,whisper-base,0.1875,0.1875,0.0625,0.0
00202951,whisper-small,0.125,0.125,0.0625,0.0
00202951,vosk-cn,0.25,0.1875,0.1875,0.07142857142857142
00202951,wav2vec2-zh,0.125,0.125,0.0625,0.0
00202951,paraformer-zh,0.0625,0.0625,0.0625,0.0
00202951,zipformer-zh-en,0.125,0.125,0.0625,0.0
00202951,sense-voice,0.125,0.125,0.0625,0.0
00203005,whisper-tiny,0.2353,0.1765,0.1765,0.0
00203005,whisper-base,0.1176,0.0,0.0588,0.058823529411764705
00203005,whisper-small,0.1765,0.0588,0.1176,0.0625
00203005,vosk-cn,0.3529,0.1765,0.2941,0.21428571428571427
00203005,wav2vec2-zh,0.3529,0.0588,0.2353,0.3125
00203005,paraformer-zh,0.0,0.0,0.0,0.0
00203005,zipformer-zh-en,0.1176,0.0588,0.0588,0.0
00203005,sense-voice,0.0,0.0,0.0,0.0
00203021,whisper-tiny,0.625,0.25,0.25,0.38461538461538464
00203021,whisper-base,0.625,0.25,0.4375,0.38461538461538464
00203021,whisper-small,0.3125,0.1875,0.1875,0.15384615384615385
00203021,vosk-cn,0.5,0.375,0.25,0.18181818181818182
00203021,wav2vec2-zh,0.5625,0.375,0.25,0.3
00203021,paraformer-zh,0.0625,0.0625,0.0625,0.0
00203021,zipformer-zh-en,0.625,0.3125,0.3125,0.3333333333333333
00203021,sense-voice,0.125,0.125,0.0625,0.0
00203108,whisper-tiny,0.5556,0.4444,0.4444,0.0
00203108,whisper-base,0.1111,0.0,0.1111,0.1111111111111111
00203108,whisper-small,0.1111,0.0,0.1111,0.1111111111111111
00203108,vosk-cn,0.4444,0.3333,0.3333,0.16666666666666666
00203108,wav2vec2-zh,0.4444,0.2222,0.3333,0.2857142857142857
00203108,paraformer-zh,0.2222,0.2222,0.2222,0.0
00203108,zipformer-zh-en,0.3333,0.3333,0.2222,0.0
00203108,sense-voice,0.0,0.0,0.0,0.0
00203124,whisper-tiny,0.0833,0.0833,0.0833,0.0
00203124,whisper-base,0.0833,0.0833,0.0833,0.0
00203124,whisper-small,0.1667,0.0833,0.1667,0.09090909090909091
00203124,vosk-cn,0.1667,0.1667,0.1667,0.0
00203124,wav2vec2-zh,0.3333,0.25,0.25,0.1
00203124,paraformer-zh,0.1667,0.0833,0.1667,0.09090909090909091
00203124,zipformer-zh-en,0.0833,0.0833,0.0833,0.0
00203124,sense-voice,0.0833,0.0833,0.0833,0.0
00203140,whisper-tiny,0.8182,0.7273,0.5455,0.2
00203140,whisper-base,0.8182,0.6364,0.7273,0.2857142857142857
00203140,whisper-small,0.6364,0.5455,0.5455,0.125
00203140,vosk-cn,1.0,0.9091,0.6364,0.5
00203140,wav2vec2-zh,1.0,0.7273,0.5455,0.6666666666666666
00203140,paraformer-zh,0.3636,0.3636,0.3636,0.0
00203140,zipformer-zh-en,0.8182,0.4545,0.7273,0.5
00203140,sense-voice,0.6364,0.5455,0.5455,0.125
00203156,whisper-tiny,0.5833,0.5,0.5,0.16666666666666666
00203156,whisper-base,0.4167,0.3333,0.3333,0.1
00203156,whisper-small,0.1667,0.1667,0.1667,0.0
00203156,vosk-cn,0.1667,0.1667,0.1667,0.0
00203156,wav2vec2-zh,0.5,0.3333,0.3333,0.2
00203156,paraformer-zh,0.3333,0.3333,0.25,0.0
00203156,zipformer-zh-en,0.25,0.1667,0.25,0.08333333333333333
00203156,sense-voice,0.1667,0.1667,0.1667,0.0
00203210,whisper-tiny,0.1429,0.0714,0.0714,0.0
00203210,whisper-base,0.1429,0.0714,0.1429,0.07692307692307693
00203210,whisper-small,0.1429,0.0714,0.0714,0.0
00203210,vosk-cn,0.0,0.0,0.0,0.0
00203210,wav2vec2-zh,0.2143,0.0714,0.0,0.0
00203210,paraformer-zh,0.0,0.0,0.0,0.0
00203210,zipformer-zh-en,0.1429,0.0,0.0,0.0
00203210,sense-voice,0.0,0.0,0.0,0.0
00203229,whisper-tiny,0.3846,0.3077,0.3846,0.1
00203229,whisper-base,0.3846,0.3077,0.3846,0.1
00203229,whisper-small,0.3077,0.2308,0.3077,0.09090909090909091
00203229,vosk-cn,0.3077,0.2308,0.3077,0.09090909090909091
00203229,wav2vec2-zh,0.4615,0.2308,0.3846,0.2727272727272727
00203229,paraformer-zh,0.2308,0.2308,0.2308,0.0
00203229,zipformer-zh-en,0.3846,0.2308,0.3846,0.18181818181818182
00203229,sense-voice,0.2308,0.2308,0.2308,0.0
00203316,whisper-tiny,0.125,0.0,0.125,0.125
00203316,whisper-base,0.125,0.0,0.125,0.125
00203316,whisper-small,0.125,0.0,0.125,0.125
00203316,vosk-cn,0.125,0.0,0.125,0.125
00203316,wav2vec2-zh,0.25,0.0,0.0,0.0
00203316,paraformer-zh,0.0,0.0,0.0,0.0
00203316,zipformer-zh-en,0.0,0.0,0.0,0.0
00203316,sense-voice,0.0,0.0,0.0,0.0
00203332,whisper-tiny,0.8,0.8,0.8,0.0
00203332,whisper-base,0.6,0.4,0.4,0.2
00203332,whisper-small,0.6,0.4,0.4,0.0
00203332,vosk-cn,0.4,0.4,0.4,0.0
00203332,wav2vec2-zh,0.6,0.6,0.4,0.0
00203332,paraformer-zh,0.4,0.4,0.4,0.0
00203332,zipformer-zh-en,0.4,0.4,0.4,0.0
00203332,sense-voice,0.4,0.4,0.4,0.0
00203348,whisper-tiny,0.0,0.0,0.0,0.0
00203348,whisper-base,0.0,0.0,0.0,0.0
00203348,whisper-small,0.0,0.0,0.0,0.0
00203348,vosk-cn,0.0,0.0,0.0,0.0
00203348,wav2vec2-zh,0.0476,0.0,0.0476,0.047619047619047616
00203348,paraformer-zh,0.0,0.0,0.0,0.0
00203348,zipformer-zh-en,0.0,0.0,0.0,0.0
00203348,sense-voice,0.0,0.0,0.0,0.0
00203402,whisper-tiny,0.0,0.0,0.0,0.0
00203402,whisper-base,0.0,0.0,0.0,0.0
00203402,whisper-small,0.1111,0.1111,0.0,0.0
00203402,vosk-cn,0.0,0.0,0.0,0.0
00203402,wav2vec2-zh,0.2222,0.2222,0.1111,0.0
00203402,paraformer-zh,0.0,0.0,0.0,0.0
00203402,zipformer-zh-en,0.0,0.0,0.0,0.0
00203402,sense-voice,0.0,0.0,0.0,0.0
00203418,whisper-tiny,0.4545,0.1818,0.0909,0.0
00203418,whisper-base,0.0909,0.0909,0.0,0.0
00203418,whisper-small,0.0909,0.0909,0.0,0.0
00203418,vosk-cn,0.0,0.0,0.0,0.0
00203418,wav2vec2-zh,0.0909,0.0909,0.0909,0.1
00203418,paraformer-zh,0.0,0.0,0.0,0.0
00203418,zipformer-zh-en,0.0,0.0,0.0,0.0
00203418,sense-voice,0.0,0.0,0.0,0.0
00203505,whisper-tiny,0.0,0.0,0.0,0.0
00203505,whisper-base,0.0,0.0,0.0,0.0
00203505,whisper-small,0.0,0.0,0.0,0.0
00203505,vosk-cn,0.2353,0.1765,0.1765,0.06666666666666667
00203505,wav2vec2-zh,0.2353,0.0,0.1176,0.11764705882352941
00203505,paraformer-zh,0.0,0.0,0.0,0.0
00203505,zipformer-zh-en,0.0588,0.0,0.0588,0.058823529411764705
00203505,sense-voice,0.0,0.0,0.0,0.0
00203521,whisper-tiny,0.375,0.1875,0.1875,0.15384615384615385
00203521,whisper-base,0.375,0.3125,0.125,0.09090909090909091
00203521,whisper-small,0.4375,0.375,0.1875,0.1
00203521,vosk-cn,0.375,0.3125,0.1875,0.09090909090909091
00203521,wav2vec2-zh,0.5625,0.3125,0.3125,0.2727272727272727
00203521,paraformer-zh,0.1875,0.1875,0.125,0.0
00203521,zipformer-zh-en,0.4375,0.25,0.125,0.08333333333333333
00203521,sense-voice,0.0,0.0,0.0,0.0
00203608,whisper-tiny,0.0,0.0,0.0,0.0
00203608,whisper-base,0.0,0.0,0.0,0.0
00203608,whisper-small,0.1111,0.0,0.1111,0.1111111111111111
00203608,vosk-cn,0.2222,0.1111,0.0,0.0
00203608,wav2vec2-zh,0.2222,0.0,0.2222,0.2222222222222222
00203608,paraformer-zh,0.0,0.0,0.0,0.0
00203608,zipformer-zh-en,0.1111,0.0,0.1111,0.1111111111111111
00203608,sense-voice,0.0,0.0,0.0,0.0
00203624,whisper-tiny,0.0,0.0,0.0,0.0
00203624,whisper-base,0.0,0.0,0.0,0.0
00203624,whisper-small,0.0,0.0,0.0,0.0
00203624,vosk-cn,0.0833,0.0833,0.0833,0.0
00203624,wav2vec2-zh,0.1667,0.0,0.0833,0.08333333333333333
00203624,paraformer-zh,0.0,0.0,0.0,0.0
00203624,zipformer-zh-en,0.0,0.0,0.0,0.0
00203624,sense-voice,0.0,0.0,0.0,0.0
00203640,whisper-tiny,0.5455,0.4545,0.3636,0.0
00203640,whisper-base,0.3636,0.1818,0.1818,0.1111111111111111
00203640,whisper-small,0.2727,0.1818,0.1818,0.1111111111111111
00203640,vosk-cn,0.5455,0.4545,0.5455,0.2857142857142857
00203640,wav2vec2-zh,0.4545,0.3636,0.3636,0.125
00203640,paraformer-zh,0.2727,0.2727,0.1818,0.0
00203640,zipformer-zh-en,0.2727,0.1818,0.2727,0.1
00203640,sense-voice,0.1818,0.1818,0.1818,0.0
00203656,whisper-tiny,0.25,0.25,0.1667,0.0
00203656,whisper-base,0.1667,0.1667,0.1667,0.0
00203656,whisper-small,0.4167,0.4167,0.25,0.0
00203656,vosk-cn,0.25,0.25,0.25,0.0
00203656,wav2vec2-zh,0.3333,0.3333,0.25,0.0
00203656,paraformer-zh,0.25,0.25,0.25,0.0
00203656,zipformer-zh-en,0.25,0.25,0.25,0.0
00203656,sense-voice,0.25,0.25,0.25,0.0
00203710,whisper-tiny,0.2857,0.2143,0.0714,0.0
00203710,whisper-base,0.5,0.2857,0.3571,0.3
00203710,whisper-small,0.5,0.2857,0.2857,0.2
00203710,vosk-cn,0.2857,0.2857,0.2143,0.0
00203710,wav2vec2-zh,0.5,0.2857,0.1429,0.1
00203710,paraformer-zh,0.1429,0.1429,0.0714,0.0
00203710,zipformer-zh-en,0.5,0.3571,0.2857,0.2222222222222222
00203710,sense-voice,0.0714,0.0714,0.0,0.0
00203726,whisper-tiny,0.6667,0.4167,0.3333,0.125
00203726,whisper-base,0.4167,0.25,0.25,0.1
00203726,whisper-small,0.25,0.1667,0.0833,0.1
00203726,vosk-cn,0.4167,0.1667,0.1667,0.18181818181818182
00203726,wav2vec2-zh,0.75,0.3333,0.3333,0.2222222222222222
00203726,paraformer-zh,0.25,0.1667,0.1667,0.09090909090909091
00203726,zipformer-zh-en,0.75,0.25,0.25,0.2222222222222222
00203726,sense-voice,0.5,0.25,0.3333,0.3
00203742,whisper-tiny,0.4615,0.3077,0.1538,0.0
00203742,whisper-base,0.4615,0.3846,0.3077,0.125
00203742,whisper-small,0.3077,0.2308,0.1538,0.1
00203742,vosk-cn,0.6923,0.5385,0.5385,0.25
00203742,wav2vec2-zh,0.6923,0.6154,0.3846,0.14285714285714285
00203742,paraformer-zh,0.1538,0.1538,0.1538,0.0
00203742,zipformer-zh-en,0.4615,0.3846,0.3846,0.1
00203742,sense-voice,0.2308,0.2308,0.1538,0.0
00203758,whisper-tiny,0.1429,0.0,0.1429,0.14285714285714285
00203758,whisper-base,0.1429,0.0,0.1429,0.14285714285714285
00203758,whisper-small,0.1429,0.0,0.1429,0.14285714285714285
00203758,vosk-cn,0.1429,0.0,0.1429,0.14285714285714285
00203758,wav2vec2-zh,0.1429,0.0,0.1429,0.14285714285714285
00203758,paraformer-zh,0.0,0.0,0.0,0.0
00203758,zipformer-zh-en,0.1429,0.0,0.1429,0.14285714285714285
00203758,sense-voice,0.1429,0.0,0.1429,0.14285714285714285
00203812,whisper-tiny,0.0769,0.0769,0.0,0.0
00203812,whisper-base,0.1538,0.1538,0.1538,0.0
00203812,whisper-small,0.0769,0.0769,0.0,0.0
00203812,vosk-cn,0.0769,0.0769,0.0,0.0
00203812,wav2vec2-zh,0.3077,0.1538,0.0,0.0
00203812,paraformer-zh,0.0769,0.0769,0.0769,0.0
00203812,zipformer-zh-en,0.2308,0.1538,0.0769,0.0
00203812,sense-voice,0.0769,0.0769,0.0769,0.0
00203828,whisper-tiny,0.1,0.1,0.1,0.0
00203828,whisper-base,0.1,0.1,0.1,0.0
00203828,whisper-small,0.1,0.1,0.1,0.0
00203828,vosk-cn,0.1,0.1,0.1,0.0
00203828,wav2vec2-zh,0.4,0.2,0.3,0.125
00203828,paraformer-zh,0.1,0.1,0.1,0.0
00203828,zipformer-zh-en,0.2,0.2,0.2,0.0
00203828,sense-voice,0.0,0.0,0.0,0.0
00203844,whisper-tiny,0.4444,0.3333,0.3333,0.0
00203844,whisper-base,0.4444,0.3333,0.3333,0.0
00203844,whisper-small,0.3333,0.2222,0.2222,0.0
00203844,vosk-cn,0.5556,0.5556,0.3333,0.0
00203844,wav2vec2-zh,0.5556,0.3333,0.3333,0.0
00203844,paraformer-zh,0.2222,0.2222,0.2222,0.0
00203844,zipformer-zh-en,0.2222,0.2222,0.2222,0.0
00203844,sense-voice,0.1111,0.1111,0.1111,0.0
00203860,whisper-tiny,0.8,0.8,0.6,0.0
00203860,whisper-base,0.6,0.6,0.6,0.0
00203860,whisper-small,0.8,0.7,0.7,0.0
00203860,vosk-cn,0.6,0.6,0.6,0.0
00203860,wav2vec2-zh,0.7,0.7,0.6,0.0
00203860,paraformer-zh,0.6,0.6,0.6,0.0
00203860,zipformer-zh-en,0.7,0.7,0.7,0.0
00203860,sense-voice,0.6,0.6,0.6,0.0
00203914,whisper-tiny,0.6842,0.4737,0.3684,0.23076923076923078
00203914,whisper-base,0.9474,0.6316,0.5263,0.4166666666666667
00203914,whisper-small,0.4211,0.4211,0.4211,0.0
00203914,vosk-cn,1.1053,0.9474,0.8947,0.3333333333333333
00203914,wav2vec2-zh,1.2105,0.8947,0.7895,0.6666666666666666
00203914,paraformer-zh,0.9474,0.7368,0.7895,0.2727272727272727
00203914,zipformer-zh-en,0.8421,0.5263,0.6316,0.5
00203914,sense-voice,0.7895,0.5263,0.5789,0.2857142857142857
00203930,whisper-tiny,0.4545,0.3636,0.3636,0.125
00203930,whisper-base,0.3636,0.3636,0.2727,0.0
00203930,whisper-small,0.3636,0.0,0.1818,0.18181818181818182
00203930,vosk-cn,0.5455,0.2727,0.3636,0.3333333333333333
00203930,wav2vec2-zh,0.6364,0.1818,0.6364,0.5555555555555556
00203930,paraformer-zh,0.0909,0.0909,0.1818,0.1
00203930,zipformer-zh-en,0.1818,0.0,0.0909,0.09090909090909091
00203930,sense-voice,0.2727,0.1818,0.2727,0.2222222222222222
00203946,whisper-tiny,0.1429,0.0,0.1429,0.14285714285714285
00203946,whisper-base,0.1429,0.0,0.1429,0.14285714285714285
00203946,whisper-small,0.1429,0.1429,0.1429,0.0
00203946,vosk-cn,0.1429,0.1429,0.1429,0.0
00203946,wav2vec2-zh,0.4286,0.0,0.2857,0.2857142857142857
00203946,paraformer-zh,0.1429,0.1429,0.1429,0.0
00203946,zipformer-zh-en,0.1429,0.1429,0.1429,0.0
00203946,sense-voice,0.2857,0.2857,0.2857,0.0
00203962,whisper-tiny,0.4667,0.2667,0.2667,0.09090909090909091
00203962,whisper-base,0.1333,0.0,0.1333,0.13333333333333333
00203962,whisper-small,0.2,0.0667,0.1333,0.07142857142857142
00203962,vosk-cn,0.4,0.2667,0.4,0.16666666666666666
00203962,wav2vec2-zh,0.4,0.2,0.4,0.25
00203962,paraformer-zh,0.2,0.1333,0.2,0.07692307692307693
00203962,zipformer-zh-en,0.3333,0.1333,0.2667,0.15384615384615385
00203962,sense-voice,0.1333,0.1333,0.1333,0.0
00204016,whisper-tiny,0.25,0.25,0.125,0.0
00204016,whisper-base,0.5,0.375,0.25,0.0
00204016,whisper-small,0.25,0.25,0.125,0.0
00204016,vosk-cn,0.25,0.25,0.25,0.0
00204016,wav2vec2-zh,0.375,0.25,0.25,0.16666666666666666
00204016,paraformer-zh,0.0,0.0,0.0,0.0
00204016,zipformer-zh-en,0.5,0.375,0.25,0.0
00204016,sense-voice,0.25,0.25,0.25,0.0
00204032,whisper-tiny,0.4,0.2,0.2,0.25
00204032,whisper-base,0.4,0.4,0.2,0.0
00204032,whisper-small,0.4,0.2,0.4,0.25
00204032,vosk-cn,0.2,0.2,0.2,0.0
00204032,wav2vec2-zh,0.4,0.2,0.4,0.25
00204032,paraformer-zh,0.4,0.2,0.4,0.25
00204032,zipformer-zh-en,0.4,0.2,0.4,0.25
00204032,sense-voice,0.4,0.2,0.4,0.25
00204048,whisper-tiny,0.2857,0.2381,0.2381,0.0
00204048,whisper-base,0.1429,0.0476,0.0952,0.05
00204048,whisper-small,0.1429,0.0952,0.0952,0.0
00204048,vosk-cn,0.0952,0.0476,0.0476,0.0
00204048,wav2vec2-zh,0.4286,0.0952,0.3333,0.3157894736842105
00204048,paraformer-zh,0.1429,0.0,0.1429,0.14285714285714285
00204048,zipformer-zh-en,0.3333,0.0476,0.2381,0.25
00204048,sense-voice,0.1429,0.0476,0.1429,0.1
00204102,whisper-tiny,0.4444,0.2222,0.2222,0.2857142857142857
00204102,whisper-base,0.3333,0.2222,0.2222,0.14285714285714285
00204102,whisper-small,0.3333,0.2222,0.2222,0.14285714285714285
00204102,vosk-cn,0.5556,0.5556,0.3333,0.0
00204102,wav2vec2-zh,0.5556,0.3333,0.3333,0.2857142857142857
00204102,paraformer-zh,0.4444,0.3333,0.3333,0.14285714285714285
00204102,zipformer-zh-en,0.5556,0.3333,0.3333,0.2857142857142857
00204102,sense-voice,0.5556,0.5556,0.5556,0.0
00204118,whisper-tiny,0.5455,0.3636,0.2727,0.0
00204118,whisper-base,0.4545,0.2727,0.3636,0.1111111111111111
00204118,whisper-small,0.0,0.0,0.0,0.0
00204118,vosk-cn,0.4545,0.4545,0.3636,0.0
00204118,wav2vec2-zh,0.5455,0.4545,0.1818,0.0
00204118,paraformer-zh,0.0909,0.0909,0.0909,0.0
00204118,zipformer-zh-en,0.4545,0.3636,0.3636,0.0
00204118,sense-voice,0.1818,0.1818,0.1818,0.0
00204134,whisper-tiny,0.4444,0.4444,0.4444,0.0
00204134,whisper-base,0.3333,0.2222,0.3333,0.125
00204134,whisper-small,0.4444,0.4444,0.4444,0.0
00204134,vosk-cn,0.3333,0.3333,0.3333,0.0
00204134,wav2vec2-zh,0.4444,0.4444,0.3333,0.0
00204134,paraformer-zh,0.2222,0.2222,0.2222,0.0
00204134,zipformer-zh-en,0.1111,0.1111,0.1111,0.0
00204134,sense-voice,0.1111,0.1111,0.1111,0.0
00204150,whisper-tiny,0.25,0.0,0.0833,0.08333333333333333
00204150,whisper-base,0.0833,0.0,0.0833,0.08333333333333333
00204150,whisper-small,0.3333,0.0833,0.25,0.18181818181818182
00204150,vosk-cn,0.1667,0.0833,0.1667,0.09090909090909091
00204150,wav2vec2-zh,0.5,0.0833,0.3333,0.2727272727272727
00204150,paraformer-zh,0.0,0.0,0.0,0.0
00204150,zipformer-zh-en,0.1667,0.0833,0.0,0.0
00204150,sense-voice,0.1667,0.0833,0.0,0.0
00204204,whisper-tiny,0.2,0.1,0.2,0.1111111111111111
00204204,whisper-base,0.3,0.2,0.3,0.125
00204204,whisper-small,0.3,0.2,0.3,0.125
00204204,vosk-cn,0.1,0.1,0.1,0.0
00204204,wav2vec2-zh,0.4,0.3,0.3,0.14285714285714285
00204204,paraformer-zh,0.2,0.1,0.1,0.1111111111111111
00204204,zipformer-zh-en,0.3,0.2,0.2,0.125
00204204,sense-voice,0.1,0.1,0.0,0.0
00204220,whisper-tiny,0.3333,0.2222,0.2222,0.0
00204220,whisper-base,0.3333,0.2222,0.2222,0.0
00204220,whisper-small,0.2222,0.1111,0.1111,0.0
00204220,vosk-cn,0.5556,0.3333,0.4444,0.16666666666666666
00204220,wav2vec2-zh,0.3333,0.2222,0.2222,0.0
00204220,paraformer-zh,0.2222,0.1111,0.1111,0.0
00204220,zipformer-zh-en,0.3333,0.2222,0.2222,0.0
00204220,sense-voice,0.2222,0.1111,0.1111,0.0
00204236,whisper-tiny,0.1818,0.1818,0.0909,0.0
00204236,whisper-base,0.1818,0.1818,0.1818,0.0
00204236,whisper-small,0.2727,0.1818,0.2727,0.1111111111111111
00204236,vosk-cn,0.1818,0.1818,0.1818,0.0
00204236,wav2vec2-zh,0.2727,0.1818,0.2727,0.1111111111111111
00204236,paraformer-zh,0.2727,0.1818,0.2727,0.1111111111111111
00204236,zipformer-zh-en,0.1818,0.0909,0.1818,0.1
00204236,sense-voice,0.2727,0.1818,0.2727,0.1111111111111111
00204252,whisper-tiny,0.1875,0.1875,0.125,0.0
00204252,whisper-base,0.25,0.1875,0.1875,0.06666666666666667
00204252,whisper-small,0.25,0.1875,0.1875,0.06666666666666667
00204252,vosk-cn,0.25,0.1875,0.1875,0.06666666666666667
00204252,wav2vec2-zh,0.625,0.3125,0.625,0.46153846153846156
00204252,paraformer-zh,0.1875,0.1875,0.125,0.0
00204252,zipformer-zh-en,0.375,0.25,0.3125,0.14285714285714285
00204252,sense-voice,0.1875,0.1875,0.125,0.0
00204306,whisper-tiny,0.25,0.1875,0.125,0.0
00204306,whisper-base,0.4375,0.375,0.1875,0.0
00204306,whisper-small,0.25,0.1875,0.125,0.0
00204306,vosk-cn,0.25,0.1875,0.25,0.07142857142857142
00204306,wav2vec2-zh,0.5,0.25,0.25,0.15384615384615385
00204306,paraformer-zh,0.25,0.25,0.25,0.0
00204306,zipformer-zh-en,0.3125,0.3125,0.3125,0.08333333333333333
00204306,sense-voice,0.125,0.125,0.125,0.0
00204323,whisper-tiny,0.4545,0.3636,0.3636,0.14285714285714285
00204323,whisper-base,0.5455,0.4545,0.3636,0.16666666666666666
00204323,whisper-small,0.1818,0.1818,0.1818,0.0
00204323,vosk-cn,0.4545,0.4545,0.3636,0.0
00204323,wav2vec2-zh,0.4545,0.2727,0.3636,0.125
00204323,paraformer-zh,0.1818,0.1818,0.1818,0.0
00204323,zipformer-zh-en,0.4545,0.4545,0.3636,0.0
00204323,sense-voice,0.1818,0.1818,0.1818,0.0
00204339,whisper-tiny,0.1667,0.1667,0.1667,0.0
00204339,whisper-base,0.3333,0.3333,0.3333,0.0
00204339,whisper-small,0.3333,0.3333,0.3333,0.0
00204339,vosk-cn,0.8333,0.3333,0.6667,0.75
00204339,wav2vec2-zh,0.6667,0.0,0.6667,0.6666666666666666
00204339,paraformer-zh,0.5,0.1667,0.5,0.4
00204339,zipformer-zh-en,0.5,0.3333,0.5,0.25
00204339,sense-voice,0.3333,0.0,0.3333,0.3333333333333333
00204355,whisper-tiny,1.0588,1.0,0.8235,0.08333333333333333
00204355,whisper-base,1.1176,1.1176,0.8824,0.0
00204355,whisper-small,0.2941,0.2353,0.1176,0.0
00204355,vosk-cn,1.2353,1.0588,1.0588,0.2
00204355,wav2vec2-zh,1.1176,1.0,0.8824,0.07142857142857142
00204355,paraformer-zh,0.9412,0.9412,0.8824,0.0
00204355,zipformer-zh-en,1.0,0.8824,0.8235,0.14285714285714285
00204355,sense-voice,0.5294,0.5294,0.4706,0.0
00204409,whisper-tiny,0.5833,0.5,0.6667,0.5
00204409,whisper-base,0.5,0.4167,0.5,0.14285714285714285
00204409,whisper-small,0.5,0.3333,0.5,0.25
00204409,vosk-cn,0.4167,0.3333,0.4167,0.125
00204409,wav2vec2-zh,0.75,0.4167,0.75,0.5714285714285714
00204409,paraformer-zh,0.5,0.4167,0.5,0.14285714285714285
00204409,zipformer-zh-en,0.8333,0.4167,0.5,0.42857142857142855
00204409,sense-voice,0.5,0.4167,0.5,0.14285714285714285
00204425,whisper-tiny,0.25,0.0,0.0833,0.08333333333333333
00204425,whisper-base,0.0833,0.0,0.0833,0.08333333333333333
00204425,whisper-small,0.0,0.0,0.0,0.0
00204425,vosk-cn,0.0,0.0,0.0,0.0
00204425,wav2vec2-zh,0.25,0.0833,0.0833,0.09090909090909091
00204425,paraformer-zh,0.0833,0.0833,0.0833,0.0
00204425,zipformer-zh-en,0.0833,0.0,0.0833,0.08333333333333333
00204425,sense-voice,0.0,0.0,0.0,0.0
00204441,whisper-tiny,0.5,0.25,0.5,0.3333333333333333
00204441,whisper-base,0.25,0.0,0.25,0.25
00204441,whisper-small,0.25,0.0,0.25,0.25
00204441,vosk-cn,0.375,0.125,0.375,0.2857142857142857
00204441,wav2vec2-zh,0.5,0.125,0.25,0.2857142857142857
00204441,paraformer-zh,0.375,0.125,0.375,0.2857142857142857
00204441,zipformer-zh-en,0.25,0.0,0.25,0.25
00204441,sense-voice,0.0,0.0,0.0,0.0
00204457,whisper-tiny,0.75,0.375,0.5,0.6
00204457,whisper-base,0.75,0.375,0.375,0.2
00204457,whisper-small,0.75,0.5,0.625,0.25
00204457,vosk-cn,0.75,0.625,0.5,0.3333333333333333
00204457,wav2vec2-zh,0.875,0.625,0.5,0.3333333333333333
00204457,paraformer-zh,0.5,0.25,0.25,0.16666666666666666
00204457,zipformer-zh-en,0.875,0.25,0.5,0.3333333333333333
00204457,sense-voice,0.125,0.0,0.125,0.125
00204511,whisper-tiny,0.6154,0.2308,0.3846,0.2
00204511,whisper-base,0.6154,0.1538,0.4615,0.45454545454545453
00204511,whisper-small,0.6154,0.2308,0.4615,0.3
00204511,vosk-cn,0.5385,0.2308,0.3846,0.3
00204511,wav2vec2-zh,0.6154,0.3846,0.4615,0.3333333333333333
00204511,paraformer-zh,0.3077,0.2308,0.3077,0.1
00204511,zipformer-zh-en,0.5385,0.2308,0.3846,0.3
00204511,sense-voice,0.3846,0.2308,0.3077,0.1
00204527,whisper-tiny,0.6667,0.6667,0.5,0.0
00204527,whisper-base,0.3333,0.25,0.1667,0.1111111111111111
00204527,whisper-small,0.0833,0.0833,0.0833,0.0
00204527,vosk-cn,0.1667,0.0833,0.0833,0.0
00204527,wav2vec2-zh,0.75,0.3333,0.5833,0.375
00204527,paraformer-zh,0.1667,0.1667,0.1667,0.0
00204527,zipformer-zh-en,0.1667,0.1667,0.1667,0.0
00204527,sense-voice,0.1667,0.0833,0.0833,0.09090909090909091
00204543,whisper-tiny,0.875,0.875,0.625,0.0
00204543,whisper-base,1.125,1.125,0.625,0.0
00204543,whisper-small,0.875,0.875,0.625,0.0
00204543,vosk-cn,0.875,0.875,0.5,0.3333333333333333
00204543,wav2vec2-zh,1.0,0.75,0.625,0.5
00204543,paraformer-zh,0.875,0.75,0.625,0.25
00204543,zipformer-zh-en,0.875,0.75,0.75,0.3333333333333333
00204543,sense-voice,0.75,0.625,0.75,0.2
00204559,whisper-tiny,0.7333,0.5333,0.6667,0.2857142857142857
00204559,whisper-base,0.7333,0.4667,0.6667,0.3333333333333333
00204559,whisper-small,0.6,0.4667,0.4667,0.125
00204559,vosk-cn,0.7333,0.5333,0.6,0.25
00204559,wav2vec2-zh,0.7333,0.4667,0.6667,0.375
00204559,paraformer-zh,0.4,0.4,0.3333,0.0
00204559,zipformer-zh-en,0.6,0.4,0.4667,0.2
00204559,sense-voice,0.3333,0.3333,0.3333,0.0
00204613,whisper-tiny,0.5455,0.5455,0.2727,0.0
00204613,whisper-base,0.6364,0.5455,0.2727,0.2
00204613,whisper-small,0.4545,0.3636,0.1818,0.14285714285714285
00204613,vosk-cn,0.5455,0.5455,0.0909,0.0
00204613,wav2vec2-zh,0.6364,0.6364,0.2727,0.0
00204613,paraformer-zh,0.4545,0.4545,0.1818,0.0
00204613,zipformer-zh-en,0.4545,0.3636,0.1818,0.14285714285714285
00204613,sense-voice,0.1818,0.1818,0.0909,0.0
00204629,whisper-tiny,0.5385,0.3077,0.3077,0.3333333333333333
00204629,whisper-base,0.5385,0.2308,0.3077,0.4
00204629,whisper-small,0.3846,0.3077,0.3077,0.1111111111111111
00204629,vosk-cn,0.5385,0.4615,0.3077,0.14285714285714285
00204629,wav2vec2-zh,0.5385,0.2308,0.3077,0.4
00204629,paraformer-zh,0.3846,0.2308,0.2308,0.2
00204629,zipformer-zh-en,0.5385,0.3077,0.3077,0.3333333333333333
00204629,sense-voice,0.4615,0.3077,0.3846,0.2222222222222222
00204645,whisper-tiny,0.2667,0.2,0.2,0.08333333333333333
00204645,whisper-base,0.2667,0.2,0.2,0.08333333333333333
00204645,whisper-small,0.3333,0.2,0.2667,0.25
00204645,vosk-cn,0.3333,0.2667,0.2667,0.08333333333333333
00204645,wav2vec2-zh,0.2,0.1333,0.1333,0.07692307692307693
00204645,paraformer-zh,0.3333,0.1333,0.2,0.07692307692307693
00204645,zipformer-zh-en,0.4,0.2,0.2,0.16666666666666666
00204645,sense-voice,0.2,0.0667,0.2667,0.21428571428571427
00204661,whisper-tiny,0.7,0.6,0.5,0.0
00204661,whisper-base,0.6,0.6,0.6,0.0
00204661,whisper-small,0.0,0.0,0.0,0.0
00204661,vosk-cn,0.5,0.5,0.5,0.0
00204661,wav2vec2-zh,0.7,0.6,0.6,0.1111111111111111
00204661,paraformer-zh,0.7,0.7,0.7,0.0
00204661,zipformer-zh-en,0.7,0.7,0.7,0.0
00204661,sense-voice,0.6,0.6,0.6,0.0
00200113,whisper-tiny,0.1429,0.1429,0.1429,0.0
00200113,whisper-base,0.0,0.0,0.0,0.0
00200113,whisper-small,0.0,0.0,0.0,0.0
00200113,vosk-cn,0.5714,0.2857,0.2857,0.0
00200113,wav2vec2-zh,0.2857,0.0,0.2857,0.2857142857142857
00200113,paraformer-zh,0.2857,0.0,0.0,0.0
00200113,zipformer-zh-en,0.4286,0.0,0.1429,0.14285714285714285
00200113,sense-voice,0.2857,0.0,0.0,0.0
00200209,whisper-tiny,0.0,0.0,0.0,0.0
00200209,whisper-base,0.0,0.0,0.0,0.0
00200209,whisper-small,0.0,0.0,0.0,0.0
00200209,vosk-cn,0.0,0.0,0.0,0.0
00200209,wav2vec2-zh,0.2,0.0,0.1,0.1
00200209,paraformer-zh,0.0,0.0,0.0,0.0
00200209,zipformer-zh-en,0.1,0.0,0.1,0.1
00200209,sense-voice,0.1,0.1,0.1,0.0
00200305,whisper-tiny,0.1667,0.0,0.3333,0.3333333333333333
00200305,whisper-base,0.1667,0.0,0.0,0.0
00200305,whisper-small,0.0,0.0,0.0,0.0
00200305,vosk-cn,0.3333,0.3333,0.1667,0.0
00200305,wav2vec2-zh,0.1667,0.0,0.0,0.0
00200305,paraformer-zh,0.0,0.0,0.0,0.0
00200305,zipformer-zh-en,0.0,0.0,0.0,0.0
00200305,sense-voice,0.0,0.0,0.0,0.0
00200401,whisper-tiny,0.2,0.2,0.2,0.0
00200401,whisper-base,0.4,0.0,0.2,0.2
00200401,whisper-small,0.0,0.0,0.0,0.0
00200401,vosk-cn,0.0,0.0,0.0,0.0
00200401,wav2vec2-zh,0.4,0.4,0.2,0.0
00200401,paraformer-zh,0.2,0.2,0.2,0.0
00200401,zipformer-zh-en,0.0,0.0,0.0,0.0
00200401,sense-voice,0.0,0.0,0.0,0.0
00200417,whisper-tiny,0.4,0.0,0.4,0.4
00200417,whisper-base,0.0,0.0,0.0,0.0
00200417,whisper-small,0.0,0.0,0.0,0.0
00200417,vosk-cn,0.2,0.2,0.2,0.0
00200417,wav2vec2-zh,0.6,0.0,0.6,0.6
00200417,paraformer-zh,0.6,0.2,0.6,0.5
00200417,zipformer-zh-en,0.4,0.0,0.4,0.4
00200417,sense-voice,1.0,1.0,1.0,
00200513,whisper-tiny,0.1429,0.1429,0.1429,0.0
00200513,whisper-base,0.2857,0.1429,0.1429,0.16666666666666666
00200513,whisper-small,0.0,0.0,0.0,0.0
00200513,vosk-cn,0.5714,0.2857,0.2857,0.0
00200513,wav2vec2-zh,0.4286,0.2857,0.4286,0.2
00200513,paraformer-zh,0.2857,0.0,0.0,0.0
00200513,zipformer-zh-en,0.4286,0.1429,0.2857,0.3333333333333333
00200513,sense-voice,0.2857,0.0,0.0,0.0
00200609,whisper-tiny,0.0,0.0,0.0,0.0
00200609,whisper-base,0.0,0.0,0.0,0.0
00200609,whisper-small,0.0,0.0,0.0,0.0
00200609,vosk-cn,0.1,0.1,0.1,0.0
00200609,wav2vec2-zh,0.2,0.0,0.2,0.2
00200609,paraformer-zh,0.0,0.0,0.0,0.0
00200609,zipformer-zh-en,0.1,0.0,0.1,0.1
00200609,sense-voice,0.0,0.0,0.0,0.0
00200705,whisper-tiny,0.0,0.0,0.0,0.0
00200705,whisper-base,0.1667,0.0,0.0,0.0
00200705,whisper-small,0.0,0.0,0.0,0.0
00200705,vosk-cn,0.1667,0.0,0.3333,0.3333333333333333
00200705,wav2vec2-zh,0.1667,0.0,0.3333,0.3333333333333333
00200705,paraformer-zh,0.0,0.0,0.0,0.0
00200705,zipformer-zh-en,0.0,0.0,0.0,0.0
00200705,sense-voice,0.0,0.0,0.0,0.0
00200801,whisper-tiny,0.0,0.0,0.0,0.0
00200801,whisper-base,0.4,0.2,0.2,0.25
00200801,whisper-small,0.0,0.0,0.0,0.0
00200801,vosk-cn,0.2,0.0,0.0,0.0
00200801,wav2vec2-zh,0.4,0.4,0.2,0.0
00200801,paraformer-zh,0.0,0.0,0.0,0.0
00200801,zipformer-zh-en,0.0,0.0,0.0,0.0
00200801,sense-voice,0.0,0.0,0.0,0.0
00200817,whisper-tiny,0.4,0.2,0.2,0.25
00200817,whisper-base,0.4,0.4,0.4,0.0
00200817,whisper-small,0.6,0.2,0.4,0.5
00200817,vosk-cn,0.6,0.6,0.2,0.0
00200817,wav2vec2-zh,0.6,0.2,0.4,0.5
00200817,paraformer-zh,0.4,0.4,0.2,0.0
00200817,zipformer-zh-en,0.6,0.4,0.4,0.3333333333333333
00200817,sense-voice,0.4,0.4,0.2,0.0
00200913,whisper-tiny,0.1429,0.1429,0.0,0.0
00200913,whisper-base,0.1429,0.1429,0.0,0.0
00200913,whisper-small,0.1429,0.1429,0.0,0.0
00200913,vosk-cn,0.5714,0.1429,0.1429,0.16666666666666666
00200913,wav2vec2-zh,0.1429,0.1429,0.0,0.0
00200913,paraformer-zh,0.2857,0.0,0.0,0.0
00200913,zipformer-zh-en,0.1429,0.1429,0.0,0.0
00200913,sense-voice,0.4286,0.1429,0.0,0.0
00201009,whisper-tiny,0.5,0.4,0.5,0.125
00201009,whisper-base,0.4,0.3,0.4,0.1111111111111111
00201009,whisper-small,0.2,0.2,0.2,0.0
00201009,vosk-cn,0.7,0.7,0.7,0.0
00201009,wav2vec2-zh,0.4,0.4,0.3,0.0
00201009,paraformer-zh,0.2,0.2,0.2,0.0
00201009,zipformer-zh-en,0.5,0.4,0.5,0.125
00201009,sense-voice,0.2,0.2,0.2,0.0
00201105,whisper-tiny,0.3333,0.3333,0.1667,0.0
00201105,whisper-base,0.1667,0.0,0.1667,0.16666666666666666
00201105,whisper-small,0.1667,0.0,0.1667,0.16666666666666666
00201105,vosk-cn,0.1667,0.0,0.3333,0.3333333333333333
00201105,wav2vec2-zh,0.5,0.1667,0.5,0.4
00201105,paraformer-zh,0.1667,0.0,0.1667,0.16666666666666666
00201105,zipformer-zh-en,0.5,0.0,0.6667,0.6666666666666666
00201105,sense-voice,0.1667,0.0,0.1667,0.16666666666666666
00201201,whisper-tiny,0.0,0.0,0.0,0.0
00201201,whisper-base,0.0,0.0,0.0,0.0
00201201,whisper-small,0.2,0.2,0.2,0.0
00201201,vosk-cn,0.2,0.2,0.2,0.0
00201201,wav2vec2-zh,0.2,0.2,0.2,0.0
00201201,paraformer-zh,0.0,0.0,0.0,0.0
00201201,zipformer-zh-en,0.2,0.2,0.2,0.0
00201201,sense-voice,0.0,0.0,0.0,0.0
00201217,whisper-tiny,0.0,0.0,0.0,0.0
00201217,whisper-base,0.0,0.0,0.0,0.0
00201217,whisper-small,0.4,0.2,0.2,0.25
00201217,vosk-cn,0.4,0.2,0.0,0.0
00201217,wav2vec2-zh,0.4,0.2,0.2,0.25
00201217,paraformer-zh,0.0,0.0,0.0,0.0
00201217,zipformer-zh-en,0.0,0.0,0.0,0.0
00201217,sense-voice,0.0,0.0,0.0,0.0
00201313,whisper-tiny,0.0,0.0,0.0,0.0
00201313,whisper-base,0.0,0.0,0.0,0.0
00201313,whisper-small,0.1429,0.0,0.1429,0.14285714285714285
00201313,vosk-cn,0.5714,0.0,0.2857,0.2857142857142857
00201313,wav2vec2-zh,0.4286,0.0,0.2857,0.2857142857142857
00201313,paraformer-zh,0.2857,0.0,0.0,0.0
00201313,zipformer-zh-en,0.1429,0.1429,0.1429,0.0
00201313,sense-voice,0.2857,0.2857,0.2857,0.0
00201409,whisper-tiny,0.0,0.0,0.0,0.0
00201409,whisper-base,0.0,0.0,0.0,0.0
00201409,whisper-small,0.1,0.1,0.1,0.0
00201409,vosk-cn,0.0,0.0,0.0,0.0
00201409,wav2vec2-zh,0.3,0.1,0.3,0.2222222222222222
00201409,paraformer-zh,0.2,0.2,0.2,0.0
00201409,zipformer-zh-en,0.1,0.1,0.1,0.0
00201409,sense-voice,0.1,0.1,0.1,0.0
00201505,whisper-tiny,0.3333,0.0,0.5,0.5
00201505,whisper-base,0.1667,0.0,0.1667,0.16666666666666666
00201505,whisper-small,0.1667,0.0,0.1667,0.16666666666666666
00201505,vosk-cn,0.3333,0.3333,0.1667,0.0
00201505,wav2vec2-zh,0.6667,0.3333,0.5,0.5
00201505,paraformer-zh,0.3333,0.1667,0.3333,0.2
00201505,zipformer-zh-en,0.6667,0.5,0.3333,0.3333333333333333
00201505,sense-voice,0.5,0.1667,0.6667,0.6
00201601,whisper-tiny,0.2,0.0,0.0,0.0
00201601,whisper-base,0.2,0.2,0.2,0.0
00201601,whisper-small,0.0,0.0,0.0,0.0
00201601,vosk-cn,0.0,0.0,0.0,0.0
00201601,wav2vec2-zh,0.2,0.2,0.0,0.0
00201601,paraformer-zh,0.2,0.2,0.0,0.0
00201601,zipformer-zh-en,0.0,0.0,0.0,0.0
00201601,sense-voice,0.0,0.0,0.0,0.0
00201617,whisper-tiny,0.0,0.0,0.0,0.0
00201617,whisper-base,0.0,0.0,0.0,0.0
00201617,whisper-small,0.0,0.0,0.0,0.0
00201617,vosk-cn,0.0,0.0,0.0,0.0
00201617,wav2vec2-zh,0.0,0.0,0.0,0.0
00201617,paraformer-zh,0.0,0.0,0.0,0.0
00201617,zipformer-zh-en,0.4,0.4,0.0,0.0
00201617,sense-voice,0.0,0.0,0.0,0.0
00201742,whisper-tiny,0.6364,0.4545,0.2727,0.3333333333333333
00201742,whisper-base,0.6364,0.6364,0.1818,0.0
00201742,whisper-small,0.6364,0.5455,0.1818,0.0
00201742,vosk-cn,0.6364,0.5455,0.2727,0.16666666666666666
00201742,wav2vec2-zh,0.6364,0.4545,0.2727,0.16666666666666666
00201742,paraformer-zh,0.4545,0.4545,0.0909,0.0
00201742,zipformer-zh-en,0.5455,0.4545,0.2727,0.16666666666666666
00201742,sense-voice,0.4545,0.4545,0.0909,0.0
00201758,whisper-tiny,0.3846,0.3846,0.2308,0.0
00201758,whisper-base,0.3077,0.3077,0.1538,0.0
00201758,whisper-small,0.5385,0.4615,0.3077,0.125
00201758,vosk-cn,0.7692,0.5385,0.5385,0.3
00201758,wav2vec2-zh,0.6923,0.3846,0.4615,0.4
00201758,paraformer-zh,0.3077,0.2308,0.2308,0.07692307692307693
00201758,zipformer-zh-en,0.6923,0.4615,0.4615,0.2
00201758,sense-voice,0.5385,0.4615,0.3846,0.1
00201816,whisper-tiny,0.0,0.0,0.0,0.0
00201816,whisper-base,0.0,0.0,0.0,0.0
00201816,whisper-small,0.0,0.0,0.0,0.0
00201816,vosk-cn,0.0,0.0,0.0,0.0
00201816,wav2vec2-zh,0.1818,0.0909,0.1818,0.1
00201816,paraformer-zh,0.0,0.0,0.0,0.0
00201816,zipformer-zh-en,0.0909,0.0,0.0909,0.09090909090909091
00201816,sense-voice,0.0,0.0,0.0,0.0
00201912,whisper-tiny,0.1667,0.1667,0.1667,0.0
00201912,whisper-base,0.0833,0.0,0.0,0.0
00201912,whisper-small,0.0833,0.0,0.0,0.0
00201912,vosk-cn,0.0833,0.0833,0.0833,0.0
00201912,wav2vec2-zh,0.25,0.1667,0.1667,0.1
00201912,paraformer-zh,0.0,0.0,0.0,0.0
00201912,zipformer-zh-en,0.1667,0.1667,0.0833,0.0
00201912,sense-voice,0.25,0.25,0.25,0.0
00202008,whisper-tiny,0.1667,0.1667,0.1667,0.0
00202008,whisper-base,0.0,0.0,0.0,0.0
00202008,whisper-small,0.0,0.0,0.0,0.0
00202008,vosk-cn,0.0,0.0,0.0,0.0
00202008,wav2vec2-zh,0.1667,0.1667,0.0,0.0
00202008,paraformer-zh,0.0,0.0,0.0,0.0
00202008,zipformer-zh-en,0.0,0.0,0.0,0.0
00202008,sense-voice,0.0,0.0,0.0,0.0
00202104,whisper-tiny,0.0,0.0,0.0,0.0
00202104,whisper-base,0.0,0.0,0.0,0.0
00202104,whisper-small,0.1111,0.1111,0.0,0.0
00202104,vosk-cn,0.7778,0.7778,0.5556,0.0
00202104,wav2vec2-zh,0.5556,0.2222,0.5556,0.5714285714285714
00202104,paraformer-zh,0.0,0.0,0.0,0.0
00202104,zipformer-zh-en,0.6667,0.2222,0.5556,0.5714285714285714
00202104,sense-voice,0.1111,0.1111,0.0,0.0
00202120,whisper-tiny,0.5,0.5,0.375,0.0
00202120,whisper-base,0.3125,0.3125,0.3125,0.09090909090909091
00202120,whisper-small,0.1875,0.1875,0.1875,0.0
00202120,vosk-cn,0.375,0.375,0.3125,0.0
00202120,wav2vec2-zh,0.75,0.3125,0.6875,0.5454545454545454
00202120,paraformer-zh,0.0625,0.0625,0.0625,0.0
00202120,zipformer-zh-en,0.5,0.125,0.5,0.5
00202120,sense-voice,0.0625,0.0625,0.0625,0.0
00202216,whisper-tiny,0.0,0.0,0.0,0.0
00202216,whisper-base,0.0,0.0,0.0,0.0
00202216,whisper-small,0.0,0.0,0.0,0.0
00202216,vosk-cn,0.2727,0.2727,0.1818,0.1
00202216,wav2vec2-zh,0.0909,0.0,0.0,0.0
00202216,paraformer-zh,0.0,0.0,0.0,0.0
00202216,zipformer-zh-en,0.0,0.0,0.0,0.0
00202216,sense-voice,0.0,0.0,0.0,0.0
00202312,whisper-tiny,0.3077,0.3077,0.1538,0.0
00202312,whisper-base,0.1538,0.1538,0.0769,0.0
00202312,whisper-small,0.1538,0.1538,0.0,0.0
00202312,vosk-cn,0.1538,0.1538,0.0,0.0
00202312,wav2vec2-zh,0.2308,0.1538,0.0769,0.09090909090909091
00202312,paraformer-zh,0.0,0.0,0.0,0.0
00202312,zipformer-zh-en,0.2308,0.2308,0.0,0.0
00202312,sense-voice,0.0,0.0,0.0,0.0
00202328,whisper-tiny,0.3,0.3,0.1,0.0
00202328,whisper-base,0.4,0.3,0.2,0.0
00202328,whisper-small,0.1,0.1,0.0,0.0
00202328,vosk-cn,0.3,0.3,0.1,0.0
00202328,wav2vec2-zh,0.5,0.3,0.3,0.25
00202328,paraformer-zh,0.2,0.2,0.1,0.0
00202328,zipformer-zh-en,0.3,0.3,0.1,0.0
00202328,sense-voice,0.1,0.1,0.1,0.0
00202344,whisper-tiny,0.8889,0.6667,0.4444,0.0
00202344,whisper-base,0.5556,0.2222,0.2222,0.14285714285714285
00202344,whisper-small,0.3333,0.1111,0.3333,0.25
00202344,vosk-cn,1.0,0.7778,0.6667,0.16666666666666666
00202344,wav2vec2-zh,0.7778,0.4444,0.4444,0.2857142857142857
00202344,paraformer-zh,0.6667,0.4444,0.3333,0.125
00202344,zipformer-zh-en,0.5556,0.4444,0.3333,0.125
00202344,sense-voice,0.3333,0.2222,0.2222,0.0
00202360,whisper-tiny,1.1,0.9,0.6,0.4
00202360,whisper-base,0.3,0.3,0.2,0.0
00202360,whisper-small,0.3,0.2,0.1,0.125
00202360,vosk-cn,0.8,0.8,0.5,0.0
00202360,wav2vec2-zh,1.0,0.9,0.7,0.14285714285714285
00202360,paraformer-zh,0.6,0.6,0.6,0.0
00202360,zipformer-zh-en,0.6,0.6,0.5,0.0
00202360,sense-voice,0.6,0.6,0.6,0.0
00202414,whisper-tiny,0.2105,0.1053,0.1579,0.11764705882352941
00202414,whisper-base,0.3158,0.0526,0.1579,0.10526315789473684
00202414,whisper-small,0.2105,0.1053,0.1579,0.058823529411764705
00202414,vosk-cn,0.0,0.0,0.0,0.0
00202414,wav2vec2-zh,0.2632,0.0526,0.1053,0.05555555555555555
00202414,paraformer-zh,0.0,0.0,0.0,0.0
00202414,zipformer-zh-en,0.1053,0.1053,0.1053,0.0
00202414,sense-voice,0.0,0.0,0.0,0.0
00202430,whisper-tiny,0.2727,0.0909,0.0909,0.0
00202430,whisper-base,0.8182,0.6364,0.4545,0.16666666666666666
00202430,whisper-small,0.0909,0.0909,0.0,0.0
00202430,vosk-cn,1.0909,0.8182,0.6364,0.0
00202430,wav2vec2-zh,0.9091,0.7273,0.7273,0.125
00202430,paraformer-zh,0.5455,0.3636,0.3636,0.0
00202430,zipformer-zh-en,0.4545,0.3636,0.3636,0.1111111111111111
00202430,sense-voice,0.6364,0.4545,0.4545,0.0
00202446,whisper-tiny,0.0,0.0,0.0,0.0
00202446,whisper-base,0.0,0.0,0.0,0.0
00202446,whisper-small,0.0,0.0,0.0,0.0
00202446,vosk-cn,0.2857,0.1429,0.2857,0.16666666666666666
00202446,wav2vec2-zh,0.2857,0.1429,0.2857,0.16666666666666666
00202446,paraformer-zh,0.0,0.0,0.0,0.0
00202446,zipformer-zh-en,0.0,0.0,0.0,0.0
00202446,sense-voice,0.1429,0.0,0.1429,0.14285714285714285
00202462,whisper-tiny,0.3333,0.2,0.1333,0.16666666666666666
00202462,whisper-base,0.4,0.2,0.1333,0.08333333333333333
00202462,whisper-small,0.0667,0.0667,0.0667,0.0
00202462,vosk-cn,0.3333,0.3333,0.2,0.0
00202462,wav2vec2-zh,0.4667,0.3333,0.2,0.0
00202462,paraformer-zh,0.0667,0.0667,0.0667,0.0
00202462,zipformer-zh-en,0.0667,0.0667,0.0667,0.0
00202462,sense-voice,0.0667,0.0667,0.0667,0.0
00202516,whisper-tiny,0.125,0.0,0.125,0.125
00202516,whisper-base,0.0,0.0,0.0,0.0
00202516,whisper-small,0.125,0.0,0.125,0.125
00202516,vosk-cn,0.125,0.0,0.125,0.125
00202516,wav2vec2-zh,0.125,0.0,0.0,0.0
00202516,paraformer-zh,0.0,0.0,0.0,0.0
00202516,zipformer-zh-en,0.0,0.0,0.0,0.0
00202516,sense-voice,0.0,0.0,0.0,0.0
00202603,whisper-tiny,0.25,0.1875,0.1875,0.07692307692307693
00202603,whisper-base,0.1875,0.1875,0.0625,0.0
00202603,whisper-small,0.25,0.1875,0.1875,0.07692307692307693
00202603,vosk-cn,0.375,0.3125,0.25,0.09090909090909091
00202603,wav2vec2-zh,0.625,0.4375,0.375,0.2222222222222222
00202603,paraformer-zh,0.0625,0.0625,0.0625,0.0
00202603,zipformer-zh-en,0.25,0.1875,0.125,0.07692307692307693
00202603,sense-voice,0.125,0.125,0.125,0.0
00202619,whisper-tiny,0.6923,0.3846,0.4615,0.3333333333333333
00202619,whisper-base,0.6154,0.3846,0.3846,0.2222222222222222
00202619,whisper-small,0.6923,0.3846,0.3846,0.2222222222222222
00202619,vosk-cn,0.9231,0.6923,0.5385,0.16666666666666666
00202619,wav2vec2-zh,0.7692,0.4615,0.3846,0.25
00202619,paraformer-zh,0.6154,0.3077,0.3846,0.2
00202619,zipformer-zh-en,0.6923,0.3846,0.5385,0.3333333333333333
00202619,sense-voice,0.6154,0.5385,0.3846,0.0
00202635,whisper-tiny,0.3333,0.2222,0.3333,0.1111111111111111
00202635,whisper-base,0.7778,0.5556,0.4444,0.2857142857142857
00202635,whisper-small,0.1111,0.0,0.1111,0.1111111111111111
00202635,vosk-cn,0.7778,0.6667,0.7778,0.1111111111111111
00202635,wav2vec2-zh,1.1111,0.6667,0.6667,0.42857142857142855
00202635,paraformer-zh,0.7778,0.6667,0.7778,0.1111111111111111
00202635,zipformer-zh-en,1.0,0.8889,1.0,0.1111111111111111
00202635,sense-voice,1.0,0.8889,1.0,0.1111111111111111
00202651,whisper-tiny,0.625,0.3125,0.4375,0.36363636363636365
00202651,whisper-base,0.8125,0.5,0.5625,0.4444444444444444
00202651,whisper-small,0.5625,0.3125,0.5,0.3076923076923077
00202651,vosk-cn,0.5625,0.5,0.4375,0.125
00202651,wav2vec2-zh,0.75,0.625,0.625,0.3333333333333333
00202651,paraformer-zh,0.25,0.25,0.1875,0.0
00202651,zipformer-zh-en,0.625,0.4375,0.5,0.18181818181818182
00202651,sense-voice,0.3125,0.25,0.25,0.07142857142857142
00202705,whisper-tiny,0.2353,0.0588,0.1765,0.125
00202705,whisper-base,0.1765,0.0588,0.1176,0.0625
00202705,whisper-small,0.1176,0.0588,0.1176,0.0625
00202705,vosk-cn,0.3529,0.2941,0.2353,0.0
00202705,wav2vec2-zh,0.1765,0.0588,0.1176,0.0625
00202705,paraformer-zh,0.0588,0.0588,0.0588,0.0
00202705,zipformer-zh-en,0.1176,0.1176,0.1176,0.0
00202705,sense-voice,0.0588,0.0588,0.0588,0.0
00202721,whisper-tiny,0.9375,0.75,0.5625,0.09090909090909091
00202721,whisper-base,0.75,0.625,0.5,0.08333333333333333
00202721,whisper-small,0.3125,0.1875,0.3125,0.15384615384615385
00202721,vosk-cn,0.9375,0.8125,0.8125,0.13333333333333333
00202721,wav2vec2-zh,1.0625,0.875,0.8125,0.3333333333333333
00202721,paraformer-zh,0.8125,0.8125,0.8125,0.0
00202721,zipformer-zh-en,1.1875,0.875,0.875,0.2857142857142857
00202721,sense-voice,0.5625,0.5625,0.5625,0.0
00202737,whisper-tiny,0.2,0.0,0.0667,0.06666666666666667
00202737,whisper-base,0.0667,0.0,0.0,0.0
00202737,whisper-small,0.0,0.0,0.0,0.0
00202737,vosk-cn,0.1333,0.2,0.0667,0.0
00202737,wav2vec2-zh,0.1333,0.0667,0.0667,0.0
00202737,paraformer-zh,0.0667,0.0667,0.0667,0.0
00202737,zipformer-zh-en,0.0667,0.0,0.0,0.0
00202737,sense-voice,0.0,0.0,0.0,0.0
00202753,whisper-tiny,0.8333,0.5,0.8333,0.4
00202753,whisper-base,0.1667,0.1667,0.1667,0.0
00202753,whisper-small,0.1667,0.1667,0.1667,0.0
00202753,vosk-cn,0.5,0.5,0.3333,0.0
00202753,wav2vec2-zh,1.1667,0.6667,0.3333,0.3333333333333333
00202753,paraformer-zh,0.5,0.5,0.3333,0.0
00202753,zipformer-zh-en,0.5,0.5,0.3333,0.0
00202753,sense-voice,0.5,0.5,0.3333,0.0
00202807,whisper-tiny,0.7778,0.6667,0.6667,0.0
00202807,whisper-base,0.4444,0.2222,0.3333,0.2857142857142857
00202807,whisper-small,0.8889,0.3333,0.5556,0.6666666666666666
00202807,vosk-cn,0.8889,0.5556,0.4444,0.5
00202807,wav2vec2-zh,1.0,0.5556,0.5556,1.0
00202807,paraformer-zh,0.0,0.0,0.0,0.0
00202807,zipformer-zh-en,1.0,0.4444,0.6667,1.0
00202807,sense-voice,0.5556,0.2222,0.3333,0.2857142857142857
00202823,whisper-tiny,0.6364,0.4545,0.4545,0.1111111111111111
00202823,whisper-base,0.6364,0.4545,0.4545,0.1111111111111111
00202823,whisper-small,0.6364,0.4545,0.4545,0.1111111111111111
00202823,vosk-cn,0.5455,0.3636,0.4545,0.125
00202823,wav2vec2-zh,1.0,0.7273,0.6364,0.3333333333333333
00202823,paraformer-zh,0.9091,0.6364,0.5455,0.2857142857142857
00202823,zipformer-zh-en,0.9091,0.8182,0.5455,0.2
00202823,sense-voice,0.9091,0.6364,0.5455,0.2857142857142857
00202839,whisper-tiny,0.5,0.5,0.0,0.0
00202839,whisper-base,1.1667,0.8333,1.1667,0.6666666666666666
00202839,whisper-small,1.0,0.6667,0.6667,0.5
00202839,vosk-cn,0.8333,0.5,0.6667,0.4
00202839,wav2vec2-zh,1.0,0.6667,0.6667,0.5
00202839,paraformer-zh,0.8333,0.8333,0.6667,0.0
00202839,zipformer-zh-en,0.8333,0.6667,0.6667,0.5
00202839,sense-voice,0.8333,0.6667,0.6667,0.25
00202855,whisper-tiny,0.0588,0.0,0.0588,0.058823529411764705
00202855,whisper-base,0.3529,0.1765,0.1765,0.14285714285714285
00202855,whisper-small,0.3529,0.0588,0.2941,0.3125
00202855,vosk-cn,0.5294,0.4706,0.4118,0.1111111111111111
00202855,wav2vec2-zh,0.4706,0.2353,0.4118,0.3076923076923077
00202855,paraformer-zh,0.2353,0.0588,0.1765,0.1875
00202855,zipformer-zh-en,0.4706,0.1176,0.4118,0.4
00202855,sense-voice,0.0588,0.0588,0.0588,0.0
00202909,whisper-tiny,0.3333,0.3333,0.25,0.0
00202909,whisper-base,0.25,0.1667,0.1667,0.1
00202909,whisper-small,0.25,0.1667,0.25,0.1
00202909,vosk-cn,0.1667,0.1667,0.0833,0.0
00202909,wav2vec2-zh,0.3333,0.1667,0.25,0.2
00202909,paraformer-zh,0.1667,0.0833,0.1667,0.09090909090909091
00202909,zipformer-zh-en,0.4167,0.1667,0.1667,0.1
00202909,sense-voice,0.1667,0.0833,0.1667,0.09090909090909091
00202925,whisper-tiny,0.0,0.0,0.0,0.0
00202925,whisper-base,0.0,0.0,0.0,0.0
00202925,whisper-small,0.0,0.0,0.0,0.0
00202925,vosk-cn,0.0,0.0,0.0,0.0
00202925,wav2vec2-zh,0.3333,0.0,0.1667,0.16666666666666666
00202925,paraformer-zh,0.0,0.0,0.0,0.0
00202925,zipformer-zh-en,0.0,0.0,0.0,0.0
00202925,sense-voice,0.0,0.0,0.0,0.0
00202941,whisper-tiny,0.0,0.0,0.0,0.0
00202941,whisper-base,0.0,0.0,0.0,0.0
00202941,whisper-small,0.0,0.0,0.0,0.0
00202941,vosk-cn,0.0,0.0,0.0,0.0
00202941,wav2vec2-zh,0.125,0.0,0.125,0.125
00202941,paraformer-zh,0.0,0.0,0.0,0.0
00202941,zipformer-zh-en,0.125,0.125,0.0,0.0
00202941,sense-voice,0.0,0.0,0.0,0.0
00202957,whisper-tiny,1.0,0.5,0.5,0.25
00202957,whisper-base,0.625,0.625,0.5,0.0
00202957,whisper-small,0.625,0.25,0.125,0.0
00202957,vosk-cn,0.5,0.25,0.125,0.0
00202957,wav2vec2-zh,0.875,0.5,0.375,0.5
00202957,paraformer-zh,0.5,0.25,0.125,0.0
00202957,zipformer-zh-en,0.625,0.25,0.125,0.0
00202957,sense-voice,0.375,0.125,0.25,0.14285714285714285
00203011,whisper-tiny,0.4615,0.1538,0.3077,0.36363636363636365
00203011,whisper-base,0.4615,0.1538,0.3846,0.36363636363636365
00203011,whisper-small,0.4615,0.0769,0.3846,0.4166666666666667
00203011,vosk-cn,0.4615,0.2308,0.3077,0.3
00203011,wav2vec2-zh,0.5385,0.1538,0.3846,0.36363636363636365
00203011,paraformer-zh,0.3846,0.0769,0.3077,0.3333333333333333
00203011,zipformer-zh-en,0.5385,0.2308,0.3077,0.4
00203011,sense-voice,0.6154,0.2308,0.5385,0.45454545454545453
00203027,whisper-tiny,0.5,0.4167,0.5,0.14285714285714285
00203027,whisper-base,0.25,0.0833,0.25,0.18181818181818182
00203027,whisper-small,0.25,0.0833,0.1667,0.18181818181818182
00203027,vosk-cn,0.4167,0.1667,0.4167,0.3
00203027,wav2vec2-zh,0.4167,0.25,0.1667,0.2222222222222222
00203027,paraformer-zh,0.0,0.0,0.0,0.0
00203027,zipformer-zh-en,0.1667,0.0,0.1667,0.16666666666666666
00203027,sense-voice,0.0,0.0,0.0,0.0
00203114,whisper-tiny,0.4211,0.2632,0.3158,0.13333333333333333
00203114,whisper-base,0.4737,0.3158,0.4211,0.15384615384615385
00203114,whisper-small,0.4211,0.1579,0.2632,0.1875
00203114,vosk-cn,0.4211,0.2105,0.3158,0.26666666666666666
00203114,wav2vec2-zh,0.6316,0.3158,0.4737,0.3076923076923077
00203114,paraformer-zh,0.0,0.0,0.0,0.0
00203114,zipformer-zh-en,0.4737,0.1579,0.3158,0.1875
00203114,sense-voice,0.1579,0.1579,0.1579,0.0
00203130,whisper-tiny,0.6364,0.4545,0.4545,0.2857142857142857
00203130,whisper-base,0.7273,0.5455,0.4545,0.3333333333333333
00203130,whisper-small,0.5455,0.3636,0.4545,0.25
00203130,vosk-cn,0.5455,0.2727,0.4545,0.375
00203130,wav2vec2-zh,0.7273,0.4545,0.3636,0.3333333333333333
00203130,paraformer-zh,0.0909,0.0,0.0909,0.09090909090909091
00203130,zipformer-zh-en,0.0,0.0,0.0,0.0
00203130,sense-voice,0.0909,0.0,0.0909,0.09090909090909091
00203146,whisper-tiny,0.4286,0.4286,0.4286,0.0
00203146,whisper-base,0.4286,0.4286,0.4286,0.0
00203146,whisper-small,0.0,0.0,0.0,0.0
00203146,vosk-cn,0.1429,0.1429,0.1429,0.0
00203146,wav2vec2-zh,0.8571,0.2857,0.5714,0.2857142857142857
00203146,paraformer-zh,0.5714,0.5714,0.5714,0.0
00203146,zipformer-zh-en,0.4286,0.4286,0.4286,0.0
00203146,sense-voice,0.1429,0.1429,0.1429,0.0
00203162,whisper-tiny,0.4667,0.2,0.3333,0.25
00203162,whisper-base,0.5333,0.2667,0.4,0.36363636363636365
00203162,whisper-small,0.2667,0.2,0.2667,0.08333333333333333
00203162,vosk-cn,0.2667,0.1333,0.2,0.15384615384615385
00203162,wav2vec2-zh,0.6667,0.4,0.3333,0.3333333333333333
00203162,paraformer-zh,0.2667,0.2,0.2667,0.08333333333333333
00203162,zipformer-zh-en,0.4667,0.3333,0.4,0.1
00203162,sense-voice,0.3333,0.2667,0.2667,0.0
00203216,whisper-tiny,0.375,0.125,0.375,0.2857142857142857
00203216,whisper-base,0.25,0.125,0.25,0.14285714285714285
00203216,whisper-small,0.375,0.125,0.375,0.2857142857142857
00203216,vosk-cn,0.25,0.0,0.25,0.25
00203216,wav2vec2-zh,0.375,0.25,0.25,0.16666666666666666
00203216,paraformer-zh,0.125,0.0,0.125,0.125
00203216,zipformer-zh-en,0.375,0.125,0.375,0.2857142857142857
00203216,sense-voice,0.125,0.0,0.125,0.125
00203306,whisper-tiny,0.125,0.0,0.0,0.0
00203306,whisper-base,0.125,0.0,0.0625,0.0625
00203306,whisper-small,0.125,0.0,0.0625,0.0625
00203306,vosk-cn,0.0,0.0,0.0,0.0
00203306,wav2vec2-zh,0.0625,0.0,0.0625,0.0625
00203306,paraformer-zh,0.0,0.0,0.0,0.0
00203306,zipformer-zh-en,0.0,0.0,0.0,0.0
00203306,sense-voice,0.0,0.0,0.0,0.0
00203322,whisper-tiny,0.05,0.05,0.05,0.0
00203322,whisper-base,0.05,0.05,0.05,0.0
00203322,whisper-small,0.0,0.0,0.0,0.0
00203322,vosk-cn,0.1,0.05,0.05,0.0
00203322,wav2vec2-zh,0.2,0.05,0.15,0.10526315789473684
00203322,paraformer-zh,0.05,0.05,0.05,0.0
00203322,zipformer-zh-en,0.05,0.05,0.05,0.0
00203322,sense-voice,0.05,0.05,0.05,0.0
00203338,whisper-tiny,0.0,0.0,0.0,0.0
00203338,whisper-base,0.0,0.0,0.0,0.0
00203338,whisper-small,0.0,0.0,0.0,0.0
00203338,vosk-cn,0.0,0.0,0.0,0.0
00203338,wav2vec2-zh,0.3333,0.0,0.0,0.0
00203338,paraformer-zh,0.0,0.0,0.0,0.0
00203338,zipformer-zh-en,0.0,0.0,0.0,0.0
00203338,sense-voice,0.0,0.0,0.0,0.0
00203354,whisper-tiny,0.3889,0.1111,0.2222,0.1875
00203354,whisper-base,0.2778,0.1111,0.1111,0.0625
00203354,whisper-small,0.0556,0.0556,0.0,0.0
00203354,vosk-cn,0.3889,0.2222,0.2778,0.13333333333333333
00203354,wav2vec2-zh,0.3333,0.1111,0.1667,0.125
00203354,paraformer-zh,0.0556,0.0556,0.0,0.0
00203354,zipformer-zh-en,0.3333,0.1667,0.2222,0.125
00203354,sense-voice,0.0556,0.0556,0.0,0.0
00203408,whisper-tiny,0.0,0.0,0.0,0.0
00203408,whisper-base,0.0,0.0,0.0,0.0
00203408,whisper-small,0.0,0.0,0.0,0.0
00203408,vosk-cn,0.0,0.0,0.0,0.0
00203408,wav2vec2-zh,0.1111,0.0,0.0,0.0
00203408,paraformer-zh,0.0,0.0,0.0,0.0
00203408,zipformer-zh-en,0.0,0.0,0.0,0.0
00203408,sense-voice,0.0,0.0,0.0,0.0
00203424,whisper-tiny,0.0,0.0,0.0,0.0
00203424,whisper-base,0.0,0.0,0.0,0.0
00203424,whisper-small,0.0833,0.0,0.0833,0.08333333333333333
00203424,vosk-cn,0.0,0.0,0.0,0.0
00203424,wav2vec2-zh,0.25,0.0833,0.1667,0.09090909090909091
00203424,paraformer-zh,0.0,0.0,0.0,0.0
00203424,zipformer-zh-en,0.0,0.0,0.0,0.0
00203424,sense-voice,0.0,0.0,0.0,0.0
00203511,whisper-tiny,0.3077,0.0769,0.0769,0.0
00203511,whisper-base,0.3077,0.1538,0.2308,0.09090909090909091
00203511,whisper-small,0.2308,0.0769,0.0769,0.0
00203511,vosk-cn,0.2308,0.0769,0.0769,0.0
00203511,wav2vec2-zh,0.3077,0.0769,0.1538,0.08333333333333333
00203511,paraformer-zh,0.1538,0.0769,0.1538,0.08333333333333333
00203511,zipformer-zh-en,0.3077,0.0769,0.1538,0.16666666666666666
00203511,sense-voice,0.0769,0.0769,0.0769,0.0
00203527,whisper-tiny,0.1667,0.1667,0.1667,0.0
00203527,whisper-base,0.25,0.1667,0.25,0.16666666666666666
00203527,whisper-small,0.3333,0.1667,0.25,0.16666666666666666
00203527,vosk-cn,0.4167,0.3333,0.3333,0.1111111111111111
00203527,wav2vec2-zh,0.5,0.3333,0.5,0.3
00203527,paraformer-zh,0.1667,0.1667,0.1667,0.0
00203527,zipformer-zh-en,0.1667,0.1667,0.1667,0.0
00203527,sense-voice,0.1667,0.1667,0.1667,0.0
00203614,whisper-tiny,0.4211,0.2105,0.3158,0.2
00203614,whisper-base,0.2105,0.1579,0.1579,0.0625
00203614,whisper-small,0.2105,0.1579,0.2105,0.0625
00203614,vosk-cn,0.3158,0.2632,0.1579,0.07142857142857142
00203614,wav2vec2-zh,0.3158,0.1579,0.2105,0.1875
00203614,paraformer-zh,0.1053,0.1053,0.1053,0.0
00203614,zipformer-zh-en,0.2632,0.2632,0.2105,0.0
00203614,sense-voice,0.1053,0.1053,0.1053,0.0
00203630,whisper-tiny,0.1818,0.0909,0.0,0.0
00203630,whisper-base,0.3636,0.0909,0.1818,0.2
00203630,whisper-small,0.1818,0.0909,0.0909,0.1
00203630,vosk-cn,0.3636,0.0909,0.1818,0.2
00203630,wav2vec2-zh,0.4545,0.1818,0.1818,0.2222222222222222
00203630,paraformer-zh,0.1818,0.0909,0.0909,0.1
00203630,zipformer-zh-en,0.1818,0.0909,0.0909,0.1
00203630,sense-voice,0.1818,0.0909,0.0909,0.1
00203646,whisper-tiny,0.0,0.0,0.0,0.0
00203646,whisper-base,0.0,0.0,0.0,0.0
00203646,whisper-small,0.0,0.0,0.0,0.0
00203646,vosk-cn,0.0,0.0,0.0,0.0
00203646,wav2vec2-zh,0.0,0.0,0.0,0.0
00203646,paraformer-zh,0.0,0.0,0.0,0.0
00203646,zipformer-zh-en,0.0,0.0,0.0,0.0
00203646,sense-voice,0.0,0.0,0.0,0.0
00203662,whisper-tiny,0.4,0.2667,0.4,0.15384615384615385
00203662,whisper-base,0.4667,0.4,0.2667,0.09090909090909091
00203662,whisper-small,0.1333,0.1333,0.1333,0.0
00203662,vosk-cn,0.3333,0.2,0.3333,0.14285714285714285
00203662,wav2vec2-zh,0.4,0.2,0.2667,0.15384615384615385
00203662,paraformer-zh,0.2,0.2,0.2,0.0
00203662,zipformer-zh-en,0.4,0.2667,0.4,0.15384615384615385
00203662,sense-voice,0.2,0.2,0.2,0.0
00203716,whisper-tiny,0.25,0.125,0.25,0.14285714285714285
00203716,whisper-base,0.375,0.25,0.25,0.16666666666666666
00203716,whisper-small,0.25,0.125,0.25,0.14285714285714285
00203716,vosk-cn,0.25,0.125,0.125,0.14285714285714285
00203716,wav2vec2-zh,0.375,0.25,0.375,0.16666666666666666
00203716,paraformer-zh,0.25,0.125,0.125,0.14285714285714285
00203716,zipformer-zh-en,0.375,0.125,0.25,0.2857142857142857
00203716,sense-voice,0.25,0.125,0.0,0.0
00203732,whisper-tiny,1.0,1.0,0.8,0.0
00203732,whisper-base,0.8,0.4,0.6,0.5
00203732,whisper-small,0.4,0.2,0.4,0.4
00203732,vosk-cn,0.8,0.6,0.8,0.5
00203732,wav2vec2-zh,0.8,0.2,0.8,0.75
00203732,paraformer-zh,0.4,0.2,0.4,0.4
00203732,zipformer-zh-en,0.6,0.2,0.6,0.5
00203732,sense-voice,0.6,0.2,0.6,0.5
00203748,whisper-tiny,0.0952,0.0952,0.0476,0.0
00203748,whisper-base,0.0952,0.0952,0.0476,0.0
00203748,whisper-small,0.0952,0.0952,0.0952,0.0
00203748,vosk-cn,0.1429,0.0952,0.0952,0.05263157894736842
00203748,wav2vec2-zh,0.1429,0.0952,0.0476,0.05263157894736842
00203748,paraformer-zh,0.0476,0.0476,0.0,0.0
00203748,zipformer-zh-en,0.0,0.0,0.0,0.0
00203748,sense-voice,0.0,0.0,0.0,0.0
00203802,whisper-tiny,0.4444,0.4444,0.2222,0.0
00203802,whisper-base,0.3333,0.3333,0.0,0.0
00203802,whisper-small,0.3333,0.3333,0.0,0.0
00203802,vosk-cn,0.8889,0.7778,0.3333,0.25
00203802,wav2vec2-zh,0.6667,0.6667,0.3333,0.0
00203802,paraformer-zh,0.5556,0.5556,0.2222,0.0
00203802,zipformer-zh-en,0.5556,0.5556,0.2222,0.0
00203802,sense-voice,0.4444,0.4444,0.2222,0.0
00203818,whisper-tiny,0.4545,0.2727,0.2727,0.125
00203818,whisper-base,0.2727,0.0909,0.1818,0.1
00203818,whisper-small,0.0,0.0,0.0,0.0
00203818,vosk-cn,0.1818,0.0909,0.1818,0.1
00203818,wav2vec2-zh,0.1818,0.0909,0.1818,0.1
00203818,paraformer-zh,0.0,0.0,0.0,0.0
00203818,zipformer-zh-en,0.0909,0.0909,0.0909,0.0
00203818,sense-voice,0.0,0.0,0.0,0.0
00203834,whisper-tiny,0.4444,0.4444,0.4444,0.0
00203834,whisper-base,0.2222,0.2222,0.2222,0.0
00203834,whisper-small,0.1111,0.1111,0.1111,0.0
00203834,vosk-cn,0.5556,0.5556,0.5556,0.0
00203834,wav2vec2-zh,0.5556,0.5556,0.4444,0.0
00203834,paraformer-zh,0.5556,0.5556,0.5556,0.0
00203834,zipformer-zh-en,0.5556,0.5556,0.5556,0.0
00203834,sense-voice,0.5556,0.5556,0.5556,0.0
00203850,whisper-tiny,0.25,0.1667,0.1667,0.0
00203850,whisper-base,0.4167,0.4167,0.4167,0.0
00203850,whisper-small,0.3333,0.3333,0.3333,0.0
00203850,vosk-cn,0.5833,0.5,0.4167,0.1111111111111111
00203850,wav2vec2-zh,0.5,0.3333,0.3333,0.09090909090909091
00203850,paraformer-zh,0.25,0.25,0.25,0.0
00203850,zipformer-zh-en,0.3333,0.3333,0.3333,0.0
00203850,sense-voice,0.25,0.25,0.25,0.0
00203904,whisper-tiny,1.0,1.0,0.7,0.0
00203904,whisper-base,0.5,0.5,0.5,0.0
00203904,whisper-small,0.5,0.5,0.4,0.0
00203904,vosk-cn,1.3,1.2,0.8,0.3333333333333333
00203904,wav2vec2-zh,0.7,0.6,0.6,0.2
00203904,paraformer-zh,0.5,0.5,0.3,0.0
00203904,zipformer-zh-en,0.6,0.5,0.4,0.2
00203904,sense-voice,0.1,0.1,0.1,0.0
00203920,whisper-tiny,0.2222,0.2222,0.2222,0.0
00203920,whisper-base,0.2222,0.2222,0.2222,0.0
00203920,whisper-small,0.0,0.0,0.0,0.0
00203920,vosk-cn,0.4444,0.3333,0.3333,0.14285714285714285
00203920,wav2vec2-zh,0.5556,0.2222,0.5556,0.3333333333333333
00203920,paraformer-zh,0.2222,0.2222,0.2222,0.0
00203920,zipformer-zh-en,0.4444,0.4444,0.2222,0.0
00203920,sense-voice,0.2222,0.2222,0.2222,0.0
00203936,whisper-tiny,0.2727,0.1818,0.1818,0.1111111111111111
00203936,whisper-base,0.2727,0.0909,0.1818,0.1
00203936,whisper-small,0.0909,0.0909,0.0909,0.0
00203936,vosk-cn,0.4545,0.4545,0.3636,0.0
00203936,wav2vec2-zh,0.4545,0.0909,0.4545,0.4
00203936,paraformer-zh,0.1818,0.1818,0.1818,0.0
00203936,zipformer-zh-en,0.3636,0.2727,0.3636,0.125
00203936,sense-voice,0.0,0.0,0.0,0.0
00203952,whisper-tiny,0.6875,0.3125,0.5625,0.4
00203952,whisper-base,0.375,0.0625,0.3125,0.3333333333333333
00203952,whisper-small,0.8125,0.6875,0.6875,0.15384615384615385
00203952,vosk-cn,1.3125,1.125,1.0,0.3333333333333333
00203952,wav2vec2-zh,1.3125,1.1875,1.0625,0.36363636363636365
00203952,paraformer-zh,0.875,0.875,0.875,0.0
00203952,zipformer-zh-en,0.875,0.8125,0.8125,0.06666666666666667
00203952,sense-voice,0.875,0.875,0.875,0.0
00204006,whisper-tiny,0.4375,0.0625,0.5,0.4666666666666667
00204006,whisper-base,0.3125,0.0,0.3125,0.3125
00204006,whisper-small,0.375,0.0,0.375,0.375
00204006,vosk-cn,0.375,0.125,0.375,0.3333333333333333
00204006,wav2vec2-zh,0.4375,0.125,0.375,0.35714285714285715
00204006,paraformer-zh,0.4375,0.0625,0.4375,0.4
00204006,zipformer-zh-en,0.375,0.125,0.4375,0.35714285714285715
00204006,sense-voice,0.4375,0.0625,0.4375,0.4
00204022,whisper-tiny,0.3,0.05,0.15,0.15789473684210525
00204022,whisper-base,0.25,0.1,0.15,0.1111111111111111
00204022,whisper-small,0.1,0.05,0.0,0.0
00204022,vosk-cn,0.2,0.1,0.1,0.05555555555555555
00204022,wav2vec2-zh,0.45,0.25,0.35,0.2
00204022,paraformer-zh,0.1,0.1,0.05,0.0
00204022,zipformer-zh-en,0.15,0.1,0.1,0.05555555555555555
00204022,sense-voice,0.05,0.05,0.05,0.0
00204038,whisper-tiny,0.3333,0.1111,0.3333,0.25
00204038,whisper-base,0.3333,0.2222,0.3333,0.14285714285714285
00204038,whisper-small,0.3333,0.1111,0.3333,0.25
00204038,vosk-cn,0.3333,0.2222,0.2222,0.0
00204038,wav2vec2-zh,0.4444,0.1111,0.3333,0.25
00204038,paraformer-zh,0.3333,0.1111,0.2222,0.2222222222222222
00204038,zipformer-zh-en,0.5556,0.3333,0.3333,0.0
00204038,sense-voice,0.3333,0.2222,0.2222,0.125
00204054,whisper-tiny,0.3333,0.1667,0.2778,0.2
00204054,whisper-base,0.5556,0.1667,0.4444,0.4
00204054,whisper-small,0.0556,0.0,0.0556,0.05555555555555555
00204054,vosk-cn,0.5556,0.3889,0.4444,0.36363636363636365
00204054,wav2vec2-zh,0.5556,0.0556,0.4444,0.4117647058823529
00204054,paraformer-zh,0.0556,0.0,0.0556,0.05555555555555555
00204054,zipformer-zh-en,0.4444,0.1111,0.3889,0.375
00204054,sense-voice,0.0,0.0,0.0,0.0
00204108,whisper-tiny,0.2222,0.2222,0.2222,0.0
00204108,whisper-base,0.5556,0.4444,0.3333,0.0
00204108,whisper-small,0.1111,0.1111,0.1111,0.0
00204108,vosk-cn,0.3333,0.3333,0.3333,0.0
00204108,wav2vec2-zh,0.6667,0.5556,0.4444,0.0
00204108,paraformer-zh,0.2222,0.2222,0.2222,0.0
00204108,zipformer-zh-en,0.3333,0.3333,0.2222,0.0
00204108,sense-voice,0.2222,0.2222,0.2222,0.0
00204124,whisper-tiny,0.0,0.0,0.0,0.0
00204124,whisper-base,0.0,0.0,0.0,0.0
00204124,whisper-small,0.0833,0.0,0.0833,0.08333333333333333
00204124,vosk-cn,0.0833,0.0,0.0,0.0
00204124,wav2vec2-zh,0.3333,0.0833,0.0833,0.09090909090909091
00204124,paraformer-zh,0.0833,0.0833,0.0833,0.0
00204124,zipformer-zh-en,0.0833,0.0833,0.0833,0.0
00204124,sense-voice,0.0833,0.0833,0.0833,0.0
00204140,whisper-tiny,0.6364,0.4545,0.1818,0.0
00204140,whisper-base,0.5455,0.4545,0.2727,0.0
00204140,whisper-small,0.3636,0.3636,0.2727,0.0
00204140,vosk-cn,0.3636,0.4545,0.3636,0.0
00204140,wav2vec2-zh,0.5455,0.3636,0.3636,0.14285714285714285
00204140,paraformer-zh,0.0909,0.0909,0.0909,0.0
00204140,zipformer-zh-en,0.2727,0.2727,0.1818,0.0
00204140,sense-voice,0.0909,0.0909,0.0909,0.0
00204156,whisper-tiny,0.3333,0.1667,0.25,0.08333333333333333
00204156,whisper-base,0.25,0.25,0.25,0.0
00204156,whisper-small,0.25,0.25,0.1667,0.0
00204156,vosk-cn,0.1667,0.1667,0.1667,0.0
00204156,wav2vec2-zh,0.3333,0.25,0.1667,0.0
00204156,paraformer-zh,0.1667,0.1667,0.1667,0.0
00204156,zipformer-zh-en,0.1667,0.1667,0.1667,0.0
00204156,sense-voice,0.1667,0.1667,0.1667,0.0
00204210,whisper-tiny,0.6429,0.3571,0.4286,0.4444444444444444
00204210,whisper-base,0.3571,0.0714,0.2143,0.23076923076923078
00204210,whisper-small,0.3571,0.0714,0.1429,0.15384615384615385
00204210,vosk-cn,0.5,0.2857,0.3571,0.09090909090909091
00204210,wav2vec2-zh,0.5,0.1429,0.2143,0.25
00204210,paraformer-zh,0.2857,0.0,0.1429,0.14285714285714285
00204210,zipformer-zh-en,0.6429,0.2857,0.4286,0.3
00204210,sense-voice,0.1429,0.0,0.1429,0.14285714285714285
00204226,whisper-tiny,0.4167,0.3333,0.3333,0.125
00204226,whisper-base,0.5833,0.3333,0.3333,0.375
00204226,whisper-small,0.25,0.25,0.25,0.0
00204226,vosk-cn,0.5833,0.3333,0.3333,0.125
00204226,wav2vec2-zh,0.75,0.3333,0.3333,0.25
00204226,paraformer-zh,0.1667,0.1667,0.1667,0.0
00204226,zipformer-zh-en,0.6667,0.4167,0.4167,0.14285714285714285
00204226,sense-voice,0.1667,0.0833,0.1667,0.09090909090909091
00204242,whisper-tiny,0.3846,0.2308,0.3077,0.18181818181818182
00204242,whisper-base,0.2308,0.1538,0.2308,0.08333333333333333
00204242,whisper-small,0.3846,0.2308,0.3077,0.18181818181818182
00204242,vosk-cn,0.6154,0.3077,0.3846,0.3
00204242,wav2vec2-zh,0.7692,0.3077,0.6154,0.5
00204242,paraformer-zh,0.2308,0.0769,0.1538,0.15384615384615385
00204242,zipformer-zh-en,0.3077,0.0769,0.3077,0.23076923076923078
00204242,sense-voice,0.1538,0.1538,0.1538,0.0
00204258,whisper-tiny,0.4286,0.2857,0.4286,0.2
00204258,whisper-base,0.4286,0.4286,0.4286,0.0
00204258,whisper-small,0.4286,0.4286,0.4286,0.0
00204258,vosk-cn,0.4286,0.2857,0.4286,0.2
00204258,wav2vec2-zh,0.4286,0.2857,0.4286,0.2
00204258,paraformer-zh,0.1429,0.1429,0.1429,0.0
00204258,zipformer-zh-en,0.4286,0.2857,0.4286,0.2
00204258,sense-voice,0.1429,0.1429,0.1429,0.0
00204312,whisper-tiny,0.3846,0.3077,0.3077,0.1111111111111111
00204312,whisper-base,0.1538,0.1538,0.0769,0.0
00204312,whisper-small,0.2308,0.1538,0.1538,0.09090909090909091
00204312,vosk-cn,0.3077,0.2308,0.2308,0.1
00204312,wav2vec2-zh,0.3846,0.1538,0.2308,0.18181818181818182
00204312,paraformer-zh,0.0769,0.0769,0.0769,0.0
00204312,zipformer-zh-en,0.2308,0.1538,0.1538,0.09090909090909091
00204312,sense-voice,0.0,0.0,0.0,0.0
00204329,whisper-tiny,0.3846,0.3846,0.3846,0.0
00204329,whisper-base,0.3077,0.2308,0.3077,0.1
00204329,whisper-small,0.3077,0.1538,0.3077,0.18181818181818182
00204329,vosk-cn,0.4615,0.3846,0.3846,0.125
00204329,wav2vec2-zh,0.3846,0.3077,0.3077,0.1111111111111111
00204329,paraformer-zh,0.1538,0.0769,0.1538,0.08333333333333333
00204329,zipformer-zh-en,0.3846,0.2308,0.3077,0.1
00204329,sense-voice,0.0,0.0,0.0,0.0
00204345,whisper-tiny,0.4,0.4,0.3333,0.0
00204345,whisper-base,0.8,0.8,0.5333,0.0
00204345,whisper-small,0.8,0.8,0.6667,0.0
00204345,vosk-cn,1.1333,1.0,0.8667,0.08333333333333333
00204345,wav2vec2-zh,1.0667,1.0667,0.8,0.2222222222222222
00204345,paraformer-zh,0.8,0.8,0.7333,0.0
00204345,zipformer-zh-en,0.8,0.7333,0.4667,0.25
00204345,sense-voice,0.7333,0.7333,0.6667,0.0
00204361,whisper-tiny,0.1,0.1,0.0,0.0
00204361,whisper-base,0.1,0.1,0.0,0.0
00204361,whisper-small,0.1,0.1,0.1,0.0
00204361,vosk-cn,0.1,0.1,0.1,0.0
00204361,wav2vec2-zh,0.5,0.3,0.2,0.14285714285714285
00204361,paraformer-zh,0.0,0.0,0.0,0.0
00204361,zipformer-zh-en,0.2,0.2,0.2,0.0
00204361,sense-voice,0.0,0.0,0.0,0.0
00204415,whisper-tiny,0.3889,0.1667,0.2222,0.06666666666666667
00204415,whisper-base,0.2222,0.0,0.1111,0.1111111111111111
00204415,whisper-small,0.3333,0.0556,0.2222,0.17647058823529413
00204415,vosk-cn,0.2778,0.0556,0.1111,0.11764705882352941
00204415,wav2vec2-zh,0.3889,0.1111,0.2778,0.1875
00204415,paraformer-zh,0.0556,0.0,0.0,0.0
00204415,zipformer-zh-en,0.5556,0.1667,0.3889,0.3333333333333333
00204415,sense-voice,0.0556,0.0,0.0,0.0
00204431,whisper-tiny,0.2222,0.0,0.2222,0.2222222222222222
00204431,whisper-base,0.0,0.0,0.0,0.0
00204431,whisper-small,0.0,0.0,0.0,0.0
00204431,vosk-cn,0.5556,0.4444,0.4444,0.2
00204431,wav2vec2-zh,0.7778,0.4444,0.5556,0.5
00204431,paraformer-zh,0.0,0.0,0.0,0.0
00204431,zipformer-zh-en,0.2222,0.1111,0.1111,0.125
00204431,sense-voice,0.0,0.0,0.0,0.0
00204447,whisper-tiny,0.5833,0.4167,0.5,0.25
00204447,whisper-base,0.5,0.25,0.4167,0.2222222222222222
00204447,whisper-small,0.3333,0.1667,0.25,0.09090909090909091
00204447,vosk-cn,0.6667,0.4167,0.5833,0.25
00204447,wav2vec2-zh,0.5,0.0,0.4167,0.4166666666666667
00204447,paraformer-zh,0.0,0.0,0.0,0.0
00204447,zipformer-zh-en,0.6667,0.25,0.5833,0.4444444444444444
00204447,sense-voice,0.3333,0.0833,0.3333,0.2727272727272727
00204501,whisper-tiny,0.2727,0.1818,0.0909,0.0
00204501,whisper-base,0.4545,0.2727,0.3636,0.125
00204501,whisper-small,0.5455,0.4545,0.3636,0.0
00204501,vosk-cn,0.5455,0.4545,0.3636,0.0
00204501,wav2vec2-zh,0.8182,0.3636,0.5455,0.5714285714285714
00204501,paraformer-zh,0.8182,0.3636,0.6364,0.5714285714285714
00204501,zipformer-zh-en,0.5455,0.2727,0.5455,0.375
00204501,sense-voice,0.4545,0.1818,0.4545,0.3333333333333333
00204517,whisper-tiny,0.6667,0.3333,0.5556,0.5
00204517,whisper-base,0.7778,0.3333,0.4444,0.6666666666666666
00204517,whisper-small,0.4444,0.2222,0.3333,0.14285714285714285
00204517,vosk-cn,0.6667,0.3333,0.6667,0.5
00204517,wav2vec2-zh,1.0,0.4444,0.7778,0.8
00204517,paraformer-zh,0.3333,0.2222,0.3333,0.14285714285714285
00204517,zipformer-zh-en,0.6667,0.3333,0.4444,0.5
00204517,sense-voice,0.4444,0.2222,0.4444,0.2857142857142857
00204533,whisper-tiny,0.6667,0.6667,0.3333,0.0
00204533,whisper-base,0.3333,0.0,0.3333,0.3333333333333333
00204533,whisper-small,0.5,0.1667,0.3333,0.4
00204533,vosk-cn,0.6667,0.5,0.5,0.25
00204533,wav2vec2-zh,0.3333,0.0,0.3333,0.3333333333333333
00204533,paraformer-zh,0.5,0.5,0.1667,0.0
00204533,zipformer-zh-en,0.6667,0.5,0.1667,0.3333333333333333
00204533,sense-voice,0.5,0.5,0.1667,0.0
00204549,whisper-tiny,0.9333,0.6667,0.4667,0.5
00204549,whisper-base,0.6,0.4667,0.5333,0.2222222222222222
00204549,whisper-small,1.0,0.8,0.6667,0.5
00204549,vosk-cn,0.8667,0.7333,0.6667,0.25
00204549,wav2vec2-zh,0.8667,0.6,0.6667,0.5555555555555556
00204549,paraformer-zh,0.8667,0.6,0.6,0.45454545454545453
00204549,zipformer-zh-en,0.7333,0.5333,0.5333,0.3
00204549,sense-voice,0.7333,0.5333,0.6667,0.2727272727272727
00204603,whisper-tiny,0.3125,0.25,0.125,0.08333333333333333
00204603,whisper-base,0.125,0.0625,0.125,0.06666666666666667
00204603,whisper-small,0.25,0.1875,0.1875,0.07692307692307693
00204603,vosk-cn,0.0,0.0,0.0,0.0
00204603,wav2vec2-zh,0.25,0.125,0.1875,0.14285714285714285
00204603,paraformer-zh,0.0,0.0,0.0,0.0
00204603,zipformer-zh-en,0.125,0.0625,0.125,0.06666666666666667
00204603,sense-voice,0.0625,0.0,0.0625,0.0625
00204619,whisper-tiny,0.7692,0.3846,0.3846,0.5
00204619,whisper-base,0.8462,0.3846,0.3846,0.5
00204619,whisper-small,0.7692,0.3846,0.3846,0.5
00204619,vosk-cn,0.7692,0.5385,0.3846,0.42857142857142855
00204619,wav2vec2-zh,0.6923,0.4615,0.3846,0.42857142857142855
00204619,paraformer-zh,0.3846,0.3077,0.3077,0.1111111111111111
00204619,zipformer-zh-en,0.8462,0.3846,0.4615,0.625
00204619,sense-voice,0.4615,0.3077,0.1538,0.1111111111111111
00204635,whisper-tiny,0.4444,0.3333,0.3333,0.16666666666666666
00204635,whisper-base,0.4444,0.3333,0.2222,0.16666666666666666
00204635,whisper-small,0.4444,0.2222,0.2222,0.14285714285714285
00204635,vosk-cn,0.3333,0.1111,0.3333,0.25
00204635,wav2vec2-zh,0.5556,0.2222,0.5556,0.42857142857142855
00204635,paraformer-zh,0.0,0.0,0.0,0.0
00204635,zipformer-zh-en,0.2222,0.1111,0.1111,0.0
00204635,sense-voice,0.0,0.0,0.0,0.0
00204651,whisper-tiny,0.3125,0.125,0.1875,0.13333333333333333
00204651,whisper-base,0.3125,0.125,0.1875,0.13333333333333333
00204651,whisper-small,0.125,0.0625,0.125,0.0625
00204651,vosk-cn,0.25,0.1875,0.125,0.07142857142857142
00204651,wav2vec2-zh,0.4375,0.25,0.3125,0.23076923076923078
00204651,paraformer-zh,0.0625,0.0625,0.0625,0.0
00204651,zipformer-zh-en,0.3125,0.1875,0.1875,0.07142857142857142
00204651,sense-voice,0.0625,0.0625,0.0625,0.0
00200116,whisper-tiny,0.2727,0.2727,0.2727,0.09090909090909091
00200116,whisper-base,0.3636,0.3636,0.2727,0.0
00200116,whisper-small,0.2727,0.2727,0.2727,0.0
00200116,vosk-cn,0.3636,0.3636,0.2727,0.0
00200116,wav2vec2-zh,0.6364,0.4545,0.4545,0.2222222222222222
00200116,paraformer-zh,0.2727,0.2727,0.2727,0.0
00200116,zipformer-zh-en,0.4545,0.4545,0.2727,0.0
00200116,sense-voice,0.2727,0.2727,0.2727,0.0
00200212,whisper-tiny,0.0833,0.0,0.0,0.0
00200212,whisper-base,0.0833,0.0,0.0,0.0
00200212,whisper-small,0.0833,0.0,0.0,0.0
00200212,vosk-cn,0.0833,0.0833,0.0,0.0
00200212,wav2vec2-zh,0.25,0.0833,0.1667,0.09090909090909091
00200212,paraformer-zh,0.0,0.0,0.0,0.0
00200212,zipformer-zh-en,0.1667,0.0833,0.0833,0.0
00200212,sense-voice,0.0,0.0,0.0,0.0
00200308,whisper-tiny,0.0,0.0,0.0,0.0
00200308,whisper-base,0.0,0.0,0.0,0.0
00200308,whisper-small,0.1667,0.1667,0.1667,0.0
00200308,vosk-cn,0.0,0.0,0.0,0.0
00200308,wav2vec2-zh,0.3333,0.3333,0.1667,0.0
00200308,paraformer-zh,0.1667,0.1667,0.0,0.0
00200308,zipformer-zh-en,0.0,0.0,0.0,0.0
00200308,sense-voice,0.1667,0.1667,0.0,0.0
00200404,whisper-tiny,0.0,0.0,0.0,0.0
00200404,whisper-base,0.0,0.0,0.0,0.0
00200404,whisper-small,0.0,0.0,0.0,0.0
00200404,vosk-cn,0.0,0.0,0.0,0.0
00200404,wav2vec2-zh,0.3333,0.1111,0.4444,0.375
00200404,paraformer-zh,0.0,0.0,0.0,0.0
00200404,zipformer-zh-en,0.0,0.0,0.0,0.0
00200404,sense-voice,0.0,0.0,0.0,0.0
00200420,whisper-tiny,0.125,0.0625,0.0625,0.06666666666666667
00200420,whisper-base,0.125,0.125,0.0625,0.0
00200420,whisper-small,0.1875,0.125,0.125,0.07142857142857142
00200420,vosk-cn,0.0625,0.0625,0.0,0.0
00200420,wav2vec2-zh,0.3125,0.125,0.1875,0.21428571428571427
00200420,paraformer-zh,0.0625,0.0625,0.0,0.0
00200420,zipformer-zh-en,0.1875,0.125,0.125,0.07142857142857142
00200420,sense-voice,0.0625,0.0625,0.0,0.0
00200516,whisper-tiny,0.1818,0.0909,0.0909,0.1
00200516,whisper-base,0.3636,0.1818,0.2727,0.1111111111111111
00200516,whisper-small,0.1818,0.1818,0.1818,0.0
00200516,vosk-cn,0.1818,0.0909,0.1818,0.1
00200516,wav2vec2-zh,0.4545,0.1818,0.3636,0.2222222222222222
00200516,paraformer-zh,0.3636,0.3636,0.3636,0.0
00200516,zipformer-zh-en,0.3636,0.2727,0.3636,0.125
00200516,sense-voice,0.0,0.0,0.0,0.0
00200612,whisper-tiny,0.0833,0.0,0.0,0.0
00200612,whisper-base,0.0833,0.0,0.0,0.0
00200612,whisper-small,0.0833,0.0,0.0,0.0
00200612,vosk-cn,0.0,0.0,0.0,0.0
00200612,wav2vec2-zh,0.0833,0.0833,0.0833,0.0
00200612,paraformer-zh,0.0,0.0,0.0,0.0
00200612,zipformer-zh-en,0.0833,0.0,0.0,0.0
00200612,sense-voice,0.0,0.0,0.0,0.0
00200708,whisper-tiny,0.3333,0.1667,0.0,0.0
00200708,whisper-base,0.1667,0.0,0.0,0.0
00200708,whisper-small,0.0,0.0,0.0,0.0
00200708,vosk-cn,0.0,0.0,0.0,0.0
00200708,wav2vec2-zh,0.0,0.0,0.0,0.0
00200708,paraformer-zh,0.0,0.0,0.0,0.0
00200708,zipformer-zh-en,0.0,0.0,0.0,0.0
00200708,sense-voice,0.0,0.0,0.0,0.0
00200804,whisper-tiny,0.1111,0.1111,0.1111,0.0
00200804,whisper-base,0.2222,0.2222,0.1111,0.0
00200804,whisper-small,0.1111,0.1111,0.1111,0.0
00200804,vosk-cn,0.4444,0.4444,0.2222,0.0
00200804,wav2vec2-zh,0.4444,0.2222,0.2222,0.14285714285714285
00200804,paraformer-zh,0.1111,0.1111,0.1111,0.0
00200804,zipformer-zh-en,0.3333,0.2222,0.3333,0.14285714285714285
00200804,sense-voice,0.0,0.0,0.0,0.0
00200820,whisper-tiny,0.375,0.1875,0.375,0.21428571428571427
00200820,whisper-base,0.3125,0.25,0.3125,0.08333333333333333
00200820,whisper-small,0.4375,0.3125,0.375,0.18181818181818182
00200820,vosk-cn,0.8125,0.5625,0.5625,0.4
00200820,wav2vec2-zh,0.8125,0.25,0.75,0.6923076923076923
00200820,paraformer-zh,0.125,0.125,0.125,0.0
00200820,zipformer-zh-en,0.5625,0.3125,0.5,0.25
00200820,sense-voice,0.0625,0.0625,0.0625,0.0
00200916,whisper-tiny,0.0,0.0,0.0,0.0
00200916,whisper-base,0.0,0.0,0.0,0.0
00200916,whisper-small,0.0,0.0,0.0,0.0
00200916,vosk-cn,0.0,0.0,0.0,0.0
00200916,wav2vec2-zh,0.0,0.0,0.0,0.0
00200916,paraformer-zh,0.0,0.0,0.0,0.0
00200916,zipformer-zh-en,0.0,0.0,0.0,0.0
00200916,sense-voice,0.0,0.0,0.0,0.0
00201012,whisper-tiny,0.0833,0.0,0.0,0.0
00201012,whisper-base,0.1667,0.0833,0.0,0.0
00201012,whisper-small,0.0833,0.0,0.0,0.0
00201012,vosk-cn,0.3333,0.3333,0.25,0.0
00201012,wav2vec2-zh,0.1667,0.1667,0.1667,0.0
00201012,paraformer-zh,0.0,0.0,0.0,0.0
00201012,zipformer-zh-en,0.0833,0.0,0.0,0.0
00201012,sense-voice,0.0,0.0,0.0,0.0
00201108,whisper-tiny,0.0,0.0,0.0,0.0
00201108,whisper-base,0.1667,0.1667,0.1667,0.0
00201108,whisper-small,0.0,0.0,0.0,0.0
00201108,vosk-cn,0.1667,0.1667,0.1667,0.0
00201108,wav2vec2-zh,0.5,0.3333,0.5,0.25
00201108,paraformer-zh,0.0,0.0,0.0,0.0
00201108,zipformer-zh-en,0.0,0.0,0.0,0.0
00201108,sense-voice,0.0,0.0,0.0,0.0
00201204,whisper-tiny,0.0,0.0,0.0,0.0
00201204,whisper-base,0.0,0.0,0.0,0.0
00201204,whisper-small,0.0,0.0,0.0,0.0
00201204,vosk-cn,0.0,0.0,0.0,0.0
00201204,wav2vec2-zh,0.2222,0.1111,0.1111,0.0
00201204,paraformer-zh,0.0,0.0,0.0,0.0
00201204,zipformer-zh-en,0.0,0.0,0.0,0.0
00201204,sense-voice,0.0,0.0,0.0,0.0
00201220,whisper-tiny,0.5,0.4375,0.375,0.07142857142857142
00201220,whisper-base,0.4375,0.375,0.375,0.06666666666666667
00201220,whisper-small,0.4375,0.4375,0.3125,0.0
00201220,vosk-cn,0.625,0.5625,0.5,0.09090909090909091
00201220,wav2vec2-zh,0.5,0.4375,0.4375,0.07142857142857142
00201220,paraformer-zh,0.375,0.375,0.3125,0.0
00201220,zipformer-zh-en,0.375,0.375,0.3125,0.0
00201220,sense-voice,0.375,0.375,0.3125,0.0
00201316,whisper-tiny,0.0,0.0,0.0,0.0
00201316,whisper-base,0.0,0.0,0.0,0.0
00201316,whisper-small,0.0,0.0,0.0,0.0
00201316,vosk-cn,0.0,0.0,0.0,0.0
00201316,wav2vec2-zh,0.1818,0.0909,0.0,0.0
00201316,paraformer-zh,0.0,0.0,0.0,0.0
00201316,zipformer-zh-en,0.0,0.0,0.0,0.0
00201316,sense-voice,0.0,0.0,0.0,0.0
00201412,whisper-tiny,0.0833,0.0,0.0,0.0
00201412,whisper-base,0.0833,0.0,0.0,0.0
00201412,whisper-small,0.0833,0.0,0.0,0.0
00201412,vosk-cn,0.0,0.0,0.0,0.0
00201412,wav2vec2-zh,0.1667,0.0833,0.0833,0.0
00201412,paraformer-zh,0.0,0.0,0.0,0.0
00201412,zipformer-zh-en,0.0833,0.0,0.0,0.0
00201412,sense-voice,0.0,0.0,0.0,0.0
00201508,whisper-tiny,0.3333,0.3333,0.3333,0.0
00201508,whisper-base,0.3333,0.3333,0.3333,0.0
00201508,whisper-small,0.3333,0.3333,0.3333,0.0
00201508,vosk-cn,0.0,0.0,0.0,0.0
00201508,wav2vec2-zh,0.1667,0.1667,0.1667,0.0
00201508,paraformer-zh,0.0,0.0,0.0,0.0
00201508,zipformer-zh-en,0.1667,0.1667,0.1667,0.0
00201508,sense-voice,0.0,0.0,0.0,0.0
00201604,whisper-tiny,0.1111,0.1111,0.0,0.0
00201604,whisper-base,0.0,0.0,0.0,0.0
00201604,whisper-small,0.0,0.0,0.0,0.0
00201604,vosk-cn,0.1111,0.0,0.2222,0.2222222222222222
00201604,wav2vec2-zh,0.1111,0.0,0.2222,0.2222222222222222
00201604,paraformer-zh,0.0,0.0,0.0,0.0
00201604,zipformer-zh-en,0.0,0.0,0.0,0.0
00201604,sense-voice,0.0,0.0,0.0,0.0
00201620,whisper-tiny,0.125,0.125,0.0625,0.0
00201620,whisper-base,0.0625,0.0625,0.0,0.0
00201620,whisper-small,0.0625,0.0625,0.0,0.0
00201620,vosk-cn,0.0,0.0,0.0,0.0
00201620,wav2vec2-zh,0.25,0.25,0.1875,0.0
00201620,paraformer-zh,0.0,0.0,0.0,0.0
00201620,zipformer-zh-en,0.125,0.125,0.0625,0.0
00201620,sense-voice,0.0,0.0,0.0,0.0
00201745,whisper-tiny,0.25,0.0,0.25,0.25
00201745,whisper-base,0.125,0.0,0.125,0.125
00201745,whisper-small,0.125,0.0,0.125,0.125
00201745,vosk-cn,0.125,0.0,0.125,0.125
00201745,wav2vec2-zh,0.125,0.0,0.125,0.125
00201745,paraformer-zh,0.0,0.0,0.0,0.0
00201745,zipformer-zh-en,0.25,0.0,0.25,0.25
00201745,sense-voice,0.125,0.125,0.0,0.0
00201803,whisper-tiny,0.75,0.75,0.625,0.0
00201803,whisper-base,0.25,0.25,0.25,0.0
00201803,whisper-small,0.0,0.0,0.0,0.0
00201803,vosk-cn,0.0,0.0,0.0,0.0
00201803,wav2vec2-zh,0.375,0.125,0.375,0.2857142857142857
00201803,paraformer-zh,0.0,0.0,0.0,0.0
00201803,zipformer-zh-en,0.0,0.0,0.0,0.0
00201803,sense-voice,0.0,0.0,0.0,0.0
00201819,whisper-tiny,0.2857,0.1429,0.1429,0.16666666666666666
00201819,whisper-base,0.2857,0.1429,0.1429,0.16666666666666666
00201819,whisper-small,0.2857,0.1429,0.1429,0.16666666666666666
00201819,vosk-cn,0.8571,0.5714,0.4286,0.5
00201819,wav2vec2-zh,0.5714,0.1429,0.2857,0.5
00201819,paraformer-zh,0.0,0.0,0.0,0.0
00201819,zipformer-zh-en,0.4286,0.2857,0.2857,0.2
00201819,sense-voice,0.0,0.0,0.0,0.0
00201915,whisper-tiny,0.2857,0.1429,0.1429,0.16666666666666666
00201915,whisper-base,0.0,0.0,0.0,0.0
00201915,whisper-small,0.0,0.0,0.0,0.0
00201915,vosk-cn,0.4286,0.4286,0.2857,0.0
00201915,wav2vec2-zh,0.5714,0.5714,0.5714,0.0
00201915,paraformer-zh,0.2857,0.2857,0.2857,0.0
00201915,zipformer-zh-en,0.5714,0.4286,0.5714,0.16666666666666666
00201915,sense-voice,0.8571,0.8571,0.8571,0.0
00202011,whisper-tiny,0.5556,0.5556,0.5556,0.0
00202011,whisper-base,0.3333,0.3333,0.2222,0.0
00202011,whisper-small,0.0,0.0,0.0,0.0
00202011,vosk-cn,0.2222,0.2222,0.1111,0.0
00202011,wav2vec2-zh,0.1111,0.1111,0.1111,0.0
00202011,paraformer-zh,0.0,0.0,0.0,0.0
00202011,zipformer-zh-en,0.1111,0.1111,0.1111,0.0
00202011,sense-voice,0.0,0.0,0.0,0.0
00202107,whisper-tiny,0.3,0.2,0.2,0.125
00202107,whisper-base,0.2,0.1,0.2,0.1111111111111111
00202107,whisper-small,0.3,0.1,0.3,0.2222222222222222
00202107,vosk-cn,0.4,0.3,0.3,0.14285714285714285
00202107,wav2vec2-zh,0.4,0.0,0.3,0.3
00202107,paraformer-zh,0.0,0.0,0.0,0.0
00202107,zipformer-zh-en,0.2,0.2,0.2,0.0
00202107,sense-voice,0.0,0.0,0.0,0.0
00202203,whisper-tiny,0.0,0.0,0.0,0.0
00202203,whisper-base,0.625,0.625,0.375,0.0
00202203,whisper-small,0.0,0.0,0.0,0.0
00202203,vosk-cn,0.0,0.0,0.0,0.0
00202203,wav2vec2-zh,0.0,0.0,0.0,0.0
00202203,paraformer-zh,0.0,0.0,0.0,0.0
00202203,zipformer-zh-en,0.25,0.0,0.25,0.25
00202203,sense-voice,0.0,0.0,0.0,0.0
00202219,whisper-tiny,0.0,0.0,0.0,0.0
00202219,whisper-base,0.1429,0.1429,0.0,0.0
00202219,whisper-small,0.1429,0.1429,0.0,0.0
00202219,vosk-cn,0.4286,0.2857,0.4286,0.2
00202219,wav2vec2-zh,0.5714,0.2857,0.5714,0.4
00202219,paraformer-zh,0.0,0.0,0.0,0.0
00202219,zipformer-zh-en,0.0,0.0,0.0,0.0
00202219,sense-voice,0.1429,0.1429,0.0,0.0
00202315,whisper-tiny,0.2778,0.1667,0.0556,0.0
00202315,whisper-base,0.1111,0.0,0.0,0.0
00202315,whisper-small,0.1111,0.1111,0.1111,0.0
00202315,vosk-cn,0.3333,0.2778,0.1111,0.0
00202315,wav2vec2-zh,0.3333,0.1667,0.0556,0.06666666666666667
00202315,paraformer-zh,0.1111,0.0556,0.0556,0.0
00202315,zipformer-zh-en,0.3889,0.2778,0.2222,0.07142857142857142
00202315,sense-voice,0.1111,0.0556,0.0,0.0
00202331,whisper-tiny,0.5556,0.4444,0.4444,0.125
00202331,whisper-base,0.4444,0.4444,0.4444,0.0
00202331,whisper-small,0.4444,0.4444,0.3333,0.0
00202331,vosk-cn,0.7778,0.6667,0.7778,0.14285714285714285
00202331,wav2vec2-zh,0.5556,0.5556,0.5556,0.0
00202331,paraformer-zh,0.4444,0.4444,0.4444,0.0
00202331,zipformer-zh-en,0.5556,0.5556,0.4444,0.0
00202331,sense-voice,0.4444,0.4444,0.4444,0.0
00202347,whisper-tiny,0.5,0.1667,0.25,0.16666666666666666
00202347,whisper-base,0.25,0.1667,0.1667,0.0
00202347,whisper-small,0.3333,0.25,0.25,0.0
00202347,vosk-cn,0.25,0.25,0.25,0.0
00202347,wav2vec2-zh,0.3333,0.1667,0.1667,0.0
00202347,paraformer-zh,0.25,0.1667,0.1667,0.0
00202347,zipformer-zh-en,0.1667,0.1667,0.1667,0.0
00202347,sense-voice,0.25,0.1667,0.1667,0.0
00202401,whisper-tiny,0.3636,0.2727,0.1818,0.0
00202401,whisper-base,0.2727,0.0909,0.0,0.0
00202401,whisper-small,0.2727,0.0909,0.0,0.0
00202401,vosk-cn,0.2727,0.0909,0.0,0.0
00202401,wav2vec2-zh,0.1818,0.0,0.0,0.0
00202401,paraformer-zh,0.0909,0.0,0.0,0.0
00202401,zipformer-zh-en,0.0909,0.0,0.0,0.0
00202401,sense-voice,0.0909,0.0,0.0,0.0
00202417,whisper-tiny,0.2222,0.0,0.1111,0.1111111111111111
00202417,whisper-base,0.3333,0.1111,0.1111,0.125
00202417,whisper-small,0.3333,0.1111,0.2222,0.125
00202417,vosk-cn,0.3333,0.1111,0.1111,0.125
00202417,wav2vec2-zh,0.2222,0.1111,0.0,0.0
00202417,paraformer-zh,0.0,0.0,0.0,0.0
00202417,zipformer-zh-en,0.0,0.0,0.0,0.0
00202417,sense-voice,0.0,0.0,0.0,0.0
00202433,whisper-tiny,0.1667,0.1667,0.0,0.0
00202433,whisper-base,0.1667,0.0,0.0,0.0
00202433,whisper-small,0.1667,0.0,0.1667,0.16666666666666666
00202433,vosk-cn,0.1667,0.1667,0.1667,0.0
00202433,wav2vec2-zh,0.3333,0.1667,0.0,0.0
00202433,paraformer-zh,0.1667,0.1667,0.1667,0.0
00202433,zipformer-zh-en,0.3333,0.1667,0.1667,0.0
00202433,sense-voice,0.1667,0.1667,0.1667,0.0
00202449,whisper-tiny,0.1333,0.1333,0.0667,0.0
00202449,whisper-base,0.0667,0.0667,0.0,0.0
00202449,whisper-small,0.2,0.2,0.1333,0.0
00202449,vosk-cn,0.4667,0.4667,0.4,0.0
00202449,wav2vec2-zh,0.4667,0.4,0.4,0.07692307692307693
00202449,paraformer-zh,0.4667,0.4667,0.4,0.0
00202449,zipformer-zh-en,0.4667,0.4667,0.4,0.0
00202449,sense-voice,0.4667,0.4667,0.4,0.0
00202503,whisper-tiny,0.0,0.0,0.0,0.0
00202503,whisper-base,0.0,0.0,0.0,0.0
00202503,whisper-small,0.0,0.0,0.0,0.0
00202503,vosk-cn,0.0,0.0,0.0,0.0
00202503,wav2vec2-zh,0.125,0.125,0.0625,0.0
00202503,paraformer-zh,0.0,0.0,0.0,0.0
00202503,zipformer-zh-en,0.0,0.0,0.0,0.0
00202503,sense-voice,0.0,0.0,0.0,0.0
00202519,whisper-tiny,0.4615,0.3077,0.0769,0.1111111111111111
00202519,whisper-base,0.3077,0.1538,0.0769,0.0
00202519,whisper-small,0.3077,0.1538,0.0769,0.0
00202519,vosk-cn,0.2308,0.1538,0.1538,0.09090909090909091
00202519,wav2vec2-zh,0.3846,0.1538,0.0769,0.0
00202519,paraformer-zh,0.0769,0.0769,0.0769,0.0
00202519,zipformer-zh-en,0.3077,0.1538,0.1538,0.09090909090909091
00202519,sense-voice,0.0769,0.0769,0.0769,0.0
00202606,whisper-tiny,0.25,0.1875,0.1875,0.07142857142857142
00202606,whisper-base,0.4375,0.1875,0.25,0.21428571428571427
00202606,whisper-small,0.3125,0.125,0.125,0.06666666666666667
00202606,vosk-cn,0.5,0.375,0.5,0.14285714285714285
00202606,wav2vec2-zh,0.4375,0.25,0.3125,0.21428571428571427
00202606,paraformer-zh,0.375,0.3125,0.3125,0.06666666666666667
00202606,zipformer-zh-en,0.5,0.375,0.4375,0.14285714285714285
00202606,sense-voice,0.25,0.25,0.25,0.0
00202622,whisper-tiny,0.5,0.25,0.4,0.23529411764705882
00202622,whisper-base,0.6,0.3,0.45,0.25
00202622,whisper-small,0.3,0.15,0.25,0.10526315789473684
00202622,vosk-cn,0.35,0.25,0.35,0.11764705882352941
00202622,wav2vec2-zh,0.6,0.3,0.45,0.2857142857142857
00202622,paraformer-zh,0.25,0.15,0.25,0.10526315789473684
00202622,zipformer-zh-en,0.85,0.85,0.8,0.0
00202622,sense-voice,0.4,0.25,0.35,0.17647058823529413
00202638,whisper-tiny,0.7778,0.6667,0.2222,0.0
00202638,whisper-base,0.6667,0.5556,0.1111,0.0
00202638,whisper-small,0.8889,0.5556,0.5556,0.4
00202638,vosk-cn,1.1111,0.8889,0.6667,0.3333333333333333
00202638,wav2vec2-zh,1.0,0.6667,0.6667,0.4
00202638,paraformer-zh,0.7778,0.6667,0.4444,0.0
00202638,zipformer-zh-en,0.8889,0.6667,0.4444,0.2
00202638,sense-voice,1.0,0.6667,0.5556,0.2
00202654,whisper-tiny,0.4444,0.2222,0.3889,0.2857142857142857
00202654,whisper-base,0.7222,0.2778,0.5556,0.6153846153846154
00202654,whisper-small,0.5,0.2778,0.4444,0.3076923076923077
00202654,vosk-cn,0.6111,0.3889,0.4444,0.36363636363636365
00202654,wav2vec2-zh,0.5,0.2778,0.4444,0.3076923076923077
00202654,paraformer-zh,0.2222,0.2222,0.2222,0.07142857142857142
00202654,zipformer-zh-en,0.5556,0.3333,0.3889,0.3333333333333333
00202654,sense-voice,0.2778,0.2222,0.2778,0.14285714285714285
00202708,whisper-tiny,0.8889,0.8889,0.8889,0.0
00202708,whisper-base,0.0,0.0,0.0,0.0
00202708,whisper-small,0.4444,0.4444,0.4444,0.0
00202708,vosk-cn,0.7778,0.6667,0.6667,0.125
00202708,wav2vec2-zh,0.8889,0.5556,0.8889,0.3333333333333333
00202708,paraformer-zh,0.6667,0.5556,0.5556,0.125
00202708,zipformer-zh-en,0.7778,0.6667,0.6667,0.125
00202708,sense-voice,0.5556,0.5556,0.5556,0.0
00202724,whisper-tiny,0.1667,0.1667,0.0833,0.0
00202724,whisper-base,0.1667,0.0833,0.0833,0.09090909090909091
00202724,whisper-small,0.3333,0.25,0.1667,0.1111111111111111
00202724,vosk-cn,0.25,0.1667,0.1667,0.1
00202724,wav2vec2-zh,0.4167,0.25,0.0833,0.1111111111111111
00202724,paraformer-zh,0.1667,0.0833,0.0833,0.09090909090909091
00202724,zipformer-zh-en,0.0833,0.0833,0.0,0.0
00202724,sense-voice,0.25,0.0833,0.0833,0.09090909090909091
00202740,whisper-tiny,0.8182,0.6364,0.6364,0.125
00202740,whisper-base,0.7273,0.6364,0.5455,0.14285714285714285
00202740,whisper-small,0.6364,0.6364,0.6364,0.0
00202740,vosk-cn,0.9091,1.0,0.9091,0.0
00202740,wav2vec2-zh,0.5455,0.3636,0.3636,0.25
00202740,paraformer-zh,0.3636,0.3636,0.3636,0.0
00202740,zipformer-zh-en,0.6364,0.5455,0.6364,0.1111111111111111
00202740,sense-voice,0.4545,0.4545,0.4545,0.0
00202756,whisper-tiny,1.0833,1.0,0.8333,0.1111111111111111
00202756,whisper-base,0.0833,0.0833,0.0833,0.0
00202756,whisper-small,0.0833,0.0833,0.0833,0.0
00202756,vosk-cn,0.6667,0.6667,0.5833,0.0
00202756,wav2vec2-zh,0.75,0.6667,0.6667,0.1
00202756,paraformer-zh,0.5833,0.5833,0.5833,0.0
00202756,zipformer-zh-en,0.5833,0.5833,0.5833,0.0
00202756,sense-voice,0.5833,0.5833,0.5833,0.0
00202810,whisper-tiny,0.2143,0.2143,0.2143,0.0
00202810,whisper-base,0.2143,0.1429,0.1429,0.0
00202810,whisper-small,0.2143,0.1429,0.0714,0.0
00202810,vosk-cn,0.5714,0.3571,0.3571,0.2
00202810,wav2vec2-zh,0.4286,0.2143,0.2857,0.18181818181818182
00202810,paraformer-zh,0.0714,0.0714,0.0,0.0
00202810,zipformer-zh-en,0.3571,0.2857,0.2143,0.1
00202810,sense-voice,0.1429,0.0714,0.1429,0.07692307692307693
00202826,whisper-tiny,0.9167,0.75,0.5833,0.6
00202826,whisper-base,0.9167,0.6667,0.4167,0.5
00202826,whisper-small,0.75,0.5833,0.4167,0.14285714285714285
00202826,vosk-cn,0.8333,0.5833,0.4167,0.42857142857142855
00202826,wav2vec2-zh,0.9167,0.6667,0.3333,0.5
00202826,paraformer-zh,0.25,0.25,0.25,0.0
00202826,zipformer-zh-en,0.5,0.4167,0.25,0.125
00202826,sense-voice,0.3333,0.3333,0.25,0.0
00202842,whisper-tiny,0.6154,0.3846,0.4615,0.3333333333333333
00202842,whisper-base,0.4615,0.3846,0.3077,0.1111111111111111
00202842,whisper-small,0.3077,0.2308,0.2308,0.09090909090909091
00202842,vosk-cn,0.6154,0.5385,0.3077,0.14285714285714285
00202842,wav2vec2-zh,0.7692,0.4615,0.4615,0.5
00202842,paraformer-zh,0.2308,0.1538,0.1538,0.08333333333333333
00202842,zipformer-zh-en,0.5385,0.3077,0.3846,0.3
00202842,sense-voice,0.3077,0.2308,0.1538,0.09090909090909091
00202858,whisper-tiny,0.1429,0.0,0.1429,0.14285714285714285
00202858,whisper-base,0.2857,0.0,0.2857,0.2857142857142857
00202858,whisper-small,0.1429,0.0,0.1429,0.14285714285714285
00202858,vosk-cn,0.5714,0.2857,0.5714,0.4
00202858,wav2vec2-zh,0.2857,0.0,0.2857,0.2857142857142857
00202858,paraformer-zh,0.4286,0.1429,0.4286,0.3333333333333333
00202858,zipformer-zh-en,0.4286,0.1429,0.4286,0.3333333333333333
00202858,sense-voice,0.1429,0.0,0.1429,0.14285714285714285
00202912,whisper-tiny,0.0769,0.0769,0.0769,0.0
00202912,whisper-base,0.0769,0.0769,0.0769,0.0
00202912,whisper-small,0.0,0.0,0.0,0.0
00202912,vosk-cn,0.0,0.0,0.0,0.0
00202912,wav2vec2-zh,0.3077,0.1538,0.2308,0.09090909090909091
00202912,paraformer-zh,0.0,0.0,0.0,0.0
00202912,zipformer-zh-en,0.0769,0.0769,0.0769,0.0
00202912,sense-voice,0.0769,0.0769,0.0769,0.0
00202928,whisper-tiny,0.3,0.2,0.1,0.125
00202928,whisper-base,0.0,0.0,0.0,0.0
00202928,whisper-small,0.0,0.0,0.0,0.0
00202928,vosk-cn,0.0,0.0,0.0,0.0
00202928,wav2vec2-zh,0.3,0.2,0.2,0.125
00202928,paraformer-zh,0.0,0.0,0.0,0.0
00202928,zipformer-zh-en,0.1,0.1,0.0,0.0
00202928,sense-voice,0.0,0.0,0.0,0.0
00202944,whisper-tiny,0.4444,0.1111,0.2222,0.125
00202944,whisper-base,0.2222,0.1111,0.1111,0.0
00202944,whisper-small,0.2222,0.1111,0.1111,0.0
00202944,vosk-cn,0.2222,0.1111,0.1111,0.0
00202944,wav2vec2-zh,0.3333,0.1111,0.1111,0.0
00202944,paraformer-zh,0.1111,0.1111,0.1111,0.0
00202944,zipformer-zh-en,0.1111,0.1111,0.1111,0.0
00202944,sense-voice,0.1111,0.1111,0.1111,0.0
00202960,whisper-tiny,0.1,0.1,0.0,0.0
00202960,whisper-base,0.0,0.0,0.0,0.0
00202960,whisper-small,0.0,0.0,0.0,0.0
00202960,vosk-cn,0.1,0.1,0.0,0.0
00202960,wav2vec2-zh,0.1,0.0,0.0,0.0
00202960,paraformer-zh,0.0,0.0,0.0,0.0
00202960,zipformer-zh-en,0.0,0.0,0.0,0.0
00202960,sense-voice,0.0,0.0,0.0,0.0
00203014,whisper-tiny,0.5789,0.3158,0.4737,0.38461538461538464
00203014,whisper-base,0.4211,0.2632,0.2632,0.14285714285714285
00203014,whisper-small,0.4211,0.1579,0.3684,0.25
00203014,vosk-cn,0.6316,0.5263,0.4211,0.2
00203014,wav2vec2-zh,0.5263,0.3158,0.4211,0.3076923076923077
00203014,paraformer-zh,0.2632,0.1579,0.2632,0.125
00203014,zipformer-zh-en,0.3684,0.2632,0.3684,0.14285714285714285
00203014,sense-voice,0.1579,0.1579,0.1053,0.0
00203101,whisper-tiny,0.6364,0.3636,0.5455,0.2857142857142857
00203101,whisper-base,0.4545,0.3636,0.3636,0.0
00203101,whisper-small,0.4545,0.3636,0.3636,0.0
00203101,vosk-cn,0.5455,0.4545,0.3636,0.16666666666666666
00203101,wav2vec2-zh,0.6364,0.3636,0.3636,0.0
00203101,paraformer-zh,0.4545,0.3636,0.3636,0.0
00203101,zipformer-zh-en,0.4545,0.3636,0.2727,0.0
00203101,sense-voice,0.4545,0.3636,0.3636,0.0
00203117,whisper-tiny,0.4444,0.3333,0.3333,0.16666666666666666
00203117,whisper-base,0.4444,0.3333,0.3333,0.16666666666666666
00203117,whisper-small,0.5556,0.4444,0.4444,0.16666666666666666
00203117,vosk-cn,0.7778,0.5556,0.5556,0.25
00203117,wav2vec2-zh,0.7778,0.3333,0.4444,0.3333333333333333
00203117,paraformer-zh,0.6667,0.4444,0.4444,0.4
00203117,zipformer-zh-en,0.4444,0.2222,0.3333,0.2857142857142857
00203117,sense-voice,0.5556,0.3333,0.3333,0.3333333333333333
00203133,whisper-tiny,0.6667,0.6667,0.3333,0.0
00203133,whisper-base,0.1667,0.1667,0.1667,0.0
00203133,whisper-small,0.3333,0.1667,0.1667,0.2
00203133,vosk-cn,0.6667,0.5,0.3333,0.3333333333333333
00203133,wav2vec2-zh,0.6667,0.5,0.3333,0.3333333333333333
00203133,paraformer-zh,0.1667,0.1667,0.1667,0.0
00203133,zipformer-zh-en,0.3333,0.3333,0.3333,0.0
00203133,sense-voice,0.3333,0.1667,0.3333,0.2
00203149,whisper-tiny,0.4,0.4,0.3333,0.0
00203149,whisper-base,0.3333,0.2,0.3333,0.16666666666666666
00203149,whisper-small,0.4,0.3333,0.4,0.1
00203149,vosk-cn,0.4667,0.4667,0.4,0.0
00203149,wav2vec2-zh,0.6,0.4,0.4667,0.3333333333333333
00203149,paraformer-zh,0.2,0.2,0.2,0.0
00203149,zipformer-zh-en,0.3333,0.2667,0.3333,0.09090909090909091
00203149,sense-voice,0.2,0.2,0.2,0.0
00203203,whisper-tiny,0.125,0.0625,0.0625,0.06666666666666667
00203203,whisper-base,0.0,0.0,0.0,0.0
00203203,whisper-small,0.0,0.0,0.0,0.0
00203203,vosk-cn,0.0,0.0,0.0,0.0
00203203,wav2vec2-zh,0.25,0.125,0.1875,0.14285714285714285
00203203,paraformer-zh,0.0,0.0,0.0,0.0
00203203,zipformer-zh-en,0.0,0.0,0.0,0.0
00203203,sense-voice,0.0,0.0,0.0,0.0
00203219,whisper-tiny,0.2308,0.1538,0.0769,0.09090909090909091
00203219,whisper-base,0.3846,0.1538,0.1538,0.09090909090909091
00203219,whisper-small,0.3077,0.2308,0.1538,0.1
00203219,vosk-cn,0.5385,0.4615,0.2308,0.0
00203219,wav2vec2-zh,0.4615,0.1538,0.2308,0.18181818181818182
00203219,paraformer-zh,0.3077,0.2308,0.1538,0.0
00203219,zipformer-zh-en,0.5385,0.3077,0.2308,0.1111111111111111
00203219,sense-voice,0.2308,0.1538,0.0769,0.0
00203309,whisper-tiny,0.5,0.1667,0.5,0.5
00203309,whisper-base,0.5833,0.3333,0.3333,0.25
00203309,whisper-small,0.0833,0.0833,0.0833,0.0
00203309,vosk-cn,0.0,0.0,0.0,0.0
00203309,wav2vec2-zh,0.3333,0.0833,0.3333,0.36363636363636365
00203309,paraformer-zh,0.0,0.0,0.0,0.0
00203309,zipformer-zh-en,0.4167,0.0833,0.25,0.18181818181818182
00203309,sense-voice,0.0,0.0,0.0,0.0
00203325,whisper-tiny,0.25,0.0833,0.0833,0.0
00203325,whisper-base,0.0833,0.0833,0.0833,0.0
00203325,whisper-small,0.0833,0.0833,0.0833,0.0
00203325,vosk-cn,0.0833,0.0833,0.0833,0.0
00203325,wav2vec2-zh,0.0833,0.0833,0.0833,0.0
00203325,paraformer-zh,0.0833,0.0833,0.0833,0.0
00203325,zipformer-zh-en,0.0833,0.0833,0.0833,0.0
00203325,sense-voice,0.0833,0.0833,0.0833,0.0
00203341,whisper-tiny,1.0,1.0,1.0,0.0
00203341,whisper-base,1.0,1.0,1.0,0.0
00203341,whisper-small,1.125,1.125,1.125,0.0
00203341,vosk-cn,1.0,1.0,1.0,0.0
00203341,wav2vec2-zh,1.0,1.0,1.0,0.0
00203341,paraformer-zh,1.0,1.0,1.0,0.0
00203341,zipformer-zh-en,1.0,1.0,1.0,0.0
00203341,sense-voice,1.0,1.0,1.0,0.0
00203357,whisper-tiny,0.25,0.0,0.125,0.125
00203357,whisper-base,0.5,0.375,0.25,0.0
00203357,whisper-small,0.375,0.25,0.375,0.16666666666666666
00203357,vosk-cn,0.375,0.125,0.125,0.0
00203357,wav2vec2-zh,0.625,0.375,0.375,0.0
00203357,paraformer-zh,0.0,0.0,0.0,0.0
00203357,zipformer-zh-en,0.375,0.125,0.125,0.0
00203357,sense-voice,0.0,0.0,0.0,0.0
00203411,whisper-tiny,0.3846,0.0769,0.1538,0.08333333333333333
00203411,whisper-base,0.3846,0.0,0.0769,0.07692307692307693
00203411,whisper-small,0.2308,0.0769,0.0769,0.0
00203411,vosk-cn,0.3077,0.0769,0.1538,0.08333333333333333
00203411,wav2vec2-zh,0.3846,0.0769,0.1538,0.08333333333333333
00203411,paraformer-zh,0.0769,0.0769,0.0769,0.0
00203411,zipformer-zh-en,0.3077,0.0769,0.1538,0.08333333333333333
00203411,sense-voice,0.1538,0.0769,0.0769,0.0
00203427,whisper-tiny,0.1667,0.0,0.0833,0.08333333333333333
00203427,whisper-base,0.0833,0.0,0.0,0.0
00203427,whisper-small,0.0,0.0,0.0,0.0
00203427,vosk-cn,0.0,0.0,0.0,0.0
00203427,wav2vec2-zh,0.0833,0.0,0.0,0.0
00203427,paraformer-zh,0.0,0.0,0.0,0.0
00203427,zipformer-zh-en,0.0,0.0,0.0,0.0
00203427,sense-voice,0.0,0.0,0.0,0.0
00203514,whisper-tiny,0.4737,0.2105,0.2632,0.2
00203514,whisper-base,0.3684,0.1053,0.2632,0.29411764705882354
00203514,whisper-small,0.4211,0.1053,0.2105,0.23529411764705882
00203514,vosk-cn,0.4211,0.2632,0.2105,0.14285714285714285
00203514,wav2vec2-zh,0.5789,0.2632,0.4211,0.35714285714285715
00203514,paraformer-zh,0.1579,0.0,0.1053,0.10526315789473684
00203514,zipformer-zh-en,0.4211,0.1579,0.2632,0.25
00203514,sense-voice,0.1579,0.0526,0.1579,0.1111111111111111
00203601,whisper-tiny,0.4545,0.1818,0.0909,0.0
00203601,whisper-base,0.4545,0.1818,0.1818,0.1111111111111111
00203601,whisper-small,0.5455,0.1818,0.0909,0.1111111111111111
00203601,vosk-cn,0.2727,0.0,0.0909,0.09090909090909091
00203601,wav2vec2-zh,0.3636,0.1818,0.0909,0.1111111111111111
00203601,paraformer-zh,0.1818,0.0,0.0909,0.09090909090909091
00203601,zipformer-zh-en,0.2727,0.0,0.0909,0.09090909090909091
00203601,sense-voice,0.2727,0.0,0.0909,0.09090909090909091
00203617,whisper-tiny,0.4444,0.4444,0.3333,0.0
00203617,whisper-base,0.3333,0.3333,0.2222,0.0
00203617,whisper-small,0.3333,0.2222,0.2222,0.14285714285714285
00203617,vosk-cn,0.5556,0.3333,0.4444,0.3333333333333333
00203617,wav2vec2-zh,0.4444,0.3333,0.2222,0.16666666666666666
00203617,paraformer-zh,0.3333,0.2222,0.3333,0.14285714285714285
00203617,zipformer-zh-en,0.5556,0.3333,0.4444,0.3333333333333333
00203617,sense-voice,0.4444,0.3333,0.4444,0.14285714285714285
00203633,whisper-tiny,0.5,0.5,0.5,0.0
00203633,whisper-base,0.3333,0.3333,0.1667,0.0
00203633,whisper-small,0.3333,0.3333,0.1667,0.0
00203633,vosk-cn,1.3333,1.1667,1.0,0.25
00203633,wav2vec2-zh,1.0,0.8333,0.8333,0.0
00203633,paraformer-zh,0.8333,0.8333,0.8333,0.0
00203633,zipformer-zh-en,0.8333,0.8333,0.8333,0.0
00203633,sense-voice,0.8333,0.8333,0.8333,0.0
00203649,whisper-tiny,0.2,0.1333,0.0667,0.0
00203649,whisper-base,0.2,0.1333,0.1333,0.07142857142857142
00203649,whisper-small,0.1333,0.1333,0.1333,0.0
00203649,vosk-cn,0.2667,0.2667,0.2667,0.0
00203649,wav2vec2-zh,0.3333,0.2,0.2,0.0
00203649,paraformer-zh,0.2,0.2,0.2,0.0
00203649,zipformer-zh-en,0.2667,0.2667,0.2,0.0
00203649,sense-voice,0.2,0.2,0.2,0.0
00203703,whisper-tiny,0.9375,0.875,0.6875,0.09090909090909091
00203703,whisper-base,0.375,0.3125,0.125,0.09090909090909091
00203703,whisper-small,0.1875,0.1875,0.0,0.0
00203703,vosk-cn,0.25,0.1875,0.25,0.07692307692307693
00203703,wav2vec2-zh,0.4375,0.375,0.125,0.0
00203703,paraformer-zh,0.0,0.0,0.0,0.0
00203703,zipformer-zh-en,0.0625,0.0625,0.0,0.0
00203703,sense-voice,0.1875,0.1875,0.0625,0.0
00203719,whisper-tiny,0.6154,0.4615,0.1538,0.0
00203719,whisper-base,0.6154,0.3846,0.1538,0.125
00203719,whisper-small,0.6923,0.3077,0.1538,0.2222222222222222
00203719,vosk-cn,0.4615,0.4615,0.3077,0.0
00203719,wav2vec2-zh,0.6154,0.2308,0.3077,0.3
00203719,paraformer-zh,0.3846,0.3077,0.1538,0.1111111111111111
00203719,zipformer-zh-en,0.6154,0.3077,0.3077,0.2222222222222222
00203719,sense-voice,0.3077,0.2308,0.1538,0.1
00203735,whisper-tiny,0.3333,0.2222,0.3333,0.14285714285714285
00203735,whisper-base,0.4444,0.3333,0.4444,0.16666666666666666
00203735,whisper-small,0.2222,0.1111,0.2222,0.125
00203735,vosk-cn,0.8889,0.6667,0.3333,0.25
00203735,wav2vec2-zh,0.4444,0.3333,0.3333,0.16666666666666666
00203735,paraformer-zh,0.3333,0.2222,0.3333,0.14285714285714285
00203735,zipformer-zh-en,0.5556,0.4444,0.2222,0.2
00203735,sense-voice,0.1111,0.1111,0.0,0.0
00203751,whisper-tiny,0.4375,0.3125,0.375,0.14285714285714285
00203751,whisper-base,0.125,0.0625,0.125,0.0625
00203751,whisper-small,0.3125,0.125,0.25,0.2
00203751,vosk-cn,0.4375,0.375,0.4375,0.07692307692307693
00203751,wav2vec2-zh,0.5625,0.4375,0.375,0.16666666666666666
00203751,paraformer-zh,0.25,0.25,0.1875,0.0
00203751,zipformer-zh-en,0.4375,0.3125,0.375,0.14285714285714285
00203751,sense-voice,0.25,0.1875,0.25,0.0625
00203805,whisper-tiny,0.0,0.0,0.0,0.0
00203805,whisper-base,0.0,0.0,0.0,0.0
00203805,whisper-small,0.0,0.0,0.0,0.0
00203805,vosk-cn,0.1765,0.1765,0.0588,0.0
00203805,wav2vec2-zh,0.2941,0.2353,0.0588,0.0
00203805,paraformer-zh,0.0,0.0,0.0,0.0
00203805,zipformer-zh-en,0.0,0.0,0.0,0.0
00203805,sense-voice,0.0,0.0,0.0,0.0
00203821,whisper-tiny,0.4375,0.125,0.1875,0.14285714285714285
00203821,whisper-base,0.3125,0.25,0.1875,0.0
00203821,whisper-small,0.3125,0.1875,0.1875,0.07142857142857142
00203821,vosk-cn,0.375,0.3125,0.25,0.07692307692307693
00203821,wav2vec2-zh,0.5,0.125,0.25,0.21428571428571427
00203821,paraformer-zh,0.1875,0.125,0.125,0.0
00203821,zipformer-zh-en,0.375,0.3125,0.1875,0.0
00203821,sense-voice,0.0625,0.0625,0.0625,0.0
00203837,whisper-tiny,0.0667,0.0667,0.0,0.0
00203837,whisper-base,0.0,0.0,0.0,0.0
00203837,whisper-small,0.0,0.0,0.0,0.0
00203837,vosk-cn,0.2,0.1333,0.1333,0.0
00203837,wav2vec2-zh,0.1333,0.0667,0.0667,0.0
00203837,paraformer-zh,0.1333,0.1333,0.1333,0.0
00203837,zipformer-zh-en,0.1333,0.1333,0.1333,0.0
00203837,sense-voice,0.1333,0.1333,0.1333,0.0
00203853,whisper-tiny,0.3333,0.3333,0.1667,0.0
00203853,whisper-base,0.1667,0.1667,0.0,0.0
00203853,whisper-small,0.1667,0.1667,0.0,0.0
00203853,vosk-cn,0.3333,0.3333,0.1667,0.0
00203853,wav2vec2-zh,0.3333,0.1667,0.1667,0.2
00203853,paraformer-zh,0.3333,0.3333,0.1667,0.0
00203853,zipformer-zh-en,0.3333,0.3333,0.1667,0.0
00203853,sense-voice,0.3333,0.3333,0.1667,0.0
00203907,whisper-tiny,0.5556,0.3333,0.3333,0.16666666666666666
00203907,whisper-base,0.2222,0.1111,0.2222,0.125
00203907,whisper-small,0.2222,0.1111,0.1111,0.125
00203907,vosk-cn,1.2222,0.8889,0.8889,0.4
00203907,wav2vec2-zh,0.7778,0.1111,0.6667,0.625
00203907,paraformer-zh,0.0,0.0,0.0,0.0
00203907,zipformer-zh-en,0.2222,0.0,0.2222,0.2222222222222222
00203907,sense-voice,0.0,0.0,0.0,0.0
00203923,whisper-tiny,0.3636,0.3636,0.1818,0.0
00203923,whisper-base,1.0,1.0,0.8182,
00203923,whisper-small,0.6364,0.2727,0.3636,0.25
00203923,vosk-cn,0.8182,0.8182,0.5455,0.0
00203923,wav2vec2-zh,0.6364,0.3636,0.4545,0.14285714285714285
00203923,paraformer-zh,0.6364,0.2727,0.4545,0.25
00203923,zipformer-zh-en,0.8182,0.5455,0.5455,0.4
00203923,sense-voice,0.9091,0.9091,0.9091,0.0
00203939,whisper-tiny,1.0,1.0,1.0,0.0
00203939,whisper-base,1.1667,1.1667,1.0,0.0
00203939,whisper-small,1.1667,0.8333,1.1667,0.4
00203939,vosk-cn,1.1667,0.5,1.0,0.6666666666666666
00203939,wav2vec2-zh,1.1667,0.5,0.8333,0.6666666666666666
00203939,paraformer-zh,0.6667,0.5,0.6667,0.16666666666666666
00203939,zipformer-zh-en,0.5,0.5,0.5,0.0
00203939,sense-voice,0.5,0.5,0.5,0.0
00203955,whisper-tiny,0.4706,0.2941,0.4706,0.25
00203955,whisper-base,0.2941,0.1176,0.2941,0.2
00203955,whisper-small,0.2941,0.1765,0.2941,0.14285714285714285
00203955,vosk-cn,0.7059,0.5882,0.5882,0.18181818181818182
00203955,wav2vec2-zh,0.5294,0.2941,0.4118,0.25
00203955,paraformer-zh,0.4118,0.2353,0.4118,0.23076923076923078
00203955,zipformer-zh-en,0.3529,0.1176,0.3529,0.26666666666666666
00203955,sense-voice,0.4118,0.2353,0.3529,0.15384615384615385
00204009,whisper-tiny,0.5833,0.3333,0.5,0.375
00204009,whisper-base,0.6667,0.3333,0.5833,0.5
00204009,whisper-small,0.5,0.1667,0.5,0.4
00204009,vosk-cn,0.4167,0.25,0.25,0.2222222222222222
00204009,wav2vec2-zh,0.75,0.3333,0.5833,0.375
00204009,paraformer-zh,0.5,0.25,0.5,0.3
00204009,zipformer-zh-en,0.5833,0.4167,0.6667,0.5
00204009,sense-voice,0.3333,0.1667,0.3333,0.2
00204025,whisper-tiny,0.0,0.0,0.0,0.0
00204025,whisper-base,0.0833,0.0,0.0833,0.08333333333333333
00204025,whisper-small,0.0833,0.0833,0.0833,0.0
00204025,vosk-cn,0.0,0.0,0.0,0.0
00204025,wav2vec2-zh,0.25,0.0833,0.1667,0.18181818181818182
00204025,paraformer-zh,0.0,0.0,0.0,0.0
00204025,zipformer-zh-en,0.0,0.0,0.0,0.0
00204025,sense-voice,0.0833,0.0833,0.0833,0.0
00204041,whisper-tiny,0.625,0.0,0.5,0.5
00204041,whisper-base,0.75,0.25,0.75,0.6666666666666666
00204041,whisper-small,0.25,0.0,0.25,0.25
00204041,vosk-cn,0.375,0.125,0.375,0.2857142857142857
00204041,wav2vec2-zh,0.625,0.25,0.625,0.5
00204041,paraformer-zh,0.25,0.25,0.25,0.0
00204041,zipformer-zh-en,0.75,0.25,0.75,0.6666666666666666
00204041,sense-voice,0.0,0.0,0.0,0.0
00204057,whisper-tiny,0.625,0.5,0.375,0.0
00204057,whisper-base,0.5,0.5,0.125,0.0
00204057,whisper-small,0.75,0.5,0.25,0.25
00204057,vosk-cn,0.5,0.5,0.25,0.0
00204057,wav2vec2-zh,0.875,0.625,0.625,0.3333333333333333
00204057,paraformer-zh,0.125,0.125,0.0,0.0
00204057,zipformer-zh-en,0.75,0.5,0.625,0.5
00204057,sense-voice,0.125,0.125,0.0,0.0
00204111,whisper-tiny,0.6154,0.3077,0.2308,0.1
00204111,whisper-base,0.7692,0.4615,0.3846,0.1
00204111,whisper-small,0.3077,0.2308,0.2308,0.08333333333333333
00204111,vosk-cn,0.5385,0.3846,0.3077,0.1
00204111,wav2vec2-zh,0.4615,0.3077,0.3846,0.08333333333333333
00204111,paraformer-zh,0.4615,0.3846,0.3846,0.0
00204111,zipformer-zh-en,0.6923,0.4615,0.5385,0.18181818181818182
00204111,sense-voice,0.4615,0.3077,0.3846,0.08333333333333333
00204127,whisper-tiny,0.1667,0.0833,0.1667,0.09090909090909091
00204127,whisper-base,0.1667,0.0833,0.1667,0.09090909090909091
00204127,whisper-small,0.1667,0.0833,0.1667,0.09090909090909091
00204127,vosk-cn,0.4167,0.3333,0.3333,0.125
00204127,wav2vec2-zh,0.4167,0.25,0.25,0.2222222222222222
00204127,paraformer-zh,0.1667,0.0833,0.1667,0.09090909090909091
00204127,zipformer-zh-en,0.1667,0.0833,0.1667,0.09090909090909091
00204127,sense-voice,0.1667,0.0833,0.1667,0.09090909090909091
00204143,whisper-tiny,0.875,0.625,0.5,0.2
00204143,whisper-base,0.75,0.625,0.5,0.0
00204143,whisper-small,0.5,0.375,0.25,0.0
00204143,vosk-cn,0.625,0.5,0.5,0.16666666666666666
00204143,wav2vec2-zh,1.0,0.625,0.625,0.4
00204143,paraformer-zh,0.5,0.5,0.5,0.0
00204143,zipformer-zh-en,1.0,0.75,0.5,0.25
00204143,sense-voice,1.0,0.75,0.75,0.5
00204159,whisper-tiny,0.8,0.6667,0.4667,0.25
00204159,whisper-base,0.4,0.3333,0.2667,0.0
00204159,whisper-small,0.3333,0.3333,0.3333,0.0
00204159,vosk-cn,0.2667,0.2667,0.2667,0.0
00204159,wav2vec2-zh,0.3333,0.2667,0.1333,0.0
00204159,paraformer-zh,0.1333,0.1333,0.1333,0.0
00204159,zipformer-zh-en,0.2,0.2,0.2,0.0
00204159,sense-voice,0.1333,0.1333,0.1333,0.0
00204213,whisper-tiny,0.5455,0.4545,0.3636,0.0
00204213,whisper-base,0.5455,0.5455,0.2727,0.0
00204213,whisper-small,0.5455,0.3636,0.4545,0.14285714285714285
00204213,vosk-cn,0.4545,0.4545,0.2727,0.0
00204213,wav2vec2-zh,0.7273,0.5455,0.7273,0.6
00204213,paraformer-zh,0.3636,0.3636,0.1818,0.0
00204213,zipformer-zh-en,0.9091,0.8182,0.6364,0.5
00204213,sense-voice,0.3636,0.3636,0.1818,0.0
00204229,whisper-tiny,0.3846,0.1538,0.3077,0.2727272727272727
00204229,whisper-base,0.3077,0.1538,0.1538,0.18181818181818182
00204229,whisper-small,0.1538,0.0769,0.1538,0.08333333333333333
00204229,vosk-cn,0.0769,0.0769,0.0769,0.0
00204229,wav2vec2-zh,0.5385,0.2308,0.3846,0.3
00204229,paraformer-zh,0.1538,0.1538,0.1538,0.0
00204229,zipformer-zh-en,0.3846,0.1538,0.3077,0.2727272727272727
00204229,sense-voice,0.1538,0.1538,0.1538,0.0
00204245,whisper-tiny,0.8,0.7333,0.4667,0.14285714285714285
00204245,whisper-base,0.6,0.5333,0.4667,0.18181818181818182
00204245,whisper-small,0.6,0.4667,0.4,0.25
00204245,vosk-cn,0.6,0.6,0.4667,0.0
00204245,wav2vec2-zh,0.7333,0.5333,0.5333,0.2727272727272727
00204245,paraformer-zh,0.6,0.4667,0.5333,0.25
00204245,zipformer-zh-en,0.6,0.5333,0.6,0.2727272727272727
00204245,sense-voice,0.6,0.4667,0.5333,0.25
00204261,whisper-tiny,0.4,0.3,0.4,0.14285714285714285
00204261,whisper-base,0.4,0.3,0.4,0.14285714285714285
00204261,whisper-small,0.4,0.3,0.4,0.14285714285714285
00204261,vosk-cn,0.4,0.3,0.4,0.14285714285714285
00204261,wav2vec2-zh,0.5,0.3,0.5,0.2857142857142857
00204261,paraformer-zh,0.4,0.3,0.4,0.14285714285714285
00204261,zipformer-zh-en,0.4,0.3,0.4,0.14285714285714285
00204261,sense-voice,0.4,0.3,0.4,0.14285714285714285
00204316,whisper-tiny,0.5,0.5,0.375,0.0
00204316,whisper-base,0.375,0.375,0.25,0.0
00204316,whisper-small,0.375,0.375,0.25,0.0
00204316,vosk-cn,0.5,0.5,0.375,0.0
00204316,wav2vec2-zh,0.5,0.5,0.375,0.0
00204316,paraformer-zh,0.25,0.25,0.125,0.0
00204316,zipformer-zh-en,0.375,0.375,0.25,0.0
00204316,sense-voice,0.25,0.25,0.125,0.0
00204332,whisper-tiny,0.8,0.6,0.4,0.25
00204332,whisper-base,1.2,0.8,1.0,0.6666666666666666
00204332,whisper-small,0.6,0.6,0.4,0.0
00204332,vosk-cn,0.8,0.6,0.4,0.25
00204332,wav2vec2-zh,1.2,0.4,1.2,0.8
00204332,paraformer-zh,0.8,0.6,0.4,0.25
00204332,zipformer-zh-en,0.8,0.6,0.4,0.25
00204332,sense-voice,0.8,0.6,0.4,0.25
00204348,whisper-tiny,0.2857,0.2381,0.2381,0.0
00204348,whisper-base,0.0952,0.0952,0.0952,0.0
00204348,whisper-small,0.1429,0.1429,0.1429,0.0
00204348,vosk-cn,0.1429,0.0952,0.0952,0.05263157894736842
00204348,wav2vec2-zh,0.1905,0.1429,0.1429,0.05555555555555555
00204348,paraformer-zh,0.0476,0.0476,0.0476,0.0
00204348,zipformer-zh-en,0.1429,0.1429,0.0952,0.0
00204348,sense-voice,0.0952,0.0952,0.0952,0.0
00204402,whisper-tiny,0.3333,0.3333,0.3333,0.0
00204402,whisper-base,0.3333,0.2222,0.3333,0.14285714285714285
00204402,whisper-small,0.3333,0.1111,0.3333,0.25
00204402,vosk-cn,0.5556,0.4444,0.4444,0.2
00204402,wav2vec2-zh,0.4444,0.1111,0.4444,0.375
00204402,paraformer-zh,0.0,0.0,0.0,0.0
00204402,zipformer-zh-en,0.4444,0.2222,0.4444,0.2857142857142857
00204402,sense-voice,0.0,0.0,0.0,0.0
00204418,whisper-tiny,0.8182,0.3636,0.5455,0.42857142857142855
00204418,whisper-base,0.8182,0.3636,0.6364,0.5714285714285714
00204418,whisper-small,0.6364,0.1818,0.3636,0.3333333333333333
00204418,vosk-cn,0.5455,0.3636,0.5455,0.2857142857142857
00204418,wav2vec2-zh,0.7273,0.1818,0.5455,0.5555555555555556
00204418,paraformer-zh,0.6364,0.2727,0.4545,0.375
00204418,zipformer-zh-en,0.7273,0.4545,0.6364,0.5
00204418,sense-voice,0.4545,0.2727,0.3636,0.25
00204434,whisper-tiny,0.5556,0.4444,0.5556,0.2
00204434,whisper-base,0.5556,0.3333,0.4444,0.3333333333333333
00204434,whisper-small,0.7778,0.5556,0.6667,0.3333333333333333
00204434,vosk-cn,0.6667,0.5556,0.4444,0.2
00204434,wav2vec2-zh,0.6667,0.3333,0.5556,0.375
00204434,paraformer-zh,0.4444,0.3333,0.3333,0.125
00204434,zipformer-zh-en,0.7778,0.6667,0.5556,0.2
00204434,sense-voice,0.4444,0.3333,0.4444,0.125
00204450,whisper-tiny,0.4167,0.3333,0.3333,0.125
00204450,whisper-base,0.4167,0.4167,0.3333,0.0
00204450,whisper-small,0.4167,0.3333,0.3333,0.125
00204450,vosk-cn,0.4167,0.4167,0.25,0.0
00204450,wav2vec2-zh,0.5,0.4167,0.3333,0.14285714285714285
00204450,paraformer-zh,0.4167,0.3333,0.3333,0.125
00204450,zipformer-zh-en,0.4167,0.3333,0.3333,0.125
00204450,sense-voice,0.4167,0.3333,0.3333,0.125
00204504,whisper-tiny,0.4,0.4,0.3,0.0
00204504,whisper-base,0.4,0.4,0.4,0.0
00204504,whisper-small,0.6,0.5,0.6,0.2
00204504,vosk-cn,0.7,0.6,0.5,0.2
00204504,wav2vec2-zh,0.5,0.5,0.5,0.0
00204504,paraformer-zh,0.5,0.4,0.4,0.14285714285714285
00204504,zipformer-zh-en,0.5,0.5,0.4,0.0
00204504,sense-voice,0.5,0.5,0.4,0.0
00204520,whisper-tiny,0.0,0.0,0.0,0.0
00204520,whisper-base,0.0,0.0,0.0,0.0
00204520,whisper-small,0.0,0.0,0.0,0.0
00204520,vosk-cn,0.5556,0.3333,0.4444,0.3333333333333333
00204520,wav2vec2-zh,0.4444,0.1111,0.4444,0.375
00204520,paraformer-zh,0.2222,0.0,0.2222,0.2222222222222222
00204520,zipformer-zh-en,0.3333,0.2222,0.3333,0.14285714285714285
00204520,sense-voice,0.2222,0.0,0.2222,0.2222222222222222
00204536,whisper-tiny,0.4545,0.4545,0.4545,0.0
00204536,whisper-base,0.0,0.0,0.0,0.0
00204536,whisper-small,0.6364,0.3636,0.4545,0.18181818181818182
00204536,vosk-cn,1.0,0.8182,0.7273,0.2
00204536,wav2vec2-zh,0.8182,0.5455,0.6364,0.3
00204536,paraformer-zh,0.6364,0.6364,0.6364,0.0
00204536,zipformer-zh-en,0.6364,0.5455,0.6364,0.09090909090909091
00204536,sense-voice,0.5455,0.5455,0.5455,0.0
00204552,whisper-tiny,0.4375,0.375,0.25,0.1
00204552,whisper-base,0.4375,0.375,0.25,0.1
00204552,whisper-small,0.3125,0.3125,0.1875,0.0
00204552,vosk-cn,0.625,0.4375,0.5625,0.3
00204552,wav2vec2-zh,0.625,0.4375,0.5,0.3333333333333333
00204552,paraformer-zh,0.125,0.125,0.125,0.0
00204552,zipformer-zh-en,0.5625,0.375,0.375,0.3
00204552,sense-voice,0.1875,0.1875,0.1875,0.0
00204606,whisper-tiny,0.375,0.1875,0.1875,0.15384615384615385
00204606,whisper-base,0.25,0.1875,0.125,0.0
00204606,whisper-small,0.3125,0.125,0.25,0.14285714285714285
00204606,vosk-cn,0.375,0.375,0.25,0.0
00204606,wav2vec2-zh,0.375,0.3125,0.125,0.0
00204606,paraformer-zh,0.0625,0.0625,0.0625,0.0
00204606,zipformer-zh-en,0.1875,0.1875,0.1875,0.07692307692307693
00204606,sense-voice,0.0,0.0,0.0,0.0
00204622,whisper-tiny,0.1,0.1,0.15,0.05555555555555555
00204622,whisper-base,0.3,0.15,0.2,0.11764705882352941
00204622,whisper-small,0.05,0.05,0.05,0.0
00204622,vosk-cn,0.15,0.0,0.05,0.05
00204622,wav2vec2-zh,0.2,0.1,0.15,0.05555555555555555
00204622,paraformer-zh,0.05,0.05,0.05,0.0
00204622,zipformer-zh-en,0.1,0.05,0.05,0.0
00204622,sense-voice,0.05,0.05,0.05,0.0
00204638,whisper-tiny,0.3333,0.2222,0.2222,0.14285714285714285
00204638,whisper-base,0.4444,0.2222,0.1111,0.0
00204638,whisper-small,0.2222,0.1111,0.2222,0.125
00204638,vosk-cn,0.6667,0.3333,0.3333,0.16666666666666666
00204638,wav2vec2-zh,0.4444,0.2222,0.2222,0.0
00204638,paraformer-zh,0.1111,0.1111,0.1111,0.0
00204638,zipformer-zh-en,0.1111,0.1111,0.1111,0.0
00204638,sense-voice,0.1111,0.1111,0.1111,0.0
00204654,whisper-tiny,0.2222,0.1667,0.1111,0.06666666666666667
00204654,whisper-base,0.3333,0.1111,0.2222,0.1875
00204654,whisper-small,0.2222,0.1111,0.1667,0.125
00204654,vosk-cn,0.3889,0.2222,0.3889,0.2
00204654,wav2vec2-zh,0.5,0.1111,0.3333,0.4375
00204654,paraformer-zh,0.0556,0.0,0.0556,0.05555555555555555
00204654,zipformer-zh-en,0.3889,0.1667,0.2778,0.2
00204654,sense-voice,0.0556,0.0,0.0556,0.05555555555555555
00200110,whisper-tiny,0.5,0.5,0.25,0.0
00200110,whisper-base,0.5,0.25,0.25,0.16666666666666666
00200110,whisper-small,0.5,0.375,0.375,0.2
00200110,vosk-cn,0.625,0.5,0.25,0.0
00200110,wav2vec2-zh,0.5,0.25,0.375,0.3333333333333333
00200110,paraformer-zh,0.25,0.125,0.125,0.0
00200110,zipformer-zh-en,0.25,0.125,0.25,0.14285714285714285
00200110,sense-voice,0.375,0.25,0.0,0.0
00200206,whisper-tiny,0.1818,0.0909,0.0909,0.1
00200206,whisper-base,0.0909,0.0,0.0909,0.09090909090909091
00200206,whisper-small,0.0909,0.0,0.0909,0.09090909090909091
00200206,vosk-cn,0.2727,0.0909,0.1818,0.2
00200206,wav2vec2-zh,0.2727,0.0909,0.1818,0.2
00200206,paraformer-zh,0.1818,0.0,0.1818,0.18181818181818182
00200206,zipformer-zh-en,0.1818,0.0,0.1818,0.18181818181818182
00200206,sense-voice,0.0909,0.0,0.0909,0.09090909090909091
00200302,whisper-tiny,0.0,0.0,0.0,0.0
00200302,whisper-base,0.0,0.0,0.0,0.0
00200302,whisper-small,0.0,0.0,0.0,0.0
00200302,vosk-cn,0.3333,0.0,0.1667,0.16666666666666666
00200302,wav2vec2-zh,0.1667,0.0,0.1667,0.16666666666666666
00200302,paraformer-zh,0.0,0.0,0.0,0.0
00200302,zipformer-zh-en,0.0,0.0,0.0,0.0
00200302,sense-voice,0.0,0.0,0.0,0.0
00200318,whisper-tiny,0.0833,0.0833,0.0833,0.0
00200318,whisper-base,0.0833,0.0833,0.0833,0.0
00200318,whisper-small,0.0833,0.0833,0.0833,0.0
00200318,vosk-cn,0.0833,0.0833,0.0833,0.0
00200318,wav2vec2-zh,0.1667,0.1667,0.1667,0.0
00200318,paraformer-zh,0.0833,0.0833,0.0833,0.0
00200318,zipformer-zh-en,0.0833,0.0833,0.0833,0.0
00200318,sense-voice,0.0833,0.0833,0.0833,0.0
00200414,whisper-tiny,0.2222,0.0,0.2222,0.2222222222222222
00200414,whisper-base,0.0,0.0,0.0,0.0
00200414,whisper-small,0.0,0.0,0.0,0.0
00200414,vosk-cn,0.3333,0.2222,0.3333,0.14285714285714285
00200414,wav2vec2-zh,0.0,0.0,0.0,0.0
00200414,paraformer-zh,0.0,0.0,0.0,0.0
00200414,zipformer-zh-en,0.2222,0.1111,0.1111,0.125
00200414,sense-voice,0.0,0.0,0.0,0.0
00200510,whisper-tiny,0.5,0.375,0.375,0.2
00200510,whisper-base,0.375,0.25,0.25,0.16666666666666666
00200510,whisper-small,0.25,0.125,0.25,0.14285714285714285
00200510,vosk-cn,0.25,0.125,0.25,0.14285714285714285
00200510,wav2vec2-zh,0.375,0.125,0.25,0.14285714285714285
00200510,paraformer-zh,0.125,0.125,0.125,0.0
00200510,zipformer-zh-en,0.25,0.25,0.25,0.0
00200510,sense-voice,0.125,0.125,0.125,0.0
00200606,whisper-tiny,0.1818,0.1818,0.0909,0.0
00200606,whisper-base,0.1818,0.0,0.0909,0.09090909090909091
00200606,whisper-small,0.1818,0.0909,0.0909,0.1
00200606,vosk-cn,0.1818,0.1818,0.1818,0.0
00200606,wav2vec2-zh,0.1818,0.0,0.1818,0.18181818181818182
00200606,paraformer-zh,0.0,0.0,0.0,0.0
00200606,zipformer-zh-en,0.2727,0.0,0.1818,0.18181818181818182
00200606,sense-voice,0.0,0.0,0.0,0.0
00200702,whisper-tiny,0.3333,0.3333,0.1667,0.0
00200702,whisper-base,0.3333,0.3333,0.1667,0.0
00200702,whisper-small,0.3333,0.3333,0.1667,0.0
00200702,vosk-cn,0.0,0.0,0.0,0.0
00200702,wav2vec2-zh,0.3333,0.3333,0.1667,0.0
00200702,paraformer-zh,0.0,0.0,0.0,0.0
00200702,zipformer-zh-en,0.0,0.0,0.0,0.0
00200702,sense-voice,0.0,0.0,0.0,0.0
00200718,whisper-tiny,0.1667,0.1667,0.0833,0.0
00200718,whisper-base,0.0833,0.0833,0.0,0.0
00200718,whisper-small,0.0,0.0,0.0,0.0
00200718,vosk-cn,0.1667,0.1667,0.1667,0.0
00200718,wav2vec2-zh,0.1667,0.1667,0.0833,0.0
00200718,paraformer-zh,0.1667,0.1667,0.1667,0.0
00200718,zipformer-zh-en,0.1667,0.1667,0.1667,0.0
00200718,sense-voice,0.0833,0.0833,0.0833,0.0
00200814,whisper-tiny,0.3333,0.1111,0.3333,0.25
00200814,whisper-base,0.3333,0.1111,0.3333,0.25
00200814,whisper-small,0.3333,0.1111,0.3333,0.25
00200814,vosk-cn,0.4444,0.2222,0.4444,0.25
00200814,wav2vec2-zh,0.3333,0.0,0.3333,0.3333333333333333
00200814,paraformer-zh,0.2222,0.0,0.2222,0.2222222222222222
00200814,zipformer-zh-en,0.3333,0.1111,0.3333,0.25
00200814,sense-voice,0.3333,0.1111,0.3333,0.25
00200910,whisper-tiny,0.125,0.125,0.125,0.0
00200910,whisper-base,0.25,0.25,0.125,0.0
00200910,whisper-small,0.0,0.0,0.0,0.0
00200910,vosk-cn,0.0,0.0,0.0,0.0
00200910,wav2vec2-zh,0.375,0.25,0.125,0.0
00200910,paraformer-zh,0.0,0.0,0.0,0.0
00200910,zipformer-zh-en,0.0,0.0,0.0,0.0
00200910,sense-voice,0.0,0.0,0.0,0.0
00201006,whisper-tiny,0.1818,0.0909,0.0909,0.1
00201006,whisper-base,0.0909,0.0,0.0909,0.09090909090909091
00201006,whisper-small,0.2727,0.0909,0.1818,0.1
00201006,vosk-cn,0.1818,0.0909,0.0909,0.0
00201006,wav2vec2-zh,0.2727,0.1818,0.1818,0.1111111111111111
00201006,paraformer-zh,0.1818,0.0,0.1818,0.18181818181818182
00201006,zipformer-zh-en,0.0909,0.0,0.0909,0.09090909090909091
00201006,sense-voice,0.0909,0.0,0.0909,0.09090909090909091
00201102,whisper-tiny,0.5,0.0,0.3333,0.3333333333333333
00201102,whisper-base,0.1667,0.1667,0.1667,0.0
00201102,whisper-small,0.5,0.1667,0.3333,0.2
00201102,vosk-cn,0.0,0.0,0.0,0.0
00201102,wav2vec2-zh,0.1667,0.0,0.1667,0.16666666666666666
00201102,paraformer-zh,0.0,0.0,0.0,0.0
00201102,zipformer-zh-en,0.1667,0.1667,0.1667,0.0
00201102,sense-voice,0.1667,0.1667,0.1667,0.0
00201118,whisper-tiny,0.0,0.0,0.0,0.0
00201118,whisper-base,0.0,0.0,0.0,0.0
00201118,whisper-small,0.0,0.0,0.0,0.0
00201118,vosk-cn,0.0,0.0,0.0,0.0
00201118,wav2vec2-zh,0.1667,0.0833,0.1667,0.09090909090909091
00201118,paraformer-zh,0.0,0.0,0.0,0.0
00201118,zipformer-zh-en,0.0,0.0,0.0,0.0
00201118,sense-voice,0.0,0.0,0.0,0.0
00201214,whisper-tiny,0.6667,0.1111,0.4444,0.625
00201214,whisper-base,0.2222,0.0,0.2222,0.2222222222222222
00201214,whisper-small,0.2222,0.0,0.2222,0.2222222222222222
00201214,vosk-cn,0.4444,0.1111,0.4444,0.375
00201214,wav2vec2-zh,0.3333,0.2222,0.3333,0.14285714285714285
00201214,paraformer-zh,0.3333,0.1111,0.3333,0.25
00201214,zipformer-zh-en,0.4444,0.1111,0.4444,0.375
00201214,sense-voice,0.2222,0.2222,0.2222,0.0
00201310,whisper-tiny,0.625,0.25,0.625,0.5
00201310,whisper-base,0.625,0.125,0.625,0.5714285714285714
00201310,whisper-small,0.5,0.125,0.5,0.42857142857142855
00201310,vosk-cn,0.125,0.125,0.125,0.0
00201310,wav2vec2-zh,0.5,0.0,0.5,0.5
00201310,paraformer-zh,0.625,0.125,0.625,0.5714285714285714
00201310,zipformer-zh-en,0.5,0.125,0.375,0.42857142857142855
00201310,sense-voice,0.125,0.0,0.125,0.125
00201406,whisper-tiny,0.1818,0.0909,0.0909,0.1
00201406,whisper-base,0.1818,0.0,0.0909,0.09090909090909091
00201406,whisper-small,0.1818,0.0909,0.0909,0.1
00201406,vosk-cn,0.0909,0.0,0.0909,0.09090909090909091
00201406,wav2vec2-zh,0.0909,0.0,0.0909,0.09090909090909091
00201406,paraformer-zh,0.0,0.0,0.0,0.0
00201406,zipformer-zh-en,0.0909,0.0,0.0909,0.09090909090909091
00201406,sense-voice,0.0,0.0,0.0,0.0
00201502,whisper-tiny,0.1667,0.1667,0.1667,0.0
00201502,whisper-base,0.1667,0.1667,0.1667,0.0
00201502,whisper-small,0.1667,0.1667,0.1667,0.0
00201502,vosk-cn,0.0,0.0,0.0,0.0
00201502,wav2vec2-zh,0.1667,0.1667,0.1667,0.0
00201502,paraformer-zh,0.1667,0.1667,0.1667,0.0
00201502,zipformer-zh-en,0.1667,0.1667,0.1667,0.0
00201502,sense-voice,0.3333,0.3333,0.3333,0.0
00201518,whisper-tiny,0.25,0.1667,0.1667,0.0
00201518,whisper-base,0.1667,0.1667,0.1667,0.0
00201518,whisper-small,0.25,0.1667,0.1667,0.0
00201518,vosk-cn,0.3333,0.3333,0.3333,0.0
00201518,wav2vec2-zh,0.3333,0.1667,0.3333,0.2
00201518,paraformer-zh,0.25,0.1667,0.1667,0.0
00201518,zipformer-zh-en,0.25,0.0833,0.1667,0.09090909090909091
00201518,sense-voice,0.0833,0.0833,0.0833,0.0
00201614,whisper-tiny,0.1111,0.1111,0.1111,0.0
00201614,whisper-base,0.0,0.0,0.0,0.0
00201614,whisper-small,0.1111,0.1111,0.1111,0.0
00201614,vosk-cn,0.0,0.0,0.0,0.0
00201614,wav2vec2-zh,0.1111,0.0,0.1111,0.1111111111111111
00201614,paraformer-zh,0.0,0.0,0.0,0.0
00201614,zipformer-zh-en,0.1111,0.1111,0.1111,0.0
00201614,sense-voice,0.0,0.0,0.0,0.0
00201739,whisper-tiny,0.2857,0.2143,0.0714,0.0
00201739,whisper-base,0.2143,0.2143,0.0714,0.0
00201739,whisper-small,0.1429,0.1429,0.0,0.0
00201739,vosk-cn,0.2143,0.1429,0.0714,0.0
00201739,wav2vec2-zh,0.3571,0.2143,0.0,0.0
00201739,paraformer-zh,0.0714,0.0714,0.0,0.0
00201739,zipformer-zh-en,0.2143,0.1429,0.0,0.0
00201739,sense-voice,0.0714,0.0714,0.0,0.0
00201755,whisper-tiny,0.5833,0.4167,0.5,0.2857142857142857
00201755,whisper-base,0.4167,0.1667,0.4167,0.3
00201755,whisper-small,0.25,0.0833,0.25,0.18181818181818182
00201755,vosk-cn,0.4167,0.25,0.25,0.1111111111111111
00201755,wav2vec2-zh,0.5,0.0833,0.3333,0.36363636363636365
00201755,paraformer-zh,0.1667,0.0833,0.1667,0.09090909090909091
00201755,zipformer-zh-en,0.3333,0.0,0.3333,0.3333333333333333
00201755,sense-voice,0.25,0.0833,0.25,0.18181818181818182
00201813,whisper-tiny,0.2857,0.2857,0.2857,0.0
00201813,whisper-base,0.2857,0.2857,0.2857,0.0
00201813,whisper-small,0.2857,0.2857,0.0,0.0
00201813,vosk-cn,0.2857,0.1429,0.2857,0.16666666666666666
00201813,wav2vec2-zh,0.5714,0.4286,0.5714,0.25
00201813,paraformer-zh,0.2857,0.0,0.0,0.0
00201813,zipformer-zh-en,0.5714,0.0,0.2857,0.2857142857142857
00201813,sense-voice,0.2857,0.0,0.0,0.0
00201909,whisper-tiny,0.3,0.2,0.3,0.125
00201909,whisper-base,0.1,0.1,0.0,0.0
00201909,whisper-small,0.0,0.0,0.0,0.0
00201909,vosk-cn,0.4,0.4,0.2,0.0
00201909,wav2vec2-zh,0.3,0.3,0.1,0.0
00201909,paraformer-zh,0.2,0.2,0.2,0.0
00201909,zipformer-zh-en,0.4,0.3,0.3,0.14285714285714285
00201909,sense-voice,0.2,0.2,0.2,0.0
00202005,whisper-tiny,0.5,0.3333,0.5,0.25
00202005,whisper-base,0.0,0.0,0.0,0.0
00202005,whisper-small,0.0,0.0,0.0,0.0
00202005,vosk-cn,0.0,0.0,0.0,0.0
00202005,wav2vec2-zh,0.0,0.0,0.0,0.0
00202005,paraformer-zh,0.1667,0.1667,0.1667,0.0
00202005,zipformer-zh-en,0.0,0.0,0.0,0.0
00202005,sense-voice,0.0,0.0,0.0,0.0
00202101,whisper-tiny,0.8,0.6,0.8,0.5
00202101,whisper-base,1.0,1.0,1.0,
00202101,whisper-small,0.6,0.6,0.4,0.0
00202101,vosk-cn,0.0,0.0,0.0,0.0
00202101,wav2vec2-zh,0.2,0.2,0.0,0.0
00202101,paraformer-zh,0.0,0.0,0.0,0.0
00202101,zipformer-zh-en,0.0,0.0,0.0,0.0
00202101,sense-voice,0.4,0.4,0.4,0.0
00202117,whisper-tiny,1.0,0.2,0.8,1.0
00202117,whisper-base,0.4,0.0,0.4,0.4
00202117,whisper-small,0.8,0.2,0.6,0.75
00202117,vosk-cn,0.8,0.2,0.8,0.75
00202117,wav2vec2-zh,0.6,0.2,0.4,0.5
00202117,paraformer-zh,0.8,0.2,0.6,0.75
00202117,zipformer-zh-en,0.8,0.2,0.6,0.75
00202117,sense-voice,1.0,0.4,0.8,0.75
00202213,whisper-tiny,0.0,0.0,0.0,0.0
00202213,whisper-base,0.0,0.0,0.0,0.0
00202213,whisper-small,0.0,0.0,0.0,0.0
00202213,vosk-cn,0.5714,0.2857,0.2857,0.0
00202213,wav2vec2-zh,0.1429,0.1429,0.1429,0.0
00202213,paraformer-zh,0.4286,0.1429,0.1429,0.0
00202213,zipformer-zh-en,0.1429,0.1429,0.1429,0.0
00202213,sense-voice,0.4286,0.1429,0.1429,0.0
00202309,whisper-tiny,0.5833,0.25,0.5,0.4444444444444444
00202309,whisper-base,0.1667,0.0833,0.1667,0.09090909090909091
00202309,whisper-small,0.1667,0.0833,0.1667,0.09090909090909091
00202309,vosk-cn,0.0,0.0,0.0,0.0
00202309,wav2vec2-zh,0.5833,0.25,0.3333,0.3333333333333333
00202309,paraformer-zh,0.0833,0.0,0.0833,0.08333333333333333
00202309,zipformer-zh-en,0.4167,0.3333,0.1667,0.0
00202309,sense-voice,0.0,0.0,0.0,0.0
00202325,whisper-tiny,0.0,0.0,0.0,0.0
00202325,whisper-base,0.0,0.0,0.0,0.0
00202325,whisper-small,0.0,0.0,0.0,0.0
00202325,vosk-cn,0.0,0.0,0.0,0.0
00202325,wav2vec2-zh,0.0833,0.0833,0.0,0.0
00202325,paraformer-zh,0.0,0.0,0.0,0.0
00202325,zipformer-zh-en,0.0,0.0,0.0,0.0
00202325,sense-voice,0.0,0.0,0.0,0.0
00202341,whisper-tiny,0.0,0.0,0.0,0.0
00202341,whisper-base,0.0,0.0,0.0,0.0
00202341,whisper-small,0.0,0.0,0.0,0.0
00202341,vosk-cn,0.375,0.375,0.0,0.0
00202341,wav2vec2-zh,0.0,0.0,0.0,0.0
00202341,paraformer-zh,0.0,0.0,0.0,0.0
00202341,zipformer-zh-en,0.0,0.0,0.0,0.0
00202341,sense-voice,0.0,0.0,0.0,0.0
00202357,whisper-tiny,0.875,0.625,0.5,0.4
00202357,whisper-base,0.875,0.5,0.375,0.16666666666666666
00202357,whisper-small,0.875,0.5,0.375,0.16666666666666666
00202357,vosk-cn,1.0,0.875,0.625,0.25
00202357,wav2vec2-zh,1.0,0.875,0.5,0.0
00202357,paraformer-zh,1.0,0.625,0.5,0.16666666666666666
00202357,zipformer-zh-en,1.0,0.75,0.625,0.2
00202357,sense-voice,0.75,0.5,0.5,0.14285714285714285
00202411,whisper-tiny,0.8462,0.6154,0.5385,0.08333333333333333
00202411,whisper-base,0.3077,0.1538,0.2308,0.18181818181818182
00202411,whisper-small,0.5385,0.2308,0.3846,0.25
00202411,vosk-cn,0.8462,0.4615,0.6154,0.3333333333333333
00202411,wav2vec2-zh,0.5385,0.4615,0.3846,0.0
00202411,paraformer-zh,0.5385,0.5385,0.4615,0.0
00202411,zipformer-zh-en,0.6923,0.5385,0.5385,0.08333333333333333
00202411,sense-voice,0.6923,0.5385,0.4615,0.0
00202427,whisper-tiny,0.1667,0.0833,0.0,0.0
00202427,whisper-base,0.1667,0.0833,0.0833,0.0
00202427,whisper-small,0.0,0.0,0.0,0.0
00202427,vosk-cn,0.0,0.0,0.0,0.0
00202427,wav2vec2-zh,0.25,0.0833,0.25,0.2727272727272727
00202427,paraformer-zh,0.0,0.0,0.0,0.0
00202427,zipformer-zh-en,0.0,0.0,0.0,0.0
00202427,sense-voice,0.0,0.0,0.0,0.0
00202443,whisper-tiny,1.0,1.0,0.625,0.0
00202443,whisper-base,0.75,0.75,0.625,0.0
00202443,whisper-small,0.75,0.625,0.625,0.0
00202443,vosk-cn,0.75,0.75,0.75,0.0
00202443,wav2vec2-zh,1.0,0.75,0.625,0.0
00202443,paraformer-zh,0.625,0.625,0.625,0.0
00202443,zipformer-zh-en,0.75,0.75,0.625,0.0
00202443,sense-voice,0.625,0.625,0.625,0.0
00202459,whisper-tiny,0.5333,0.4,0.2667,0.09090909090909091
00202459,whisper-base,0.5333,0.4,0.4,0.09090909090909091
00202459,whisper-small,0.2667,0.2667,0.2,0.0
00202459,vosk-cn,0.0667,0.0667,0.0667,0.0
00202459,wav2vec2-zh,0.4,0.2667,0.2,0.07692307692307693
00202459,paraformer-zh,0.1333,0.1333,0.1333,0.0
00202459,zipformer-zh-en,0.1333,0.1333,0.1333,0.0
00202459,sense-voice,0.1333,0.1333,0.1333,0.0
00202513,whisper-tiny,0.4545,0.4545,0.4545,0.0
00202513,whisper-base,0.4545,0.4545,0.1818,0.0
00202513,whisper-small,0.2727,0.2727,0.0909,0.0
00202513,vosk-cn,0.0,0.0,0.0,0.0
00202513,wav2vec2-zh,0.4545,0.3636,0.1818,0.14285714285714285
00202513,paraformer-zh,0.0909,0.0909,0.0909,0.0
00202513,zipformer-zh-en,0.6364,0.4545,0.2727,0.0
00202513,sense-voice,0.2727,0.2727,0.0909,0.0
00202529,whisper-tiny,0.0769,0.0769,0.0769,0.0
00202529,whisper-base,0.0769,0.0,0.0769,0.07692307692307693
00202529,whisper-small,0.0,0.0,0.0,0.0
00202529,vosk-cn,0.0,0.0,0.0,0.0
00202529,wav2vec2-zh,0.0769,0.0,0.0769,0.07692307692307693
00202529,paraformer-zh,0.0,0.0,0.0,0.0
00202529,zipformer-zh-en,0.0769,0.0,0.0769,0.07692307692307693
00202529,sense-voice,0.0,0.0,0.0,0.0
00202616,whisper-tiny,0.25,0.0,0.25,0.25
00202616,whisper-base,0.375,0.0,0.375,0.375
00202616,whisper-small,0.25,0.0,0.25,0.25
00202616,vosk-cn,1.0,0.75,0.875,0.6666666666666666
00202616,wav2vec2-zh,0.875,0.875,0.875,0.0
00202616,paraformer-zh,0.5,0.375,0.5,0.14285714285714285
00202616,zipformer-zh-en,0.5,0.25,0.5,0.25
00202616,sense-voice,0.125,0.0,0.125,0.125
00202632,whisper-tiny,0.4,0.0,0.4,0.4
00202632,whisper-base,0.4,0.0,0.4,0.4
00202632,whisper-small,0.8,0.4,0.8,0.4
00202632,vosk-cn,0.4,0.4,0.4,0.0
00202632,wav2vec2-zh,0.8,0.4,0.8,0.4
00202632,paraformer-zh,0.8,0.4,0.8,0.4
00202632,zipformer-zh-en,0.6,0.4,0.6,0.2
00202632,sense-voice,0.8,0.4,0.8,0.4
00202648,whisper-tiny,0.619,0.381,0.4762,0.2222222222222222
00202648,whisper-base,0.1429,0.1429,0.1429,0.0
00202648,whisper-small,0.0952,0.0476,0.0952,0.05
00202648,vosk-cn,0.4762,0.4762,0.381,0.0
00202648,wav2vec2-zh,0.5238,0.2857,0.4286,0.25
00202648,paraformer-zh,0.2381,0.2381,0.2381,0.0
00202648,zipformer-zh-en,0.381,0.3333,0.4762,0.15789473684210525
00202648,sense-voice,0.2381,0.2381,0.2381,0.0
00202702,whisper-tiny,0.3333,0.2222,0.2222,0.14285714285714285
00202702,whisper-base,0.1111,0.1111,0.1111,0.0
00202702,whisper-small,0.2222,0.2222,0.2222,0.0
00202702,vosk-cn,0.7778,0.5556,0.5556,0.2
00202702,wav2vec2-zh,0.4444,0.2222,0.2222,0.25
00202702,paraformer-zh,0.1111,0.1111,0.1111,0.0
00202702,zipformer-zh-en,0.5556,0.1111,0.4444,0.5
00202702,sense-voice,0.2222,0.1111,0.1111,0.1111111111111111
00202718,whisper-tiny,0.7273,0.4545,0.5455,0.5
00202718,whisper-base,0.3636,0.2727,0.2727,0.1111111111111111
00202718,whisper-small,0.6364,0.4545,0.2727,0.25
00202718,vosk-cn,0.2727,0.2727,0.1818,0.1111111111111111
00202718,wav2vec2-zh,0.4545,0.0909,0.4545,0.4
00202718,paraformer-zh,0.1818,0.1818,0.0909,0.1
00202718,zipformer-zh-en,0.3636,0.3636,0.1818,0.1111111111111111
00202718,sense-voice,0.1818,0.1818,0.0909,0.1
00202734,whisper-tiny,0.4444,0.4444,0.2222,0.0
00202734,whisper-base,0.1111,0.1111,0.0,0.0
00202734,whisper-small,0.3333,0.3333,0.2222,0.0
00202734,vosk-cn,0.3333,0.3333,0.2222,0.0
00202734,wav2vec2-zh,0.4444,0.4444,0.2222,0.0
00202734,paraformer-zh,0.2222,0.2222,0.2222,0.0
00202734,zipformer-zh-en,0.3333,0.3333,0.2222,0.0
00202734,sense-voice,0.3333,0.3333,0.2222,0.0
00202750,whisper-tiny,0.5,0.3333,0.3333,0.3333333333333333
00202750,whisper-base,0.4167,0.25,0.3333,0.3333333333333333
00202750,whisper-small,0.3333,0.1667,0.3333,0.3
00202750,vosk-cn,0.5833,0.4167,0.3333,0.25
00202750,wav2vec2-zh,0.6667,0.25,0.5,0.5555555555555556
00202750,paraformer-zh,0.3333,0.1667,0.3333,0.2727272727272727
00202750,zipformer-zh-en,0.5833,0.4167,0.5,0.375
00202750,sense-voice,0.3333,0.1667,0.3333,0.2727272727272727
00202804,whisper-tiny,0.5,0.4,0.4,0.16666666666666666
00202804,whisper-base,0.6,0.4,0.3,0.16666666666666666
00202804,whisper-small,0.2,0.2,0.2,0.0
00202804,vosk-cn,0.5,0.5,0.4,0.0
00202804,wav2vec2-zh,0.6,0.5,0.3,0.2
00202804,paraformer-zh,0.2,0.2,0.2,0.0
00202804,zipformer-zh-en,0.1,0.1,0.1,0.0
00202804,sense-voice,0.1,0.1,0.1,0.0
00202820,whisper-tiny,0.2222,0.1111,0.1111,0.0
00202820,whisper-base,0.4444,0.2222,0.3333,0.14285714285714285
00202820,whisper-small,0.4444,0.2222,0.2222,0.14285714285714285
00202820,vosk-cn,0.6667,0.4444,0.5556,0.4
00202820,wav2vec2-zh,0.4444,0.2222,0.2222,0.2857142857142857
00202820,paraformer-zh,0.4444,0.2222,0.2222,0.2857142857142857
00202820,zipformer-zh-en,0.4444,0.2222,0.3333,0.2857142857142857
00202820,sense-voice,0.4444,0.2222,0.2222,0.2857142857142857
00202836,whisper-tiny,0.0,0.0,0.0,0.0
00202836,whisper-base,0.0,0.0,0.0,0.0
00202836,whisper-small,0.0,0.0,0.0,0.0
00202836,vosk-cn,0.0909,0.0909,0.0909,0.0
00202836,wav2vec2-zh,0.2727,0.0,0.2727,0.2727272727272727
00202836,paraformer-zh,0.0,0.0,0.0,0.0
00202836,zipformer-zh-en,0.0909,0.0909,0.0909,0.0
00202836,sense-voice,0.0,0.0,0.0,0.0
00202852,whisper-tiny,0.1875,0.125,0.125,0.07142857142857142
00202852,whisper-base,0.3125,0.125,0.3125,0.21428571428571427
00202852,whisper-small,0.1875,0.0625,0.125,0.13333333333333333
00202852,vosk-cn,0.1875,0.125,0.1875,0.07142857142857142
00202852,wav2vec2-zh,0.5,0.25,0.4375,0.3333333333333333
00202852,paraformer-zh,0.0625,0.0625,0.0625,0.0
00202852,zipformer-zh-en,0.3125,0.1875,0.3125,0.15384615384615385
00202852,sense-voice,0.0,0.0,0.0,0.0
00202906,whisper-tiny,0.125,0.0,0.0625,0.0625
00202906,whisper-base,0.125,0.0,0.0625,0.0625
00202906,whisper-small,0.125,0.0,0.0625,0.0625
00202906,vosk-cn,0.0625,0.0625,0.0,0.0
00202906,wav2vec2-zh,0.125,0.0625,0.125,0.13333333333333333
00202906,paraformer-zh,0.0,0.0,0.0,0.0
00202906,zipformer-zh-en,0.125,0.0,0.0625,0.0625
00202906,sense-voice,0.0,0.0,0.0,0.0
00202922,whisper-tiny,0.25,0.2,0.2,0.05555555555555555
00202922,whisper-base,0.1,0.1,0.1,0.0
00202922,whisper-small,0.1,0.1,0.1,0.0
00202922,vosk-cn,0.45,0.35,0.3,0.0
00202922,wav2vec2-zh,0.3,0.2,0.25,0.1111111111111111
00202922,paraformer-zh,0.2,0.2,0.15,0.0
00202922,zipformer-zh-en,0.2,0.2,0.15,0.0
00202922,sense-voice,0.2,0.2,0.15,0.0
00202938,whisper-tiny,0.3333,0.3333,0.2222,0.0
00202938,whisper-base,0.2222,0.2222,0.2222,0.0
00202938,whisper-small,0.2222,0.2222,0.2222,0.0
00202938,vosk-cn,0.1111,0.1111,0.1111,0.0
00202938,wav2vec2-zh,0.3333,0.1111,0.2222,0.125
00202938,paraformer-zh,0.1111,0.1111,0.1111,0.0
00202938,zipformer-zh-en,0.1111,0.1111,0.1111,0.0
00202938,sense-voice,0.1111,0.1111,0.1111,0.0
00202954,whisper-tiny,0.7778,0.6111,0.5556,0.15384615384615385
00202954,whisper-base,0.8333,0.8333,0.6111,0.0
00202954,whisper-small,0.3889,0.3889,0.3889,0.0
00202954,vosk-cn,0.6667,0.5556,0.5,0.13333333333333333
00202954,wav2vec2-zh,0.7222,0.3333,0.5,0.2777777777777778
00202954,paraformer-zh,0.6111,0.5,0.5,0.058823529411764705
00202954,zipformer-zh-en,0.6667,0.4444,0.4444,0.17647058823529413
00202954,sense-voice,0.4444,0.4444,0.4444,0.0
00203008,whisper-tiny,0.3333,0.1111,0.3333,0.25
00203008,whisper-base,0.0,0.0,0.0,0.0
00203008,whisper-small,0.0,0.0,0.0,0.0
00203008,vosk-cn,0.4444,0.1111,0.4444,0.375
00203008,wav2vec2-zh,0.3333,0.1111,0.2222,0.125
00203008,paraformer-zh,0.0,0.0,0.0,0.0
00203008,zipformer-zh-en,0.4444,0.1111,0.4444,0.375
00203008,sense-voice,0.0,0.0,0.0,0.0
00203024,whisper-tiny,0.0,0.0,0.0,0.0
00203024,whisper-base,0.75,0.3333,0.4167,0.5
00203024,whisper-small,0.25,0.0833,0.1667,0.18181818181818182
00203024,vosk-cn,0.1667,0.0833,0.1667,0.09090909090909091
00203024,wav2vec2-zh,0.5,0.1667,0.4167,0.4
00203024,paraformer-zh,0.3333,0.1667,0.25,0.2
00203024,zipformer-zh-en,0.0833,0.0833,0.0,0.0
00203024,sense-voice,0.25,0.1667,0.1667,0.1
00203111,whisper-tiny,1.0769,0.8462,0.5385,0.25
00203111,whisper-base,0.5385,0.2308,0.3077,0.3
00203111,whisper-small,0.5385,0.1538,0.3846,0.36363636363636365
00203111,vosk-cn,0.6154,0.3077,0.3846,0.2222222222222222
00203111,wav2vec2-zh,0.5385,0.2308,0.4615,0.3
00203111,paraformer-zh,0.3846,0.2308,0.3077,0.1
00203111,zipformer-zh-en,0.3846,0.2308,0.3846,0.2
00203111,sense-voice,0.6154,0.3077,0.3846,0.2
00203127,whisper-tiny,0.3333,0.3333,0.25,0.0
00203127,whisper-base,0.1667,0.1667,0.1667,0.0
00203127,whisper-small,0.25,0.1667,0.25,0.1
00203127,vosk-cn,0.25,0.25,0.25,0.0
00203127,wav2vec2-zh,0.4167,0.4167,0.3333,0.0
00203127,paraformer-zh,0.3333,0.25,0.1667,0.1111111111111111
00203127,zipformer-zh-en,0.3333,0.1667,0.25,0.2
00203127,sense-voice,0.25,0.1667,0.1667,0.1
00203143,whisper-tiny,0.625,0.375,0.625,0.4
00203143,whisper-base,0.625,0.375,0.625,0.4
00203143,whisper-small,0.625,0.375,0.625,0.4
00203143,vosk-cn,0.25,0.25,0.25,0.0
00203143,wav2vec2-zh,0.875,0.5,0.5,0.25
00203143,paraformer-zh,0.125,0.125,0.125,0.0
00203143,zipformer-zh-en,0.5,0.25,0.375,0.3333333333333333
00203143,sense-voice,0.25,0.25,0.25,0.0
00203159,whisper-tiny,0.4667,0.2667,0.1333,0.0
00203159,whisper-base,0.3333,0.2,0.2667,0.08333333333333333
00203159,whisper-small,0.5333,0.3333,0.2667,0.09090909090909091
00203159,vosk-cn,0.4,0.4,0.2667,0.0
00203159,wav2vec2-zh,0.5333,0.3333,0.2667,0.2
00203159,paraformer-zh,0.1333,0.0667,0.1333,0.07142857142857142
00203159,zipformer-zh-en,0.2667,0.2667,0.2667,0.0
00203159,sense-voice,0.0,0.0,0.0,0.0
00203213,whisper-tiny,0.7273,0.6364,0.5455,0.0
00203213,whisper-base,0.5455,0.4545,0.4545,0.2857142857142857
00203213,whisper-small,0.5455,0.4545,0.4545,0.2857142857142857
00203213,vosk-cn,0.0909,0.0909,0.0909,0.0
00203213,wav2vec2-zh,0.6364,0.5455,0.4545,0.4
00203213,paraformer-zh,0.0909,0.0909,0.0909,0.0
00203213,zipformer-zh-en,0.3636,0.2727,0.3636,0.125
00203213,sense-voice,0.0909,0.0909,0.0909,0.0
00203303,whisper-tiny,0.0,0.0,0.0,0.0
00203303,whisper-base,0.0,0.0,0.0,0.0
00203303,whisper-small,0.0,0.0,0.0,0.0
00203303,vosk-cn,0.0,0.0,0.0,0.0
00203303,wav2vec2-zh,0.0,0.0,0.0,0.0
00203303,paraformer-zh,0.0,0.0,0.0,0.0
00203303,zipformer-zh-en,0.0625,0.0625,0.0,0.0
00203303,sense-voice,0.0,0.0,0.0,0.0
00203319,whisper-tiny,0.3846,0.0769,0.2308,0.16666666666666666
00203319,whisper-base,0.3077,0.2308,0.1538,0.0
00203319,whisper-small,0.3077,0.3077,0.2308,0.0
00203319,vosk-cn,0.1538,0.1538,0.1538,0.0
00203319,wav2vec2-zh,0.4615,0.3077,0.1538,0.0
00203319,paraformer-zh,0.2308,0.2308,0.2308,0.0
00203319,zipformer-zh-en,0.2308,0.2308,0.1538,0.0
00203319,sense-voice,0.1538,0.1538,0.1538,0.0
00203335,whisper-tiny,0.3333,0.2222,0.3333,0.14285714285714285
00203335,whisper-base,0.2222,0.2222,0.2222,0.0
00203335,whisper-small,0.2222,0.2222,0.2222,0.0
00203335,vosk-cn,0.3333,0.2222,0.3333,0.14285714285714285
00203335,wav2vec2-zh,0.2222,0.2222,0.2222,0.0
00203335,paraformer-zh,0.2222,0.2222,0.2222,0.0
00203335,zipformer-zh-en,0.2222,0.2222,0.2222,0.0
00203335,sense-voice,0.2222,0.2222,0.2222,0.0
00203351,whisper-tiny,0.0625,0.0625,0.0625,0.0
00203351,whisper-base,0.125,0.0625,0.125,0.0625
00203351,whisper-small,0.125,0.0625,0.125,0.0625
00203351,vosk-cn,0.125,0.0625,0.125,0.0625
00203351,wav2vec2-zh,0.125,0.0625,0.125,0.0625
00203351,paraformer-zh,0.0625,0.0625,0.0625,0.0
00203351,zipformer-zh-en,0.0625,0.0625,0.0625,0.0
00203351,sense-voice,0.0625,0.0625,0.0625,0.0
00203405,whisper-tiny,0.1176,0.0588,0.0588,0.0
00203405,whisper-base,0.0,0.0,0.0,0.0
00203405,whisper-small,0.0588,0.0588,0.0588,0.0
00203405,vosk-cn,0.0588,0.0588,0.0,0.0
00203405,wav2vec2-zh,0.1176,0.0588,0.0,0.0
00203405,paraformer-zh,0.0,0.0,0.0,0.0
00203405,zipformer-zh-en,0.1765,0.1176,0.0588,0.0
00203405,sense-voice,0.0,0.0,0.0,0.0
00203421,whisper-tiny,0.4375,0.1875,0.125,0.07692307692307693
00203421,whisper-base,0.125,0.125,0.0,0.0
00203421,whisper-small,0.0625,0.0,0.0,0.0
00203421,vosk-cn,0.0,0.0,0.0,0.0
00203421,wav2vec2-zh,0.25,0.125,0.0625,0.0
00203421,paraformer-zh,0.0,0.0,0.0,0.0
00203421,zipformer-zh-en,0.0625,0.0625,0.0625,0.0
00203421,sense-voice,0.0,0.0,0.0,0.0
00203508,whisper-tiny,0.2222,0.1111,0.1111,0.0
00203508,whisper-base,0.0,0.0,0.0,0.0
00203508,whisper-small,0.0,0.0,0.0,0.0
00203508,vosk-cn,0.3333,0.2222,0.2222,0.0
00203508,wav2vec2-zh,0.2222,0.1111,0.1111,0.0
00203508,paraformer-zh,0.0,0.0,0.0,0.0
00203508,zipformer-zh-en,0.2222,0.1111,0.1111,0.0
00203508,sense-voice,0.0,0.0,0.0,0.0
00203524,whisper-tiny,0.0,0.0,0.0,0.0
00203524,whisper-base,0.0833,0.0,0.0,0.0
00203524,whisper-small,0.0833,0.0,0.0,0.0
00203524,vosk-cn,0.1667,0.1667,0.1667,0.0
00203524,wav2vec2-zh,0.4167,0.1667,0.25,0.2
00203524,paraformer-zh,0.0,0.0,0.0,0.0
00203524,zipformer-zh-en,0.0,0.0,0.0,0.0
00203524,sense-voice,0.0,0.0,0.0,0.0
00203611,whisper-tiny,1.0,0.8462,0.7692,0.0
00203611,whisper-base,0.6154,0.3077,0.3077,0.18181818181818182
00203611,whisper-small,0.6154,0.3077,0.3077,0.18181818181818182
00203611,vosk-cn,0.6154,0.3846,0.4615,0.2
00203611,wav2vec2-zh,0.5385,0.3846,0.3846,0.1
00203611,paraformer-zh,0.4615,0.3077,0.3077,0.09090909090909091
00203611,zipformer-zh-en,0.6923,0.3077,0.5385,0.36363636363636365
00203611,sense-voice,0.4615,0.3077,0.3077,0.1111111111111111
00203627,whisper-tiny,0.3333,0.0,0.1667,0.16666666666666666
00203627,whisper-base,0.0,0.0,0.0,0.0
00203627,whisper-small,0.0833,0.0,0.0833,0.08333333333333333
00203627,vosk-cn,0.1667,0.1667,0.1667,0.0
00203627,wav2vec2-zh,0.3333,0.0833,0.1667,0.08333333333333333
00203627,paraformer-zh,0.1667,0.1667,0.1667,0.0
00203627,zipformer-zh-en,0.1667,0.0833,0.0833,0.08333333333333333
00203627,sense-voice,0.0833,0.0833,0.0833,0.0
00203643,whisper-tiny,0.125,0.0,0.125,0.125
00203643,whisper-base,0.125,0.0,0.125,0.125
00203643,whisper-small,0.125,0.0,0.125,0.125
00203643,vosk-cn,0.125,0.0,0.125,0.125
00203643,wav2vec2-zh,0.375,0.0,0.125,0.125
00203643,paraformer-zh,0.0,0.0,0.0,0.0
00203643,zipformer-zh-en,0.125,0.0,0.125,0.125
00203643,sense-voice,0.0,0.0,0.0,0.0
00203659,whisper-tiny,0.4667,0.3333,0.2667,0.0
00203659,whisper-base,0.3333,0.2667,0.2,0.0
00203659,whisper-small,0.2,0.2,0.2,0.0
00203659,vosk-cn,0.2667,0.2667,0.2667,0.0
00203659,wav2vec2-zh,0.3333,0.2667,0.2667,0.0
00203659,paraformer-zh,0.0667,0.0667,0.0667,0.0
00203659,zipformer-zh-en,0.2,0.2,0.2,0.0
00203659,sense-voice,0.1333,0.1333,0.1333,0.0
00203713,whisper-tiny,0.8182,0.8182,0.4545,0.5
00203713,whisper-base,0.4545,0.4545,0.1818,0.16666666666666666
00203713,whisper-small,0.6364,0.4545,0.0909,0.0
00203713,vosk-cn,0.5455,0.5455,0.4545,0.2
00203713,wav2vec2-zh,0.6364,0.5455,0.4545,0.2
00203713,paraformer-zh,0.2727,0.2727,0.1818,0.0
00203713,zipformer-zh-en,0.6364,0.5455,0.2727,0.2
00203713,sense-voice,0.2727,0.2727,0.1818,0.0
00203729,whisper-tiny,0.3077,0.3077,0.0769,0.0
00203729,whisper-base,0.3077,0.3077,0.0769,0.0
00203729,whisper-small,0.1538,0.1538,0.0769,0.0
00203729,vosk-cn,0.5385,0.5385,0.2308,0.0
00203729,wav2vec2-zh,0.2308,0.2308,0.0769,0.0
00203729,paraformer-zh,0.2308,0.2308,0.0769,0.0
00203729,zipformer-zh-en,0.2308,0.2308,0.0769,0.0
00203729,sense-voice,0.1538,0.1538,0.0769,0.0
00203745,whisper-tiny,0.2,0.2,0.2,0.08333333333333333
00203745,whisper-base,0.2,0.2,0.2667,0.08333333333333333
00203745,whisper-small,0.3333,0.2667,0.3333,0.09090909090909091
00203745,vosk-cn,0.2,0.2,0.1333,0.0
00203745,wav2vec2-zh,0.6,0.4,0.3333,0.3333333333333333
00203745,paraformer-zh,0.0667,0.0667,0.0667,0.0
00203745,zipformer-zh-en,0.2667,0.2,0.2,0.08333333333333333
00203745,sense-voice,0.2,0.2,0.1333,0.0
00203761,whisper-tiny,0.7,0.7,0.4,0.0
00203761,whisper-base,0.6,0.5,0.4,0.0
00203761,whisper-small,0.6,0.5,0.2,0.0
00203761,vosk-cn,0.5,0.4,0.4,0.0
00203761,wav2vec2-zh,0.7,0.6,0.3,0.0
00203761,paraformer-zh,0.2,0.2,0.2,0.0
00203761,zipformer-zh-en,0.4,0.4,0.3,0.0
00203761,sense-voice,0.4,0.4,0.3,0.0
00203815,whisper-tiny,0.2222,0.1111,0.1667,0.05555555555555555
00203815,whisper-base,0.1111,0.0,0.0556,0.05555555555555555
00203815,whisper-small,0.0556,0.0,0.0556,0.05555555555555555
00203815,vosk-cn,0.3333,0.2222,0.2778,0.058823529411764705
00203815,wav2vec2-zh,0.3889,0.2222,0.2222,0.125
00203815,paraformer-zh,0.2222,0.1667,0.1667,0.0
00203815,zipformer-zh-en,0.3333,0.2222,0.2778,0.058823529411764705
00203815,sense-voice,0.2222,0.2222,0.1667,0.0
00203831,whisper-tiny,0.1111,0.0,0.1111,0.1111111111111111
00203831,whisper-base,0.1111,0.0,0.1111,0.1111111111111111
00203831,whisper-small,0.1111,0.0,0.1111,0.1111111111111111
00203831,vosk-cn,0.2222,0.1111,0.1111,0.125
00203831,wav2vec2-zh,0.1111,0.0,0.1111,0.1111111111111111
00203831,paraformer-zh,0.1111,0.0,0.1111,0.1111111111111111
00203831,zipformer-zh-en,0.1111,0.0,0.1111,0.1111111111111111
00203831,sense-voice,0.1111,0.0,0.1111,0.1111111111111111
00203847,whisper-tiny,0.25,0.0,0.0833,0.08333333333333333
00203847,whisper-base,0.0833,0.0,0.0,0.0
00203847,whisper-small,0.0833,0.0,0.0,0.0
00203847,vosk-cn,0.0833,0.0833,0.0833,0.0
00203847,wav2vec2-zh,0.1667,0.0,0.0,0.0
00203847,paraformer-zh,0.0,0.0,0.0,0.0
00203847,zipformer-zh-en,0.0,0.0,0.0,0.0
00203847,sense-voice,0.0,0.0,0.0,0.0
00203901,whisper-tiny,0.2727,0.0909,0.0909,0.1
00203901,whisper-base,0.4545,0.1818,0.2727,0.2222222222222222
00203901,whisper-small,0.5455,0.0909,0.3636,0.3
00203901,vosk-cn,0.5455,0.3636,0.5455,0.2857142857142857
00203901,wav2vec2-zh,0.7273,0.2727,0.7273,0.625
00203901,paraformer-zh,0.4545,0.0909,0.2727,0.2
00203901,zipformer-zh-en,0.5455,0.1818,0.4545,0.3333333333333333
00203901,sense-voice,0.1818,0.0909,0.0909,0.0
00203917,whisper-tiny,0.5556,0.5556,0.4444,0.0
00203917,whisper-base,0.3333,0.1111,0.3333,0.25
00203917,whisper-small,0.3333,0.1111,0.3333,0.25
00203917,vosk-cn,0.6667,0.6667,0.4444,0.0
00203917,wav2vec2-zh,0.4444,0.2222,0.4444,0.2857142857142857
00203917,paraformer-zh,0.3333,0.2222,0.1111,0.0
00203917,zipformer-zh-en,0.6667,0.3333,0.5556,0.5
00203917,sense-voice,0.3333,0.1111,0.2222,0.125
00203933,whisper-tiny,0.8333,0.6667,0.6667,0.3333333333333333
00203933,whisper-base,0.3333,0.3333,0.3333,0.0
00203933,whisper-small,0.6667,0.5,0.6667,0.3333333333333333
00203933,vosk-cn,0.5,0.5,0.5,0.0
00203933,wav2vec2-zh,0.6667,0.5,0.5,0.3333333333333333
00203933,paraformer-zh,0.3333,0.1667,0.3333,0.2
00203933,zipformer-zh-en,0.6667,0.1667,0.5,0.4
00203933,sense-voice,0.5,0.1667,0.5,0.4
00203949,whisper-tiny,0.7333,0.5333,0.4,0.1
00203949,whisper-base,0.5333,0.4667,0.5333,0.09090909090909091
00203949,whisper-small,0.4667,0.4,0.4,0.08333333333333333
00203949,vosk-cn,1.0,0.8,0.8,0.2727272727272727
00203949,wav2vec2-zh,0.8,0.4,0.6,0.5833333333333334
00203949,paraformer-zh,0.4667,0.3333,0.4,0.15384615384615385
00203949,zipformer-zh-en,1.0,0.9333,0.8667,1.0
00203949,sense-voice,0.2667,0.2,0.2,0.08333333333333333
00204003,whisper-tiny,0.25,0.0625,0.125,0.13333333333333333
00204003,whisper-base,0.3125,0.125,0.3125,0.21428571428571427
00204003,whisper-small,0.1875,0.0625,0.1875,0.13333333333333333
00204003,vosk-cn,0.0,0.0,0.0,0.0
00204003,wav2vec2-zh,0.25,0.0625,0.25,0.2
00204003,paraformer-zh,0.125,0.125,0.125,0.0
00204003,zipformer-zh-en,0.4375,0.25,0.375,0.25
00204003,sense-voice,0.0,0.0,0.0,0.0
00204019,whisper-tiny,0.6154,0.2308,0.3077,0.2
00204019,whisper-base,0.6154,0.1538,0.3077,0.2727272727272727
00204019,whisper-small,0.4615,0.2308,0.4615,0.3
00204019,vosk-cn,0.3846,0.2308,0.3077,0.2
00204019,wav2vec2-zh,0.7692,0.1538,0.5385,0.5454545454545454
00204019,paraformer-zh,0.5385,0.3077,0.3077,0.2222222222222222
00204019,zipformer-zh-en,0.6923,0.2308,0.4615,0.4
00204019,sense-voice,0.4615,0.1538,0.2308,0.18181818181818182
00204035,whisper-tiny,0.2222,0.1111,0.1111,0.0
00204035,whisper-base,0.2222,0.1111,0.1111,0.0
00204035,whisper-small,0.2222,0.1111,0.1111,0.0
00204035,vosk-cn,0.7778,0.5556,0.5556,0.14285714285714285
00204035,wav2vec2-zh,0.8889,0.5556,0.6667,0.3333333333333333
00204035,paraformer-zh,0.4444,0.3333,0.3333,0.0
00204035,zipformer-zh-en,0.6667,0.4444,0.4444,0.14285714285714285
00204035,sense-voice,0.4444,0.3333,0.3333,0.0
00204051,whisper-tiny,0.5,0.4375,0.375,0.09090909090909091
00204051,whisper-base,0.6875,0.25,0.5625,0.4666666666666667
00204051,whisper-small,0.1875,0.125,0.1875,0.06666666666666667
00204051,vosk-cn,0.5,0.25,0.4375,0.3333333333333333
00204051,wav2vec2-zh,0.6875,0.1875,0.5625,0.5333333333333333
00204051,paraformer-zh,0.125,0.125,0.125,0.0
00204051,zipformer-zh-en,0.5625,0.25,0.5,0.3333333333333333
00204051,sense-voice,0.125,0.125,0.125,0.0
00204105,whisper-tiny,0.2941,0.1176,0.1765,0.06666666666666667
00204105,whisper-base,0.1176,0.1176,0.1176,0.0
00204105,whisper-small,0.1176,0.1176,0.1176,0.0
00204105,vosk-cn,0.4118,0.4118,0.3529,0.0
00204105,wav2vec2-zh,0.4118,0.2353,0.1765,0.07692307692307693
00204105,paraformer-zh,0.1765,0.1765,0.1765,0.0
00204105,zipformer-zh-en,0.2941,0.1765,0.2353,0.13333333333333333
00204105,sense-voice,0.0588,0.0588,0.0588,0.0
00204121,whisper-tiny,0.1875,0.1875,0.1875,0.0
00204121,whisper-base,0.125,0.125,0.125,0.0
00204121,whisper-small,0.0,0.0,0.0,0.0
00204121,vosk-cn,0.0625,0.0625,0.0625,0.0
00204121,wav2vec2-zh,0.125,0.0625,0.0,0.0
00204121,paraformer-zh,0.0625,0.0625,0.0625,0.0
00204121,zipformer-zh-en,0.125,0.0625,0.0625,0.0
00204121,sense-voice,0.0625,0.0625,0.0625,0.0
00204137,whisper-tiny,0.3333,0.2667,0.2667,0.07692307692307693
00204137,whisper-base,0.4,0.3333,0.2667,0.07692307692307693
00204137,whisper-small,0.2,0.2,0.2,0.0
00204137,vosk-cn,0.4667,0.4,0.2667,0.0
00204137,wav2vec2-zh,0.4667,0.2667,0.4,0.14285714285714285
00204137,paraformer-zh,0.2,0.2,0.2,0.0
00204137,zipformer-zh-en,0.2,0.2,0.2,0.0
00204137,sense-voice,0.2,0.2,0.2,0.0
00204153,whisper-tiny,0.1667,0.1667,0.0,0.0
00204153,whisper-base,0.1667,0.1667,0.1667,0.0
00204153,whisper-small,0.0,0.0,0.0,0.0
00204153,vosk-cn,0.1667,0.1667,0.1667,0.0
00204153,wav2vec2-zh,0.3333,0.3333,0.1667,0.0
00204153,paraformer-zh,0.1667,0.1667,0.1667,0.0
00204153,zipformer-zh-en,0.3333,0.3333,0.3333,0.0
00204153,sense-voice,0.1667,0.1667,0.1667,0.0
00204207,whisper-tiny,0.7778,0.2222,0.4444,0.42857142857142855
00204207,whisper-base,0.4444,0.1111,0.2222,0.375
00204207,whisper-small,0.4444,0.2222,0.3333,0.2857142857142857
00204207,vosk-cn,0.5556,0.4444,0.4444,0.16666666666666666
00204207,wav2vec2-zh,0.5556,0.2222,0.3333,0.2857142857142857
00204207,paraformer-zh,0.0,0.0,0.0,0.0
00204207,zipformer-zh-en,0.3333,0.0,0.2222,0.3333333333333333
00204207,sense-voice,0.0,0.0,0.0,0.0
00204223,whisper-tiny,0.5455,0.4545,0.3636,0.0
00204223,whisper-base,0.0909,0.0909,0.0,0.0
00204223,whisper-small,0.3636,0.0909,0.2727,0.2
00204223,vosk-cn,0.4545,0.4545,0.4545,0.0
00204223,wav2vec2-zh,0.6364,0.4545,0.4545,0.2
00204223,paraformer-zh,0.5455,0.3636,0.3636,0.1
00204223,zipformer-zh-en,0.6364,0.4545,0.4545,0.2222222222222222
00204223,sense-voice,0.6364,0.4545,0.4545,0.2
00204239,whisper-tiny,0.3333,0.1667,0.3333,0.2
00204239,whisper-base,0.1667,0.1667,0.1667,0.0
00204239,whisper-small,0.0,0.0,0.0,0.0
00204239,vosk-cn,0.0,0.0,0.0,0.0
00204239,wav2vec2-zh,0.1667,0.0,0.1667,0.16666666666666666
00204239,paraformer-zh,0.0,0.0,0.0,0.0
00204239,zipformer-zh-en,0.3333,0.0,0.3333,0.3333333333333333
00204239,sense-voice,0.0,0.0,0.0,0.0
00204255,whisper-tiny,0.2941,0.1176,0.2353,0.13333333333333333
00204255,whisper-base,0.1765,0.1176,0.1765,0.06666666666666667
00204255,whisper-small,0.1176,0.0588,0.1176,0.0625
00204255,vosk-cn,0.2941,0.1765,0.2941,0.14285714285714285
00204255,wav2vec2-zh,0.2353,0.1176,0.2353,0.13333333333333333
00204255,paraformer-zh,0.0,0.0,0.0,0.0
00204255,zipformer-zh-en,0.1765,0.1176,0.1765,0.06666666666666667
00204255,sense-voice,0.0,0.0,0.0,0.0
00204309,whisper-tiny,1.0833,0.6667,0.75,1.0
00204309,whisper-base,0.9167,0.5,0.5,0.42857142857142855
00204309,whisper-small,0.3333,0.25,0.25,0.1111111111111111
00204309,vosk-cn,0.0833,0.0833,0.0833,0.0
00204309,wav2vec2-zh,0.75,0.5,0.5833,0.42857142857142855
00204309,paraformer-zh,0.25,0.1667,0.25,0.09090909090909091
00204309,zipformer-zh-en,0.6667,0.25,0.4167,0.3
00204309,sense-voice,0.0833,0.0833,0.0833,0.0
00204326,whisper-tiny,0.5833,0.4167,0.4167,0.25
00204326,whisper-base,0.3333,0.25,0.25,0.1111111111111111
00204326,whisper-small,0.0833,0.0833,0.0833,0.0
00204326,vosk-cn,0.1667,0.0,0.0833,0.08333333333333333
00204326,wav2vec2-zh,0.6667,0.0833,0.5,0.5454545454545454
00204326,paraformer-zh,0.0,0.0,0.0,0.0
00204326,zipformer-zh-en,0.3333,0.0833,0.25,0.2727272727272727
00204326,sense-voice,0.0833,0.0833,0.0833,0.0
00204342,whisper-tiny,0.4615,0.3846,0.3077,0.09090909090909091
00204342,whisper-base,0.6154,0.3846,0.4615,0.1
00204342,whisper-small,0.5385,0.5385,0.3846,0.0
00204342,vosk-cn,0.7692,0.6154,0.6154,0.2222222222222222
00204342,wav2vec2-zh,0.7692,0.5385,0.6154,0.2
00204342,paraformer-zh,0.4615,0.4615,0.3846,0.0
00204342,zipformer-zh-en,0.8462,0.6923,0.6923,0.2222222222222222
00204342,sense-voice,0.3846,0.3846,0.3077,0.0
00204358,whisper-tiny,0.1429,0.0,0.1429,0.14285714285714285
00204358,whisper-base,0.1429,0.0,0.1429,0.14285714285714285
00204358,whisper-small,0.1429,0.0,0.1429,0.14285714285714285
00204358,vosk-cn,0.1429,0.0,0.1429,0.14285714285714285
00204358,wav2vec2-zh,0.2857,0.0,0.1429,0.14285714285714285
00204358,paraformer-zh,0.1429,0.0,0.1429,0.14285714285714285
00204358,zipformer-zh-en,0.1429,0.0,0.1429,0.14285714285714285
00204358,sense-voice,0.1429,0.0,0.1429,0.14285714285714285
00204412,whisper-tiny,0.3077,0.1538,0.2308,0.18181818181818182
00204412,whisper-base,0.2308,0.2308,0.0769,0.0
00204412,whisper-small,0.3077,0.2308,0.1538,0.1
00204412,vosk-cn,0.1538,0.1538,0.0769,0.0
00204412,wav2vec2-zh,0.3846,0.2308,0.2308,0.2
00204412,paraformer-zh,0.0,0.0,0.0,0.0
00204412,zipformer-zh-en,0.3846,0.3077,0.2308,0.1111111111111111
00204412,sense-voice,0.0769,0.0769,0.0,0.0
00204428,whisper-tiny,0.5,0.4,0.3,0.16666666666666666
00204428,whisper-base,0.3,0.2,0.1,0.0
00204428,whisper-small,0.0,0.0,0.0,0.0
00204428,vosk-cn,0.3,0.2,0.2,0.125
00204428,wav2vec2-zh,0.5,0.3,0.4,0.2857142857142857
00204428,paraformer-zh,0.0,0.0,0.0,0.0
00204428,zipformer-zh-en,0.1,0.1,0.0,0.0
00204428,sense-voice,0.0,0.0,0.0,0.0
00204444,whisper-tiny,1.2222,0.8889,0.7778,0.4
00204444,whisper-base,0.5556,0.3333,0.3333,0.16666666666666666
00204444,whisper-small,0.6667,0.4444,0.4444,0.2
00204444,vosk-cn,1.2222,1.0,1.0,0.4
00204444,wav2vec2-zh,1.4444,1.1111,1.0,0.4
00204444,paraformer-zh,0.7778,0.7778,0.6667,0.0
00204444,zipformer-zh-en,0.8889,0.7778,0.8889,0.14285714285714285
00204444,sense-voice,0.8889,0.8889,0.7778,0.0
00204460,whisper-tiny,0.7,0.6,0.5,0.25
00204460,whisper-base,0.5,0.2,0.5,0.375
00204460,whisper-small,0.4,0.2,0.4,0.25
00204460,vosk-cn,0.6,0.5,0.5,0.16666666666666666
00204460,wav2vec2-zh,0.6,0.4,0.5,0.3333333333333333
00204460,paraformer-zh,0.0,0.0,0.0,0.0
00204460,zipformer-zh-en,0.6,0.5,0.4,0.2
00204460,sense-voice,0.1,0.1,0.1,0.0
00204514,whisper-tiny,0.7368,0.4737,0.3684,0.4
00204514,whisper-base,0.6316,0.5263,0.3158,0.1111111111111111
00204514,whisper-small,0.7895,0.6316,0.4211,0.2857142857142857
00204514,vosk-cn,0.7895,0.7368,0.4737,0.125
00204514,wav2vec2-zh,0.7895,0.5789,0.5263,0.375
00204514,paraformer-zh,0.8421,0.8421,0.7368,0.0
00204514,zipformer-zh-en,0.7895,0.7368,0.4737,0.2
00204514,sense-voice,0.4211,0.4211,0.3158,0.0
00204530,whisper-tiny,0.4545,0.2727,0.2727,0.25
00204530,whisper-base,0.2727,0.1818,0.1818,0.1111111111111111
00204530,whisper-small,0.2727,0.1818,0.0909,0.0
00204530,vosk-cn,0.5455,0.3636,0.4545,0.25
00204530,wav2vec2-zh,0.7273,0.3636,0.4545,0.375
00204530,paraformer-zh,0.2727,0.1818,0.2727,0.1
00204530,zipformer-zh-en,0.3636,0.2727,0.2727,0.1111111111111111
00204530,sense-voice,0.2727,0.1818,0.2727,0.1
00204546,whisper-tiny,0.2857,0.1429,0.2857,0.16666666666666666
00204546,whisper-base,0.2857,0.1429,0.2857,0.16666666666666666
00204546,whisper-small,0.2857,0.1429,0.2857,0.16666666666666666
00204546,vosk-cn,1.0,0.7143,0.7143,0.3333333333333333
00204546,wav2vec2-zh,0.8571,0.4286,0.4286,0.5
00204546,paraformer-zh,0.5714,0.2857,0.4286,0.2
00204546,zipformer-zh-en,0.1429,0.1429,0.1429,0.0
00204546,sense-voice,0.4286,0.1429,0.2857,0.16666666666666666
00204562,whisper-tiny,1.1333,0.8,0.6667,0.5
00204562,whisper-base,0.6667,0.6667,0.4667,0.0
00204562,whisper-small,0.6,0.4,0.3333,0.2727272727272727
00204562,vosk-cn,0.8667,0.7333,0.5333,0.2857142857142857
00204562,wav2vec2-zh,1.0,0.6667,0.6667,0.4444444444444444
00204562,paraformer-zh,0.8667,0.6667,0.6,0.2222222222222222
00204562,zipformer-zh-en,1.0667,0.7333,0.7333,0.5
00204562,sense-voice,0.8,0.6667,0.5333,0.2222222222222222
00204616,whisper-tiny,0.125,0.0,0.125,0.125
00204616,whisper-base,0.125,0.0,0.125,0.125
00204616,whisper-small,0.125,0.0,0.125,0.125
00204616,vosk-cn,0.125,0.0,0.125,0.125
00204616,wav2vec2-zh,0.5,0.125,0.125,0.14285714285714285
00204616,paraformer-zh,0.0,0.0,0.0,0.0
00204616,zipformer-zh-en,0.0,0.0,0.0,0.0
00204616,sense-voice,0.0,0.0,0.0,0.0
00204632,whisper-tiny,0.4,0.2,0.4,0.4
00204632,whisper-base,0.4,0.2,0.4,0.4
00204632,whisper-small,0.4,0.2,0.4,0.4
00204632,vosk-cn,0.0,0.0,0.0,0.0
00204632,wav2vec2-zh,0.2,0.2,0.2,0.0
00204632,paraformer-zh,0.4,0.2,0.2,0.25
00204632,zipformer-zh-en,0.4,0.2,0.2,0.25
00204632,sense-voice,0.2,0.0,0.2,0.2
00204648,whisper-tiny,0.0476,0.0,0.0476,0.047619047619047616
00204648,whisper-base,0.0476,0.0,0.0476,0.047619047619047616
00204648,whisper-small,0.0,0.0,0.0,0.0
00204648,vosk-cn,0.1429,0.0476,0.0952,0.1
00204648,wav2vec2-zh,0.1905,0.0,0.1905,0.19047619047619047
00204648,paraformer-zh,0.0952,0.0476,0.0952,0.05
00204648,zipformer-zh-en,0.0952,0.0476,0.0952,0.05
00204648,sense-voice,0.0,0.0,0.0,0.0
00200108,whisper-tiny,0.1667,0.1667,0.1667,0.0
00200108,whisper-base,0.0,0.0,0.0,0.0
00200108,whisper-small,0.0,0.0,0.0,0.0
00200108,vosk-cn,0.0,0.0,0.0,0.0
00200108,wav2vec2-zh,0.3333,0.1667,0.1667,0.2
00200108,paraformer-zh,0.1667,0.1667,0.0,0.0
00200108,zipformer-zh-en,0.0,0.0,0.0,0.0
00200108,sense-voice,0.0,0.0,0.0,0.0
00200204,whisper-tiny,0.0,0.0,0.0,0.0
00200204,whisper-base,0.0,0.0,0.0,0.0
00200204,whisper-small,0.0,0.0,0.0,0.0
00200204,vosk-cn,0.6667,0.4444,0.2222,0.4
00200204,wav2vec2-zh,0.3333,0.2222,0.2222,0.0
00200204,paraformer-zh,0.0,0.0,0.0,0.0
00200204,zipformer-zh-en,0.1111,0.1111,0.0,0.0
00200204,sense-voice,0.0,0.0,0.0,0.0
00200220,whisper-tiny,0.3125,0.0625,0.25,0.26666666666666666
00200220,whisper-base,0.3125,0.0625,0.25,0.26666666666666666
00200220,whisper-small,0.25,0.1875,0.25,0.07692307692307693
00200220,vosk-cn,0.3125,0.25,0.1875,0.08333333333333333
00200220,wav2vec2-zh,0.875,0.8125,0.8125,0.3333333333333333
00200220,paraformer-zh,0.0625,0.0,0.0625,0.0625
00200220,zipformer-zh-en,0.25,0.25,0.0,0.0
00200220,sense-voice,0.0,0.0,0.0,0.0
00200316,whisper-tiny,0.0,0.0,0.0,0.0
00200316,whisper-base,0.0,0.0,0.0,0.0
00200316,whisper-small,0.0,0.0,0.0,0.0
00200316,vosk-cn,0.0,0.0,0.0,0.0
00200316,wav2vec2-zh,0.1818,0.0909,0.0909,0.0
00200316,paraformer-zh,0.0,0.0,0.0,0.0
00200316,zipformer-zh-en,0.0,0.0,0.0,0.0
00200316,sense-voice,0.0,0.0,0.0,0.0
00200412,whisper-tiny,0.0833,0.0,0.0,0.0
00200412,whisper-base,0.0833,0.0,0.0,0.0
00200412,whisper-small,0.0833,0.0,0.0,0.0
00200412,vosk-cn,0.0,0.0,0.0,0.0
00200412,wav2vec2-zh,0.25,0.1667,0.25,0.1
00200412,paraformer-zh,0.0,0.0,0.0,0.0
00200412,zipformer-zh-en,0.0833,0.0,0.0,0.0
00200412,sense-voice,0.0,0.0,0.0,0.0
00200508,whisper-tiny,0.1667,0.0,0.0,0.0
00200508,whisper-base,0.1667,0.1667,0.1667,0.0
00200508,whisper-small,0.0,0.0,0.0,0.0
00200508,vosk-cn,0.0,0.0,0.0,0.0
00200508,wav2vec2-zh,0.1667,0.1667,0.1667,0.0
00200508,paraformer-zh,0.0,0.0,0.0,0.0
00200508,zipformer-zh-en,0.0,0.0,0.0,0.0
00200508,sense-voice,0.1667,0.1667,0.1667,0.0
00200604,whisper-tiny,0.2222,0.1111,0.2222,0.125
00200604,whisper-base,0.0,0.0,0.0,0.0
00200604,whisper-small,0.0,0.0,0.0,0.0
00200604,vosk-cn,0.3333,0.2222,0.3333,0.125
00200604,wav2vec2-zh,0.1111,0.0,0.1111,0.1111111111111111
00200604,paraformer-zh,0.0,0.0,0.0,0.0
00200604,zipformer-zh-en,0.0,0.0,0.0,0.0
00200604,sense-voice,0.0,0.0,0.0,0.0
00200620,whisper-tiny,0.3125,0.125,0.3125,0.21428571428571427
00200620,whisper-base,0.3125,0.125,0.3125,0.21428571428571427
00200620,whisper-small,0.1875,0.0,0.1875,0.1875
00200620,vosk-cn,0.0625,0.0625,0.0625,0.0
00200620,wav2vec2-zh,0.375,0.125,0.3125,0.21428571428571427
00200620,paraformer-zh,0.0,0.0,0.0,0.0
00200620,zipformer-zh-en,0.1875,0.0625,0.1875,0.13333333333333333
00200620,sense-voice,0.0,0.0,0.0,0.0
00200716,whisper-tiny,0.0,0.0,0.0,0.0
00200716,whisper-base,0.0,0.0,0.0,0.0
00200716,whisper-small,0.0,0.0,0.0,0.0
00200716,vosk-cn,0.0,0.0,0.0,0.0
00200716,wav2vec2-zh,0.1818,0.0,0.0909,0.09090909090909091
00200716,paraformer-zh,0.0,0.0,0.0,0.0
00200716,zipformer-zh-en,0.0909,0.0909,0.0,0.0
00200716,sense-voice,0.0,0.0,0.0,0.0
00200812,whisper-tiny,0.4167,0.3333,0.1667,0.0
00200812,whisper-base,0.4167,0.3333,0.25,0.0
00200812,whisper-small,0.4167,0.3333,0.1667,0.0
00200812,vosk-cn,0.5,0.4167,0.3333,0.125
00200812,wav2vec2-zh,0.5833,0.3333,0.5,0.375
00200812,paraformer-zh,0.1667,0.1667,0.0833,0.0
00200812,zipformer-zh-en,0.4167,0.25,0.1667,0.1111111111111111
00200812,sense-voice,0.3333,0.3333,0.25,0.0
00200908,whisper-tiny,0.0,0.0,0.0,0.0
00200908,whisper-base,0.0,0.0,0.0,0.0
00200908,whisper-small,0.0,0.0,0.0,0.0
00200908,vosk-cn,0.0,0.0,0.0,0.0
00200908,wav2vec2-zh,0.0,0.0,0.0,0.0
00200908,paraformer-zh,0.0,0.0,0.0,0.0
00200908,zipformer-zh-en,0.0,0.0,0.0,0.0
00200908,sense-voice,0.0,0.0,0.0,0.0
00201004,whisper-tiny,0.2222,0.2222,0.2222,0.0
00201004,whisper-base,0.0,0.0,0.0,0.0
00201004,whisper-small,0.2222,0.2222,0.2222,0.0
00201004,vosk-cn,0.3333,0.2222,0.3333,0.1111111111111111
00201004,wav2vec2-zh,0.3333,0.3333,0.2222,0.0
00201004,paraformer-zh,0.2222,0.2222,0.2222,0.0
00201004,zipformer-zh-en,0.2222,0.2222,0.2222,0.0
00201004,sense-voice,0.2222,0.2222,0.2222,0.0
00201020,whisper-tiny,0.25,0.1875,0.125,0.07692307692307693
00201020,whisper-base,0.0625,0.0625,0.0625,0.0
00201020,whisper-small,0.0625,0.0625,0.0,0.0
00201020,vosk-cn,0.125,0.125,0.0625,0.0
00201020,wav2vec2-zh,0.4375,0.3125,0.3125,0.09090909090909091
00201020,paraformer-zh,0.0625,0.0625,0.0625,0.0
00201020,zipformer-zh-en,0.0625,0.0625,0.0625,0.0
00201020,sense-voice,0.0,0.0,0.0,0.0
00201116,whisper-tiny,0.0,0.0,0.0,0.0
00201116,whisper-base,0.0,0.0,0.0,0.0
00201116,whisper-small,0.0,0.0,0.0,0.0
00201116,vosk-cn,0.0909,0.0909,0.0909,0.0
00201116,wav2vec2-zh,0.1818,0.0909,0.1818,0.1
00201116,paraformer-zh,0.0,0.0,0.0,0.0
00201116,zipformer-zh-en,0.0909,0.0,0.0909,0.09090909090909091
00201116,sense-voice,0.0,0.0,0.0,0.0
00201212,whisper-tiny,0.1667,0.0833,0.0833,0.0
00201212,whisper-base,0.25,0.1667,0.1667,0.0
00201212,whisper-small,0.0833,0.0,0.0,0.0
00201212,vosk-cn,0.25,0.1667,0.25,0.1
00201212,wav2vec2-zh,0.25,0.1667,0.25,0.1
00201212,paraformer-zh,0.0,0.0,0.0,0.0
00201212,zipformer-zh-en,0.4167,0.25,0.25,0.1111111111111111
00201212,sense-voice,0.0,0.0,0.0,0.0
00201308,whisper-tiny,0.5,0.5,0.5,0.0
00201308,whisper-base,1.0,0.8333,0.8333,0.0
00201308,whisper-small,0.0,0.0,0.0,0.0
00201308,vosk-cn,0.0,0.0,0.0,0.0
00201308,wav2vec2-zh,0.3333,0.1667,0.3333,0.2
00201308,paraformer-zh,0.0,0.0,0.0,0.0
00201308,zipformer-zh-en,0.0,0.0,0.0,0.0
00201308,sense-voice,0.1667,0.1667,0.1667,0.0
00201404,whisper-tiny,0.0,0.0,0.0,0.0
00201404,whisper-base,0.0,0.0,0.0,0.0
00201404,whisper-small,0.0,0.0,0.0,0.0
00201404,vosk-cn,0.1111,0.0,0.2222,0.2222222222222222
00201404,wav2vec2-zh,0.1111,0.0,0.1111,0.1111111111111111
00201404,paraformer-zh,0.0,0.0,0.0,0.0
00201404,zipformer-zh-en,0.0,0.0,0.0,0.0
00201404,sense-voice,0.0,0.0,0.0,0.0
00201420,whisper-tiny,0.375,0.3125,0.3125,0.09090909090909091
00201420,whisper-base,0.0625,0.0625,0.0625,0.0
00201420,whisper-small,0.0625,0.0625,0.0625,0.0
00201420,vosk-cn,0.0625,0.0,0.0625,0.0625
00201420,wav2vec2-zh,0.3125,0.125,0.25,0.14285714285714285
00201420,paraformer-zh,0.0625,0.0625,0.0625,0.0
00201420,zipformer-zh-en,0.125,0.0625,0.125,0.06666666666666667
00201420,sense-voice,0.0625,0.0,0.0625,0.0625
00201516,whisper-tiny,0.1818,0.0,0.1818,0.18181818181818182
00201516,whisper-base,0.2727,0.0909,0.1818,0.1
00201516,whisper-small,0.0,0.0,0.0,0.0
00201516,vosk-cn,0.0909,0.0909,0.0909,0.0
00201516,wav2vec2-zh,0.4545,0.4545,0.4545,0.0
00201516,paraformer-zh,0.0,0.0,0.0,0.0
00201516,zipformer-zh-en,0.1818,0.0,0.1818,0.18181818181818182
00201516,sense-voice,0.0909,0.0909,0.0,0.0
00201612,whisper-tiny,0.0833,0.0,0.0,0.0
00201612,whisper-base,0.0833,0.0,0.0,0.0
00201612,whisper-small,0.0833,0.0,0.0,0.0
00201612,vosk-cn,0.0,0.0,0.0,0.0
00201612,wav2vec2-zh,0.0833,0.0,0.0,0.0
00201612,paraformer-zh,0.0,0.0,0.0,0.0
00201612,zipformer-zh-en,0.0833,0.0,0.0,0.0
00201612,sense-voice,0.0,0.0,0.0,0.0
00201737,whisper-tiny,0.3333,0.1111,0.3333,0.25
00201737,whisper-base,0.3333,0.1111,0.3333,0.25
00201737,whisper-small,0.3333,0.1111,0.2222,0.25
00201737,vosk-cn,0.3333,0.3333,0.3333,0.0
00201737,wav2vec2-zh,0.3333,0.1111,0.3333,0.25
00201737,paraformer-zh,0.0,0.0,0.0,0.0
00201737,zipformer-zh-en,0.4444,0.3333,0.2222,0.16666666666666666
00201737,sense-voice,0.2222,0.1111,0.1111,0.125
00201753,whisper-tiny,0.5833,0.4167,0.4167,0.2222222222222222
00201753,whisper-base,0.75,0.4167,0.5,0.42857142857142855
00201753,whisper-small,0.5,0.3333,0.3333,0.2222222222222222
00201753,vosk-cn,0.5833,0.4167,0.4167,0.1111111111111111
00201753,wav2vec2-zh,0.5,0.25,0.25,0.2222222222222222
00201753,paraformer-zh,0.5833,0.4167,0.4167,0.1111111111111111
00201753,zipformer-zh-en,0.5833,0.4167,0.4167,0.2222222222222222
00201753,sense-voice,0.5,0.4167,0.3333,0.1111111111111111
00201811,whisper-tiny,0.7778,0.4444,0.4444,0.0
00201811,whisper-base,0.6667,0.2222,0.3333,0.14285714285714285
00201811,whisper-small,0.3333,0.2222,0.2222,0.0
00201811,vosk-cn,0.5556,0.4444,0.4444,0.0
00201811,wav2vec2-zh,0.5556,0.3333,0.4444,0.14285714285714285
00201811,paraformer-zh,0.3333,0.3333,0.3333,0.0
00201811,zipformer-zh-en,0.5556,0.4444,0.4444,0.0
00201811,sense-voice,0.4444,0.4444,0.4444,0.0
00201907,whisper-tiny,0.2,0.2,0.2,0.0
00201907,whisper-base,0.4,0.4,0.4,0.0
00201907,whisper-small,0.6,0.5,0.6,0.1111111111111111
00201907,vosk-cn,0.4,0.4,0.4,0.0
00201907,wav2vec2-zh,0.7,0.5,0.5,0.2222222222222222
00201907,paraformer-zh,0.4,0.4,0.4,0.0
00201907,zipformer-zh-en,0.4,0.4,0.4,0.0
00201907,sense-voice,0.4,0.4,0.4,0.0
00202003,whisper-tiny,0.25,0.25,0.25,0.0
00202003,whisper-base,0.0,0.0,0.0,0.0
00202003,whisper-small,0.0,0.0,0.0,0.0
00202003,vosk-cn,0.0,0.0,0.0,0.0
00202003,wav2vec2-zh,0.0,0.0,0.0,0.0
00202003,paraformer-zh,0.0,0.0,0.0,0.0
00202003,zipformer-zh-en,0.0,0.0,0.0,0.0
00202003,sense-voice,0.0,0.0,0.0,0.0
00202019,whisper-tiny,0.2857,0.2857,0.1429,0.0
00202019,whisper-base,0.0,0.0,0.0,0.0
00202019,whisper-small,0.0,0.0,0.0,0.0
00202019,vosk-cn,0.0,0.0,0.0,0.0
00202019,wav2vec2-zh,0.1429,0.1429,0.1429,0.0
00202019,paraformer-zh,0.0,0.0,0.0,0.0
00202019,zipformer-zh-en,0.0,0.0,0.0,0.0
00202019,sense-voice,0.1429,0.1429,0.1429,0.0
00202115,whisper-tiny,0.1429,0.1429,0.1429,0.0
00202115,whisper-base,0.0,0.0,0.0,0.0
00202115,whisper-small,0.0,0.0,0.0,0.0
00202115,vosk-cn,0.0,0.0,0.0,0.0
00202115,wav2vec2-zh,0.2857,0.2857,0.2857,0.0
00202115,paraformer-zh,0.0,0.0,0.0,0.0
00202115,zipformer-zh-en,0.2857,0.2857,0.2857,0.0
00202115,sense-voice,0.0,0.0,0.0,0.0
00202211,whisper-tiny,0.3333,0.3333,0.2222,0.0
00202211,whisper-base,0.0,0.0,0.0,0.0
00202211,whisper-small,0.0,0.0,0.0,0.0
00202211,vosk-cn,0.1111,0.1111,0.0,0.0
00202211,wav2vec2-zh,0.4444,0.2222,0.3333,0.2857142857142857
00202211,paraformer-zh,0.0,0.0,0.0,0.0
00202211,zipformer-zh-en,0.0,0.0,0.0,0.0
00202211,sense-voice,0.0,0.0,0.0,0.0
00202307,whisper-tiny,0.6667,0.3333,0.3333,0.16666666666666666
00202307,whisper-base,0.4444,0.2222,0.2222,0.0
00202307,whisper-small,0.3333,0.1111,0.1111,0.0
00202307,vosk-cn,0.1111,0.1111,0.1111,0.0
00202307,wav2vec2-zh,0.3333,0.1111,0.1111,0.0
00202307,paraformer-zh,0.1111,0.1111,0.1111,0.0
00202307,zipformer-zh-en,0.1111,0.1111,0.1111,0.0
00202307,sense-voice,0.1111,0.1111,0.1111,0.0
00202323,whisper-tiny,0.3636,0.2727,0.2727,0.125
00202323,whisper-base,0.0909,0.0909,0.0909,0.0
00202323,whisper-small,0.0909,0.0909,0.0909,0.0
00202323,vosk-cn,0.1818,0.1818,0.0909,0.0
00202323,wav2vec2-zh,0.2727,0.1818,0.1818,0.1111111111111111
00202323,paraformer-zh,0.0909,0.0909,0.0909,0.0
00202323,zipformer-zh-en,0.0909,0.0909,0.0909,0.0
00202323,sense-voice,0.0909,0.0909,0.0909,0.0
00202339,whisper-tiny,0.5,0.5,0.5,0.0
00202339,whisper-base,0.1667,0.1667,0.1667,0.0
00202339,whisper-small,0.1667,0.1667,0.0,0.0
00202339,vosk-cn,0.8333,0.8333,0.8333,0.2
00202339,wav2vec2-zh,0.6667,0.3333,0.6667,0.4
00202339,paraformer-zh,0.8333,0.8333,0.6667,0.0
00202339,zipformer-zh-en,0.8333,0.8333,0.8333,0.2
00202339,sense-voice,0.3333,0.3333,0.1667,0.0
00202355,whisper-tiny,0.2353,0.2353,0.1765,0.0
00202355,whisper-base,0.2941,0.2353,0.2353,0.06666666666666667
00202355,whisper-small,0.3529,0.2941,0.2941,0.06666666666666667
00202355,vosk-cn,0.3529,0.2353,0.3529,0.23529411764705882
00202355,wav2vec2-zh,0.2941,0.2353,0.1765,0.06666666666666667
00202355,paraformer-zh,0.2353,0.2353,0.2353,0.0
00202355,zipformer-zh-en,0.2941,0.2941,0.2941,0.0
00202355,sense-voice,0.2353,0.2353,0.2353,0.0
00202409,whisper-tiny,0.3333,0.0833,0.3333,0.25
00202409,whisper-base,0.3333,0.1667,0.25,0.2
00202409,whisper-small,0.0,0.0,0.0,0.0
00202409,vosk-cn,0.0,0.0,0.0,0.0
00202409,wav2vec2-zh,0.3333,0.0833,0.0833,0.0
00202409,paraformer-zh,0.0833,0.0,0.0833,0.08333333333333333
00202409,zipformer-zh-en,0.0833,0.0,0.1667,0.16666666666666666
00202409,sense-voice,0.0,0.0,0.0,0.0
00202425,whisper-tiny,0.0833,0.0833,0.0,0.0
00202425,whisper-base,0.0,0.0,0.0,0.0
00202425,whisper-small,0.0,0.0,0.0,0.0
00202425,vosk-cn,0.0,0.0,0.0,0.0
00202425,wav2vec2-zh,0.0833,0.0,0.0833,0.08333333333333333
00202425,paraformer-zh,0.0,0.0,0.0,0.0
00202425,zipformer-zh-en,0.0,0.0,0.0,0.0
00202425,sense-voice,0.0,0.0,0.0,0.0
00202441,whisper-tiny,0.0,0.0,0.0,0.0
00202441,whisper-base,0.0,0.0,0.0,0.0
00202441,whisper-small,0.0,0.0,0.0,0.0
00202441,vosk-cn,0.0,0.0,0.0,0.0
00202441,wav2vec2-zh,0.0,0.0,0.0,0.0
00202441,paraformer-zh,0.0,0.0,0.0,0.0
00202441,zipformer-zh-en,0.0,0.0,0.0,0.0
00202441,sense-voice,0.0,0.0,0.0,0.0
00202457,whisper-tiny,0.625,0.0,0.125,0.125
00202457,whisper-base,0.5,0.375,0.25,0.0
00202457,whisper-small,0.625,0.375,0.125,0.2
00202457,vosk-cn,0.75,0.375,0.375,0.0
00202457,wav2vec2-zh,0.875,0.625,0.125,0.0
00202457,paraformer-zh,0.625,0.125,0.25,0.14285714285714285
00202457,zipformer-zh-en,0.75,0.125,0.25,0.2857142857142857
00202457,sense-voice,0.0,0.0,0.0,0.0
00202511,whisper-tiny,0.3077,0.0769,0.0769,0.0
00202511,whisper-base,0.1538,0.0769,0.0769,0.0
00202511,whisper-small,0.1538,0.0769,0.0,0.0
00202511,vosk-cn,0.2308,0.1538,0.1538,0.0
00202511,wav2vec2-zh,0.2308,0.0769,0.0769,0.0
00202511,paraformer-zh,0.1538,0.1538,0.1538,0.0
00202511,zipformer-zh-en,0.3077,0.2308,0.2308,0.0
00202511,sense-voice,0.1538,0.1538,0.1538,0.0
00202527,whisper-tiny,0.1667,0.0,0.0833,0.08333333333333333
00202527,whisper-base,0.1667,0.0,0.0833,0.08333333333333333
00202527,whisper-small,0.0,0.0,0.0,0.0
00202527,vosk-cn,0.0,0.0,0.0,0.0
00202527,wav2vec2-zh,0.0,0.0,0.0,0.0
00202527,paraformer-zh,0.0,0.0,0.0,0.0
00202527,zipformer-zh-en,0.0,0.0,0.0,0.0
00202527,sense-voice,0.0,0.0,0.0,0.0
00202614,whisper-tiny,0.7895,0.7368,0.5263,0.18181818181818182
00202614,whisper-base,0.5263,0.3684,0.3158,0.14285714285714285
00202614,whisper-small,0.2632,0.1579,0.2105,0.125
00202614,vosk-cn,1.2105,1.0,0.8947,0.4166666666666667
00202614,wav2vec2-zh,0.9474,0.6316,0.6842,0.46153846153846156
00202614,paraformer-zh,1.1053,1.0526,0.7368,0.1111111111111111
00202614,zipformer-zh-en,0.8421,0.8421,0.6316,0.08333333333333333
00202614,sense-voice,0.6842,0.6316,0.6842,0.0625
00202630,whisper-tiny,0.2727,0.0909,0.0,0.0
00202630,whisper-base,0.1818,0.0909,0.0,0.0
00202630,whisper-small,0.2727,0.0909,0.0909,0.1
00202630,vosk-cn,0.3636,0.1818,0.0909,0.0
00202630,wav2vec2-zh,0.5455,0.1818,0.2727,0.2222222222222222
00202630,paraformer-zh,0.0,0.0,0.0,0.0
00202630,zipformer-zh-en,0.1818,0.0909,0.0,0.0
00202630,sense-voice,0.0,0.0,0.0,0.0
00202646,whisper-tiny,0.0,0.0,0.0,0.0
00202646,whisper-base,1.1429,0.7143,1.0,0.5
00202646,whisper-small,0.2857,0.2857,0.2857,0.0
00202646,vosk-cn,0.7143,0.5714,0.5714,0.2
00202646,wav2vec2-zh,0.7143,0.4286,0.5714,0.16666666666666666
00202646,paraformer-zh,0.4286,0.4286,0.4286,0.0
00202646,zipformer-zh-en,0.5714,0.5714,0.5714,0.0
00202646,sense-voice,0.2857,0.2857,0.2857,0.0
00202662,whisper-tiny,0.4,0.1333,0.2,0.15384615384615385
00202662,whisper-base,0.3333,0.2,0.2667,0.07692307692307693
00202662,whisper-small,0.2667,0.1333,0.2,0.07692307692307693
00202662,vosk-cn,0.5333,0.3333,0.4,0.2727272727272727
00202662,wav2vec2-zh,0.4667,0.2,0.4667,0.3076923076923077
00202662,paraformer-zh,0.1333,0.1333,0.1333,0.0
00202662,zipformer-zh-en,0.4,0.2,0.4,0.23076923076923078
00202662,sense-voice,0.2,0.2,0.2,0.0
00202716,whisper-tiny,0.25,0.125,0.25,0.14285714285714285
00202716,whisper-base,0.0,0.0,0.0,0.0
00202716,whisper-small,0.125,0.125,0.125,0.0
00202716,vosk-cn,0.375,0.125,0.25,0.14285714285714285
00202716,wav2vec2-zh,0.25,0.125,0.25,0.14285714285714285
00202716,paraformer-zh,0.125,0.125,0.125,0.0
00202716,zipformer-zh-en,0.25,0.125,0.125,0.0
00202716,sense-voice,0.0,0.0,0.0,0.0
00202732,whisper-tiny,1.8,1.6,1.8,0.5
00202732,whisper-base,0.8,0.4,0.4,0.4
00202732,whisper-small,1.2,0.8,0.8,0.4
00202732,vosk-cn,1.4,1.0,1.0,0.4
00202732,wav2vec2-zh,1.2,0.8,0.8,0.4
00202732,paraformer-zh,1.6,1.4,1.2,0.25
00202732,zipformer-zh-en,2.0,1.4,1.8,0.75
00202732,sense-voice,1.6,1.4,1.2,0.25
00202748,whisper-tiny,0.4762,0.381,0.4762,0.1111111111111111
00202748,whisper-base,0.2381,0.1905,0.2381,0.05263157894736842
00202748,whisper-small,0.0,0.0,0.0,0.0
00202748,vosk-cn,0.6667,0.5714,0.619,0.05
00202748,wav2vec2-zh,0.7143,0.5714,0.5238,0.05263157894736842
00202748,paraformer-zh,0.5238,0.5238,0.5238,0.0
00202748,zipformer-zh-en,0.5238,0.5238,0.5238,0.0
00202748,sense-voice,0.5238,0.5238,0.5238,0.0
00202802,whisper-tiny,0.3333,0.1111,0.2222,0.125
00202802,whisper-base,0.2222,0.0,0.1111,0.1111111111111111
00202802,whisper-small,0.1111,0.1111,0.1111,0.0
00202802,vosk-cn,0.0,0.0,0.0,0.0
00202802,wav2vec2-zh,0.4444,0.2222,0.4444,0.2857142857142857
00202802,paraformer-zh,0.5556,0.4444,0.4444,0.2
00202802,zipformer-zh-en,0.3333,0.2222,0.3333,0.14285714285714285
00202802,sense-voice,0.1111,0.1111,0.1111,0.0
00202818,whisper-tiny,0.8182,0.4545,0.3636,0.3333333333333333
00202818,whisper-base,0.5455,0.2727,0.5455,0.5
00202818,whisper-small,0.7273,0.4545,0.6364,0.6666666666666666
00202818,vosk-cn,0.5455,0.4545,0.4545,0.16666666666666666
00202818,wav2vec2-zh,0.6364,0.3636,0.5455,0.42857142857142855
00202818,paraformer-zh,0.0,0.0,0.0,0.0
00202818,zipformer-zh-en,0.5455,0.3636,0.4545,0.2857142857142857
00202818,sense-voice,0.0909,0.0909,0.0909,0.0
00202834,whisper-tiny,0.6667,0.6667,0.6667,0.0
00202834,whisper-base,0.7778,0.6667,0.6667,0.14285714285714285
00202834,whisper-small,0.3333,0.2222,0.3333,0.14285714285714285
00202834,vosk-cn,1.0,0.7778,0.7778,0.2857142857142857
00202834,wav2vec2-zh,0.8889,0.6667,0.6667,0.2857142857142857
00202834,paraformer-zh,0.7778,0.7778,0.7778,0.0
00202834,zipformer-zh-en,0.8889,0.7778,0.7778,0.16666666666666666
00202834,sense-voice,0.5556,0.5556,0.5556,0.0
00202850,whisper-tiny,0.25,0.1667,0.0833,0.0
00202850,whisper-base,0.1667,0.1667,0.1667,0.0
00202850,whisper-small,0.1667,0.0833,0.1667,0.09090909090909091
00202850,vosk-cn,0.3333,0.25,0.25,0.1111111111111111
00202850,wav2vec2-zh,0.5,0.3333,0.3333,0.0
00202850,paraformer-zh,0.3333,0.3333,0.25,0.0
00202850,zipformer-zh-en,0.25,0.25,0.3333,0.1111111111111111
00202850,sense-voice,0.1667,0.1667,0.25,0.1
00202904,whisper-tiny,0.0,0.0,0.0,0.0
00202904,whisper-base,0.0,0.0,0.0,0.0
00202904,whisper-small,0.0,0.0,0.0,0.0
00202904,vosk-cn,0.1,0.1,0.1,0.0
00202904,wav2vec2-zh,0.2,0.1,0.0,0.0
00202904,paraformer-zh,0.0,0.0,0.0,0.0
00202904,zipformer-zh-en,0.0,0.0,0.0,0.0
00202904,sense-voice,0.0,0.0,0.0,0.0
00202920,whisper-tiny,0.0,0.0,0.0,0.0
00202920,whisper-base,0.0,0.0,0.0,0.0
00202920,whisper-small,0.0,0.0,0.0,0.0
00202920,vosk-cn,0.0,0.0,0.0,0.0
00202920,wav2vec2-zh,0.2222,0.1111,0.1111,0.125
00202920,paraformer-zh,0.0,0.0,0.0,0.0
00202920,zipformer-zh-en,0.0,0.0,0.0,0.0
00202920,sense-voice,0.0,0.0,0.0,0.0
00202936,whisper-tiny,0.0,0.0,0.0,0.0
00202936,whisper-base,0.0,0.0,0.0,0.0
00202936,whisper-small,0.0,0.0,0.0,0.0
00202936,vosk-cn,0.1818,0.0909,0.0,0.0
00202936,wav2vec2-zh,0.2727,0.0909,0.1818,0.1
00202936,paraformer-zh,0.0,0.0,0.0,0.0
00202936,zipformer-zh-en,0.0,0.0,0.0,0.0
00202936,sense-voice,0.0,0.0,0.0,0.0
00202952,whisper-tiny,0.1875,0.125,0.1875,0.07142857142857142
00202952,whisper-base,0.125,0.125,0.125,0.0
00202952,whisper-small,0.1875,0.125,0.1875,0.07142857142857142
00202952,vosk-cn,0.125,0.125,0.125,0.0
00202952,wav2vec2-zh,0.375,0.1875,0.4375,0.3076923076923077
00202952,paraformer-zh,0.0,0.0,0.0,0.0
00202952,zipformer-zh-en,0.25,0.0625,0.1875,0.13333333333333333
00202952,sense-voice,0.0,0.0,0.0,0.0
00203006,whisper-tiny,0.1875,0.0625,0.0625,0.06666666666666667
00203006,whisper-base,0.25,0.0625,0.125,0.13333333333333333
00203006,whisper-small,0.1875,0.0,0.125,0.125
00203006,vosk-cn,0.25,0.1875,0.1875,0.07692307692307693
00203006,wav2vec2-zh,0.3125,0.0,0.25,0.25
00203006,paraformer-zh,0.0625,0.0,0.0625,0.0625
00203006,zipformer-zh-en,0.125,0.0625,0.125,0.06666666666666667
00203006,sense-voice,0.0625,0.0,0.0625,0.0625
00203022,whisper-tiny,0.15,0.1,0.1,0.05263157894736842
00203022,whisper-base,0.1,0.05,0.1,0.05263157894736842
00203022,whisper-small,0.1,0.05,0.05,0.05263157894736842
00203022,vosk-cn,0.35,0.25,0.2,0.0625
00203022,wav2vec2-zh,0.2,0.05,0.2,0.15789473684210525
00203022,paraformer-zh,0.05,0.05,0.0,0.0
00203022,zipformer-zh-en,0.15,0.1,0.1,0.05555555555555555
00203022,sense-voice,0.1,0.05,0.05,0.05263157894736842
00203109,whisper-tiny,0.6667,0.6667,0.5833,0.0
00203109,whisper-base,0.75,0.5833,0.5833,0.4
00203109,whisper-small,0.3333,0.25,0.25,0.1111111111111111
00203109,vosk-cn,0.0,0.0,0.0,0.0
00203109,wav2vec2-zh,0.9167,0.5,0.5833,0.5
00203109,paraformer-zh,0.3333,0.25,0.3333,0.1111111111111111
00203109,zipformer-zh-en,0.5833,0.5,0.4167,0.0
00203109,sense-voice,0.1667,0.0833,0.0833,0.09090909090909091
00203125,whisper-tiny,0.4167,0.1667,0.0833,0.0
00203125,whisper-base,0.5833,0.25,0.25,0.1
00203125,whisper-small,0.1667,0.1667,0.1667,0.0
00203125,vosk-cn,0.0833,0.0833,0.0833,0.0
00203125,wav2vec2-zh,0.3333,0.25,0.25,0.0
00203125,paraformer-zh,0.0833,0.0833,0.0833,0.0
00203125,zipformer-zh-en,0.0833,0.0833,0.0833,0.0
00203125,sense-voice,0.0833,0.0833,0.0833,0.0
00203141,whisper-tiny,0.75,0.625,0.625,0.25
00203141,whisper-base,0.25,0.25,0.25,0.0
00203141,whisper-small,0.0,0.0,0.0,0.0
00203141,vosk-cn,0.5,0.375,0.5,0.2
00203141,wav2vec2-zh,0.5,0.25,0.375,0.3333333333333333
00203141,paraformer-zh,0.0,0.0,0.0,0.0
00203141,zipformer-zh-en,0.125,0.0,0.125,0.125
00203141,sense-voice,0.0,0.0,0.0,0.0
00203157,whisper-tiny,1.0,1.0,0.625,
00203157,whisper-base,0.75,0.625,0.5,0.25
00203157,whisper-small,0.625,0.25,0.25,0.0
00203157,vosk-cn,0.75,0.625,0.375,0.0
00203157,wav2vec2-zh,0.875,0.75,0.5,0.5
00203157,paraformer-zh,0.875,0.25,0.375,0.16666666666666666
00203157,zipformer-zh-en,0.75,0.25,0.375,0.16666666666666666
00203157,sense-voice,0.875,0.25,0.375,0.16666666666666666
00203211,whisper-tiny,0.3846,0.0769,0.1538,0.16666666666666666
00203211,whisper-base,0.3846,0.0769,0.1538,0.16666666666666666
00203211,whisper-small,0.2308,0.0769,0.0769,0.08333333333333333
00203211,vosk-cn,0.3846,0.2308,0.2308,0.1
00203211,wav2vec2-zh,0.2308,0.0769,0.1538,0.16666666666666666
00203211,paraformer-zh,0.0769,0.0769,0.0769,0.0
00203211,zipformer-zh-en,0.3077,0.0769,0.3077,0.25
00203211,sense-voice,0.1538,0.0769,0.0769,0.0
00203301,whisper-tiny,0.2727,0.1818,0.0,0.0
00203301,whisper-base,0.3636,0.1818,0.0909,0.0
00203301,whisper-small,0.1818,0.0909,0.0,0.0
00203301,vosk-cn,0.0909,0.0,0.0,0.0
00203301,wav2vec2-zh,0.2727,0.0909,0.0,0.0
00203301,paraformer-zh,0.0909,0.0,0.0,0.0
00203301,zipformer-zh-en,0.0909,0.0,0.0,0.0
00203301,sense-voice,0.1818,0.0909,0.0,0.0
00203317,whisper-tiny,0.4444,0.2222,0.3333,0.2857142857142857
00203317,whisper-base,0.4444,0.2222,0.3333,0.2857142857142857
00203317,whisper-small,0.3333,0.1111,0.0,0.0
00203317,vosk-cn,0.1111,0.1111,0.0,0.0
00203317,wav2vec2-zh,0.4444,0.2222,0.1111,0.0
00203317,paraformer-zh,0.0,0.0,0.0,0.0
00203317,zipformer-zh-en,0.1111,0.1111,0.0,0.0
00203317,sense-voice,0.0,0.0,0.0,0.0
00203333,whisper-tiny,0.1667,0.0,0.1667,0.16666666666666666
00203333,whisper-base,0.1667,0.0,0.0,0.0
00203333,whisper-small,0.1667,0.0,0.1667,0.16666666666666666
00203333,vosk-cn,0.0,0.0,0.0,0.0
00203333,wav2vec2-zh,0.3333,0.1667,0.1667,0.2
00203333,paraformer-zh,0.0,0.0,0.0,0.0
00203333,zipformer-zh-en,0.1667,0.0,0.0,0.0
00203333,sense-voice,0.0,0.0,0.0,0.0
00203349,whisper-tiny,0.0667,0.0667,0.0667,0.0
00203349,whisper-base,0.0,0.0,0.0,0.0
00203349,whisper-small,0.0,0.0,0.0,0.0
00203349,vosk-cn,0.0667,0.0667,0.0667,0.0
00203349,wav2vec2-zh,0.1333,0.0667,0.0667,0.0
00203349,paraformer-zh,0.0667,0.0667,0.0667,0.0
00203349,zipformer-zh-en,0.0667,0.0667,0.0667,0.0
00203349,sense-voice,0.0667,0.0667,0.0667,0.0
00203403,whisper-tiny,0.25,0.25,0.0625,0.0
00203403,whisper-base,0.0625,0.0625,0.0625,0.0
00203403,whisper-small,0.0,0.0,0.0,0.0
00203403,vosk-cn,0.0,0.0,0.0,0.0
00203403,wav2vec2-zh,0.0625,0.0625,0.0,0.0
00203403,paraformer-zh,0.0,0.0,0.0,0.0
00203403,zipformer-zh-en,0.0,0.0,0.0,0.0
00203403,sense-voice,0.0,0.0,0.0,0.0
00203419,whisper-tiny,0.2308,0.1538,0.0769,0.0
00203419,whisper-base,0.1538,0.0,0.0,0.0
00203419,whisper-small,0.0769,0.0,0.0,0.0
00203419,vosk-cn,0.2308,0.2308,0.1538,0.0
00203419,wav2vec2-zh,0.4615,0.1538,0.0769,0.0
00203419,paraformer-zh,0.0769,0.0769,0.0769,0.0
00203419,zipformer-zh-en,0.0769,0.0769,0.0769,0.0
00203419,sense-voice,0.0769,0.0769,0.0769,0.0
00203506,whisper-tiny,0.0625,0.0,0.0,0.0
00203506,whisper-base,0.0,0.0,0.0,0.0
00203506,whisper-small,0.125,0.0625,0.0625,0.06666666666666667
00203506,vosk-cn,0.1875,0.125,0.125,0.07142857142857142
00203506,wav2vec2-zh,0.25,0.0625,0.0625,0.06666666666666667
00203506,paraformer-zh,0.125,0.0625,0.0625,0.06666666666666667
00203506,zipformer-zh-en,0.125,0.0625,0.0625,0.06666666666666667
00203506,sense-voice,0.0625,0.0625,0.0,0.0
00203522,whisper-tiny,0.3,0.1,0.15,0.1111111111111111
00203522,whisper-base,0.2,0.1,0.05,0.05555555555555555
00203522,whisper-small,0.15,0.05,0.05,0.05263157894736842
00203522,vosk-cn,0.35,0.2,0.2,0.125
00203522,wav2vec2-zh,0.45,0.15,0.3,0.29411764705882354
00203522,paraformer-zh,0.15,0.1,0.1,0.05555555555555555
00203522,zipformer-zh-en,0.15,0.1,0.05,0.05555555555555555
00203522,sense-voice,0.1,0.05,0.1,0.05263157894736842
00203609,whisper-tiny,0.8333,0.4167,0.5833,0.7142857142857143
00203609,whisper-base,0.5,0.1667,0.4167,0.4
00203609,whisper-small,0.3333,0.0833,0.3333,0.2727272727272727
00203609,vosk-cn,0.1667,0.1667,0.1667,0.0
00203609,wav2vec2-zh,0.6667,0.3333,0.5833,0.5
00203609,paraformer-zh,0.0833,0.0833,0.0833,0.0
00203609,zipformer-zh-en,0.5833,0.3333,0.5833,0.5
00203609,sense-voice,0.25,0.1667,0.25,0.1
00203625,whisper-tiny,0.0,0.0,0.0,0.0
00203625,whisper-base,0.0,0.0,0.0,0.0
00203625,whisper-small,0.1667,0.0833,0.1667,0.09090909090909091
00203625,vosk-cn,0.0,0.0,0.0,0.0
00203625,wav2vec2-zh,0.25,0.0,0.25,0.25
00203625,paraformer-zh,0.0,0.0,0.0,0.0
00203625,zipformer-zh-en,0.0833,0.0,0.0833,0.08333333333333333
00203625,sense-voice,0.0,0.0,0.0,0.0
00203641,whisper-tiny,0.25,0.0,0.125,0.125
00203641,whisper-base,0.25,0.125,0.125,0.0
00203641,whisper-small,0.0,0.0,0.0,0.0
00203641,vosk-cn,0.0,0.0,0.0,0.0
00203641,wav2vec2-zh,0.25,0.125,0.125,0.0
00203641,paraformer-zh,0.0,0.0,0.0,0.0
00203641,zipformer-zh-en,0.25,0.0,0.125,0.125
00203641,sense-voice,0.0,0.0,0.0,0.0
00203657,whisper-tiny,0.25,0.125,0.25,0.14285714285714285
00203657,whisper-base,0.625,0.5,0.5,0.25
00203657,whisper-small,0.5,0.375,0.375,0.2
00203657,vosk-cn,0.625,0.375,0.5,0.4
00203657,wav2vec2-zh,0.75,0.5,0.125,0.25
00203657,paraformer-zh,0.125,0.125,0.125,0.0
00203657,zipformer-zh-en,0.75,0.25,0.375,0.3333333333333333
00203657,sense-voice,0.125,0.125,0.125,0.0
00203711,whisper-tiny,0.6923,0.4615,0.4615,0.25
00203711,whisper-base,0.6154,0.1538,0.2308,0.2727272727272727
00203711,whisper-small,0.6154,0.1538,0.4615,0.45454545454545453
00203711,vosk-cn,0.5385,0.3077,0.4615,0.2222222222222222
00203711,wav2vec2-zh,0.5385,0.1538,0.3077,0.36363636363636365
00203711,paraformer-zh,0.3846,0.0769,0.3077,0.25
00203711,zipformer-zh-en,0.3846,0.0769,0.3077,0.3333333333333333
00203711,sense-voice,0.1538,0.0769,0.0769,0.08333333333333333
00203727,whisper-tiny,0.3333,0.0,0.3333,0.3333333333333333
00203727,whisper-base,0.25,0.0,0.1667,0.16666666666666666
00203727,whisper-small,0.25,0.0833,0.1667,0.18181818181818182
00203727,vosk-cn,0.25,0.1667,0.0833,0.1
00203727,wav2vec2-zh,0.4167,0.0833,0.3333,0.36363636363636365
00203727,paraformer-zh,0.0833,0.0833,0.0,0.0
00203727,zipformer-zh-en,0.1667,0.0833,0.0833,0.09090909090909091
00203727,sense-voice,0.0833,0.0,0.0833,0.08333333333333333
00203743,whisper-tiny,1.125,0.75,0.625,0.3333333333333333
00203743,whisper-base,0.875,0.625,0.5,0.25
00203743,whisper-small,1.0,0.5,0.625,0.4
00203743,vosk-cn,0.875,0.5,0.5,0.16666666666666666
00203743,wav2vec2-zh,0.875,0.75,0.625,0.0
00203743,paraformer-zh,0.75,0.5,0.625,0.3333333333333333
00203743,zipformer-zh-en,0.875,0.5,0.75,0.6
00203743,sense-voice,0.75,0.5,0.625,0.3333333333333333
00203759,whisper-tiny,0.4667,0.2667,0.4,0.2727272727272727
00203759,whisper-base,0.6667,0.4667,0.5333,0.25
00203759,whisper-small,0.3333,0.1333,0.2667,0.23076923076923078
00203759,vosk-cn,0.4667,0.2667,0.2,0.18181818181818182
00203759,wav2vec2-zh,0.4667,0.2667,0.2667,0.2727272727272727
00203759,paraformer-zh,0.1333,0.0,0.1333,0.13333333333333333
00203759,zipformer-zh-en,0.4667,0.2,0.3333,0.3333333333333333
00203759,sense-voice,0.0667,0.0,0.0667,0.06666666666666667
00203813,whisper-tiny,1.0,1.0,0.7273,0.0
00203813,whisper-base,0.4545,0.2727,0.1818,0.125
00203813,whisper-small,0.2727,0.1818,0.0909,0.1111111111111111
00203813,vosk-cn,0.2727,0.2727,0.2727,0.1111111111111111
00203813,wav2vec2-zh,0.4545,0.3636,0.3636,0.25
00203813,paraformer-zh,0.1818,0.1818,0.1818,0.0
00203813,zipformer-zh-en,0.4545,0.3636,0.2727,0.25
00203813,sense-voice,0.1818,0.1818,0.1818,0.0
00203829,whisper-tiny,0.5385,0.3846,0.3077,0.2
00203829,whisper-base,0.4615,0.3077,0.3077,0.2222222222222222
00203829,whisper-small,0.2308,0.0769,0.1538,0.16666666666666666
00203829,vosk-cn,0.4615,0.3077,0.3846,0.18181818181818182
00203829,wav2vec2-zh,0.6154,0.4615,0.3846,0.2222222222222222
00203829,paraformer-zh,0.3846,0.3077,0.3077,0.09090909090909091
00203829,zipformer-zh-en,0.4615,0.3077,0.3077,0.18181818181818182
00203829,sense-voice,0.2308,0.2308,0.2308,0.0
00203845,whisper-tiny,0.2,0.1333,0.2,0.07692307692307693
00203845,whisper-base,0.2,0.2,0.1333,0.0
00203845,whisper-small,0.1333,0.1333,0.0667,0.0
00203845,vosk-cn,0.1333,0.1333,0.0667,0.0
00203845,wav2vec2-zh,0.2,0.2,0.1333,0.0
00203845,paraformer-zh,0.0667,0.0667,0.0667,0.0
00203845,zipformer-zh-en,0.1333,0.1333,0.0667,0.0
00203845,sense-voice,0.1333,0.1333,0.1333,0.0
00203861,whisper-tiny,0.2,0.0,0.1,0.1
00203861,whisper-base,0.3,0.2,0.1,0.0
00203861,whisper-small,0.1,0.0,0.1,0.1
00203861,vosk-cn,0.1,0.1,0.1,0.0
00203861,wav2vec2-zh,0.3,0.1,0.2,0.2
00203861,paraformer-zh,0.1,0.1,0.1,0.0
00203861,zipformer-zh-en,0.1,0.1,0.1,0.0
00203861,sense-voice,0.1,0.1,0.1,0.0
00203915,whisper-tiny,0.6667,0.5556,0.5,0.07142857142857142
00203915,whisper-base,0.6667,0.5,0.4444,0.13333333333333333
00203915,whisper-small,0.5556,0.4444,0.5,0.1875
00203915,vosk-cn,1.0,0.8333,0.8889,0.3076923076923077
00203915,wav2vec2-zh,0.8889,0.5,0.8333,0.4375
00203915,paraformer-zh,0.8333,0.6111,0.7778,0.17647058823529413
00203915,zipformer-zh-en,0.7778,0.5556,0.6667,0.3333333333333333
00203915,sense-voice,0.6667,0.6111,0.6111,0.07142857142857142
00203931,whisper-tiny,0.0,0.0,0.0,0.0
00203931,whisper-base,0.0,0.0,0.0,0.0
00203931,whisper-small,0.1111,0.0,0.1111,0.1111111111111111
00203931,vosk-cn,0.8889,0.6667,0.8889,0.4
00203931,wav2vec2-zh,0.6667,0.3333,0.5556,0.5
00203931,paraformer-zh,0.0,0.0,0.0,0.0
00203931,zipformer-zh-en,0.4444,0.3333,0.3333,0.16666666666666666
00203931,sense-voice,0.0,0.0,0.0,0.0
00203947,whisper-tiny,0.3333,0.0,0.1667,0.16666666666666666
00203947,whisper-base,0.25,0.0,0.0833,0.08333333333333333
00203947,whisper-small,0.3333,0.0,0.1667,0.16666666666666666
00203947,vosk-cn,0.5833,0.5,0.5833,0.14285714285714285
00203947,wav2vec2-zh,0.5833,0.25,0.5,0.3333333333333333
00203947,paraformer-zh,0.0833,0.0,0.0,0.0
00203947,zipformer-zh-en,0.3333,0.1667,0.25,0.1
00203947,sense-voice,0.3333,0.0833,0.25,0.16666666666666666
00204001,whisper-tiny,0.5455,0.1818,0.2727,0.2222222222222222
00204001,whisper-base,0.8182,0.3636,0.4545,0.2857142857142857
00204001,whisper-small,1.0,0.6364,0.5455,0.6
00204001,vosk-cn,0.6364,0.2727,0.3636,0.125
00204001,wav2vec2-zh,0.5455,0.3636,0.1818,0.2857142857142857
00204001,paraformer-zh,0.7273,0.3636,0.4545,0.2857142857142857
00204001,zipformer-zh-en,0.1818,0.1818,0.0909,0.0
00204001,sense-voice,0.4545,0.1818,0.2727,0.1111111111111111
00204017,whisper-tiny,0.3333,0.1111,0.3333,0.25
00204017,whisper-base,0.3333,0.1111,0.3333,0.25
00204017,whisper-small,0.3333,0.2222,0.2222,0.14285714285714285
00204017,vosk-cn,0.7778,0.4444,0.6667,0.3333333333333333
00204017,wav2vec2-zh,0.5556,0.4444,0.3333,0.2
00204017,paraformer-zh,0.1111,0.1111,0.1111,0.0
00204017,zipformer-zh-en,0.4444,0.2222,0.3333,0.14285714285714285
00204017,sense-voice,0.1111,0.1111,0.1111,0.0
00204033,whisper-tiny,0.8333,0.8333,0.6667,0.0
00204033,whisper-base,0.1667,0.0,0.1667,0.16666666666666666
00204033,whisper-small,0.3333,0.3333,0.3333,0.0
00204033,vosk-cn,0.3333,0.3333,0.3333,0.0
00204033,wav2vec2-zh,0.5,0.3333,0.3333,0.25
00204033,paraformer-zh,0.5,0.3333,0.3333,0.25
00204033,zipformer-zh-en,0.5,0.3333,0.3333,0.0
00204033,sense-voice,0.3333,0.1667,0.3333,0.2
00204049,whisper-tiny,0.4,0.0667,0.2667,0.35714285714285715
00204049,whisper-base,0.2,0.0667,0.2,0.14285714285714285
00204049,whisper-small,0.3333,0.1333,0.2667,0.23076923076923078
00204049,vosk-cn,0.3333,0.0667,0.2667,0.2857142857142857
00204049,wav2vec2-zh,0.4667,0.1333,0.2667,0.3076923076923077
00204049,paraformer-zh,0.2667,0.0667,0.2,0.21428571428571427
00204049,zipformer-zh-en,0.3333,0.1333,0.2,0.23076923076923078
00204049,sense-voice,0.2667,0.0667,0.2,0.21428571428571427
00204103,whisper-tiny,0.1875,0.125,0.125,0.07142857142857142
00204103,whisper-base,0.25,0.1875,0.0625,0.0
00204103,whisper-small,0.0,0.0,0.0,0.0
00204103,vosk-cn,0.0625,0.0625,0.0625,0.0
00204103,wav2vec2-zh,0.5,0.375,0.25,0.08333333333333333
00204103,paraformer-zh,0.125,0.125,0.125,0.0
00204103,zipformer-zh-en,0.3125,0.25,0.25,0.0
00204103,sense-voice,0.125,0.125,0.125,0.0
00204119,whisper-tiny,0.7692,0.6154,0.4615,0.25
00204119,whisper-base,0.7692,0.5385,0.3077,0.1111111111111111
00204119,whisper-small,0.6154,0.3077,0.1538,0.2
00204119,vosk-cn,0.7692,0.7692,0.4615,0.0
00204119,wav2vec2-zh,0.7692,0.4615,0.5385,0.18181818181818182
00204119,paraformer-zh,0.7692,0.6154,0.5385,0.1111111111111111
00204119,zipformer-zh-en,0.6923,0.4615,0.3846,0.09090909090909091
00204119,sense-voice,0.6154,0.4615,0.3846,0.1
00204135,whisper-tiny,0.7778,0.6667,0.7778,0.1111111111111111
00204135,whisper-base,0.6667,0.6667,0.6667,0.0
00204135,whisper-small,0.6667,0.6667,0.6667,0.0
00204135,vosk-cn,1.3333,1.3333,1.3333,0.0
00204135,wav2vec2-zh,1.2222,1.2222,1.1111,0.125
00204135,paraformer-zh,1.3333,1.3333,1.3333,0.0
00204135,zipformer-zh-en,1.3333,1.3333,1.3333,0.0
00204135,sense-voice,1.3333,1.3333,1.3333,0.0
00204151,whisper-tiny,0.3125,0.3125,0.3125,0.0
00204151,whisper-base,0.125,0.125,0.125,0.0
00204151,whisper-small,0.125,0.125,0.125,0.0
00204151,vosk-cn,0.1875,0.1875,0.1875,0.0
00204151,wav2vec2-zh,0.3125,0.1875,0.3125,0.13333333333333333
00204151,paraformer-zh,0.1875,0.1875,0.1875,0.0
00204151,zipformer-zh-en,0.25,0.25,0.1875,0.0
00204151,sense-voice,0.125,0.125,0.125,0.0
00204205,whisper-tiny,0.1765,0.0588,0.1176,0.0625
00204205,whisper-base,0.2353,0.0588,0.1176,0.0625
00204205,whisper-small,0.0588,0.0588,0.0588,0.0
00204205,vosk-cn,0.2941,0.1765,0.1765,0.07142857142857142
00204205,wav2vec2-zh,0.2941,0.0,0.2353,0.23529411764705882
00204205,paraformer-zh,0.1176,0.0,0.1176,0.11764705882352941
00204205,zipformer-zh-en,0.1765,0.0,0.1176,0.11764705882352941
00204205,sense-voice,0.1765,0.1176,0.1176,0.0625
00204221,whisper-tiny,0.3125,0.25,0.1875,0.0
00204221,whisper-base,0.375,0.3125,0.3125,0.0
00204221,whisper-small,0.1875,0.125,0.125,0.07142857142857142
00204221,vosk-cn,0.25,0.1875,0.1875,0.07692307692307693
00204221,wav2vec2-zh,0.4375,0.3125,0.25,0.09090909090909091
00204221,paraformer-zh,0.0625,0.0625,0.0625,0.0
00204221,zipformer-zh-en,0.375,0.375,0.25,0.0
00204221,sense-voice,0.25,0.25,0.1875,0.0
00204237,whisper-tiny,0.1333,0.1333,0.0667,0.0
00204237,whisper-base,0.1333,0.1333,0.1333,0.0
00204237,whisper-small,0.0,0.0,0.0,0.0
00204237,vosk-cn,0.0667,0.0,0.0,0.0
00204237,wav2vec2-zh,0.2,0.0667,0.1333,0.07142857142857142
00204237,paraformer-zh,0.0,0.0,0.0,0.0
00204237,zipformer-zh-en,0.0,0.0,0.0,0.0
00204237,sense-voice,0.0,0.0,0.0,0.0
00204253,whisper-tiny,0.1667,0.1667,0.1667,0.0
00204253,whisper-base,0.0,0.0,0.0,0.0
00204253,whisper-small,0.1667,0.1667,0.1667,0.0
00204253,vosk-cn,0.1667,0.1667,0.1667,0.0
00204253,wav2vec2-zh,0.3333,0.3333,0.3333,0.0
00204253,paraformer-zh,0.1667,0.1667,0.1667,0.0
00204253,zipformer-zh-en,0.1667,0.1667,0.1667,0.0
00204253,sense-voice,0.1667,0.1667,0.1667,0.0
00204307,whisper-tiny,0.7778,0.7778,0.4444,0.0
00204307,whisper-base,0.6667,0.4444,0.4444,0.4
00204307,whisper-small,0.6667,0.4444,0.4444,0.4
00204307,vosk-cn,0.7778,0.4444,0.4444,0.6
00204307,wav2vec2-zh,0.7778,0.5556,0.5556,0.5
00204307,paraformer-zh,0.6667,0.5556,0.4444,0.25
00204307,zipformer-zh-en,0.6667,0.3333,0.4444,0.5
00204307,sense-voice,0.2222,0.2222,0.1111,0.0
00204324,whisper-tiny,0.0,0.0,0.0,0.0
00204324,whisper-base,0.1667,0.0,0.0833,0.08333333333333333
00204324,whisper-small,0.0,0.0,0.0,0.0
00204324,vosk-cn,0.1667,0.1667,0.1667,0.0
00204324,wav2vec2-zh,0.3333,0.0833,0.25,0.2727272727272727
00204324,paraformer-zh,0.25,0.0,0.1667,0.16666666666666666
00204324,zipformer-zh-en,0.1667,0.0,0.1667,0.16666666666666666
00204324,sense-voice,0.25,0.0,0.1667,0.16666666666666666
00204340,whisper-tiny,0.2727,0.1818,0.1818,0.1111111111111111
00204340,whisper-base,0.3636,0.3636,0.2727,0.0
00204340,whisper-small,0.4545,0.2727,0.3636,0.125
00204340,vosk-cn,0.6364,0.6364,0.5455,0.2
00204340,wav2vec2-zh,0.5455,0.4545,0.5455,0.3333333333333333
00204340,paraformer-zh,0.3636,0.2727,0.3636,0.125
00204340,zipformer-zh-en,0.3636,0.3636,0.3636,0.0
00204340,sense-voice,0.2727,0.2727,0.1818,0.0
00204356,whisper-tiny,0.1667,0.1667,0.1667,0.0
00204356,whisper-base,0.25,0.25,0.25,0.0
00204356,whisper-small,0.1667,0.1667,0.0833,0.0
00204356,vosk-cn,0.1667,0.1667,0.0833,0.0
00204356,wav2vec2-zh,0.25,0.25,0.1667,0.0
00204356,paraformer-zh,0.1667,0.1667,0.0833,0.0
00204356,zipformer-zh-en,0.25,0.25,0.1667,0.0
00204356,sense-voice,0.25,0.25,0.0833,0.0
00204410,whisper-tiny,0.5,0.3571,0.2857,0.1111111111111111
00204410,whisper-base,0.5,0.2143,0.3571,0.2727272727272727
00204410,whisper-small,0.2857,0.2143,0.2857,0.09090909090909091
00204410,vosk-cn,0.4286,0.3571,0.3571,0.1111111111111111
00204410,wav2vec2-zh,0.7857,0.2857,0.5,0.5
00204410,paraformer-zh,0.0,0.0,0.0,0.0
00204410,zipformer-zh-en,0.5714,0.2143,0.5,0.36363636363636365
00204410,sense-voice,0.0714,0.0,0.0714,0.07142857142857142
00204426,whisper-tiny,0.5,0.1667,0.3333,0.3
00204426,whisper-base,0.3333,0.0833,0.3333,0.2727272727272727
00204426,whisper-small,0.3333,0.0,0.3333,0.3333333333333333
00204426,vosk-cn,0.6667,0.25,0.3333,0.3
00204426,wav2vec2-zh,0.5833,0.0833,0.4167,0.45454545454545453
00204426,paraformer-zh,0.1667,0.0,0.1667,0.16666666666666666
00204426,zipformer-zh-en,0.25,0.0833,0.1667,0.18181818181818182
00204426,sense-voice,0.1667,0.0,0.1667,0.16666666666666666
00204442,whisper-tiny,0.3846,0.0769,0.3077,0.25
00204442,whisper-base,0.3077,0.0769,0.3077,0.25
00204442,whisper-small,0.2308,0.0769,0.2308,0.16666666666666666
00204442,vosk-cn,0.6923,0.3846,0.6154,0.3
00204442,wav2vec2-zh,0.6923,0.4615,0.6154,0.3
00204442,paraformer-zh,0.3846,0.2308,0.3077,0.16666666666666666
00204442,zipformer-zh-en,0.5385,0.3077,0.4615,0.2727272727272727
00204442,sense-voice,0.4615,0.3846,0.3846,0.1
00204458,whisper-tiny,0.1429,0.0,0.1429,0.14285714285714285
00204458,whisper-base,0.1429,0.0,0.1429,0.14285714285714285
00204458,whisper-small,0.1429,0.0,0.1429,0.14285714285714285
00204458,vosk-cn,0.4286,0.2857,0.4286,0.2
00204458,wav2vec2-zh,0.4286,0.2857,0.4286,0.2
00204458,paraformer-zh,0.2857,0.1429,0.2857,0.16666666666666666
00204458,zipformer-zh-en,0.2857,0.1429,0.2857,0.16666666666666666
00204458,sense-voice,0.1429,0.0,0.1429,0.14285714285714285
00204512,whisper-tiny,0.6923,0.5385,0.3846,0.3333333333333333
00204512,whisper-base,0.6923,0.6154,0.6154,0.4
00204512,whisper-small,0.7692,0.5385,0.5385,0.5
00204512,vosk-cn,0.9231,0.8462,0.6923,1.0
00204512,wav2vec2-zh,0.8462,0.6154,0.6154,0.6
00204512,paraformer-zh,0.5385,0.5385,0.4615,0.0
00204512,zipformer-zh-en,0.7692,0.6923,0.5385,0.25
00204512,sense-voice,0.7692,0.6154,0.4615,0.6
00204528,whisper-tiny,0.8,0.6,0.6,0.5
00204528,whisper-base,0.7,0.4,0.5,0.3333333333333333
00204528,whisper-small,0.7,0.4,0.5,0.5
00204528,vosk-cn,0.9,0.8,0.5,0.0
00204528,wav2vec2-zh,0.8,0.5,0.6,0.6
00204528,paraformer-zh,0.6,0.3,0.5,0.42857142857142855
00204528,zipformer-zh-en,0.8,0.5,0.7,0.6
00204528,sense-voice,0.5,0.4,0.3,0.16666666666666666
00204544,whisper-tiny,0.6667,0.5556,0.3333,0.25
00204544,whisper-base,0.8889,0.6667,0.3333,0.0
00204544,whisper-small,0.8889,0.6667,0.5556,0.25
00204544,vosk-cn,0.7778,0.5556,0.3333,0.25
00204544,wav2vec2-zh,1.0,0.7778,0.7778,0.3333333333333333
00204544,paraformer-zh,0.7778,0.6667,0.4444,0.0
00204544,zipformer-zh-en,0.5556,0.4444,0.5556,0.2
00204544,sense-voice,0.8889,0.6667,0.4444,0.0
00204560,whisper-tiny,0.3,0.2,0.2,0.125
00204560,whisper-base,0.8,0.5,0.6,0.3333333333333333
00204560,whisper-small,0.6,0.3,0.6,0.375
00204560,vosk-cn,0.4,0.4,0.3,0.0
00204560,wav2vec2-zh,0.8,0.6,0.6,0.4
00204560,paraformer-zh,0.2,0.2,0.2,0.0
00204560,zipformer-zh-en,0.7,0.6,0.5,0.4
00204560,sense-voice,0.1,0.1,0.1,0.0
00204614,whisper-tiny,0.3158,0.2105,0.2632,0.06666666666666667
00204614,whisper-base,0.3684,0.2105,0.2105,0.06666666666666667
00204614,whisper-small,0.2105,0.1053,0.2105,0.11764705882352941
00204614,vosk-cn,0.2632,0.1053,0.1579,0.17647058823529413
00204614,wav2vec2-zh,0.4737,0.1579,0.3158,0.25
00204614,paraformer-zh,0.2105,0.1579,0.2105,0.0625
00204614,zipformer-zh-en,0.2632,0.2105,0.2632,0.06666666666666667
00204614,sense-voice,0.2105,0.1579,0.2105,0.0625
00204630,whisper-tiny,0.4545,0.2727,0.1818,0.0
00204630,whisper-base,0.3636,0.2727,0.1818,0.0
00204630,whisper-small,0.3636,0.2727,0.2727,0.125
00204630,vosk-cn,0.5455,0.2727,0.3636,0.25
00204630,wav2vec2-zh,0.6364,0.3636,0.3636,0.2857142857142857
00204630,paraformer-zh,0.3636,0.2727,0.2727,0.125
00204630,zipformer-zh-en,0.3636,0.1818,0.2727,0.2222222222222222
00204630,sense-voice,0.4545,0.2727,0.1818,0.0
00204646,whisper-tiny,0.0,0.0,0.0,0.0
00204646,whisper-base,0.0,0.0,0.0,0.0
00204646,whisper-small,0.0,0.0,0.0,0.0
00204646,vosk-cn,0.0,0.0,0.0,0.0
00204646,wav2vec2-zh,0.4286,0.0,0.2857,0.2857142857142857
00204646,paraformer-zh,0.0,0.0,0.0,0.0
00204646,zipformer-zh-en,0.0,0.0,0.0,0.0
00204646,sense-voice,0.0,0.0,0.0,0.0
00204662,whisper-tiny,0.7333,0.4,0.6,0.4444444444444444
00204662,whisper-base,0.5333,0.2667,0.4,0.2727272727272727
00204662,whisper-small,0.5333,0.2,0.4667,0.3333333333333333
00204662,vosk-cn,0.4667,0.4,0.4,0.1111111111111111
00204662,wav2vec2-zh,0.6667,0.4,0.6,0.4444444444444444
00204662,paraformer-zh,0.4,0.1333,0.3333,0.23076923076923078
00204662,zipformer-zh-en,0.5333,0.2667,0.4667,0.2727272727272727
00204662,sense-voice,0.0667,0.0667,0.0667,0.0
00200105,whisper-tiny,0.6667,0.5,0.5,0.3333333333333333
00200105,whisper-base,0.5,0.3333,0.3333,0.25
00200105,whisper-small,0.5,0.3333,0.5,0.25
00200105,vosk-cn,0.5,0.3333,0.1667,0.0
00200105,wav2vec2-zh,0.6667,0.5,0.1667,0.0
00200105,paraformer-zh,0.0,0.0,0.0,0.0
00200105,zipformer-zh-en,0.5,0.3333,0.3333,0.0
00200105,sense-voice,0.1667,0.1667,0.3333,0.2
00200201,whisper-tiny,0.6,0.4,0.4,0.3333333333333333
00200201,whisper-base,1.0,0.8,0.8,1.0
00200201,whisper-small,0.6,0.4,0.2,0.0
00200201,vosk-cn,0.4,0.4,0.0,0.0
00200201,wav2vec2-zh,0.6,0.6,0.2,0.0
00200201,paraformer-zh,0.0,0.0,0.0,0.0
00200201,zipformer-zh-en,0.6,0.6,0.2,0.0
00200201,sense-voice,0.0,0.0,0.0,0.0
00200217,whisper-tiny,0.0,0.0,0.0,0.0
00200217,whisper-base,0.0,0.0,0.0,0.0
00200217,whisper-small,0.0,0.0,0.0,0.0
00200217,vosk-cn,0.0,0.0,0.0,0.0
00200217,wav2vec2-zh,0.4,0.2,0.2,0.25
00200217,paraformer-zh,0.4,0.4,0.4,0.0
00200217,zipformer-zh-en,0.0,0.0,0.0,0.0
00200217,sense-voice,1.0,1.0,1.0,
00200313,whisper-tiny,0.0,0.0,0.0,0.0
00200313,whisper-base,0.2857,0.2857,0.2857,0.0
00200313,whisper-small,0.0,0.0,0.0,0.0
00200313,vosk-cn,0.2857,0.0,0.0,0.0
00200313,wav2vec2-zh,0.0,0.0,0.0,0.0
00200313,paraformer-zh,0.2857,0.0,0.0,0.0
00200313,zipformer-zh-en,0.0,0.0,0.0,0.0
00200313,sense-voice,0.2857,0.0,0.0,0.0
00200409,whisper-tiny,0.0,0.0,0.0,0.0
00200409,whisper-base,0.1,0.1,0.0,0.0
00200409,whisper-small,0.0,0.0,0.0,0.0
00200409,vosk-cn,0.0,0.0,0.0,0.0
00200409,wav2vec2-zh,0.1,0.1,0.0,0.0
00200409,paraformer-zh,0.0,0.0,0.0,0.0
00200409,zipformer-zh-en,0.1,0.1,0.0,0.0
00200409,sense-voice,0.1,0.1,0.0,0.0
00200505,whisper-tiny,0.1667,0.1667,0.1667,0.0
00200505,whisper-base,0.1667,0.0,0.3333,0.3333333333333333
00200505,whisper-small,0.0,0.0,0.0,0.0
00200505,vosk-cn,0.3333,0.1667,0.5,0.4
00200505,wav2vec2-zh,0.5,0.5,0.5,0.0
00200505,paraformer-zh,0.0,0.0,0.0,0.0
00200505,zipformer-zh-en,0.0,0.0,0.0,0.0
00200505,sense-voice,0.0,0.0,0.0,0.0
00200601,whisper-tiny,0.0,0.0,0.0,0.0
00200601,whisper-base,0.2,0.2,0.2,0.0
00200601,whisper-small,0.2,0.2,0.2,0.0
00200601,vosk-cn,0.6,0.6,0.6,0.0
00200601,wav2vec2-zh,0.4,0.2,0.4,0.25
00200601,paraformer-zh,0.2,0.2,0.2,0.0
00200601,zipformer-zh-en,0.2,0.2,0.2,0.0
00200601,sense-voice,0.2,0.2,0.0,0.0
00200617,whisper-tiny,0.0,0.0,0.0,0.0
00200617,whisper-base,0.0,0.0,0.0,0.0
00200617,whisper-small,0.0,0.0,0.0,0.0
00200617,vosk-cn,0.4,0.2,0.2,0.0
00200617,wav2vec2-zh,0.4,0.0,0.4,0.4
00200617,paraformer-zh,0.0,0.0,0.0,0.0
00200617,zipformer-zh-en,0.0,0.0,0.0,0.0
00200617,sense-voice,0.2,0.0,0.2,0.2
00200713,whisper-tiny,0.0,0.0,0.0,0.0
00200713,whisper-base,0.0,0.0,0.0,0.0
00200713,whisper-small,0.2857,0.0,0.0,0.0
00200713,vosk-cn,0.4286,0.1429,0.1429,0.0
00200713,wav2vec2-zh,0.1429,0.1429,0.1429,0.0
00200713,paraformer-zh,0.2857,0.0,0.0,0.0
00200713,zipformer-zh-en,0.1429,0.1429,0.1429,0.0
00200713,sense-voice,0.4286,0.4286,0.4286,0.0
00200809,whisper-tiny,0.2,0.2,0.2,0.0
00200809,whisper-base,0.4,0.1,0.4,0.3333333333333333
00200809,whisper-small,0.3,0.0,0.3,0.3
00200809,vosk-cn,0.7,0.3,0.6,0.4444444444444444
00200809,wav2vec2-zh,0.6,0.3,0.5,0.42857142857142855
00200809,paraformer-zh,0.1,0.1,0.1,0.0
00200809,zipformer-zh-en,0.6,0.2,0.5,0.5
00200809,sense-voice,0.1,0.1,0.1,0.0
00200905,whisper-tiny,0.8333,0.3333,0.3333,0.25
00200905,whisper-base,0.3333,0.1667,0.3333,0.2
00200905,whisper-small,0.0,0.0,0.0,0.0
00200905,vosk-cn,0.3333,0.1667,0.5,0.4
00200905,wav2vec2-zh,0.3333,0.1667,0.3333,0.2
00200905,paraformer-zh,0.1667,0.1667,0.1667,0.0
00200905,zipformer-zh-en,0.0,0.0,0.0,0.0
00200905,sense-voice,0.1667,0.1667,0.1667,0.0
00201001,whisper-tiny,0.4,0.0,0.2,0.2
00201001,whisper-base,0.2,0.0,0.0,0.0
00201001,whisper-small,0.2,0.2,0.2,0.0
00201001,vosk-cn,0.4,0.2,0.2,0.0
00201001,wav2vec2-zh,0.4,0.4,0.2,0.0
00201001,paraformer-zh,0.2,0.2,0.2,0.0
00201001,zipformer-zh-en,0.0,0.0,0.0,0.0
00201001,sense-voice,0.2,0.2,0.2,0.0
00201017,whisper-tiny,0.2,0.2,0.2,0.0
00201017,whisper-base,0.2,0.2,0.2,0.0
00201017,whisper-small,0.0,0.0,0.0,0.0
00201017,vosk-cn,0.4,0.4,0.2,0.0
00201017,wav2vec2-zh,0.2,0.2,0.0,0.0
00201017,paraformer-zh,0.0,0.0,0.0,0.0
00201017,zipformer-zh-en,0.0,0.0,0.0,0.0
00201017,sense-voice,0.0,0.0,0.0,0.0
00201113,whisper-tiny,0.0,0.0,0.0,0.0
00201113,whisper-base,0.4286,0.0,0.1429,0.14285714285714285
00201113,whisper-small,0.2857,0.0,0.0,0.0
00201113,vosk-cn,0.5714,0.1429,0.2857,0.16666666666666666
00201113,wav2vec2-zh,0.1429,0.0,0.1429,0.14285714285714285
00201113,paraformer-zh,0.2857,0.0,0.0,0.0
00201113,zipformer-zh-en,0.5714,0.0,0.2857,0.2857142857142857
00201113,sense-voice,0.2857,0.0,0.0,0.0
00201209,whisper-tiny,0.7,0.4,0.6,0.2
00201209,whisper-base,0.4,0.4,0.4,0.0
00201209,whisper-small,0.2,0.0,0.2,0.2
00201209,vosk-cn,0.7,0.6,0.6,0.2
00201209,wav2vec2-zh,0.9,0.7,0.7,0.42857142857142855
00201209,paraformer-zh,0.7,0.7,0.7,0.0
00201209,zipformer-zh-en,0.6,0.6,0.6,0.0
00201209,sense-voice,0.7,0.7,0.7,0.0
00201305,whisper-tiny,0.5,0.3333,0.5,0.25
00201305,whisper-base,0.5,0.3333,0.5,0.25
00201305,whisper-small,0.3333,0.1667,0.3333,0.2
00201305,vosk-cn,0.6667,0.3333,0.6667,0.75
00201305,wav2vec2-zh,0.6667,0.3333,0.6667,0.5
00201305,paraformer-zh,0.3333,0.1667,0.3333,0.2
00201305,zipformer-zh-en,0.6667,0.3333,0.6667,0.5
00201305,sense-voice,0.3333,0.1667,0.3333,0.2
00201401,whisper-tiny,0.0,0.0,0.0,0.0
00201401,whisper-base,0.0,0.0,0.0,0.0
00201401,whisper-small,0.2,0.2,0.2,0.0
00201401,vosk-cn,0.0,0.0,0.0,0.0
00201401,wav2vec2-zh,0.2,0.2,0.0,0.0
00201401,paraformer-zh,0.0,0.0,0.0,0.0
00201401,zipformer-zh-en,0.0,0.0,0.0,0.0
00201401,sense-voice,0.0,0.0,0.0,0.0
00201417,whisper-tiny,0.2,0.2,0.2,0.0
00201417,whisper-base,0.0,0.0,0.0,0.0
00201417,whisper-small,0.0,0.0,0.0,0.0
00201417,vosk-cn,0.0,0.0,0.0,0.0
00201417,wav2vec2-zh,0.0,0.0,0.0,0.0
00201417,paraformer-zh,0.0,0.0,0.0,0.0
00201417,zipformer-zh-en,0.0,0.0,0.0,0.0
00201417,sense-voice,0.0,0.0,0.0,0.0
00201513,whisper-tiny,0.1429,0.1429,0.1429,0.0
00201513,whisper-base,0.0,0.0,0.0,0.0
00201513,whisper-small,0.1429,0.1429,0.0,0.0
00201513,vosk-cn,0.8571,0.5714,0.4286,0.0
00201513,wav2vec2-zh,0.4286,0.1429,0.2857,0.3333333333333333
00201513,paraformer-zh,0.8571,0.2857,0.4286,0.3333333333333333
00201513,zipformer-zh-en,0.5714,0.4286,0.4286,0.2
00201513,sense-voice,0.4286,0.2857,0.1429,0.0
00201609,whisper-tiny,0.0,0.0,0.0,0.0
00201609,whisper-base,0.0,0.0,0.0,0.0
00201609,whisper-small,0.0,0.0,0.0,0.0
00201609,vosk-cn,0.0,0.0,0.0,0.0
00201609,wav2vec2-zh,0.0,0.0,0.0,0.0
00201609,paraformer-zh,0.0,0.0,0.0,0.0
00201609,zipformer-zh-en,0.0,0.0,0.0,0.0
00201609,sense-voice,0.0,0.0,0.0,0.0
00201734,whisper-tiny,0.1765,0.1765,0.1765,0.0
00201734,whisper-base,0.1176,0.0588,0.1176,0.0625
00201734,whisper-small,0.1765,0.0588,0.1765,0.125
00201734,vosk-cn,0.4706,0.4118,0.4706,0.0625
00201734,wav2vec2-zh,0.7059,0.4118,0.6471,0.3125
00201734,paraformer-zh,0.2941,0.2941,0.2941,0.0
00201734,zipformer-zh-en,0.4706,0.4118,0.4706,0.0625
00201734,sense-voice,0.2941,0.2941,0.2941,0.0
00201750,whisper-tiny,0.5625,0.1875,0.4375,0.38461538461538464
00201750,whisper-base,0.25,0.1875,0.1875,0.07692307692307693
00201750,whisper-small,0.25,0.1875,0.1875,0.07692307692307693
00201750,vosk-cn,0.4375,0.25,0.3125,0.25
00201750,wav2vec2-zh,0.5625,0.25,0.4375,0.3333333333333333
00201750,paraformer-zh,0.0,0.0,0.0,0.0
00201750,zipformer-zh-en,0.375,0.0625,0.3125,0.26666666666666666
00201750,sense-voice,0.0,0.0,0.0,0.0
00201808,whisper-tiny,0.8333,0.8333,0.8333,0.0
00201808,whisper-base,0.3333,0.1667,0.1667,0.0
00201808,whisper-small,0.8333,0.8333,0.6667,0.0
00201808,vosk-cn,0.6667,0.5,0.5,0.3333333333333333
00201808,wav2vec2-zh,0.5,0.5,0.3333,0.0
00201808,paraformer-zh,0.6667,0.5,0.3333,0.0
00201808,zipformer-zh-en,0.6667,0.5,0.3333,0.0
00201808,sense-voice,0.6667,0.5,0.3333,0.0
00201904,whisper-tiny,0.2222,0.0,0.3333,0.3333333333333333
00201904,whisper-base,0.0,0.0,0.0,0.0
00201904,whisper-small,0.0,0.0,0.0,0.0
00201904,vosk-cn,0.8889,0.5556,0.7778,0.8
00201904,wav2vec2-zh,0.4444,0.2222,0.5556,0.375
00201904,paraformer-zh,0.2222,0.1111,0.2222,0.1111111111111111
00201904,zipformer-zh-en,0.4444,0.2222,0.3333,0.25
00201904,sense-voice,0.0,0.0,0.0,0.0
00201920,whisper-tiny,0.625,0.4375,0.5625,0.25
00201920,whisper-base,0.5,0.3125,0.4375,0.25
00201920,whisper-small,0.375,0.25,0.3125,0.16666666666666666
00201920,vosk-cn,1.0,0.6875,0.875,0.5555555555555556
00201920,wav2vec2-zh,0.875,0.625,0.625,0.3
00201920,paraformer-zh,0.5,0.5,0.375,0.0
00201920,zipformer-zh-en,0.75,0.5625,0.6875,0.2727272727272727
00201920,sense-voice,0.4375,0.375,0.3125,0.07142857142857142
00202016,whisper-tiny,0.0909,0.0909,0.0,0.0
00202016,whisper-base,0.0,0.0,0.0,0.0
00202016,whisper-small,0.0,0.0,0.0,0.0
00202016,vosk-cn,0.1818,0.1818,0.1818,0.1111111111111111
00202016,wav2vec2-zh,0.2727,0.1818,0.1818,0.0
00202016,paraformer-zh,0.0,0.0,0.0,0.0
00202016,zipformer-zh-en,0.0,0.0,0.0,0.0
00202016,sense-voice,0.0,0.0,0.0,0.0
00202112,whisper-tiny,0.0,0.0,0.0,0.0
00202112,whisper-base,0.0,0.0,0.0,0.0
00202112,whisper-small,0.0833,0.0,0.0,0.0
00202112,vosk-cn,0.4167,0.3333,0.25,0.125
00202112,wav2vec2-zh,0.3333,0.25,0.3333,0.1111111111111111
00202112,paraformer-zh,0.0,0.0,0.0,0.0
00202112,zipformer-zh-en,0.0833,0.0,0.0,0.0
00202112,sense-voice,0.0,0.0,0.0,0.0
00202208,whisper-tiny,0.5,0.5,0.5,0.0
00202208,whisper-base,1.0,0.6667,0.8333,1.0
00202208,whisper-small,0.0,0.0,0.0,0.0
00202208,vosk-cn,0.1667,0.1667,0.1667,0.0
00202208,wav2vec2-zh,0.1667,0.0,0.1667,0.16666666666666666
00202208,paraformer-zh,0.0,0.0,0.0,0.0
00202208,zipformer-zh-en,0.0,0.0,0.0,0.0
00202208,sense-voice,0.0,0.0,0.0,0.0
00202304,whisper-tiny,0.1,0.1,0.1,0.0
00202304,whisper-base,0.1,0.0,0.0,0.0
00202304,whisper-small,0.0,0.0,0.0,0.0
00202304,vosk-cn,0.2,0.2,0.0,0.0
00202304,wav2vec2-zh,0.1,0.1,0.1,0.0
00202304,paraformer-zh,0.0,0.0,0.0,0.0
00202304,zipformer-zh-en,0.1,0.1,0.1,0.0
00202304,sense-voice,0.0,0.0,0.0,0.0
00202320,whisper-tiny,0.0,0.0,0.0,0.0
00202320,whisper-base,0.1111,0.1111,0.0,0.0
00202320,whisper-small,0.0,0.0,0.0,0.0
00202320,vosk-cn,0.2222,0.2222,0.1111,0.0
00202320,wav2vec2-zh,0.4444,0.4444,0.1111,0.0
00202320,paraformer-zh,0.1111,0.1111,0.1111,0.0
00202320,zipformer-zh-en,0.1111,0.1111,0.1111,0.0
00202320,sense-voice,0.1111,0.1111,0.1111,0.0
00202336,whisper-tiny,0.0,0.0,0.0,0.0
00202336,whisper-base,0.0,0.0,0.0,0.0
00202336,whisper-small,0.0,0.0,0.0,0.0
00202336,vosk-cn,0.0,0.0,0.0,0.0
00202336,wav2vec2-zh,0.0,0.0,0.0,0.0
00202336,paraformer-zh,0.0,0.0,0.0,0.0
00202336,zipformer-zh-en,0.0,0.0,0.0,0.0
00202336,sense-voice,0.0,0.0,0.0,0.0
00202352,whisper-tiny,0.125,0.125,0.125,0.0
00202352,whisper-base,0.125,0.125,0.125,0.0
00202352,whisper-small,0.125,0.125,0.125,0.0
00202352,vosk-cn,0.1875,0.1875,0.1875,0.0
00202352,wav2vec2-zh,0.3125,0.25,0.375,0.21428571428571427
00202352,paraformer-zh,0.125,0.125,0.125,0.0
00202352,zipformer-zh-en,0.125,0.125,0.125,0.0
00202352,sense-voice,0.1875,0.125,0.125,0.0
00202406,whisper-tiny,0.0625,0.0,0.0,0.0
00202406,whisper-base,0.0625,0.0,0.0,0.0
00202406,whisper-small,0.0,0.0,0.0,0.0
00202406,vosk-cn,0.0,0.0,0.0,0.0
00202406,wav2vec2-zh,0.0,0.0,0.0,0.0
00202406,paraformer-zh,0.0,0.0,0.0,0.0
00202406,zipformer-zh-en,0.0,0.0,0.0,0.0
00202406,sense-voice,0.0,0.0,0.0,0.0
00202422,whisper-tiny,0.15,0.05,0.15,0.10526315789473684
00202422,whisper-base,0.1,0.05,0.1,0.05263157894736842
00202422,whisper-small,0.15,0.05,0.15,0.10526315789473684
00202422,vosk-cn,0.25,0.2,0.15,0.058823529411764705
00202422,wav2vec2-zh,0.15,0.05,0.1,0.05263157894736842
00202422,paraformer-zh,0.1,0.1,0.1,0.0
00202422,zipformer-zh-en,0.15,0.1,0.15,0.05263157894736842
00202422,sense-voice,0.15,0.1,0.15,0.05263157894736842
00202438,whisper-tiny,0.4444,0.1111,0.2222,0.125
00202438,whisper-base,0.0,0.0,0.0,0.0
00202438,whisper-small,0.0,0.0,0.0,0.0
00202438,vosk-cn,0.2222,0.2222,0.1111,0.0
00202438,wav2vec2-zh,0.4444,0.3333,0.1111,0.0
00202438,paraformer-zh,0.0,0.0,0.0,0.0
00202438,zipformer-zh-en,0.1111,0.1111,0.1111,0.0
00202438,sense-voice,0.0,0.0,0.0,0.0
00202454,whisper-tiny,0.1667,0.0556,0.0556,0.058823529411764705
00202454,whisper-base,0.1667,0.0,0.1111,0.1111111111111111
00202454,whisper-small,0.0556,0.0,0.0556,0.05555555555555555
00202454,vosk-cn,0.0556,0.0556,0.0556,0.0
00202454,wav2vec2-zh,0.2778,0.0,0.0,0.0
00202454,paraformer-zh,0.0,0.0,0.0,0.0
00202454,zipformer-zh-en,0.1667,0.0556,0.1667,0.11764705882352941
00202454,sense-voice,0.0,0.0,0.0,0.0
00202508,whisper-tiny,0.0,0.0,0.0,0.0
00202508,whisper-base,0.0,0.0,0.0,0.0
00202508,whisper-small,0.0,0.0,0.0,0.0
00202508,vosk-cn,0.0,0.0,0.0,0.0
00202508,wav2vec2-zh,0.0,0.0,0.0,0.0
00202508,paraformer-zh,0.0,0.0,0.0,0.0
00202508,zipformer-zh-en,0.0,0.0,0.0,0.0
00202508,sense-voice,0.0,0.0,0.0,0.0
00202524,whisper-tiny,0.0,0.0,0.0,0.0
00202524,whisper-base,0.0,0.0,0.0,0.0
00202524,whisper-small,0.0833,0.0,0.0833,0.08333333333333333
00202524,vosk-cn,0.0,0.0,0.0,0.0
00202524,wav2vec2-zh,0.1667,0.0,0.0833,0.08333333333333333
00202524,paraformer-zh,0.0,0.0,0.0,0.0
00202524,zipformer-zh-en,0.0,0.0,0.0,0.0
00202524,sense-voice,0.0,0.0,0.0,0.0
00202611,whisper-tiny,0.7692,0.5385,0.3846,0.2222222222222222
00202611,whisper-base,0.6154,0.3846,0.3077,0.2
00202611,whisper-small,0.6154,0.3077,0.2308,0.0
00202611,vosk-cn,0.6923,0.5385,0.3846,0.0
00202611,wav2vec2-zh,0.8462,0.7692,0.8462,0.3333333333333333
00202611,paraformer-zh,0.5385,0.5385,0.3846,0.0
00202611,zipformer-zh-en,0.5385,0.4615,0.2308,0.0
00202611,sense-voice,0.6154,0.4615,0.3846,0.09090909090909091
00202627,whisper-tiny,0.5,0.1667,0.3333,0.4
00202627,whisper-base,0.25,0.0,0.25,0.25
00202627,whisper-small,0.25,0.0,0.25,0.25
00202627,vosk-cn,0.5833,0.4167,0.5833,0.18181818181818182
00202627,wav2vec2-zh,0.5,0.0,0.3333,0.4166666666666667
00202627,paraformer-zh,0.4167,0.25,0.3333,0.18181818181818182
00202627,zipformer-zh-en,0.25,0.25,0.1667,0.0
00202627,sense-voice,0.3333,0.1667,0.3333,0.16666666666666666
00202643,whisper-tiny,0.875,0.75,0.625,0.25
00202643,whisper-base,0.875,0.75,0.625,0.0
00202643,whisper-small,0.375,0.125,0.375,0.2857142857142857
00202643,vosk-cn,0.625,0.5,0.625,0.14285714285714285
00202643,wav2vec2-zh,0.75,0.5,0.75,0.5
00202643,paraformer-zh,0.625,0.625,0.5,0.0
00202643,zipformer-zh-en,0.875,0.5,0.625,0.5
00202643,sense-voice,1.0,1.0,1.0,
00202659,whisper-tiny,0.7333,0.5333,0.5333,0.2222222222222222
00202659,whisper-base,0.6667,0.3333,0.5333,0.2727272727272727
00202659,whisper-small,0.4,0.2667,0.3333,0.09090909090909091
00202659,vosk-cn,0.6667,0.4667,0.4667,0.18181818181818182
00202659,wav2vec2-zh,0.6,0.3333,0.4,0.2727272727272727
00202659,paraformer-zh,0.4,0.4,0.3333,0.0
00202659,zipformer-zh-en,0.8,0.4,0.6,0.5
00202659,sense-voice,0.4,0.2,0.3333,0.15384615384615385
00202713,whisper-tiny,0.8182,0.8182,0.4545,0.0
00202713,whisper-base,0.8182,0.8182,0.4545,0.0
00202713,whisper-small,0.4545,0.4545,0.2727,0.0
00202713,vosk-cn,0.5455,0.5455,0.4545,0.0
00202713,wav2vec2-zh,0.8182,0.7273,0.5455,0.3333333333333333
00202713,paraformer-zh,0.4545,0.4545,0.4545,0.0
00202713,zipformer-zh-en,0.5455,0.4545,0.4545,0.25
00202713,sense-voice,0.2727,0.2727,0.2727,0.0
00202729,whisper-tiny,1.2308,1.0,1.0,0.25
00202729,whisper-base,0.9231,0.6923,0.6923,0.25
00202729,whisper-small,1.2308,1.0769,1.0,0.18181818181818182
00202729,vosk-cn,1.3077,1.0769,0.9231,0.3
00202729,wav2vec2-zh,1.3846,1.1538,0.9231,0.4
00202729,paraformer-zh,1.2308,1.0769,1.0,0.18181818181818182
00202729,zipformer-zh-en,1.3846,1.1538,1.0,0.36363636363636365
00202729,sense-voice,1.2308,1.0769,1.0,0.18181818181818182
00202745,whisper-tiny,0.5333,0.4667,0.4667,0.18181818181818182
00202745,whisper-base,0.6,0.4667,0.4667,0.18181818181818182
00202745,whisper-small,0.4667,0.3333,0.3333,0.15384615384615385
00202745,vosk-cn,0.4667,0.4667,0.4,0.0
00202745,wav2vec2-zh,0.4667,0.3333,0.4,0.15384615384615385
00202745,paraformer-zh,0.2667,0.2667,0.2667,0.0
00202745,zipformer-zh-en,0.5333,0.3333,0.4,0.07692307692307693
00202745,sense-voice,0.2,0.2,0.2,0.0
00202761,whisper-tiny,0.7,0.6,0.3,0.0
00202761,whisper-base,0.3,0.2,0.2,0.0
00202761,whisper-small,0.4,0.3,0.2,0.0
00202761,vosk-cn,0.6,0.5,0.5,0.0
00202761,wav2vec2-zh,0.7,0.6,0.5,0.2857142857142857
00202761,paraformer-zh,0.5,0.5,0.3,0.0
00202761,zipformer-zh-en,0.8,0.7,0.5,0.3333333333333333
00202761,sense-voice,0.4,0.4,0.3,0.0
00202815,whisper-tiny,0.2778,0.1667,0.1111,0.13333333333333333
00202815,whisper-base,0.2222,0.1111,0.1111,0.125
00202815,whisper-small,0.2222,0.0556,0.1667,0.11764705882352941
00202815,vosk-cn,0.3333,0.1667,0.2222,0.2
00202815,wav2vec2-zh,0.4444,0.1667,0.3333,0.26666666666666666
00202815,paraformer-zh,0.1667,0.1667,0.1111,0.0
00202815,zipformer-zh-en,0.1667,0.1111,0.1667,0.0625
00202815,sense-voice,0.1111,0.1111,0.0556,0.0
00202831,whisper-tiny,0.7778,0.1111,0.4444,0.5
00202831,whisper-base,0.3333,0.0,0.2222,0.2222222222222222
00202831,whisper-small,0.6667,0.2222,0.5556,0.5714285714285714
00202831,vosk-cn,0.7778,0.5556,0.4444,0.5
00202831,wav2vec2-zh,0.7778,0.4444,0.6667,0.6
00202831,paraformer-zh,0.0,0.0,0.0,0.0
00202831,zipformer-zh-en,0.5556,0.3333,0.5556,0.3333333333333333
00202831,sense-voice,0.1111,0.0,0.0,0.0
00202847,whisper-tiny,0.8333,0.5,0.5,0.18181818181818182
00202847,whisper-base,0.6667,0.5833,0.4167,0.0
00202847,whisper-small,0.8333,0.5,0.5,0.18181818181818182
00202847,vosk-cn,0.75,0.5833,0.5,0.0
00202847,wav2vec2-zh,0.75,0.5,0.5,0.2727272727272727
00202847,paraformer-zh,0.5,0.5,0.4167,0.0
00202847,zipformer-zh-en,0.8333,0.5,0.5833,0.18181818181818182
00202847,sense-voice,0.5,0.5,0.4167,0.0
00202901,whisper-tiny,0.2727,0.0,0.1818,0.18181818181818182
00202901,whisper-base,0.2727,0.0,0.0909,0.09090909090909091
00202901,whisper-small,0.2727,0.0,0.0909,0.09090909090909091
00202901,vosk-cn,0.2727,0.1818,0.0909,0.0
00202901,wav2vec2-zh,0.2727,0.0909,0.2727,0.2
00202901,paraformer-zh,0.1818,0.0909,0.0909,0.0
00202901,zipformer-zh-en,0.2727,0.0,0.0909,0.09090909090909091
00202901,sense-voice,0.1818,0.0,0.0909,0.09090909090909091
00202917,whisper-tiny,0.2222,0.2222,0.2222,0.0
00202917,whisper-base,0.2222,0.0,0.1111,0.1111111111111111
00202917,whisper-small,0.0,0.0,0.0,0.0
00202917,vosk-cn,0.2222,0.2222,0.2222,0.0
00202917,wav2vec2-zh,0.3333,0.1111,0.2222,0.125
00202917,paraformer-zh,0.1111,0.1111,0.1111,0.0
00202917,zipformer-zh-en,0.1111,0.1111,0.1111,0.0
00202917,sense-voice,0.1111,0.1111,0.1111,0.0
00202933,whisper-tiny,0.5,0.5,0.3333,0.0
00202933,whisper-base,0.5,0.5,0.3333,0.0
00202933,whisper-small,0.3333,0.3333,0.1667,0.0
00202933,vosk-cn,0.5,0.5,0.3333,0.0
00202933,wav2vec2-zh,0.1667,0.1667,0.1667,0.0
00202933,paraformer-zh,0.1667,0.1667,0.1667,0.0
00202933,zipformer-zh-en,0.1667,0.1667,0.1667,0.0
00202933,sense-voice,0.1667,0.1667,0.1667,0.0
00202949,whisper-tiny,0.0667,0.0667,0.0,0.0
00202949,whisper-base,0.1333,0.1333,0.0,0.0
00202949,whisper-small,0.0667,0.0667,0.0667,0.0
00202949,vosk-cn,0.1333,0.1333,0.0,0.0
00202949,wav2vec2-zh,0.2667,0.1333,0.0667,0.07692307692307693
00202949,paraformer-zh,0.0667,0.0667,0.0667,0.0
00202949,zipformer-zh-en,0.2,0.0667,0.1333,0.07142857142857142
00202949,sense-voice,0.0667,0.0667,0.0667,0.0
00203003,whisper-tiny,0.625,0.5625,0.3125,0.1
00203003,whisper-base,0.5,0.5,0.25,0.0
00203003,whisper-small,0.5,0.4375,0.375,0.08333333333333333
00203003,vosk-cn,0.6875,0.6875,0.5625,0.0
00203003,wav2vec2-zh,0.75,0.625,0.5625,0.1111111111111111
00203003,paraformer-zh,0.4375,0.4375,0.3125,0.0
00203003,zipformer-zh-en,0.4375,0.4375,0.375,0.0
00203003,sense-voice,0.5,0.5,0.375,0.0
00203019,whisper-tiny,0.4615,0.3077,0.2308,0.2222222222222222
00203019,whisper-base,0.6923,0.3846,0.3077,0.375
00203019,whisper-small,0.7692,0.4615,0.3846,0.42857142857142855
00203019,vosk-cn,0.6154,0.3846,0.2308,0.125
00203019,wav2vec2-zh,0.5385,0.2308,0.2308,0.1
00203019,paraformer-zh,0.4615,0.2308,0.2308,0.1
00203019,zipformer-zh-en,0.6154,0.2308,0.3846,0.3
00203019,sense-voice,0.3846,0.2308,0.2308,0.1
00203106,whisper-tiny,0.375,0.3125,0.25,0.09090909090909091
00203106,whisper-base,0.3125,0.125,0.1875,0.14285714285714285
00203106,whisper-small,0.125,0.0,0.0625,0.0625
00203106,vosk-cn,0.0625,0.0625,0.0625,0.0
00203106,wav2vec2-zh,0.4375,0.25,0.25,0.08333333333333333
00203106,paraformer-zh,0.125,0.0,0.125,0.125
00203106,zipformer-zh-en,0.125,0.125,0.0625,0.0
00203106,sense-voice,0.0625,0.0,0.0625,0.0625
00203122,whisper-tiny,0.45,0.35,0.25,0.07692307692307693
00203122,whisper-base,0.25,0.2,0.2,0.0625
00203122,whisper-small,0.2,0.15,0.2,0.058823529411764705
00203122,vosk-cn,0.2,0.15,0.15,0.058823529411764705
00203122,wav2vec2-zh,0.45,0.15,0.45,0.35294117647058826
00203122,paraformer-zh,0.2,0.1,0.15,0.1111111111111111
00203122,zipformer-zh-en,0.3,0.15,0.25,0.17647058823529413
00203122,sense-voice,0.25,0.2,0.2,0.0625
00203138,whisper-tiny,0.3333,0.3333,0.2222,0.0
00203138,whisper-base,0.4444,0.4444,0.3333,0.0
00203138,whisper-small,0.3333,0.3333,0.2222,0.0
00203138,vosk-cn,0.3333,0.3333,0.2222,0.0
00203138,wav2vec2-zh,0.7778,0.4444,0.4444,0.4
00203138,paraformer-zh,0.3333,0.3333,0.2222,0.0
00203138,zipformer-zh-en,0.3333,0.0,0.3333,0.3333333333333333
00203138,sense-voice,0.3333,0.2222,0.3333,0.14285714285714285
00203154,whisper-tiny,0.6111,0.4444,0.5,0.25
00203154,whisper-base,0.5,0.3889,0.4444,0.15384615384615385
00203154,whisper-small,0.3889,0.3333,0.3333,0.07692307692307693
00203154,vosk-cn,0.4444,0.5,0.3333,0.0
00203154,wav2vec2-zh,0.6667,0.5,0.4444,0.18181818181818182
00203154,paraformer-zh,0.3333,0.3333,0.3333,0.0
00203154,zipformer-zh-en,0.5,0.4444,0.3333,0.09090909090909091
00203154,sense-voice,0.2778,0.2778,0.2778,0.0
00203208,whisper-tiny,0.0,0.0,0.0,0.0
00203208,whisper-base,0.0,0.0,0.0,0.0
00203208,whisper-small,0.0,0.0,0.0,0.0
00203208,vosk-cn,0.0,0.0,0.0,0.0
00203208,wav2vec2-zh,0.0,0.0,0.0,0.0
00203208,paraformer-zh,0.0,0.0,0.0,0.0
00203208,zipformer-zh-en,0.2222,0.1111,0.2222,0.125
00203208,sense-voice,0.0,0.0,0.0,0.0
00203224,whisper-tiny,0.1667,0.0,0.1667,0.16666666666666666
00203224,whisper-base,0.1667,0.0,0.1667,0.16666666666666666
00203224,whisper-small,0.1667,0.0,0.1667,0.16666666666666666
00203224,vosk-cn,0.1667,0.0,0.0833,0.08333333333333333
00203224,wav2vec2-zh,0.1667,0.0,0.1667,0.16666666666666666
00203224,paraformer-zh,0.1667,0.0,0.1667,0.16666666666666666
00203224,zipformer-zh-en,0.1667,0.0,0.1667,0.16666666666666666
00203224,sense-voice,0.1667,0.0,0.1667,0.16666666666666666
00203314,whisper-tiny,0.1053,0.0,0.0,0.0
00203314,whisper-base,0.1053,0.0,0.0,0.0
00203314,whisper-small,0.0,0.0,0.0,0.0
00203314,vosk-cn,0.0,0.0,0.0,0.0
00203314,wav2vec2-zh,0.0526,0.0,0.0,0.0
00203314,paraformer-zh,0.0,0.0,0.0,0.0
00203314,zipformer-zh-en,0.0,0.0,0.0,0.0
00203314,sense-voice,0.0,0.0,0.0,0.0
00203330,whisper-tiny,0.4545,0.3636,0.3636,0.0
00203330,whisper-base,0.1818,0.0909,0.0,0.0
00203330,whisper-small,0.1818,0.0909,0.0,0.0
00203330,vosk-cn,0.1818,0.1818,0.0909,0.0
00203330,wav2vec2-zh,0.1818,0.1818,0.1818,0.0
00203330,paraformer-zh,0.1818,0.1818,0.0,0.0
00203330,zipformer-zh-en,0.2727,0.1818,0.0,0.0
00203330,sense-voice,0.0909,0.0909,0.0909,0.0
00203346,whisper-tiny,0.0,0.0,0.0,0.0
00203346,whisper-base,0.0,0.0,0.0,0.0
00203346,whisper-small,0.0,0.0,0.0,0.0
00203346,vosk-cn,0.0,0.0,0.0,0.0
00203346,wav2vec2-zh,0.0,0.0,0.0,0.0
00203346,paraformer-zh,0.0,0.0,0.0,0.0
00203346,zipformer-zh-en,0.0,0.0,0.0,0.0
00203346,sense-voice,0.0,0.0,0.0,0.0
00203362,whisper-tiny,0.2667,0.2,0.2,0.08333333333333333
00203362,whisper-base,0.2,0.1333,0.2,0.07692307692307693
00203362,whisper-small,0.2,0.1333,0.2,0.07692307692307693
00203362,vosk-cn,0.2,0.1333,0.2,0.07692307692307693
00203362,wav2vec2-zh,0.3333,0.2667,0.2,0.09090909090909091
00203362,paraformer-zh,0.0667,0.0667,0.0667,0.0
00203362,zipformer-zh-en,0.1333,0.0667,0.1333,0.07142857142857142
00203362,sense-voice,0.1333,0.1333,0.1333,0.0
00203416,whisper-tiny,0.125,0.0,0.125,0.125
00203416,whisper-base,0.25,0.125,0.125,0.14285714285714285
00203416,whisper-small,0.125,0.0,0.125,0.125
00203416,vosk-cn,0.125,0.0,0.125,0.125
00203416,wav2vec2-zh,0.375,0.125,0.25,0.14285714285714285
00203416,paraformer-zh,0.0,0.0,0.0,0.0
00203416,zipformer-zh-en,0.125,0.125,0.0,0.0
00203416,sense-voice,0.0,0.0,0.0,0.0
00203503,whisper-tiny,0.3125,0.25,0.125,0.07692307692307693
00203503,whisper-base,0.1875,0.125,0.0625,0.07142857142857142
00203503,whisper-small,0.3125,0.25,0.125,0.07692307692307693
00203503,vosk-cn,0.125,0.0625,0.0625,0.06666666666666667
00203503,wav2vec2-zh,0.375,0.25,0.25,0.16666666666666666
00203503,paraformer-zh,0.0,0.0,0.0,0.0
00203503,zipformer-zh-en,0.25,0.25,0.125,0.0
00203503,sense-voice,0.0,0.0,0.0,0.0
00203519,whisper-tiny,0.7692,0.4615,0.5385,0.42857142857142855
00203519,whisper-base,0.6154,0.3846,0.2308,0.125
00203519,whisper-small,0.5385,0.3846,0.2308,0.0
00203519,vosk-cn,0.6923,0.6154,0.4615,0.2
00203519,wav2vec2-zh,0.7692,0.5385,0.4615,0.3333333333333333
00203519,paraformer-zh,0.5385,0.4615,0.3846,0.0
00203519,zipformer-zh-en,0.6154,0.4615,0.3077,0.14285714285714285
00203519,sense-voice,0.5385,0.3077,0.1538,0.0
00203606,whisper-tiny,0.125,0.0625,0.0,0.0
00203606,whisper-base,0.0625,0.0,0.0625,0.0625
00203606,whisper-small,0.1875,0.0,0.125,0.125
00203606,vosk-cn,0.125,0.125,0.125,0.0
00203606,wav2vec2-zh,0.125,0.0,0.125,0.125
00203606,paraformer-zh,0.0,0.0,0.0,0.0
00203606,zipformer-zh-en,0.0625,0.0,0.0625,0.0625
00203606,sense-voice,0.0625,0.0,0.0625,0.0625
00203622,whisper-tiny,0.15,0.15,0.1,0.0
00203622,whisper-base,0.1,0.05,0.05,0.0
00203622,whisper-small,0.05,0.05,0.0,0.0
00203622,vosk-cn,0.6,0.45,0.45,0.125
00203622,wav2vec2-zh,0.45,0.25,0.4,0.15789473684210525
00203622,paraformer-zh,0.35,0.35,0.3,0.0
00203622,zipformer-zh-en,0.3,0.3,0.25,0.0
00203622,sense-voice,0.25,0.25,0.25,0.0
00203638,whisper-tiny,0.0,0.0,0.0,0.0
00203638,whisper-base,0.0,0.0,0.0,0.0
00203638,whisper-small,0.0,0.0,0.0,0.0
00203638,vosk-cn,0.0,0.0,0.0,0.0
00203638,wav2vec2-zh,0.3333,0.1111,0.0,0.0
00203638,paraformer-zh,0.0,0.0,0.0,0.0
00203638,zipformer-zh-en,0.0,0.0,0.0,0.0
00203638,sense-voice,0.0,0.0,0.0,0.0
00203654,whisper-tiny,0.2778,0.2778,0.2222,0.0
00203654,whisper-base,0.3889,0.2778,0.2778,0.0
00203654,whisper-small,0.2222,0.2222,0.1667,0.0
00203654,vosk-cn,0.2778,0.2778,0.1667,0.0
00203654,wav2vec2-zh,0.3889,0.2222,0.3333,0.14285714285714285
00203654,paraformer-zh,0.2222,0.2222,0.1667,0.0
00203654,zipformer-zh-en,0.2222,0.2222,0.1667,0.0
00203654,sense-voice,0.2222,0.2222,0.1667,0.0
00203708,whisper-tiny,0.5556,0.5556,0.5556,0.0
00203708,whisper-base,0.1111,0.1111,0.1111,0.0
00203708,whisper-small,0.2222,0.2222,0.2222,0.0
00203708,vosk-cn,0.5556,0.5556,0.4444,0.0
00203708,wav2vec2-zh,0.5556,0.4444,0.5556,0.2
00203708,paraformer-zh,0.4444,0.3333,0.4444,0.16666666666666666
00203708,zipformer-zh-en,0.6667,0.4444,0.4444,0.2
00203708,sense-voice,0.2222,0.2222,0.2222,0.0
00203724,whisper-tiny,0.3333,0.3333,0.1667,0.0
00203724,whisper-base,0.0833,0.0,0.0833,0.08333333333333333
00203724,whisper-small,0.4167,0.25,0.3333,0.2222222222222222
00203724,vosk-cn,0.25,0.25,0.0833,0.0
00203724,wav2vec2-zh,0.5833,0.3333,0.3333,0.25
00203724,paraformer-zh,0.1667,0.0,0.1667,0.16666666666666666
00203724,zipformer-zh-en,0.25,0.0833,0.1667,0.09090909090909091
00203724,sense-voice,0.1667,0.0,0.1667,0.16666666666666666
00203740,whisper-tiny,0.3636,0.2727,0.1818,0.0
00203740,whisper-base,0.4545,0.4545,0.2727,0.0
00203740,whisper-small,0.3636,0.3636,0.2727,0.0
00203740,vosk-cn,0.6364,0.6364,0.3636,0.0
00203740,wav2vec2-zh,0.5455,0.5455,0.3636,0.0
00203740,paraformer-zh,0.2727,0.2727,0.1818,0.0
00203740,zipformer-zh-en,0.4545,0.4545,0.3636,0.0
00203740,sense-voice,0.3636,0.3636,0.2727,0.0
00203756,whisper-tiny,0.25,0.25,0.25,0.0
00203756,whisper-base,0.0833,0.0833,0.0833,0.0
00203756,whisper-small,0.0833,0.0833,0.0833,0.0
00203756,vosk-cn,0.25,0.25,0.1667,0.0
00203756,wav2vec2-zh,0.1667,0.1667,0.1667,0.0
00203756,paraformer-zh,0.0833,0.0833,0.0833,0.0
00203756,zipformer-zh-en,0.0833,0.0833,0.0833,0.0
00203756,sense-voice,0.1667,0.1667,0.0833,0.0
00203810,whisper-tiny,0.4286,0.2143,0.2143,0.09090909090909091
00203810,whisper-base,0.4286,0.1429,0.2857,0.16666666666666666
00203810,whisper-small,0.3571,0.1429,0.2143,0.08333333333333333
00203810,vosk-cn,0.3571,0.2143,0.2143,0.08333333333333333
00203810,wav2vec2-zh,0.4286,0.2143,0.1429,0.08333333333333333
00203810,paraformer-zh,0.2143,0.2143,0.1429,0.0
00203810,zipformer-zh-en,0.5714,0.2857,0.2857,0.08333333333333333
00203810,sense-voice,0.0714,0.0714,0.0714,0.0
00203826,whisper-tiny,0.5,0.3333,0.25,0.1111111111111111
00203826,whisper-base,0.3333,0.3333,0.3333,0.0
00203826,whisper-small,0.0833,0.0833,0.0833,0.0
00203826,vosk-cn,0.25,0.25,0.1667,0.0
00203826,wav2vec2-zh,0.4167,0.1667,0.0833,0.0
00203826,paraformer-zh,0.25,0.25,0.1667,0.0
00203826,zipformer-zh-en,0.3333,0.25,0.1667,0.0
00203826,sense-voice,0.25,0.25,0.1667,0.0
00203842,whisper-tiny,0.3077,0.1538,0.0769,0.09090909090909091
00203842,whisper-base,0.2308,0.1538,0.0769,0.09090909090909091
00203842,whisper-small,0.0,0.0,0.0,0.0
00203842,vosk-cn,0.3846,0.1538,0.2308,0.18181818181818182
00203842,wav2vec2-zh,0.2308,0.1538,0.0,0.0
00203842,paraformer-zh,0.0,0.0,0.0,0.0
00203842,zipformer-zh-en,0.0769,0.0769,0.0,0.0
00203842,sense-voice,0.0,0.0,0.0,0.0
00203858,whisper-tiny,0.0,0.0,0.0,0.0
00203858,whisper-base,0.0,0.0,0.0,0.0
00203858,whisper-small,0.0,0.0,0.0,0.0
00203858,vosk-cn,0.1429,0.0,0.1429,0.14285714285714285
00203858,wav2vec2-zh,0.1429,0.0,0.1429,0.14285714285714285
00203858,paraformer-zh,0.0,0.0,0.0,0.0
00203858,zipformer-zh-en,0.1429,0.0,0.1429,0.14285714285714285
00203858,sense-voice,0.0,0.0,0.0,0.0
00203912,whisper-tiny,0.3077,0.3077,0.3077,0.0
00203912,whisper-base,0.3846,0.2308,0.3846,0.2
00203912,whisper-small,0.3846,0.3846,0.3077,0.0
00203912,vosk-cn,0.6923,0.5385,0.4615,0.14285714285714285
00203912,wav2vec2-zh,0.5385,0.1538,0.4615,0.45454545454545453
00203912,paraformer-zh,0.1538,0.0769,0.1538,0.08333333333333333
00203912,zipformer-zh-en,0.4615,0.3077,0.4615,0.2222222222222222
00203912,sense-voice,0.0769,0.0769,0.0769,0.0
00203928,whisper-tiny,0.4,0.3,0.3,0.1111111111111111
00203928,whisper-base,0.5,0.4,0.4,0.125
00203928,whisper-small,0.4,0.3,0.3,0.2222222222222222
00203928,vosk-cn,1.8,1.7,1.4,0.2
00203928,wav2vec2-zh,0.9,0.6,0.7,0.2857142857142857
00203928,paraformer-zh,0.5,0.4,0.4,0.1
00203928,zipformer-zh-en,0.3,0.1,0.2,0.2
00203928,sense-voice,0.4,0.3,0.4,0.1
00203944,whisper-tiny,1.0,1.0,0.8889,0.0
00203944,whisper-base,0.7778,0.5556,0.5556,0.25
00203944,whisper-small,0.5556,0.4444,0.4444,0.2
00203944,vosk-cn,1.0,1.0,0.8889,0.0
00203944,wav2vec2-zh,0.8889,0.7778,0.6667,0.5
00203944,paraformer-zh,0.8889,0.6667,0.5556,0.6666666666666666
00203944,zipformer-zh-en,1.0,1.0,0.7778,
00203944,sense-voice,0.6667,0.5556,0.5556,0.25
00203960,whisper-tiny,0.3,0.2,0.3,0.125
00203960,whisper-base,0.5,0.2,0.4,0.375
00203960,whisper-small,0.3,0.1,0.3,0.2222222222222222
00203960,vosk-cn,0.3,0.3,0.3,0.0
00203960,wav2vec2-zh,0.4,0.2,0.3,0.25
00203960,paraformer-zh,0.1,0.1,0.1,0.0
00203960,zipformer-zh-en,0.4,0.3,0.3,0.14285714285714285
00203960,sense-voice,0.2,0.1,0.1,0.0
00204014,whisper-tiny,0.5263,0.2632,0.4211,0.2857142857142857
00204014,whisper-base,0.3158,0.2632,0.2105,0.0
00204014,whisper-small,0.2632,0.1053,0.2105,0.17647058823529413
00204014,vosk-cn,0.4211,0.3158,0.2632,0.14285714285714285
00204014,wav2vec2-zh,0.5789,0.2105,0.3684,0.3333333333333333
00204014,paraformer-zh,0.3158,0.1053,0.2105,0.23529411764705882
00204014,zipformer-zh-en,0.4211,0.2632,0.2632,0.21428571428571427
00204014,sense-voice,0.1579,0.0526,0.1579,0.1111111111111111
00204030,whisper-tiny,0.3636,0.0,0.2727,0.2727272727272727
00204030,whisper-base,0.1818,0.0,0.1818,0.18181818181818182
00204030,whisper-small,0.5455,0.0,0.3636,0.36363636363636365
00204030,vosk-cn,0.2727,0.2727,0.1818,0.1111111111111111
00204030,wav2vec2-zh,0.6364,0.0909,0.6364,0.6
00204030,paraformer-zh,0.3636,0.0,0.3636,0.36363636363636365
00204030,zipformer-zh-en,0.3636,0.0,0.2727,0.2727272727272727
00204030,sense-voice,0.0,0.0,0.0,0.0
00204046,whisper-tiny,0.1429,0.0,0.1429,0.14285714285714285
00204046,whisper-base,0.1429,0.0,0.1429,0.14285714285714285
00204046,whisper-small,0.0,0.0,0.0,0.0
00204046,vosk-cn,0.2857,0.1429,0.2857,0.16666666666666666
00204046,wav2vec2-zh,0.8571,0.4286,0.8571,0.75
00204046,paraformer-zh,0.0,0.0,0.0,0.0
00204046,zipformer-zh-en,1.0,0.5714,0.8571,1.0
00204046,sense-voice,0.1429,0.0,0.1429,0.14285714285714285
00204062,whisper-tiny,0.4,0.1333,0.2667,0.15384615384615385
00204062,whisper-base,0.3333,0.1333,0.2667,0.15384615384615385
00204062,whisper-small,0.4,0.2,0.2667,0.08333333333333333
00204062,vosk-cn,0.3333,0.1333,0.2667,0.15384615384615385
00204062,wav2vec2-zh,0.3333,0.1333,0.2667,0.15384615384615385
00204062,paraformer-zh,0.3333,0.1333,0.2667,0.15384615384615385
00204062,zipformer-zh-en,0.3333,0.1333,0.2667,0.15384615384615385
00204062,sense-voice,0.3333,0.1333,0.2667,0.15384615384615385
00204116,whisper-tiny,0.125,0.0,0.125,0.125
00204116,whisper-base,0.25,0.125,0.25,0.14285714285714285
00204116,whisper-small,0.0,0.0,0.0,0.0
00204116,vosk-cn,0.125,0.125,0.0,0.0
00204116,wav2vec2-zh,0.25,0.125,0.125,0.0
00204116,paraformer-zh,0.125,0.125,0.125,0.0
00204116,zipformer-zh-en,0.375,0.375,0.25,0.0
00204116,sense-voice,0.125,0.125,0.125,0.0
00204132,whisper-tiny,1.0,0.8,0.8,1.0
00204132,whisper-base,0.2,0.0,0.2,0.2
00204132,whisper-small,0.2,0.0,0.2,0.2
00204132,vosk-cn,0.4,0.2,0.4,0.25
00204132,wav2vec2-zh,0.6,0.4,0.4,0.3333333333333333
00204132,paraformer-zh,0.0,0.0,0.0,0.0
00204132,zipformer-zh-en,0.2,0.2,0.0,0.0
00204132,sense-voice,0.0,0.0,0.0,0.0
00204148,whisper-tiny,0.0,0.0,0.0,0.0
00204148,whisper-base,0.0476,0.0476,0.0476,0.0
00204148,whisper-small,0.0,0.0,0.0,0.0
00204148,vosk-cn,0.0,0.0,0.0,0.0
00204148,wav2vec2-zh,0.3333,0.1905,0.2381,0.17647058823529413
00204148,paraformer-zh,0.0,0.0,0.0,0.0
00204148,zipformer-zh-en,0.0,0.0,0.0,0.0
00204148,sense-voice,0.0,0.0,0.0,0.0
00204202,whisper-tiny,0.3333,0.2222,0.3333,0.14285714285714285
00204202,whisper-base,0.4444,0.2222,0.2222,0.0
00204202,whisper-small,0.4444,0.2222,0.4444,0.2857142857142857
00204202,vosk-cn,0.5556,0.4444,0.4444,0.16666666666666666
00204202,wav2vec2-zh,0.4444,0.1111,0.4444,0.375
00204202,paraformer-zh,0.4444,0.2222,0.4444,0.2857142857142857
00204202,zipformer-zh-en,0.3333,0.2222,0.3333,0.14285714285714285
00204202,sense-voice,0.3333,0.2222,0.3333,0.14285714285714285
00204218,whisper-tiny,0.6364,0.3636,0.5455,0.42857142857142855
00204218,whisper-base,0.6364,0.3636,0.4545,0.2857142857142857
00204218,whisper-small,0.3636,0.1818,0.2727,0.2222222222222222
00204218,vosk-cn,0.2727,0.2727,0.1818,0.0
00204218,wav2vec2-zh,0.4545,0.1818,0.2727,0.2222222222222222
00204218,paraformer-zh,0.0,0.0,0.0,0.0
00204218,zipformer-zh-en,0.4545,0.2727,0.3636,0.25
00204218,sense-voice,0.1818,0.1818,0.0909,0.0
00204234,whisper-tiny,0.2222,0.0,0.2222,0.2222222222222222
00204234,whisper-base,0.0,0.0,0.0,0.0
00204234,whisper-small,0.1111,0.0,0.1111,0.1111111111111111
00204234,vosk-cn,0.0,0.0,0.0,0.0
00204234,wav2vec2-zh,0.1111,0.0,0.1111,0.1111111111111111
00204234,paraformer-zh,0.1111,0.0,0.0,0.0
00204234,zipformer-zh-en,0.0,0.0,0.0,0.0
00204234,sense-voice,0.0,0.0,0.0,0.0
00204250,whisper-tiny,0.4167,0.25,0.3333,0.2222222222222222
00204250,whisper-base,0.3333,0.25,0.3333,0.2222222222222222
00204250,whisper-small,0.3333,0.25,0.3333,0.2222222222222222
00204250,vosk-cn,0.5,0.3333,0.3333,0.125
00204250,wav2vec2-zh,0.5833,0.5,0.5,0.3333333333333333
00204250,paraformer-zh,0.4167,0.25,0.4167,0.3333333333333333
00204250,zipformer-zh-en,0.3333,0.1667,0.25,0.1
00204250,sense-voice,0.4167,0.25,0.3333,0.2222222222222222
00204304,whisper-tiny,0.3,0.2,0.3,0.125
00204304,whisper-base,0.3,0.1,0.2,0.1111111111111111
00204304,whisper-small,0.4,0.1,0.2,0.3333333333333333
00204304,vosk-cn,0.4,0.3,0.3,0.14285714285714285
00204304,wav2vec2-zh,0.5,0.2,0.4,0.25
00204304,paraformer-zh,0.3,0.1,0.3,0.2222222222222222
00204304,zipformer-zh-en,0.4,0.3,0.4,0.14285714285714285
00204304,sense-voice,0.2,0.2,0.2,0.0
00204321,whisper-tiny,0.6875,0.375,0.3125,0.1
00204321,whisper-base,0.625,0.3125,0.375,0.2727272727272727
00204321,whisper-small,0.0625,0.0625,0.0625,0.0
00204321,vosk-cn,0.25,0.1875,0.25,0.07142857142857142
00204321,wav2vec2-zh,0.75,0.375,0.5,0.6
00204321,paraformer-zh,0.0,0.0,0.0,0.0
00204321,zipformer-zh-en,0.25,0.1875,0.125,0.07692307692307693
00204321,sense-voice,0.0625,0.0625,0.0625,0.0
00204337,whisper-tiny,0.2667,0.2,0.1333,0.0
00204337,whisper-base,0.3333,0.2,0.2,0.07692307692307693
00204337,whisper-small,0.2667,0.2,0.1333,0.0
00204337,vosk-cn,0.3333,0.2667,0.2,0.0
00204337,wav2vec2-zh,0.4,0.3333,0.2,0.0
00204337,paraformer-zh,0.4,0.3333,0.2667,0.0
00204337,zipformer-zh-en,0.4667,0.3333,0.2667,0.07692307692307693
00204337,sense-voice,0.4,0.3333,0.2667,0.0
00204353,whisper-tiny,0.8333,0.8333,0.6667,0.0
00204353,whisper-base,0.3333,0.3333,0.3333,0.0
00204353,whisper-small,0.3333,0.3333,0.1667,0.0
00204353,vosk-cn,1.1667,1.1667,1.1667,0.0
00204353,wav2vec2-zh,1.1667,1.1667,0.8333,0.0
00204353,paraformer-zh,1.1667,1.1667,0.8333,0.0
00204353,zipformer-zh-en,1.1667,1.1667,0.8333,0.0
00204353,sense-voice,1.1667,1.1667,0.8333,0.0
00204407,whisper-tiny,0.4444,0.4444,0.2222,0.0
00204407,whisper-base,0.4444,0.4444,0.4444,0.0
00204407,whisper-small,0.4444,0.4444,0.4444,0.0
00204407,vosk-cn,0.4444,0.3333,0.3333,0.16666666666666666
00204407,wav2vec2-zh,0.3333,0.1111,0.3333,0.25
00204407,paraformer-zh,0.0,0.0,0.0,0.0
00204407,zipformer-zh-en,0.2222,0.1111,0.2222,0.125
00204407,sense-voice,0.2222,0.2222,0.1111,0.0
00204423,whisper-tiny,0.4545,0.3636,0.1818,0.0
00204423,whisper-base,0.3636,0.3636,0.1818,0.0
00204423,whisper-small,0.6364,0.4545,0.4545,0.14285714285714285
00204423,vosk-cn,0.0,0.0,0.0,0.0
00204423,wav2vec2-zh,0.5455,0.4545,0.4545,0.14285714285714285
00204423,paraformer-zh,0.0,0.0,0.0,0.0
00204423,zipformer-zh-en,0.6364,0.2727,0.3636,0.375
00204423,sense-voice,0.2727,0.0909,0.1818,0.1
00204439,whisper-tiny,0.5,0.5,0.5,0.0
00204439,whisper-base,0.6667,0.5,0.6667,0.3333333333333333
00204439,whisper-small,0.8333,0.1667,0.8333,0.8
00204439,vosk-cn,0.6667,0.3333,0.6667,0.5
00204439,wav2vec2-zh,1.0,0.3333,0.8333,1.0
00204439,paraformer-zh,1.0,0.3333,0.8333,1.0
00204439,zipformer-zh-en,1.0,0.5,0.8333,1.0
00204439,sense-voice,0.5,0.0,0.5,0.5
00204455,whisper-tiny,0.1176,0.0588,0.1176,0.0625
00204455,whisper-base,0.1176,0.0,0.1176,0.11764705882352941
00204455,whisper-small,0.0588,0.0,0.0588,0.058823529411764705
00204455,vosk-cn,0.2941,0.0588,0.2353,0.25
00204455,wav2vec2-zh,0.2353,0.0588,0.2353,0.1875
00204455,paraformer-zh,0.0,0.0,0.0,0.0
00204455,zipformer-zh-en,0.1176,0.0588,0.1176,0.0625
00204455,sense-voice,0.0588,0.0,0.0588,0.058823529411764705
00204509,whisper-tiny,0.5,0.3333,0.5,0.5
00204509,whisper-base,0.5,0.4167,0.25,0.14285714285714285
00204509,whisper-small,0.3333,0.25,0.3333,0.1111111111111111
00204509,vosk-cn,0.1667,0.1667,0.1667,0.0
00204509,wav2vec2-zh,0.75,0.4167,0.5833,0.5714285714285714
00204509,paraformer-zh,0.4167,0.25,0.5,0.4444444444444444
00204509,zipformer-zh-en,0.75,0.5,0.3333,0.14285714285714285
00204509,sense-voice,0.1667,0.0833,0.1667,0.09090909090909091
00204525,whisper-tiny,0.5,0.3333,0.4167,0.125
00204525,whisper-base,0.25,0.1667,0.25,0.1
00204525,whisper-small,0.3333,0.25,0.25,0.0
00204525,vosk-cn,0.6667,0.5,0.4167,0.16666666666666666
00204525,wav2vec2-zh,0.6667,0.4167,0.5833,0.42857142857142855
00204525,paraformer-zh,0.1667,0.1667,0.1667,0.0
00204525,zipformer-zh-en,0.3333,0.25,0.25,0.1111111111111111
00204525,sense-voice,0.1667,0.1667,0.1667,0.0
00204541,whisper-tiny,0.625,0.375,0.5,0.3333333333333333
00204541,whisper-base,0.375,0.375,0.25,0.0
00204541,whisper-small,0.625,0.5,0.5,0.2
00204541,vosk-cn,0.5,0.5,0.25,0.0
00204541,wav2vec2-zh,0.625,0.375,0.375,0.3333333333333333
00204541,paraformer-zh,0.375,0.375,0.25,0.0
00204541,zipformer-zh-en,0.75,0.625,0.375,0.25
00204541,sense-voice,0.375,0.375,0.25,0.0
00204557,whisper-tiny,1.0,1.0,0.75,
00204557,whisper-base,1.125,1.125,0.75,0.0
00204557,whisper-small,1.0,0.5,0.375,0.4
00204557,vosk-cn,1.125,0.75,0.5,0.0
00204557,wav2vec2-zh,0.875,0.5,0.5,0.5
00204557,paraformer-zh,0.25,0.125,0.125,0.0
00204557,zipformer-zh-en,0.625,0.125,0.125,0.14285714285714285
00204557,sense-voice,0.375,0.25,0.125,0.0
00204611,whisper-tiny,0.3077,0.0769,0.0769,0.08333333333333333
00204611,whisper-base,0.3077,0.0769,0.0769,0.08333333333333333
00204611,whisper-small,0.3077,0.0769,0.0769,0.08333333333333333
00204611,vosk-cn,0.2308,0.0769,0.0769,0.08333333333333333
00204611,wav2vec2-zh,0.3077,0.0769,0.2308,0.16666666666666666
00204611,paraformer-zh,0.0769,0.0769,0.0769,0.0
00204611,zipformer-zh-en,0.3077,0.1538,0.1538,0.09090909090909091
00204611,sense-voice,0.0769,0.0769,0.0769,0.0
00204627,whisper-tiny,0.1667,0.0,0.1667,0.16666666666666666
00204627,whisper-base,0.3333,0.1667,0.25,0.1
00204627,whisper-small,0.25,0.0833,0.25,0.18181818181818182
00204627,vosk-cn,0.5,0.1667,0.3333,0.36363636363636365
00204627,wav2vec2-zh,0.5,0.1667,0.5,0.4
00204627,paraformer-zh,0.0833,0.0,0.0,0.0
00204627,zipformer-zh-en,0.4167,0.1667,0.4167,0.3
00204627,sense-voice,0.0,0.0,0.0,0.0
00204643,whisper-tiny,0.5,0.25,0.25,0.16666666666666666
00204643,whisper-base,0.375,0.375,0.125,0.0
00204643,whisper-small,0.25,0.125,0.125,0.0
00204643,vosk-cn,0.375,0.25,0.25,0.0
00204643,wav2vec2-zh,0.75,0.25,0.25,0.16666666666666666
00204643,paraformer-zh,0.25,0.25,0.25,0.0
00204643,zipformer-zh-en,0.5,0.375,0.25,0.0
00204643,sense-voice,0.25,0.25,0.125,0.0
00204659,whisper-tiny,0.4667,0.3333,0.2667,0.1
00204659,whisper-base,0.5333,0.2667,0.4,0.2727272727272727
00204659,whisper-small,0.5333,0.2667,0.4,0.2727272727272727
00204659,vosk-cn,0.5333,0.4,0.3333,0.1111111111111111
00204659,wav2vec2-zh,0.6,0.4,0.4,0.2222222222222222
00204659,paraformer-zh,0.2667,0.2667,0.1333,0.0
00204659,zipformer-zh-en,0.4,0.2667,0.2667,0.09090909090909091
00204659,sense-voice,0.0667,0.0667,0.0,0.0
