utt_id,allosaurus-eng,atc-w2v2,atc-xlsr,base.en,canary-1b,crisperwhisper,distil-large-v3,distil-small.en,espeak-phone,hubert-large,jasper,moonshine-base,parakeet,quartznet,qwen2audio,seamless-m4t-v2,small.en,sphinx-enus,tiny,tiny.en,vosk-small,w2v2-large-lv60,w2v2-swbd,w2v2-xlsr-cv,wav2vec2-base,wav2vec2-robust,wavlm-large,xlsr-1b-cv
spkr109_1,0.7,0.3,0.7,0.2,0.2,0.2,0.2,0.2,0.3,0.3,0.2,0.2,0.2,0.2,0.2,0.2,0.2,1.0,0.2,0.2,0.5,0.4,0.5,0.2,0.2,0.2,0.2,0.2
spkr109_10,0.5882352941176471,0.0,0.8235294117647058,0.0,0.0,0.0,0.0,0.0,0.11764705882352941,0.0,0.058823529411764705,0.0,0.0,0.058823529411764705,0.0,0.0,0.0,0.6470588235294118,0.0,0.0,0.0,0.0,0.11764705882352941,0.0,0.0,0.0,0.0,0.0
spkr109_12,0.7058823529411765,0.4117647058823529,0.6470588235294118,0.058823529411764705,0.0,0.0,0.0,0.23529411764705882,0.5882352941176471,0.0,0.058823529411764705,0.0,0.0,0.0,0.0,0.0,0.0,0.7058823529411765,0.058823529411764705,0.058823529411764705,0.17647058823529413,0.5882352941176471,0.35294117647058826,0.0,0.47058823529411764,0.11764705882352941,0.11764705882352941,0.23529411764705882
spkr109_13,1.0,0.8235294117647058,0.5294117647058824,0.47058823529411764,0.0,0.11764705882352941,0.29411764705882354,0.17647058823529413,0.875,0.47058823529411764,0.23529411764705882,0.5294117647058824,0.0,0.17647058823529413,0.0,0.4117647058823529,0.11764705882352941,0.8235294117647058,0.5294117647058824,0.5294117647058824,0.5294117647058824,0.5294117647058824,0.5882352941176471,0.17647058823529413,0.35294117647058826,0.35294117647058826,0.47058823529411764,0.23529411764705882
spkr109_14,0.6470588235294118,0.7647058823529411,0.6470588235294118,0.0,0.0,0.0,0.058823529411764705,0.17647058823529413,0.23529411764705882,0.058823529411764705,0.058823529411764705,0.0,0.0,0.11764705882352941,0.0,0.0,0.17647058823529413,0.23529411764705882,0.17647058823529413,0.29411764705882354,0.11764705882352941,0.11764705882352941,0.11764705882352941,0.11764705882352941,0.11764705882352941,0.058823529411764705,0.058823529411764705,0.17647058823529413
spkr109_15,0.7058823529411765,0.35294117647058826,0.6470588235294118,0.5882352941176471,0.0,0.0,0.058823529411764705,0.29411764705882354,0.23529411764705882,0.0,0.4117647058823529,0.11764705882352941,0.0,0.47058823529411764,0.0,0.0,0.0,0.8823529411764706,0.47058823529411764,0.5294117647058824,0.35294117647058826,0.0,0.17647058823529413,0.0,0.35294117647058826,0.0,0.23529411764705882,0.0
spkr109_18,0.7692307692307693,0.6538461538461539,0.5769230769230769,0.038461538461538464,0.0,0.0,0.038461538461538464,0.15384615384615385,0.5384615384615384,0.19230769230769232,0.11538461538461539,0.07692307692307693,0.0,0.19230769230769232,0.038461538461538464,0.0,0.038461538461538464,0.5769230769230769,0.038461538461538464,0.19230769230769232,0.038461538461538464,0.34615384615384615,0.2692307692307692,0.11538461538461539,0.3076923076923077,0.19230769230769232,0.46153846153846156,0.11538461538461539
spkr109_19,0.45161290322580644,0.41935483870967744,0.6129032258064516,0.0,0.16129032258064516,0.0,0.0,0.0,0.25806451612903225,0.12903225806451613,0.1935483870967742,0.0,0.22580645161290322,0.16129032258064516,0.0,0.0,0.0,0.2903225806451613,0.0,0.0,0.2903225806451613,0.12903225806451613,0.1935483870967742,0.16129032258064516,0.25806451612903225,0.16129032258064516,0.1935483870967742,0.16129032258064516
spkr109_2,0.9090909090909091,0.6363636363636364,0.6363636363636364,0.2727272727272727,0.0,0.0,0.18181818181818182,0.18181818181818182,0.9090909090909091,0.0,0.09090909090909091,0.45454545454545453,0.0,0.36363636363636365,0.6363636363636364,0.0,0.0,0.8181818181818182,0.5454545454545454,0.5454545454545454,0.6363636363636364,0.6363636363636364,0.5454545454545454,0.18181818181818182,0.5454545454545454,0.18181818181818182,0.45454545454545453,0.36363636363636365
spkr109_20,0.75,0.4230769230769231,0.5,0.0,0.0,0.0,0.0,0.15384615384615385,0.25,0.0,0.0,0.0,0.0,0.0,0.0,0.0,0.0,0.46153846153846156,0.0,0.0,0.0,0.0,0.0,0.0,0.19230769230769232,0.0,0.038461538461538464,0.0
spkr109_21,0.56,0.37037037037037035,0.2962962962962963,0.0,0.037037037037037035,0.0,0.037037037037037035,0.037037037037037035,0.36,0.1111111111111111,0.25925925925925924,0.037037037037037035,0.0,0.1111111111111111,0.0,0.0,0.0,0.5185185185185185,0.1111111111111111,0.0,0.037037037037037035,0.18518518518518517,0.1111111111111111,0.1111111111111111,0.2962962962962963,0.07407407407407407,0.18518518518518517,0.2222222222222222
spkr109_22,0.4444444444444444,0.05555555555555555,0.5555555555555556,0.0,0.0,0.0,0.0,0.0,0.16666666666666666,0.0,0.0,0.0,0.0,0.0,0.0,0.0,0.0,0.2777777777777778,0.0,0.0,0.1111111111111111,0.0,0.05555555555555555,0.0,0.0,0.0,0.0,0.0
spkr109_23,0.6,0.2,0.3,0.1,0.0,0.0,0.0,0.15,0.2,0.05,0.0,0.15,0.0,0.0,0.0,0.0,0.0,0.2,0.15,0.0,0.0,0.0,0.1,0.15,0.0,0.0,0.05,0.05
spkr109_24,0.8823529411764706,0.5263157894736842,0.6842105263157895,0.10526315789473684,0.21052631578947367,0.05263157894736842,0.3157894736842105,0.05263157894736842,0.47058823529411764,0.21052631578947367,0.10526315789473684,0.21052631578947367,0.05263157894736842,0.3684210526315789,0.05263157894736842,0.10526315789473684,0.10526315789473684,0.9473684210526315,0.3684210526315789,0.10526315789473684,0.3684210526315789,0.10526315789473684,0.3684210526315789,0.3157894736842105,0.47368421052631576,0.05263157894736842,0.15789473684210525,0.21052631578947367
spkr109_26,0.7222222222222222,0.3157894736842105,0.3684210526315789,0.2631578947368421,0.0,0.0,0.0,0.10526315789473684,0.6666666666666666,0.10526315789473684,0.0,0.10526315789473684,0.0,0.0,0.0,0.0,0.0,0.6842105263157895,0.10526315789473684,0.10526315789473684,0.3157894736842105,0.10526315789473684,0.21052631578947367,0.5789473684210527,0.15789473684210525,0.10526315789473684,0.10526315789473684,0.10526315789473684
spkr109_28,0.9333333333333333,0.4117647058823529,0.47058823529411764,0.5294117647058824,0.6470588235294118,0.5882352941176471,0.0,0.29411764705882354,0.2,0.17647058823529413,0.11764705882352941,0.29411764705882354,0.29411764705882354,0.058823529411764705,0.23529411764705882,0.29411764705882354,0.0,0.5882352941176471,0.5294117647058824,0.29411764705882354,0.5882352941176471,0.5882352941176471,0.29411764705882354,0.23529411764705882,0.35294117647058826,0.29411764705882354,0.23529411764705882,0.17647058823529413
spkr109_29,0.4666666666666667,0.2,0.6666666666666666,0.0,0.0,0.0,0.2,0.2,0.06666666666666667,0.0,0.06666666666666667,0.0,0.0,0.2,0.0,0.0,0.0,0.2,0.0,0.0,0.2,0.0,0.13333333333333333,0.06666666666666667,0.06666666666666667,0.0,0.06666666666666667,0.0
spkr109_30,0.6,0.4666666666666667,0.6,0.2,0.13333333333333333,0.2,0.13333333333333333,0.2,0.5333333333333333,0.4,0.13333333333333333,0.4,0.13333333333333333,0.0,0.13333333333333333,0.0,0.0,0.3333333333333333,0.2,0.2,0.2,0.13333333333333333,0.2,0.13333333333333333,0.4666666666666667,0.3333333333333333,0.3333333333333333,0.26666666666666666
spkr109_31,0.5789473684210527,0.2631578947368421,0.5789473684210527,0.10526315789473684,0.10526315789473684,0.10526315789473684,0.10526315789473684,0.10526315789473684,0.15789473684210525,0.10526315789473684,0.21052631578947367,0.10526315789473684,0.10526315789473684,0.21052631578947367,0.0,0.0,0.10526315789473684,0.3684210526315789,0.10526315789473684,0.10526315789473684,0.2631578947368421,0.10526315789473684,0.15789473684210525,0.15789473684210525,0.2631578947368421,0.10526315789473684,0.15789473684210525,0.15789473684210525
spkr109_33,0.6190476190476191,0.4090909090909091,0.5,0.2727272727272727,0.09090909090909091,0.0,0.09090909090909091,0.09090909090909091,0.5714285714285714,0.45454545454545453,0.18181818181818182,0.09090909090909091,0.09090909090909091,0.09090909090909091,0.09090909090909091,0.09090909090909091,0.09090909090909091,0.8181818181818182,0.3181818181818182,0.2727272727272727,0.09090909090909091,0.09090909090909091,0.45454545454545453,0.09090909090909091,0.5,0.22727272727272727,0.5,0.4090909090909091
spkr109_34,0.5454545454545454,0.5454545454545454,0.5454545454545454,0.3181818181818182,0.09090909090909091,0.09090909090909091,0.3181818181818182,0.2727272727272727,0.36363636363636365,0.13636363636363635,0.22727272727272727,0.3181818181818182,0.4090909090909091,0.09090909090909091,0.2727272727272727,0.13636363636363635,0.36363636363636365,0.6363636363636364,0.3181818181818182,0.36363636363636365,0.3181818181818182,0.2727272727272727,0.4090909090909091,0.4090909090909091,0.36363636363636365,0.09090909090909091,0.2727272727272727,0.18181818181818182
spkr109_35,0.7857142857142857,0.14285714285714285,0.6428571428571429,0.14285714285714285,0.14285714285714285,0.14285714285714285,0.14285714285714285,0.14285714285714285,0.7142857142857143,0.0,0.14285714285714285,0.14285714285714285,0.14285714285714285,0.14285714285714285,0.14285714285714285,0.0,0.0,0.14285714285714285,0.14285714285714285,0.14285714285714285,0.14285714285714285,0.14285714285714285,0.35714285714285715,0.14285714285714285,0.14285714285714285,0.07142857142857142,0.21428571428571427,0.14285714285714285
spkr109_36,0.7777777777777778,0.35,0.55,0.0,0.0,0.0,0.0,0.0,0.3333333333333333,0.0,0.15,0.0,0.0,0.15,0.0,0.0,0.0,0.75,0.15,0.2,0.2,0.0,0.15,0.25,0.2,0.15,0.15,0.2
spkr109_37,0.9285714285714286,0.3333333333333333,0.6666666666666666,0.26666666666666666,0.0,0.0,0.26666666666666666,0.26666666666666666,0.21428571428571427,0.0,0.06666666666666667,0.4,0.13333333333333333,0.0,0.0,0.0,0.26666666666666666,0.8,0.26666666666666666,0.4,0.4,0.06666666666666667,0.13333333333333333,0.06666666666666667,0.0,0.06666666666666667,0.13333333333333333,0.06666666666666667
spkr109_38,0.625,0.0,0.6,0.0,0.0,0.0,0.0,0.0,0.0625,0.0,0.06666666666666667,0.0,0.0,0.0,0.0,0.0,0.0,0.5333333333333333,0.06666666666666667,0.06666666666666667,0.06666666666666667,0.0,0.0,0.0,0.0,0.0,0.0,0.0
spkr109_4,0.8571428571428571,0.23076923076923078,0.38461538461538464,0.0,0.0,0.0,0.0,0.0,0.14285714285714285,0.0,0.0,0.0,0.0,0.0,0.0,0.0,0.0,0.7692307692307693,0.0,0.0,0.0,0.0,0.15384615384615385,0.0,0.0,0.0,0.15384615384615385,0.15384615384615385
spkr109_40,0.5,0.0,0.2,0.0,0.0,0.0,0.0,0.0,0.0,0.0,0.0,0.0,0.0,0.0,0.0,0.0,0.0,0.6,0.0,0.0,0.0,0.0,0.0,0.0,0.06666666666666667,0.0,0.0,0.0
spkr109_42,0.7272727272727273,0.45454545454545453,0.36363636363636365,0.6363636363636364,0.0,0.0,0.18181818181818182,0.18181818181818182,0.2727272727272727,0.2727272727272727,0.36363636363636365,0.5454545454545454,0.0,0.2727272727272727,0.0,0.0,0.18181818181818182,0.8181818181818182,0.18181818181818182,0.09090909090909091,0.18181818181818182,0.2727272727272727,0.5454545454545454,0.09090909090909091,0.45454545454545453,0.09090909090909091,0.5454545454545454,0.18181818181818182
spkr109_43,0.6923076923076923,0.3076923076923077,0.46153846153846156,0.0,0.0,0.0,0.0,0.38461538461538464,0.5384615384615384,0.15384615384615385,0.0,0.0,0.15384615384615385,0.23076923076923078,0.0,0.3076923076923077,0.0,0.7692307692307693,0.0,0.15384615384615385,0.6153846153846154,0.23076923076923078,0.23076923076923078,0.07692307692307693,0.23076923076923078,0.23076923076923078,0.15384615384615385,0.15384615384615385
spkr109_44,0.4375,0.125,0.4375,0.125,0.125,0.125,0.125,0.1875,0.375,0.125,0.125,0.125,0.125,0.1875,0.125,0.125,0.125,0.1875,0.125,0.1875,0.125,0.125,0.25,0.125,0.125,0.125,0.1875,0.125
spkr109_45,0.8,0.0,0.36363636363636365,0.0,0.0,0.0,0.09090909090909091,0.0,0.1,0.0,0.0,0.0,0.0,0.0,0.0,0.0,0.0,0.6363636363636364,0.09090909090909091,0.0,0.0,0.0,0.0,0.0,0.0,0.0,0.0,0.0
spkr109_46,0.8,0.13333333333333333,0.3333333333333333,0.0,0.0,0.0,0.0,0.0,0.13333333333333333,0.0,0.0,0.0,0.0,0.0,0.0,0.0,0.0,0.0,0.0,0.0,0.0,0.0,0.0,0.0,0.0,0.0,0.06666666666666667,0.0
spkr109_5,0.9333333333333333,0.4,0.5333333333333333,0.0,0.0,0.0,0.0,0.0,0.26666666666666666,0.0,0.06666666666666667,0.0,0.0,0.0,0.0,0.06666666666666667,0.0,0.2,0.0,0.0,0.3333333333333333,0.0,0.26666666666666666,0.0,0.13333333333333333,0.0,0.06666666666666667,0.13333333333333333
spkr109_50,0.6333333333333333,0.22580645161290322,0.5806451612903226,0.0,0.0,0.0,0.0,0.0,0.2,0.0,0.06451612903225806,0.0,0.0,0.03225806451612903,0.0,0.0,0.0,0.8064516129032258,0.0,0.0,0.22580645161290322,0.06451612903225806,0.06451612903225806,0.0,0.22580645161290322,0.06451612903225806,0.0,0.0
spkr109_51,0.7142857142857143,0.7142857142857143,0.5,0.07142857142857142,0.0,0.0,0.07142857142857142,0.14285714285714285,0.7142857142857143,0.42857142857142855,0.14285714285714285,0.07142857142857142,0.0,0.21428571428571427,0.0,0.0,0.07142857142857142,0.42857142857142855,0.35714285714285715,0.21428571428571427,0.07142857142857142,0.35714285714285715,0.5,0.14285714285714285,0.14285714285714285,0.07142857142857142,0.21428571428571427,0.35714285714285715
spkr109_52,0.6363636363636364,0.09090909090909091,0.6363636363636364,0.0,0.0,0.0,0.0,0.0,0.36363636363636365,0.18181818181818182,0.0,0.0,0.0,0.0,0.0,0.0,0.0,0.9090909090909091,0.0,0.0,0.0,0.09090909090909091,0.0,0.0,0.09090909090909091,0.0,0.09090909090909091,0.0
spkr109_53,0.26666666666666666,0.2,0.4666666666666667,0.13333333333333333,0.06666666666666667,0.06666666666666667,0.06666666666666667,0.06666666666666667,0.13333333333333333,0.06666666666666667,0.13333333333333333,0.0,0.06666666666666667,0.06666666666666667,0.0,0.26666666666666666,0.06666666666666667,0.2,0.06666666666666667,0.06666666666666667,0.06666666666666667,0.0,0.0,0.0,0.06666666666666667,0.0,0.13333333333333333,0.2
spkr109_54,1.0,0.5714285714285714,0.7142857142857143,0.14285714285714285,0.14285714285714285,0.14285714285714285,0.14285714285714285,0.14285714285714285,0.6666666666666666,0.0,0.14285714285714285,1.0,0.14285714285714285,0.14285714285714285,0.0,0.0,0.14285714285714285,0.0,0.0,0.0,0.0,0.14285714285714285,0.14285714285714285,0.2857142857142857,0.14285714285714285,0.2857142857142857,0.2857142857142857,0.2857142857142857
spkr109_55,0.7333333333333333,0.47058823529411764,0.35294117647058826,0.5294117647058824,0.11764705882352941,0.0,0.11764705882352941,0.47058823529411764,0.3333333333333333,0.35294117647058826,0.4117647058823529,0.5882352941176471,0.0,0.47058823529411764,0.11764705882352941,0.11764705882352941,0.5882352941176471,0.6470588235294118,0.11764705882352941,0.11764705882352941,0.5294117647058824,0.35294117647058826,0.47058823529411764,0.4117647058823529,0.4117647058823529,0.4117647058823529,0.5294117647058824,0.47058823529411764
spkr109_56,0.9,0.4,0.3,0.3,0.2,0.3,0.3,0.3,0.7,0.5,0.4,0.3,0.3,0.2,0.2,0.2,0.3,0.8,0.3,0.3,0.2,0.4,0.4,0.3,0.3,0.2,0.5,0.2
spkr109_57,0.9333333333333333,0.23529411764705882,0.35294117647058826,0.0,0.17647058823529413,0.0,0.11764705882352941,0.11764705882352941,0.6666666666666666,0.11764705882352941,0.0,0.0,0.11764705882352941,0.0,0.35294117647058826,0.0,0.0,0.29411764705882354,0.0,0.23529411764705882,0.11764705882352941,0.17647058823529413,0.23529411764705882,0.11764705882352941,0.11764705882352941,0.11764705882352941,0.17647058823529413,0.11764705882352941
spkr109_58,0.8095238095238095,0.2727272727272727,0.5454545454545454,0.18181818181818182,0.0,0.0,0.0,0.13636363636363635,0.42857142857142855,0.13636363636363635,0.13636363636363635,0.13636363636363635,0.0,0.13636363636363635,0.0,0.0,0.13636363636363635,0.9545454545454546,0.13636363636363635,0.22727272727272727,0.13636363636363635,0.0,0.22727272727272727,0.0,0.045454545454545456,0.0,0.18181818181818182,0.09090909090909091
spkr109_59,1.0,0.7272727272727273,0.5454545454545454,0.9090909090909091,0.0,0.0,0.45454545454545453,0.36363636363636365,0.8181818181818182,0.8181818181818182,0.7272727272727273,0.45454545454545453,0.0,0.8181818181818182,0.0,0.0,0.45454545454545453,1.0,0.45454545454545453,0.8181818181818182,0.0,0.7272727272727273,0.6363636363636364,0.7272727272727273,0.36363636363636365,0.36363636363636365,0.8181818181818182,0.7272727272727273
spkr109_6,1.0,0.5833333333333334,0.5833333333333334,0.0,0.0,0.0,0.0,0.0,1.0,0.0,0.16666666666666666,0.0,0.0,0.0,0.0,0.0,0.0,1.0,0.4166666666666667,0.3333333333333333,0.0,0.0,0.3333333333333333,0.25,0.0,0.0,0.4166666666666667,0.16666666666666666
spkr109_60,0.9375,0.7647058823529411,0.5882352941176471,0.11764705882352941,0.0,0.0,0.11764705882352941,0.29411764705882354,0.3125,0.058823529411764705,0.058823529411764705,0.17647058823529413,0.0,0.0,0.11764705882352941,0.0,0.0,0.7058823529411765,0.0,0.23529411764705882,0.17647058823529413,0.058823529411764705,0.5294117647058824,0.11764705882352941,0.17647058823529413,0.058823529411764705,0.17647058823529413,0.17647058823529413
spkr109_61,0.7777777777777778,0.2777777777777778,0.4444444444444444,0.0,0.0,0.0,0.0,0.0,0.1111111111111111,0.0,0.0,0.0,0.0,0.0,0.0,0.0,0.0,0.6111111111111112,0.2222222222222222,0.0,0.0,0.05555555555555555,0.0,0.0,0.05555555555555555,0.0,0.0,0.0
spkr109_62,0.6,0.18181818181818182,0.36363636363636365,0.0,0.0,0.0,0.0,0.0,0.3,0.0,0.0,0.0,0.0,0.0,0.0,0.0,0.0,0.18181818181818182,0.2727272727272727,0.0,0.0,0.0,0.09090909090909091,0.0,0.0,0.0,0.18181818181818182,0.0
spkr109_63,0.8,0.1,0.7,0.2,0.0,0.0,0.0,0.0,0.5,0.5,0.0,0.0,0.0,0.2,0.0,0.3,0.0,0.8,0.3,0.3,0.4,0.3,0.5,0.0,0.6,0.3,0.4,0.0
spkr109_64,0.5882352941176471,0.23529411764705882,0.8235294117647058,0.11764705882352941,0.23529411764705882,0.0,0.23529411764705882,0.0,0.17647058823529413,0.23529411764705882,0.0,0.23529411764705882,0.0,0.4117647058823529,0.0,0.23529411764705882,0.11764705882352941,0.9411764705882353,0.35294117647058826,0.11764705882352941,0.4117647058823529,0.0,0.11764705882352941,0.17647058823529413,0.17647058823529413,0.17647058823529413,0.17647058823529413,0.47058823529411764
spkr109_65,0.7391304347826086,0.21739130434782608,0.5652173913043478,0.043478260869565216,0.0,0.0,0.0,0.0,0.08695652173913043,0.08695652173913043,0.0,0.0,0.0,0.0,0.0,0.0,0.0,0.5217391304347826,0.0,0.043478260869565216,0.043478260869565216,0.043478260869565216,0.08695652173913043,0.0,0.13043478260869565,0.0,0.0,0.0
spkr109_66,0.8235294117647058,0.0,0.16666666666666666,0.0,0.0,0.0,0.0,0.0,0.058823529411764705,0.0,0.0,0.0,0.0,0.0,0.16666666666666666,0.0,0.0,0.8333333333333334,0.0,0.0,0.16666666666666666,0.0,0.0,0.0,0.0,0.0,0.0,0.0
spkr109_67,0.6428571428571429,0.07142857142857142,0.21428571428571427,0.0,0.0,0.0,0.0,0.0,0.0,0.0,0.0,0.0,0.0,0.0,0.0,0.0,0.0,0.5,0.35714285714285715,0.0,0.0,0.0,0.07142857142857142,0.07142857142857142,0.0,0.0,0.07142857142857142,0.14285714285714285
spkr109_68,0.9166666666666666,0.6153846153846154,0.5384615384615384,0.6923076923076923,0.0,0.0,0.46153846153846156,0.0,0.75,0.15384615384615385,0.3076923076923077,0.0,0.23076923076923078,0.38461538461538464,0.7692307692307693,0.0,0.0,1.0,0.6153846153846154,0.6153846153846154,0.46153846153846156,0.15384615384615385,0.46153846153846156,0.23076923076923078,0.23076923076923078,0.15384615384615385,0.15384615384615385,0.15384615384615385
spkr109_69,0.5,0.16666666666666666,0.5555555555555556,0.0,0.0,0.0,0.0,0.0,0.1111111111111111,0.0,0.0,0.2222222222222222,0.0,0.0,0.0,0.0,0.0,0.0,0.05555555555555555,0.0,0.0,0.0,0.0,0.0,0.0,0.0,0.05555555555555555,0.0
spkr109_7,0.7333333333333333,0.625,0.75,0.0,0.125,0.125,0.125,0.3125,0.6666666666666666,0.125,0.125,0.75,0.125,0.125,0.125,0.25,0.125,0.875,0.3125,0.75,0.5,0.4375,0.75,0.25,0.5,0.125,0.375,0.4375
spkr109_70,0.625,0.5625,0.75,0.1875,0.0,0.1875,0.1875,0.1875,0.1875,0.1875,0.1875,0.1875,0.125,0.1875,0.125,0.0625,0.1875,0.5625,1.0,0.1875,0.25,0.25,0.1875,0.1875,0.375,0.1875,0.0625,0.1875
spkr109_71,0.9444444444444444,0.10526315789473684,0.5789473684210527,0.0,0.0,0.0,0.05263157894736842,0.0,0.5555555555555556,0.0,0.2631578947368421,0.0,0.0,0.21052631578947367,0.05263157894736842,0.10526315789473684,0.05263157894736842,0.3684210526315789,0.0,0.05263157894736842,0.0,0.10526315789473684,0.0,0.0,0.42105263157894735,0.0,0.0,0.0
spkr109_72,0.5789473684210527,0.2222222222222222,0.6111111111111112,0.3333333333333333,0.0,0.0,0.0,0.0,0.2631578947368421,0.2777777777777778,0.0,0.0,0.0,0.2777777777777778,0.0,0.0,0.0,0.2222222222222222,0.0,0.0,0.0,0.2777777777777778,0.2777777777777778,0.2222222222222222,0.2222222222222222,0.2777777777777778,0.2777777777777778,0.3888888888888889
spkr109_73,0.9090909090909091,0.2727272727272727,0.6363636363636364,0.18181818181818182,0.18181818181818182,0.18181818181818182,0.18181818181818182,0.18181818181818182,0.7272727272727273,0.2727272727272727,0.18181818181818182,0.18181818181818182,0.18181818181818182,0.18181818181818182,0.18181818181818182,0.45454545454545453,0.18181818181818182,0.9090909090909091,0.18181818181818182,0.18181818181818182,0.18181818181818182,0.45454545454545453,0.18181818181818182,0.36363636363636365,0.45454545454545453,0.5454545454545454,0.5454545454545454,0.36363636363636365
spkr109_74,0.8571428571428571,0.6428571428571429,0.7142857142857143,0.14285714285714285,0.14285714285714285,0.14285714285714285,0.14285714285714285,0.14285714285714285,0.6428571428571429,0.14285714285714285,0.14285714285714285,0.14285714285714285,0.14285714285714285,0.14285714285714285,0.14285714285714285,0.14285714285714285,0.14285714285714285,0.7857142857142857,0.14285714285714285,0.14285714285714285,0.6428571428571429,0.21428571428571427,0.5,0.14285714285714285,0.14285714285714285,0.5714285714285714,0.5,0.21428571428571427
spkr109_75,0.8823529411764706,0.8235294117647058,0.7647058823529411,0.8235294117647058,0.23529411764705882,0.29411764705882354,0.47058823529411764,0.35294117647058826,0.8235294117647058,0.5294117647058824,0.5882352941176471,1.0,0.5882352941176471,0.35294117647058826,0.5294117647058824,0.17647058823529413,0.35294117647058826,0.8235294117647058,0.7647058823529411,0.7647058823529411,0.4117647058823529,0.5294117647058824,0.7058823529411765,0.5294117647058824,0.7058823529411765,0.4117647058823529,0.7058823529411765,0.47058823529411764
spkr109_8,0.625,0.375,0.375,0.3125,0.0,0.0,0.125,0.0,0.5625,0.5,0.25,0.0,0.4375,0.0625,0.0,0.0,0.0,0.8125,0.1875,0.3125,0.125,0.4375,0.625,0.0,0.6875,0.625,0.25,0.25
spkr109_9,0.42857142857142855,0.42857142857142855,0.5,0.2857142857142857,0.2857142857142857,0.2857142857142857,0.14285714285714285,0.14285714285714285,0.21428571428571427,0.21428571428571427,0.2857142857142857,0.07142857142857142,0.21428571428571427,0.2857142857142857,0.07142857142857142,0.21428571428571427,0.07142857142857142,0.8571428571428571,0.21428571428571427,0.21428571428571427,0.14285714285714285,0.07142857142857142,0.35714285714285715,0.35714285714285715,0.21428571428571427,0.14285714285714285,0.14285714285714285,0.35714285714285715
spkr110_1,1.0,0.4,0.9,0.0,0.0,0.0,0.0,0.0,0.3,0.1,0.4,0.2,0.0,0.4,0.0,0.0,0.0,1.0,0.7,1.0,0.5,0.1,1.0,0.0,0.5,0.4,0.2,0.1
spkr110_10,0.7647058823529411,0.058823529411764705,0.4117647058823529,0.0,0.0,0.0,0.0,0.0,0.058823529411764705,0.17647058823529413,0.058823529411764705,0.058823529411764705,0.0,0.29411764705882354,0.0,0.0,0.0,0.7058823529411765,0.0,0.17647058823529413,0.17647058823529413,0.0,0.5294117647058824,0.0,0.29411764705882354,0.29411764705882354,0.0,0.058823529411764705
spkr110_11,0.8571428571428571,0.7857142857142857,0.5714285714285714,0.42857142857142855,0.5,0.42857142857142855,0.2857142857142857,0.35714285714285715,0.6428571428571429,0.6428571428571429,0.6428571428571429,0.2857142857142857,0.5,0.2857142857142857,0.5,0.2857142857142857,0.42857142857142855,0.7142857142857143,0.35714285714285715,0.5,0.5,0.5714285714285714,0.7142857142857143,0.42857142857142855,0.6428571428571429,0.6428571428571429,0.42857142857142855,0.42857142857142855
spkr110_12,0.7058823529411765,0.6470588235294118,0.8823529411764706,0.29411764705882354,0.4117647058823529,0.11764705882352941,0.0,0.0,0.5882352941176471,0.23529411764705882,0.23529411764705882,0.29411764705882354,0.0,0.17647058823529413,0.0,0.11764705882352941,0.0,0.5882352941176471,0.7647058823529411,0.4117647058823529,0.29411764705882354,0.23529411764705882,0.6470588235294118,0.0,0.47058823529411764,0.0,0.29411764705882354,0.0
spkr110_13,0.75,0.5882352941176471,0.7058823529411765,0.0,0.0,0.0,0.0,0.0,0.625,0.0,0.47058823529411764,0.0,0.0,0.11764705882352941,0.0,0.0,0.0,0.6470588235294118,0.058823529411764705,0.058823529411764705,0.47058823529411764,0.0,0.058823529411764705,0.0,0.11764705882352941,0.0,0.4117647058823529,0.17647058823529413
spkr110_14,0.8235294117647058,0.6470588235294118,0.5294117647058824,0.0,0.0,0.0,0.0,0.0,0.17647058823529413,0.058823529411764705,0.11764705882352941,0.0,0.11764705882352941,0.11764705882352941,0.0,0.0,0.0,0.7647058823529411,0.35294117647058826,0.29411764705882354,0.11764705882352941,0.0,0.29411764705882354,0.058823529411764705,0.23529411764705882,0.11764705882352941,0.17647058823529413,0.17647058823529413
spkr110_15,0.8823529411764706,0.9411764705882353,0.7058823529411765,0.4117647058823529,0.0,0.0,0.11764705882352941,0.17647058823529413,0.7058823529411765,0.4117647058823529,0.23529411764705882,1.0,0.0,0.17647058823529413,0.0,0.0,0.17647058823529413,0.8235294117647058,0.7058823529411765,0.8235294117647058,0.47058823529411764,0.5882352941176471,0.7058823529411765,0.5294117647058824,0.7647058823529411,0.47058823529411764,0.4117647058823529,0.17647058823529413
spkr110_18,0.7692307692307693,0.11538461538461539,0.5384615384615384,0.0,0.0,0.0,0.0,0.0,0.07692307692307693,0.0,0.19230769230769232,0.0,0.0,0.0,0.0,0.0,0.0,0.6923076923076923,0.11538461538461539,0.3076923076923077,0.0,0.0,0.19230769230769232,0.0,0.3076923076923077,0.15384615384615385,0.07692307692307693,0.0
spkr110_19,0.5161290322580645,0.4838709677419355,0.4838709677419355,0.12903225806451613,0.0,0.0,0.0,0.12903225806451613,0.06451612903225806,0.0,0.0,0.0,0.0,0.0,0.0,0.0,0.0,0.5806451612903226,0.12903225806451613,0.16129032258064516,0.06451612903225806,0.0,0.06451612903225806,0.03225806451612903,0.1935483870967742,0.06451612903225806,0.06451612903225806,0.0
spkr110_2,0.9090909090909091,0.6363636363636364,0.7272727272727273,0.45454545454545453,0.0,0.0,0.0,0.36363636363636365,0.8181818181818182,0.0,0.2727272727272727,0.18181818181818182,0.0,0.18181818181818182,0.0,0.0,0.0,1.0,0.7272727272727273,0.5454545454545454,0.45454545454545453,0.45454545454545453,0.2727272727272727,0.0,0.2727272727272727,0.09090909090909091,0.2727272727272727,0.0
spkr110_20,0.8333333333333334,0.3076923076923077,0.5769230769230769,0.038461538461538464,0.038461538461538464,0.038461538461538464,0.038461538461538464,0.038461538461538464,0.25,0.038461538461538464,0.038461538461538464,0.038461538461538464,0.038461538461538464,0.038461538461538464,0.038461538461538464,0.038461538461538464,0.038461538461538464,0.9230769230769231,0.038461538461538464,0.038461538461538464,0.038461538461538464,0.038461538461538464,0.15384615384615385,0.038461538461538464,0.19230769230769232,0.038461538461538464,0.038461538461538464,0.038461538461538464
spkr110_21,0.8,0.25925925925925924,0.3333333333333333,0.25925925925925924,0.0,0.0,0.0,0.0,0.4,0.0,0.1111111111111111,0.0,0.0,0.14814814814814814,0.0,0.0,0.07407407407407407,0.5185185185185185,0.48148148148148145,0.0,0.14814814814814814,0.07407407407407407,0.2962962962962963,0.1111111111111111,0.14814814814814814,0.18518518518518517,0.2222222222222222,0.1111111111111111
spkr110_22,0.6666666666666666,0.16666666666666666,0.6111111111111112,0.0,0.16666666666666666,0.0,0.1111111111111111,0.0,0.2222222222222222,0.05555555555555555,0.0,0.1111111111111111,0.0,0.0,0.0,0.0,0.0,0.7222222222222222,0.1111111111111111,0.1111111111111111,0.16666666666666666,0.05555555555555555,0.16666666666666666,0.2222222222222222,0.16666666666666666,0.16666666666666666,0.2222222222222222,0.0
spkr110_23,0.9,0.1,0.7,0.3,0.0,0.0,0.0,0.2,0.15,0.1,0.1,0.25,0.0,0.2,0.0,0.85,0.0,0.55,0.0,0.25,0.25,0.05,0.25,0.1,0.1,0.0,0.05,0.15
spkr110_24,0.7058823529411765,0.42105263157894735,0.631578947368421,0.0,0.0,0.0,0.0,0.0,0.35294117647058826,0.10526315789473684,0.15789473684210525,0.0,0.0,0.15789473684210525,0.0,0.21052631578947367,0.0,0.8421052631578947,0.3157894736842105,0.05263157894736842,0.5263157894736842,0.0,0.42105263157894735,0.0,0.3157894736842105,0.05263157894736842,0.05263157894736842,0.10526315789473684
spkr110_26,0.6666666666666666,0.6842105263157895,0.6842105263157895,0.3684210526315789,0.2631578947368421,0.0,0.21052631578947367,0.3684210526315789,0.8333333333333334,0.6842105263157895,0.42105263157894735,0.42105263157894735,0.47368421052631576,0.42105263157894735,0.2631578947368421,0.5789473684210527,0.3684210526315789,0.6842105263157895,0.3684210526315789,0.42105263157894735,0.42105263157894735,0.5263157894736842,0.5263157894736842,0.5789473684210527,0.6842105263157895,0.631578947368421,0.5789473684210527,0.6842105263157895
spkr110_28,0.6,0.35294117647058826,0.47058823529411764,0.29411764705882354,0.35294117647058826,0.0,0.058823529411764705,0.058823529411764705,0.3333333333333333,0.29411764705882354,0.058823529411764705,0.35294117647058826,0.058823529411764705,0.29411764705882354,0.058823529411764705,0.058823529411764705,0.35294117647058826,0.5294117647058824,0.4117647058823529,0.17647058823529413,0.5882352941176471,0.4117647058823529,0.4117647058823529,0.17647058823529413,0.29411764705882354,0.29411764705882354,0.4117647058823529,0.058823529411764705
spkr110_29,0.8666666666666667,0.8,0.6,0.0,0.0,0.0,0.0,0.0,0.4,0.0,0.0,1.0,0.0,0.0,0.0,0.0,0.0,0.9333333333333333,0.13333333333333333,0.0,0.26666666666666666,0.2,0.0,0.0,0.0,0.0,0.0,0.0
spkr110_30,0.6666666666666666,0.26666666666666666,0.4666666666666667,0.2,0.0,0.0,0.0,0.13333333333333333,0.5333333333333333,0.06666666666666667,0.0,0.2,0.06666666666666667,0.13333333333333333,0.0,0.0,0.2,0.9333333333333333,0.0,0.0,0.13333333333333333,0.13333333333333333,0.26666666666666666,0.06666666666666667,0.06666666666666667,0.3333333333333333,0.2,0.0
spkr110_31,0.631578947368421,0.3684210526315789,0.5263157894736842,0.0,0.0,0.0,0.0,0.0,0.0,0.0,0.05263157894736842,0.10526315789473684,0.0,0.0,0.0,0.0,0.0,0.7368421052631579,0.0,0.0,0.0,0.05263157894736842,0.0,0.0,0.15789473684210525,0.0,0.10526315789473684,0.05263157894736842
spkr110_33,0.7619047619047619,0.36363636363636365,0.5909090909090909,0.0,0.0,0.0,0.09090909090909091,0.0,0.3333333333333333,0.0,0.09090909090909091,0.0,0.0,0.0,0.0,0.22727272727272727,0.0,0.8181818181818182,0.36363636363636365,0.3181818181818182,0.18181818181818182,0.0,0.22727272727272727,0.045454545454545456,0.13636363636363635,0.0,0.13636363636363635,0.045454545454545456
spkr110_34,0.6818181818181818,0.7272727272727273,0.45454545454545453,0.9090909090909091,0.13636363636363635,0.09090909090909091,0.09090909090909091,0.09090909090909091,0.5909090909090909,0.4090909090909091,0.4090909090909091,0.5,0.09090909090909091,0.5,0.045454545454545456,0.13636363636363635,0.045454545454545456,0.6818181818181818,0.8181818181818182,0.5454545454545454,0.6363636363636364,0.5,0.5,0.18181818181818182,0.5909090909090909,0.4090909090909091,0.5,0.18181818181818182
spkr110_35,0.5714285714285714,0.07142857142857142,0.6428571428571429,0.0,0.21428571428571427,0.14285714285714285,0.21428571428571427,0.0,0.21428571428571427,0.21428571428571427,0.14285714285714285,0.21428571428571427,0.0,0.21428571428571427,0.14285714285714285,0.0,0.0,0.7857142857142857,0.14285714285714285,0.14285714285714285,0.14285714285714285,0.21428571428571427,0.21428571428571427,0.21428571428571427,0.21428571428571427,0.21428571428571427,0.14285714285714285,0.21428571428571427
spkr110_36,1.0,0.4,0.35,0.25,0.3,0.0,0.0,0.25,0.6111111111111112,0.0,0.15,0.25,0.0,0.3,0.0,0.0,0.25,0.7,0.45,0.25,0.25,0.25,0.6,0.2,0.3,0.0,0.0,0.0
spkr110_37,0.7142857142857143,0.7333333333333333,0.8666666666666667,0.26666666666666666,0.0,0.0,0.0,0.0,0.2857142857142857,0.13333333333333333,0.26666666666666666,0.4666666666666667,0.13333333333333333,0.0,0.0,0.0,0.0,1.0,0.26666666666666666,0.0,0.26666666666666666,0.13333333333333333,0.13333333333333333,0.3333333333333333,0.13333333333333333,0.26666666666666666,0.3333333333333333,0.4666666666666667
spkr110_38,0.75,0.3333333333333333,0.5333333333333333,0.3333333333333333,0.0,0.0,0.0,0.0,0.0625,0.0,0.0,0.0,0.0,0.0,0.0,0.0,0.0,0.8,0.13333333333333333,0.26666666666666666,0.0,0.06666666666666667,0.4,0.0,0.5333333333333333,0.0,0.0,0.0
spkr110_4,0.8571428571428571,0.15384615384615385,0.6153846153846154,0.0,0.0,0.0,0.0,0.0,0.07142857142857142,0.0,0.0,1.0,0.0,0.0,0.0,0.0,0.0,0.5384615384615384,0.0,0.0,0.0,0.0,0.0,0.0,0.0,0.0,0.0,0.0
spkr110_40,0.8571428571428571,0.9333333333333333,0.8666666666666667,0.2,0.0,0.0,1.0,0.0,0.8571428571428571,0.4666666666666667,0.0,0.0,0.4,0.3333333333333333,0.7333333333333333,1.0,0.0,0.7333333333333333,0.5333333333333333,0.26666666666666666,0.5333333333333333,0.5333333333333333,0.5333333333333333,0.2,0.6666666666666666,0.26666666666666666,0.4,0.13333333333333333
spkr110_42,0.8181818181818182,0.6363636363636364,0.6363636363636364,0.8181818181818182,0.2727272727272727,0.5454545454545454,0.5454545454545454,0.6363636363636364,0.7272727272727273,0.36363636363636365,0.36363636363636365,0.5454545454545454,0.18181818181818182,0.45454545454545453,0.45454545454545453,0.5454545454545454,0.45454545454545453,0.8181818181818182,0.6363636363636364,0.9090909090909091,0.36363636363636365,0.7272727272727273,0.6363636363636364,0.36363636363636365,0.2727272727272727,0.45454545454545453,0.8181818181818182,0.18181818181818182
spkr110_43,0.6923076923076923,0.5384615384615384,0.5384615384615384,0.3076923076923077,0.0,0.0,0.0,0.3076923076923077,0.5384615384615384,0.3076923076923077,0.46153846153846156,0.3076923076923077,0.23076923076923078,0.6923076923076923,0.0,0.3076923076923077,0.3076923076923077,1.0,0.3076923076923077,0.7692307692307693,0.46153846153846156,0.3076923076923077,0.38461538461538464,0.46153846153846156,0.38461538461538464,0.23076923076923078,0.5384615384615384,0.23076923076923078
spkr110_44,0.6875,0.3125,0.4375,0.3125,0.125,0.125,0.1875,0.125,0.625,0.0625,0.125,0.25,0.125,0.1875,0.125,0.125,0.125,0.8125,0.3125,0.375,0.375,0.25,0.25,0.3125,0.375,0.3125,0.375,0.25
spkr110_45,0.8,0.09090909090909091,0.45454545454545453,0.0,0.0,0.0,0.0,0.0,0.5,0.0,0.0,0.0,0.0,0.0,0.0,0.9090909090909091,0.0,0.9090909090909091,0.45454545454545453,0.0,0.5454545454545454,0.0,0.36363636363636365,0.0,0.45454545454545453,0.0,0.0,0.0
spkr110_46,0.8,0.13333333333333333,0.4666666666666667,0.0,0.0,0.0,0.0,0.0,0.13333333333333333,0.0,0.0,0.0,0.0,0.13333333333333333,0.0,0.0,0.0,0.9333333333333333,0.0,0.13333333333333333,0.0,0.0,0.2,0.0,0.13333333333333333,0.0,0.06666666666666667,0.0
spkr110_5,0.8666666666666667,0.5333333333333333,0.4666666666666667,0.13333333333333333,0.13333333333333333,0.2,0.2,0.13333333333333333,0.4,0.26666666666666666,0.06666666666666667,0.26666666666666666,0.13333333333333333,0.13333333333333333,0.26666666666666666,0.26666666666666666,0.26666666666666666,0.8,0.26666666666666666,0.26666666666666666,0.2,0.2,0.4,0.13333333333333333,0.4666666666666667,0.13333333333333333,0.13333333333333333,0.13333333333333333
spkr110_50,0.7333333333333333,0.5806451612903226,0.5806451612903226,0.41935483870967744,0.0,0.0,0.0,0.0,0.6,0.22580645161290322,0.25806451612903225,0.3225806451612903,0.0,0.3548387096774194,0.0,0.0,0.0,0.8064516129032258,0.3548387096774194,0.41935483870967744,0.5806451612903226,0.2903225806451613,0.45161290322580644,0.22580645161290322,0.5806451612903226,0.22580645161290322,0.22580645161290322,0.1935483870967742
spkr110_51,0.9285714285714286,0.5,0.5,0.2857142857142857,0.21428571428571427,0.21428571428571427,0.21428571428571427,0.21428571428571427,0.7142857142857143,0.2857142857142857,0.07142857142857142,1.0,0.07142857142857142,0.2857142857142857,0.14285714285714285,0.2857142857142857,0.14285714285714285,0.5,0.21428571428571427,0.35714285714285715,0.35714285714285715,0.42857142857142855,0.5714285714285714,0.21428571428571427,0.42857142857142855,0.5714285714285714,0.35714285714285715,0.21428571428571427
spkr110_52,0.7272727272727273,0.45454545454545453,0.8181818181818182,0.0,0.0,0.0,0.0,0.0,0.18181818181818182,0.18181818181818182,0.0,0.0,0.0,0.0,0.0,0.0,0.0,1.0,0.0,0.0,0.0,0.09090909090909091,0.18181818181818182,0.18181818181818182,0.18181818181818182,0.2727272727272727,0.18181818181818182,0.0
spkr110_53,0.4666666666666667,0.26666666666666666,0.7333333333333333,0.06666666666666667,0.2,0.13333333333333333,0.2,0.13333333333333333,0.2,0.13333333333333333,0.13333333333333333,1.0,0.13333333333333333,0.13333333333333333,0.13333333333333333,0.26666666666666666,0.2,1.0,0.26666666666666666,0.2,0.2,0.13333333333333333,0.13333333333333333,0.13333333333333333,0.2,0.13333333333333333,0.2,0.3333333333333333
spkr110_54,1.0,0.7142857142857143,1.0,0.0,0.2857142857142857,0.0,0.5714285714285714,0.0,1.0,0.7142857142857143,0.0,1.0,0.0,0.2857142857142857,0.0,1.0,0.0,0.5714285714285714,0.5714285714285714,0.0,0.0,0.7142857142857143,0.7142857142857143,0.2857142857142857,0.42857142857142855,0.8571428571428571,0.7142857142857143,0.7142857142857143
spkr110_55,0.7333333333333333,0.5882352941176471,0.5882352941176471,0.29411764705882354,0.0,0.0,0.17647058823529413,0.0,0.5333333333333333,0.6470588235294118,0.0,0.35294117647058826,0.0,0.0,0.17647058823529413,0.0,0.11764705882352941,0.6470588235294118,0.4117647058823529,0.6470588235294118,0.47058823529411764,0.6470588235294118,0.7058823529411765,0.17647058823529413,0.5882352941176471,0.35294117647058826,0.4117647058823529,0.058823529411764705
spkr110_56,1.0,0.5,0.5,0.4,0.3,0.2,0.4,0.3,0.6,0.4,0.5,0.4,0.5,0.5,0.2,0.6,0.3,1.0,0.4,0.4,0.7,0.5,0.5,0.2,0.5,0.3,0.2,0.2
spkr110_57,0.8,0.35294117647058826,0.5882352941176471,0.0,0.0,0.0,0.0,0.0,0.7333333333333333,0.0,0.0,0.17647058823529413,0.0,0.058823529411764705,0.0,0.0,0.0,0.5882352941176471,0.0,0.0,0.17647058823529413,0.11764705882352941,0.6470588235294118,0.0,0.47058823529411764,0.0,0.058823529411764705,0.17647058823529413
spkr110_58,0.6190476190476191,0.09090909090909091,0.45454545454545453,0.0,0.0,0.0,0.0,0.0,0.2857142857142857,0.0,0.0,0.0,0.0,0.0,0.0,0.0,0.0,1.0,0.18181818181818182,0.0,0.0,0.0,0.09090909090909091,0.0,0.09090909090909091,0.0,0.0,0.045454545454545456
spkr110_59,0.7272727272727273,0.36363636363636365,0.5454545454545454,0.5454545454545454,0.36363636363636365,0.45454545454545453,0.2727272727272727,0.2727272727272727,0.2727272727272727,0.36363636363636365,0.36363636363636365,0.2727272727272727,0.36363636363636365,0.36363636363636365,0.2727272727272727,0.45454545454545453,0.45454545454545453,0.7272727272727273,0.2727272727272727,0.5454545454545454,0.36363636363636365,0.36363636363636365,0.36363636363636365,0.36363636363636365,0.36363636363636365,0.36363636363636365,0.36363636363636365,0.45454545454545453
spkr110_6,0.9166666666666666,0.8333333333333334,0.75,0.8333333333333334,0.25,0.5,0.6666666666666666,0.5833333333333334,0.8333333333333334,0.9166666666666666,0.5833333333333334,1.0,0.4166666666666667,0.9166666666666666,0.8333333333333334,0.9166666666666666,0.8333333333333334,1.0,0.9166666666666666,1.0,0.9166666666666666,0.6666666666666666,0.75,0.9166666666666666,0.75,0.9166666666666666,0.9166666666666666,0.6666666666666666
spkr110_60,0.8125,0.17647058823529413,0.47058823529411764,0.17647058823529413,0.0,0.0,0.0,0.0,0.25,0.0,0.0,0.17647058823529413,0.0,0.11764705882352941,0.0,0.0,0.0,0.7058823529411765,0.11764705882352941,0.17647058823529413,0.17647058823529413,0.0,0.47058823529411764,0.0,0.058823529411764705,0.0,0.11764705882352941,0.11764705882352941
spkr110_61,0.8333333333333334,0.3333333333333333,0.3888888888888889,0.0,0.0,0.0,0.0,0.0,0.2222222222222222,0.0,0.0,0.0,0.0,0.05555555555555555,0.0,0.0,0.0,0.6666666666666666,0.3888888888888889,0.7222222222222222,0.1111111111111111,0.0,0.3888888888888889,0.0,0.05555555555555555,0.1111111111111111,0.16666666666666666,0.1111111111111111
spkr110_62,0.6,0.2727272727272727,0.18181818181818182,0.0,0.0,0.0,0.0,0.0,0.2,0.0,0.0,0.36363636363636365,0.0,0.0,0.0,0.0,0.0,1.0,0.18181818181818182,0.0,0.0,0.0,0.18181818181818182,0.09090909090909091,0.2727272727272727,0.0,0.0,0.0
spkr110_64,0.7647058823529411,0.35294117647058826,0.8823529411764706,0.0,0.17647058823529413,0.0,0.11764705882352941,0.0,0.29411764705882354,0.23529411764705882,0.5294117647058824,0.35294117647058826,0.17647058823529413,0.35294117647058826,0.29411764705882354,0.17647058823529413,0.17647058823529413,0.8235294117647058,0.17647058823529413,0.23529411764705882,0.5294117647058824,0.17647058823529413,0.5294117647058824,0.5294117647058824,0.35294117647058826,0.17647058823529413,0.29411764705882354,0.35294117647058826
spkr110_65,0.6956521739130435,0.5217391304347826,0.6521739130434783,0.21739130434782608,0.0,0.0,0.0,0.0,0.391304347826087,0.0,0.21739130434782608,0.21739130434782608,0.0,0.0,0.0,0.0,0.0,0.8260869565217391,0.30434782608695654,0.4782608695652174,0.391304347826087,0.0,0.4782608695652174,0.0,0.391304347826087,0.0,0.08695652173913043,0.17391304347826086
spkr110_66,0.6470588235294118,0.05555555555555555,0.3333333333333333,0.0,0.05555555555555555,0.05555555555555555,0.0,0.0,0.11764705882352941,0.16666666666666666,0.05555555555555555,1.0,0.0,0.1111111111111111,0.1111111111111111,0.0,0.0,0.6666666666666666,0.05555555555555555,0.0,0.05555555555555555,0.05555555555555555,0.05555555555555555,0.0,0.16666666666666666,0.16666666666666666,0.16666666666666666,0.05555555555555555
spkr110_67,0.7142857142857143,0.35714285714285715,0.6428571428571429,0.6428571428571429,0.0,0.0,0.5714285714285714,0.6428571428571429,0.35714285714285715,0.14285714285714285,0.5714285714285714,0.0,0.5714285714285714,0.5714285714285714,0.0,0.6428571428571429,0.5714285714285714,0.5,0.6428571428571429,0.7142857142857143,0.6428571428571429,0.07142857142857142,0.5714285714285714,0.42857142857142855,0.5,0.0,0.5714285714285714,0.42857142857142855
spkr110_68,0.6666666666666666,0.8461538461538461,0.6923076923076923,0.6153846153846154,0.0,0.3076923076923077,0.6923076923076923,0.3076923076923077,0.8333333333333334,0.3076923076923077,0.3076923076923077,1.0,0.3076923076923077,0.46153846153846156,0.3076923076923077,0.6923076923076923,0.3076923076923077,0.7692307692307693,0.38461538461538464,0.6923076923076923,0.46153846153846156,0.3076923076923077,0.46153846153846156,0.5384615384615384,0.6923076923076923,0.3076923076923077,0.3076923076923077,0.38461538461538464
spkr110_69,0.8333333333333334,0.7222222222222222,0.7777777777777778,0.0,0.0,0.0,0.0,0.0,0.4444444444444444,0.0,0.2222222222222222,0.0,0.0,0.05555555555555555,0.0,0.0,0.0,0.7777777777777778,0.2222222222222222,0.16666666666666666,0.6111111111111112,0.5,0.6111111111111112,0.05555555555555555,0.4444444444444444,0.05555555555555555,0.2777777777777778,0.1111111111111111
spkr110_7,1.0,0.375,0.6875,0.1875,0.125,0.125,0.0,0.125,0.26666666666666666,0.0,0.1875,0.1875,0.0,0.125,0.1875,0.125,0.1875,0.875,0.5625,0.1875,0.25,0.0625,0.625,0.0,0.1875,0.0625,0.25,0.0
spkr110_70,0.75,0.625,0.5625,0.1875,0.0,0.0625,0.0625,0.0,0.3125,0.0,0.1875,0.1875,0.0,0.125,0.0625,0.0,0.0,0.9375,0.0,0.0,0.0625,0.1875,0.4375,0.0,0.4375,0.1875,0.1875,0.0
spkr110_71,1.0,0.3684210526315789,0.631578947368421,0.0,0.42105263157894735,0.0,0.10526315789473684,0.10526315789473684,0.6666666666666666,0.21052631578947367,0.15789473684210525,1.0,0.0,0.2631578947368421,0.0,0.0,0.0,0.5789473684210527,0.15789473684210525,0.3684210526315789,0.6842105263157895,0.631578947368421,0.5789473684210527,0.3684210526315789,0.5263157894736842,0.6842105263157895,0.10526315789473684,0.3157894736842105
spkr110_72,1.0,0.8333333333333334,0.7222222222222222,0.0,0.0,0.0,0.0,0.0,0.2631578947368421,0.2222222222222222,0.3333333333333333,0.0,0.0,0.2222222222222222,0.0,0.0,0.2222222222222222,0.7222222222222222,0.2777777777777778,0.2777777777777778,0.2222222222222222,0.2222222222222222,0.2222222222222222,0.2222222222222222,0.5,0.2222222222222222,0.2777777777777778,0.2222222222222222
spkr110_73,0.9090909090909091,0.2727272727272727,0.45454545454545453,0.0,0.0,0.0,0.0,0.0,0.6363636363636364,0.36363636363636365,0.0,0.0,0.0,0.0,0.0,0.0,0.0,0.8181818181818182,0.0,0.0,0.0,0.45454545454545453,0.2727272727272727,0.2727272727272727,0.45454545454545453,0.45454545454545453,0.36363636363636365,0.0
spkr110_74,0.9285714285714286,0.6428571428571429,0.7142857142857143,0.6428571428571429,0.0,0.0,0.0,0.0,0.42857142857142855,0.35714285714285715,0.2857142857142857,0.0,0.0,0.6428571428571429,0.0,0.0,0.0,0.9285714285714286,0.9285714285714286,0.7857142857142857,0.7142857142857143,0.5714285714285714,0.5714285714285714,0.0,0.2857142857142857,0.5,0.42857142857142855,0.2857142857142857
spkr110_75,0.7647058823529411,0.47058823529411764,0.6470588235294118,0.0,0.0,0.0,0.0,0.17647058823529413,0.7058823529411765,0.5882352941176471,0.0,1.0,0.0,0.17647058823529413,0.0,0.0,0.0,0.8823529411764706,0.5882352941176471,0.35294117647058826,0.0,0.47058823529411764,0.5882352941176471,0.47058823529411764,0.5294117647058824,0.7058823529411765,0.5294117647058824,0.47058823529411764
spkr110_8,0.75,0.4375,0.875,0.375,0.0,0.0,0.0,0.375,0.6875,0.5625,0.375,0.3125,0.0,0.0,0.0,0.0,0.375,0.75,0.75,0.375,0.4375,0.5625,0.4375,0.0,0.375,0.375,0.4375,0.25
spkr110_9,0.7857142857142857,0.7142857142857143,0.6428571428571429,0.14285714285714285,0.07142857142857142,0.07142857142857142,0.07142857142857142,0.2857142857142857,0.5714285714285714,0.6428571428571429,0.2857142857142857,0.35714285714285715,0.07142857142857142,0.14285714285714285,0.2857142857142857,0.2857142857142857,0.0,0.6428571428571429,0.2857142857142857,0.5,0.5714285714285714,0.5,0.5714285714285714,0.2857142857142857,0.7857142857142857,0.42857142857142855,0.7142857142857143,0.35714285714285715
spkr112_1,0.9,0.4,0.8,0.0,0.0,0.0,0.0,0.0,0.4,0.0,0.0,0.0,0.0,0.2,0.0,0.0,0.0,1.0,0.0,0.0,0.0,0.0,0.4,0.1,0.4,0.0,0.0,0.0
spkr112_10,0.8823529411764706,0.11764705882352941,0.5294117647058824,0.058823529411764705,0.0,0.11764705882352941,0.058823529411764705,0.058823529411764705,0.17647058823529413,0.23529411764705882,0.11764705882352941,0.058823529411764705,0.0,0.11764705882352941,0.0,0.11764705882352941,0.0,1.0,0.17647058823529413,0.058823529411764705,0.17647058823529413,0.0,0.23529411764705882,0.11764705882352941,0.23529411764705882,0.23529411764705882,0.17647058823529413,0.23529411764705882
spkr112_11,0.8571428571428571,0.42857142857142855,0.7142857142857143,0.14285714285714285,0.0,0.14285714285714285,0.0,0.14285714285714285,0.21428571428571427,0.2857142857142857,0.21428571428571427,0.0,0.0,0.07142857142857142,0.0,0.0,0.14285714285714285,1.0,0.14285714285714285,0.21428571428571427,0.14285714285714285,0.2857142857142857,0.42857142857142855,0.14285714285714285,0.21428571428571427,0.07142857142857142,0.14285714285714285,0.07142857142857142
spkr112_12,0.7058823529411765,0.23529411764705882,0.5882352941176471,0.0,0.0,0.0,0.0,0.0,0.0,0.0,0.0,0.0,0.0,0.0,0.0,0.0,0.0,0.8823529411764706,0.0,0.058823529411764705,0.0,0.0,0.35294117647058826,0.0,0.0,0.0,0.0,0.11764705882352941
spkr112_13,0.625,0.23529411764705882,0.6470588235294118,0.0,0.0,0.0,0.0,0.0,0.5625,0.0,0.29411764705882354,0.0,0.0,0.0,0.0,0.0,0.0,0.8235294117647058,0.0,0.0,0.29411764705882354,0.0,0.11764705882352941,0.0,0.11764705882352941,0.0,0.29411764705882354,0.0
spkr112_14,0.6470588235294118,0.5294117647058824,0.6470588235294118,0.0,0.0,0.0,0.0,0.0,0.058823529411764705,0.0,0.11764705882352941,0.058823529411764705,0.0,0.0,0.0,0.0,0.0,0.7647058823529411,0.058823529411764705,0.11764705882352941,0.23529411764705882,0.0,0.0,0.0,0.11764705882352941,0.0,0.058823529411764705,0.0
spkr112_15,0.7647058823529411,0.5294117647058824,0.5294117647058824,0.058823529411764705,0.0,0.0,0.058823529411764705,0.0,0.11764705882352941,0.0,0.0,1.0,0.0,0.0,0.0,0.0,0.0,1.0,0.17647058823529413,0.058823529411764705,0.35294117647058826,0.058823529411764705,0.23529411764705882,0.0,0.17647058823529413,0.058823529411764705,0.11764705882352941,0.0
spkr112_18,0.7692307692307693,0.15384615384615385,0.4230769230769231,0.0,0.0,0.0,0.0,0.0,0.15384615384615385,0.0,0.0,0.0,0.0,0.0,0.0,0.0,0.0,0.2692307692307692,0.34615384615384615,0.0,0.15384615384615385,0.0,0.07692307692307693,0.07692307692307693,0.23076923076923078,0.0,0.07692307692307693,0.0
spkr112_19,0.5806451612903226,0.41935483870967744,0.4838709677419355,0.0,0.0,0.0,0.0,0.0,0.0967741935483871,0.0,0.0,0.0,0.0,0.0,0.0,0.0,0.0,0.3870967741935484,0.0,0.0,0.22580645161290322,0.0,0.06451612903225806,0.0,0.06451612903225806,0.0,0.16129032258064516,0.0
spkr112_2,0.9090909090909091,0.45454545454545453,0.6363636363636364,0.0,0.0,0.0,0.0,0.0,0.7272727272727273,0.0,0.0,0.0,0.0,0.0,0.0,0.0,0.0,0.9090909090909091,0.2727272727272727,0.0,0.0,0.0,0.45454545454545453,0.0,0.2727272727272727,0.0,0.09090909090909091,0.0
spkr112_20,0.8333333333333334,0.3076923076923077,0.5384615384615384,0.0,0.0,0.0,0.0,0.0,0.2916666666666667,0.23076923076923078,0.0,0.0,0.0,0.0,0.0,0.0,0.0,0.5,0.11538461538461539,0.0,0.07692307692307693,0.23076923076923078,0.2692307692307692,0.07692307692307693,0.3076923076923077,0.15384615384615385,0.2692307692307692,0.19230769230769232
spkr112_21,0.6,0.2222222222222222,0.25925925925925924,0.0,0.0,0.0,0.0,0.0,0.12,0.0,0.037037037037037035,0.0,0.0,0.037037037037037035,0.0,0.037037037037037035,0.0,0.5555555555555556,0.0,0.0,0.0,0.0,0.07407407407407407,0.0,0.037037037037037035,0.037037037037037035,0.037037037037037035,0.037037037037037035
spkr112_22,0.6111111111111112,0.05555555555555555,0.5,0.0,0.0,0.0,0.0,0.0,0.1111111111111111,0.0,0.0,0.0,0.0,0.0,0.0,0.05555555555555555,0.0,0.3333333333333333,0.0,0.0,0.0,0.0,0.0,0.0,0.05555555555555555,0.0,0.05555555555555555,0.0
spkr112_23,0.6,0.15,0.45,0.0,0.0,0.0,0.0,0.0,0.05,0.0,0.0,0.0,0.0,0.0,0.0,0.0,0.0,0.65,0.0,0.0,0.0,0.0,0.0,0.0,0.1,0.0,0.15,0.0
spkr112_24,0.6470588235294118,0.15789473684210525,0.631578947368421,0.10526315789473684,0.0,0.0,0.0,0.10526315789473684,0.058823529411764705,0.0,0.10526315789473684,0.10526315789473684,0.0,0.10526315789473684,0.0,0.0,0.10526315789473684,0.5789473684210527,0.10526315789473684,0.21052631578947367,0.10526315789473684,0.15789473684210525,0.3157894736842105,0.05263157894736842,0.21052631578947367,0.0,0.0,0.0
spkr112_26,0.7222222222222222,0.05263157894736842,0.5263157894736842,0.0,0.0,0.0,0.0,0.0,0.3888888888888889,0.0,0.0,0.0,0.0,0.0,0.0,0.0,0.0,0.7368421052631579,0.0,0.0,0.05263157894736842,0.0,0.10526315789473684,0.0,0.10526315789473684,0.0,0.10526315789473684,0.0
spkr112_28,0.7333333333333333,0.058823529411764705,0.4117647058823529,0.0,0.0,0.0,0.0,0.0,0.0,0.0,0.11764705882352941,0.0,0.0,0.0,0.0,0.0,0.0,1.0,0.0,0.0,0.0,0.0,0.058823529411764705,0.0,0.23529411764705882,0.058823529411764705,0.0,0.0
spkr112_29,0.8,0.9333333333333333,0.6666666666666666,0.0,0.0,0.0,0.0,0.0,0.8666666666666667,0.0,0.0,0.0,0.0,0.2,0.0,0.0,0.2,1.0,0.4,0.13333333333333333,0.8,0.06666666666666667,0.4666666666666667,0.0,0.06666666666666667,0.06666666666666667,0.06666666666666667,0.13333333333333333
spkr112_30,0.6,0.4666666666666667,0.6666666666666666,0.13333333333333333,0.2,0.13333333333333333,0.0,0.06666666666666667,0.2,0.4,0.06666666666666667,0.13333333333333333,0.2,0.06666666666666667,0.0,0.06666666666666667,0.2,1.0,0.2,0.13333333333333333,0.3333333333333333,0.26666666666666666,0.3333333333333333,0.26666666666666666,0.4,0.13333333333333333,0.4,0.3333333333333333
spkr112_31,0.9473684210526315,0.10526315789473684,0.5789473684210527,0.0,0.0,0.0,0.0,0.0,0.10526315789473684,0.0,0.05263157894736842,0.21052631578947367,0.0,0.0,0.0,0.0,0.0,0.47368421052631576,0.0,0.0,0.0,0.0,0.0,0.0,0.0,0.0,0.3157894736842105,0.05263157894736842
spkr112_33,0.7619047619047619,0.18181818181818182,0.3181818181818182,0.09090909090909091,0.0,0.0,0.09090909090909091,0.0,0.38095238095238093,0.045454545454545456,0.09090909090909091,0.0,0.0,0.09090909090909091,0.0,0.0,0.0,0.5909090909090909,0.0,0.0,0.13636363636363635,0.0,0.045454545454545456,0.09090909090909091,0.09090909090909091,0.045454545454545456,0.13636363636363635,0.045454545454545456
spkr112_34,0.6363636363636364,0.3181818181818182,0.5454545454545454,0.18181818181818182,0.18181818181818182,0.13636363636363635,0.18181818181818182,0.2727272727272727,0.5909090909090909,0.36363636363636365,0.5,0.09090909090909091,0.2727272727272727,0.4090909090909091,0.0,0.13636363636363635,0.18181818181818182,1.0,0.045454545454545456,0.045454545454545456,0.5,0.5,0.36363636363636365,0.2727272727272727,0.5909090909090909,0.45454545454545453,0.2727272727272727,0.36363636363636365
spkr112_35,0.6428571428571429,0.2857142857142857,0.6428571428571429,0.0,0.0,0.0,0.0,0.0,0.7857142857142857,0.0,0.0,0.0,0.0,0.5,0.0,0.0,0.0,0.9285714285714286,0.0,0.0,0.21428571428571427,0.0,0.21428571428571427,0.0,0.2857142857142857,0.0,0.0,0.21428571428571427
spkr112_36,0.6666666666666666,0.25,0.7,0.0,0.0,0.0,0.0,0.0,0.16666666666666666,0.0,0.05,0.0,0.0,0.05,0.0,0.0,0.0,0.8,0.1,0.0,0.25,0.0,0.05,0.05,0.2,0.0,0.2,0.05
spkr112_37,0.7857142857142857,0.6666666666666666,0.6666666666666666,0.0,0.0,0.0,0.0,0.0,0.14285714285714285,0.0,0.0,0.0,0.0,0.0,0.0,0.0,0.0,0.8666666666666667,0.06666666666666667,0.13333333333333333,0.26666666666666666,0.0,0.26666666666666666,0.0,0.3333333333333333,0.0,0.06666666666666667,0.0
spkr112_38,0.8125,0.13333333333333333,0.6,0.13333333333333333,0.0,0.0,0.0,0.0,0.0625,0.0,0.0,0.13333333333333333,0.0,0.0,0.0,0.0,0.0,1.0,0.13333333333333333,0.0,0.13333333333333333,0.0,0.13333333333333333,0.0,0.26666666666666666,0.0,0.06666666666666667,0.0
spkr112_4,0.7857142857142857,0.23076923076923078,0.7692307692307693,0.0,0.0,0.0,0.0,0.0,0.42857142857142855,0.0,0.0,0.0,0.0,0.0,0.0,0.0,0.0,0.9230769230769231,0.0,0.38461538461538464,0.23076923076923078,0.46153846153846156,0.38461538461538464,0.07692307692307693,0.23076923076923078,0.0,0.15384615384615385,0.15384615384615385
spkr112_40,0.5714285714285714,0.6,0.6,0.26666666666666666,0.0,0.0,0.0,0.0,0.7142857142857143,0.13333333333333333,0.0,0.13333333333333333,0.0,0.26666666666666666,0.0,0.0,0.0,0.8666666666666667,0.0,0.3333333333333333,0.2,0.0,0.6,0.0,0.0,0.0,0.13333333333333333,0.0
spkr112_42,0.9090909090909091,0.6363636363636364,0.6363636363636364,0.09090909090909091,0.0,0.0,0.18181818181818182,0.09090909090909091,0.2727272727272727,0.0,0.0,0.0,0.0,0.18181818181818182,0.0,0.0,0.09090909090909091,1.0,0.0,0.09090909090909091,0.45454545454545453,0.0,0.6363636363636364,0.09090909090909091,0.2727272727272727,0.0,0.36363636363636365,0.0
spkr112_43,0.5384615384615384,0.5384615384615384,0.46153846153846156,0.0,0.0,0.0,0.0,0.15384615384615385,0.15384615384615385,0.0,0.0,1.0,0.15384615384615385,0.0,0.0,0.0,0.0,0.7692307692307693,0.0,0.15384615384615385,0.3076923076923077,0.07692307692307693,0.07692307692307693,0.0,0.46153846153846156,0.15384615384615385,0.15384615384615385,0.07692307692307693
spkr112_44,1.0,0.375,0.4375,0.125,0.125,0.125,0.125,0.125,0.625,0.1875,0.0625,0.125,0.125,0.125,0.125,0.125,0.125,1.0,0.125,0.25,0.4375,0.25,0.5625,0.1875,0.25,0.25,0.25,0.1875
spkr112_45,1.0,0.36363636363636365,0.5454545454545454,0.0,0.0,0.0,0.0,0.0,0.5,0.0,0.0,0.0,0.0,0.0,0.0,0.0,0.0,0.8181818181818182,0.0,0.0,0.18181818181818182,0.0,0.2727272727272727,0.0,0.36363636363636365,0.0,0.09090909090909091,0.0
spkr112_46,0.8,0.3333333333333333,0.6,0.2,0.0,0.0,0.13333333333333333,0.13333333333333333,0.4,0.0,0.2,0.2,0.13333333333333333,0.2,0.0,0.0,0.0,0.4666666666666667,0.0,0.2,0.0,0.06666666666666667,0.06666666666666667,0.13333333333333333,0.2,0.06666666666666667,0.2,0.13333333333333333
spkr112_5,0.6,0.4666666666666667,0.4,0.3333333333333333,0.06666666666666667,0.0,0.0,0.0,0.4666666666666667,0.13333333333333333,0.06666666666666667,0.4666666666666667,0.0,0.06666666666666667,0.0,0.0,0.0,0.8666666666666667,0.4,0.13333333333333333,0.4666666666666667,0.26666666666666666,0.4,0.26666666666666666,0.4,0.26666666666666666,0.13333333333333333,0.0
spkr112_50,0.6666666666666666,0.3225806451612903,0.45161290322580644,0.0,0.0,0.0,0.0,0.0,0.13333333333333333,0.0,0.0,0.0,0.0,0.0,0.0,0.0,0.0,0.7741935483870968,0.0,0.0,0.0,0.0,0.16129032258064516,0.0,0.22580645161290322,0.0,0.0,0.0
spkr112_51,0.7857142857142857,0.7142857142857143,0.6428571428571429,0.0,0.0,0.0,0.07142857142857142,0.07142857142857142,0.6428571428571429,0.35714285714285715,0.14285714285714285,0.07142857142857142,0.0,0.21428571428571427,0.07142857142857142,0.07142857142857142,0.07142857142857142,0.7857142857142857,0.2857142857142857,0.2857142857142857,0.2857142857142857,0.6428571428571429,0.5,0.14285714285714285,0.5,0.42857142857142855,0.21428571428571427,0.14285714285714285
spkr112_52,0.8181818181818182,0.2727272727272727,0.45454545454545453,0.0,0.0,0.0,0.0,0.0,0.18181818181818182,0.36363636363636365,0.0,0.09090909090909091,0.0,0.0,0.0,0.0,0.0,0.5454545454545454,0.0,0.0,0.0,0.5454545454545454,0.45454545454545453,0.0,0.5454545454545454,0.0,0.0,0.0
spkr112_53,0.6,0.2,0.6666666666666666,0.13333333333333333,0.06666666666666667,0.06666666666666667,0.13333333333333333,0.06666666666666667,0.26666666666666666,0.13333333333333333,0.06666666666666667,1.0,0.13333333333333333,0.06666666666666667,0.0,0.06666666666666667,0.06666666666666667,1.0,0.13333333333333333,0.13333333333333333,0.2,0.06666666666666667,0.13333333333333333,0.06666666666666667,0.06666666666666667,0.13333333333333333,0.13333333333333333,0.06666666666666667
spkr112_54,1.0,0.7142857142857143,0.8571428571428571,0.2857142857142857,0.14285714285714285,0.0,0.14285714285714285,0.14285714285714285,1.0,0.42857142857142855,0.0,1.0,0.0,0.0,0.0,0.0,0.0,1.0,0.2857142857142857,0.0,0.0,0.2857142857142857,0.5714285714285714,0.2857142857142857,0.14285714285714285,0.0,0.2857142857142857,0.2857142857142857
spkr112_55,0.9333333333333333,0.7058823529411765,0.7647058823529411,0.058823529411764705,0.0,0.0,0.5294117647058824,0.23529411764705882,0.8666666666666667,0.4117647058823529,0.058823529411764705,0.0,0.0,0.058823529411764705,0.0,0.11764705882352941,0.29411764705882354,0.9411764705882353,0.4117647058823529,0.058823529411764705,0.058823529411764705,0.11764705882352941,0.5882352941176471,0.11764705882352941,0.5294117647058824,0.17647058823529413,0.23529411764705882,0.058823529411764705
spkr112_56,0.7,0.2,0.4,0.2,0.2,0.5,0.5,0.2,0.5,0.3,0.2,0.5,0.2,0.1,0.2,0.5,0.5,0.9,0.2,0.5,0.5,0.4,0.4,0.2,0.1,0.1,0.2,0.2
spkr112_57,0.6666666666666666,0.29411764705882354,0.7058823529411765,0.058823529411764705,0.0,0.0,0.0,0.0,0.8666666666666667,0.17647058823529413,0.0,0.23529411764705882,0.0,0.0,0.0,0.0,0.058823529411764705,0.8235294117647058,0.0,0.0,0.0,0.23529411764705882,0.17647058823529413,0.17647058823529413,0.6470588235294118,0.17647058823529413,0.29411764705882354,0.058823529411764705
spkr112_58,0.9047619047619048,0.3181818181818182,0.6363636363636364,0.09090909090909091,0.09090909090909091,0.09090909090909091,0.09090909090909091,0.09090909090909091,0.5714285714285714,0.09090909090909091,0.22727272727272727,0.22727272727272727,0.09090909090909091,0.22727272727272727,0.09090909090909091,0.09090909090909091,0.09090909090909091,0.9545454545454546,0.09090909090909091,0.3181818181818182,0.09090909090909091,0.0,0.5,0.09090909090909091,0.22727272727272727,0.09090909090909091,0.45454545454545453,0.18181818181818182
spkr112_59,0.8181818181818182,0.45454545454545453,0.6363636363636364,0.0,0.2727272727272727,0.2727272727272727,0.36363636363636365,0.36363636363636365,0.45454545454545453,0.2727272727272727,0.2727272727272727,0.5454545454545454,0.36363636363636365,0.45454545454545453,0.0,0.2727272727272727,0.36363636363636365,0.8181818181818182,0.5454545454545454,0.5454545454545454,0.0,0.2727272727272727,0.36363636363636365,0.2727272727272727,0.45454545454545453,0.2727272727272727,0.36363636363636365,0.36363636363636365
spkr112_6,0.9166666666666666,0.4166666666666667,0.75,0.0,0.0,0.0,0.0,0.0,0.08333333333333333,0.0,0.0,0.0,0.0,0.25,0.0,0.0,0.0,1.0,0.25,0.0,0.0,0.0,0.16666666666666666,0.0,0.25,0.0,0.4166666666666667,0.16666666666666666
spkr112_60,0.6875,0.29411764705882354,0.4117647058823529,0.11764705882352941,0.0,0.0,0.0,0.0,0.375,0.0,0.11764705882352941,0.17647058823529413,0.0,0.23529411764705882,0.0,0.0,0.0,0.9411764705882353,0.11764705882352941,0.47058823529411764,0.29411764705882354,0.23529411764705882,0.23529411764705882,0.0,0.23529411764705882,0.11764705882352941,0.17647058823529413,0.11764705882352941
spkr112_61,0.8888888888888888,0.4444444444444444,0.4444444444444444,0.0,0.0,0.0,0.0,0.0,0.7222222222222222,0.3888888888888889,0.16666666666666666,1.0,0.0,0.05555555555555555,0.0,0.0,0.0,0.8888888888888888,0.2777777777777778,0.4444444444444444,0.0,0.16666666666666666,0.3888888888888889,0.0,0.3888888888888889,0.3888888888888889,0.0,0.1111111111111111
spkr112_62,1.0,0.0,0.36363636363636365,0.0,0.0,0.0,0.0,0.0,0.7,0.0,0.0,1.0,0.0,0.0,0.0,0.0,0.0,0.5454545454545454,0.0,0.0,0.0,0.0,0.18181818181818182,0.0,0.0,0.0,0.0,0.0
spkr112_63,0.9,0.4,0.7,0.0,0.0,0.0,0.0,0.4,0.2,0.0,0.0,1.0,0.0,0.0,0.0,0.0,0.3,0.1,0.3,0.0,0.1,0.4,0.4,0.1,0.2,0.4,0.0,0.0
spkr112_64,0.5882352941176471,0.4117647058823529,0.7647058823529411,0.11764705882352941,0.11764705882352941,0.0,0.0,0.11764705882352941,0.17647058823529413,0.11764705882352941,0.11764705882352941,0.11764705882352941,0.11764705882352941,0.11764705882352941,0.11764705882352941,0.0,0.11764705882352941,1.0,0.17647058823529413,0.11764705882352941,0.11764705882352941,0.11764705882352941,0.11764705882352941,0.11764705882352941,0.17647058823529413,0.11764705882352941,0.11764705882352941,0.23529411764705882
spkr112_65,0.7391304347826086,0.34782608695652173,0.43478260869565216,0.0,0.0,0.0,0.0,0.0,0.08695652173913043,0.0,0.0,0.0,0.0,0.0,0.0,0.0,0.0,0.8695652173913043,0.0,0.0,0.13043478260869565,0.0,0.17391304347826086,0.0,0.0,0.0,0.0,0.0
spkr112_66,0.8823529411764706,0.16666666666666666,0.2222222222222222,0.0,0.1111111111111111,0.1111111111111111,0.1111111111111111,0.1111111111111111,0.17647058823529413,0.1111111111111111,0.16666666666666666,0.16666666666666666,0.1111111111111111,0.2222222222222222,0.1111111111111111,0.0,0.1111111111111111,0.8333333333333334,0.0,0.1111111111111111,0.1111111111111111,0.16666666666666666,0.2222222222222222,0.2222222222222222,0.2777777777777778,0.05555555555555555,0.16666666666666666,0.16666666666666666
spkr112_67,0.7857142857142857,0.35714285714285715,0.5714285714285714,0.14285714285714285,0.0,0.0,0.14285714285714285,0.14285714285714285,0.35714285714285715,0.21428571428571427,0.14285714285714285,0.21428571428571427,0.0,0.07142857142857142,0.0,0.0,0.0,1.0,0.42857142857142855,0.14285714285714285,0.42857142857142855,0.0,0.5714285714285714,0.2857142857142857,0.21428571428571427,0.07142857142857142,0.21428571428571427,0.21428571428571427
spkr112_68,0.8333333333333334,0.5384615384615384,0.5384615384615384,0.0,0.0,0.0,0.0,0.0,0.25,0.23076923076923078,0.0,0.0,0.0,0.0,0.0,0.0,0.0,0.38461538461538464,0.0,0.15384615384615385,0.15384615384615385,0.07692307692307693,0.3076923076923077,0.07692307692307693,0.3076923076923077,0.23076923076923078,0.07692307692307693,0.23076923076923078
spkr112_69,0.6111111111111112,0.2222222222222222,0.5555555555555556,0.0,0.0,0.0,0.0,0.0,0.4444444444444444,0.0,0.0,0.2222222222222222,0.0,0.05555555555555555,0.0,0.0,0.0,0.7777777777777778,0.0,0.0,0.0,0.0,0.0,0.3333333333333333,0.2777777777777778,0.0,0.16666666666666666,0.05555555555555555
spkr112_7,0.8666666666666667,0.3125,0.6875,0.1875,0.1875,0.0,0.0,0.0,0.7333333333333333,0.125,0.25,0.0,0.0,0.1875,0.125,0.1875,0.125,0.9375,0.1875,0.0,0.25,0.25,0.1875,0.375,0.1875,0.1875,0.25,0.0
spkr112_70,0.5625,0.0625,0.375,0.0,0.0,0.0,0.0,0.0,0.1875,0.0,0.125,0.125,0.0,0.1875,0.0,0.0,0.0,0.8125,0.0,0.0,0.0625,0.0,0.0,0.0,0.3125,0.0,0.1875,0.0
spkr112_71,0.7777777777777778,0.15789473684210525,0.3157894736842105,0.0,0.0,0.0,0.0,0.0,0.6666666666666666,0.15789473684210525,0.0,0.2631578947368421,0.0,0.0,0.05263157894736842,0.0,0.0,0.8947368421052632,0.0,0.0,0.0,0.0,0.0,0.0,0.10526315789473684,0.0,0.21052631578947367,0.05263157894736842
spkr112_72,0.631578947368421,0.3888888888888889,0.8333333333333334,0.0,0.0,0.0,0.0,0.0,0.42105263157894735,0.0,0.0,0.0,0.0,0.0,0.0,0.0,0.0,0.6666666666666666,0.0,0.0,0.1111111111111111,0.0,0.4444444444444444,0.0,0.05555555555555555,0.0,0.2222222222222222,0.0
spkr112_73,0.8181818181818182,0.45454545454545453,0.2727272727272727,0.0,0.0,0.0,0.0,0.0,0.18181818181818182,0.0,0.0,0.0,0.0,0.0,0.0,0.0,0.0,0.45454545454545453,0.0,0.0,0.0,0.18181818181818182,0.0,0.0,0.18181818181818182,0.0,0.09090909090909091,0.0
spkr112_74,0.35714285714285715,0.42857142857142855,0.7142857142857143,0.0,0.0,0.0,0.0,0.0,0.07142857142857142,0.0,0.0,0.0,0.0,0.0,0.0,0.0,0.0,0.7857142857142857,0.0,0.0,0.0,0.0,0.0,0.0,0.0,0.0,0.07142857142857142,0.0
spkr112_75,0.6470588235294118,0.7058823529411765,0.47058823529411764,0.0,0.0,0.0,0.0,0.0,0.5294117647058824,0.29411764705882354,0.0,0.0,0.0,0.0,0.0,0.0,0.0,0.8235294117647058,0.17647058823529413,0.35294117647058826,0.29411764705882354,0.23529411764705882,0.4117647058823529,0.17647058823529413,0.29411764705882354,0.35294117647058826,0.47058823529411764,0.23529411764705882
spkr112_8,0.8125,0.75,0.9375,0.0,0.0,0.0,0.0,0.0,0.75,0.5625,0.0,0.0,0.0,0.0,0.75,0.0,0.0,0.9375,0.0,0.0,0.0,0.125,0.875,0.0,0.5625,0.5625,0.125,0.0
spkr112_9,0.5714285714285714,0.5714285714285714,0.5714285714285714,0.21428571428571427,0.07142857142857142,0.14285714285714285,0.07142857142857142,0.07142857142857142,0.21428571428571427,0.14285714285714285,0.2857142857142857,0.07142857142857142,0.07142857142857142,0.14285714285714285,0.21428571428571427,0.2857142857142857,0.07142857142857142,0.6428571428571429,0.5,0.35714285714285715,0.35714285714285715,0.0,0.2857142857142857,0.21428571428571427,0.21428571428571427,0.21428571428571427,0.21428571428571427,0.0
spkr114_1,1.0,0.2,0.7,0.0,0.0,0.0,0.0,0.0,0.2,0.0,0.0,0.0,0.0,0.0,0.0,0.2,0.0,1.0,0.0,0.0,0.0,0.0,0.0,0.0,0.2,0.0,0.1,0.0
spkr114_10,0.7647058823529411,0.058823529411764705,0.7058823529411765,0.0,0.0,0.0,0.0,0.0,0.23529411764705882,0.0,0.0,0.0,0.0,0.0,0.0,0.0,0.0,0.8235294117647058,0.0,0.23529411764705882,0.0,0.0,0.0,0.0,0.17647058823529413,0.0,0.058823529411764705,0.0
spkr114_11,1.0,0.42857142857142855,0.2857142857142857,0.0,0.0,0.0,0.0,0.0,0.0,0.0,0.0,0.0,0.0,0.0,0.0,0.0,0.0,0.9285714285714286,0.0,0.0,0.0,0.0,0.07142857142857142,0.0,0.0,0.0,0.0,0.0
spkr114_12,0.8823529411764706,0.058823529411764705,0.7647058823529411,0.0,0.0,0.0,0.0,0.0,0.058823529411764705,0.0,0.0,0.0,0.0,0.0,0.0,0.0,0.0,0.5882352941176471,0.0,0.0,0.11764705882352941,0.0,0.0,0.0,0.0,0.0,0.0,0.0
spkr114_13,0.5,0.11764705882352941,0.47058823529411764,0.0,0.0,0.0,0.0,0.0,0.0,0.0,0.0,0.0,0.0,0.0,0.0,0.0,0.0,0.8823529411764706,0.0,0.0,0.0,0.0,0.058823529411764705,0.0,0.0,0.0,0.058823529411764705,0.0
spkr114_14,0.8235294117647058,0.4117647058823529,0.6470588235294118,0.0,0.0,0.0,0.0,0.0,0.11764705882352941,0.0,0.0,0.11764705882352941,0.0,0.0,0.0,0.0,0.0,0.7058823529411765,0.17647058823529413,0.17647058823529413,0.058823529411764705,0.0,0.0,0.0,0.0,0.0,0.0,0.0
spkr114_15,0.7647058823529411,0.0,0.4117647058823529,0.0,0.0,0.0,0.0,0.0,0.23529411764705882,0.0,0.0,0.0,0.0,0.11764705882352941,0.0,0.0,0.0,0.8823529411764706,0.0,0.0,0.058823529411764705,0.0,0.0,0.058823529411764705,0.0,0.0,0.17647058823529413,0.0
spkr114_18,0.7307692307692307,0.15384615384615385,0.6923076923076923,0.0,0.0,0.0,0.0,0.0,0.15384615384615385,0.0,0.0,0.0,0.038461538461538464,0.0,0.0,0.0,0.0,0.2692307692307692,0.038461538461538464,0.0,0.11538461538461539,0.0,0.0,0.0,0.038461538461538464,0.0,0.0,0.0
spkr114_19,0.41935483870967744,0.03225806451612903,0.4838709677419355,0.0,0.0,0.0,0.0,0.0,0.0,0.0,0.0,0.0,0.0,0.0,0.0,0.0,0.0,0.25806451612903225,0.0,0.0,0.0,0.0,0.0,0.0,0.0,0.0,0.0,0.0
spkr114_2,0.9090909090909091,0.09090909090909091,0.36363636363636365,0.0,0.0,0.0,0.0,0.0,0.0,0.0,0.0,0.0,0.0,0.0,0.0,0.0,0.0,0.8181818181818182,0.0,0.0,0.0,0.0,0.0,0.09090909090909091,0.0,0.0,0.0,0.0
spkr114_20,0.625,0.038461538461538464,0.2692307692307692,0.0,0.0,0.0,0.0,0.0,0.08333333333333333,0.0,0.0,0.0,0.0,0.0,0.0,0.0,0.0,0.23076923076923078,0.0,0.0,0.0,0.0,0.0,0.0,0.0,0.0,0.0,0.038461538461538464
spkr114_21,0.6,0.14814814814814814,0.37037037037037035,0.0,0.0,0.0,0.0,0.0,0.12,0.0,0.0,0.0,0.0,0.0,0.0,0.0,0.0,0.1111111111111111,0.0,0.0,0.037037037037037035,0.0,0.0,0.037037037037037035,0.0,0.0,0.037037037037037035,0.0
spkr114_22,0.8888888888888888,0.0,0.4444444444444444,0.0,0.0,0.0,0.0,0.0,0.05555555555555555,0.0,0.0,0.0,0.0,0.0,0.0,0.0,0.0,0.7777777777777778,0.0,0.0,0.0,0.0,0.0,0.0,0.05555555555555555,0.0,0.05555555555555555,0.0
spkr114_23,0.75,0.45,0.6,0.0,0.0,0.0,0.0,0.0,0.1,0.0,0.0,0.0,0.0,0.0,0.0,0.0,0.0,0.95,0.0,0.0,0.0,0.0,0.0,0.0,0.05,0.0,0.0,0.0
spkr114_24,0.9411764705882353,0.10526315789473684,0.6842105263157895,0.0,0.0,0.0,0.0,0.0,0.11764705882352941,0.0,0.0,0.0,0.0,0.0,0.0,0.0,0.0,0.8421052631578947,0.0,0.0,0.0,0.0,0.0,0.0,0.0,0.0,0.0,0.0
spkr114_26,0.6111111111111112,0.0,0.21052631578947367,0.0,0.0,0.0,0.0,0.0,0.16666666666666666,0.0,0.0,0.0,0.0,0.0,0.0,0.0,0.0,0.7894736842105263,0.0,0.0,0.0,0.0,0.0,0.0,0.0,0.0,0.0,0.0
spkr114_28,0.6666666666666666,0.17647058823529413,0.35294117647058826,0.0,0.0,0.0,0.0,0.0,0.06666666666666667,0.0,0.0,0.0,0.0,0.0,0.0,0.0,0.0,1.0,0.0,0.0,0.11764705882352941,0.0,0.0,0.0,0.0,0.0,0.0,0.0
spkr114_29,0.6,0.0,0.2,0.0,0.0,0.0,0.0,0.0,0.0,0.0,0.0,0.0,0.0,0.0,0.0,0.0,0.0,1.0,0.4,0.0,0.0,0.0,0.0,0.06666666666666667,0.0,0.0,0.0,0.0
spkr114_30,0.6666666666666666,0.0,0.7333333333333333,0.0,0.0,0.0,0.0,0.0,0.0,0.0,0.0,0.0,0.0,0.0,0.0,0.0,0.0,0.8666666666666667,0.0,0.0,0.0,0.0,0.0,0.0,0.0,0.0,0.06666666666666667,0.0
spkr114_31,0.6842105263157895,0.05263157894736842,0.2631578947368421,0.0,0.0,0.0,0.0,0.0,0.0,0.0,0.0,0.0,0.0,0.0,0.0,0.0,0.0,0.8421052631578947,0.0,0.0,0.0,0.0,0.0,0.0,0.0,0.0,0.0,0.0
spkr114_33,0.7142857142857143,0.4090909090909091,0.45454545454545453,0.0,0.0,0.0,0.0,0.0,0.047619047619047616,0.0,0.0,0.0,0.0,0.0,0.0,0.0,0.0,0.5454545454545454,0.0,0.0,0.13636363636363635,0.0,0.18181818181818182,0.0,0.0,0.0,0.13636363636363635,0.0
spkr114_34,0.7272727272727273,0.2727272727272727,0.5454545454545454,0.0,0.0,0.045454545454545456,0.0,0.045454545454545456,0.18181818181818182,0.045454545454545456,0.09090909090909091,0.18181818181818182,0.0,0.22727272727272727,0.13636363636363635,0.09090909090909091,0.0,0.7727272727272727,0.18181818181818182,0.045454545454545456,0.13636363636363635,0.045454545454545456,0.09090909090909091,0.13636363636363635,0.13636363636363635,0.045454545454545456,0.2727272727272727,0.09090909090909091
spkr114_35,0.42857142857142855,0.14285714285714285,0.7142857142857143,0.0,0.0,0.0,0.0,0.0,0.14285714285714285,0.0,0.0,0.0,0.0,0.0,0.0,0.0,0.0,0.35714285714285715,0.0,0.0,0.0,0.0,0.0,0.0,0.0,0.0,0.0,0.0
spkr114_36,0.8888888888888888,0.0,0.6,0.0,0.0,0.0,0.0,0.0,0.16666666666666666,0.0,0.0,0.0,0.0,0.0,0.0,0.0,0.0,0.1,0.0,0.0,0.0,0.0,0.0,0.0,0.0,0.0,0.0,0.0
spkr114_37,0.7142857142857143,0.13333333333333333,0.5333333333333333,0.0,0.0,0.0,0.0,0.0,0.0,0.0,0.0,0.13333333333333333,0.0,0.0,0.13333333333333333,0.0,0.0,0.9333333333333333,0.0,0.0,0.0,0.13333333333333333,0.13333333333333333,0.2,0.13333333333333333,0.0,0.0,0.0
spkr114_38,0.75,0.0,0.4,0.0,0.0,0.0,0.0,0.0,0.125,0.0,0.0,0.0,0.0,0.0,0.0,0.0,0.0,0.4666666666666667,0.0,0.0,0.0,0.0,0.13333333333333333,0.0,0.0,0.0,0.0,0.0
spkr114_4,0.7142857142857143,0.0,0.3076923076923077,0.0,0.0,0.0,0.0,0.0,0.07142857142857142,0.0,0.0,0.0,0.0,0.0,0.0,0.0,0.0,0.9230769230769231,0.0,0.0,0.0,0.0,0.0,0.0,0.0,0.0,0.0,0.0
spkr114_40,0.7857142857142857,0.0,0.4,0.0,0.0,0.0,0.0,0.0,0.0,0.0,0.0,0.0,0.0,0.0,0.0,0.0,0.0,0.6666666666666666,0.0,0.0,0.0,0.0,0.0,0.0,0.0,0.0,0.0,0.0
spkr114_42,1.0,0.09090909090909091,0.7272727272727273,0.18181818181818182,0.0,0.0,0.0,0.0,0.09090909090909091,0.0,0.0,0.0,0.0,0.0,0.0,0.0,0.0,0.2727272727272727,0.18181818181818182,0.36363636363636365,0.09090909090909091,0.0,0.0,0.0,0.0,0.0,0.0,0.0
spkr114_43,0.7692307692307693,0.6153846153846154,0.5384615384615384,0.0,0.0,0.0,0.0,0.0,0.3076923076923077,0.0,0.0,0.0,0.0,0.0,0.0,0.0,0.0,0.9230769230769231,0.0,0.0,0.0,0.0,0.0,0.0,0.0,0.0,0.07692307692307693,0.0
spkr114_44,0.6875,0.125,0.5,0.0625,0.0625,0.0625,0.0625,0.0625,0.3125,0.0625,0.0625,0.0625,0.0625,0.0625,0.0625,0.0625,0.0625,0.75,0.0625,0.0625,0.0625,0.0625,0.0625,0.0625,0.125,0.0625,0.0,0.0625
spkr114_45,1.0,0.0,0.9090909090909091,0.0,0.0,0.0,0.0,0.09090909090909091,0.4,0.0,0.0,0.0,0.0,0.0,0.0,0.0,0.0,1.0,0.09090909090909091,0.0,0.09090909090909091,0.0,0.0,0.0,0.0,0.0,0.0,0.0
spkr114_46,0.7333333333333333,0.13333333333333333,0.6,0.0,0.0,0.0,0.0,0.0,0.0,0.0,0.0,0.0,0.0,0.0,0.0,0.0,0.0,1.0,0.0,0.0,0.0,0.0,0.0,0.0,0.0,0.0,0.06666666666666667,0.0
spkr114_5,0.7333333333333333,0.26666666666666666,0.4,0.0,0.0,0.0,0.0,0.0,0.06666666666666667,0.0,0.0,0.0,0.0,0.0,0.0,0.0,0.0,0.8666666666666667,0.0,0.0,0.0,0.0,0.0,0.0,0.0,0.0,0.0,0.0
spkr114_50,0.8,0.06451612903225806,0.4838709677419355,0.0,0.0,0.0,0.0,0.0,0.1,0.0,0.0,0.0,0.0,0.0,0.0,0.0,0.0,0.2903225806451613,0.0,0.0,0.0,0.0,0.0,0.0,0.0,0.0,0.0,0.0
spkr114_51,0.7142857142857143,0.14285714285714285,0.42857142857142855,0.0,0.0,0.0,0.0,0.0,0.14285714285714285,0.0,0.07142857142857142,0.0,0.0,0.0,0.0,0.0,0.0,1.0,0.0,0.0,0.0,0.0,0.07142857142857142,0.07142857142857142,0.14285714285714285,0.07142857142857142,0.14285714285714285,0.0
spkr114_52,0.6363636363636364,0.18181818181818182,0.45454545454545453,0.0,0.0,0.0,0.0,0.0,0.0,0.09090909090909091,0.0,0.0,0.0,0.0,0.0,0.0,0.0,1.0,0.0,0.0,0.0,0.09090909090909091,0.0,0.0,0.0,0.0,0.09090909090909091,0.0
spkr114_53,0.8,0.13333333333333333,0.6666666666666666,0.06666666666666667,0.06666666666666667,0.06666666666666667,0.06666666666666667,0.06666666666666667,0.06666666666666667,0.06666666666666667,0.06666666666666667,0.0,0.06666666666666667,0.06666666666666667,0.0,0.06666666666666667,0.06666666666666667,0.8,0.06666666666666667,0.06666666666666667,0.06666666666666667,0.06666666666666667,0.06666666666666667,0.0,0.06666666666666667,0.06666666666666667,0.06666666666666667,0.06666666666666667
spkr114_54,0.8333333333333334,0.14285714285714285,0.5714285714285714,0.14285714285714285,0.14285714285714285,0.14285714285714285,0.14285714285714285,0.14285714285714285,0.5,0.14285714285714285,0.14285714285714285,0.14285714285714285,0.14285714285714285,0.14285714285714285,0.0,0.14285714285714285,0.14285714285714285,0.5714285714285714,0.14285714285714285,0.14285714285714285,0.14285714285714285,0.14285714285714285,0.14285714285714285,0.42857142857142855,0.14285714285714285,0.14285714285714285,0.14285714285714285,0.42857142857142855
spkr114_55,0.7333333333333333,0.11764705882352941,0.35294117647058826,0.0,0.0,0.0,0.0,0.0,0.2,0.0,0.0,0.11764705882352941,0.0,0.058823529411764705,0.0,0.0,0.0,0.47058823529411764,0.0,0.0,0.058823529411764705,0.058823529411764705,0.17647058823529413,0.0,0.0,0.0,0.0,0.0
spkr114_56,1.0,0.1,0.5,0.2,0.0,0.1,0.2,0.1,0.3,0.1,0.1,0.1,0.1,0.1,0.1,0.1,0.2,0.9,0.2,0.2,0.0,0.2,0.1,0.1,0.1,0.0,0.0,0.2
spkr114_57,0.8666666666666667,0.4117647058823529,0.8823529411764706,0.0,0.0,0.0,0.0,0.0,0.26666666666666666,0.0,0.0,0.0,0.0,0.0,0.0,0.0,0.0,0.7647058823529411,0.0,0.0,0.0,0.0,0.0,0.058823529411764705,0.058823529411764705,0.0,0.29411764705882354,0.0
spkr114_58,0.6666666666666666,0.13636363636363635,0.36363636363636365,0.0,0.0,0.0,0.0,0.0,0.14285714285714285,0.0,0.0,0.0,0.0,0.0,0.0,0.0,0.0,0.6363636363636364,0.0,0.0,0.0,0.0,0.09090909090909091,0.0,0.0,0.0,0.0,0.0
spkr114_59,0.9090909090909091,0.2727272727272727,0.5454545454545454,0.0,0.0,0.0,0.09090909090909091,0.09090909090909091,0.18181818181818182,0.09090909090909091,0.09090909090909091,0.09090909090909091,0.0,0.09090909090909091,0.0,0.0,0.09090909090909091,0.8181818181818182,0.0,0.09090909090909091,0.0,0.0,0.0,0.09090909090909091,0.09090909090909091,0.0,0.09090909090909091,0.09090909090909091
spkr114_6,0.9166666666666666,0.08333333333333333,0.9166666666666666,0.0,0.0,0.0,0.0,0.0,0.0,0.0,0.0,0.0,0.0,0.16666666666666666,0.0,0.0,0.0,0.8333333333333334,0.0,0.0,0.0,0.0,0.16666666666666666,0.0,0.0,0.0,0.0,0.08333333333333333
spkr114_60,0.5,0.058823529411764705,0.6470588235294118,0.0,0.0,0.0,0.0,0.0,0.0625,0.0,0.0,0.0,0.0,0.0,0.0,0.0,0.0,0.47058823529411764,0.0,0.0,0.0,0.0,0.0,0.0,0.0,0.0,0.0,0.0
spkr114_61,0.5,0.05555555555555555,0.3888888888888889,0.0,0.0,0.0,0.0,0.0,0.16666666666666666,0.0,0.0,0.0,0.0,0.0,0.0,0.0,0.0,0.5555555555555556,0.0,0.0,0.05555555555555555,0.0,0.0,0.0,0.0,0.0,0.1111111111111111,0.1111111111111111
spkr114_62,1.0,0.36363636363636365,0.5454545454545454,0.0,0.0,0.0,0.0,0.0,0.6,0.0,0.0,0.0,0.0,0.0,0.0,0.0,0.0,0.9090909090909091,0.18181818181818182,0.0,0.0,0.0,0.0,0.0,0.0,0.0,0.0,0.0
spkr114_63,0.9,0.3,0.3,0.0,0.0,0.0,0.0,0.0,0.0,0.0,0.0,0.0,0.0,0.0,0.0,0.0,0.0,1.0,0.0,0.0,0.0,0.0,0.0,0.0,0.3,0.0,0.0,0.0
spkr114_64,0.5294117647058824,0.0,0.7058823529411765,0.0,0.0,0.0,0.0,0.0,0.058823529411764705,0.0,0.058823529411764705,0.0,0.0,0.0,0.0,0.0,0.0,0.6470588235294118,0.0,0.0,0.0,0.0,0.0,0.0,0.0,0.0,0.0,0.0
spkr114_65,0.6086956521739131,0.13043478260869565,0.5652173913043478,0.043478260869565216,0.0,0.0,0.0,0.0,0.08695652173913043,0.0,0.0,0.0,0.0,0.0,0.0,0.0,0.0,0.6956521739130435,0.0,0.0,0.0,0.0,0.0,0.0,0.0,0.0,0.0,0.0
spkr114_66,0.5882352941176471,0.1111111111111111,0.2777777777777778,0.0,0.0,0.0,0.0,0.0,0.058823529411764705,0.05555555555555555,0.0,0.0,0.0,0.0,0.05555555555555555,0.0,0.0,0.8333333333333334,0.05555555555555555,0.0,0.05555555555555555,0.0,0.16666666666666666,0.0,0.1111111111111111,0.16666666666666666,0.0,0.0
spkr114_67,0.35714285714285715,0.0,0.5714285714285714,0.0,0.0,0.0,0.0,0.0,0.0,0.0,0.0,0.0,0.0,0.0,0.0,0.0,0.0,0.35714285714285715,0.0,0.0,0.0,0.0,0.0,0.0,0.0,0.0,0.0,0.0
spkr114_68,0.5833333333333334,0.23076923076923078,0.5384615384615384,0.0,0.0,0.0,0.0,0.0,0.25,0.0,0.0,0.0,0.0,0.0,0.0,0.0,0.0,0.7692307692307693,0.0,0.0,0.0,0.0,0.23076923076923078,0.0,0.0,0.07692307692307693,0.15384615384615385,0.07692307692307693
spkr114_69,0.5555555555555556,0.16666666666666666,0.5555555555555556,0.0,0.0,0.0,0.0,0.0,0.0,0.0,0.0,0.0,0.0,0.0,0.0,0.0,0.0,0.5555555555555556,0.05555555555555555,0.0,0.0,0.0,0.0,0.0,0.05555555555555555,0.0,0.0,0.0
spkr114_7,1.0,0.0,0.625,0.0,0.0,0.0,0.0,0.0,0.06666666666666667,0.0,0.0,0.0,0.0,0.0,0.0,0.0,0.0,1.0,0.0,0.0,0.0,0.0,0.0,0.0,0.0,0.0,0.0,0.0
spkr114_70,0.6875,0.0625,0.5625,0.0,0.0,0.0,0.0,0.0,0.125,0.0,0.125,0.25,0.0,0.0,0.0,0.0,0.0,0.4375,0.0,0.0,0.0625,0.0,0.0,0.0,0.0,0.0,0.0,0.125
spkr114_71,0.7222222222222222,0.10526315789473684,0.47368421052631576,0.0,0.0,0.0,0.0,0.0,0.16666666666666666,0.0,0.0,0.0,0.0,0.15789473684210525,0.0,0.0,0.0,0.5789473684210527,0.0,0.0,0.0,0.0,0.0,0.10526315789473684,0.10526315789473684,0.0,0.10526315789473684,0.05263157894736842
spkr114_72,0.7368421052631579,0.0,0.7777777777777778,0.0,0.0,0.0,0.0,0.0,0.05263157894736842,0.2222222222222222,0.0,0.0,0.0,0.0,0.0,0.0,0.0,1.0,0.0,0.0,0.0,0.0,0.0,0.0,0.1111111111111111,0.0,0.0,0.0
spkr114_73,0.5454545454545454,0.18181818181818182,0.36363636363636365,0.0,0.0,0.0,0.0,0.0,0.6363636363636364,0.0,0.0,0.0,0.0,0.0,0.0,0.0,0.0,0.7272727272727273,0.0,0.0,0.0,0.0,0.0,0.0,0.09090909090909091,0.09090909090909091,0.09090909090909091,0.0
spkr114_74,0.7857142857142857,0.07142857142857142,0.5,0.0,0.0,0.0,0.0,0.0,0.14285714285714285,0.0,0.0,0.0,0.0,0.0,0.0,0.0,0.0,0.8571428571428571,0.0,0.0,0.0,0.0,0.0,0.0,0.0,0.0,0.14285714285714285,0.0
spkr114_75,0.6470588235294118,0.35294117647058826,0.5294117647058824,0.0,0.0,0.0,0.0,0.0,0.35294117647058826,0.23529411764705882,0.0,0.0,0.0,0.0,0.0,0.0,0.0,0.7058823529411765,0.0,0.0,0.0,0.11764705882352941,0.17647058823529413,0.17647058823529413,0.23529411764705882,0.17647058823529413,0.4117647058823529,0.11764705882352941
spkr114_8,0.3125,0.125,0.75,0.0,0.0,0.0,0.0,0.0,0.125,0.0,0.0,0.0,0.0,0.0,0.75,0.0,0.0,0.6875,0.0,0.0,0.0,0.0,0.0,0.0,0.0,0.0,0.0,0.0
spkr114_9,0.6428571428571429,0.21428571428571427,0.6428571428571429,0.0,0.0,0.0,0.0,0.0,0.07142857142857142,0.0,0.14285714285714285,0.0,0.0,0.07142857142857142,0.0,0.07142857142857142,0.0,0.9285714285714286,0.0,0.0,0.0,0.0,0.0,0.0,0.0,0.0,0.0,0.0
spkr14_1,0.8,0.1,0.8,0.0,0.0,0.0,0.0,0.0,0.2,0.0,0.1,0.0,0.0,0.8,0.0,0.0,0.0,0.8,0.0,0.0,0.0,0.0,0.2,0.0,0.2,0.0,0.2,0.1
spkr14_10,0.7058823529411765,0.0,0.6470588235294118,0.0,0.0,0.0,0.0,0.0,0.0,0.0,0.058823529411764705,0.0,0.0,0.11764705882352941,0.0,0.0,0.0,0.5294117647058824,0.0,0.0,0.17647058823529413,0.0,0.17647058823529413,0.0,0.11764705882352941,0.0,0.0,0.0
spkr14_11,0.9285714285714286,0.7857142857142857,0.6428571428571429,0.35714285714285715,0.21428571428571427,0.14285714285714285,0.0,0.0,0.42857142857142855,0.2857142857142857,0.07142857142857142,0.35714285714285715,0.0,0.21428571428571427,0.0,0.0,0.0,1.0,0.35714285714285715,0.35714285714285715,0.35714285714285715,0.5714285714285714,0.21428571428571427,0.42857142857142855,0.6428571428571429,0.35714285714285715,0.42857142857142855,0.21428571428571427
spkr14_12,0.8235294117647058,0.11764705882352941,0.5294117647058824,0.11764705882352941,0.0,0.0,0.11764705882352941,0.0,0.17647058823529413,0.058823529411764705,0.058823529411764705,0.11764705882352941,0.0,0.0,0.0,0.0,0.0,0.8235294117647058,0.17647058823529413,0.11764705882352941,0.17647058823529413,0.0,0.35294117647058826,0.11764705882352941,0.29411764705882354,0.058823529411764705,0.11764705882352941,0.17647058823529413
spkr14_13,0.9375,0.4117647058823529,0.5882352941176471,0.35294117647058826,0.35294117647058826,0.0,0.058823529411764705,0.0,0.6875,0.17647058823529413,0.0,0.29411764705882354,0.0,0.0,0.0,0.0,0.0,0.5294117647058824,0.11764705882352941,0.11764705882352941,0.0,0.0,0.23529411764705882,0.0,0.35294117647058826,0.11764705882352941,0.35294117647058826,0.23529411764705882
spkr14_14,0.8235294117647058,0.47058823529411764,0.7058823529411765,0.11764705882352941,0.23529411764705882,0.0,0.17647058823529413,0.0,0.11764705882352941,0.058823529411764705,0.11764705882352941,0.17647058823529413,0.17647058823529413,0.17647058823529413,0.17647058823529413,0.17647058823529413,0.0,0.47058823529411764,0.35294117647058826,0.17647058823529413,0.29411764705882354,0.11764705882352941,0.17647058823529413,0.11764705882352941,0.35294117647058826,0.11764705882352941,0.29411764705882354,0.058823529411764705
spkr14_15,1.0,0.29411764705882354,0.5882352941176471,0.058823529411764705,0.0,0.0,0.0,0.058823529411764705,0.4117647058823529,0.17647058823529413,0.0,0.17647058823529413,0.058823529411764705,0.11764705882352941,0.0,0.0,0.0,1.0,0.0,0.0,0.4117647058823529,0.17647058823529413,0.47058823529411764,0.058823529411764705,0.058823529411764705,0.35294117647058826,0.5294117647058824,0.058823529411764705
spkr14_18,0.7692307692307693,0.38461538461538464,0.6538461538461539,0.15384615384615385,0.11538461538461539,0.11538461538461539,0.11538461538461539,0.11538461538461539,0.2692307692307692,0.11538461538461539,0.11538461538461539,0.11538461538461539,0.0,0.11538461538461539,0.0,0.3076923076923077,0.11538461538461539,0.6538461538461539,0.15384615384615385,0.15384615384615385,0.15384615384615385,0.19230769230769232,0.07692307692307693,0.11538461538461539,0.23076923076923078,0.11538461538461539,0.19230769230769232,0.038461538461538464
spkr14_19,0.7741935483870968,0.41935483870967744,0.5483870967741935,0.03225806451612903,0.03225806451612903,0.03225806451612903,0.03225806451612903,0.03225806451612903,0.3548387096774194,0.06451612903225806,0.06451612903225806,0.03225806451612903,0.03225806451612903,0.16129032258064516,0.03225806451612903,0.06451612903225806,0.03225806451612903,0.8064516129032258,0.22580645161290322,0.06451612903225806,0.2903225806451613,0.12903225806451613,0.0967741935483871,0.12903225806451613,0.1935483870967742,0.06451612903225806,0.0967741935483871,0.03225806451612903
spkr14_2,0.9090909090909091,0.36363636363636365,0.5454545454545454,0.0,0.0,0.0,0.0,0.0,0.5454545454545454,0.0,0.0,0.0,0.0,0.0,0.0,0.0,0.0,1.0,0.7272727272727273,0.0,0.0,0.0,0.36363636363636365,0.0,0.5454545454545454,0.0,0.36363636363636365,0.18181818181818182
spkr14_20,0.75,0.15384615384615385,0.5769230769230769,0.0,0.0,0.0,0.0,0.0,0.25,0.0,0.0,0.0,0.0,0.0,0.0,0.0,0.0,0.5769230769230769,0.0,0.0,0.0,0.0,0.0,0.0,0.34615384615384615,0.0,0.11538461538461539,0.11538461538461539
spkr14_21,0.68,0.14814814814814814,0.4074074074074074,0.0,0.0,0.0,0.0,0.0,0.2,0.0,0.037037037037037035,0.0,0.0,0.037037037037037035,0.0,0.0,0.0,1.0,0.0,0.18518518518518517,0.0,0.0,0.48148148148148145,0.037037037037037035,0.14814814814814814,0.0,0.1111111111111111,0.0
spkr14_22,1.0,0.0,0.3888888888888889,0.0,0.0,0.0,0.0,0.0,0.2777777777777778,0.0,0.0,1.0,0.0,0.0,0.0,0.0,0.0,1.0,0.0,0.0,0.0,0.0,0.0,0.0,0.05555555555555555,0.0,0.0,0.0
spkr14_23,0.7,0.15,0.25,0.0,0.0,0.0,0.0,0.0,0.1,0.0,0.0,0.0,0.0,0.0,0.0,0.0,0.0,0.65,0.0,0.0,0.0,0.0,0.1,0.0,0.05,0.0,0.0,0.0
spkr14_24,0.8235294117647058,0.3684210526315789,0.6842105263157895,0.0,0.0,0.0,0.0,0.15789473684210525,0.5294117647058824,0.05263157894736842,0.0,0.0,0.0,0.47368421052631576,0.0,0.0,0.15789473684210525,0.9473684210526315,0.3157894736842105,0.15789473684210525,0.631578947368421,0.10526315789473684,0.631578947368421,0.10526315789473684,0.42105263157894735,0.0,0.21052631578947367,0.05263157894736842
spkr14_26,0.9444444444444444,0.21052631578947367,0.47368421052631576,0.2631578947368421,0.0,0.0,0.0,0.0,0.2777777777777778,0.10526315789473684,0.0,0.0,0.0,0.15789473684210525,0.0,0.0,0.0,0.8947368421052632,0.3684210526315789,0.10526315789473684,0.15789473684210525,0.10526315789473684,0.3157894736842105,0.10526315789473684,0.2631578947368421,0.0,0.21052631578947367,0.10526315789473684
spkr14_28,0.8,0.17647058823529413,0.29411764705882354,0.0,0.0,0.0,0.0,0.0,0.2,0.0,0.0,0.17647058823529413,0.0,0.0,0.0,0.0,0.0,0.7058823529411765,0.0,0.0,0.0,0.17647058823529413,0.11764705882352941,0.17647058823529413,0.0,0.17647058823529413,0.23529411764705882,0.17647058823529413
spkr14_29,1.0,0.2,0.7333333333333333,0.4,0.0,0.0,0.0,0.0,0.4666666666666667,0.26666666666666666,0.13333333333333333,0.26666666666666666,0.0,0.2,0.0,0.0,0.0,0.8,0.0,0.3333333333333333,0.2,0.06666666666666667,0.3333333333333333,0.13333333333333333,0.5333333333333333,0.13333333333333333,0.13333333333333333,0.13333333333333333
spkr14_30,0.6666666666666666,0.2,0.4666666666666667,0.0,0.0,0.0,0.0,0.0,0.4,0.0,0.0,0.0,0.0,0.0,0.0,0.2,0.0,0.9333333333333333,0.0,0.0,0.0,0.2,0.06666666666666667,0.0,0.13333333333333333,0.0,0.06666666666666667,0.0
spkr14_31,0.631578947368421,0.05263157894736842,0.3157894736842105,0.0,0.0,0.0,0.0,0.0,0.0,0.0,0.0,0.10526315789473684,0.0,0.0,0.0,0.0,0.0,0.5789473684210527,0.0,0.0,0.0,0.0,0.0,0.0,0.05263157894736842,0.0,0.0,0.0
spkr14_33,0.9523809523809523,0.22727272727272727,0.5454545454545454,0.0,0.0,0.0,0.0,0.09090909090909091,0.14285714285714285,0.09090909090909091,0.0,0.045454545454545456,0.0,0.0,0.0,0.0,0.09090909090909091,0.5,0.2727272727272727,0.18181818181818182,0.13636363636363635,0.0,0.045454545454545456,0.0,0.0,0.0,0.13636363636363635,0.09090909090909091
spkr14_34,0.7272727272727273,0.22727272727272727,0.4090909090909091,0.045454545454545456,0.13636363636363635,0.045454545454545456,0.22727272727272727,0.2727272727272727,0.5,0.22727272727272727,0.18181818181818182,0.18181818181818182,0.18181818181818182,0.045454545454545456,0.0,0.36363636363636365,0.0,0.8636363636363636,0.045454545454545456,0.36363636363636365,0.22727272727272727,0.22727272727272727,0.2727272727272727,0.13636363636363635,0.3181818181818182,0.18181818181818182,0.18181818181818182,0.22727272727272727
spkr14_35,0.7857142857142857,0.5,0.7142857142857143,0.14285714285714285,0.0,0.0,0.14285714285714285,0.14285714285714285,0.7857142857142857,0.14285714285714285,0.14285714285714285,0.14285714285714285,0.14285714285714285,0.14285714285714285,0.14285714285714285,0.0,0.14285714285714285,0.9285714285714286,0.14285714285714285,0.14285714285714285,0.14285714285714285,0.14285714285714285,0.2857142857142857,0.0,0.14285714285714285,0.14285714285714285,0.07142857142857142,0.21428571428571427
spkr14_37,1.0,0.2,0.6,0.06666666666666667,0.0,0.0,0.13333333333333333,0.06666666666666667,0.42857142857142855,0.06666666666666667,0.0,0.13333333333333333,0.0,0.13333333333333333,0.0,0.0,0.06666666666666667,1.0,0.13333333333333333,0.06666666666666667,0.0,0.06666666666666667,0.2,0.2,0.26666666666666666,0.06666666666666667,0.13333333333333333,0.06666666666666667
spkr14_38,0.8125,0.2,0.5333333333333333,0.13333333333333333,0.0,0.0,0.0,0.0,0.125,0.13333333333333333,0.2,0.0,0.0,0.2,0.0,0.0,0.0,1.0,0.2,0.0,0.3333333333333333,0.2,0.2,0.13333333333333333,0.13333333333333333,0.2,0.13333333333333333,0.13333333333333333
spkr14_4,0.7142857142857143,0.0,0.5384615384615384,0.0,0.0,0.0,0.0,0.0,0.07142857142857142,0.0,0.0,0.0,0.0,0.0,0.0,0.0,0.0,1.0,0.0,0.0,0.38461538461538464,0.0,0.0,0.0,0.0,0.0,0.0,0.0
spkr14_40,0.7142857142857143,0.13333333333333333,0.3333333333333333,0.0,0.0,0.0,0.0,0.0,0.14285714285714285,0.0,0.0,0.0,0.0,0.06666666666666667,0.0,0.0,0.0,0.8,0.0,0.0,0.0,0.0,0.26666666666666666,0.0,0.2,0.0,0.13333333333333333,0.0
spkr14_42,0.8181818181818182,0.5454545454545454,0.7272727272727273,0.18181818181818182,0.18181818181818182,0.18181818181818182,0.18181818181818182,0.18181818181818182,0.6363636363636364,0.5454545454545454,0.18181818181818182,0.6363636363636364,0.18181818181818182,0.2727272727272727,0.18181818181818182,0.18181818181818182,0.18181818181818182,1.0,0.18181818181818182,0.9090909090909091,1.0,0.36363636363636365,0.6363636363636364,0.18181818181818182,0.45454545454545453,0.36363636363636365,0.7272727272727273,0.6363636363636364
spkr14_43,0.9230769230769231,0.15384615384615385,0.3076923076923077,0.23076923076923078,0.0,0.0,0.0,0.0,0.5384615384615384,0.07692307692307693,0.23076923076923078,0.0,0.0,0.23076923076923078,0.0,0.3076923076923077,0.0,0.8461538461538461,0.46153846153846156,0.0,0.6153846153846154,0.0,0.3076923076923077,0.0,0.38461538461538464,0.23076923076923078,0.3076923076923077,0.0
spkr14_44,0.9375,0.375,0.4375,0.0625,0.0625,0.0625,0.125,0.1875,0.4375,0.0625,0.1875,0.1875,0.0625,0.125,0.0625,0.0625,0.125,0.8125,0.125,0.125,0.625,0.25,0.5,0.25,0.1875,0.1875,0.3125,0.1875
spkr14_45,1.0,0.2727272727272727,0.8181818181818182,0.0,0.0,0.0,0.0,0.09090909090909091,0.9,0.2727272727272727,0.2727272727272727,1.0,0.0,0.0,0.2727272727272727,0.0,0.2727272727272727,1.0,0.2727272727272727,0.0,0.5454545454545454,0.36363636363636365,0.6363636363636364,0.2727272727272727,0.45454545454545453,0.2727272727272727,0.36363636363636365,0.09090909090909091
spkr14_46,0.8,0.26666666666666666,0.4666666666666667,0.0,0.0,0.0,0.0,0.0,0.2,0.26666666666666666,0.3333333333333333,1.0,0.0,0.0,0.0,0.0,0.0,0.7333333333333333,0.13333333333333333,0.0,0.2,0.0,0.2,0.06666666666666667,0.5333333333333333,0.06666666666666667,0.26666666666666666,0.0
spkr14_5,0.8666666666666667,0.13333333333333333,0.4666666666666667,0.0,0.0,0.0,0.0,0.0,0.13333333333333333,0.0,0.0,0.0,0.0,0.0,0.0,0.0,0.0,0.4,0.0,0.0,0.2,0.0,0.06666666666666667,0.0,0.06666666666666667,0.0,0.06666666666666667,0.0
spkr14_50,0.7333333333333333,0.2903225806451613,0.41935483870967744,0.0,0.0,0.0,0.0,0.0,0.4666666666666667,0.0967741935483871,0.1935483870967742,0.03225806451612903,0.0,0.1935483870967742,0.0,0.0,0.0,0.5483870967741935,0.0,0.1935483870967742,0.3870967741935484,0.16129032258064516,0.1935483870967742,0.0,0.2903225806451613,0.1935483870967742,0.0967741935483871,0.0
spkr14_51,1.0,0.2857142857142857,0.42857142857142855,0.07142857142857142,0.21428571428571427,0.14285714285714285,0.07142857142857142,0.14285714285714285,0.5,0.07142857142857142,0.2857142857142857,0.2857142857142857,0.07142857142857142,0.2857142857142857,0.0,0.0,0.0,0.7142857142857143,0.07142857142857142,0.0,0.21428571428571427,0.14285714285714285,0.35714285714285715,0.07142857142857142,0.21428571428571427,0.14285714285714285,0.14285714285714285,0.07142857142857142
spkr14_52,0.7272727272727273,0.18181818181818182,0.5454545454545454,0.0,0.0,0.0,0.0,0.0,0.45454545454545453,0.09090909090909091,0.0,0.0,0.0,0.0,0.09090909090909091,0.0,0.0,0.8181818181818182,0.0,0.0,0.0,0.0,0.09090909090909091,0.0,0.2727272727272727,0.2727272727272727,0.09090909090909091,0.0
spkr14_53,0.6,0.06666666666666667,0.6666666666666666,0.06666666666666667,0.06666666666666667,0.06666666666666667,0.06666666666666667,0.06666666666666667,0.4666666666666667,0.13333333333333333,0.2,0.06666666666666667,0.06666666666666667,0.06666666666666667,0.06666666666666667,0.06666666666666667,0.06666666666666667,1.0,0.06666666666666667,0.06666666666666667,0.06666666666666667,0.0,0.3333333333333333,0.06666666666666667,0.3333333333333333,0.06666666666666667,0.06666666666666667,0.06666666666666667
spkr14_54,0.8333333333333334,1.0,0.5714285714285714,0.5714285714285714,0.14285714285714285,0.0,0.14285714285714285,0.0,1.0,0.7142857142857143,0.14285714285714285,0.7142857142857143,0.0,0.5714285714285714,0.2857142857142857,0.0,0.0,0.8571428571428571,0.0,0.7142857142857143,0.2857142857142857,1.0,0.7142857142857143,0.42857142857142855,0.5714285714285714,0.7142857142857143,0.8571428571428571,0.7142857142857143
spkr14_55,0.8,0.47058823529411764,0.5882352941176471,0.0,0.0,0.4117647058823529,0.0,0.0,0.4666666666666667,0.11764705882352941,0.0,0.17647058823529413,0.0,0.17647058823529413,0.0,0.0,0.0,0.6470588235294118,0.0,0.0,0.0,0.11764705882352941,0.23529411764705882,0.0,0.11764705882352941,0.17647058823529413,0.17647058823529413,0.17647058823529413
spkr14_56,0.9,0.4,0.7,0.6,0.2,0.2,0.2,0.4,0.5,0.4,0.4,0.4,0.3,0.4,0.0,0.4,0.3,1.0,0.6,1.0,0.3,0.4,0.7,0.4,0.5,0.2,0.4,0.5
spkr14_57,0.9333333333333333,0.35294117647058826,0.5294117647058824,0.17647058823529413,0.0,0.0,0.0,0.0,0.4666666666666667,0.0,0.0,0.17647058823529413,0.0,0.23529411764705882,0.17647058823529413,0.23529411764705882,0.17647058823529413,0.8823529411764706,0.17647058823529413,0.23529411764705882,0.29411764705882354,0.11764705882352941,0.17647058823529413,0.23529411764705882,0.17647058823529413,0.17647058823529413,0.23529411764705882,0.11764705882352941
spkr14_58,0.8095238095238095,0.2727272727272727,0.5454545454545454,0.2727272727272727,0.0,0.09090909090909091,0.22727272727272727,0.2727272727272727,0.3333333333333333,0.36363636363636365,0.22727272727272727,0.22727272727272727,0.22727272727272727,0.18181818181818182,0.22727272727272727,0.18181818181818182,0.22727272727272727,0.9090909090909091,0.22727272727272727,0.2727272727272727,0.3181818181818182,0.22727272727272727,0.5,0.18181818181818182,0.4090909090909091,0.2727272727272727,0.2727272727272727,0.18181818181818182
spkr14_59,0.8181818181818182,0.0,0.5454545454545454,0.0,0.0,0.0,0.0,0.0,0.2727272727272727,0.0,0.2727272727272727,0.0,0.0,0.0,0.0,0.0,0.0,1.0,0.36363636363636365,0.0,0.18181818181818182,0.0,0.2727272727272727,0.0,0.2727272727272727,0.0,0.0,0.0
spkr14_6,1.0,0.6666666666666666,0.75,0.0,0.0,0.0,0.0,0.0,0.4166666666666667,0.0,0.0,0.0,0.0,0.25,0.0,0.0,0.0,1.0,0.4166666666666667,0.0,0.0,0.0,0.3333333333333333,0.0,0.3333333333333333,0.0,0.25,0.16666666666666666
spkr14_60,1.0,0.6470588235294118,0.8235294117647058,0.058823529411764705,0.0,0.0,0.0,0.058823529411764705,0.4375,0.0,0.17647058823529413,0.058823529411764705,0.0,0.17647058823529413,0.0,0.0,0.0,1.0,0.058823529411764705,0.29411764705882354,0.29411764705882354,0.17647058823529413,0.6470588235294118,0.058823529411764705,0.5882352941176471,0.058823529411764705,0.4117647058823529,0.058823529411764705
spkr14_61,0.8333333333333334,0.9444444444444444,0.4444444444444444,0.0,0.0,0.0,0.0,0.0,0.4444444444444444,0.0,0.0,0.3888888888888889,0.0,0.0,0.0,0.0,0.0,0.8333333333333334,0.3888888888888889,0.3888888888888889,0.16666666666666666,0.0,0.3888888888888889,0.0,0.5,0.0,0.1111111111111111,0.0
spkr14_62,1.0,0.0,0.09090909090909091,0.0,0.0,0.0,0.0,0.0,0.3,0.0,0.0,0.0,0.0,0.0,0.0,0.0,0.0,0.8181818181818182,0.0,0.0,0.0,0.0,0.0,0.0,0.0,0.0,0.0,0.0
spkr14_63,1.0,0.1,0.6,0.0,0.0,0.0,0.0,0.0,0.1,0.0,0.0,0.0,0.0,0.0,0.0,0.0,0.0,1.0,0.0,0.0,0.0,0.0,0.1,0.0,0.0,0.0,0.0,0.0
spkr14_65,0.8695652173913043,0.5652173913043478,0.6956521739130435,0.391304347826087,0.043478260869565216,0.2608695652173913,0.043478260869565216,0.21739130434782608,0.5217391304347826,0.43478260869565216,0.34782608695652173,0.13043478260869565,0.043478260869565216,0.17391304347826086,0.043478260869565216,0.0,0.21739130434782608,1.0,0.4782608695652174,0.043478260869565216,0.391304347826087,0.2608695652173913,0.391304347826087,0.21739130434782608,0.43478260869565216,0.34782608695652173,0.34782608695652173,0.21739130434782608
spkr14_66,0.7647058823529411,0.0,0.16666666666666666,0.0,0.0,0.0,0.0,0.0,0.058823529411764705,0.0,0.0,0.0,0.0,0.0,0.0,0.0,0.0,0.3888888888888889,0.0,0.0,0.0,0.0,0.16666666666666666,0.0,0.0,0.0,0.05555555555555555,0.0
spkr14_67,1.0,0.21428571428571427,0.7857142857142857,0.0,0.0,0.0,0.0,0.0,0.2857142857142857,0.07142857142857142,0.0,0.0,0.0,0.0,0.0,0.0,0.0,0.9285714285714286,0.35714285714285715,0.0,0.0,0.0,0.21428571428571427,0.07142857142857142,0.35714285714285715,0.0,0.07142857142857142,0.14285714285714285
spkr14_68,0.75,0.46153846153846156,0.6923076923076923,0.5384615384615384,0.6923076923076923,0.07692307692307693,0.38461538461538464,0.5384615384615384,0.75,0.38461538461538464,0.6153846153846154,0.07692307692307693,0.38461538461538464,0.5384615384615384,0.38461538461538464,0.5384615384615384,0.38461538461538464,0.9230769230769231,0.38461538461538464,0.5384615384615384,0.6153846153846154,0.5384615384615384,0.6923076923076923,0.46153846153846156,0.38461538461538464,0.38461538461538464,0.46153846153846156,0.46153846153846156
spkr14_69,0.7777777777777778,0.2222222222222222,0.6666666666666666,0.0,0.0,0.0,0.0,0.0,0.05555555555555555,0.0,0.2222222222222222,0.0,0.0,0.16666666666666666,0.0,0.0,0.0,0.5,0.05555555555555555,0.0,0.0,0.0,0.0,0.0,0.2777777777777778,0.0,0.0,0.0
spkr14_7,0.8,0.625,0.6875,0.125,0.0625,0.25,0.25,0.1875,0.8,0.0625,0.1875,0.3125,0.0625,0.1875,0.25,0.25,0.125,0.875,0.5625,0.25,0.875,0.25,0.5625,0.0625,0.375,0.25,0.25,0.0625
spkr14_70,0.875,0.25,0.5,0.125,0.0,0.0,0.0,0.0,0.3125,0.125,0.125,0.0625,0.0,0.0,0.0,0.0,0.125,1.0,0.125,0.125,0.3125,0.125,0.3125,0.0625,0.125,0.125,0.0,0.0
spkr14_72,0.7894736842105263,0.3888888888888889,0.7777777777777778,0.0,0.0,0.0,0.0,0.0,0.47368421052631576,0.2222222222222222,0.0,0.3333333333333333,0.0,0.2222222222222222,0.0,0.0,0.0,0.7222222222222222,0.0,0.0,0.2222222222222222,0.2222222222222222,0.3333333333333333,0.16666666666666666,0.2222222222222222,0.2222222222222222,0.2222222222222222,0.2222222222222222
spkr14_73,1.0,0.7272727272727273,0.8181818181818182,0.2727272727272727,0.2727272727272727,0.2727272727272727,0.2727272727272727,0.2727272727272727,0.5454545454545454,0.2727272727272727,0.2727272727272727,0.2727272727272727,0.2727272727272727,0.2727272727272727,0.2727272727272727,0.2727272727272727,0.2727272727272727,0.5454545454545454,0.2727272727272727,0.2727272727272727,0.2727272727272727,0.2727272727272727,0.2727272727272727,0.36363636363636365,0.45454545454545453,0.2727272727272727,0.36363636363636365,0.2727272727272727
spkr14_74,0.7857142857142857,0.6428571428571429,0.7142857142857143,0.0,0.0,0.0,0.0,0.0,0.5714285714285714,0.0,0.0,0.0,0.0,0.0,0.2857142857142857,0.0,0.0,0.8571428571428571,0.0,0.0,0.2857142857142857,0.0,0.35714285714285715,0.21428571428571427,0.42857142857142855,0.07142857142857142,0.42857142857142855,0.0
spkr14_75,0.9411764705882353,0.6470588235294118,0.5294117647058824,0.7058823529411765,0.29411764705882354,0.23529411764705882,0.17647058823529413,0.4117647058823529,0.7647058823529411,0.5882352941176471,0.35294117647058826,0.5882352941176471,0.4117647058823529,0.23529411764705882,0.35294117647058826,0.0,0.0,1.0,0.4117647058823529,0.23529411764705882,0.6470588235294118,0.47058823529411764,0.6470588235294118,0.4117647058823529,0.4117647058823529,0.47058823529411764,0.4117647058823529,0.7058823529411765
spkr14_8,0.8125,0.3125,0.625,0.0,0.0,0.0,0.0,0.0,0.5,0.1875,0.125,0.125,0.0,0.1875,0.0,0.0,0.0,0.875,0.4375,0.25,0.625,0.4375,0.3125,0.0,0.375,0.1875,0.25,0.0
spkr14_9,0.7857142857142857,0.42857142857142855,0.5714285714285714,0.07142857142857142,0.07142857142857142,0.0,0.07142857142857142,0.0,0.14285714285714285,0.0,0.2857142857142857,0.07142857142857142,0.07142857142857142,0.14285714285714285,0.07142857142857142,0.14285714285714285,0.07142857142857142,0.6428571428571429,0.07142857142857142,0.21428571428571427,0.0,0.0,0.07142857142857142,0.07142857142857142,0.0,0.07142857142857142,0.07142857142857142,0.0
spkr15_1,0.8,0.2,0.7,0.0,0.0,0.2,0.0,0.2,0.4,0.2,0.0,0.0,0.0,0.2,0.0,0.3,0.0,1.0,0.0,0.2,0.4,0.2,0.2,0.0,0.2,0.2,0.2,0.0
spkr15_10,0.6470588235294118,0.0,0.4117647058823529,0.0,0.0,0.0,0.0,0.0,0.058823529411764705,0.0,0.058823529411764705,0.0,0.0,0.058823529411764705,0.0,0.0,0.0,0.23529411764705882,0.0,0.058823529411764705,0.35294117647058826,0.0,0.058823529411764705,0.0,0.23529411764705882,0.0,0.058823529411764705,0.0
spkr15_11,0.5714285714285714,0.7857142857142857,0.42857142857142855,0.21428571428571427,0.21428571428571427,0.21428571428571427,0.0,0.21428571428571427,0.07142857142857142,0.21428571428571427,0.2857142857142857,0.7142857142857143,0.21428571428571427,0.21428571428571427,0.0,0.2857142857142857,0.21428571428571427,0.42857142857142855,0.14285714285714285,0.14285714285714285,0.07142857142857142,0.21428571428571427,0.14285714285714285,0.21428571428571427,0.2857142857142857,0.21428571428571427,0.14285714285714285,0.21428571428571427
spkr15_12,0.7647058823529411,0.058823529411764705,0.4117647058823529,0.058823529411764705,0.0,0.0,0.0,0.0,0.058823529411764705,0.0,0.0,0.058823529411764705,0.0,0.0,0.0,0.0,0.0,0.29411764705882354,0.058823529411764705,0.058823529411764705,0.0,0.0,0.0,0.0,0.0,0.0,0.0,0.0
spkr15_13,0.5625,0.0,0.5882352941176471,0.0,0.0,0.0,0.0,0.0,0.0625,0.0,0.0,0.0,0.0,0.0,0.0,0.0,0.0,0.29411764705882354,0.058823529411764705,0.0,0.0,0.0,0.11764705882352941,0.0,0.0,0.0,0.11764705882352941,0.058823529411764705
spkr15_14,0.7647058823529411,0.17647058823529413,0.47058823529411764,0.0,0.0,0.0,0.0,0.0,0.0,0.0,0.0,0.0,0.0,0.11764705882352941,0.0,0.0,0.0,0.5882352941176471,0.11764705882352941,0.0,0.23529411764705882,0.058823529411764705,0.0,0.0,0.11764705882352941,0.0,0.11764705882352941,0.058823529411764705
spkr15_15,0.8235294117647058,0.5882352941176471,0.5294117647058824,0.5882352941176471,0.11764705882352941,0.0,0.0,0.0,0.4117647058823529,0.17647058823529413,0.11764705882352941,0.29411764705882354,0.0,0.35294117647058826,0.0,0.0,0.23529411764705882,1.0,0.35294117647058826,0.17647058823529413,0.47058823529411764,0.4117647058823529,0.29411764705882354,0.058823529411764705,0.29411764705882354,0.11764705882352941,0.4117647058823529,0.23529411764705882
spkr15_18,0.6538461538461539,0.038461538461538464,0.5,0.0,0.0,0.0,0.0,0.0,0.11538461538461539,0.0,0.0,0.0,0.0,0.0,0.0,0.0,0.0,0.0,0.0,0.0,0.0,0.0,0.0,0.0,0.0,0.0,0.0,0.0
spkr15_19,0.41935483870967744,0.03225806451612903,0.3870967741935484,0.0,0.0,0.0,0.0,0.0,0.0,0.0,0.0,0.0,0.0,0.0,0.0,0.0,0.0,0.0,0.0,0.0,0.0,0.0,0.0,0.0,0.0,0.0,0.0,0.0
spkr15_2,0.8181818181818182,0.18181818181818182,0.2727272727272727,0.0,0.0,0.0,0.0,0.0,0.18181818181818182,0.0,0.0,0.0,0.0,0.0,0.0,0.0,0.0,0.8181818181818182,0.36363636363636365,0.0,0.18181818181818182,0.0,0.0,0.0,0.0,0.0,0.09090909090909091,0.0
spkr15_20,0.6666666666666666,0.19230769230769232,0.5,0.0,0.0,0.0,0.0,0.0,0.16666666666666666,0.0,0.0,0.0,0.0,0.0,0.0,0.0,0.0,0.0,0.0,0.0,0.0,0.0,0.23076923076923078,0.0,0.19230769230769232,0.0,0.19230769230769232,0.15384615384615385
spkr15_21,0.64,0.037037037037037035,0.2222222222222222,0.0,0.0,0.0,0.0,0.0,0.08,0.14814814814814814,0.037037037037037035,0.0,0.0,0.0,0.0,0.0,0.0,0.37037037037037035,0.0,0.0,0.0,0.07407407407407407,0.07407407407407407,0.037037037037037035,0.07407407407407407,0.0,0.1111111111111111,0.0
spkr15_22,0.6111111111111112,0.0,0.5555555555555556,0.0,0.0,0.0,0.0,0.0,0.1111111111111111,0.0,0.0,0.0,0.0,0.0,0.0,0.0,0.0,0.2777777777777778,0.0,0.0,0.0,0.0,0.0,0.0,0.0,0.0,0.0,0.0
spkr15_23,0.5,0.05,0.5,0.0,0.0,0.0,0.0,0.0,0.0,0.0,0.0,0.0,0.0,0.0,0.0,0.0,0.0,0.0,0.0,0.0,0.0,0.0,0.0,0.0,0.0,0.0,0.0,0.0
spkr15_24,0.6470588235294118,0.10526315789473684,0.5263157894736842,0.05263157894736842,0.0,0.0,0.0,0.10526315789473684,0.17647058823529413,0.10526315789473684,0.0,0.05263157894736842,0.0,0.05263157894736842,0.0,0.0,0.0,0.7368421052631579,0.05263157894736842,0.05263157894736842,0.0,0.0,0.0,0.0,0.10526315789473684,0.0,0.0,0.0
spkr15_26,0.7777777777777778,0.47368421052631576,0.47368421052631576,0.21052631578947367,0.05263157894736842,0.0,0.0,0.0,0.16666666666666666,0.42105263157894735,0.0,0.0,0.0,0.0,0.0,0.0,0.0,0.21052631578947367,0.2631578947368421,0.05263157894736842,0.0,0.10526315789473684,0.47368421052631576,0.10526315789473684,0.3684210526315789,0.47368421052631576,0.21052631578947367,0.21052631578947367
spkr15_28,0.6,0.35294117647058826,0.47058823529411764,0.0,0.0,0.0,0.0,0.0,0.0,0.0,0.0,0.0,0.0,0.0,0.0,0.0,0.0,0.17647058823529413,0.0,0.0,0.0,0.0,0.0,0.11764705882352941,0.0,0.0,0.0,0.0
spkr15_29,0.8,0.4666666666666667,0.6,0.0,0.0,0.0,0.0,0.0,0.0,0.0,0.0,0.2,0.0,0.3333333333333333,0.0,0.0,0.0,0.3333333333333333,0.0,0.0,0.06666666666666667,0.0,0.0,0.0,0.06666666666666667,0.0,0.06666666666666667,0.0
spkr15_30,0.5333333333333333,0.4,0.6,0.0,0.0,0.0,0.0,0.0,0.06666666666666667,0.0,0.0,0.06666666666666667,0.0,0.0,0.0,0.0,0.0,0.6666666666666666,0.0,0.0,0.0,0.0,0.0,0.0,0.0,0.0,0.06666666666666667,0.0
spkr15_31,0.5263157894736842,0.05263157894736842,0.3157894736842105,0.0,0.0,0.0,0.0,0.0,0.0,0.0,0.0,0.0,0.0,0.0,0.0,0.0,0.0,0.631578947368421,0.0,0.0,0.0,0.0,0.0,0.0,0.0,0.0,0.0,0.0
spkr15_33,0.8571428571428571,0.13636363636363635,0.2727272727272727,0.0,0.0,0.0,0.0,0.0,0.09523809523809523,0.0,0.0,0.0,0.0,0.0,0.0,0.0,0.0,0.22727272727272727,0.13636363636363635,0.0,0.13636363636363635,0.0,0.0,0.0,0.09090909090909091,0.0,0.045454545454545456,0.0
spkr15_35,0.7857142857142857,0.14285714285714285,0.5714285714285714,0.0,0.0,0.0,0.0,0.0,0.7857142857142857,0.14285714285714285,0.0,0.21428571428571427,0.0,0.14285714285714285,0.0,0.0,0.0,0.7142857142857143,0.21428571428571427,0.07142857142857142,0.5,0.2857142857142857,0.07142857142857142,0.07142857142857142,0.42857142857142855,0.14285714285714285,0.14285714285714285,0.0
spkr15_36,0.9444444444444444,0.0,0.5,0.0,0.0,0.0,0.0,0.0,0.1111111111111111,0.0,0.0,0.0,0.0,0.0,0.0,0.0,0.0,0.2,0.2,0.0,0.0,0.0,0.0,0.0,0.0,0.0,0.05,0.05
spkr15_37,0.8571428571428571,0.26666666666666666,0.5333333333333333,0.06666666666666667,0.0,0.0,0.0,0.0,0.07142857142857142,0.0,0.13333333333333333,0.26666666666666666,0.0,0.06666666666666667,0.13333333333333333,0.0,0.0,0.8,0.06666666666666667,0.26666666666666666,0.0,0.0,0.0,0.0,0.13333333333333333,0.0,0.13333333333333333,0.06666666666666667
spkr15_38,1.0,0.13333333333333333,0.5333333333333333,0.13333333333333333,0.13333333333333333,0.13333333333333333,0.13333333333333333,0.13333333333333333,0.1875,0.13333333333333333,0.13333333333333333,0.26666666666666666,0.13333333333333333,0.13333333333333333,0.13333333333333333,0.13333333333333333,0.13333333333333333,0.5333333333333333,0.13333333333333333,0.13333333333333333,0.13333333333333333,0.13333333333333333,0.26666666666666666,0.06666666666666667,0.13333333333333333,0.13333333333333333,0.26666666666666666,0.13333333333333333
spkr15_4,0.7142857142857143,0.0,0.3076923076923077,0.0,0.0,0.0,0.0,0.0,0.0,0.0,0.0,0.0,0.0,0.0,0.0,0.0,0.0,0.46153846153846156,0.0,0.0,0.0,0.0,0.0,0.0,0.0,0.0,0.0,0.0
spkr15_40,0.6428571428571429,0.0,0.3333333333333333,0.0,0.0,0.0,0.0,0.0,0.0,0.0,0.0,0.0,0.0,0.0,0.0,0.0,0.0,0.0,0.0,0.0,0.0,0.0,0.0,0.0,0.0,0.0,0.0,0.26666666666666666
spkr15_42,0.8181818181818182,0.09090909090909091,0.2727272727272727,0.18181818181818182,0.09090909090909091,0.0,0.0,0.09090909090909091,0.09090909090909091,0.09090909090909091,0.09090909090909091,0.5454545454545454,0.0,0.09090909090909091,0.0,0.0,0.09090909090909091,0.8181818181818182,0.09090909090909091,0.45454545454545453,0.2727272727272727,0.09090909090909091,0.2727272727272727,0.09090909090909091,0.09090909090909091,0.09090909090909091,0.09090909090909091,0.09090909090909091
spkr15_43,0.8461538461538461,0.38461538461538464,0.3076923076923077,0.23076923076923078,0.0,0.0,0.0,0.0,0.23076923076923078,0.0,0.0,0.0,0.0,0.0,0.0,0.3076923076923077,0.0,0.3076923076923077,0.0,0.0,0.0,0.0,0.0,0.0,0.15384615384615385,0.0,0.0,0.0
spkr15_44,0.75,0.375,0.5625,0.0625,0.0625,0.0625,0.0625,0.0625,0.25,0.0625,0.0625,0.0625,0.0625,0.0625,0.0625,0.0625,0.0625,0.4375,0.125,0.0625,0.0625,0.1875,0.1875,0.125,0.6875,0.0625,0.1875,0.0625
spkr15_45,0.9,0.0,0.45454545454545453,0.0,0.0,0.0,0.0,0.0,0.2,0.0,0.0,0.0,0.0,0.0,0.0,0.0,0.0,0.45454545454545453,0.0,0.0,0.2727272727272727,0.0,0.2727272727272727,0.0,0.18181818181818182,0.0,0.0,0.0
spkr15_46,0.7333333333333333,0.13333333333333333,0.4666666666666667,0.0,0.0,0.0,0.0,0.0,0.0,0.0,0.0,0.0,0.0,0.0,0.0,0.0,0.0,0.13333333333333333,0.0,0.0,0.0,0.0,0.0,0.0,0.0,0.0,0.06666666666666667,0.0
spkr15_5,0.6666666666666666,0.13333333333333333,0.6,0.0,0.0,0.0,0.0,0.0,0.0,0.0,0.0,0.26666666666666666,0.0,0.2,0.0,0.0,0.0,0.13333333333333333,0.2,0.26666666666666666,0.0,0.0,0.0,0.0,0.13333333333333333,0.0,0.0,0.0
spkr15_50,0.6,0.16129032258064516,0.5161290322580645,0.0,0.0,0.0,0.0,0.0,0.2,0.03225806451612903,0.0,0.0,0.0,0.03225806451612903,0.0,0.0,0.0,0.45161290322580644,0.0,0.22580645161290322,0.25806451612903225,0.06451612903225806,0.22580645161290322,0.0,0.12903225806451613,0.03225806451612903,0.03225806451612903,0.03225806451612903
spkr15_51,0.9285714285714286,0.2857142857142857,0.5,0.07142857142857142,0.07142857142857142,0.07142857142857142,0.07142857142857142,0.07142857142857142,0.2857142857142857,0.21428571428571427,0.14285714285714285,0.07142857142857142,0.07142857142857142,0.07142857142857142,0.07142857142857142,0.2857142857142857,0.07142857142857142,0.2857142857142857,0.07142857142857142,0.07142857142857142,0.07142857142857142,0.21428571428571427,0.21428571428571427,0.07142857142857142,0.07142857142857142,0.21428571428571427,0.14285714285714285,0.07142857142857142
spkr15_52,0.6363636363636364,0.18181818181818182,0.36363636363636365,0.0,0.0,0.0,0.0,0.0,0.09090909090909091,0.0,0.0,0.0,0.0,0.0,0.0,0.0,0.0,0.45454545454545453,0.0,0.09090909090909091,0.0,0.2727272727272727,0.0,0.0,0.0,0.0,0.0,0.0
spkr15_53,0.5333333333333333,0.0,0.4666666666666667,0.06666666666666667,0.06666666666666667,0.06666666666666667,0.06666666666666667,0.06666666666666667,0.06666666666666667,0.0,0.06666666666666667,0.0,0.06666666666666667,0.06666666666666667,0.0,0.06666666666666667,0.06666666666666667,1.0,0.06666666666666667,0.06666666666666667,0.06666666666666667,0.0,0.06666666666666667,0.0,0.3333333333333333,0.0,0.06666666666666667,0.0
spkr15_54,1.0,0.42857142857142855,1.0,0.0,0.14285714285714285,0.14285714285714285,0.14285714285714285,0.14285714285714285,0.8333333333333334,0.2857142857142857,0.14285714285714285,0.14285714285714285,0.14285714285714285,0.14285714285714285,0.0,0.14285714285714285,0.0,0.5714285714285714,0.0,0.0,0.2857142857142857,0.2857142857142857,0.2857142857142857,0.2857142857142857,0.0,0.0,0.42857142857142855,0.0
spkr15_55,0.7333333333333333,0.23529411764705882,0.7058823529411765,0.0,0.0,0.0,0.17647058823529413,0.0,0.13333333333333333,0.0,0.0,0.0,0.0,0.0,0.0,0.0,0.0,0.35294117647058826,0.29411764705882354,0.0,0.058823529411764705,0.11764705882352941,0.058823529411764705,0.0,0.11764705882352941,0.0,0.058823529411764705,0.058823529411764705
spkr15_56,0.8,0.0,0.5,0.1,0.0,0.0,0.0,0.0,0.1,0.0,0.1,0.0,0.1,0.4,0.0,0.1,0.0,0.2,0.1,0.1,0.0,0.0,0.1,0.0,0.1,0.0,0.0,0.0
spkr15_57,0.8,0.23529411764705882,0.7647058823529411,0.0,0.0,0.0,0.0,0.0,0.06666666666666667,0.0,0.0,0.0,0.0,0.0,0.0,0.0,0.0,0.0,0.0,0.0,0.0,0.0,0.0,0.058823529411764705,0.35294117647058826,0.0,0.058823529411764705,0.0
spkr15_58,0.9047619047619048,0.22727272727272727,0.4090909090909091,0.0,0.0,0.0,0.0,0.0,0.19047619047619047,0.0,0.0,0.0,0.0,0.18181818181818182,0.0,0.0,0.0,0.6818181818181818,0.0,0.0,0.09090909090909091,0.0,0.18181818181818182,0.0,0.4090909090909091,0.0,0.045454545454545456,0.0
spkr15_59,1.0,0.0,0.5454545454545454,0.0,0.0,0.0,0.0,0.0,0.0,0.0,0.0,0.0,0.0,0.0,0.0,0.0,0.0,0.45454545454545453,0.0,0.0,0.0,0.0,0.0,0.36363636363636365,0.2727272727272727,0.0,0.2727272727272727,0.0
spkr15_6,1.0,0.0,0.5,0.0,0.0,0.0,0.0,0.0,0.08333333333333333,0.0,0.0,0.0,0.0,0.25,0.3333333333333333,0.0,0.0,1.0,0.0,0.25,0.0,0.0,0.0,0.0,0.0,0.0,0.16666666666666666,0.0
spkr15_60,1.0,0.29411764705882354,0.47058823529411764,0.11764705882352941,0.0,0.0,0.0,0.0,0.1875,0.0,0.0,0.17647058823529413,0.0,0.0,0.0,0.0,0.0,0.4117647058823529,0.0,0.0,0.17647058823529413,0.0,0.11764705882352941,0.0,0.058823529411764705,0.0,0.0,0.29411764705882354
spkr15_61,0.8888888888888888,0.05555555555555555,0.6666666666666666,0.0,0.0,0.0,0.0,0.0,0.1111111111111111,0.0,0.0,0.1111111111111111,0.0,0.0,0.0,0.0,0.0,0.5555555555555556,0.1111111111111111,0.0,0.0,0.0,0.05555555555555555,0.0,0.16666666666666666,0.0,0.1111111111111111,0.0
spkr15_62,1.0,0.0,0.18181818181818182,0.0,0.0,0.0,0.0,0.0,0.2,0.0,0.0,0.2727272727272727,0.0,0.0,0.0,0.09090909090909091,0.0,0.09090909090909091,0.0,0.2727272727272727,0.0,0.0,0.18181818181818182,0.0,0.0,0.0,0.45454545454545453,0.0
spkr15_63,0.8,0.3,0.8,0.3,0.0,0.0,0.3,0.3,0.3,0.3,0.3,0.3,0.0,0.3,0.0,0.0,0.0,0.4,0.3,0.3,0.3,0.3,0.3,0.3,0.4,0.3,0.3,0.0
spkr15_64,0.8235294117647058,0.0,0.5882352941176471,0.0,0.0,0.0,0.0,0.0,0.058823529411764705,0.0,0.0,0.0,0.0,0.11764705882352941,0.11764705882352941,0.0,0.0,0.5882352941176471,0.11764705882352941,0.0,0.0,0.0,0.0,0.0,0.29411764705882354,0.0,0.17647058823529413,0.0
spkr15_65,0.782608695652174,0.08695652173913043,0.5652173913043478,0.08695652173913043,0.0,0.0,0.0,0.0,0.08695652173913043,0.0,0.043478260869565216,0.0,0.0,0.0,0.0,0.0,0.0,0.8695652173913043,0.0,0.0,0.17391304347826086,0.13043478260869565,0.21739130434782608,0.0,0.17391304347826086,0.0,0.08695652173913043,0.0
spkr15_66,0.7647058823529411,0.0,0.16666666666666666,0.0,0.0,0.0,0.0,0.0,0.058823529411764705,0.0,0.0,0.0,0.0,0.0,0.0,0.0,0.0,0.16666666666666666,0.0,0.0,0.1111111111111111,0.0,0.0,0.0,0.1111111111111111,0.0,0.0,0.0
spkr15_67,0.7857142857142857,0.0,0.6428571428571429,0.0,0.0,0.0,0.0,0.0,0.0,0.0,0.0,0.0,0.0,0.0,0.0,0.0,0.0,0.07142857142857142,0.0,0.0,0.14285714285714285,0.0,0.0,0.0,0.0,0.0,0.0,0.0
spkr15_68,0.9166666666666666,0.3076923076923077,0.38461538461538464,0.3076923076923077,0.0,0.3076923076923077,0.3076923076923077,0.3076923076923077,0.25,0.3076923076923077,0.46153846153846156,0.3076923076923077,0.6153846153846154,0.38461538461538464,0.3076923076923077,0.23076923076923078,0.3076923076923077,0.5384615384615384,0.6153846153846154,0.3076923076923077,0.38461538461538464,0.3076923076923077,0.6153846153846154,0.46153846153846156,0.6153846153846154,0.3076923076923077,0.46153846153846156,0.38461538461538464
spkr15_69,0.8333333333333334,0.16666666666666666,0.9444444444444444,0.0,0.0,0.0,0.0,0.0,0.05555555555555555,0.0,0.0,0.16666666666666666,0.0,0.05555555555555555,0.0,0.0,0.0,0.4444444444444444,0.0,0.0,0.0,0.0,0.0,0.0,0.2222222222222222,0.0,0.05555555555555555,0.0
spkr15_7,0.6666666666666666,0.4375,0.8125,0.0,0.0,0.0,0.0,0.0,0.0,0.0,0.0,0.0,0.0,0.0,0.0,0.125,0.0,0.8125,0.0,0.0,0.0625,0.0,0.1875,0.0,0.0,0.0,0.125,0.0
spkr15_70,0.6875,0.0625,0.5,0.0,0.0,0.0,0.0,0.0,0.1875,0.0,0.0625,0.1875,0.0,0.0,0.0,0.0,0.0,0.5625,0.0,0.375,0.1875,0.0,0.0,0.0625,0.25,0.0,0.125,0.0
spkr15_72,0.5789473684210527,0.0,0.6111111111111112,0.0,0.0,0.0,0.0,0.0,0.10526315789473684,0.2222222222222222,0.0,0.0,0.0,0.0,0.0,0.0,0.0,0.1111111111111111,0.0,0.0,0.0,0.0,0.0,0.0,0.3888888888888889,0.2222222222222222,0.2222222222222222,0.0
spkr15_73,0.8181818181818182,0.18181818181818182,0.36363636363636365,0.0,0.0,0.0,0.0,0.0,0.5454545454545454,0.0,0.0,0.0,0.0,0.0,0.0,0.45454545454545453,0.0,0.45454545454545453,0.0,0.0,0.0,0.0,0.0,0.09090909090909091,0.6363636363636364,0.0,0.09090909090909091,0.0
spkr15_74,0.7857142857142857,0.07142857142857142,0.6428571428571429,0.0,0.0,0.0,0.0,0.0,0.07142857142857142,0.0,0.0,0.0,0.0,0.0,0.0,0.0,0.0,0.14285714285714285,0.0,0.0,0.0,0.0,0.0,0.0,0.0,0.0,0.07142857142857142,0.0
spkr15_75,0.7058823529411765,0.47058823529411764,0.5882352941176471,0.0,0.0,0.0,0.0,0.0,0.5294117647058824,0.47058823529411764,0.0,0.0,0.0,0.0,0.0,0.0,0.0,0.9411764705882353,0.23529411764705882,0.29411764705882354,0.4117647058823529,0.47058823529411764,0.29411764705882354,0.11764705882352941,0.5294117647058824,0.29411764705882354,0.4117647058823529,0.23529411764705882
spkr15_8,0.4375,0.3125,0.375,0.1875,0.0,0.0,0.0,0.0,0.5,0.625,0.0,0.0,0.0,0.0625,0.0,0.0,0.0,0.8125,0.0,0.1875,0.3125,0.5,0.375,0.0625,0.4375,0.5,0.5625,0.0
spkr15_9,0.6428571428571429,0.07142857142857142,0.5,0.07142857142857142,0.21428571428571427,0.0,0.21428571428571427,0.07142857142857142,0.07142857142857142,0.07142857142857142,0.07142857142857142,0.07142857142857142,0.07142857142857142,0.07142857142857142,0.21428571428571427,0.07142857142857142,0.07142857142857142,0.7142857142857143,0.0,0.21428571428571427,0.0,0.14285714285714285,0.07142857142857142,0.21428571428571427,0.35714285714285715,0.07142857142857142,0.21428571428571427,0.0
spkr17_1,0.9,0.2,0.8,0.0,0.0,0.2,0.0,0.0,0.1,0.0,0.8,0.3,0.0,0.5,0.0,0.2,0.0,0.8,0.0,0.2,0.6,0.1,0.2,0.3,0.1,0.2,0.2,0.0
spkr17_10,0.23529411764705882,0.0,0.6470588235294118,0.0,0.0,0.0,0.0,0.0,0.0,0.0,0.0,0.0,0.0,0.0,0.0,0.0,0.0,0.35294117647058826,0.0,0.0,0.0,0.0,0.0,0.0,0.0,0.0,0.0,0.0
spkr17_11,1.0,0.6428571428571429,0.35714285714285715,0.0,0.0,0.0,0.0,0.0,0.07142857142857142,0.14285714285714285,0.0,0.0,0.0,0.21428571428571427,0.0,0.0,0.0,0.7142857142857143,0.0,0.35714285714285715,0.0,0.14285714285714285,0.0,0.0,0.14285714285714285,0.0,0.5,0.14285714285714285
spkr17_12,0.7647058823529411,0.8823529411764706,0.5882352941176471,0.35294117647058826,0.0,0.0,0.4117647058823529,0.11764705882352941,0.47058823529411764,0.29411764705882354,0.17647058823529413,0.5294117647058824,0.11764705882352941,0.11764705882352941,0.0,0.11764705882352941,0.11764705882352941,0.7058823529411765,0.5882352941176471,0.7058823529411765,0.0,0.35294117647058826,0.5294117647058824,0.11764705882352941,0.17647058823529413,0.17647058823529413,0.6470588235294118,0.058823529411764705
spkr17_13,0.5625,0.35294117647058826,0.7058823529411765,0.0,0.0,0.0,0.0,0.29411764705882354,0.25,0.11764705882352941,0.0,0.0,0.0,0.0,0.0,0.0,0.0,0.47058823529411764,0.0,0.0,0.0,0.11764705882352941,0.0,0.35294117647058826,0.11764705882352941,0.11764705882352941,0.35294117647058826,0.4117647058823529
spkr17_14,0.5882352941176471,0.47058823529411764,0.8235294117647058,0.0,0.0,0.0,0.35294117647058826,0.0,0.23529411764705882,0.0,0.0,1.0,0.0,0.0,0.0,0.0,0.0,0.8235294117647058,0.29411764705882354,0.0,0.17647058823529413,0.058823529411764705,0.0,0.058823529411764705,0.0,0.0,0.058823529411764705,0.17647058823529413
spkr17_15,0.7647058823529411,0.058823529411764705,0.47058823529411764,0.0,0.0,0.0,0.0,0.0,0.17647058823529413,0.0,0.0,0.0,0.0,0.17647058823529413,0.0,0.0,0.0,0.8823529411764706,0.0,0.0,0.0,0.0,0.0,0.0,0.0,0.0,0.11764705882352941,0.0
spkr17_18,0.6153846153846154,0.46153846153846156,0.5769230769230769,0.0,0.0,0.0,0.0,0.0,0.2692307692307692,0.07692307692307693,0.0,0.0,0.0,0.0,0.0,0.0,0.0,0.6153846153846154,0.038461538461538464,0.0,0.2692307692307692,0.07692307692307693,0.15384615384615385,0.07692307692307693,0.15384615384615385,0.07692307692307693,0.2692307692307692,0.0
spkr17_19,0.5483870967741935,0.12903225806451613,0.5161290322580645,0.12903225806451613,0.0,0.0,0.0,0.0,0.06451612903225806,0.06451612903225806,0.0,0.0,0.0,0.0,0.0,0.0,0.0,0.8064516129032258,0.16129032258064516,0.12903225806451613,0.0,0.03225806451612903,0.06451612903225806,0.03225806451612903,0.0,0.0,0.0,0.0
spkr17_2,0.9090909090909091,0.45454545454545453,0.5454545454545454,0.0,0.0,0.0,0.0,0.0,0.45454545454545453,0.0,0.2727272727272727,0.0,0.0,0.18181818181818182,0.0,0.0,0.0,1.0,0.36363636363636365,0.0,0.2727272727272727,0.0,0.2727272727272727,0.18181818181818182,0.2727272727272727,0.0,0.2727272727272727,0.2727272727272727
spkr17_20,0.625,0.038461538461538464,0.6153846153846154,0.0,0.0,0.0,0.0,0.0,0.20833333333333334,0.0,0.0,0.0,0.0,0.0,0.0,0.0,0.0,0.23076923076923078,0.07692307692307693,0.0,0.0,0.0,0.0,0.0,0.11538461538461539,0.0,0.15384615384615385,0.0
spkr17_21,0.52,0.037037037037037035,0.4444444444444444,0.0,0.0,0.0,0.037037037037037035,0.0,0.04,0.1111111111111111,0.037037037037037035,0.0,0.0,0.0,0.0,0.037037037037037035,0.0,0.5555555555555556,0.0,0.0,0.037037037037037035,0.0,0.037037037037037035,0.037037037037037035,0.14814814814814814,0.037037037037037035,0.037037037037037035,0.0
spkr17_22,0.7222222222222222,0.0,0.6111111111111112,0.0,0.0,0.0,0.0,0.0,0.05555555555555555,0.0,0.0,0.0,0.0,0.0,0.0,0.0,0.0,0.8888888888888888,0.0,0.0,0.0,0.0,0.0,0.0,0.0,0.0,0.0,0.0
spkr17_23,0.7,0.15,0.35,0.0,0.0,0.0,0.0,0.0,0.05,0.0,0.0,0.0,0.0,0.0,0.0,0.0,0.0,0.1,0.0,0.0,0.0,0.0,0.0,0.0,0.0,0.0,0.0,0.0
spkr17_24,0.6470588235294118,0.3684210526315789,0.5263157894736842,0.0,0.0,0.0,0.0,0.0,0.6470588235294118,0.0,0.21052631578947367,0.0,0.0,0.05263157894736842,0.0,0.0,0.0,0.8947368421052632,0.3684210526315789,0.47368421052631576,0.5263157894736842,0.05263157894736842,0.47368421052631576,0.15789473684210525,0.15789473684210525,0.0,0.0,0.21052631578947367
spkr17_26,0.6111111111111112,0.42105263157894735,0.5789473684210527,0.3157894736842105,0.0,0.0,0.0,0.05263157894736842,0.7777777777777778,0.0,0.0,0.10526315789473684,0.0,0.0,0.0,0.0,0.0,0.42105263157894735,0.42105263157894735,0.10526315789473684,0.0,0.0,0.5263157894736842,0.0,0.21052631578947367,0.3157894736842105,0.2631578947368421,0.0
spkr17_28,0.5333333333333333,0.29411764705882354,0.23529411764705882,0.0,0.0,0.0,0.0,0.0,0.06666666666666667,0.0,0.0,0.0,0.0,0.0,0.0,0.0,0.0,0.7058823529411765,0.17647058823529413,0.0,0.17647058823529413,0.11764705882352941,0.0,0.11764705882352941,0.0,0.0,0.0,0.0
spkr17_29,0.8666666666666667,0.8,0.7333333333333333,0.0,0.0,0.0,0.13333333333333333,0.0,0.3333333333333333,0.2,0.0,0.0,0.0,0.0,0.06666666666666667,0.0,0.0,1.0,0.0,0.0,0.4,0.2,0.3333333333333333,0.13333333333333333,0.2,0.3333333333333333,0.26666666666666666,0.13333333333333333
spkr17_30,0.6,0.2,0.6,0.0,0.0,0.0,0.0,0.13333333333333333,0.06666666666666667,0.2,0.0,0.2,0.0,0.06666666666666667,0.0,0.06666666666666667,0.0,0.6666666666666666,0.0,0.06666666666666667,0.0,0.06666666666666667,0.0,0.2,0.0,0.06666666666666667,0.06666666666666667,0.06666666666666667
spkr17_31,0.42105263157894735,0.05263157894736842,0.42105263157894735,0.0,0.0,0.0,0.0,0.0,0.0,0.0,0.0,0.0,0.0,0.0,0.0,0.0,0.0,0.8421052631578947,0.0,0.0,0.0,0.0,0.0,0.0,0.0,0.0,0.0,0.0
spkr17_33,0.7619047619047619,0.2727272727272727,0.45454545454545453,0.45454545454545453,0.0,0.0,0.0,0.0,0.42857142857142855,0.0,0.09090909090909091,0.0,0.0,0.09090909090909091,0.0,0.0,0.0,0.7272727272727273,0.13636363636363635,0.18181818181818182,0.09090909090909091,0.0,0.0,0.0,0.045454545454545456,0.045454545454545456,0.2727272727272727,0.0
spkr17_34,0.6818181818181818,0.13636363636363635,0.4090909090909091,0.2727272727272727,0.0,0.09090909090909091,0.09090909090909091,0.09090909090909091,0.18181818181818182,0.13636363636363635,0.18181818181818182,0.36363636363636365,0.09090909090909091,0.09090909090909091,0.22727272727272727,0.09090909090909091,0.09090909090909091,0.6363636363636364,0.22727272727272727,0.045454545454545456,0.2727272727272727,0.09090909090909091,0.13636363636363635,0.18181818181818182,0.13636363636363635,0.09090909090909091,0.13636363636363635,0.09090909090909091
spkr17_35,0.6428571428571429,0.07142857142857142,0.7857142857142857,0.0,0.0,0.0,0.0,0.0,0.35714285714285715,0.0,0.14285714285714285,0.0,0.0,0.21428571428571427,0.0,0.0,0.0,0.6428571428571429,0.21428571428571427,0.07142857142857142,0.07142857142857142,0.14285714285714285,0.14285714285714285,0.2857142857142857,0.0,0.0,0.0,0.0
spkr17_36,0.7777777777777778,0.0,0.5,0.0,0.0,0.0,0.0,0.0,0.16666666666666666,0.0,0.0,0.0,0.0,0.0,0.0,0.0,0.0,0.7,0.0,0.0,0.0,0.0,0.0,0.0,0.0,0.0,0.0,0.0
spkr17_37,0.7857142857142857,0.2,0.8,0.0,0.0,0.0,0.0,0.0,0.07142857142857142,0.13333333333333333,0.13333333333333333,0.26666666666666666,0.13333333333333333,0.13333333333333333,0.0,0.0,0.13333333333333333,0.8,0.0,0.06666666666666667,0.0,0.0,0.13333333333333333,0.0,0.13333333333333333,0.13333333333333333,0.13333333333333333,0.06666666666666667
spkr17_38,0.6875,0.0,0.5333333333333333,0.0,0.0,0.0,0.0,0.0,0.0625,0.0,0.0,0.0,0.0,0.0,0.0,0.0,0.0,0.4,0.0,0.0,0.13333333333333333,0.0,0.13333333333333333,0.0,0.0,0.0,0.0,0.0
spkr17_4,0.8571428571428571,0.23076923076923078,0.6923076923076923,0.0,0.0,0.0,0.0,0.0,0.0,0.0,0.0,0.0,0.0,0.0,0.0,0.0,0.0,0.8461538461538461,0.0,0.0,0.0,0.46153846153846156,0.3076923076923077,0.0,0.3076923076923077,0.38461538461538464,0.15384615384615385,0.0
spkr17_40,0.2857142857142857,0.26666666666666666,0.26666666666666666,0.26666666666666666,0.0,0.0,0.26666666666666666,0.26666666666666666,0.0,0.0,0.2,0.0,0.0,0.13333333333333333,0.0,0.4666666666666667,0.26666666666666666,0.7333333333333333,0.0,0.26666666666666666,0.0,0.0,0.4,0.0,0.0,0.0,0.13333333333333333,0.0
spkr17_42,1.0,0.8181818181818182,0.8181818181818182,0.36363636363636365,0.36363636363636365,0.09090909090909091,0.36363636363636365,0.36363636363636365,0.5454545454545454,0.36363636363636365,0.09090909090909091,0.36363636363636365,0.18181818181818182,0.2727272727272727,0.45454545454545453,1.0,0.36363636363636365,1.0,0.36363636363636365,0.5454545454545454,0.5454545454545454,0.6363636363636364,0.7272727272727273,0.45454545454545453,0.6363636363636364,0.8181818181818182,0.6363636363636364,0.18181818181818182
spkr17_43,0.6153846153846154,0.38461538461538464,0.38461538461538464,0.3076923076923077,0.0,0.0,0.0,0.0,0.5384615384615384,0.3076923076923077,0.3076923076923077,0.3076923076923077,0.0,0.46153846153846156,0.0,0.3076923076923077,0.0,0.7692307692307693,0.0,0.3076923076923077,0.3076923076923077,0.0,0.3076923076923077,0.0,0.3076923076923077,0.3076923076923077,0.38461538461538464,0.0
spkr17_44,0.75,0.125,0.3125,0.0625,0.0625,0.0625,0.0625,0.0625,0.25,0.0625,0.0625,0.0625,0.0625,0.0625,0.0625,0.0625,0.0625,0.875,0.0625,0.0625,0.0625,0.0625,0.125,0.0625,0.125,0.0625,0.25,0.125
spkr17_45,0.6,0.7272727272727273,0.8181818181818182,0.0,0.0,0.0,0.0,0.0,0.6,0.0,0.0,1.0,0.0,0.0,0.0,0.0,0.0,1.0,0.0,0.0,0.0,0.0,0.09090909090909091,0.0,0.09090909090909091,0.0,0.2727272727272727,0.2727272727272727
spkr17_46,0.8,0.4,0.6,0.0,0.0,0.0,0.0,0.0,0.06666666666666667,0.06666666666666667,0.0,1.0,0.0,0.0,0.0,0.0,0.0,1.0,0.0,0.0,0.0,0.0,0.0,0.0,0.26666666666666666,0.06666666666666667,0.2,0.13333333333333333
spkr17_5,0.8,0.4666666666666667,0.5333333333333333,0.0,0.2,0.0,0.0,0.0,0.0,0.0,0.06666666666666667,0.0,0.0,0.0,0.0,0.0,0.0,0.8,0.0,0.0,0.0,0.0,0.0,0.0,0.0,0.0,0.0,0.0
spkr17_50,0.6,0.45161290322580644,0.5483870967741935,0.0,0.0,0.0,0.0,0.0,0.1,0.06451612903225806,0.0,0.0,0.0,0.12903225806451613,0.0,0.0,0.0,0.7741935483870968,0.16129032258064516,0.0,0.0,0.06451612903225806,0.0,0.0,0.06451612903225806,0.0,0.0,0.0
spkr17_51,0.9285714285714286,1.0,0.7857142857142857,0.0,0.0,0.14285714285714285,0.07142857142857142,0.0,0.2857142857142857,0.21428571428571427,0.14285714285714285,0.0,0.0,0.14285714285714285,0.0,0.0,0.0,0.7142857142857143,0.14285714285714285,0.0,0.0,0.21428571428571427,0.21428571428571427,0.21428571428571427,0.2857142857142857,0.14285714285714285,0.14285714285714285,0.14285714285714285
spkr17_52,0.5454545454545454,0.45454545454545453,0.5454545454545454,0.0,0.0,0.0,0.0,0.0,0.09090909090909091,0.09090909090909091,0.0,0.0,0.0,0.0,0.0,0.0,0.0,0.6363636363636364,0.0,0.0,0.0,0.09090909090909091,0.0,0.0,0.0,0.18181818181818182,0.09090909090909091,0.09090909090909091
spkr17_53,0.4,0.06666666666666667,0.6666666666666666,0.06666666666666667,0.06666666666666667,0.06666666666666667,0.06666666666666667,0.06666666666666667,0.06666666666666667,0.06666666666666667,0.06666666666666667,0.0,0.0,0.06666666666666667,0.0,0.8,0.0,1.0,0.06666666666666667,0.06666666666666667,0.06666666666666667,0.0,0.06666666666666667,0.06666666666666667,0.06666666666666667,0.06666666666666667,0.06666666666666667,0.06666666666666667
spkr17_54,1.0,0.5714285714285714,0.7142857142857143,0.0,0.0,0.0,0.0,0.0,0.3333333333333333,0.0,0.0,0.2857142857142857,0.0,0.0,0.0,0.0,0.0,0.0,0.0,0.0,0.0,0.2857142857142857,0.0,0.2857142857142857,0.14285714285714285,0.0,0.2857142857142857,0.2857142857142857
spkr17_55,0.8,0.5882352941176471,0.5294117647058824,0.23529411764705882,0.17647058823529413,0.0,0.17647058823529413,0.0,0.6666666666666666,0.17647058823529413,0.17647058823529413,0.17647058823529413,0.17647058823529413,0.11764705882352941,0.17647058823529413,0.17647058823529413,0.0,0.23529411764705882,0.17647058823529413,0.17647058823529413,0.23529411764705882,0.23529411764705882,0.23529411764705882,0.058823529411764705,0.4117647058823529,0.058823529411764705,0.11764705882352941,0.11764705882352941
spkr17_56,0.5,0.4,0.5,0.0,0.0,0.0,0.0,0.0,0.1,0.0,0.1,0.0,0.0,0.1,0.1,0.1,0.0,0.3,0.1,0.1,0.0,0.0,0.0,0.1,0.5,0.2,0.0,0.0
spkr17_57,0.8,0.23529411764705882,0.7058823529411765,0.0,0.0,0.0,0.0,0.0,0.4666666666666667,0.058823529411764705,0.0,0.0,0.17647058823529413,0.0,0.0,0.0,0.0,0.5882352941176471,0.23529411764705882,0.0,0.23529411764705882,0.058823529411764705,0.0,0.11764705882352941,0.058823529411764705,0.058823529411764705,0.17647058823529413,0.0
spkr17_58,0.7619047619047619,0.2727272727272727,0.4090909090909091,0.3181818181818182,0.13636363636363635,0.0,0.0,0.09090909090909091,0.09523809523809523,0.045454545454545456,0.09090909090909091,0.09090909090909091,0.0,0.09090909090909091,0.0,0.0,0.0,0.7727272727272727,0.09090909090909091,0.09090909090909091,0.22727272727272727,0.0,0.3181818181818182,0.18181818181818182,0.09090909090909091,0.09090909090909091,0.22727272727272727,0.09090909090909091
spkr17_59,0.6363636363636364,0.7272727272727273,0.45454545454545453,0.18181818181818182,0.0,0.0,0.2727272727272727,0.18181818181818182,0.18181818181818182,0.18181818181818182,0.18181818181818182,0.2727272727272727,0.0,0.18181818181818182,0.0,0.0,0.18181818181818182,0.9090909090909091,0.2727272727272727,0.2727272727272727,0.18181818181818182,0.2727272727272727,0.2727272727272727,0.18181818181818182,0.2727272727272727,0.2727272727272727,0.2727272727272727,0.09090909090909091
spkr17_6,0.4166666666666667,0.25,0.5,0.0,0.0,0.0,0.16666666666666666,0.0,0.0,0.16666666666666666,0.0,0.4166666666666667,0.0,0.25,0.0,0.0,0.0,0.25,0.0,0.0,0.0,0.0,0.0,0.4166666666666667,0.3333333333333333,0.0,0.08333333333333333,0.08333333333333333
spkr17_60,0.875,0.6470588235294118,0.7058823529411765,0.29411764705882354,0.0,0.0,0.0,0.0,0.1875,0.17647058823529413,0.11764705882352941,0.17647058823529413,0.0,0.23529411764705882,0.0,0.0,0.0,0.47058823529411764,0.4117647058823529,0.29411764705882354,0.5882352941176471,0.17647058823529413,0.29411764705882354,0.11764705882352941,0.23529411764705882,0.17647058823529413,0.23529411764705882,0.23529411764705882
spkr17_62,0.4,0.36363636363636365,0.45454545454545453,0.0,0.0,0.0,0.0,0.0,0.4,0.0,0.0,0.0,0.0,0.18181818181818182,0.09090909090909091,0.0,0.0,0.9090909090909091,0.2727272727272727,0.2727272727272727,0.0,0.0,0.0,0.2727272727272727,0.2727272727272727,0.0,0.0,0.0
spkr17_63,0.8,0.8,0.4,0.1,0.0,0.0,0.0,0.1,0.1,0.1,0.3,0.1,0.0,0.1,0.0,0.1,0.1,0.8,0.1,0.1,0.1,0.1,0.1,0.0,0.1,0.1,0.1,0.1
spkr17_64,0.8823529411764706,0.17647058823529413,0.7058823529411765,0.0,0.0,0.0,0.0,0.0,0.17647058823529413,0.0,0.0,0.0,0.0,0.0,0.0,0.0,0.0,0.8235294117647058,0.0,0.0,0.0,0.0,0.058823529411764705,0.058823529411764705,0.0,0.0,0.11764705882352941,0.058823529411764705
spkr17_66,0.5882352941176471,0.0,0.3333333333333333,0.0,0.0,0.0,0.0,0.0,0.11764705882352941,0.0,0.0,0.0,0.0,0.0,0.0,0.0,0.0,0.6111111111111112,0.0,0.0,0.05555555555555555,0.1111111111111111,0.16666666666666666,0.0,0.1111111111111111,0.0,0.05555555555555555,0.0
spkr17_67,0.7857142857142857,0.0,0.5714285714285714,0.0,0.0,0.0,0.0,0.0,0.07142857142857142,0.0,0.07142857142857142,0.0,0.0,0.07142857142857142,0.0,0.0,0.0,1.0,0.14285714285714285,0.0,0.0,0.0,0.0,0.0,0.0,0.0,0.0,0.0
spkr17_68,0.5833333333333334,0.23076923076923078,0.38461538461538464,0.0,0.0,0.0,0.0,0.0,0.16666666666666666,0.0,0.0,0.15384615384615385,0.0,0.0,0.3076923076923077,0.0,0.0,0.15384615384615385,0.0,0.0,0.0,0.3076923076923077,0.23076923076923078,0.0,0.23076923076923078,0.23076923076923078,0.07692307692307693,0.23076923076923078
spkr17_69,1.0,0.3333333333333333,0.5555555555555556,0.2222222222222222,0.0,0.0,0.0,0.1111111111111111,0.2222222222222222,0.0,0.1111111111111111,0.4444444444444444,0.0,0.2222222222222222,0.0,0.0,0.0,0.5,0.4444444444444444,0.4444444444444444,0.0,0.1111111111111111,0.05555555555555555,0.1111111111111111,0.3333333333333333,0.0,0.3333333333333333,0.1111111111111111
spkr17_7,0.5333333333333333,0.6875,0.5,0.125,0.125,0.0,0.0,0.0,0.0,0.0,0.0,0.0,0.0,0.0,0.0,0.1875,0.0,0.6875,0.3125,0.1875,0.0,0.0,0.0,0.0625,0.0,0.0,0.1875,0.3125
spkr17_70,0.8125,0.5625,0.625,0.375,0.0,0.0625,0.25,0.3125,0.4375,0.3125,0.375,0.4375,0.5,0.375,0.3125,0.25,0.375,0.75,0.4375,0.4375,0.375,0.375,0.375,0.3125,0.375,0.25,0.375,0.25
spkr17_71,0.9444444444444444,0.3157894736842105,0.3157894736842105,0.0,0.0,0.0,0.0,0.0,0.5,0.10526315789473684,0.10526315789473684,0.10526315789473684,0.0,0.10526315789473684,0.0,0.42105263157894735,0.0,1.0,0.0,0.0,0.0,0.10526315789473684,0.2631578947368421,0.10526315789473684,0.15789473684210525,0.10526315789473684,0.21052631578947367,0.15789473684210525
spkr17_72,0.42105263157894735,0.6111111111111112,0.7222222222222222,0.0,0.0,0.0,0.0,0.0,0.21052631578947367,0.2777777777777778,0.0,0.0,0.0,0.2222222222222222,0.0,0.0,0.0,0.7777777777777778,0.0,0.0,0.4444444444444444,0.0,0.2222222222222222,0.2222222222222222,0.3333333333333333,0.2222222222222222,0.3888888888888889,0.2222222222222222
spkr17_73,0.7272727272727273,0.18181818181818182,0.6363636363636364,0.0,0.0,0.0,0.0,0.0,0.6363636363636364,0.09090909090909091,0.36363636363636365,0.5454545454545454,0.0,0.0,0.0,0.0,0.0,1.0,0.0,0.0,0.36363636363636365,0.09090909090909091,0.0,0.09090909090909091,0.6363636363636364,0.0,0.09090909090909091,0.09090909090909091
spkr17_74,0.5,0.6428571428571429,0.42857142857142855,0.0,0.0,0.0,0.0,0.0,0.42857142857142855,0.0,0.2857142857142857,0.0,0.0,0.21428571428571427,0.0,0.0,0.42857142857142855,0.9285714285714286,0.0,0.0,0.2857142857142857,0.0,0.21428571428571427,0.14285714285714285,0.35714285714285715,0.0,0.2857142857142857,0.07142857142857142
spkr17_75,0.7058823529411765,0.6470588235294118,0.5294117647058824,0.23529411764705882,0.0,0.0,0.0,0.23529411764705882,0.4117647058823529,0.35294117647058826,0.23529411764705882,1.0,0.0,0.17647058823529413,0.0,0.0,0.23529411764705882,0.9411764705882353,0.23529411764705882,0.5294117647058824,0.7058823529411765,0.47058823529411764,0.23529411764705882,0.29411764705882354,0.47058823529411764,0.47058823529411764,0.5882352941176471,0.4117647058823529
spkr17_8,0.5,0.875,0.4375,0.0,0.0,0.0,0.0,0.0,0.5,0.625,0.0,0.0,0.0,0.0,0.75,0.0,0.0,0.6875,0.625,0.0,0.125,0.3125,0.1875,0.0,0.25,0.4375,0.1875,0.0625
spkr17_9,0.6428571428571429,0.2857142857142857,0.5,0.07142857142857142,0.07142857142857142,0.0,0.07142857142857142,0.07142857142857142,0.21428571428571427,0.21428571428571427,0.21428571428571427,0.07142857142857142,0.07142857142857142,0.07142857142857142,0.07142857142857142,0.07142857142857142,0.07142857142857142,0.7142857142857143,0.2857142857142857,0.14285714285714285,0.14285714285714285,0.07142857142857142,0.0,0.07142857142857142,0.0,0.21428571428571427,0.14285714285714285,0.0
spkr18_1,0.9,0.1,0.9,0.2,0.0,0.0,0.0,0.0,0.2,0.3,0.2,0.3,0.0,0.1,0.0,0.0,0.0,1.0,0.3,0.2,0.0,0.0,0.5,0.0,0.7,0.1,0.0,0.0
spkr18_10,0.7647058823529411,0.0,0.47058823529411764,0.058823529411764705,0.0,0.11764705882352941,0.058823529411764705,0.058823529411764705,0.0,0.0,0.11764705882352941,0.058823529411764705,0.0,0.11764705882352941,0.058823529411764705,0.11764705882352941,0.0,0.8235294117647058,0.058823529411764705,0.058823529411764705,0.058823529411764705,0.0,0.0,0.0,0.058823529411764705,0.0,0.058823529411764705,0.0
spkr18_11,1.0,0.5,0.6428571428571429,0.0,0.0,0.0,0.07142857142857142,0.0,0.14285714285714285,0.07142857142857142,0.07142857142857142,0.0,0.0,0.14285714285714285,0.0,0.0,0.0,0.6428571428571429,0.0,0.0,0.0,0.14285714285714285,0.5,0.14285714285714285,0.07142857142857142,0.07142857142857142,0.21428571428571427,0.07142857142857142
spkr18_12,0.8235294117647058,0.11764705882352941,0.5294117647058824,0.058823529411764705,0.0,0.0,0.0,0.0,0.11764705882352941,0.0,0.058823529411764705,0.0,0.0,0.0,0.0,0.0,0.058823529411764705,0.5294117647058824,0.058823529411764705,0.058823529411764705,0.11764705882352941,0.058823529411764705,0.17647058823529413,0.0,0.058823529411764705,0.0,0.11764705882352941,0.058823529411764705
spkr18_13,0.875,0.7058823529411765,0.5882352941176471,0.0,0.0,0.0,0.0,0.0,0.375,0.23529411764705882,0.35294117647058826,0.47058823529411764,0.0,0.4117647058823529,0.0,0.5294117647058824,0.0,0.5294117647058824,0.0,0.0,0.35294117647058826,0.5294117647058824,0.47058823529411764,0.35294117647058826,0.47058823529411764,0.5882352941176471,0.35294117647058826,0.4117647058823529
spkr18_14,0.7058823529411765,0.7058823529411765,0.5294117647058824,0.11764705882352941,0.0,0.0,0.11764705882352941,0.23529411764705882,0.17647058823529413,0.17647058823529413,0.23529411764705882,0.29411764705882354,0.0,0.23529411764705882,0.0,0.11764705882352941,0.11764705882352941,0.29411764705882354,0.23529411764705882,0.23529411764705882,0.23529411764705882,0.058823529411764705,0.35294117647058826,0.0,0.35294117647058826,0.11764705882352941,0.23529411764705882,0.11764705882352941
spkr18_15,0.7058823529411765,0.47058823529411764,0.47058823529411764,0.0,0.0,0.0,0.0,0.0,0.35294117647058826,0.0,0.0,0.0,0.0,0.0,0.0,0.0,0.0,0.6470588235294118,0.29411764705882354,0.0,0.35294117647058826,0.0,0.0,0.0,0.23529411764705882,0.0,0.23529411764705882,0.23529411764705882
spkr18_18,0.7307692307692307,0.38461538461538464,0.6153846153846154,0.0,0.0,0.0,0.0,0.0,0.23076923076923078,0.0,0.038461538461538464,0.038461538461538464,0.0,0.0,0.0,0.11538461538461539,0.0,0.4230769230769231,0.23076923076923078,0.0,0.07692307692307693,0.038461538461538464,0.19230769230769232,0.038461538461538464,0.34615384615384615,0.07692307692307693,0.11538461538461539,0.07692307692307693
spkr18_19,0.5483870967741935,0.0967741935483871,0.6129032258064516,0.0,0.0,0.0,0.0,0.0,0.03225806451612903,0.0,0.0,0.0,0.0,0.0,0.0,0.0,0.0,0.4838709677419355,0.0,0.0,0.0,0.0,0.0,0.0,0.0,0.0,0.03225806451612903,0.0
spkr18_2,0.9090909090909091,0.5454545454545454,0.6363636363636364,0.0,0.0,0.0,0.0,0.0,0.8181818181818182,0.18181818181818182,0.0,1.0,0.0,0.18181818181818182,0.0,0.0,0.0,0.8181818181818182,0.45454545454545453,0.45454545454545453,0.0,0.7272727272727273,0.36363636363636365,0.0,0.45454545454545453,0.36363636363636365,0.45454545454545453,0.09090909090909091
spkr18_20,0.7083333333333334,0.3076923076923077,0.46153846153846156,0.038461538461538464,0.038461538461538464,0.0,0.038461538461538464,0.07692307692307693,0.4583333333333333,0.07692307692307693,0.038461538461538464,0.07692307692307693,0.0,0.038461538461538464,0.07692307692307693,0.07692307692307693,0.07692307692307693,0.2692307692307692,0.0,0.11538461538461539,0.07692307692307693,0.038461538461538464,0.19230769230769232,0.07692307692307693,0.34615384615384615,0.0,0.11538461538461539,0.19230769230769232
spkr18_21,0.72,0.25925925925925924,0.4074074074074074,0.0,0.0,0.0,0.0,0.0,0.08,0.0,0.14814814814814814,0.0,0.0,0.037037037037037035,0.0,0.0,0.0,0.4444444444444444,0.0,0.2222222222222222,0.0,0.0,0.1111111111111111,0.0,0.3333333333333333,0.0,0.14814814814814814,0.0
spkr18_22,1.0,0.0,0.4444444444444444,0.0,0.0,0.0,0.0,0.0,0.05555555555555555,0.0,0.0,0.0,0.0,0.05555555555555555,0.0,0.0,0.0,0.0,0.0,0.0,0.0,0.0,0.0,0.0,0.0,0.0,0.0,0.0
spkr18_23,1.0,0.15,0.35,0.05,0.0,0.0,0.0,0.15,0.1,0.0,0.0,0.0,0.0,0.0,0.0,0.0,0.1,0.7,0.0,0.2,0.3,0.0,0.1,0.1,0.2,0.0,0.05,0.1
spkr18_24,0.7647058823529411,0.2631578947368421,0.5789473684210527,0.0,0.0,0.0,0.05263157894736842,0.10526315789473684,0.058823529411764705,0.21052631578947367,0.0,0.0,0.0,0.05263157894736842,0.0,0.0,0.05263157894736842,0.6842105263157895,0.10526315789473684,0.05263157894736842,0.10526315789473684,0.0,0.5263157894736842,0.0,0.42105263157894735,0.15789473684210525,0.3157894736842105,0.0
spkr18_26,0.7222222222222222,0.3684210526315789,0.42105263157894735,0.05263157894736842,0.05263157894736842,0.05263157894736842,0.05263157894736842,0.05263157894736842,0.5555555555555556,0.15789473684210525,0.05263157894736842,0.05263157894736842,0.05263157894736842,0.05263157894736842,0.05263157894736842,0.05263157894736842,0.05263157894736842,0.5263157894736842,0.05263157894736842,0.3157894736842105,0.05263157894736842,0.15789473684210525,0.2631578947368421,0.05263157894736842,0.21052631578947367,0.05263157894736842,0.05263157894736842,0.05263157894736842
spkr18_28,0.7333333333333333,0.11764705882352941,0.5294117647058824,0.17647058823529413,0.17647058823529413,0.17647058823529413,0.17647058823529413,0.0,0.2,0.23529411764705882,0.17647058823529413,0.23529411764705882,0.17647058823529413,0.17647058823529413,0.0,0.0,0.0,0.6470588235294118,0.17647058823529413,0.17647058823529413,0.23529411764705882,0.23529411764705882,0.23529411764705882,0.17647058823529413,0.35294117647058826,0.23529411764705882,0.11764705882352941,0.17647058823529413
spkr18_29,1.0,0.8,0.6666666666666666,0.0,0.0,0.0,0.0,0.0,0.5333333333333333,0.26666666666666666,0.13333333333333333,1.0,0.0,0.13333333333333333,0.0,0.0,0.0,0.8666666666666667,0.0,0.0,0.06666666666666667,0.26666666666666666,0.5333333333333333,0.0,0.6666666666666666,0.06666666666666667,0.26666666666666666,0.0
spkr18_30,0.3333333333333333,0.2,0.6,0.0,0.0,0.0,0.0,0.0,0.26666666666666666,0.0,0.0,0.0,0.0,0.13333333333333333,0.0,0.0,0.0,1.0,0.0,0.0,0.0,0.13333333333333333,0.06666666666666667,0.0,0.3333333333333333,0.13333333333333333,0.2,0.06666666666666667
spkr18_31,0.7368421052631579,0.05263157894736842,0.42105263157894735,0.0,0.0,0.0,0.0,0.0,0.10526315789473684,0.0,0.05263157894736842,0.0,0.0,0.05263157894736842,0.0,0.0,0.0,0.3684210526315789,0.0,0.21052631578947367,0.0,0.3157894736842105,0.0,0.05263157894736842,0.10526315789473684,0.0,0.10526315789473684,0.05263157894736842
spkr18_33,0.8571428571428571,0.3181818181818182,0.4090909090909091,0.0,0.0,0.0,0.0,0.0,0.2857142857142857,0.0,0.0,0.0,0.0,0.09090909090909091,0.22727272727272727,0.0,0.0,0.5454545454545454,0.0,0.0,0.09090909090909091,0.0,0.09090909090909091,0.0,0.2727272727272727,0.0,0.18181818181818182,0.0
spkr18_34,0.45454545454545453,0.22727272727272727,0.36363636363636365,0.09090909090909091,0.09090909090909091,0.09090909090909091,0.09090909090909091,0.09090909090909091,0.36363636363636365,0.22727272727272727,0.09090909090909091,0.09090909090909091,0.0,0.18181818181818182,0.13636363636363635,0.2727272727272727,0.13636363636363635,0.9090909090909091,0.22727272727272727,0.22727272727272727,0.22727272727272727,0.18181818181818182,0.18181818181818182,0.13636363636363635,0.22727272727272727,0.18181818181818182,0.13636363636363635,0.18181818181818182
spkr18_35,0.7857142857142857,0.07142857142857142,0.7857142857142857,0.0,0.0,0.0,0.0,0.0,0.2857142857142857,0.0,0.0,0.0,0.0,0.0,0.0,0.0,0.0,0.0,0.0,0.0,0.0,0.0,0.5,0.0,0.0,0.07142857142857142,0.14285714285714285,0.14285714285714285
spkr18_36,0.8333333333333334,0.0,0.3,0.0,0.0,0.0,0.0,0.0,0.2222222222222222,0.0,0.0,0.0,0.0,0.0,0.0,0.0,0.0,0.8,0.0,0.0,0.0,0.0,0.0,0.0,0.0,0.0,0.0,0.0
spkr18_37,1.0,0.13333333333333333,0.8,0.0,0.0,0.0,0.0,0.0,0.2857142857142857,0.06666666666666667,0.0,0.0,0.0,0.0,0.0,0.0,0.0,0.8,0.0,0.0,0.0,0.0,0.06666666666666667,0.0,0.06666666666666667,0.0,0.0,0.06666666666666667
spkr18_38,0.8125,0.0,0.6666666666666666,0.0,0.0,0.0,0.0,0.0,0.0,0.0,0.0,0.0,0.0,0.0,0.0,0.0,0.0,0.7333333333333333,0.0,0.0,0.0,0.26666666666666666,0.0,0.0,0.13333333333333333,0.0,0.0,0.0
spkr18_4,0.7857142857142857,0.0,0.7692307692307693,0.0,0.0,0.0,0.0,0.0,0.0,0.0,0.0,0.0,0.0,0.0,0.0,0.0,0.0,0.46153846153846156,0.0,0.0,0.38461538461538464,0.0,0.0,0.0,0.0,0.0,0.0,0.0
spkr18_40,0.7857142857142857,0.06666666666666667,0.5333333333333333,0.0,0.0,0.0,0.0,0.0,0.0,0.0,0.0,0.0,0.0,0.0,0.0,0.0,0.0,0.6666666666666666,0.0,0.0,0.2,0.0,0.26666666666666666,0.0,0.4,0.0,0.0,0.2
spkr18_42,0.9090909090909091,0.36363636363636365,0.45454545454545453,0.0,0.0,0.0,0.0,0.09090909090909091,0.09090909090909091,0.09090909090909091,0.09090909090909091,0.0,0.0,0.09090909090909091,0.0,0.0,0.0,1.0,0.0,0.45454545454545453,0.18181818181818182,0.0,0.18181818181818182,0.09090909090909091,0.18181818181818182,0.0,0.0,0.2727272727272727
spkr18_43,0.8461538461538461,0.5384615384615384,0.23076923076923078,0.0,0.0,0.0,0.0,0.0,0.3076923076923077,0.07692307692307693,0.3076923076923077,0.0,0.0,0.0,0.0,0.3076923076923077,0.0,0.6923076923076923,0.0,0.0,0.3076923076923077,0.23076923076923078,0.38461538461538464,0.15384615384615385,0.38461538461538464,0.38461538461538464,0.07692307692307693,0.0
spkr18_44,0.8125,0.375,0.375,0.125,0.125,0.125,0.125,0.125,0.4375,0.1875,0.3125,0.125,0.125,0.1875,0.125,0.125,0.125,0.4375,0.25,0.1875,0.25,0.3125,0.625,0.1875,0.5625,0.4375,0.3125,0.1875
spkr18_45,1.0,0.0,0.5454545454545454,0.09090909090909091,0.0,0.0,0.09090909090909091,0.0,0.1,0.0,0.0,0.0,0.0,0.0,0.0,0.0,0.0,0.7272727272727273,0.09090909090909091,0.0,0.0,0.0,0.18181818181818182,0.0,0.0,0.0,0.0,0.0
spkr18_46,0.6,0.13333333333333333,0.5333333333333333,0.0,0.0,0.0,0.0,0.0,0.0,0.0,0.0,0.0,0.0,0.0,0.0,0.0,0.0,0.2,0.0,0.0,0.0,0.0,0.0,0.0,0.0,0.0,0.06666666666666667,0.0
spkr18_5,1.0,0.4,0.5333333333333333,0.0,0.0,0.0,0.0,0.0,0.13333333333333333,0.0,0.06666666666666667,0.26666666666666666,0.0,0.0,0.0,0.0,0.0,0.5333333333333333,0.0,0.0,0.5333333333333333,0.0,0.2,0.0,0.13333333333333333,0.0,0.13333333333333333,0.0
spkr18_50,0.5666666666666667,0.06451612903225806,0.2903225806451613,0.0,0.0,0.0,0.0,0.0,0.13333333333333333,0.0,0.0,0.0,0.0,0.12903225806451613,0.0,0.0,0.0,0.5806451612903226,0.1935483870967742,0.0,0.16129032258064516,0.0,0.16129032258064516,0.0,0.1935483870967742,0.16129032258064516,0.0967741935483871,0.06451612903225806
spkr18_51,0.7857142857142857,0.21428571428571427,0.21428571428571427,0.07142857142857142,0.07142857142857142,0.0,0.07142857142857142,0.07142857142857142,0.2857142857142857,0.0,0.07142857142857142,0.07142857142857142,0.07142857142857142,0.07142857142857142,0.0,0.07142857142857142,0.07142857142857142,0.5714285714285714,0.07142857142857142,0.07142857142857142,0.07142857142857142,0.14285714285714285,0.07142857142857142,0.0,0.07142857142857142,0.07142857142857142,0.07142857142857142,0.07142857142857142
spkr18_52,0.6363636363636364,0.18181818181818182,0.6363636363636364,0.0,0.0,0.0,0.0,0.0,0.09090909090909091,0.0,0.0,0.0,0.0,0.0,0.0,0.0,0.0,0.5454545454545454,0.0,0.0,0.0,0.0,0.45454545454545453,0.0,0.09090909090909091,0.0,0.0,0.0
spkr18_53,0.6666666666666666,0.4666666666666667,0.6,0.2,0.06666666666666667,0.06666666666666667,0.13333333333333333,0.26666666666666666,0.6,0.13333333333333333,0.13333333333333333,0.2,0.13333333333333333,0.13333333333333333,0.06666666666666667,0.06666666666666667,0.13333333333333333,0.26666666666666666,0.13333333333333333,0.13333333333333333,0.13333333333333333,0.3333333333333333,0.13333333333333333,0.13333333333333333,0.26666666666666666,0.13333333333333333,0.13333333333333333,0.3333333333333333
spkr18_54,0.8333333333333334,0.5714285714285714,0.5714285714285714,0.0,0.14285714285714285,0.14285714285714285,0.14285714285714285,0.14285714285714285,0.3333333333333333,0.0,0.0,1.0,0.14285714285714285,0.14285714285714285,0.0,0.14285714285714285,0.14285714285714285,0.0,0.14285714285714285,0.0,0.0,0.0,0.14285714285714285,0.42857142857142855,0.0,0.14285714285714285,0.5714285714285714,0.42857142857142855
spkr18_55,0.6666666666666666,0.11764705882352941,0.7058823529411765,0.0,0.0,0.0,0.17647058823529413,0.0,0.26666666666666666,0.058823529411764705,0.0,0.0,0.0,0.0,0.0,0.0,0.0,0.7647058823529411,0.058823529411764705,0.0,0.058823529411764705,0.0,0.5882352941176471,0.0,0.23529411764705882,0.0,0.11764705882352941,0.0
spkr18_56,0.8,0.5,0.4,0.2,0.2,0.1,0.1,0.2,0.4,0.1,0.1,0.1,0.2,0.1,0.0,0.1,0.2,0.7,0.1,0.1,0.1,0.3,0.5,0.2,0.2,0.1,0.1,0.1
spkr18_57,0.6666666666666666,0.17647058823529413,0.4117647058823529,0.058823529411764705,0.058823529411764705,0.0,0.058823529411764705,0.0,0.4666666666666667,0.11764705882352941,0.0,0.058823529411764705,0.058823529411764705,0.11764705882352941,0.058823529411764705,0.0,0.058823529411764705,0.23529411764705882,0.058823529411764705,0.058823529411764705,0.058823529411764705,0.11764705882352941,0.23529411764705882,0.17647058823529413,0.17647058823529413,0.058823529411764705,0.23529411764705882,0.17647058823529413
spkr18_58,0.9047619047619048,0.13636363636363635,0.45454545454545453,0.0,0.0,0.0,0.0,0.0,0.23809523809523808,0.0,0.0,0.0,0.0,0.0,0.0,0.0,0.0,0.8181818181818182,0.0,0.0,0.0,0.0,0.09090909090909091,0.0,0.045454545454545456,0.0,0.09090909090909091,0.0
spkr18_59,1.0,0.0,0.6363636363636364,0.0,0.0,0.0,0.0,0.0,0.2727272727272727,0.0,0.0,0.0,0.0,0.0,0.0,0.0,0.0,0.9090909090909091,0.0,0.0,0.0,0.0,0.0,0.2727272727272727,0.09090909090909091,0.0,0.0,0.09090909090909091
spkr18_6,0.9166666666666666,0.5,0.6666666666666666,0.4166666666666667,0.0,0.0,0.0,0.0,0.25,0.0,0.08333333333333333,0.5,0.0,0.3333333333333333,0.0,0.0,0.0,0.8333333333333334,0.4166666666666667,0.5,0.0,0.08333333333333333,0.16666666666666666,0.08333333333333333,0.4166666666666667,0.0,0.3333333333333333,0.16666666666666666
spkr18_60,1.0,0.4117647058823529,0.5294117647058824,0.11764705882352941,0.11764705882352941,0.0,0.058823529411764705,0.17647058823529413,0.375,0.058823529411764705,0.17647058823529413,0.11764705882352941,0.0,0.11764705882352941,0.058823529411764705,0.0,0.11764705882352941,0.5294117647058824,0.11764705882352941,0.11764705882352941,0.11764705882352941,0.058823529411764705,0.23529411764705882,0.23529411764705882,0.11764705882352941,0.11764705882352941,0.17647058823529413,0.11764705882352941
spkr18_62,1.0,0.09090909090909091,0.18181818181818182,0.0,0.0,0.0,0.0,0.0,0.2,0.0,0.0,0.0,0.0,0.0,0.0,0.09090909090909091,0.0,0.5454545454545454,0.0,0.0,0.0,0.0,0.09090909090909091,0.0,0.36363636363636365,0.0,0.0,0.0
spkr18_63,1.0,0.5,0.8,0.0,0.0,0.0,0.0,0.0,0.1,0.0,0.0,0.0,0.0,0.0,0.0,0.0,0.0,1.0,0.0,0.0,0.0,0.3,0.2,0.0,0.3,0.3,0.3,0.0
spkr18_64,0.7058823529411765,0.11764705882352941,0.6470588235294118,0.0,0.0,0.0,0.0,0.0,0.058823529411764705,0.0,0.0,0.0,0.0,0.0,0.0,0.0,0.0,0.47058823529411764,0.0,0.0,0.0,0.0,0.0,0.0,0.0,0.0,0.0,0.0
spkr18_65,0.782608695652174,0.2608695652173913,0.6956521739130435,0.043478260869565216,0.043478260869565216,0.043478260869565216,0.043478260869565216,0.043478260869565216,0.2608695652173913,0.043478260869565216,0.21739130434782608,0.4782608695652174,0.043478260869565216,0.043478260869565216,0.043478260869565216,0.043478260869565216,0.043478260869565216,0.7391304347826086,0.043478260869565216,0.5217391304347826,0.08695652173913043,0.043478260869565216,0.08695652173913043,0.043478260869565216,0.6086956521739131,0.043478260869565216,0.043478260869565216,0.043478260869565216
spkr18_66,0.8823529411764706,0.2777777777777778,0.5,0.0,0.0,0.0,0.0,0.0,0.058823529411764705,0.05555555555555555,0.0,0.0,0.0,0.0,0.05555555555555555,0.0,0.0,0.5555555555555556,0.0,0.05555555555555555,0.05555555555555555,0.0,0.2777777777777778,0.0,0.2222222222222222,0.16666666666666666,0.05555555555555555,0.0
spkr18_67,0.9285714285714286,0.0,0.5714285714285714,0.0,0.0,0.0,0.0,0.0,0.21428571428571427,0.0,0.0,0.0,0.0,0.0,0.0,0.0,0.0,0.5714285714285714,0.0,0.0,0.0,0.0,0.21428571428571427,0.0,0.21428571428571427,0.0,0.35714285714285715,0.42857142857142855
spkr18_68,0.5,0.3076923076923077,0.46153846153846156,0.6153846153846154,0.0,0.0,0.0,0.0,0.16666666666666666,0.15384615384615385,0.23076923076923078,0.7692307692307693,0.0,0.6153846153846154,0.0,0.0,0.0,1.0,0.6153846153846154,0.6153846153846154,0.15384615384615385,0.0,0.5384615384615384,0.0,0.23076923076923078,0.0,0.07692307692307693,0.07692307692307693
spkr18_69,0.8888888888888888,0.16666666666666666,0.7222222222222222,0.0,0.0,0.0,0.0,0.0,0.0,0.0,0.0,0.0,0.0,0.0,0.0,0.0,0.0,0.3333333333333333,0.0,0.0,0.0,0.0,0.0,0.0,0.1111111111111111,0.0,0.3333333333333333,0.0
spkr18_7,0.8,0.3125,0.625,0.0,0.1875,0.1875,0.0625,0.0,0.26666666666666666,0.1875,0.1875,0.0,0.0,0.125,0.0625,0.25,0.0,0.875,0.25,0.0,0.1875,0.1875,0.0,0.0625,0.3125,0.0,0.25,0.1875
spkr18_70,0.625,0.3125,0.4375,0.0,0.0,0.0,0.0,0.25,0.1875,0.1875,0.0,0.125,0.0,0.125,0.0,0.0,0.1875,0.875,0.0,0.0,0.0625,0.1875,0.25,0.0,0.25,0.25,0.1875,0.1875
spkr18_71,0.6666666666666666,0.05263157894736842,0.42105263157894735,0.0,0.0,0.0,0.0,0.0,0.3333333333333333,0.0,0.0,0.0,0.0,0.15789473684210525,0.05263157894736842,0.0,0.05263157894736842,0.5789473684210527,0.0,0.05263157894736842,0.0,0.0,0.0,0.10526315789473684,0.15789473684210525,0.0,0.15789473684210525,0.0
spkr18_72,0.7368421052631579,0.5555555555555556,0.4444444444444444,0.0,0.0,0.0,0.0,0.0,0.21052631578947367,0.2777777777777778,0.0,0.0,0.0,0.2222222222222222,0.0,0.0,0.0,0.2222222222222222,0.4444444444444444,0.0,0.2222222222222222,0.2222222222222222,0.2777777777777778,0.0,0.6111111111111112,0.2777777777777778,0.4444444444444444,0.2222222222222222
spkr18_73,1.0,0.2727272727272727,0.2727272727272727,0.09090909090909091,0.09090909090909091,0.09090909090909091,0.09090909090909091,0.09090909090909091,0.36363636363636365,0.2727272727272727,0.09090909090909091,0.09090909090909091,0.09090909090909091,0.18181818181818182,0.09090909090909091,0.09090909090909091,0.09090909090909091,0.36363636363636365,0.09090909090909091,0.09090909090909091,0.09090909090909091,0.2727272727272727,0.09090909090909091,0.18181818181818182,0.45454545454545453,0.5454545454545454,0.45454545454545453,0.09090909090909091
spkr18_74,0.7857142857142857,0.07142857142857142,0.42857142857142855,0.0,0.0,0.0,0.0,0.0,0.35714285714285715,0.0,0.0,0.0,0.0,0.0,0.0,0.0,0.0,0.5714285714285714,0.0,0.0,0.42857142857142855,0.0,0.21428571428571427,0.0,0.21428571428571427,0.0,0.07142857142857142,0.0
spkr18_75,0.6470588235294118,0.5294117647058824,0.7647058823529411,0.0,0.0,0.0,0.0,0.0,0.17647058823529413,0.35294117647058826,0.11764705882352941,0.0,0.0,0.0,0.0,0.0,0.0,0.9411764705882353,0.0,0.29411764705882354,0.23529411764705882,0.0,0.5882352941176471,0.23529411764705882,0.35294117647058826,0.4117647058823529,0.4117647058823529,0.4117647058823529
spkr18_8,0.875,0.4375,0.6875,0.0,0.0,0.0,0.0,0.0,0.625,0.6875,0.0625,0.0,0.0,0.0,0.0,0.0,0.0,0.75,0.0,0.0,0.1875,0.5625,0.5625,0.0625,0.9375,0.4375,0.5625,0.0625
spkr18_9,0.6428571428571429,0.21428571428571427,0.42857142857142855,0.07142857142857142,0.07142857142857142,0.07142857142857142,0.07142857142857142,0.07142857142857142,0.0,0.0,0.07142857142857142,0.07142857142857142,0.07142857142857142,0.07142857142857142,0.07142857142857142,0.07142857142857142,0.07142857142857142,1.0,0.07142857142857142,0.21428571428571427,0.2857142857142857,0.0,0.35714285714285715,0.07142857142857142,0.42857142857142855,0.0,0.07142857142857142,0.07142857142857142
spkr22_1,1.0,0.0,0.7,0.0,0.0,0.0,0.0,0.0,0.1,0.0,0.0,0.0,0.0,0.0,0.0,0.0,0.0,0.1,0.0,0.0,0.0,0.0,0.0,0.0,0.0,0.0,0.2,0.0
spkr22_10,0.23529411764705882,0.058823529411764705,0.4117647058823529,0.0,0.0,0.0,0.058823529411764705,0.0,0.11764705882352941,0.058823529411764705,0.058823529411764705,0.11764705882352941,0.0,0.11764705882352941,0.0,0.0,0.0,0.11764705882352941,0.058823529411764705,0.11764705882352941,0.0,0.11764705882352941,0.11764705882352941,0.058823529411764705,0.058823529411764705,0.11764705882352941,0.058823529411764705,0.11764705882352941
spkr22_11,0.9285714285714286,0.2857142857142857,0.42857142857142855,0.21428571428571427,0.21428571428571427,0.21428571428571427,0.0,0.21428571428571427,0.07142857142857142,0.21428571428571427,0.07142857142857142,0.21428571428571427,0.0,0.14285714285714285,0.0,0.0,0.21428571428571427,0.8571428571428571,0.21428571428571427,0.2857142857142857,0.14285714285714285,0.14285714285714285,0.14285714285714285,0.07142857142857142,0.21428571428571427,0.14285714285714285,0.14285714285714285,0.35714285714285715
spkr22_12,0.7647058823529411,0.058823529411764705,0.7647058823529411,0.0,0.0,0.0,0.0,0.0,0.0,0.0,0.0,0.0,0.0,0.0,0.0,0.0,0.0,0.8823529411764706,0.0,0.058823529411764705,0.0,0.0,0.0,0.0,0.0,0.0,0.058823529411764705,0.0
spkr22_13,0.625,0.17647058823529413,0.6470588235294118,0.0,0.0,0.0,0.0,0.0,0.0,0.0,0.0,0.0,0.0,0.0,0.0,0.0,0.0,0.6470588235294118,0.0,0.0,0.0,0.0,0.058823529411764705,0.0,0.17647058823529413,0.0,0.11764705882352941,0.058823529411764705
spkr22_14,0.5294117647058824,0.23529411764705882,0.6470588235294118,0.0,0.0,0.0,0.0,0.058823529411764705,0.058823529411764705,0.0,0.0,0.0,0.0,0.0,0.0,0.0,0.0,0.17647058823529413,0.4117647058823529,0.11764705882352941,0.11764705882352941,0.11764705882352941,0.0,0.17647058823529413,0.0,0.0,0.0,0.058823529411764705
spkr22_15,0.4117647058823529,0.0,0.4117647058823529,0.0,0.0,0.0,0.0,0.0,0.17647058823529413,0.0,0.0,0.0,0.0,0.0,0.0,0.0,0.0,0.7647058823529411,0.0,0.0,0.0,0.0,0.0,0.0,0.0,0.0,0.23529411764705882,0.0
spkr22_18,0.5769230769230769,0.23076923076923078,0.6923076923076923,0.11538461538461539,0.0,0.0,0.11538461538461539,0.11538461538461539,0.23076923076923078,0.0,0.11538461538461539,0.11538461538461539,0.0,0.11538461538461539,0.0,0.0,0.11538461538461539,0.5,0.11538461538461539,0.11538461538461539,0.0,0.0,0.07692307692307693,0.0,0.11538461538461539,0.11538461538461539,0.15384615384615385,0.11538461538461539
spkr22_19,0.3870967741935484,0.0967741935483871,0.4838709677419355,0.0,0.0,0.0,0.0,0.0,0.0,0.0,0.0,0.0,0.0,0.0,0.0,0.0,0.0,0.3548387096774194,0.0,0.0,0.0,0.0,0.0,0.0,0.0,0.0,0.0,0.0
spkr22_2,0.5454545454545454,0.09090909090909091,0.2727272727272727,0.18181818181818182,0.0,0.0,0.0,0.0,0.09090909090909091,0.0,0.0,0.0,0.0,0.0,0.0,0.0,0.0,1.0,0.2727272727272727,0.0,0.0,0.0,0.0,0.0,0.0,0.0,0.18181818181818182,0.0
spkr22_20,0.7083333333333334,0.15384615384615385,0.6153846153846154,0.15384615384615385,0.0,0.0,0.0,0.0,0.20833333333333334,0.0,0.0,0.0,0.0,0.0,0.0,0.0,0.0,0.4230769230769231,0.0,0.0,0.07692307692307693,0.0,0.0,0.0,0.0,0.0,0.07692307692307693,0.0
spkr22_21,0.48,0.0,0.4074074074074074,0.0,0.0,0.0,0.0,0.0,0.08,0.0,0.0,0.0,0.0,0.0,0.0,0.0,0.0,0.25925925925925924,0.0,0.0,0.0,0.0,0.0,0.0,0.037037037037037035,0.0,0.037037037037037035,0.0
spkr22_22,0.4444444444444444,0.0,0.5,0.0,0.0,0.0,0.0,0.0,0.05555555555555555,0.0,0.0,0.0,0.0,0.0,0.0,0.0,0.0,0.2777777777777778,0.0,0.0,0.0,0.0,0.0,0.0,0.0,0.0,0.0,0.0
spkr22_23,0.5,0.05,0.45,0.0,0.0,0.0,0.0,0.0,0.0,0.0,0.0,0.0,0.0,0.0,0.0,0.0,0.0,0.25,0.0,0.0,0.0,0.0,0.0,0.0,0.0,0.0,0.0,0.0
spkr22_24,0.8235294117647058,0.3684210526315789,0.631578947368421,0.0,0.0,0.05263157894736842,0.0,0.05263157894736842,0.17647058823529413,0.15789473684210525,0.0,0.21052631578947367,0.0,0.0,0.0,0.0,0.05263157894736842,0.7368421052631579,0.21052631578947367,0.0,0.21052631578947367,0.3684210526315789,0.7368421052631579,0.05263157894736842,0.42105263157894735,0.05263157894736842,0.6842105263157895,0.10526315789473684
spkr22_26,0.6666666666666666,0.10526315789473684,0.2631578947368421,0.0,0.0,0.0,0.0,0.0,0.16666666666666666,0.0,0.0,0.0,0.0,0.21052631578947367,0.0,0.0,0.0,0.5789473684210527,0.10526315789473684,0.0,0.0,0.15789473684210525,0.0,0.0,0.21052631578947367,0.10526315789473684,0.10526315789473684,0.15789473684210525
spkr22_28,0.5333333333333333,0.29411764705882354,0.5882352941176471,0.0,0.0,0.0,0.0,0.0,0.06666666666666667,0.0,0.0,0.0,0.0,0.0,0.0,0.0,0.0,0.0,0.0,0.0,0.058823529411764705,0.058823529411764705,0.17647058823529413,0.0,0.17647058823529413,0.0,0.17647058823529413,0.058823529411764705
spkr22_29,0.5333333333333333,0.2,0.5333333333333333,0.2,0.0,0.0,0.0,0.0,0.13333333333333333,0.2,0.0,0.0,0.0,0.26666666666666666,0.0,0.2,0.0,0.4666666666666667,0.13333333333333333,0.0,0.4,0.0,0.0,0.2,0.2,0.0,0.13333333333333333,0.13333333333333333
spkr22_30,0.3333333333333333,0.3333333333333333,0.6666666666666666,0.0,0.0,0.0,0.0,0.0,0.0,0.0,0.0,0.0,0.0,0.0,0.0,0.0,0.0,1.0,0.0,0.0,0.0,0.0,0.0,0.0,0.13333333333333333,0.0,0.2,0.0
spkr22_31,0.47368421052631576,0.3157894736842105,0.42105263157894735,0.0,0.0,0.0,0.0,0.0,0.0,0.0,0.0,0.0,0.0,0.0,0.0,0.0,0.0,0.0,0.0,0.0,0.0,0.0,0.0,0.0,0.15789473684210525,0.0,0.0,0.0
spkr22_33,0.6190476190476191,0.18181818181818182,0.5,0.0,0.0,0.0,0.0,0.0,0.047619047619047616,0.0,0.0,0.0,0.0,0.0,0.0,0.0,0.0,0.6818181818181818,0.0,0.0,0.0,0.0,0.0,0.0,0.0,0.0,0.09090909090909091,0.09090909090909091
spkr22_34,0.36363636363636365,0.36363636363636365,0.45454545454545453,0.0,0.0,0.09090909090909091,0.0,0.045454545454545456,0.22727272727272727,0.045454545454545456,0.09090909090909091,0.18181818181818182,0.0,0.13636363636363635,0.0,0.09090909090909091,0.0,0.2727272727272727,0.3181818181818182,0.045454545454545456,0.18181818181818182,0.045454545454545456,0.13636363636363635,0.09090909090909091,0.2727272727272727,0.045454545454545456,0.22727272727272727,0.13636363636363635
spkr22_35,0.42857142857142855,0.07142857142857142,0.42857142857142855,0.07142857142857142,0.0,0.0,0.0,0.0,0.0,0.0,0.0,0.07142857142857142,0.0,0.21428571428571427,0.07142857142857142,0.0,0.0,0.35714285714285715,0.0,0.07142857142857142,0.0,0.07142857142857142,0.07142857142857142,0.14285714285714285,0.14285714285714285,0.0,0.2857142857142857,0.0
spkr22_36,0.5555555555555556,0.0,0.4,0.0,0.0,0.0,0.0,0.0,0.2222222222222222,0.0,0.0,0.0,0.0,0.0,0.0,0.0,0.0,0.55,0.0,0.0,0.0,0.0,0.0,0.0,0.0,0.0,0.0,0.0
spkr22_37,0.8571428571428571,0.13333333333333333,0.7333333333333333,0.0,0.0,0.0,0.0,0.0,0.0,0.0,0.0,0.0,0.0,0.0,0.0,0.0,0.0,0.26666666666666666,0.13333333333333333,0.0,0.0,0.0,0.13333333333333333,0.0,0.13333333333333333,0.0,0.0,0.0
spkr22_38,0.625,0.13333333333333333,0.6,0.0,0.0,0.2,0.2,0.0,0.0625,0.0,0.2,0.0,0.0,0.0,0.0,0.0,0.0,0.2,0.2,0.5333333333333333,0.0,0.0,0.13333333333333333,0.0,0.0,0.0,0.0,0.0
spkr22_4,0.6428571428571429,0.0,0.3076923076923077,0.0,0.0,0.0,0.0,0.0,0.07142857142857142,0.0,0.0,0.15384615384615385,0.0,0.0,0.0,0.0,0.0,0.0,0.0,0.0,0.0,0.0,0.0,0.0,0.0,0.0,0.0,0.0
spkr22_40,0.2857142857142857,0.13333333333333333,0.3333333333333333,0.0,0.0,0.0,0.0,0.0,0.0,0.0,0.0,0.0,0.0,0.0,0.0,0.0,0.0,0.6,0.0,0.0,0.0,0.0,0.0,0.0,0.0,0.0,0.0,0.0
spkr22_42,0.5454545454545454,0.6363636363636364,0.7272727272727273,0.0,0.0,0.0,0.0,0.0,0.09090909090909091,0.0,0.0,0.2727272727272727,0.0,0.18181818181818182,0.0,0.0,0.18181818181818182,0.5454545454545454,0.18181818181818182,0.18181818181818182,0.09090909090909091,0.0,0.45454545454545453,0.09090909090909091,0.09090909090909091,0.0,0.09090909090909091,0.09090909090909091
spkr22_43,0.6153846153846154,0.38461538461538464,0.46153846153846156,0.0,0.0,0.0,0.0,0.0,0.23076923076923078,0.07692307692307693,0.0,0.0,0.0,0.0,0.0,0.3076923076923077,0.0,0.6153846153846154,0.0,0.0,0.0,0.15384615384615385,0.15384615384615385,0.0,0.15384615384615385,0.15384615384615385,0.23076923076923078,0.0
spkr22_44,0.375,0.125,0.25,0.0625,0.0625,0.0625,0.0625,0.0625,0.3125,0.125,0.0625,0.0625,0.0625,0.0625,0.0625,0.0625,0.0625,0.625,0.0625,0.0625,0.0625,0.0625,0.1875,0.125,0.0625,0.0625,0.125,0.0625
spkr22_45,0.9,0.0,0.6363636363636364,0.0,0.0,0.0,0.09090909090909091,0.0,0.2,0.0,0.0,0.0,0.0,0.0,0.0,0.0,0.0,1.0,0.0,0.0,0.0,0.0,0.0,0.0,0.0,0.0,0.09090909090909091,0.0
spkr22_46,0.7333333333333333,0.13333333333333333,0.4666666666666667,0.0,0.0,0.0,0.0,0.0,0.0,0.0,0.0,0.0,0.0,0.0,0.0,0.0,0.0,0.2,0.0,0.0,0.0,0.0,0.0,0.0,0.0,0.0,0.06666666666666667,0.0
spkr22_5,0.3333333333333333,0.26666666666666666,0.26666666666666666,0.0,0.0,0.0,0.0,0.0,0.0,0.0,0.0,0.0,0.0,0.0,0.0,0.0,0.0,0.4,0.0,0.0,0.26666666666666666,0.0,0.0,0.0,0.0,0.0,0.0,0.0
spkr22_50,0.8,0.12903225806451613,0.45161290322580644,0.0,0.0,0.0,0.0,0.0,0.03333333333333333,0.0,0.0,0.0,0.0,0.06451612903225806,0.0,0.0,0.0,0.6774193548387096,0.06451612903225806,0.0,0.0967741935483871,0.0,0.0,0.0,0.06451612903225806,0.0,0.06451612903225806,0.06451612903225806
spkr22_51,0.5714285714285714,0.5,0.5714285714285714,0.0,0.0,0.0,0.0,0.0,0.21428571428571427,0.14285714285714285,0.21428571428571427,0.0,0.0,0.0,0.0,0.0,0.0,0.2857142857142857,0.0,0.0,0.0,0.21428571428571427,0.0,0.0,0.07142857142857142,0.0,0.14285714285714285,0.0
spkr22_52,0.6363636363636364,0.45454545454545453,0.7272727272727273,0.0,0.0,0.0,0.0,0.0,0.09090909090909091,0.0,0.0,0.0,0.0,0.0,0.0,0.0,0.0,0.9090909090909091,0.0,0.0,0.0,0.09090909090909091,0.0,0.0,0.0,0.0,0.0,0.0
spkr22_53,0.4,0.13333333333333333,0.3333333333333333,0.06666666666666667,0.0,0.06666666666666667,0.06666666666666667,0.06666666666666667,0.06666666666666667,0.06666666666666667,0.06666666666666667,0.0,0.0,0.06666666666666667,0.0,0.06666666666666667,0.0,0.5333333333333333,0.06666666666666667,0.06666666666666667,0.06666666666666667,0.06666666666666667,0.06666666666666667,0.0,0.0,0.06666666666666667,0.06666666666666667,0.06666666666666667
spkr22_54,1.0,0.8571428571428571,0.7142857142857143,0.14285714285714285,0.14285714285714285,0.14285714285714285,0.14285714285714285,0.14285714285714285,0.6666666666666666,0.14285714285714285,0.14285714285714285,0.14285714285714285,0.14285714285714285,0.14285714285714285,0.14285714285714285,0.14285714285714285,0.14285714285714285,0.42857142857142855,0.14285714285714285,0.14285714285714285,0.2857142857142857,0.42857142857142855,0.2857142857142857,0.42857142857142855,0.14285714285714285,0.42857142857142855,0.2857142857142857,0.14285714285714285
spkr22_55,0.6666666666666666,0.17647058823529413,0.8235294117647058,0.17647058823529413,0.0,0.0,0.17647058823529413,0.0,0.2,0.058823529411764705,0.11764705882352941,0.17647058823529413,0.0,0.058823529411764705,0.0,0.0,0.0,0.058823529411764705,0.17647058823529413,0.17647058823529413,0.058823529411764705,0.11764705882352941,0.11764705882352941,0.0,0.17647058823529413,0.0,0.23529411764705882,0.058823529411764705
spkr22_56,0.3,0.1,0.5,0.0,0.0,0.0,0.0,0.1,0.1,0.0,0.0,0.1,0.0,0.1,0.0,0.1,0.1,0.6,0.1,0.1,0.0,0.0,0.1,0.0,0.0,0.0,0.0,0.0
spkr22_57,0.8,0.11764705882352941,0.8235294117647058,0.0,0.0,0.0,0.0,0.0,0.13333333333333333,0.0,0.0,0.0,0.0,0.0,0.0,0.0,0.0,0.0,0.0,0.0,0.0,0.0,0.0,0.0,0.0,0.0,0.058823529411764705,0.0
spkr22_58,0.5238095238095238,0.13636363636363635,0.4090909090909091,0.0,0.0,0.0,0.0,0.0,0.14285714285714285,0.0,0.0,0.0,0.0,0.0,0.0,0.0,0.0,0.9090909090909091,0.0,0.0,0.0,0.0,0.0,0.0,0.0,0.0,0.09090909090909091,0.0
spkr22_59,0.6363636363636364,0.0,0.2727272727272727,0.0,0.0,0.0,0.0,0.0,0.09090909090909091,0.0,0.0,0.0,0.0,0.0,0.0,0.0,0.0,0.18181818181818182,0.0,0.0,0.0,0.0,0.0,0.0,0.0,0.0,0.0,0.0
spkr22_6,0.5,0.4166666666666667,0.6666666666666666,0.4166666666666667,0.0,0.0,0.0,0.0,0.0,0.0,0.0,0.0,0.0,0.0,0.0,0.0,0.0,1.0,0.0,0.0,0.0,0.0,0.0,0.08333333333333333,0.0,0.08333333333333333,0.16666666666666666,0.08333333333333333
spkr22_60,0.6875,0.35294117647058826,0.7058823529411765,0.23529411764705882,0.0,0.0,0.11764705882352941,0.11764705882352941,0.25,0.0,0.17647058823529413,0.11764705882352941,0.0,0.17647058823529413,0.0,0.058823529411764705,0.11764705882352941,0.47058823529411764,0.11764705882352941,0.11764705882352941,0.4117647058823529,0.17647058823529413,0.29411764705882354,0.0,0.23529411764705882,0.0,0.0,0.11764705882352941
spkr22_61,0.4444444444444444,0.0,0.2222222222222222,0.0,0.0,0.0,0.0,0.0,0.16666666666666666,0.0,0.0,0.0,0.0,0.0,0.0,0.0,0.0,0.2777777777777778,0.0,0.0,0.0,0.0,0.0,0.0,0.0,0.0,0.0,0.0
spkr22_62,0.6,0.0,0.2727272727272727,0.0,0.0,0.0,0.0,0.0,0.3,0.0,0.0,0.18181818181818182,0.0,0.0,0.0,0.0,0.0,0.0,0.18181818181818182,0.0,0.0,0.0,0.18181818181818182,0.0,0.0,0.0,0.18181818181818182,0.0
spkr22_63,0.5,0.0,0.3,0.0,0.0,0.0,0.0,0.0,0.0,0.0,0.0,0.0,0.0,0.0,0.0,0.0,0.0,0.5,0.0,0.0,0.0,0.0,0.0,0.0,0.1,0.0,0.0,0.0
spkr22_64,0.5294117647058824,0.11764705882352941,0.8235294117647058,0.11764705882352941,0.0,0.0,0.0,0.0,0.058823529411764705,0.0,0.0,0.11764705882352941,0.0,0.0,0.0,0.0,0.0,0.6470588235294118,0.11764705882352941,0.11764705882352941,0.11764705882352941,0.0,0.11764705882352941,0.0,0.0,0.0,0.0,0.11764705882352941
spkr22_65,0.5652173913043478,0.34782608695652173,0.5652173913043478,0.5652173913043478,0.0,0.0,0.0,0.0,0.13043478260869565,0.34782608695652173,0.0,0.0,0.0,0.0,0.0,0.0,0.0,0.6956521739130435,0.34782608695652173,0.0,0.30434782608695654,0.0,0.391304347826087,0.08695652173913043,0.391304347826087,0.043478260869565216,0.4782608695652174,0.0
spkr22_66,0.47058823529411764,0.0,0.16666666666666666,0.0,0.0,0.0,0.0,0.0,0.0,0.0,0.0,0.0,0.0,0.2222222222222222,0.0,0.0,0.0,0.5,0.3333333333333333,0.16666666666666666,0.0,0.0,0.05555555555555555,0.0,0.0,0.0,0.0,0.0
spkr22_67,0.5,0.0,0.6428571428571429,0.0,0.0,0.0,0.0,0.0,0.0,0.0,0.0,0.0,0.0,0.07142857142857142,0.0,0.0,0.0,0.0,0.0,0.0,0.07142857142857142,0.0,0.0,0.0,0.0,0.0,0.0,0.0
spkr22_68,0.6666666666666666,0.15384615384615385,0.6153846153846154,0.0,0.0,0.0,0.0,0.0,0.16666666666666666,0.23076923076923078,0.23076923076923078,0.0,0.15384615384615385,0.23076923076923078,0.15384615384615385,0.0,0.0,0.46153846153846156,0.0,0.0,0.0,0.23076923076923078,0.3076923076923077,0.23076923076923078,0.3076923076923077,0.3076923076923077,0.3076923076923077,0.3076923076923077
spkr22_69,0.4444444444444444,0.16666666666666666,0.4444444444444444,0.0,0.0,0.0,0.0,0.0,0.05555555555555555,0.0,0.0,0.0,0.0,0.0,0.0,0.0,0.0,0.6111111111111112,0.0,0.0,0.0,0.0,0.0,0.0,0.2777777777777778,0.0,0.0,0.05555555555555555
spkr22_7,0.8,0.375,0.75,0.0,0.0,0.0,0.0,0.0,0.06666666666666667,0.0,0.0,0.0,0.0,0.1875,0.0,0.0,0.0,0.5625,0.0,0.0,0.25,0.0625,0.0,0.0,0.3125,0.0,0.0,0.0
spkr22_70,0.5625,0.0625,0.625,0.0,0.0,0.0,0.0,0.3125,0.1875,0.0,0.0625,0.3125,0.0,0.0,0.0,0.0,0.0,0.75,0.0,0.0,0.0625,0.0,0.25,0.0625,0.25,0.25,0.25,0.25
spkr22_71,0.6111111111111112,0.0,0.3157894736842105,0.15789473684210525,0.0,0.0,0.0,0.0,0.2777777777777778,0.0,0.21052631578947367,0.0,0.0,0.21052631578947367,0.0,0.10526315789473684,0.0,0.8421052631578947,0.0,0.15789473684210525,0.0,0.0,0.0,0.0,0.2631578947368421,0.0,0.05263157894736842,0.0
spkr22_72,0.42105263157894735,0.4444444444444444,0.6666666666666666,0.0,0.0,0.0,0.0,0.0,0.21052631578947367,0.2777777777777778,0.0,0.0,0.0,0.0,0.0,0.0,0.0,0.5,0.0,0.0,0.2777777777777778,0.2222222222222222,0.2777777777777778,0.0,0.2222222222222222,0.2222222222222222,0.2222222222222222,0.2222222222222222
spkr22_73,0.9090909090909091,0.18181818181818182,0.36363636363636365,0.0,0.0,0.0,0.0,0.0,0.18181818181818182,0.09090909090909091,0.0,0.0,0.0,0.0,0.0,0.0,0.0,0.0,0.0,0.0,0.0,0.09090909090909091,0.0,0.09090909090909091,0.45454545454545453,0.09090909090909091,0.09090909090909091,0.0
spkr22_74,0.5,0.07142857142857142,0.7142857142857143,0.0,0.0,0.0,0.0,0.0,0.07142857142857142,0.0,0.0,0.0,0.0,0.0,0.0,0.0,0.0,0.7142857142857143,0.0,0.0,0.0,0.0,0.0,0.0,0.0,0.0,0.07142857142857142,0.0
spkr22_75,0.7058823529411765,0.23529411764705882,0.4117647058823529,0.5882352941176471,0.0,0.0,0.0,0.0,0.29411764705882354,0.11764705882352941,0.0,0.0,0.0,0.11764705882352941,0.0,0.0,0.0,0.8823529411764706,0.4117647058823529,0.5294117647058824,0.23529411764705882,0.23529411764705882,0.35294117647058826,0.17647058823529413,0.35294117647058826,0.23529411764705882,0.17647058823529413,0.11764705882352941
spkr22_8,0.375,0.1875,0.375,0.0,0.0,0.0,0.0,0.0,0.125,0.125,0.0,0.0,0.0,0.0,0.0,0.0,0.0,0.5,0.0,0.0,0.0,0.0,0.0,0.0,0.0,0.0,0.125,0.0
spkr22_9,0.2857142857142857,0.14285714285714285,0.35714285714285715,0.07142857142857142,0.07142857142857142,0.07142857142857142,0.07142857142857142,0.07142857142857142,0.07142857142857142,0.21428571428571427,0.07142857142857142,0.07142857142857142,0.07142857142857142,0.07142857142857142,0.07142857142857142,0.07142857142857142,0.07142857142857142,0.7142857142857143,0.0,0.07142857142857142,0.07142857142857142,0.0,0.14285714285714285,0.07142857142857142,0.21428571428571427,0.0,0.14285714285714285,0.14285714285714285
spkr25_1,0.9,0.1,1.0,0.0,0.0,0.2,0.0,0.2,0.4,0.0,0.2,0.0,0.0,0.5,0.0,0.0,0.0,0.4,0.4,0.4,0.4,0.0,0.4,0.2,0.2,0.0,0.0,0.1
spkr25_10,0.7058823529411765,0.23529411764705882,0.4117647058823529,0.0,0.0,0.0,0.0,0.058823529411764705,0.17647058823529413,0.0,0.0,0.0,0.0,0.058823529411764705,0.0,0.0,0.0,0.8235294117647058,0.0,0.058823529411764705,0.0,0.0,0.0,0.0,0.0,0.058823529411764705,0.0,0.0
spkr25_11,0.7857142857142857,0.5714285714285714,0.35714285714285715,0.0,0.07142857142857142,0.07142857142857142,0.0,0.0,0.14285714285714285,0.07142857142857142,0.14285714285714285,0.0,0.07142857142857142,0.0,0.0,0.14285714285714285,0.0,0.2857142857142857,0.07142857142857142,0.0,0.0,0.07142857142857142,0.07142857142857142,0.07142857142857142,0.14285714285714285,0.0,0.21428571428571427,0.07142857142857142
spkr25_12,1.0,0.0,0.5294117647058824,0.0,0.0,0.058823529411764705,0.0,0.0,0.0,0.0,0.11764705882352941,0.0,0.0,0.0,0.0,0.0,0.0,0.35294117647058826,0.0,0.0,0.11764705882352941,0.0,0.0,0.058823529411764705,0.0,0.0,0.0,0.0
spkr25_13,0.5625,0.058823529411764705,0.5294117647058824,0.0,0.0,0.0,0.0,0.0,0.0625,0.0,0.0,0.0,0.0,0.0,0.0,0.0,0.0,0.058823529411764705,0.0,0.0,0.0,0.0,0.0,0.058823529411764705,0.0,0.0,0.11764705882352941,0.17647058823529413
spkr25_14,0.8235294117647058,0.29411764705882354,0.6470588235294118,0.17647058823529413,0.23529411764705882,0.0,0.058823529411764705,0.058823529411764705,0.058823529411764705,0.0,0.17647058823529413,0.0,0.0,0.23529411764705882,0.0,0.0,0.058823529411764705,0.29411764705882354,0.17647058823529413,0.11764705882352941,0.058823529411764705,0.17647058823529413,0.058823529411764705,0.0,0.11764705882352941,0.0,0.058823529411764705,0.17647058823529413
spkr25_15,0.5882352941176471,0.11764705882352941,0.5882352941176471,0.0,0.0,0.0,0.0,0.0,0.17647058823529413,0.0,0.0,0.0,0.0,0.058823529411764705,0.0,0.0,0.0,0.4117647058823529,0.11764705882352941,0.0,0.29411764705882354,0.0,0.058823529411764705,0.0,0.0,0.0,0.058823529411764705,0.058823529411764705
spkr25_18,0.8846153846153846,0.07692307692307693,0.46153846153846156,0.0,0.0,0.0,0.0,0.0,0.11538461538461539,0.0,0.0,0.0,0.0,0.0,0.0,0.0,0.0,0.34615384615384615,0.0,0.0,0.0,0.0,0.0,0.0,0.0,0.0,0.0,0.0
spkr25_19,0.7741935483870968,0.0,0.41935483870967744,0.0,0.0,0.0,0.0,0.0,0.06451612903225806,0.0,0.0,0.06451612903225806,0.0,0.0,0.0,0.0,0.0,0.16129032258064516,0.06451612903225806,0.0,0.0,0.0,0.0,0.0,0.0967741935483871,0.0,0.03225806451612903,0.0
spkr25_2,0.9090909090909091,0.7272727272727273,0.7272727272727273,0.6363636363636364,0.09090909090909091,0.0,0.5454545454545454,0.0,0.45454545454545453,0.09090909090909091,0.18181818181818182,0.6363636363636364,0.0,0.7272727272727273,0.8181818181818182,0.0,0.6363636363636364,1.0,0.6363636363636364,0.6363636363636364,0.0,0.36363636363636365,0.18181818181818182,0.5454545454545454,0.5454545454545454,0.0,0.45454545454545453,0.45454545454545453
spkr25_20,0.7083333333333334,0.038461538461538464,0.5384615384615384,0.0,0.0,0.0,0.0,0.0,0.16666666666666666,0.0,0.0,0.0,0.0,0.0,0.0,0.0,0.0,0.5769230769230769,0.0,0.0,0.07692307692307693,0.0,0.0,0.0,0.0,0.0,0.15384615384615385,0.0
spkr25_21,0.8,0.1111111111111111,0.6296296296296297,0.0,0.037037037037037035,0.0,0.0,0.037037037037037035,0.12,0.037037037037037035,0.2222222222222222,0.0,0.0,0.14814814814814814,0.0,0.0,0.18518518518518517,0.2962962962962963,0.07407407407407407,0.0,0.07407407407407407,0.037037037037037035,0.0,0.14814814814814814,0.14814814814814814,0.037037037037037035,0.2222222222222222,0.0
spkr25_22,0.7222222222222222,0.0,0.2777777777777778,0.0,0.0,0.0,0.0,0.0,0.05555555555555555,0.0,0.0,0.0,0.0,0.0,0.0,0.0,0.0,0.16666666666666666,0.0,0.0,0.0,0.0,0.0,0.0,0.0,0.0,0.0,0.0
spkr25_23,0.75,0.1,0.4,0.0,0.0,0.0,0.0,0.0,0.1,0.0,0.05,0.15,0.0,0.0,0.0,0.0,0.0,0.4,0.2,0.0,0.05,0.0,0.2,0.0,0.35,0.0,0.0,0.0
spkr25_24,0.8823529411764706,0.21052631578947367,0.3684210526315789,0.0,0.05263157894736842,0.0,0.05263157894736842,0.10526315789473684,0.058823529411764705,0.0,0.0,0.05263157894736842,0.0,0.0,0.05263157894736842,0.0,0.0,0.10526315789473684,0.10526315789473684,0.05263157894736842,0.0,0.0,0.0,0.0,0.0,0.0,0.05263157894736842,0.0
spkr25_26,0.6666666666666666,0.0,0.47368421052631576,0.0,0.0,0.0,0.0,0.0,0.1111111111111111,0.0,0.0,0.0,0.0,0.05263157894736842,0.0,0.0,0.0,0.0,0.0,0.0,0.0,0.0,0.0,0.0,0.0,0.0,0.21052631578947367,0.0
spkr25_28,0.8666666666666667,0.5294117647058824,0.35294117647058826,0.4117647058823529,0.0,0.0,0.0,0.29411764705882354,0.3333333333333333,0.23529411764705882,0.11764705882352941,0.29411764705882354,0.23529411764705882,0.29411764705882354,0.29411764705882354,0.0,0.29411764705882354,0.4117647058823529,0.5294117647058824,0.35294117647058826,0.4117647058823529,0.23529411764705882,0.29411764705882354,0.11764705882352941,0.29411764705882354,0.058823529411764705,0.29411764705882354,0.29411764705882354
spkr25_29,0.8666666666666667,0.3333333333333333,0.6,0.2,0.0,0.0,0.0,0.2,0.0,0.0,0.5333333333333333,0.2,0.0,0.06666666666666667,0.0,0.0,0.2,0.5333333333333333,0.2,0.4,0.3333333333333333,0.0,0.26666666666666666,0.0,0.0,0.0,0.0,0.0
spkr25_30,0.6666666666666666,0.4,0.4666666666666667,0.0,0.0,0.0,0.0,0.0,0.06666666666666667,0.0,0.0,0.0,0.0,0.13333333333333333,0.0,0.0,0.0,0.2,0.0,0.0,0.2,0.0,0.0,0.0,0.13333333333333333,0.0,0.0,0.0
spkr25_31,0.7368421052631579,0.10526315789473684,0.47368421052631576,0.0,0.0,0.0,0.0,0.0,0.10526315789473684,0.0,0.0,0.0,0.0,0.0,0.0,0.0,0.0,0.0,0.0,0.0,0.0,0.0,0.0,0.0,0.10526315789473684,0.0,0.0,0.0
spkr25_33,1.0,0.18181818181818182,0.5454545454545454,0.09090909090909091,0.0,0.0,0.0,0.09090909090909091,0.42857142857142855,0.09090909090909091,0.0,0.09090909090909091,0.0,0.0,0.09090909090909091,0.0,0.09090909090909091,0.5909090909090909,0.09090909090909091,0.09090909090909091,0.0,0.09090909090909091,0.09090909090909091,0.045454545454545456,0.0,0.09090909090909091,0.18181818181818182,0.09090909090909091
spkr25_34,0.7727272727272727,0.09090909090909091,0.4090909090909091,0.0,0.0,0.0,0.0,0.045454545454545456,0.18181818181818182,0.0,0.0,0.045454545454545456,0.0,0.13636363636363635,0.0,0.045454545454545456,0.0,0.6363636363636364,0.045454545454545456,0.0,0.045454545454545456,0.045454545454545456,0.09090909090909091,0.0,0.2727272727272727,0.0,0.13636363636363635,0.045454545454545456
spkr25_35,0.5,0.0,0.2857142857142857,0.0,0.0,0.0,0.0,0.0,0.14285714285714285,0.0,0.0,0.07142857142857142,0.0,0.0,0.0,0.0,0.0,0.5,0.0,0.07142857142857142,0.0,0.0,0.0,0.0,0.14285714285714285,0.0,0.21428571428571427,0.0
spkr25_36,0.8333333333333334,0.0,0.4,0.0,0.0,0.0,0.0,0.0,0.16666666666666666,0.0,0.0,0.0,0.0,0.0,0.0,0.0,0.0,0.0,0.0,0.0,0.0,0.0,0.0,0.0,0.0,0.0,0.0,0.0
spkr25_37,1.0,0.06666666666666667,0.4666666666666667,0.06666666666666667,0.06666666666666667,0.0,0.06666666666666667,0.06666666666666667,0.0,0.0,0.06666666666666667,0.06666666666666667,0.13333333333333333,0.06666666666666667,0.06666666666666667,0.06666666666666667,0.06666666666666667,0.8666666666666667,0.06666666666666667,0.06666666666666667,0.0,0.13333333333333333,0.26666666666666666,0.0,0.26666666666666666,0.0,0.06666666666666667,0.13333333333333333
spkr25_38,0.9375,0.06666666666666667,0.4,0.0,0.0,0.0,0.0,0.0,0.0625,0.0,0.0,0.0,0.0,0.0,0.0,0.0,0.0,0.8,0.0,0.0,0.0,0.0,0.13333333333333333,0.0,0.0,0.0,0.2,0.0
spkr25_4,0.5714285714285714,0.0,0.5384615384615384,0.0,0.0,0.0,0.0,0.0,0.0,0.0,0.0,0.0,0.0,0.0,0.0,0.0,0.0,0.46153846153846156,0.0,0.0,0.0,0.0,0.0,0.0,0.0,0.0,0.0,0.0
spkr25_40,0.7857142857142857,0.26666666666666666,0.3333333333333333,0.0,0.0,0.0,0.0,0.0,0.0,0.0,0.0,0.0,0.0,0.0,0.0,0.0,0.0,0.0,0.0,0.0,0.0,0.0,0.0,0.0,0.0,0.0,0.0,0.0
spkr25_42,0.7272727272727273,0.18181818181818182,0.36363636363636365,0.18181818181818182,0.09090909090909091,0.09090909090909091,0.18181818181818182,0.18181818181818182,0.18181818181818182,0.09090909090909091,0.09090909090909091,0.18181818181818182,0.18181818181818182,0.09090909090909091,0.18181818181818182,0.0,0.09090909090909091,0.6363636363636364,0.36363636363636365,0.09090909090909091,0.5454545454545454,0.09090909090909091,0.09090909090909091,0.09090909090909091,0.18181818181818182,0.18181818181818182,0.45454545454545453,0.18181818181818182
spkr25_43,1.0,0.23076923076923078,0.5384615384615384,0.0,0.0,0.0,0.0,0.0,0.07692307692307693,0.07692307692307693,0.0,0.23076923076923078,0.0,0.0,0.0,0.0,0.0,0.3076923076923077,0.0,0.0,0.0,0.23076923076923078,0.0,0.0,0.0,0.0,0.07692307692307693,0.0
spkr25_44,0.625,0.125,0.5625,0.0625,0.0625,0.0625,0.0625,0.0625,0.1875,0.0625,0.0625,0.0625,0.0625,0.0625,0.0625,0.0625,0.0625,0.1875,0.375,0.25,0.0625,0.0625,0.125,0.0625,0.125,0.0625,0.125,0.0625
spkr25_45,0.7,0.45454545454545453,0.6363636363636364,0.0,0.0,0.0,0.0,0.09090909090909091,0.6,0.0,0.0,0.0,0.0,0.0,0.0,0.0,0.0,1.0,0.09090909090909091,0.0,0.0,0.0,0.0,0.0,0.0,0.0,0.0,0.0
spkr25_46,0.8,0.3333333333333333,0.5333333333333333,0.0,0.0,0.0,0.0,0.0,0.2,0.0,0.0,0.26666666666666666,0.0,0.0,0.0,0.0,0.0,1.0,0.0,0.0,0.0,0.0,0.0,0.06666666666666667,0.3333333333333333,0.0,0.3333333333333333,0.0
spkr25_5,0.7333333333333333,0.4666666666666667,0.4,0.0,0.0,0.3333333333333333,0.0,0.0,0.0,0.0,0.13333333333333333,0.2,0.26666666666666666,0.06666666666666667,0.0,0.0,0.3333333333333333,0.4666666666666667,0.0,0.4666666666666667,0.0,0.0,0.0,0.0,0.13333333333333333,0.06666666666666667,0.0,0.0
spkr25_50,0.7666666666666667,0.22580645161290322,0.5161290322580645,0.0,0.0,0.0,0.0,0.0,0.06666666666666667,0.0,0.0,0.0,0.0,0.0,0.0,0.0,0.0,0.16129032258064516,0.0,0.0,0.0,0.0,0.0,0.0,0.06451612903225806,0.0,0.0,0.0
spkr25_51,0.7857142857142857,1.0,0.5714285714285714,0.14285714285714285,0.14285714285714285,0.0,0.0,0.0,0.21428571428571427,0.21428571428571427,0.14285714285714285,0.21428571428571427,0.14285714285714285,0.07142857142857142,0.42857142857142855,0.0,0.0,0.2857142857142857,0.21428571428571427,0.21428571428571427,0.07142857142857142,0.21428571428571427,0.21428571428571427,0.07142857142857142,0.0,0.14285714285714285,0.14285714285714285,0.14285714285714285
spkr25_52,1.0,0.5454545454545454,0.5454545454545454,0.0,0.0,0.0,0.0,0.0,0.0,0.2727272727272727,0.0,0.0,0.0,0.0,0.0,0.0,0.0,0.18181818181818182,0.0,0.0,0.0,0.0,0.0,0.0,0.0,0.0,0.18181818181818182,0.0
spkr25_53,0.6666666666666666,0.06666666666666667,0.4,0.06666666666666667,0.06666666666666667,0.06666666666666667,0.06666666666666667,0.06666666666666667,0.06666666666666667,0.06666666666666667,0.06666666666666667,0.06666666666666667,0.06666666666666667,0.06666666666666667,0.0,0.06666666666666667,0.06666666666666667,0.2,0.06666666666666667,0.06666666666666667,0.06666666666666667,0.06666666666666667,0.06666666666666667,0.0,0.06666666666666667,0.06666666666666667,0.06666666666666667,0.06666666666666667
spkr25_54,0.8333333333333334,0.5714285714285714,0.8571428571428571,0.0,0.0,0.0,0.0,0.0,0.5,0.0,0.0,0.2857142857142857,0.0,0.0,0.0,0.0,0.0,0.42857142857142855,0.0,0.0,0.0,0.0,0.2857142857142857,0.2857142857142857,0.0,0.0,0.2857142857142857,0.2857142857142857
spkr25_55,0.8666666666666667,0.0,0.47058823529411764,0.0,0.0,0.0,0.0,0.0,0.13333333333333333,0.11764705882352941,0.0,0.0,0.0,0.0,0.0,0.0,0.0,0.47058823529411764,0.0,0.0,0.0,0.0,0.0,0.0,0.11764705882352941,0.0,0.0,0.0
spkr25_56,0.6,0.1,0.4,0.1,0.0,0.1,0.1,0.1,0.3,0.2,0.1,0.1,0.1,0.1,0.1,0.1,0.1,0.0,0.1,0.1,0.0,0.3,0.3,0.1,0.1,0.3,0.1,0.2
spkr25_57,0.7333333333333333,0.23529411764705882,0.47058823529411764,0.0,0.0,0.0,0.0,0.0,0.2,0.0,0.0,0.0,0.0,0.0,0.0,0.0,0.0,0.23529411764705882,0.0,0.0,0.11764705882352941,0.0,0.0,0.11764705882352941,0.11764705882352941,0.11764705882352941,0.17647058823529413,0.11764705882352941
spkr25_58,0.7142857142857143,0.13636363636363635,0.4090909090909091,0.0,0.0,0.0,0.0,0.0,0.09523809523809523,0.0,0.0,0.0,0.0,0.0,0.0,0.0,0.0,0.09090909090909091,0.0,0.0,0.0,0.0,0.09090909090909091,0.0,0.0,0.0,0.0,0.0
spkr25_59,0.7272727272727273,0.0,0.45454545454545453,0.0,0.0,0.0,0.0,0.0,0.0,0.0,0.0,0.0,0.0,0.45454545454545453,0.0,0.0,0.0,0.0,0.0,0.2727272727272727,0.0,0.0,0.0,0.2727272727272727,0.0,0.0,0.0,0.09090909090909091
spkr25_6,0.8333333333333334,0.08333333333333333,0.3333333333333333,0.08333333333333333,0.0,0.0,0.0,0.08333333333333333,0.0,0.0,0.08333333333333333,0.0,0.0,0.08333333333333333,0.0,0.0,0.0,0.0,0.0,0.08333333333333333,0.0,0.0,0.16666666666666666,0.0,0.0,0.08333333333333333,0.16666666666666666,0.08333333333333333
spkr25_60,0.875,0.17647058823529413,0.29411764705882354,0.17647058823529413,0.0,0.0,0.0,0.17647058823529413,0.25,0.0,0.0,0.0,0.0,0.0,0.0,0.0,0.17647058823529413,0.5882352941176471,0.0,0.17647058823529413,0.11764705882352941,0.17647058823529413,0.11764705882352941,0.0,0.11764705882352941,0.0,0.11764705882352941,0.0
spkr25_61,0.8888888888888888,0.05555555555555555,0.6111111111111112,0.0,0.0,0.0,0.0,0.05555555555555555,0.1111111111111111,0.05555555555555555,0.05555555555555555,0.0,0.0,0.05555555555555555,0.0,0.0,0.0,0.3888888888888889,0.0,0.0,0.0,0.05555555555555555,0.05555555555555555,0.0,0.05555555555555555,0.05555555555555555,0.05555555555555555,0.0
spkr25_62,0.8,0.09090909090909091,0.2727272727272727,0.0,0.0,0.0,0.0,0.0,0.3,0.0,0.0,0.0,0.0,0.0,0.0,0.0,0.0,0.0,0.0,0.0,0.0,0.0,0.0,0.0,0.0,0.0,0.0,0.0
spkr25_63,0.7,0.5,0.3,0.0,0.0,0.0,0.0,0.0,0.0,0.0,0.0,0.0,0.0,0.2,0.0,0.0,0.0,0.6,0.0,0.0,0.0,0.0,0.0,0.0,0.0,0.0,0.0,0.0
spkr25_64,0.6470588235294118,0.35294117647058826,0.8235294117647058,0.11764705882352941,0.0,0.0,0.0,0.0,0.11764705882352941,0.0,0.0,0.11764705882352941,0.11764705882352941,0.11764705882352941,0.0,0.0,0.0,0.4117647058823529,0.0,0.11764705882352941,0.0,0.0,0.058823529411764705,0.0,0.11764705882352941,0.0,0.17647058823529413,0.0
spkr25_65,0.6086956521739131,0.391304347826087,0.4782608695652174,0.0,0.0,0.0,0.0,0.0,0.08695652173913043,0.0,0.0,0.0,0.0,0.0,0.0,0.0,0.0,0.17391304347826086,0.08695652173913043,0.0,0.17391304347826086,0.0,0.0,0.0,0.0,0.0,0.21739130434782608,0.0
spkr25_66,0.6470588235294118,0.2222222222222222,0.16666666666666666,0.0,0.0,0.0,0.0,0.0,0.0,0.0,0.0,0.0,0.0,0.0,0.0,0.0,0.0,0.6111111111111112,0.16666666666666666,0.16666666666666666,0.16666666666666666,0.0,0.0,0.0,0.16666666666666666,0.0,0.0,0.0
spkr25_67,0.7857142857142857,0.0,1.0,0.42857142857142855,0.0,0.0,0.0,0.0,0.0,0.0,0.35714285714285715,0.42857142857142855,0.0,0.07142857142857142,0.0,0.0,0.0,0.5,0.35714285714285715,0.35714285714285715,0.07142857142857142,0.0,0.2857142857142857,0.0,0.0,0.0,0.14285714285714285,0.0
spkr25_68,0.75,0.23076923076923078,0.46153846153846156,0.0,0.0,0.0,0.0,0.0,0.16666666666666666,0.0,0.07692307692307693,0.0,0.0,0.0,0.0,0.0,0.0,0.0,0.0,0.0,0.0,0.0,0.23076923076923078,0.0,0.0,0.07692307692307693,0.07692307692307693,0.07692307692307693
spkr25_69,0.7222222222222222,0.0,0.3888888888888889,0.0,0.0,0.0,0.0,0.0,0.0,0.0,0.0,0.2222222222222222,0.0,0.05555555555555555,0.0,0.0,0.0,0.0,0.05555555555555555,0.0,0.0,0.0,0.0,0.0,0.0,0.0,0.16666666666666666,0.0
spkr25_7,0.8,1.0,0.625,0.0625,0.0,0.0,0.0,0.0,0.4,0.0625,0.0,0.0,0.0625,0.125,0.0,0.0,0.0,1.0,0.25,0.625,0.0625,0.0,0.125,0.0,0.0,0.0,0.125,0.0625
spkr25_70,0.75,0.0625,0.4375,0.0625,0.0,0.0,0.0,0.0,0.125,0.0,0.0625,0.0,0.0625,0.0,0.0,0.0,0.0,0.4375,0.0,0.3125,0.0625,0.0,0.0,0.0625,0.125,0.0,0.0,0.0
spkr25_71,0.8888888888888888,0.05263157894736842,0.42105263157894735,0.0,0.0,0.0,0.0,0.0,0.2222222222222222,0.0,0.0,0.0,0.0,0.0,0.0,0.0,0.0,0.7894736842105263,0.0,0.0,0.0,0.0,0.0,0.0,0.0,0.0,0.0,0.0
spkr25_72,0.631578947368421,0.0,0.6111111111111112,0.0,0.0,0.0,0.0,0.0,0.0,0.0,0.0,0.0,0.0,0.0,0.0,0.0,0.0,0.5555555555555556,0.0,0.0,0.0,0.0,0.0,0.0,0.0,0.0,0.0,0.0
spkr25_73,0.6363636363636364,0.18181818181818182,0.45454545454545453,0.0,0.0,0.0,0.0,0.0,0.18181818181818182,0.0,0.0,0.0,0.0,0.09090909090909091,0.0,0.0,0.0,0.0,0.0,0.0,0.0,0.09090909090909091,0.0,0.09090909090909091,0.0,0.0,0.09090909090909091,0.0
spkr25_74,0.7857142857142857,0.07142857142857142,0.5714285714285714,0.14285714285714285,0.0,0.0,0.0,0.14285714285714285,0.14285714285714285,0.0,0.0,0.0,0.0,0.0,0.0,0.0,0.0,0.2857142857142857,0.0,0.14285714285714285,0.0,0.0,0.0,0.0,0.0,0.0,0.07142857142857142,0.0
spkr25_75,0.7058823529411765,0.5294117647058824,0.35294117647058826,0.7058823529411765,0.0,0.0,0.058823529411764705,0.058823529411764705,0.29411764705882354,0.35294117647058826,0.058823529411764705,0.35294117647058826,0.0,0.058823529411764705,0.0,0.0,0.058823529411764705,0.0,0.35294117647058826,0.47058823529411764,0.058823529411764705,0.4117647058823529,0.35294117647058826,0.11764705882352941,0.4117647058823529,0.35294117647058826,0.29411764705882354,0.23529411764705882
spkr25_8,0.6875,0.4375,0.5625,0.0,0.0,0.0,0.0,0.0,0.375,0.375,0.0,0.0,0.0,0.0,0.0,0.0,0.0,0.625,0.0,0.0,0.0,0.1875,0.0625,0.0,0.3125,0.0625,0.0625,0.0
spkr25_9,0.9285714285714286,0.21428571428571427,0.5,0.07142857142857142,0.07142857142857142,0.14285714285714285,0.07142857142857142,0.21428571428571427,0.2857142857142857,0.07142857142857142,0.14285714285714285,0.21428571428571427,0.07142857142857142,0.14285714285714285,0.14285714285714285,0.14285714285714285,0.07142857142857142,0.7142857142857143,0.21428571428571427,0.21428571428571427,0.0,0.0,0.21428571428571427,0.2857142857142857,0.07142857142857142,0.21428571428571427,0.0,0.07142857142857142
spkr27_1,0.8,0.0,0.7,0.0,0.0,0.0,0.0,0.0,0.1,0.0,0.0,0.0,0.0,0.0,0.0,0.0,0.0,0.5,0.0,0.0,0.0,0.0,0.5,0.0,0.0,0.0,0.0,0.0
spkr27_10,0.35294117647058826,0.0,0.5294117647058824,0.0,0.0,0.0,0.0,0.0,0.0,0.0,0.11764705882352941,0.0,0.0,0.11764705882352941,0.0,0.0,0.0,0.23529411764705882,0.0,0.058823529411764705,0.058823529411764705,0.0,0.0,0.0,0.0,0.0,0.0,0.0
spkr27_11,0.42857142857142855,0.21428571428571427,0.42857142857142855,0.0,0.0,0.0,0.0,0.0,0.07142857142857142,0.07142857142857142,0.07142857142857142,0.0,0.0,0.07142857142857142,0.0,0.0,0.0,0.7857142857142857,0.0,0.0,0.14285714285714285,0.07142857142857142,0.35714285714285715,0.07142857142857142,0.07142857142857142,0.14285714285714285,0.07142857142857142,0.07142857142857142
spkr27_12,0.6470588235294118,0.17647058823529413,0.5882352941176471,0.11764705882352941,0.0,0.0,0.11764705882352941,0.11764705882352941,0.058823529411764705,0.0,0.0,0.058823529411764705,0.0,0.11764705882352941,0.0,0.0,0.11764705882352941,0.47058823529411764,0.11764705882352941,0.11764705882352941,0.17647058823529413,0.0,0.29411764705882354,0.0,0.17647058823529413,0.0,0.17647058823529413,0.058823529411764705
spkr27_13,0.9375,0.35294117647058826,0.5882352941176471,0.0,0.0,0.0,0.0,0.0,0.25,0.11764705882352941,0.0,0.0,0.0,0.0,0.0,0.0,0.0,0.0,0.0,0.0,0.0,0.23529411764705882,0.058823529411764705,0.11764705882352941,0.23529411764705882,0.17647058823529413,0.058823529411764705,0.0
spkr27_14,0.47058823529411764,0.23529411764705882,0.5882352941176471,0.0,0.0,0.0,0.0,0.0,0.11764705882352941,0.0,0.0,0.0,0.0,0.0,0.0,0.0,0.0,0.47058823529411764,0.0,0.0,0.23529411764705882,0.0,0.0,0.0,0.0,0.0,0.17647058823529413,0.0
spkr27_15,0.6470588235294118,0.0,0.5882352941176471,0.0,0.0,0.0,0.0,0.0,0.17647058823529413,0.0,0.0,0.0,0.0,0.0,0.0,0.0,0.0,0.7058823529411765,0.0,0.0,0.0,0.0,0.0,0.0,0.11764705882352941,0.0,0.058823529411764705,0.0
spkr27_18,0.5,0.0,0.38461538461538464,0.0,0.0,0.0,0.0,0.0,0.07692307692307693,0.0,0.0,0.0,0.0,0.0,0.0,0.0,0.0,0.0,0.0,0.0,0.0,0.0,0.0,0.0,0.0,0.0,0.0,0.0
spkr27_19,0.16129032258064516,0.03225806451612903,0.3548387096774194,0.0,0.0,0.0,0.0,0.0,0.0,0.0,0.0,0.0,0.0,0.0,0.0,0.0,0.0,0.6129032258064516,0.0,0.0,0.0,0.0,0.0,0.0,0.0,0.0,0.0,0.0
spkr27_2,0.8181818181818182,0.2727272727272727,0.7272727272727273,0.0,0.0,0.0,0.0,0.0,0.9090909090909091,0.0,0.0,0.0,0.0,0.0,0.0,0.0,0.0,1.0,0.2727272727272727,0.0,0.0,0.0,0.45454545454545453,0.0,0.18181818181818182,0.0,0.09090909090909091,0.0
spkr27_20,0.75,0.23076923076923078,0.5384615384615384,0.0,0.0,0.0,0.0,0.0,0.20833333333333334,0.0,0.0,0.0,0.0,0.0,0.0,0.0,0.0,0.5384615384615384,0.0,0.0,0.0,0.0,0.23076923076923078,0.0,0.11538461538461539,0.0,0.19230769230769232,0.0
spkr27_21,0.48,0.07407407407407407,0.2962962962962963,0.0,0.0,0.0,0.0,0.0,0.08,0.0,0.037037037037037035,0.037037037037037035,0.0,0.0,0.0,0.037037037037037035,0.0,0.18518518518518517,0.0,0.0,0.0,0.0,0.0,0.0,0.037037037037037035,0.0,0.07407407407407407,0.0
spkr27_22,0.4444444444444444,0.0,0.2777777777777778,0.0,0.0,0.0,0.0,0.0,0.05555555555555555,0.0,0.0,0.0,0.0,0.0,0.0,0.0,0.0,0.16666666666666666,0.0,0.0,0.16666666666666666,0.0,0.0,0.0,0.05555555555555555,0.05555555555555555,0.0,0.0
spkr27_24,0.5882352941176471,0.10526315789473684,0.3157894736842105,0.0,0.0,0.0,0.0,0.0,0.058823529411764705,0.0,0.0,0.0,0.0,0.0,0.0,0.0,0.0,0.5263157894736842,0.0,0.0,0.0,0.0,0.0,0.0,0.0,0.0,0.0,0.05263157894736842
spkr27_26,0.6111111111111112,0.10526315789473684,0.3684210526315789,0.0,0.0,0.0,0.0,0.0,0.2777777777777778,0.0,0.0,0.0,0.0,0.0,0.0,0.0,0.0,0.47368421052631576,0.10526315789473684,0.2631578947368421,0.0,0.0,0.21052631578947367,0.0,0.3157894736842105,0.0,0.10526315789473684,0.0
spkr27_28,0.7333333333333333,0.058823529411764705,0.47058823529411764,0.0,0.0,0.0,0.0,0.0,0.0,0.0,0.0,0.0,0.0,0.0,0.0,0.0,0.0,0.0,0.0,0.0,0.0,0.058823529411764705,0.0,0.0,0.0,0.0,0.29411764705882354,0.0
spkr27_29,0.8,0.0,0.5333333333333333,0.0,0.0,0.0,0.0,0.0,0.06666666666666667,0.0,0.0,0.0,0.0,0.0,0.0,0.0,0.0,0.5333333333333333,0.0,0.0,0.06666666666666667,0.0,0.0,0.0,0.13333333333333333,0.0,0.0,0.0
spkr27_30,0.5333333333333333,0.4,0.5333333333333333,0.2,0.0,0.0,0.0,0.0,0.2,0.0,0.06666666666666667,0.0,0.0,0.0,0.0,0.0,0.0,0.13333333333333333,0.0,0.0,0.0,0.13333333333333333,0.06666666666666667,0.13333333333333333,0.2,0.0,0.2,0.0
spkr27_31,0.47368421052631576,0.05263157894736842,0.42105263157894735,0.0,0.0,0.0,0.0,0.0,0.0,0.0,0.0,0.0,0.0,0.0,0.0,0.0,0.0,0.21052631578947367,0.0,0.0,0.0,0.0,0.0,0.0,0.05263157894736842,0.0,0.0,0.0
spkr27_33,0.6666666666666666,0.36363636363636365,0.4090909090909091,0.0,0.0,0.0,0.0,0.0,0.09523809523809523,0.0,0.09090909090909091,0.0,0.0,0.0,0.0,0.0,0.0,0.4090909090909091,0.0,0.0,0.0,0.0,0.22727272727272727,0.0,0.045454545454545456,0.0,0.13636363636363635,0.0
spkr27_34,0.3181818181818182,0.18181818181818182,0.5,0.0,0.0,0.09090909090909091,0.045454545454545456,0.09090909090909091,0.3181818181818182,0.09090909090909091,0.09090909090909091,0.09090909090909091,0.09090909090909091,0.09090909090909091,0.045454545454545456,0.13636363636363635,0.0,0.5454545454545454,0.045454545454545456,0.18181818181818182,0.045454545454545456,0.09090909090909091,0.09090909090909091,0.09090909090909091,0.09090909090909091,0.18181818181818182,0.09090909090909091,0.09090909090909091
spkr27_35,0.5714285714285714,0.42857142857142855,0.6428571428571429,0.42857142857142855,0.14285714285714285,0.0,0.14285714285714285,0.0,0.6428571428571429,0.42857142857142855,0.21428571428571427,0.0,0.5,0.14285714285714285,0.07142857142857142,0.0,0.0,0.0,0.35714285714285715,0.35714285714285715,0.0,0.5,0.42857142857142855,0.35714285714285715,0.2857142857142857,0.35714285714285715,0.35714285714285715,0.35714285714285715
spkr27_36,0.5555555555555556,0.15,0.4,0.0,0.0,0.0,0.0,0.0,0.2222222222222222,0.0,0.0,0.0,0.0,0.0,0.0,0.0,0.0,0.5,0.0,0.0,0.0,0.0,0.05,0.0,0.1,0.0,0.0,0.05
spkr27_37,0.5714285714285714,0.3333333333333333,0.4,0.06666666666666667,0.0,0.0,0.0,0.0,0.0,0.0,0.0,0.0,0.0,0.0,0.0,0.0,0.0,0.0,0.0,0.0,0.0,0.13333333333333333,0.0,0.0,0.13333333333333333,0.13333333333333333,0.0,0.0
spkr27_38,0.6875,0.0,0.3333333333333333,0.0,0.0,0.0,0.0,0.0,0.0625,0.0,0.0,0.0,0.0,0.0,0.0,0.0,0.0,0.13333333333333333,0.0,0.0,0.0,0.0,0.0,0.0,0.06666666666666667,0.0,0.0,0.0
spkr27_4,0.8571428571428571,0.0,0.23076923076923078,0.0,0.0,0.0,0.0,0.0,0.0,0.0,0.0,0.0,0.0,0.0,0.0,0.0,0.0,0.15384615384615385,0.0,0.0,0.38461538461538464,0.0,0.0,0.0,0.0,0.0,0.0,0.0
spkr27_40,0.5,0.4,0.26666666666666666,0.0,0.0,0.0,0.0,0.0,0.0,0.0,0.0,0.0,0.0,0.0,0.0,0.0,0.0,0.6666666666666666,0.13333333333333333,0.13333333333333333,0.3333333333333333,0.0,0.3333333333333333,0.0,0.06666666666666667,0.0,0.0,0.0
spkr27_42,0.5454545454545454,0.2727272727272727,0.45454545454545453,0.18181818181818182,0.0,0.0,0.0,0.09090909090909091,0.18181818181818182,0.09090909090909091,0.09090909090909091,0.09090909090909091,0.0,0.0,0.0,0.0,0.09090909090909091,0.45454545454545453,0.0,0.09090909090909091,0.18181818181818182,0.18181818181818182,0.09090909090909091,0.09090909090909091,0.09090909090909091,0.09090909090909091,0.09090909090909091,0.09090909090909091
spkr27_43,0.6153846153846154,0.23076923076923078,0.5384615384615384,0.0,0.0,0.0,0.0,0.0,0.15384615384615385,0.0,0.0,0.0,0.0,0.0,0.0,0.0,0.0,0.15384615384615385,0.3076923076923077,0.0,0.0,0.15384615384615385,0.07692307692307693,0.0,0.07692307692307693,0.0,0.0,0.0
spkr27_44,0.5625,0.1875,0.3125,0.0625,0.0625,0.0625,0.0625,0.0625,0.25,0.1875,0.0625,0.0625,0.0625,0.0625,0.0625,0.0625,0.0625,0.0625,0.0625,0.0625,0.0625,0.0625,0.0625,0.0625,0.25,0.0625,0.25,0.0625
spkr27_45,0.9,0.0,0.36363636363636365,0.0,0.0,0.0,0.0,0.0,0.7,0.0,0.0,0.0,0.0,0.0,0.0,0.0,0.0,0.9090909090909091,0.0,0.0,0.0,0.0,0.09090909090909091,0.0,0.0,0.0,0.09090909090909091,0.0
spkr27_46,0.6,0.13333333333333333,0.4,0.0,0.0,0.0,0.0,0.0,0.0,0.0,0.0,0.0,0.0,0.0,0.0,0.0,0.0,0.26666666666666666,0.0,0.0,0.0,0.0,0.0,0.0,0.0,0.0,0.06666666666666667,0.0
spkr27_5,0.4666666666666667,0.26666666666666666,0.2,0.13333333333333333,0.13333333333333333,0.13333333333333333,0.0,0.0,0.13333333333333333,0.06666666666666667,0.06666666666666667,0.13333333333333333,0.13333333333333333,0.0,0.0,0.0,0.13333333333333333,0.26666666666666666,0.13333333333333333,0.13333333333333333,0.06666666666666667,0.06666666666666667,0.4,0.2,0.26666666666666666,0.13333333333333333,0.13333333333333333,0.0
spkr27_50,0.5333333333333333,0.12903225806451613,0.41935483870967744,0.0,0.0,0.0,0.0,0.0,0.1,0.0,0.0,0.0,0.0,0.0,0.0,0.0,0.0,0.3870967741935484,0.0,0.0,0.0,0.0,0.0,0.0,0.0967741935483871,0.0,0.0,0.0
spkr27_51,0.6428571428571429,0.14285714285714285,0.6428571428571429,0.0,0.0,0.0,0.0,0.0,0.14285714285714285,0.0,0.0,0.0,0.0,0.14285714285714285,0.0,0.0,0.0,0.0,0.07142857142857142,0.07142857142857142,0.0,0.0,0.07142857142857142,0.07142857142857142,0.14285714285714285,0.14285714285714285,0.07142857142857142,0.07142857142857142
spkr27_52,0.5454545454545454,0.0,0.2727272727272727,0.0,0.0,0.0,0.0,0.0,0.09090909090909091,0.09090909090909091,0.0,0.0,0.0,0.0,0.0,0.0,0.0,0.36363636363636365,0.0,0.0,0.09090909090909091,0.09090909090909091,0.0,0.0,0.2727272727272727,0.0,0.09090909090909091,0.0
spkr27_53,0.6666666666666666,0.13333333333333333,0.5333333333333333,0.06666666666666667,0.0,0.0,0.06666666666666667,0.06666666666666667,0.06666666666666667,0.2,0.0,0.0,0.0,0.0,0.0,0.06666666666666667,0.0,0.9333333333333333,0.06666666666666667,0.06666666666666667,0.06666666666666667,0.13333333333333333,0.0,0.06666666666666667,0.13333333333333333,0.06666666666666667,0.06666666666666667,0.06666666666666667
spkr27_54,1.0,0.5714285714285714,0.8571428571428571,0.0,0.0,0.0,0.0,0.0,0.5,0.0,0.0,0.14285714285714285,0.0,0.0,0.0,0.14285714285714285,0.0,0.0,0.14285714285714285,0.0,0.0,0.0,0.14285714285714285,0.2857142857142857,0.0,0.0,0.5714285714285714,0.2857142857142857
spkr27_55,0.8,0.29411764705882354,0.5294117647058824,0.0,0.0,0.0,0.0,0.0,0.2,0.11764705882352941,0.0,0.0,0.0,0.0,0.0,0.0,0.0,0.47058823529411764,0.0,0.0,0.4117647058823529,0.0,0.11764705882352941,0.0,0.29411764705882354,0.0,0.17647058823529413,0.058823529411764705
spkr27_56,0.5,0.3,0.3,0.0,0.0,0.0,0.0,0.0,0.2,0.0,0.0,0.0,0.0,0.0,0.0,0.4,0.0,1.0,0.0,0.4,0.0,0.0,0.3,0.3,0.2,0.0,0.1,0.2
spkr27_57,1.0,0.17647058823529413,0.6470588235294118,0.17647058823529413,0.0,0.0,0.0,0.0,0.26666666666666666,0.058823529411764705,0.23529411764705882,0.17647058823529413,0.11764705882352941,0.23529411764705882,0.0,0.0,0.0,0.35294117647058826,0.0,0.17647058823529413,0.23529411764705882,0.0,0.058823529411764705,0.058823529411764705,0.23529411764705882,0.058823529411764705,0.23529411764705882,0.17647058823529413
spkr27_58,0.8571428571428571,0.18181818181818182,0.36363636363636365,0.0,0.0,0.0,0.0,0.0,0.19047619047619047,0.0,0.0,0.0,0.0,0.0,0.0,0.0,0.0,0.9090909090909091,0.0,0.0,0.0,0.0,0.09090909090909091,0.0,0.0,0.0,0.0,0.0
spkr27_59,0.2727272727272727,0.0,0.5454545454545454,0.0,0.0,0.0,0.0,0.0,0.0,0.0,0.0,0.0,0.0,0.0,0.0,0.0,0.0,0.8181818181818182,0.0,0.0,0.0,0.0,0.0,0.18181818181818182,0.0,0.0,0.0,0.0
spkr27_6,0.9166666666666666,0.5,0.3333333333333333,0.25,0.0,0.0,0.0,0.0,0.08333333333333333,0.0,0.16666666666666666,0.0,0.0,0.16666666666666666,0.0,0.0,0.0,0.0,0.0,0.0,0.0,0.0,0.08333333333333333,0.0,0.16666666666666666,0.0,0.25,0.08333333333333333
spkr27_60,0.8125,0.11764705882352941,0.6470588235294118,0.0,0.0,0.0,0.0,0.0,0.3125,0.0,0.0,0.0,0.0,0.0,0.0,0.0,0.0,0.35294117647058826,0.0,0.0,0.11764705882352941,0.0,0.17647058823529413,0.0,0.058823529411764705,0.0,0.058823529411764705,0.058823529411764705
spkr27_61,0.6666666666666666,0.0,0.5,0.0,0.0,0.0,0.0,0.0,0.16666666666666666,0.05555555555555555,0.0,0.0,0.0,0.0,0.0,0.0,0.0,0.2222222222222222,0.0,0.0,0.0,0.05555555555555555,0.05555555555555555,0.0,0.0,0.05555555555555555,0.05555555555555555,0.0
spkr27_62,0.7,0.0,0.09090909090909091,0.0,0.0,0.0,0.0,0.0,0.2,0.0,0.0,0.0,0.0,0.0,0.0,0.0,0.0,0.0,0.0,0.0,0.0,0.0,0.0,0.0,0.0,0.0,0.0,0.0
spkr27_63,0.7,0.3,0.3,0.0,0.0,0.0,0.0,0.3,0.1,0.0,0.0,0.0,0.0,0.0,0.0,0.0,0.0,0.0,0.0,0.0,0.0,0.0,0.0,0.0,0.3,0.0,0.0,0.1
spkr27_64,0.5882352941176471,0.17647058823529413,0.8235294117647058,0.0,0.0,0.0,0.0,0.0,0.058823529411764705,0.0,0.0,0.0,0.0,0.0,0.0,0.0,0.0,0.23529411764705882,0.0,0.0,0.0,0.0,0.0,0.0,0.11764705882352941,0.0,0.17647058823529413,0.0
spkr27_65,0.2608695652173913,0.0,0.43478260869565216,0.0,0.0,0.0,0.0,0.0,0.13043478260869565,0.0,0.0,0.0,0.0,0.0,0.0,0.0,0.0,0.5217391304347826,0.0,0.0,0.0,0.0,0.043478260869565216,0.0,0.0,0.0,0.0,0.0
spkr27_66,0.35294117647058826,0.0,0.05555555555555555,0.0,0.0,0.0,0.0,0.0,0.0,0.0,0.0,0.0,0.0,0.0,0.0,0.0,0.0,0.05555555555555555,0.0,0.0,0.0,0.0,0.0,0.0,0.0,0.0,0.0,0.0
spkr27_67,0.5,0.0,0.6428571428571429,0.0,0.0,0.0,0.0,0.0,0.0,0.0,0.0,0.0,0.0,0.0,0.0,0.0,0.0,0.2857142857142857,0.0,0.0,0.0,0.0,0.0,0.0,0.0,0.0,0.0,0.0
spkr27_68,0.5833333333333334,0.3076923076923077,0.38461538461538464,0.15384615384615385,0.0,0.0,0.0,0.0,0.16666666666666666,0.0,0.0,0.15384615384615385,0.0,0.0,0.0,0.0,0.0,0.15384615384615385,0.15384615384615385,0.15384615384615385,0.15384615384615385,0.15384615384615385,0.38461538461538464,0.0,0.0,0.23076923076923078,0.07692307692307693,0.07692307692307693
spkr27_69,0.5,0.16666666666666666,0.8333333333333334,0.0,0.0,0.0,0.0,0.0,0.05555555555555555,0.0,0.0,0.0,0.0,0.16666666666666666,0.0,0.0,0.0,0.3888888888888889,0.05555555555555555,0.0,0.0,0.0,0.2222222222222222,0.0,0.0,0.0,0.05555555555555555,0.05555555555555555
spkr27_7,0.6666666666666666,0.1875,0.6875,0.0,0.0,0.0,0.0,0.0,0.2,0.0,0.0,0.0,0.0,0.125,0.0625,0.0625,0.0,0.375,0.0,0.0,0.1875,0.0625,0.1875,0.0,0.1875,0.0625,0.0,0.0
spkr27_70,0.5625,0.0625,0.5,0.0,0.0,0.0,0.0,0.0,0.1875,0.0,0.0625,0.0,0.0,0.125,0.0,0.0,0.0,0.5,0.0,0.0625,0.0625,0.0,0.0,0.0625,0.0625,0.0,0.0,0.0
spkr27_71,0.7777777777777778,0.05263157894736842,0.21052631578947367,0.0,0.0,0.0,0.0,0.0,0.2777777777777778,0.0,0.05263157894736842,0.0,0.0,0.15789473684210525,0.0,0.0,0.0,0.3684210526315789,0.0,0.0,0.0,0.0,0.0,0.0,0.15789473684210525,0.0,0.05263157894736842,0.10526315789473684
spkr27_72,0.631578947368421,0.2222222222222222,0.6111111111111112,0.0,0.0,0.0,0.0,0.0,0.10526315789473684,0.1111111111111111,0.0,0.0,0.0,0.0,0.0,0.0,0.0,0.2777777777777778,0.0,0.0,0.0,0.1111111111111111,0.2222222222222222,0.0,0.2222222222222222,0.2222222222222222,0.2222222222222222,0.2222222222222222
spkr27_73,0.7272727272727273,0.18181818181818182,0.6363636363636364,0.0,0.0,0.0,0.0,0.0,0.2727272727272727,0.0,0.0,0.0,0.0,0.0,0.0,0.0,0.0,0.0,0.0,0.0,0.0,0.0,0.0,0.18181818181818182,0.09090909090909091,0.18181818181818182,0.09090909090909091,0.0
spkr27_74,0.5714285714285714,0.07142857142857142,0.5,0.0,0.0,0.0,0.0,0.0,0.07142857142857142,0.0,0.0,0.0,0.0,0.0,0.0,0.0,0.0,0.5714285714285714,0.0,0.0,0.0,0.0,0.0,0.0,0.0,0.0,0.21428571428571427,0.0
spkr27_75,0.5882352941176471,0.17647058823529413,0.35294117647058826,0.0,0.0,0.0,0.0,0.0,0.35294117647058826,0.11764705882352941,0.0,0.0,0.0,0.0,0.0,0.0,0.0,0.47058823529411764,0.4117647058823529,0.0,0.29411764705882354,0.058823529411764705,0.17647058823529413,0.23529411764705882,0.23529411764705882,0.47058823529411764,0.35294117647058826,0.35294117647058826
spkr27_8,0.5625,0.4375,0.5,0.0,0.0,0.0,0.0,0.0,0.375,0.1875,0.0,0.0,0.0,0.0,0.0,0.0,0.0,0.625,0.0,0.0,0.1875,0.1875,0.0,0.0,0.0625,0.125,0.0625,0.0
spkr27_9,0.42857142857142855,0.07142857142857142,0.5,0.07142857142857142,0.07142857142857142,0.07142857142857142,0.07142857142857142,0.07142857142857142,0.07142857142857142,0.21428571428571427,0.07142857142857142,0.07142857142857142,0.07142857142857142,0.07142857142857142,0.07142857142857142,0.07142857142857142,0.07142857142857142,0.5714285714285714,0.0,0.0,0.0,0.0,0.0,0.07142857142857142,0.07142857142857142,0.07142857142857142,0.07142857142857142,0.07142857142857142
spkr29_1,1.0,0.4,0.4,0.0,0.0,0.0,0.0,0.0,0.2,0.4,0.1,0.0,0.0,0.0,0.0,0.0,0.0,0.9,0.0,0.0,0.1,0.0,0.5,0.0,0.1,0.4,0.1,0.0
spkr29_10,0.5294117647058824,0.0,0.4117647058823529,0.058823529411764705,0.0,0.0,0.0,0.058823529411764705,0.0,0.0,0.11764705882352941,0.058823529411764705,0.0,0.17647058823529413,0.0,0.0,0.0,0.5294117647058824,0.058823529411764705,0.058823529411764705,0.23529411764705882,0.0,0.0,0.0,0.058823529411764705,0.0,0.0,0.0
spkr29_11,0.7142857142857143,0.7857142857142857,0.6428571428571429,0.14285714285714285,0.0,0.07142857142857142,0.0,0.14285714285714285,0.35714285714285715,0.35714285714285715,0.07142857142857142,0.0,0.0,0.14285714285714285,0.0,0.0,0.14285714285714285,0.8571428571428571,0.14285714285714285,0.2857142857142857,0.14285714285714285,0.14285714285714285,0.35714285714285715,0.14285714285714285,0.21428571428571427,0.2857142857142857,0.14285714285714285,0.35714285714285715
spkr29_12,0.8235294117647058,0.29411764705882354,0.6470588235294118,0.0,0.0,0.0,0.0,0.0,0.058823529411764705,0.17647058823529413,0.0,0.0,0.0,0.0,0.0,0.0,0.0,0.7647058823529411,0.0,0.058823529411764705,0.35294117647058826,0.0,0.35294117647058826,0.11764705882352941,0.23529411764705882,0.0,0.17647058823529413,0.058823529411764705
spkr29_13,0.6875,0.17647058823529413,0.5882352941176471,0.0,0.0,0.0,0.0,0.0,0.375,0.0,0.0,0.17647058823529413,0.0,0.0,0.0,0.0,0.0,0.4117647058823529,0.0,0.0,0.0,0.23529411764705882,0.17647058823529413,0.11764705882352941,0.17647058823529413,0.0,0.11764705882352941,0.11764705882352941
spkr29_14,0.7058823529411765,0.4117647058823529,0.47058823529411764,0.23529411764705882,0.23529411764705882,0.23529411764705882,0.29411764705882354,0.4117647058823529,0.23529411764705882,0.35294117647058826,0.5294117647058824,0.0,0.23529411764705882,0.23529411764705882,0.29411764705882354,0.23529411764705882,0.4117647058823529,0.47058823529411764,0.23529411764705882,0.4117647058823529,0.4117647058823529,0.23529411764705882,0.4117647058823529,0.058823529411764705,0.35294117647058826,0.35294117647058826,0.29411764705882354,0.23529411764705882
spkr29_15,0.8823529411764706,0.4117647058823529,0.5294117647058824,0.23529411764705882,0.0,0.0,0.0,0.0,0.29411764705882354,0.0,0.17647058823529413,0.0,0.0,0.17647058823529413,0.0,0.0,0.0,0.7058823529411765,0.23529411764705882,0.17647058823529413,0.11764705882352941,0.17647058823529413,0.5294117647058824,0.0,0.29411764705882354,0.0,0.35294117647058826,0.11764705882352941
spkr29_18,0.5769230769230769,0.3076923076923077,0.5384615384615384,0.0,0.0,0.0,0.0,0.0,0.11538461538461539,0.0,0.11538461538461539,0.0,0.11538461538461539,0.11538461538461539,0.0,0.0,0.0,0.3076923076923077,0.11538461538461539,0.0,0.11538461538461539,0.0,0.0,0.0,0.19230769230769232,0.0,0.07692307692307693,0.0
spkr29_19,0.45161290322580644,0.03225806451612903,0.4838709677419355,0.06451612903225806,0.06451612903225806,0.06451612903225806,0.03225806451612903,0.0,0.06451612903225806,0.06451612903225806,0.06451612903225806,0.06451612903225806,0.06451612903225806,0.03225806451612903,0.0,0.06451612903225806,0.06451612903225806,0.3225806451612903,0.06451612903225806,0.06451612903225806,0.03225806451612903,0.06451612903225806,0.06451612903225806,0.06451612903225806,0.0967741935483871,0.06451612903225806,0.0967741935483871,0.06451612903225806
spkr29_2,0.6363636363636364,0.5454545454545454,0.45454545454545453,0.36363636363636365,0.0,0.0,0.0,0.09090909090909091,0.8181818181818182,0.09090909090909091,0.09090909090909091,0.0,0.0,0.09090909090909091,0.0,0.0,0.0,0.7272727272727273,0.09090909090909091,0.0,0.2727272727272727,0.2727272727272727,0.45454545454545453,0.0,0.18181818181818182,0.0,0.2727272727272727,0.18181818181818182
spkr29_20,0.6666666666666666,0.19230769230769232,0.5384615384615384,0.0,0.0,0.0,0.0,0.0,0.25,0.0,0.0,0.0,0.0,0.0,0.0,0.0,0.0,0.8076923076923077,0.0,0.0,0.07692307692307693,0.0,0.11538461538461539,0.0,0.19230769230769232,0.0,0.0,0.0
spkr29_21,0.52,0.07407407407407407,0.2962962962962963,0.0,0.0,0.0,0.0,0.0,0.08,0.0,0.037037037037037035,0.0,0.0,0.0,0.0,0.037037037037037035,0.0,0.4074074074074074,0.0,0.0,0.18518518518518517,0.037037037037037035,0.1111111111111111,0.037037037037037035,0.037037037037037035,0.0,0.1111111111111111,0.0
spkr29_22,0.5555555555555556,0.0,0.6111111111111112,0.0,0.0,0.0,0.0,0.0,0.1111111111111111,0.0,0.0,0.0,0.0,0.0,0.0,0.0,0.0,0.0,0.0,0.0,0.0,0.0,0.0,0.0,0.0,0.0,0.0,0.0
spkr29_23,0.55,0.15,0.55,0.0,0.0,0.0,0.0,0.0,0.15,0.0,0.0,0.0,0.0,0.0,0.0,0.0,0.0,0.35,0.0,0.0,0.0,0.0,0.0,0.0,0.0,0.0,0.1,0.0
spkr29_24,0.6470588235294118,0.3684210526315789,0.631578947368421,0.0,0.0,0.0,0.0,0.0,0.11764705882352941,0.10526315789473684,0.21052631578947367,0.0,0.0,0.0,0.0,0.0,0.0,0.47368421052631576,0.10526315789473684,0.10526315789473684,0.10526315789473684,0.10526315789473684,0.2631578947368421,0.10526315789473684,0.21052631578947367,0.0,0.0,0.0
spkr29_26,0.6111111111111112,0.3157894736842105,0.15789473684210525,0.10526315789473684,0.0,0.0,0.10526315789473684,0.0,0.5555555555555556,0.0,0.0,0.0,0.0,0.10526315789473684,0.0,0.0,0.0,0.42105263157894735,0.10526315789473684,0.10526315789473684,0.15789473684210525,0.0,0.0,0.10526315789473684,0.10526315789473684,0.21052631578947367,0.0,0.10526315789473684
spkr29_28,0.7333333333333333,0.058823529411764705,0.29411764705882354,0.0,0.0,0.0,0.0,0.0,0.06666666666666667,0.058823529411764705,0.0,0.0,0.0,0.058823529411764705,0.0,0.0,0.0,0.11764705882352941,0.0,0.0,0.0,0.0,0.058823529411764705,0.058823529411764705,0.17647058823529413,0.0,0.0,0.0
spkr29_29,0.6,0.4,0.6,0.0,0.0,0.0,0.0,0.0,0.0,0.0,0.0,0.0,0.0,0.0,0.0,0.0,0.0,0.6,0.0,0.0,0.06666666666666667,0.0,0.06666666666666667,0.0,0.06666666666666667,0.0,0.06666666666666667,0.06666666666666667
spkr29_30,0.5333333333333333,0.26666666666666666,0.5333333333333333,0.2,0.0,0.0,0.0,0.0,0.26666666666666666,0.26666666666666666,0.06666666666666667,0.13333333333333333,0.0,0.0,0.0,0.0,0.2,0.6,0.0,0.3333333333333333,0.13333333333333333,0.26666666666666666,0.26666666666666666,0.0,0.4,0.3333333333333333,0.3333333333333333,0.0
spkr29_31,0.47368421052631576,0.3684210526315789,0.47368421052631576,0.0,0.0,0.0,0.0,0.0,0.10526315789473684,0.0,0.0,0.0,0.0,0.0,0.0,0.0,0.0,0.5789473684210527,0.0,0.0,0.0,0.0,0.0,0.0,0.0,0.0,0.0,0.0
spkr29_33,0.7619047619047619,0.09090909090909091,0.3181818181818182,0.0,0.0,0.0,0.0,0.0,0.09523809523809523,0.0,0.09090909090909091,0.0,0.0,0.0,0.0,0.0,0.0,0.5454545454545454,0.0,0.0,0.13636363636363635,0.0,0.0,0.0,0.0,0.0,0.045454545454545456,0.0
spkr29_34,0.6818181818181818,0.4090909090909091,0.4090909090909091,0.13636363636363635,0.0,0.09090909090909091,0.09090909090909091,0.18181818181818182,0.3181818181818182,0.3181818181818182,0.18181818181818182,0.09090909090909091,0.09090909090909091,0.09090909090909091,0.0,0.13636363636363635,0.09090909090909091,0.5454545454545454,0.36363636363636365,0.36363636363636365,0.5,0.09090909090909091,0.2727272727272727,0.18181818181818182,0.2727272727272727,0.13636363636363635,0.22727272727272727,0.22727272727272727
spkr29_35,0.7142857142857143,0.21428571428571427,0.6428571428571429,0.14285714285714285,0.14285714285714285,0.14285714285714285,0.14285714285714285,0.14285714285714285,0.7142857142857143,0.14285714285714285,0.14285714285714285,0.14285714285714285,0.14285714285714285,0.14285714285714285,0.14285714285714285,0.14285714285714285,0.14285714285714285,0.6428571428571429,0.14285714285714285,0.14285714285714285,0.14285714285714285,0.14285714285714285,0.5,0.14285714285714285,0.14285714285714285,0.5,0.5,0.14285714285714285
spkr29_36,0.5555555555555556,0.0,0.3,0.0,0.0,0.0,0.0,0.0,0.16666666666666666,0.0,0.0,0.0,0.0,0.0,0.0,0.0,0.0,0.65,0.0,0.0,0.0,0.0,0.0,0.0,0.0,0.0,0.0,0.0
spkr29_37,0.7857142857142857,0.3333333333333333,0.6,0.0,0.0,0.0,0.0,0.0,0.07142857142857142,0.0,0.0,0.13333333333333333,0.0,0.0,0.13333333333333333,0.0,0.0,0.6666666666666666,0.0,0.0,0.0,0.0,0.13333333333333333,0.06666666666666667,0.3333333333333333,0.0,0.13333333333333333,0.06666666666666667
spkr29_38,0.75,0.4,0.6,0.0,0.0,0.0,0.0,0.0,0.0625,0.0,0.0,0.0,0.0,0.0,0.0,0.0,0.0,0.5333333333333333,0.4,0.6,0.0,0.0,0.13333333333333333,0.0,0.13333333333333333,0.0,0.13333333333333333,0.0
spkr29_4,1.0,0.6923076923076923,0.7692307692307693,0.0,0.0,0.0,0.0,0.0,0.0,0.0,0.0,0.0,0.0,0.0,0.0,0.0,0.0,0.5384615384615384,0.0,0.0,0.38461538461538464,0.0,0.0,0.0,0.0,0.0,0.0,0.0
spkr29_40,0.5714285714285714,0.26666666666666666,0.4,0.0,0.0,0.0,0.0,0.0,0.0,0.0,0.0,0.0,0.0,0.0,0.0,0.0,0.0,0.5333333333333333,0.0,0.0,0.0,0.0,0.2,0.0,0.13333333333333333,0.0,0.0,0.13333333333333333
spkr29_42,0.5454545454545454,0.6363636363636364,0.36363636363636365,0.18181818181818182,0.0,0.0,0.0,0.09090909090909091,0.2727272727272727,0.18181818181818182,0.0,0.18181818181818182,0.0,0.09090909090909091,0.18181818181818182,0.0,0.18181818181818182,0.5454545454545454,0.36363636363636365,0.5454545454545454,0.2727272727272727,0.18181818181818182,0.18181818181818182,0.09090909090909091,0.18181818181818182,0.18181818181818182,0.36363636363636365,0.2727272727272727
spkr29_43,0.8461538461538461,0.3076923076923077,0.5384615384615384,0.0,0.0,0.0,0.0,0.0,0.6153846153846154,0.15384615384615385,0.15384615384615385,0.15384615384615385,0.0,0.0,0.0,0.3076923076923077,0.0,0.7692307692307693,0.0,0.15384615384615385,0.6153846153846154,0.23076923076923078,0.46153846153846156,0.07692307692307693,0.5384615384615384,0.07692307692307693,0.0,0.0
spkr29_44,0.75,0.3125,0.5625,0.0625,0.0625,0.0625,0.0625,0.0625,0.625,0.0625,0.25,0.0625,0.0625,0.125,0.0625,0.0625,0.0625,0.875,0.25,0.25,0.0625,0.125,0.25,0.25,0.125,0.0625,0.1875,0.25
spkr29_45,0.6,0.0,0.5454545454545454,0.0,0.0,0.09090909090909091,0.0,0.0,0.5,0.0,0.0,0.0,0.0,0.0,0.0,0.0,0.0,0.2727272727272727,0.18181818181818182,0.0,0.2727272727272727,0.0,0.0,0.0,0.0,0.0,0.09090909090909091,0.0
spkr29_46,0.6666666666666666,0.13333333333333333,0.4,0.0,0.0,0.0,0.0,0.0,0.06666666666666667,0.0,0.0,0.0,0.0,0.0,0.0,0.0,0.0,0.4,0.0,0.0,0.0,0.0,0.0,0.0,0.13333333333333333,0.0,0.06666666666666667,0.0
spkr29_5,0.6,0.26666666666666666,0.2,0.13333333333333333,0.13333333333333333,0.0,0.13333333333333333,0.2,0.2,0.13333333333333333,0.2,0.13333333333333333,0.26666666666666666,0.0,0.26666666666666666,0.13333333333333333,0.0,0.3333333333333333,0.0,0.0,0.26666666666666666,0.13333333333333333,0.3333333333333333,0.13333333333333333,0.2,0.13333333333333333,0.2,0.13333333333333333
spkr29_50,0.7333333333333333,0.25806451612903225,0.5161290322580645,0.0,0.0,0.0,0.0,0.0,0.16666666666666666,0.06451612903225806,0.0,0.0,0.0,0.06451612903225806,0.0,0.0,0.0,0.8709677419354839,0.0,0.0,0.22580645161290322,0.0,0.03225806451612903,0.0,0.3548387096774194,0.0,0.0967741935483871,0.0
spkr29_51,0.7142857142857143,0.14285714285714285,0.5,0.07142857142857142,0.07142857142857142,0.0,0.07142857142857142,0.07142857142857142,0.2857142857142857,0.2857142857142857,0.14285714285714285,0.0,0.07142857142857142,0.14285714285714285,0.0,0.0,0.07142857142857142,0.5,0.0,0.0,0.21428571428571427,0.42857142857142855,0.07142857142857142,0.14285714285714285,0.35714285714285715,0.07142857142857142,0.21428571428571427,0.07142857142857142
spkr29_52,0.7272727272727273,0.45454545454545453,0.36363636363636365,0.0,0.0,0.0,0.0,0.0,0.09090909090909091,0.0,0.0,0.0,0.0,0.0,0.0,0.0,0.0,1.0,0.0,0.0,0.0,0.0,0.0,0.0,0.18181818181818182,0.0,0.09090909090909091,0.0
spkr29_53,0.6,0.2,0.5333333333333333,0.06666666666666667,0.06666666666666667,0.06666666666666667,0.13333333333333333,0.13333333333333333,0.4666666666666667,0.13333333333333333,0.13333333333333333,0.0,0.06666666666666667,0.13333333333333333,0.06666666666666667,0.06666666666666667,0.13333333333333333,0.8666666666666667,0.13333333333333333,0.0,0.13333333333333333,0.13333333333333333,0.2,0.2,0.13333333333333333,0.13333333333333333,0.26666666666666666,0.13333333333333333
spkr29_54,1.0,0.42857142857142855,0.8571428571428571,0.0,0.0,0.0,0.0,0.0,0.5,0.0,0.0,0.0,0.0,0.0,0.0,0.0,0.0,0.8571428571428571,0.0,0.0,0.42857142857142855,0.14285714285714285,0.2857142857142857,0.2857142857142857,0.0,0.7142857142857143,0.2857142857142857,0.2857142857142857
spkr29_55,0.9333333333333333,0.35294117647058826,0.47058823529411764,0.0,0.0,0.0,0.17647058823529413,0.0,0.26666666666666666,0.0,0.0,0.5294117647058824,0.0,0.0,0.0,0.0,0.0,0.23529411764705882,0.0,0.17647058823529413,0.11764705882352941,0.4117647058823529,0.0,0.058823529411764705,0.35294117647058826,0.11764705882352941,0.17647058823529413,0.058823529411764705
spkr29_56,0.8,0.4,0.5,0.1,0.3,0.3,0.4,0.4,0.6,0.2,0.3,0.4,0.3,0.3,0.6,0.1,0.4,0.8,0.3,0.4,0.1,0.4,0.5,0.2,0.2,0.2,0.4,0.2
spkr29_57,0.6666666666666666,0.5882352941176471,0.5882352941176471,0.11764705882352941,0.0,0.0,0.0,0.0,0.5333333333333333,0.23529411764705882,0.0,0.23529411764705882,0.11764705882352941,0.11764705882352941,0.0,0.0,0.0,0.5294117647058824,0.17647058823529413,0.23529411764705882,0.23529411764705882,0.23529411764705882,0.058823529411764705,0.0,0.058823529411764705,0.0,0.11764705882352941,0.0
spkr29_58,0.8095238095238095,0.09090909090909091,0.5,0.09090909090909091,0.0,0.09090909090909091,0.09090909090909091,0.09090909090909091,0.23809523809523808,0.09090909090909091,0.09090909090909091,0.09090909090909091,0.09090909090909091,0.09090909090909091,0.09090909090909091,0.09090909090909091,0.09090909090909091,0.8636363636363636,0.09090909090909091,0.13636363636363635,0.22727272727272727,0.09090909090909091,0.09090909090909091,0.09090909090909091,0.18181818181818182,0.09090909090909091,0.09090909090909091,0.09090909090909091
spkr29_59,0.8181818181818182,0.0,0.6363636363636364,0.0,0.0,0.0,0.0,0.0,0.09090909090909091,0.0,0.0,0.0,0.0,0.0,0.0,0.0,0.0,1.0,0.09090909090909091,0.0,0.0,0.0,0.0,0.0,0.09090909090909091,0.0,0.09090909090909091,0.0
spkr29_6,0.6666666666666666,0.5,0.75,1.0,0.16666666666666666,0.16666666666666666,0.16666666666666666,0.3333333333333333,0.5,0.5,0.5,0.8333333333333334,0.5,0.5833333333333334,0.0,0.16666666666666666,0.0,1.0,0.4166666666666667,0.5833333333333334,0.9166666666666666,0.5833333333333334,0.8333333333333334,0.25,0.6666666666666666,0.75,0.5833333333333334,0.4166666666666667
spkr29_60,0.875,0.8823529411764706,0.5882352941176471,0.17647058823529413,0.0,0.0,0.0,0.0,0.1875,0.0,0.17647058823529413,0.0,0.0,0.0,0.0,0.0,0.0,0.4117647058823529,0.0,0.17647058823529413,0.29411764705882354,0.23529411764705882,0.058823529411764705,0.0,0.0,0.0,0.0,0.0
spkr29_61,0.6666666666666666,0.1111111111111111,0.4444444444444444,0.0,0.0,0.0,0.0,0.0,0.16666666666666666,0.0,0.0,0.0,0.0,0.0,0.0,0.0,0.0,0.7777777777777778,0.0,0.0,0.0,0.0,0.1111111111111111,0.0,0.0,0.0,0.0,0.0
spkr29_62,0.7,0.0,0.18181818181818182,0.0,0.0,0.0,0.0,0.0,0.4,0.0,0.0,0.0,0.0,0.0,0.0,0.0,0.0,0.5454545454545454,0.0,0.0,0.0,0.09090909090909091,0.0,0.0,0.0,0.0,0.0,0.0
spkr29_63,0.6,0.0,0.2,0.0,0.0,0.0,0.0,0.0,0.0,0.0,0.0,0.0,0.0,0.1,0.0,0.0,0.0,0.5,0.0,0.0,0.1,0.3,0.2,0.0,0.1,0.0,0.0,0.0
spkr29_64,0.5294117647058824,0.0,0.6470588235294118,0.0,0.0,0.0,0.11764705882352941,0.11764705882352941,0.11764705882352941,0.11764705882352941,0.0,0.0,0.0,0.0,0.0,0.0,0.23529411764705882,0.8235294117647058,0.17647058823529413,0.0,0.11764705882352941,0.0,0.0,0.11764705882352941,0.058823529411764705,0.11764705882352941,0.0,0.0
spkr29_65,0.4782608695652174,0.043478260869565216,0.4782608695652174,0.34782608695652173,0.043478260869565216,0.043478260869565216,0.043478260869565216,0.043478260869565216,0.13043478260869565,0.043478260869565216,0.043478260869565216,0.08695652173913043,0.043478260869565216,0.043478260869565216,0.043478260869565216,0.043478260869565216,0.043478260869565216,0.391304347826087,0.34782608695652173,0.34782608695652173,0.2608695652173913,0.043478260869565216,0.17391304347826086,0.043478260869565216,0.043478260869565216,0.043478260869565216,0.043478260869565216,0.043478260869565216
spkr29_66,0.5882352941176471,0.0,0.2222222222222222,0.0,0.0,0.0,0.0,0.0,0.058823529411764705,0.0,0.0,0.0,0.0,0.0,0.0,0.0,0.0,0.05555555555555555,0.0,0.0,0.0,0.0,0.0,0.0,0.0,0.0,0.0,0.0
spkr29_67,0.5,0.35714285714285715,0.7142857142857143,0.2857142857142857,0.0,0.14285714285714285,0.0,0.0,0.21428571428571427,0.0,0.07142857142857142,0.0,0.0,0.0,0.0,0.0,0.0,0.5,0.2857142857142857,0.8571428571428571,0.42857142857142855,0.0,0.2857142857142857,0.0,0.21428571428571427,0.0,0.07142857142857142,0.14285714285714285
spkr29_68,0.75,0.38461538461538464,0.46153846153846156,0.07692307692307693,0.07692307692307693,0.07692307692307693,0.07692307692307693,0.07692307692307693,0.16666666666666666,0.07692307692307693,0.07692307692307693,0.07692307692307693,0.07692307692307693,0.07692307692307693,0.23076923076923078,0.07692307692307693,0.07692307692307693,0.38461538461538464,0.07692307692307693,0.07692307692307693,0.07692307692307693,0.07692307692307693,0.23076923076923078,0.07692307692307693,0.07692307692307693,0.15384615384615385,0.38461538461538464,0.15384615384615385
spkr29_69,0.7222222222222222,0.1111111111111111,0.4444444444444444,0.0,0.0,0.0,0.0,0.0,0.16666666666666666,0.0,0.0,0.0,0.0,0.0,0.0,0.0,0.0,0.3888888888888889,0.0,0.0,0.0,0.0,0.1111111111111111,0.0,0.0,0.0,0.05555555555555555,0.05555555555555555
spkr29_7,0.8,0.4375,0.8125,0.25,0.25,0.25,0.25,0.375,0.4,0.1875,0.1875,0.25,0.25,0.25,0.25,0.25,0.25,1.0,0.25,0.25,0.3125,0.375,1.0,0.25,0.5,0.25,0.3125,0.1875
spkr29_70,0.4375,0.1875,0.3125,0.0625,0.0,0.0,0.0,0.0,0.1875,0.0,0.0,0.0625,0.0,0.0625,0.0,0.0,0.0,0.25,0.0,0.0625,0.0625,0.0,0.0,0.0625,0.1875,0.0625,0.0,0.0625
spkr29_71,0.7222222222222222,0.05263157894736842,0.3684210526315789,0.0,0.0,0.0,0.0,0.0,0.2777777777777778,0.0,0.0,0.0,0.0,0.10526315789473684,0.0,0.0,0.0,0.7894736842105263,0.0,0.0,0.0,0.0,0.21052631578947367,0.0,0.0,0.0,0.0,0.05263157894736842
spkr29_72,0.6842105263157895,0.7777777777777778,0.5555555555555556,0.0,0.0,0.0,0.0,0.0,0.42105263157894735,0.1111111111111111,0.0,0.0,0.0,0.0,0.0,0.0,0.0,0.5555555555555556,0.0,0.16666666666666666,0.5555555555555556,0.0,0.3888888888888889,0.2222222222222222,0.1111111111111111,0.1111111111111111,0.2222222222222222,0.2222222222222222
spkr29_73,1.0,0.2727272727272727,0.45454545454545453,0.18181818181818182,0.18181818181818182,0.18181818181818182,0.18181818181818182,0.18181818181818182,0.2727272727272727,0.18181818181818182,0.18181818181818182,0.18181818181818182,0.18181818181818182,0.18181818181818182,0.18181818181818182,0.45454545454545453,0.18181818181818182,0.45454545454545453,0.18181818181818182,0.18181818181818182,0.18181818181818182,0.2727272727272727,0.18181818181818182,0.2727272727272727,0.2727272727272727,0.5454545454545454,0.2727272727272727,0.18181818181818182
spkr29_74,0.7142857142857143,0.35714285714285715,0.42857142857142855,0.0,0.0,0.0,0.0,0.0,0.14285714285714285,0.0,0.0,0.0,0.0,0.21428571428571427,0.0,0.0,0.0,0.5714285714285714,0.0,0.0,0.2857142857142857,0.0,0.2857142857142857,0.0,0.0,0.21428571428571427,0.07142857142857142,0.0
spkr29_75,0.6470588235294118,0.29411764705882354,0.4117647058823529,0.17647058823529413,0.0,0.0,0.0,0.17647058823529413,0.35294117647058826,0.29411764705882354,0.4117647058823529,0.23529411764705882,0.0,0.11764705882352941,0.0,0.0,0.0,0.47058823529411764,0.4117647058823529,0.17647058823529413,0.23529411764705882,0.17647058823529413,0.23529411764705882,0.23529411764705882,0.23529411764705882,0.29411764705882354,0.4117647058823529,0.23529411764705882
spkr29_8,0.6875,0.6875,0.9375,0.0,0.375,0.0,0.1875,0.0,0.625,0.75,0.0,0.0,0.0,0.125,0.0,0.6875,0.0,0.75,0.125,0.0,0.1875,0.3125,0.875,0.0,0.5625,0.4375,0.1875,0.3125
spkr29_9,0.7142857142857143,0.42857142857142855,0.35714285714285715,0.07142857142857142,0.07142857142857142,0.07142857142857142,0.07142857142857142,0.07142857142857142,0.21428571428571427,0.0,0.14285714285714285,0.07142857142857142,0.07142857142857142,0.14285714285714285,0.07142857142857142,0.07142857142857142,0.07142857142857142,0.6428571428571429,0.0,0.2857142857142857,0.0,0.07142857142857142,0.0,0.0,0.0,0.14285714285714285,0.0,0.0
spkr30_1,0.7,0.2,0.7,0.2,0.2,0.2,0.2,0.2,0.3,0.2,0.2,0.2,0.2,0.2,0.2,0.5,0.2,0.7,0.2,0.2,0.2,0.2,0.2,0.2,0.2,0.2,0.2,0.2
spkr30_10,0.17647058823529413,0.0,0.8235294117647058,0.11764705882352941,0.11764705882352941,0.11764705882352941,0.11764705882352941,0.11764705882352941,0.058823529411764705,0.11764705882352941,0.17647058823529413,0.11764705882352941,0.11764705882352941,0.11764705882352941,0.11764705882352941,0.0,0.11764705882352941,0.4117647058823529,0.11764705882352941,0.11764705882352941,0.17647058823529413,0.0,0.0,0.11764705882352941,0.11764705882352941,0.11764705882352941,0.0,0.11764705882352941
spkr30_11,0.6428571428571429,0.7857142857142857,0.6428571428571429,0.0,0.0,0.0,0.0,0.0,0.07142857142857142,0.0,0.0,0.0,0.0,0.0,0.0,0.0,0.0,0.2857142857142857,0.0,0.0,0.14285714285714285,0.0,0.07142857142857142,0.0,0.21428571428571427,0.0,0.14285714285714285,0.0
spkr30_12,0.6470588235294118,0.8235294117647058,0.8235294117647058,0.11764705882352941,0.0,0.0,0.11764705882352941,0.23529411764705882,0.35294117647058826,0.4117647058823529,0.4117647058823529,0.35294117647058826,0.0,0.17647058823529413,0.0,0.0,0.0,0.5882352941176471,0.23529411764705882,0.4117647058823529,0.4117647058823529,0.29411764705882354,0.47058823529411764,0.47058823529411764,0.4117647058823529,0.4117647058823529,0.5294117647058824,0.29411764705882354
spkr30_13,0.625,0.0,0.5882352941176471,0.0,0.0,0.0,0.0,0.0,0.0625,0.0,0.0,0.0,0.0,0.0,0.0,0.0,0.0,0.47058823529411764,0.0,0.0,0.0,0.0,0.058823529411764705,0.17647058823529413,0.35294117647058826,0.0,0.35294117647058826,0.058823529411764705
spkr30_14,0.47058823529411764,0.6470588235294118,0.6470588235294118,0.17647058823529413,0.17647058823529413,0.0,0.17647058823529413,0.17647058823529413,0.4117647058823529,0.11764705882352941,0.11764705882352941,0.17647058823529413,0.23529411764705882,0.11764705882352941,0.0,0.17647058823529413,0.0,0.5294117647058824,0.17647058823529413,0.17647058823529413,0.058823529411764705,0.11764705882352941,0.11764705882352941,0.11764705882352941,0.11764705882352941,0.11764705882352941,0.11764705882352941,0.11764705882352941
spkr30_15,0.47058823529411764,0.17647058823529413,0.5294117647058824,0.0,0.0,0.0,0.0,0.0,0.23529411764705882,0.0,0.0,1.0,0.0,0.0,0.058823529411764705,0.0,0.0,0.7058823529411765,0.0,0.11764705882352941,0.0,0.0,0.058823529411764705,0.11764705882352941,0.058823529411764705,0.0,0.11764705882352941,0.11764705882352941
spkr30_18,0.6923076923076923,0.4230769230769231,0.6153846153846154,0.0,0.0,0.0,0.0,0.0,0.34615384615384615,0.0,0.07692307692307693,0.0,0.0,0.0,0.0,0.0,0.0,0.38461538461538464,0.0,0.0,0.23076923076923078,0.0,0.0,0.0,0.34615384615384615,0.0,0.23076923076923078,0.0
spkr30_19,0.1935483870967742,0.03225806451612903,0.4838709677419355,0.06451612903225806,0.0,0.0,0.0,0.0,0.12903225806451613,0.06451612903225806,0.0,0.25806451612903225,0.0,0.06451612903225806,0.0,0.0,0.0,0.12903225806451613,0.3870967741935484,0.06451612903225806,0.25806451612903225,0.06451612903225806,0.03225806451612903,0.06451612903225806,0.22580645161290322,0.06451612903225806,0.0,0.16129032258064516
spkr30_2,0.8181818181818182,0.7272727272727273,0.6363636363636364,0.8181818181818182,0.0,0.45454545454545453,0.7272727272727273,0.2727272727272727,0.2727272727272727,0.0,0.09090909090909091,1.0,0.0,0.0,0.0,0.0,0.6363636363636364,0.8181818181818182,0.7272727272727273,0.0,0.2727272727272727,0.0,0.0,0.0,0.45454545454545453,0.0,0.7272727272727273,0.0
spkr30_20,0.7083333333333334,0.4230769230769231,0.6538461538461539,0.0,0.0,0.0,0.0,0.0,0.2916666666666667,0.3076923076923077,0.0,1.0,0.0,0.0,0.0,0.0,0.0,0.5769230769230769,0.07692307692307693,0.038461538461538464,0.07692307692307693,0.19230769230769232,0.19230769230769232,0.07692307692307693,0.15384615384615385,0.0,0.3076923076923077,0.38461538461538464
spkr30_21,0.48,0.07407407407407407,0.3333333333333333,0.0,0.0,0.0,0.037037037037037035,0.037037037037037035,0.08,0.037037037037037035,0.037037037037037035,0.037037037037037035,0.0,0.0,0.0,0.037037037037037035,0.037037037037037035,0.2962962962962963,0.0,0.0,0.0,0.0,0.0,0.037037037037037035,0.0,0.037037037037037035,0.1111111111111111,0.037037037037037035
spkr30_22,0.3888888888888889,0.05555555555555555,0.5,0.0,0.0,0.0,0.0,0.0,0.0,0.0,0.0,0.0,0.0,0.0,0.0,0.0,0.0,0.0,0.0,0.0,0.0,0.0,0.0,0.0,0.0,0.0,0.05555555555555555,0.0
spkr30_23,0.45,0.2,0.5,0.0,0.0,0.0,0.0,0.0,0.3,0.05,0.15,0.0,0.0,0.05,0.0,0.0,0.0,0.1,0.1,0.0,0.0,0.05,0.1,0.0,0.05,0.05,0.0,0.0
spkr30_24,0.7058823529411765,0.5263157894736842,0.5789473684210527,0.3684210526315789,0.3684210526315789,0.0,0.0,0.3684210526315789,0.35294117647058826,0.3684210526315789,0.3684210526315789,0.15789473684210525,0.10526315789473684,0.10526315789473684,0.10526315789473684,0.3684210526315789,0.3684210526315789,0.6842105263157895,0.3684210526315789,0.3684210526315789,0.42105263157894735,0.3684210526315789,0.42105263157894735,0.3684210526315789,0.3684210526315789,0.21052631578947367,0.42105263157894735,0.21052631578947367
spkr30_26,0.6111111111111112,0.21052631578947367,0.3157894736842105,0.21052631578947367,0.0,0.0,0.0,0.0,0.4444444444444444,0.10526315789473684,0.0,0.0,0.0,0.05263157894736842,0.0,0.0,0.0,0.0,0.42105263157894735,0.42105263157894735,0.0,0.10526315789473684,0.21052631578947367,0.21052631578947367,0.2631578947368421,0.0,0.3157894736842105,0.10526315789473684
spkr30_28,0.4666666666666667,0.35294117647058826,0.7058823529411765,0.0,0.0,0.0,0.0,0.0,0.26666666666666666,0.0,0.0,0.4117647058823529,0.0,0.0,0.0,0.0,0.0,0.17647058823529413,0.0,0.0,0.17647058823529413,0.23529411764705882,0.29411764705882354,0.23529411764705882,0.35294117647058826,0.17647058823529413,0.29411764705882354,0.058823529411764705
spkr30_29,0.7333333333333333,0.6666666666666666,0.8666666666666667,0.4666666666666667,0.0,0.0,0.5333333333333333,0.0,0.4,0.6666666666666666,0.6666666666666666,0.26666666666666666,0.7333333333333333,0.6,1.0,0.8666666666666667,0.0,0.4,0.6666666666666666,0.5333333333333333,0.4666666666666667,0.4666666666666667,0.5333333333333333,0.13333333333333333,0.6666666666666666,0.6666666666666666,0.4666666666666667,0.4666666666666667
spkr30_30,0.3333333333333333,0.2,0.4,0.0,0.0,0.0,0.0,0.0,0.0,0.0,0.0,0.0,0.0,0.0,0.0,0.0,0.0,0.0,0.0,0.2,0.0,0.0,0.0,0.0,0.0,0.0,0.0,0.0
spkr30_31,0.7368421052631579,0.2631578947368421,0.2631578947368421,0.0,0.0,0.0,0.0,0.0,0.0,0.0,0.0,0.10526315789473684,0.0,0.05263157894736842,0.0,0.0,0.0,0.0,0.10526315789473684,0.10526315789473684,0.0,0.0,0.0,0.0,0.10526315789473684,0.0,0.0,0.10526315789473684
spkr30_33,0.5714285714285714,0.13636363636363635,0.5909090909090909,0.0,0.0,0.0,0.0,0.0,0.09523809523809523,0.0,0.09090909090909091,0.09090909090909091,0.0,0.0,0.0,0.0,0.0,0.45454545454545453,0.09090909090909091,0.2727272727272727,0.13636363636363635,0.0,0.0,0.0,0.0,0.0,0.18181818181818182,0.0
spkr30_34,0.22727272727272727,0.13636363636363635,0.4090909090909091,0.09090909090909091,0.0,0.09090909090909091,0.09090909090909091,0.09090909090909091,0.22727272727272727,0.09090909090909091,0.09090909090909091,0.09090909090909091,0.045454545454545456,0.09090909090909091,0.0,0.09090909090909091,0.09090909090909091,0.13636363636363635,0.13636363636363635,0.045454545454545456,0.13636363636363635,0.09090909090909091,0.09090909090909091,0.18181818181818182,0.09090909090909091,0.09090909090909091,0.13636363636363635,0.13636363636363635
spkr30_35,0.5714285714285714,0.0,0.35714285714285715,0.0,0.0,0.0,0.0,0.0,0.07142857142857142,0.0,0.0,0.0,0.0,0.0,0.07142857142857142,0.0,0.0,0.0,0.07142857142857142,0.07142857142857142,0.0,0.07142857142857142,0.07142857142857142,0.0,0.0,0.0,0.2857142857142857,0.0
spkr30_36,0.8333333333333334,0.0,0.5,0.0,0.0,0.0,0.0,0.0,0.1111111111111111,0.0,0.0,0.0,0.0,0.0,0.0,0.0,0.0,0.65,0.0,0.0,0.0,0.0,0.0,0.0,0.0,0.0,0.0,0.0
spkr30_37,0.5714285714285714,0.2,0.8,0.0,0.0,0.0,0.0,0.0,0.07142857142857142,0.0,0.0,0.0,0.0,0.0,0.0,0.0,0.0,0.6,0.2,0.2,0.13333333333333333,0.0,0.13333333333333333,0.0,0.0,0.0,0.13333333333333333,0.0
spkr30_38,0.625,0.0,0.5333333333333333,0.0,0.0,0.0,0.0,0.0,0.1875,0.0,0.0,0.0,0.0,0.0,0.0,0.0,0.0,0.2,0.0,0.0,0.0,0.0,0.13333333333333333,0.0,0.0,0.0,0.13333333333333333,0.0
spkr30_4,0.7857142857142857,0.0,0.6923076923076923,0.07692307692307693,0.0,0.07692307692307693,0.0,0.0,0.0,0.0,0.23076923076923078,0.07692307692307693,0.0,0.07692307692307693,0.07692307692307693,0.0,0.0,0.07692307692307693,0.3076923076923077,0.0,0.07692307692307693,0.0,0.07692307692307693,0.0,0.07692307692307693,0.3076923076923077,0.15384615384615385,0.07692307692307693
spkr30_40,0.5,0.2,0.7333333333333333,0.06666666666666667,0.06666666666666667,0.06666666666666667,0.06666666666666667,0.06666666666666667,0.35714285714285715,0.26666666666666666,0.06666666666666667,0.06666666666666667,0.13333333333333333,0.06666666666666667,0.06666666666666667,0.06666666666666667,0.06666666666666667,0.26666666666666666,0.26666666666666666,0.3333333333333333,0.26666666666666666,0.3333333333333333,0.6,0.06666666666666667,0.4,0.4,0.13333333333333333,0.06666666666666667
spkr30_42,0.45454545454545453,0.09090909090909091,0.6363636363636364,0.0,0.0,0.0,0.0,0.0,0.18181818181818182,0.0,0.0,0.0,0.0,0.2727272727272727,0.0,0.0,0.18181818181818182,0.5454545454545454,0.18181818181818182,0.36363636363636365,0.0,0.0,0.0,0.0,0.0,0.0,0.18181818181818182,0.09090909090909091
spkr30_43,0.7692307692307693,0.5384615384615384,0.46153846153846156,0.0,0.0,0.0,0.0,0.0,0.23076923076923078,0.0,0.0,0.0,0.0,0.0,0.0,0.0,0.0,0.0,0.0,0.0,0.0,0.0,0.0,0.0,0.07692307692307693,0.0,0.07692307692307693,0.0
spkr30_44,0.4375,0.0625,0.375,0.0625,0.0625,0.0625,0.0625,0.0625,0.3125,0.1875,0.0625,1.0,0.125,0.25,0.0625,0.1875,0.0625,0.5,0.0625,0.0625,0.0625,0.125,0.0625,0.125,0.1875,0.125,0.25,0.0625
spkr30_45,0.7,0.6363636363636364,0.5454545454545454,0.0,0.0,0.0,0.09090909090909091,0.0,0.6,0.0,0.0,0.0,0.0,0.0,0.0,0.0,0.0,0.5454545454545454,0.18181818181818182,0.0,0.6363636363636364,0.0,0.0,0.0,0.18181818181818182,0.0,0.18181818181818182,0.0
spkr30_46,0.6666666666666666,0.13333333333333333,0.6,0.0,0.0,0.0,0.0,0.2,0.26666666666666666,0.0,0.0,1.0,0.0,0.0,0.0,0.0,0.0,0.0,0.0,0.0,0.0,0.0,0.0,0.0,0.06666666666666667,0.0,0.06666666666666667,0.0
spkr30_5,0.5333333333333333,0.2,0.6,0.13333333333333333,0.0,0.13333333333333333,0.13333333333333333,0.13333333333333333,0.26666666666666666,0.0,0.13333333333333333,0.13333333333333333,0.13333333333333333,0.13333333333333333,0.0,0.0,0.0,0.0,0.13333333333333333,0.13333333333333333,0.0,0.0,0.13333333333333333,0.13333333333333333,0.2,0.0,0.2,0.0
spkr30_50,0.4666666666666667,0.1935483870967742,0.45161290322580644,0.0,0.0,0.0,0.0,0.0,0.13333333333333333,0.03225806451612903,0.0,0.0,0.0,0.06451612903225806,0.03225806451612903,0.0,0.0,0.0,0.1935483870967742,0.06451612903225806,0.03225806451612903,0.03225806451612903,0.0,0.03225806451612903,0.16129032258064516,0.03225806451612903,0.03225806451612903,0.0
spkr30_51,0.5,0.07142857142857142,0.6428571428571429,0.0,0.0,0.0,0.0,0.0,0.21428571428571427,0.14285714285714285,0.0,0.0,0.0,0.0,0.0,0.0,0.0,0.0,0.0,0.0,0.0,0.14285714285714285,0.14285714285714285,0.07142857142857142,0.14285714285714285,0.07142857142857142,0.14285714285714285,0.07142857142857142
spkr30_52,0.6363636363636364,0.18181818181818182,0.5454545454545454,0.0,0.0,0.0,0.0,0.0,0.09090909090909091,0.0,0.0,1.0,0.0,0.0,0.0,0.0,0.0,0.0,0.0,0.0,0.0,0.09090909090909091,0.0,0.0,0.09090909090909091,0.0,0.09090909090909091,0.0
spkr30_53,0.4666666666666667,0.13333333333333333,0.6,0.13333333333333333,0.13333333333333333,0.06666666666666667,0.13333333333333333,0.06666666666666667,0.2,0.13333333333333333,0.13333333333333333,0.26666666666666666,0.13333333333333333,0.06666666666666667,0.13333333333333333,0.06666666666666667,0.13333333333333333,0.13333333333333333,0.06666666666666667,0.06666666666666667,0.13333333333333333,0.06666666666666667,0.13333333333333333,0.2,0.2,0.13333333333333333,0.13333333333333333,0.13333333333333333
spkr30_54,0.8333333333333334,0.2857142857142857,1.0,0.0,0.0,0.0,0.0,0.0,0.3333333333333333,0.0,0.0,0.0,0.0,0.0,0.0,0.0,0.0,0.14285714285714285,0.0,0.0,0.0,0.0,0.2857142857142857,0.2857142857142857,0.42857142857142855,0.0,0.7142857142857143,0.2857142857142857
spkr30_55,0.7333333333333333,0.4117647058823529,0.7647058823529411,0.0,0.0,0.0,0.0,0.0,0.4666666666666667,0.4117647058823529,0.0,0.0,0.0,0.0,0.0,0.0,0.0,0.17647058823529413,0.0,0.0,0.0,0.0,0.4117647058823529,0.0,0.23529411764705882,0.0,0.5294117647058824,0.058823529411764705
spkr30_56,0.6,0.1,0.4,0.1,0.1,0.1,0.2,0.2,0.4,0.1,0.2,0.2,0.1,0.1,0.1,0.1,0.2,0.7,0.1,0.2,0.1,0.1,0.4,0.1,0.2,0.1,0.4,0.1
spkr30_57,0.6666666666666666,0.29411764705882354,0.8235294117647058,0.17647058823529413,0.0,0.0,0.0,0.0,0.4,0.058823529411764705,0.0,0.0,0.0,0.0,0.17647058823529413,0.0,0.0,0.35294117647058826,0.0,0.0,0.0,0.058823529411764705,0.0,0.0,0.17647058823529413,0.058823529411764705,0.23529411764705882,0.0
spkr30_58,0.5714285714285714,0.13636363636363635,0.5,0.0,0.0,0.0,0.0,0.0,0.19047619047619047,0.0,0.0,0.0,0.0,0.0,0.0,0.0,0.0,0.36363636363636365,0.0,0.0,0.0,0.0,0.09090909090909091,0.0,0.0,0.0,0.09090909090909091,0.0
spkr30_59,0.36363636363636365,0.0,0.2727272727272727,0.0,0.0,0.0,0.0,0.0,0.0,0.0,0.18181818181818182,0.0,0.0,0.09090909090909091,0.0,0.0,0.0,0.6363636363636364,0.0,0.0,0.0,0.0,0.18181818181818182,0.18181818181818182,0.18181818181818182,0.0,0.2727272727272727,0.18181818181818182
spkr30_6,0.4166666666666667,0.25,0.5,0.08333333333333333,0.08333333333333333,0.08333333333333333,0.08333333333333333,0.08333333333333333,0.16666666666666666,0.08333333333333333,0.08333333333333333,0.08333333333333333,0.08333333333333333,0.08333333333333333,0.08333333333333333,0.08333333333333333,0.08333333333333333,0.3333333333333333,0.08333333333333333,0.08333333333333333,0.08333333333333333,0.08333333333333333,0.08333333333333333,0.08333333333333333,0.08333333333333333,0.16666666666666666,0.25,0.16666666666666666
spkr30_60,0.5625,0.23529411764705882,0.5882352941176471,0.11764705882352941,0.11764705882352941,0.0,0.11764705882352941,0.0,0.0625,0.0,0.11764705882352941,0.11764705882352941,0.0,0.23529411764705882,0.17647058823529413,0.0,0.17647058823529413,0.35294117647058826,0.11764705882352941,0.11764705882352941,0.23529411764705882,0.0,0.11764705882352941,0.0,0.11764705882352941,0.0,0.47058823529411764,0.23529411764705882
spkr30_61,0.5555555555555556,0.6666666666666666,0.6666666666666666,0.1111111111111111,0.1111111111111111,0.0,0.1111111111111111,0.0,0.16666666666666666,0.0,0.1111111111111111,0.0,0.0,0.1111111111111111,0.0,0.0,0.1111111111111111,0.3888888888888889,0.1111111111111111,0.0,0.05555555555555555,0.0,0.1111111111111111,0.1111111111111111,0.1111111111111111,0.0,0.16666666666666666,0.1111111111111111
spkr30_62,0.8,0.09090909090909091,0.18181818181818182,0.0,0.0,0.0,0.0,0.0,0.3,0.09090909090909091,0.0,0.0,0.0,0.18181818181818182,0.09090909090909091,0.0,0.0,0.5454545454545454,0.0,0.0,0.0,0.0,0.2727272727272727,0.0,0.0,0.0,0.36363636363636365,0.0
spkr30_63,0.7,0.5,0.4,0.2,0.1,0.1,0.1,0.2,0.1,0.1,0.1,0.1,0.0,0.1,0.1,0.1,0.1,0.1,0.1,0.1,0.1,0.2,0.1,0.1,0.1,0.1,0.1,0.1
spkr30_64,0.5294117647058824,0.17647058823529413,0.8235294117647058,0.11764705882352941,0.11764705882352941,0.11764705882352941,0.11764705882352941,0.0,0.058823529411764705,0.17647058823529413,0.11764705882352941,0.11764705882352941,0.11764705882352941,0.11764705882352941,0.0,0.0,0.17647058823529413,0.17647058823529413,0.11764705882352941,0.11764705882352941,0.11764705882352941,0.11764705882352941,0.11764705882352941,0.11764705882352941,0.11764705882352941,0.11764705882352941,0.29411764705882354,0.11764705882352941
spkr30_65,0.5652173913043478,0.4782608695652174,0.6521739130434783,0.043478260869565216,0.043478260869565216,0.043478260869565216,0.043478260869565216,0.043478260869565216,0.17391304347826086,0.30434782608695654,0.043478260869565216,0.08695652173913043,0.043478260869565216,0.21739130434782608,0.043478260869565216,0.043478260869565216,0.043478260869565216,0.30434782608695654,0.08695652173913043,0.043478260869565216,0.30434782608695654,0.17391304347826086,0.21739130434782608,0.13043478260869565,0.34782608695652173,0.043478260869565216,0.2608695652173913,0.043478260869565216
spkr30_66,0.47058823529411764,0.3888888888888889,0.3333333333333333,0.0,0.0,0.0,0.0,0.0,0.0,0.0,0.0,0.0,0.0,0.0,0.05555555555555555,0.0,0.0,0.05555555555555555,0.0,0.0,0.05555555555555555,0.05555555555555555,0.2222222222222222,0.0,0.16666666666666666,0.0,0.05555555555555555,0.0
spkr30_67,0.5,0.21428571428571427,0.7142857142857143,0.21428571428571427,0.0,0.0,0.0,0.0,0.21428571428571427,0.0,0.21428571428571427,0.0,0.0,0.0,0.0,0.0,0.0,0.21428571428571427,0.21428571428571427,0.42857142857142855,0.21428571428571427,0.35714285714285715,0.0,0.0,0.07142857142857142,0.0,0.0,0.0
spkr30_68,0.5833333333333334,0.38461538461538464,0.5384615384615384,0.15384615384615385,0.0,0.0,0.0,0.0,0.5,0.0,0.15384615384615385,0.0,0.0,0.15384615384615385,0.0,0.0,0.0,0.8461538461538461,0.15384615384615385,0.5384615384615384,0.0,0.0,0.23076923076923078,0.0,0.15384615384615385,0.23076923076923078,0.0,0.07692307692307693
spkr30_69,0.5555555555555556,0.16666666666666666,0.6666666666666666,0.0,0.0,0.05555555555555555,0.05555555555555555,0.0,0.05555555555555555,0.0,0.05555555555555555,0.1111111111111111,0.0,0.1111111111111111,0.0,0.0,0.0,0.6666666666666666,0.0,0.0,0.16666666666666666,0.0,0.16666666666666666,0.05555555555555555,0.05555555555555555,0.0,0.2222222222222222,0.05555555555555555
spkr30_7,0.5333333333333333,0.125,0.5625,0.125,0.0,0.0,0.0,0.0,0.2,0.0,0.0,0.3125,0.0,0.25,0.0,0.0,0.0,0.75,0.3125,0.4375,0.0625,0.0,0.3125,0.0,0.0,0.0,0.125,0.0
spkr30_70,0.5625,0.25,0.8125,0.0,0.0,0.0,0.1875,0.1875,0.1875,0.125,0.0,0.25,0.0,0.0,0.0,0.0,0.0,0.375,0.1875,0.4375,0.375,0.1875,0.0,0.0,0.25,0.0,0.25,0.0
spkr30_71,0.6666666666666666,0.05263157894736842,0.42105263157894735,0.0,0.0,0.0,0.0,0.0,0.3333333333333333,0.15789473684210525,0.2631578947368421,0.15789473684210525,0.0,0.15789473684210525,0.0,0.0,0.0,0.3157894736842105,0.0,0.0,0.3157894736842105,0.05263157894736842,0.05263157894736842,0.15789473684210525,0.15789473684210525,0.21052631578947367,0.15789473684210525,0.15789473684210525
spkr30_72,0.42105263157894735,0.0,0.3888888888888889,0.0,0.0,0.0,0.0,0.0,0.05263157894736842,0.2222222222222222,0.0,0.0,0.0,0.0,0.0,0.0,0.0,0.3888888888888889,0.0,0.0,0.0,0.0,0.0,0.0,0.0,0.0,0.2222222222222222,0.0
spkr30_73,0.7272727272727273,0.18181818181818182,0.5454545454545454,0.0,0.0,0.0,0.0,0.0,0.7272727272727273,0.45454545454545453,0.09090909090909091,0.0,0.0,0.18181818181818182,0.0,0.0,0.0,0.9090909090909091,0.0,0.0,0.45454545454545453,0.6363636363636364,0.5454545454545454,0.18181818181818182,0.8181818181818182,0.6363636363636364,0.45454545454545453,0.0
spkr30_74,0.42857142857142855,0.2857142857142857,0.5714285714285714,0.42857142857142855,0.0,0.0,0.0,0.0,0.14285714285714285,0.0,0.42857142857142855,0.5714285714285714,0.0,0.14285714285714285,0.0,0.0,0.35714285714285715,0.2857142857142857,0.42857142857142855,0.35714285714285715,0.0,0.21428571428571427,0.0,0.0,0.21428571428571427,0.0,0.2857142857142857,0.21428571428571427
spkr30_75,0.4117647058823529,0.29411764705882354,0.35294117647058826,0.058823529411764705,0.0,0.0,0.0,0.058823529411764705,0.11764705882352941,0.29411764705882354,0.058823529411764705,0.058823529411764705,0.058823529411764705,0.058823529411764705,0.0,0.0,0.058823529411764705,0.23529411764705882,0.058823529411764705,0.058823529411764705,0.058823529411764705,0.23529411764705882,0.29411764705882354,0.11764705882352941,0.17647058823529413,0.29411764705882354,0.29411764705882354,0.17647058823529413
spkr30_8,0.625,0.375,0.75,0.0,0.0,0.0,0.0,0.0,0.5625,0.625,0.125,0.4375,0.0,0.125,0.6875,0.0,0.0,0.75,0.0,0.0,0.0,0.5625,0.0625,0.125,0.375,0.1875,0.5,0.0625
spkr30_9,0.42857142857142855,0.07142857142857142,0.35714285714285715,0.07142857142857142,0.07142857142857142,0.07142857142857142,0.21428571428571427,0.07142857142857142,0.07142857142857142,0.07142857142857142,0.07142857142857142,0.07142857142857142,0.07142857142857142,0.07142857142857142,0.07142857142857142,0.07142857142857142,0.07142857142857142,0.42857142857142855,0.0,0.07142857142857142,0.07142857142857142,0.21428571428571427,0.14285714285714285,0.07142857142857142,0.07142857142857142,0.07142857142857142,0.07142857142857142,0.07142857142857142
spkr31_1,1.0,0.2,0.9,0.0,0.2,0.2,0.2,0.0,0.2,0.0,0.2,0.2,0.4,0.3,0.2,0.2,0.0,1.0,0.0,0.0,0.5,0.3,0.2,0.2,0.0,0.2,0.0,0.0
spkr31_10,0.6470588235294118,0.0,0.5882352941176471,0.0,0.0,0.0,0.0,0.0,0.6470588235294118,0.0,0.058823529411764705,0.0,0.0,0.058823529411764705,0.0,0.0,0.0,0.47058823529411764,0.0,0.0,0.11764705882352941,0.0,0.29411764705882354,0.058823529411764705,0.23529411764705882,0.0,0.0,0.058823529411764705
spkr31_11,1.0,0.5714285714285714,0.42857142857142855,0.2857142857142857,0.0,0.0,0.0,0.0,0.07142857142857142,0.07142857142857142,0.14285714285714285,0.35714285714285715,0.42857142857142855,0.21428571428571427,0.0,0.0,0.0,0.8571428571428571,0.21428571428571427,0.14285714285714285,0.14285714285714285,0.14285714285714285,0.2857142857142857,0.14285714285714285,0.42857142857142855,0.07142857142857142,0.21428571428571427,0.07142857142857142
spkr31_12,0.7647058823529411,0.058823529411764705,0.4117647058823529,0.0,0.0,0.0,0.0,0.0,0.058823529411764705,0.0,0.0,0.0,0.0,0.0,0.0,0.0,0.0,0.4117647058823529,0.058823529411764705,0.058823529411764705,0.0,0.0,0.058823529411764705,0.0,0.0,0.0,0.11764705882352941,0.0
spkr31_13,0.625,0.0,0.5882352941176471,0.0,0.0,0.0,0.0,0.0,0.125,0.0,0.0,0.0,0.0,0.0,0.0,0.0,0.0,0.11764705882352941,0.0,0.0,0.0,0.0,0.058823529411764705,0.0,0.11764705882352941,0.0,0.0,0.0
spkr31_14,0.8235294117647058,0.29411764705882354,0.47058823529411764,0.0,0.23529411764705882,0.0,0.0,0.0,0.058823529411764705,0.0,0.0,0.0,0.0,0.17647058823529413,0.0,0.0,0.0,0.4117647058823529,0.11764705882352941,0.11764705882352941,0.23529411764705882,0.11764705882352941,0.0,0.058823529411764705,0.0,0.0,0.058823529411764705,0.058823529411764705
spkr31_15,0.5882352941176471,0.29411764705882354,0.7058823529411765,0.11764705882352941,0.0,0.0,0.0,0.0,0.35294117647058826,0.4117647058823529,0.29411764705882354,0.17647058823529413,0.47058823529411764,0.17647058823529413,0.0,0.0,0.0,0.7058823529411765,0.29411764705882354,0.17647058823529413,0.23529411764705882,0.17647058823529413,0.23529411764705882,0.17647058823529413,0.11764705882352941,0.4117647058823529,0.5294117647058824,0.11764705882352941
spkr31_18,0.5384615384615384,0.15384615384615385,0.6538461538461539,0.0,0.0,0.0,0.0,0.0,0.19230769230769232,0.0,0.07692307692307693,0.0,0.0,0.23076923076923078,0.0,0.0,0.07692307692307693,0.5769230769230769,0.0,0.07692307692307693,0.0,0.0,0.07692307692307693,0.07692307692307693,0.19230769230769232,0.07692307692307693,0.15384615384615385,0.0
spkr31_19,0.6451612903225806,0.03225806451612903,0.41935483870967744,0.0,0.0,0.0,0.0,0.0,0.03225806451612903,0.0,0.0967741935483871,0.0,0.0,0.0967741935483871,0.0,0.0,0.0,0.16129032258064516,0.12903225806451613,0.0,0.0,0.0,0.0,0.0,0.0,0.0,0.03225806451612903,0.0
spkr31_2,0.9090909090909091,0.09090909090909091,0.36363636363636365,0.0,0.0,0.0,0.0,0.0,0.6363636363636364,0.0,0.18181818181818182,0.0,0.0,0.0,0.0,0.0,0.0,0.6363636363636364,0.2727272727272727,0.0,0.0,0.0,0.18181818181818182,0.0,0.18181818181818182,0.0,0.18181818181818182,0.18181818181818182
spkr31_20,0.875,0.19230769230769232,0.5384615384615384,0.0,0.0,0.0,0.0,0.0,0.20833333333333334,0.0,0.0,0.0,0.0,0.0,0.038461538461538464,0.0,0.0,0.6538461538461539,0.0,0.0,0.0,0.0,0.19230769230769232,0.0,0.23076923076923078,0.0,0.23076923076923078,0.0
spkr31_21,0.56,0.0,0.3333333333333333,0.0,0.0,0.0,0.037037037037037035,0.0,0.2,0.037037037037037035,0.1111111111111111,0.037037037037037035,0.037037037037037035,0.07407407407407407,0.037037037037037035,0.037037037037037035,0.037037037037037035,0.7777777777777778,0.0,0.0,0.14814814814814814,0.037037037037037035,0.037037037037037035,0.0,0.18518518518518517,0.037037037037037035,0.1111111111111111,0.0
spkr31_22,0.9444444444444444,0.05555555555555555,0.6111111111111112,0.0,0.0,0.0,0.0,0.0,0.05555555555555555,0.0,0.0,0.0,0.0,0.0,0.0,0.0,0.0,0.3888888888888889,0.0,0.0,0.0,0.0,0.0,0.0,0.0,0.0,0.05555555555555555,0.0
spkr31_23,0.8,0.35,0.5,0.0,0.0,0.0,0.0,0.0,0.15,0.0,0.0,0.25,0.0,0.1,0.0,0.0,0.0,0.1,0.0,0.0,0.1,0.0,0.0,0.05,0.1,0.0,0.1,0.1
spkr31_24,0.9411764705882353,0.2631578947368421,0.631578947368421,0.0,0.0,0.0,0.0,0.0,0.0,0.0,0.0,0.0,0.0,0.0,0.0,0.10526315789473684,0.0,0.7894736842105263,0.0,0.5263157894736842,0.0,0.0,0.0,0.0,0.10526315789473684,0.0,0.0,0.0
spkr31_26,0.7777777777777778,0.10526315789473684,0.42105263157894735,0.0,0.0,0.0,0.0,0.0,0.5,0.10526315789473684,0.15789473684210525,0.0,0.15789473684210525,0.15789473684210525,0.0,0.0,0.0,0.3157894736842105,0.15789473684210525,0.0,0.21052631578947367,0.15789473684210525,0.15789473684210525,0.0,0.2631578947368421,0.15789473684210525,0.10526315789473684,0.0
spkr31_28,0.7333333333333333,0.0,0.29411764705882354,0.0,0.0,0.0,0.0,0.0,0.2,0.17647058823529413,0.0,0.0,0.0,0.0,0.17647058823529413,0.0,0.0,0.6470588235294118,0.0,0.0,0.0,0.35294117647058826,0.0,0.17647058823529413,0.17647058823529413,0.0,0.058823529411764705,0.0
spkr31_29,0.7333333333333333,0.4,0.8666666666666667,0.3333333333333333,0.0,0.0,0.0,0.0,0.06666666666666667,0.0,0.3333333333333333,0.3333333333333333,0.0,0.3333333333333333,0.0,0.06666666666666667,0.0,0.8,0.3333333333333333,0.26666666666666666,0.06666666666666667,0.0,0.0,0.0,0.06666666666666667,0.0,0.0,0.0
spkr31_30,0.6,0.26666666666666666,0.5333333333333333,0.06666666666666667,0.0,0.0,0.0,0.0,0.2,0.0,0.0,0.13333333333333333,0.06666666666666667,0.06666666666666667,0.0,0.3333333333333333,0.0,0.9333333333333333,0.13333333333333333,0.13333333333333333,0.3333333333333333,0.26666666666666666,0.13333333333333333,0.13333333333333333,0.13333333333333333,0.26666666666666666,0.26666666666666666,0.06666666666666667
spkr31_31,0.8421052631578947,0.15789473684210525,0.3684210526315789,0.10526315789473684,0.0,0.0,0.05263157894736842,0.10526315789473684,0.05263157894736842,0.0,0.10526315789473684,0.0,0.0,0.10526315789473684,0.0,0.0,0.0,0.5263157894736842,0.0,0.10526315789473684,0.10526315789473684,0.15789473684210525,0.05263157894736842,0.15789473684210525,0.3157894736842105,0.0,0.10526315789473684,0.15789473684210525
spkr31_33,0.7142857142857143,0.09090909090909091,0.4090909090909091,0.0,0.0,0.0,0.0,0.0,0.14285714285714285,0.0,0.09090909090909091,0.0,0.0,0.0,0.0,0.0,0.0,0.2727272727272727,0.0,0.0,0.0,0.0,0.0,0.0,0.0,0.0,0.045454545454545456,0.0
spkr31_34,0.6363636363636364,0.22727272727272727,0.4090909090909091,0.045454545454545456,0.0,0.045454545454545456,0.045454545454545456,0.18181818181818182,0.18181818181818182,0.0,0.045454545454545456,0.13636363636363635,0.09090909090909091,0.18181818181818182,0.045454545454545456,0.045454545454545456,0.0,0.45454545454545453,0.045454545454545456,0.045454545454545456,0.18181818181818182,0.09090909090909091,0.13636363636363635,0.09090909090909091,0.18181818181818182,0.045454545454545456,0.045454545454545456,0.13636363636363635
spkr31_35,0.5714285714285714,0.0,0.5714285714285714,0.0,0.0,0.0,0.0,0.0,0.21428571428571427,0.0,0.0,0.0,0.0,0.0,0.0,0.0,0.0,0.7142857142857143,0.2857142857142857,0.07142857142857142,0.0,0.0,0.42857142857142855,0.0,0.14285714285714285,0.14285714285714285,0.2857142857142857,0.0
spkr31_36,0.8888888888888888,0.0,0.55,0.0,0.0,0.0,0.0,0.0,0.16666666666666666,0.0,0.0,0.0,0.0,0.25,0.0,0.0,0.0,0.55,0.0,0.0,0.0,0.0,0.0,0.0,0.0,0.0,0.0,0.0
spkr31_37,1.0,0.4666666666666667,0.4666666666666667,0.2,0.0,0.0,0.0,0.2,0.07142857142857142,0.0,0.0,0.0,0.2,0.3333333333333333,0.0,0.0,0.26666666666666666,0.7333333333333333,0.2,0.2,0.0,0.0,0.0,0.0,0.13333333333333333,0.13333333333333333,0.0,0.06666666666666667
spkr31_38,1.0,0.2,0.6666666666666666,0.0,0.0,0.0,0.0,0.0,0.0625,0.0,0.0,0.0,0.0,0.0,0.0,0.0,0.0,0.5333333333333333,0.0,0.0,0.0,0.0,0.0,0.0,0.0,0.0,0.06666666666666667,0.0
spkr31_4,0.7857142857142857,0.0,0.38461538461538464,0.0,0.0,0.0,0.0,0.0,0.0,0.0,0.0,0.0,0.0,0.0,0.0,0.0,0.0,0.6153846153846154,0.0,0.0,0.0,0.0,0.0,0.0,0.23076923076923078,0.0,0.0,0.0
spkr31_40,0.6428571428571429,0.0,0.3333333333333333,0.0,0.0,0.0,0.0,0.0,0.0,0.0,0.0,0.0,0.0,0.0,0.0,0.0,0.0,0.3333333333333333,0.0,0.0,0.3333333333333333,0.0,0.0,0.0,0.13333333333333333,0.0,0.0,0.0
spkr31_42,1.0,0.09090909090909091,0.8181818181818182,0.36363636363636365,0.0,0.0,0.0,0.36363636363636365,0.18181818181818182,0.0,0.18181818181818182,0.45454545454545453,0.7272727272727273,0.18181818181818182,0.0,0.0,0.36363636363636365,0.6363636363636364,1.0,0.36363636363636365,0.2727272727272727,0.0,0.36363636363636365,0.0,0.09090909090909091,0.0,0.45454545454545453,0.0
spkr31_43,0.8461538461538461,0.5384615384615384,0.6153846153846154,0.0,0.23076923076923078,0.0,0.0,0.0,0.15384615384615385,0.0,0.15384615384615385,0.46153846153846156,0.23076923076923078,0.23076923076923078,0.0,0.0,0.0,0.8461538461538461,0.0,0.0,0.8461538461538461,0.15384615384615385,0.07692307692307693,0.0,0.07692307692307693,0.0,0.07692307692307693,0.0
spkr31_44,0.625,0.4375,0.6875,0.1875,0.125,0.0625,0.0625,0.0625,0.5625,0.1875,0.0625,0.0625,0.1875,0.3125,0.0625,0.125,0.0625,0.5625,0.0625,0.0625,0.125,0.375,0.3125,0.1875,0.4375,0.375,0.3125,0.125
spkr31_45,0.8,0.09090909090909091,0.6363636363636364,0.0,0.0,0.0,0.0,0.0,0.7,0.0,0.0,0.0,0.7272727272727273,0.36363636363636365,0.0,0.0,0.0,1.0,0.0,0.0,0.9090909090909091,0.0,0.09090909090909091,0.0,0.36363636363636365,0.0,0.09090909090909091,0.0
spkr31_46,1.0,0.13333333333333333,0.5333333333333333,0.13333333333333333,0.0,0.0,0.0,0.06666666666666667,0.0,0.0,0.06666666666666667,0.13333333333333333,0.0,0.06666666666666667,0.0,0.0,0.0,0.6666666666666666,0.06666666666666667,0.06666666666666667,0.06666666666666667,0.0,0.0,0.0,0.13333333333333333,0.0,0.06666666666666667,0.0
spkr31_5,0.6,0.3333333333333333,0.6,0.0,0.0,0.0,0.0,0.0,0.0,0.0,0.0,0.0,0.0,0.0,0.0,0.0,0.0,0.5333333333333333,0.0,0.0,0.2,0.0,0.06666666666666667,0.0,0.0,0.0,0.06666666666666667,0.13333333333333333
spkr31_50,0.7666666666666667,0.1935483870967742,0.6774193548387096,0.0,0.0,0.0,0.0,0.0,0.1,0.0,0.0967741935483871,0.0,0.0,0.0,0.0,0.0,0.0,0.45161290322580644,0.0,0.0,0.12903225806451613,0.0,0.0,0.0,0.0967741935483871,0.0,0.03225806451612903,0.0
spkr31_51,1.0,0.35714285714285715,0.35714285714285715,0.07142857142857142,0.0,0.0,0.07142857142857142,0.2857142857142857,0.21428571428571427,0.07142857142857142,0.21428571428571427,0.2857142857142857,0.35714285714285715,0.2857142857142857,0.0,0.0,0.0,0.9285714285714286,0.2857142857142857,0.2857142857142857,0.2857142857142857,0.14285714285714285,0.21428571428571427,0.0,0.21428571428571427,0.07142857142857142,0.07142857142857142,0.07142857142857142
spkr31_52,0.6363636363636364,0.2727272727272727,0.7272727272727273,0.0,0.0,0.0,0.0,0.0,0.2727272727272727,0.09090909090909091,0.0,0.0,0.0,0.0,0.0,0.0,0.0,0.0,0.0,0.0,0.0,0.18181818181818182,0.0,0.0,0.09090909090909091,0.0,0.18181818181818182,0.0
spkr31_53,0.6,0.13333333333333333,0.6,0.06666666666666667,0.0,0.06666666666666667,0.13333333333333333,0.06666666666666667,0.2,0.13333333333333333,0.2,0.5333333333333333,0.0,0.13333333333333333,0.06666666666666667,0.8666666666666667,0.06666666666666667,0.5333333333333333,0.26666666666666666,0.26666666666666666,0.13333333333333333,0.13333333333333333,0.13333333333333333,0.06666666666666667,0.3333333333333333,0.13333333333333333,0.13333333333333333,0.13333333333333333
spkr31_54,1.0,0.42857142857142855,0.7142857142857143,0.14285714285714285,0.14285714285714285,0.14285714285714285,0.14285714285714285,0.14285714285714285,0.5,0.14285714285714285,0.14285714285714285,0.14285714285714285,0.14285714285714285,0.14285714285714285,0.14285714285714285,0.14285714285714285,0.14285714285714285,1.0,0.5714285714285714,0.14285714285714285,0.2857142857142857,0.14285714285714285,0.2857142857142857,0.42857142857142855,1.0,0.42857142857142855,0.14285714285714285,0.42857142857142855
spkr31_55,0.8666666666666667,0.23529411764705882,0.5882352941176471,0.35294117647058826,0.0,0.0,0.0,0.0,0.5333333333333333,0.29411764705882354,0.35294117647058826,0.5294117647058824,0.0,0.5294117647058824,0.0,0.0,0.0,0.7058823529411765,0.47058823529411764,0.35294117647058826,0.0,0.47058823529411764,0.0,0.0,0.29411764705882354,0.0,0.29411764705882354,0.0
spkr31_56,1.0,0.3,0.5,0.3,0.2,0.1,0.1,0.3,0.5,0.1,0.3,0.4,0.6,0.3,0.1,0.1,0.3,0.4,0.3,0.6,0.3,0.2,0.2,0.2,0.2,0.1,0.1,0.3
spkr31_57,0.8666666666666667,0.29411764705882354,0.6470588235294118,0.17647058823529413,0.17647058823529413,0.0,0.0,0.0,0.5333333333333333,0.058823529411764705,0.0,0.29411764705882354,0.35294117647058826,0.17647058823529413,0.0,0.0,0.0,0.35294117647058826,0.0,0.17647058823529413,0.5882352941176471,0.0,0.11764705882352941,0.11764705882352941,0.17647058823529413,0.058823529411764705,0.17647058823529413,0.11764705882352941
spkr31_58,0.6666666666666666,0.13636363636363635,0.36363636363636365,0.0,0.0,0.0,0.0,0.0,0.19047619047619047,0.0,0.0,0.0,0.0,0.0,0.0,0.0,0.0,0.8636363636363636,0.0,0.0,0.0,0.0,0.09090909090909091,0.0,0.0,0.0,0.0,0.0
spkr31_59,0.7272727272727273,0.0,0.7272727272727273,0.0,0.0,0.0,0.0,0.0,0.18181818181818182,0.0,0.0,0.0,0.0,0.0,0.0,0.0,0.0,0.5454545454545454,0.0,0.0,0.0,0.0,0.0,0.0,0.0,0.0,0.0,0.0
spkr31_6,0.8333333333333334,0.08333333333333333,0.3333333333333333,0.0,0.0,0.0,0.0,0.0,0.16666666666666666,0.0,0.16666666666666666,0.0,0.08333333333333333,0.0,0.0,0.0,0.0,1.0,0.3333333333333333,0.0,0.0,0.0,0.0,0.0,0.0,0.08333333333333333,0.5,0.16666666666666666
spkr31_60,0.8125,0.29411764705882354,0.47058823529411764,0.11764705882352941,0.0,0.0,0.0,0.23529411764705882,0.125,0.0,0.0,0.17647058823529413,0.0,0.0,0.0,0.0,0.0,0.5882352941176471,0.29411764705882354,0.23529411764705882,0.29411764705882354,0.0,0.29411764705882354,0.0,0.23529411764705882,0.11764705882352941,0.23529411764705882,0.11764705882352941
spkr31_61,0.8888888888888888,0.2777777777777778,0.6666666666666666,0.0,0.0,0.0,0.0,0.0,0.3333333333333333,0.1111111111111111,0.16666666666666666,0.0,0.0,0.1111111111111111,0.0,0.0,0.0,0.5,0.0,0.16666666666666666,0.3333333333333333,0.16666666666666666,0.16666666666666666,0.0,0.2222222222222222,0.16666666666666666,0.3333333333333333,0.0
spkr31_62,0.9,0.09090909090909091,0.2727272727272727,0.0,0.0,0.0,0.0,0.0,0.4,0.0,0.0,0.09090909090909091,0.0,0.0,0.0,0.0,0.09090909090909091,0.9090909090909091,0.0,0.2727272727272727,0.0,0.09090909090909091,0.0,0.09090909090909091,0.0,0.0,0.0,0.0
spkr31_63,0.8,0.4,0.7,0.5,0.0,0.0,0.0,0.2,0.1,0.3,0.4,0.2,0.0,0.2,0.0,0.1,0.2,0.9,0.3,0.2,0.0,0.4,0.4,0.0,0.7,0.2,0.2,0.0
spkr31_64,0.6470588235294118,0.23529411764705882,0.47058823529411764,0.0,0.0,0.0,0.0,0.0,0.23529411764705882,0.0,0.0,0.0,0.11764705882352941,0.058823529411764705,0.0,0.0,0.0,0.7058823529411765,0.0,0.0,0.058823529411764705,0.0,0.0,0.0,0.0,0.0,0.29411764705882354,0.0
spkr31_65,0.6956521739130435,0.34782608695652173,0.6086956521739131,0.0,0.0,0.0,0.0,0.0,0.21739130434782608,0.043478260869565216,0.13043478260869565,0.0,0.043478260869565216,0.17391304347826086,0.0,0.0,0.0,0.6956521739130435,0.0,0.043478260869565216,0.0,0.043478260869565216,0.08695652173913043,0.08695652173913043,0.30434782608695654,0.043478260869565216,0.08695652173913043,0.08695652173913043
spkr31_66,0.5294117647058824,0.0,0.16666666666666666,0.0,0.0,0.0,0.0,0.0,0.0,0.0,0.0,0.0,0.0,0.0,0.0,0.0,0.0,0.4444444444444444,0.0,0.0,0.0,0.0,0.0,0.0,0.1111111111111111,0.0,0.0,0.0
spkr31_67,0.7142857142857143,0.21428571428571427,0.42857142857142855,0.0,0.0,0.0,0.0,0.0,0.2857142857142857,0.0,0.0,0.0,0.0,0.0,0.0,0.0,0.0,0.5714285714285714,0.42857142857142855,0.21428571428571427,0.21428571428571427,0.0,0.07142857142857142,0.0,0.0,0.0,0.21428571428571427,0.07142857142857142
spkr31_68,0.9166666666666666,0.23076923076923078,0.5384615384615384,0.0,0.0,0.0,0.0,0.0,0.25,0.0,0.07692307692307693,0.0,0.0,0.0,0.0,0.0,0.0,0.8461538461538461,0.46153846153846156,0.5384615384615384,0.38461538461538464,0.0,0.46153846153846156,0.0,0.46153846153846156,0.07692307692307693,0.3076923076923077,0.07692307692307693
spkr31_69,0.7777777777777778,0.4444444444444444,0.8888888888888888,0.2222222222222222,0.0,0.16666666666666666,0.05555555555555555,0.05555555555555555,0.2777777777777778,0.0,0.0,0.4444444444444444,0.0,0.16666666666666666,0.0,0.0,0.0,0.8333333333333334,0.4444444444444444,0.16666666666666666,0.0,0.0,0.0,0.05555555555555555,0.4444444444444444,0.0,0.16666666666666666,0.16666666666666666
spkr31_7,0.7333333333333333,0.3125,0.6875,0.0,0.1875,0.0,0.0,0.125,0.4666666666666667,0.0,0.1875,0.0,0.125,0.125,0.0,0.125,0.125,0.6875,0.5625,0.5,0.5625,0.1875,0.5,0.1875,0.5,0.0625,0.4375,0.0
spkr31_70,0.8125,0.0625,0.5,0.0625,0.0,0.0,0.0,0.0625,0.1875,0.0,0.0625,0.0625,0.0,0.4375,0.0,0.0,0.0,0.5,0.1875,0.0625,0.25,0.0,0.1875,0.0625,0.0625,0.0625,0.3125,0.125
spkr31_71,0.8888888888888888,0.2631578947368421,0.42105263157894735,0.15789473684210525,0.0,0.0,0.0,0.0,0.4444444444444444,0.3684210526315789,0.0,0.3157894736842105,0.15789473684210525,0.05263157894736842,0.21052631578947367,0.0,0.0,0.8947368421052632,0.21052631578947367,0.21052631578947367,0.3157894736842105,0.2631578947368421,0.3157894736842105,0.0,0.2631578947368421,0.3684210526315789,0.15789473684210525,0.15789473684210525
spkr31_72,0.7368421052631579,0.7222222222222222,0.5555555555555556,0.0,0.0,0.0,0.0,0.1111111111111111,0.5789473684210527,0.2222222222222222,0.0,0.2222222222222222,0.0,0.2777777777777778,0.0,0.0,0.0,0.4444444444444444,0.1111111111111111,0.0,0.1111111111111111,0.2777777777777778,0.3888888888888889,0.1111111111111111,0.5,0.2222222222222222,0.4444444444444444,0.0
spkr31_73,0.8181818181818182,0.18181818181818182,0.6363636363636364,0.0,0.0,0.0,0.0,0.0,0.8181818181818182,0.09090909090909091,0.0,0.0,0.0,0.0,0.0,0.0,0.0,1.0,0.0,0.0,0.0,0.0,0.0,0.0,0.2727272727272727,0.2727272727272727,0.2727272727272727,0.0
spkr31_74,0.8571428571428571,0.35714285714285715,0.5,0.0,0.0,0.0,0.0,0.0,0.21428571428571427,0.0,0.0,0.0,0.0,0.0,0.0,0.0,0.0,0.8571428571428571,0.0,0.0,0.35714285714285715,0.0,0.21428571428571427,0.0,0.0,0.0,0.2857142857142857,0.14285714285714285
spkr31_75,0.8235294117647058,0.4117647058823529,0.6470588235294118,0.23529411764705882,0.0,0.0,0.0,0.17647058823529413,0.7058823529411765,0.5294117647058824,0.23529411764705882,0.0,0.17647058823529413,0.17647058823529413,0.23529411764705882,0.0,0.0,0.8235294117647058,0.0,0.23529411764705882,0.23529411764705882,0.5294117647058824,0.7058823529411765,0.23529411764705882,0.7058823529411765,0.23529411764705882,0.47058823529411764,0.17647058823529413
spkr31_8,0.8125,0.5625,0.6875,0.6875,0.0,0.0,0.4375,0.4375,0.8125,0.375,0.25,0.6875,0.9375,0.375,0.0,0.375,0.4375,0.8125,0.125,0.0,0.4375,0.6875,0.5625,0.3125,0.625,0.5625,0.5,0.0
spkr31_9,0.9285714285714286,0.5714285714285714,0.7142857142857143,0.07142857142857142,0.07142857142857142,0.07142857142857142,0.07142857142857142,0.07142857142857142,0.0,0.07142857142857142,0.2857142857142857,0.07142857142857142,0.14285714285714285,0.21428571428571427,0.07142857142857142,0.07142857142857142,0.07142857142857142,0.5,0.07142857142857142,0.21428571428571427,0.14285714285714285,0.07142857142857142,0.14285714285714285,0.07142857142857142,0.07142857142857142,0.07142857142857142,0.07142857142857142,0.07142857142857142
spkr32_1,0.7,0.5,0.5,0.0,0.0,0.0,0.0,0.0,0.3,0.0,0.0,0.0,0.0,0.0,0.0,0.3,0.0,0.5,0.0,0.0,0.5,0.0,0.3,0.0,0.2,0.0,0.3,0.0
spkr32_10,0.35294117647058826,0.0,0.5294117647058824,0.0,0.0,0.0,0.0,0.0,0.0,0.0,0.11764705882352941,0.0,0.0,0.058823529411764705,0.0,0.0,0.0,0.5294117647058824,0.0,0.058823529411764705,0.23529411764705882,0.0,0.0,0.0,0.058823529411764705,0.0,0.0,0.0
spkr32_11,0.6428571428571429,0.6428571428571429,0.8571428571428571,0.0,0.0,0.0,0.0,0.0,0.5,0.2857142857142857,0.07142857142857142,0.2857142857142857,0.0,0.21428571428571427,0.0,0.0,0.0,0.5714285714285714,0.2857142857142857,0.14285714285714285,0.14285714285714285,0.2857142857142857,0.7142857142857143,0.07142857142857142,0.5714285714285714,0.5,0.7142857142857143,0.21428571428571427
spkr32_12,0.6470588235294118,0.23529411764705882,0.5882352941176471,0.0,0.0,0.0,0.0,0.0,0.17647058823529413,0.11764705882352941,0.0,0.058823529411764705,0.0,0.11764705882352941,0.0,0.0,0.0,0.47058823529411764,0.0,0.0,0.17647058823529413,0.23529411764705882,0.17647058823529413,0.11764705882352941,0.29411764705882354,0.11764705882352941,0.23529411764705882,0.058823529411764705
spkr32_13,0.5,0.058823529411764705,0.47058823529411764,0.0,0.0,0.0,0.0,0.0,0.125,0.0,0.0,0.0,0.0,0.0,0.0,0.0,0.0,0.35294117647058826,0.0,0.0,0.0,0.0,0.058823529411764705,0.0,0.0,0.0,0.17647058823529413,0.0
spkr32_14,0.5294117647058824,0.6470588235294118,0.6470588235294118,0.0,0.0,0.0,0.0,0.0,0.058823529411764705,0.0,0.0,0.0,0.0,0.0,0.0,0.0,0.0,0.47058823529411764,0.0,0.29411764705882354,0.0,0.0,0.0,0.0,0.35294117647058826,0.0,0.17647058823529413,0.0
spkr32_15,0.7647058823529411,0.5294117647058824,0.8235294117647058,0.5882352941176471,0.11764705882352941,0.058823529411764705,0.35294117647058826,0.7647058823529411,0.6470588235294118,0.17647058823529413,0.23529411764705882,0.5882352941176471,0.058823529411764705,0.23529411764705882,0.23529411764705882,0.0,0.7058823529411765,1.0,0.29411764705882354,0.35294117647058826,0.35294117647058826,0.11764705882352941,0.6470588235294118,0.17647058823529413,0.5294117647058824,0.17647058823529413,0.7058823529411765,0.29411764705882354
spkr32_18,0.8076923076923077,0.8461538461538461,0.7307692307692307,0.0,0.0,0.0,0.0,0.0,0.5,0.038461538461538464,0.0,0.0,0.0,0.0,0.0,0.0,0.0,0.5769230769230769,0.07692307692307693,0.0,0.0,0.0,0.0,0.0,0.3076923076923077,0.07692307692307693,0.19230769230769232,0.0
spkr32_19,0.16129032258064516,0.03225806451612903,0.3548387096774194,0.0,0.0,0.0,0.0,0.0,0.0,0.0,0.0,0.0,0.0,0.0,0.0,0.0,0.0,0.45161290322580644,0.0,0.0,0.0,0.0,0.0,0.0,0.0,0.0,0.03225806451612903,0.0
spkr32_2,1.0,0.5454545454545454,0.6363636363636364,0.18181818181818182,0.0,0.0,0.18181818181818182,0.18181818181818182,0.18181818181818182,0.0,0.09090909090909091,0.18181818181818182,0.0,0.18181818181818182,0.0,0.0,0.18181818181818182,0.6363636363636364,0.5454545454545454,0.18181818181818182,0.18181818181818182,0.0,0.5454545454545454,0.09090909090909091,0.18181818181818182,0.0,0.18181818181818182,0.09090909090909091
spkr32_20,0.7083333333333334,0.038461538461538464,0.5769230769230769,0.0,0.0,0.0,0.0,0.0,0.25,0.0,0.0,0.0,0.0,0.0,0.0,0.0,0.0,0.38461538461538464,0.0,0.0,0.0,0.0,0.0,0.0,0.0,0.0,0.0,0.0
spkr32_21,0.48,0.0,0.37037037037037035,0.0,0.0,0.0,0.0,0.0,0.12,0.07407407407407407,0.0,0.0,0.0,0.0,0.0,0.037037037037037035,0.0,0.2222222222222222,0.0,0.0,0.0,0.07407407407407407,0.0,0.0,0.1111111111111111,0.037037037037037035,0.07407407407407407,0.037037037037037035
spkr32_22,0.7777777777777778,0.0,0.6111111111111112,0.0,0.0,0.0,0.0,0.0,0.05555555555555555,0.0,0.0,0.0,0.0,0.16666666666666666,0.0,0.0,0.0,0.3333333333333333,0.0,0.0,0.0,0.0,0.0,0.0,0.0,0.0,0.0,0.0
spkr32_23,0.4,0.3,0.5,0.0,0.0,0.0,0.0,0.15,0.25,0.0,0.05,0.2,0.05,0.0,0.0,0.0,0.0,0.5,0.15,0.15,0.05,0.0,0.1,0.0,0.1,0.0,0.2,0.1
spkr32_24,0.7647058823529411,0.3157894736842105,0.7368421052631579,0.0,0.0,0.0,0.0,0.10526315789473684,0.5882352941176471,0.10526315789473684,0.3157894736842105,0.0,0.0,0.05263157894736842,0.0,0.0,0.0,0.7368421052631579,0.0,0.15789473684210525,0.3684210526315789,0.0,0.0,0.0,0.2631578947368421,0.05263157894736842,0.05263157894736842,0.0
spkr32_26,0.7222222222222222,0.42105263157894735,0.6842105263157895,0.21052631578947367,0.0,0.3157894736842105,0.3157894736842105,0.3157894736842105,0.6111111111111112,0.21052631578947367,0.21052631578947367,0.21052631578947367,0.21052631578947367,0.21052631578947367,0.2631578947368421,0.3157894736842105,0.21052631578947367,0.6842105263157895,0.21052631578947367,0.21052631578947367,0.21052631578947367,0.2631578947368421,0.3157894736842105,0.21052631578947367,0.42105263157894735,0.21052631578947367,0.3157894736842105,0.15789473684210525
spkr32_28,0.6,0.17647058823529413,0.6470588235294118,0.11764705882352941,0.0,0.0,0.0,0.11764705882352941,0.2,0.058823529411764705,0.0,0.17647058823529413,0.0,0.0,0.058823529411764705,0.058823529411764705,0.0,0.17647058823529413,0.11764705882352941,0.11764705882352941,0.17647058823529413,0.17647058823529413,0.11764705882352941,0.058823529411764705,0.29411764705882354,0.17647058823529413,0.23529411764705882,0.11764705882352941
spkr32_29,0.7333333333333333,0.06666666666666667,0.6,0.0,0.0,0.0,0.0,0.0,0.13333333333333333,0.0,0.0,0.2,0.0,0.06666666666666667,0.0,0.0,0.0,0.2,0.0,0.0,0.13333333333333333,0.0,0.06666666666666667,0.0,0.0,0.0,0.06666666666666667,0.0
spkr32_30,0.4666666666666667,0.3333333333333333,0.6,0.0,0.0,0.0,0.0,0.0,0.0,0.0,0.0,0.0,0.0,0.0,0.0,0.0,0.0,0.7333333333333333,0.0,0.0,0.0,0.0,0.0,0.0,0.0,0.0,0.0,0.0
spkr32_31,0.631578947368421,0.10526315789473684,0.47368421052631576,0.0,0.0,0.0,0.2631578947368421,0.0,0.0,0.0,0.0,0.0,0.0,0.10526315789473684,0.0,0.0,0.0,0.42105263157894735,0.15789473684210525,0.10526315789473684,0.0,0.0,0.0,0.05263157894736842,0.10526315789473684,0.0,0.05263157894736842,0.05263157894736842
spkr32_33,0.5714285714285714,0.09090909090909091,0.5,0.09090909090909091,0.0,0.0,0.0,0.0,0.09523809523809523,0.0,0.09090909090909091,0.09090909090909091,0.0,0.045454545454545456,0.0,0.0,0.09090909090909091,0.13636363636363635,0.09090909090909091,0.09090909090909091,0.13636363636363635,0.0,0.0,0.0,0.13636363636363635,0.0,0.045454545454545456,0.0
spkr32_34,0.45454545454545453,0.4090909090909091,0.5454545454545454,0.2727272727272727,0.0,0.09090909090909091,0.045454545454545456,0.2727272727272727,0.2727272727272727,0.36363636363636365,0.36363636363636365,0.2727272727272727,0.22727272727272727,0.36363636363636365,0.045454545454545456,0.36363636363636365,0.09090909090909091,0.5454545454545454,0.3181818181818182,0.22727272727272727,0.4090909090909091,0.2727272727272727,0.3181818181818182,0.36363636363636365,0.18181818181818182,0.3181818181818182,0.2727272727272727,0.13636363636363635
spkr32_35,0.5714285714285714,0.0,0.8571428571428571,0.14285714285714285,0.0,0.14285714285714285,0.14285714285714285,0.0,0.14285714285714285,0.0,0.0,0.14285714285714285,0.14285714285714285,0.0,0.0,0.0,0.0,0.42857142857142855,0.14285714285714285,0.14285714285714285,0.14285714285714285,0.14285714285714285,0.14285714285714285,0.0,0.14285714285714285,0.0,0.14285714285714285,0.0
spkr32_36,0.7222222222222222,0.0,0.6,0.0,0.0,0.0,0.0,0.0,0.1111111111111111,0.0,0.0,0.0,0.0,0.0,0.0,0.0,0.0,0.3,0.0,0.0,0.0,0.0,0.0,0.0,0.0,0.0,0.0,0.0
spkr32_37,0.7857142857142857,0.13333333333333333,0.9333333333333333,0.0,0.0,0.0,0.0,0.0,0.0,0.06666666666666667,0.0,0.0,0.0,0.0,0.0,0.0,0.0,0.9333333333333333,0.0,0.0,0.0,0.06666666666666667,0.0,0.0,0.13333333333333333,0.0,0.0,0.0
spkr32_38,1.0,0.4666666666666667,0.4,0.13333333333333333,0.0,0.0,0.0,0.4,0.125,0.0,0.0,0.2,0.0,0.0,0.0,0.0,0.5333333333333333,0.4666666666666667,0.13333333333333333,0.2,0.13333333333333333,0.0,0.0,0.13333333333333333,0.13333333333333333,0.0,0.13333333333333333,0.0
spkr32_4,0.7857142857142857,0.0,0.8461538461538461,0.0,0.0,0.0,0.0,0.0,0.0,0.0,0.15384615384615385,0.0,0.0,0.0,0.0,0.0,0.0,0.15384615384615385,0.0,0.0,0.0,0.0,0.0,0.0,0.0,0.0,0.0,0.0
spkr32_40,0.5714285714285714,0.8,0.7333333333333333,0.13333333333333333,0.2,0.0,0.0,0.3333333333333333,0.35714285714285715,0.4,0.13333333333333333,0.0,0.0,0.06666666666666667,0.0,0.3333333333333333,0.0,0.4,0.13333333333333333,0.13333333333333333,0.3333333333333333,0.4,0.26666666666666666,0.2,0.5333333333333333,0.5333333333333333,0.2,0.2
spkr32_42,0.8181818181818182,0.8181818181818182,0.7272727272727273,0.36363636363636365,0.36363636363636365,0.0,0.36363636363636365,0.18181818181818182,0.7272727272727273,0.6363636363636364,0.0,0.6363636363636364,0.45454545454545453,0.45454545454545453,1.0,1.0,0.36363636363636365,0.9090909090909091,0.36363636363636365,0.36363636363636365,0.5454545454545454,0.8181818181818182,0.6363636363636364,0.2727272727272727,0.2727272727272727,0.7272727272727273,0.5454545454545454,0.36363636363636365
spkr32_43,0.6153846153846154,0.6153846153846154,0.6153846153846154,0.0,0.0,0.0,0.15384615384615385,0.15384615384615385,0.6153846153846154,0.5384615384615384,0.07692307692307693,0.46153846153846156,0.3076923076923077,0.38461538461538464,0.0,0.3076923076923077,0.0,0.5384615384615384,0.38461538461538464,0.0,0.3076923076923077,0.5384615384615384,0.3076923076923077,0.38461538461538464,0.38461538461538464,0.07692307692307693,0.5384615384615384,0.0
spkr32_44,0.9375,0.4375,0.4375,0.1875,0.0625,0.0625,0.0625,0.0625,0.625,0.0625,0.1875,0.0625,0.0625,0.125,0.0625,0.1875,0.0625,0.875,0.1875,0.25,0.0625,0.0625,0.25,0.125,0.125,0.0625,0.0,0.1875
spkr32_45,0.9,0.9090909090909091,0.9090909090909091,0.0,0.0,0.0,0.0,0.0,0.8,0.2727272727272727,0.6363636363636364,1.0,0.0,0.7272727272727273,1.0,1.0,0.0,0.9090909090909091,0.9090909090909091,0.8181818181818182,0.6363636363636364,0.45454545454545453,0.45454545454545453,0.18181818181818182,0.6363636363636364,0.2727272727272727,0.18181818181818182,0.0
spkr32_46,0.7333333333333333,0.26666666666666666,0.4,0.0,0.0,0.0,0.0,0.0,0.0,0.0,0.0,0.0,0.0,0.0,0.0,0.0,0.0,0.5333333333333333,0.0,0.0,0.0,0.0,0.0,0.0,0.0,0.0,0.13333333333333333,0.0
spkr32_5,0.7333333333333333,0.4666666666666667,0.7333333333333333,0.0,0.0,0.0,0.0,0.0,0.0,0.0,0.0,0.0,0.0,0.0,0.0,0.0,0.0,0.3333333333333333,0.26666666666666666,0.5333333333333333,0.06666666666666667,0.06666666666666667,0.06666666666666667,0.13333333333333333,0.06666666666666667,0.0,0.0,0.06666666666666667
spkr32_50,0.5666666666666667,0.16129032258064516,0.3548387096774194,0.0,0.0,0.0,0.0,0.0,0.2,0.0,0.0,0.0,0.0,0.03225806451612903,0.0,0.0,0.0,0.3225806451612903,0.0,0.0,0.16129032258064516,0.0,0.0,0.0,0.16129032258064516,0.0,0.12903225806451613,0.0
spkr32_51,1.0,0.14285714285714285,0.42857142857142855,0.07142857142857142,0.14285714285714285,0.0,0.07142857142857142,0.07142857142857142,0.35714285714285715,0.0,0.14285714285714285,0.07142857142857142,0.0,0.7857142857142857,0.07142857142857142,0.2857142857142857,0.2857142857142857,0.5,0.07142857142857142,0.07142857142857142,0.07142857142857142,0.07142857142857142,0.14285714285714285,0.21428571428571427,0.35714285714285715,0.07142857142857142,0.21428571428571427,0.07142857142857142
spkr32_52,0.45454545454545453,0.36363636363636365,0.2727272727272727,0.0,0.0,0.0,0.0,0.0,0.09090909090909091,0.09090909090909091,0.0,0.0,0.0,0.0,0.0,0.0,0.0,0.6363636363636364,0.2727272727272727,0.0,0.0,0.09090909090909091,0.2727272727272727,0.0,0.09090909090909091,0.0,0.09090909090909091,0.09090909090909091
spkr32_53,0.4666666666666667,0.13333333333333333,0.6,0.13333333333333333,0.13333333333333333,0.13333333333333333,0.26666666666666666,0.2,0.13333333333333333,0.2,0.13333333333333333,0.13333333333333333,0.13333333333333333,0.06666666666666667,0.2,0.06666666666666667,0.2,0.6666666666666666,0.2,0.2,0.13333333333333333,0.2,0.2,0.13333333333333333,0.2,0.06666666666666667,0.2,0.06666666666666667
spkr32_54,1.0,0.5714285714285714,0.5714285714285714,0.0,0.14285714285714285,0.14285714285714285,0.0,0.0,0.5,0.14285714285714285,0.0,1.0,0.0,0.14285714285714285,0.0,0.0,0.0,0.0,0.14285714285714285,0.2857142857142857,0.0,0.0,0.14285714285714285,0.42857142857142855,0.42857142857142855,0.0,0.42857142857142855,0.42857142857142855
spkr32_55,0.8,0.23529411764705882,0.7058823529411765,0.23529411764705882,0.0,0.0,0.17647058823529413,0.0,0.6,0.17647058823529413,0.058823529411764705,0.17647058823529413,0.0,0.0,0.0,0.0,0.0,0.23529411764705882,0.17647058823529413,0.23529411764705882,0.17647058823529413,0.0,0.058823529411764705,0.0,0.17647058823529413,0.0,0.058823529411764705,0.058823529411764705
spkr32_56,0.6,0.3,0.4,0.1,0.1,0.1,0.1,0.1,0.5,0.1,0.2,0.2,0.3,0.3,0.1,0.1,0.1,0.3,0.1,0.2,0.4,0.2,0.2,0.2,0.3,0.1,0.3,0.1
spkr32_57,0.8,0.35294117647058826,0.5882352941176471,0.0,0.0,0.0,0.0,0.0,0.2,0.058823529411764705,0.0,0.0,0.23529411764705882,0.0,0.0,0.0,0.0,0.0,0.0,0.0,0.0,0.0,0.0,0.0,0.058823529411764705,0.058823529411764705,0.11764705882352941,0.17647058823529413
spkr32_58,0.5238095238095238,0.18181818181818182,0.5454545454545454,0.09090909090909091,0.09090909090909091,0.09090909090909091,0.09090909090909091,0.09090909090909091,0.23809523809523808,0.09090909090909091,0.0,0.09090909090909091,0.09090909090909091,0.09090909090909091,0.09090909090909091,0.0,0.09090909090909091,0.8636363636363636,0.2727272727272727,0.18181818181818182,0.09090909090909091,0.09090909090909091,0.18181818181818182,0.09090909090909091,0.09090909090909091,0.09090909090909091,0.22727272727272727,0.0
spkr32_59,0.36363636363636365,0.09090909090909091,0.18181818181818182,0.45454545454545453,0.0,0.0,0.0,0.2727272727272727,0.0,0.18181818181818182,0.09090909090909091,0.0,0.0,0.2727272727272727,0.0,0.0,0.0,0.2727272727272727,0.0,0.0,0.0,0.0,0.2727272727272727,0.2727272727272727,0.2727272727272727,0.0,0.09090909090909091,0.2727272727272727
spkr32_6,0.5833333333333334,0.5833333333333334,0.75,0.3333333333333333,0.0,0.3333333333333333,0.3333333333333333,0.3333333333333333,0.3333333333333333,0.0,0.16666666666666666,0.0,0.0,0.16666666666666666,0.0,0.0,0.3333333333333333,0.6666666666666666,0.0,0.0,0.0,0.25,0.25,0.16666666666666666,0.25,0.25,0.4166666666666667,0.25
spkr32_60,0.625,0.7058823529411765,0.7058823529411765,0.11764705882352941,0.0,0.0,0.0,0.0,0.1875,0.0,0.058823529411764705,0.058823529411764705,0.0,0.0,0.0,0.0,0.0,0.4117647058823529,0.0,0.0,0.17647058823529413,0.0,0.0,0.0,0.17647058823529413,0.0,0.17647058823529413,0.11764705882352941
spkr32_61,0.6666666666666666,0.2777777777777778,0.3888888888888889,0.1111111111111111,0.0,0.0,0.0,0.0,0.16666666666666666,0.0,0.0,0.4444444444444444,0.1111111111111111,0.0,0.0,0.0,0.0,0.5,0.1111111111111111,0.1111111111111111,0.0,0.1111111111111111,0.05555555555555555,0.1111111111111111,0.1111111111111111,0.0,0.1111111111111111,0.1111111111111111
spkr32_62,0.7,0.09090909090909091,0.36363636363636365,0.0,0.0,0.0,0.0,0.0,0.4,0.0,0.0,0.0,0.0,0.0,0.0,0.0,0.0,1.0,0.0,0.0,0.0,0.0,0.0,0.0,0.0,0.0,0.0,0.09090909090909091
spkr32_63,0.7,0.0,0.8,0.0,0.0,0.0,0.0,0.0,0.0,0.0,0.0,0.0,0.0,0.0,0.0,0.0,0.0,0.0,0.0,0.0,0.0,0.0,0.0,0.0,0.2,0.0,0.0,0.1
spkr32_64,0.5882352941176471,0.23529411764705882,0.7058823529411765,0.0,0.0,0.0,0.058823529411764705,0.11764705882352941,0.11764705882352941,0.058823529411764705,0.0,0.0,0.0,0.29411764705882354,0.23529411764705882,0.0,0.058823529411764705,0.17647058823529413,0.058823529411764705,0.058823529411764705,0.17647058823529413,0.11764705882352941,0.23529411764705882,0.058823529411764705,0.058823529411764705,0.0,0.17647058823529413,0.17647058823529413
spkr32_65,0.4782608695652174,0.2608695652173913,0.6521739130434783,0.043478260869565216,0.043478260869565216,0.043478260869565216,0.043478260869565216,0.043478260869565216,0.17391304347826086,0.043478260869565216,0.043478260869565216,0.043478260869565216,0.043478260869565216,0.043478260869565216,0.043478260869565216,0.043478260869565216,0.043478260869565216,0.043478260869565216,0.043478260869565216,0.043478260869565216,0.043478260869565216,0.043478260869565216,0.30434782608695654,0.043478260869565216,0.043478260869565216,0.043478260869565216,0.043478260869565216,0.043478260869565216
spkr32_66,0.7647058823529411,0.3888888888888889,0.4444444444444444,0.05555555555555555,0.05555555555555555,0.0,0.05555555555555555,0.0,0.35294117647058826,0.16666666666666666,0.1111111111111111,0.0,0.05555555555555555,0.1111111111111111,0.05555555555555555,0.0,0.0,0.05555555555555555,0.05555555555555555,0.05555555555555555,0.05555555555555555,0.16666666666666666,0.16666666666666666,0.0,0.4444444444444444,0.16666666666666666,0.3333333333333333,0.16666666666666666
spkr32_67,0.42857142857142855,0.8571428571428571,0.6428571428571429,0.0,0.0,0.0,0.0,0.07142857142857142,0.2857142857142857,0.2857142857142857,0.07142857142857142,0.07142857142857142,0.0,0.21428571428571427,0.0,0.0,0.0,0.5714285714285714,0.14285714285714285,0.07142857142857142,0.42857142857142855,0.0,0.5714285714285714,0.0,0.2857142857142857,0.07142857142857142,0.14285714285714285,0.07142857142857142
spkr32_68,0.9166666666666666,0.6923076923076923,0.7692307692307693,0.46153846153846156,0.0,0.0,0.0,0.0,0.16666666666666666,0.0,0.0,0.0,0.0,0.3076923076923077,0.0,0.0,0.0,0.6153846153846154,0.0,0.23076923076923078,0.0,0.0,0.38461538461538464,0.0,0.0,0.07692307692307693,0.07692307692307693,0.5384615384615384
spkr32_69,0.6666666666666666,0.16666666666666666,0.7222222222222222,0.0,0.0,0.0,0.0,0.0,0.6111111111111112,0.0,0.0,0.05555555555555555,0.0,0.05555555555555555,0.0,0.0,0.0,0.4444444444444444,0.05555555555555555,0.0,0.05555555555555555,0.0,0.0,0.05555555555555555,0.1111111111111111,0.0,0.16666666666666666,0.1111111111111111
spkr32_7,0.8,0.8125,0.8125,0.125,0.0,0.0,0.0,0.125,0.13333333333333333,0.0,0.0,0.4375,0.0,0.0625,0.0,0.0,0.125,0.6875,0.3125,0.625,0.125,0.5625,0.5,0.0,0.5,0.0,0.5,0.25
spkr32_70,0.625,0.625,0.5,0.25,0.0,0.0,0.0625,0.0,0.25,0.0,0.0,0.0625,0.0,0.0625,0.0,0.0625,0.0,0.8125,0.0,0.0,0.3125,0.1875,0.5,0.4375,0.6875,0.0,0.0625,0.0
spkr32_71,0.8888888888888888,0.15789473684210525,0.47368421052631576,0.0,0.05263157894736842,0.0,0.0,0.0,0.7222222222222222,0.10526315789473684,0.0,0.05263157894736842,0.0,0.21052631578947367,0.0,0.0,0.0,0.10526315789473684,0.0,0.0,0.0,0.10526315789473684,0.15789473684210525,0.05263157894736842,0.21052631578947367,0.21052631578947367,0.3157894736842105,0.21052631578947367
spkr32_72,0.7894736842105263,0.8888888888888888,0.7222222222222222,0.0,0.0,0.0,0.0,0.0,0.05263157894736842,0.2222222222222222,0.0,0.0,0.0,0.0,0.0,0.0,0.0,0.9444444444444444,0.0,0.6111111111111112,0.0,0.0,0.2222222222222222,0.0,0.1111111111111111,0.2222222222222222,0.2222222222222222,0.0
spkr32_73,0.6363636363636364,0.18181818181818182,0.8181818181818182,0.0,0.0,0.0,0.0,0.0,0.6363636363636364,0.0,0.0,0.0,0.0,0.0,0.0,0.0,0.0,0.36363636363636365,0.0,0.0,0.0,0.18181818181818182,0.0,0.0,0.6363636363636364,0.09090909090909091,0.5454545454545454,0.0
spkr32_74,0.5,0.35714285714285715,0.42857142857142855,0.0,0.0,0.0,0.0,0.0,0.14285714285714285,0.0,0.0,0.0,0.0,0.0,0.0,0.0,0.0,0.0,0.35714285714285715,0.0,0.42857142857142855,0.14285714285714285,0.21428571428571427,0.0,0.21428571428571427,0.14285714285714285,0.2857142857142857,0.21428571428571427
spkr32_75,0.4117647058823529,0.35294117647058826,0.7058823529411765,0.11764705882352941,0.0,0.0,0.0,0.0,0.7647058823529411,0.23529411764705882,0.0,0.0,0.0,0.0,0.0,0.0,0.0,0.8235294117647058,0.6470588235294118,0.23529411764705882,0.0,0.35294117647058826,0.5882352941176471,0.23529411764705882,0.4117647058823529,0.29411764705882354,0.29411764705882354,0.11764705882352941
spkr32_8,0.5,0.8125,0.625,0.0,0.0,0.0,0.0,0.0,0.5625,0.5,0.0,0.0,0.0,0.0,0.0,0.0,0.0,0.5,0.0,0.1875,0.0,0.5625,0.25,0.0,0.5625,0.4375,0.375,0.1875
spkr32_9,0.42857142857142855,0.5714285714285714,0.6428571428571429,0.07142857142857142,0.14285714285714285,0.07142857142857142,0.14285714285714285,0.07142857142857142,0.42857142857142855,0.0,0.14285714285714285,0.14285714285714285,0.14285714285714285,0.14285714285714285,0.14285714285714285,0.14285714285714285,0.14285714285714285,1.0,0.07142857142857142,0.07142857142857142,0.0,0.07142857142857142,0.0,0.21428571428571427,0.2857142857142857,0.0,0.21428571428571427,0.07142857142857142
spkr33_1,0.9,0.1,0.4,0.0,0.0,0.0,0.0,0.0,0.1,0.0,0.0,0.0,0.0,0.0,0.0,0.3,0.0,0.8,0.0,0.0,0.0,0.0,0.0,0.0,0.0,0.0,0.0,0.0
spkr33_10,0.47058823529411764,0.0,0.47058823529411764,0.0,0.0,0.0,0.0,0.0,0.0,0.0,0.0,0.17647058823529413,0.0,0.058823529411764705,0.0,0.0,0.0,0.8235294117647058,0.0,0.0,0.058823529411764705,0.0,0.11764705882352941,0.0,0.11764705882352941,0.0,0.0,0.0
spkr33_11,0.5714285714285714,0.35714285714285715,0.6428571428571429,0.14285714285714285,0.0,0.0,0.0,0.14285714285714285,0.14285714285714285,0.07142857142857142,0.14285714285714285,0.0,0.0,0.14285714285714285,0.0,0.0,0.14285714285714285,0.5,0.14285714285714285,0.2857142857142857,0.14285714285714285,0.2857142857142857,0.35714285714285715,0.14285714285714285,0.21428571428571427,0.07142857142857142,0.14285714285714285,0.07142857142857142
spkr33_12,0.6470588235294118,0.058823529411764705,0.6470588235294118,0.058823529411764705,0.0,0.0,0.0,0.058823529411764705,0.0,0.0,0.0,0.0,0.0,0.0,0.0,0.0,0.058823529411764705,0.6470588235294118,0.058823529411764705,0.058823529411764705,0.11764705882352941,0.0,0.11764705882352941,0.0,0.0,0.0,0.058823529411764705,0.0
spkr33_13,0.8125,0.0,0.6470588235294118,0.0,0.0,0.0,0.0,0.0,0.125,0.0,0.0,0.0,0.0,0.0,0.0,0.0,0.0,0.5294117647058824,0.0,0.0,0.0,0.0,0.058823529411764705,0.0,0.0,0.0,0.11764705882352941,0.0
spkr33_14,0.5882352941176471,0.23529411764705882,0.7058823529411765,0.0,0.058823529411764705,0.0,0.0,0.0,0.058823529411764705,0.11764705882352941,0.0,0.0,0.23529411764705882,0.11764705882352941,0.0,0.0,0.0,0.23529411764705882,0.058823529411764705,0.17647058823529413,0.0,0.17647058823529413,0.058823529411764705,0.058823529411764705,0.0,0.058823529411764705,0.0,0.058823529411764705
spkr33_15,0.47058823529411764,0.0,0.35294117647058826,0.058823529411764705,0.0,0.0,0.058823529411764705,0.058823529411764705,0.11764705882352941,0.0,0.058823529411764705,0.058823529411764705,0.058823529411764705,0.11764705882352941,0.0,0.0,0.058823529411764705,0.6470588235294118,0.058823529411764705,0.058823529411764705,0.0,0.0,0.17647058823529413,0.058823529411764705,0.29411764705882354,0.058823529411764705,0.058823529411764705,0.0
spkr33_18,0.46153846153846156,0.46153846153846156,0.5769230769230769,0.0,0.0,0.0,0.0,0.0,0.07692307692307693,0.0,0.0,0.0,0.0,0.0,0.0,0.0,0.0,0.11538461538461539,0.0,0.0,0.0,0.0,0.0,0.0,0.07692307692307693,0.0,0.038461538461538464,0.0
spkr33_19,0.5806451612903226,0.03225806451612903,0.45161290322580644,0.0,0.0,0.0,0.0,0.0,0.03225806451612903,0.0,0.0,0.0,0.0,0.0,0.0,0.0,0.0,0.4838709677419355,0.0,0.03225806451612903,0.0,0.0,0.0,0.0,0.0,0.0,0.03225806451612903,0.0
spkr33_2,0.8181818181818182,0.5454545454545454,0.7272727272727273,0.6363636363636364,0.0,0.0,0.0,0.2727272727272727,0.8181818181818182,0.0,0.0,0.18181818181818182,0.0,0.09090909090909091,0.0,0.0,0.2727272727272727,0.8181818181818182,0.6363636363636364,0.36363636363636365,0.45454545454545453,0.18181818181818182,0.5454545454545454,0.09090909090909091,0.8181818181818182,0.0,0.2727272727272727,0.0
spkr33_20,0.8333333333333334,0.23076923076923078,0.5769230769230769,0.0,0.0,0.0,0.0,0.0,0.20833333333333334,0.0,0.0,0.0,0.0,0.0,0.0,0.0,0.0,0.38461538461538464,0.23076923076923078,0.07692307692307693,0.0,0.0,0.0,0.0,0.15384615384615385,0.0,0.0,0.0
spkr33_21,0.52,0.18518518518518517,0.2222222222222222,0.0,0.0,0.037037037037037035,0.0,0.037037037037037035,0.08,0.037037037037037035,0.037037037037037035,0.0,0.0,0.037037037037037035,0.0,0.037037037037037035,0.037037037037037035,0.5555555555555556,0.0,0.0,0.0,0.07407407407407407,0.037037037037037035,0.037037037037037035,0.1111111111111111,0.037037037037037035,0.07407407407407407,0.0
spkr33_22,0.8333333333333334,0.0,0.4444444444444444,0.0,0.0,0.0,0.0,0.0,0.05555555555555555,0.0,0.0,0.0,0.0,0.0,0.0,0.0,0.0,0.16666666666666666,0.0,0.0,0.0,0.0,0.0,0.0,0.0,0.0,0.0,0.0
spkr33_23,0.55,0.1,0.4,0.0,0.0,0.0,0.0,0.0,0.05,0.0,0.0,0.0,0.0,0.0,0.0,0.0,0.0,0.5,0.2,0.3,0.0,0.0,0.0,0.0,0.15,0.0,0.15,0.0
spkr33_24,0.6470588235294118,0.21052631578947367,0.47368421052631576,0.0,0.0,0.0,0.0,0.0,0.0,0.0,0.0,0.0,0.0,0.0,0.0,0.0,0.0,0.42105263157894735,0.05263157894736842,0.0,0.0,0.0,0.0,0.0,0.05263157894736842,0.0,0.0,0.0
spkr33_26,0.5555555555555556,0.21052631578947367,0.5263157894736842,0.0,0.0,0.0,0.0,0.0,0.16666666666666666,0.0,0.0,0.3157894736842105,0.0,0.0,0.0,0.0,0.0,0.5789473684210527,0.10526315789473684,0.10526315789473684,0.0,0.0,0.15789473684210525,0.0,0.0,0.0,0.10526315789473684,0.0
spkr33_28,0.6,0.23529411764705882,0.47058823529411764,0.0,0.0,0.0,0.0,0.0,0.0,0.058823529411764705,0.0,0.0,0.0,0.0,0.0,0.0,0.0,0.6470588235294118,0.0,0.0,0.0,0.29411764705882354,0.23529411764705882,0.058823529411764705,0.058823529411764705,0.29411764705882354,0.35294117647058826,0.0
spkr33_29,0.4666666666666667,0.0,0.5333333333333333,0.06666666666666667,0.0,0.0,0.0,0.0,0.06666666666666667,0.0,0.0,0.06666666666666667,0.06666666666666667,0.13333333333333333,0.0,0.0,0.0,0.9333333333333333,0.06666666666666667,0.06666666666666667,0.13333333333333333,0.0,0.3333333333333333,0.0,0.0,0.06666666666666667,0.06666666666666667,0.0
spkr33_30,0.3333333333333333,0.4,0.6666666666666666,0.0,0.0,0.0,0.0,0.0,0.26666666666666666,0.0,0.0,0.0,0.0,0.0,0.0,0.06666666666666667,0.0,0.7333333333333333,0.4,0.0,0.13333333333333333,0.13333333333333333,0.06666666666666667,0.0,0.13333333333333333,0.0,0.2,0.0
spkr33_31,0.5263157894736842,0.10526315789473684,0.3684210526315789,0.0,0.0,0.0,0.0,0.0,0.0,0.0,0.0,0.10526315789473684,0.0,0.0,0.0,0.0,0.0,0.5789473684210527,0.0,0.0,0.0,0.0,0.0,0.0,0.10526315789473684,0.10526315789473684,0.0,0.05263157894736842
spkr33_33,0.6190476190476191,0.18181818181818182,0.6363636363636364,0.09090909090909091,0.09090909090909091,0.09090909090909091,0.09090909090909091,0.09090909090909091,0.19047619047619047,0.09090909090909091,0.18181818181818182,0.09090909090909091,0.09090909090909091,0.09090909090909091,0.09090909090909091,0.09090909090909091,0.09090909090909091,0.2727272727272727,0.09090909090909091,0.09090909090909091,0.09090909090909091,0.09090909090909091,0.09090909090909091,0.09090909090909091,0.09090909090909091,0.09090909090909091,0.18181818181818182,0.09090909090909091
spkr33_34,0.4090909090909091,0.13636363636363635,0.2727272727272727,0.0,0.0,0.09090909090909091,0.0,0.09090909090909091,0.4090909090909091,0.22727272727272727,0.09090909090909091,0.09090909090909091,0.0,0.09090909090909091,0.0,0.09090909090909091,0.0,0.5454545454545454,0.13636363636363635,0.045454545454545456,0.13636363636363635,0.09090909090909091,0.22727272727272727,0.18181818181818182,0.3181818181818182,0.18181818181818182,0.13636363636363635,0.09090909090909091
spkr33_35,0.5714285714285714,0.0,0.2857142857142857,0.0,0.0,0.0,0.0,0.0,0.0,0.0,0.0,0.0,0.0,0.0,0.0,0.0,0.0,0.14285714285714285,0.0,0.07142857142857142,0.0,0.0,0.0,0.0,0.0,0.0,0.0,0.14285714285714285
spkr33_36,0.7777777777777778,0.0,0.4,0.0,0.0,0.0,0.0,0.0,0.16666666666666666,0.0,0.0,0.0,0.0,0.0,0.0,0.0,0.0,0.45,0.0,0.0,0.0,0.0,0.25,0.0,0.2,0.0,0.1,0.2
spkr33_37,0.8571428571428571,0.26666666666666666,0.8666666666666667,0.0,0.0,0.0,0.0,0.0,0.14285714285714285,0.0,0.13333333333333333,0.0,0.0,0.13333333333333333,0.0,0.0,0.0,0.8,0.26666666666666666,0.13333333333333333,0.0,0.0,0.06666666666666667,0.0,0.5333333333333333,0.0,0.0,0.0
spkr33_38,0.8125,0.13333333333333333,0.7333333333333333,0.0,0.0,0.0,0.0,0.0,0.0625,0.0,0.0,0.0,0.0,0.0,0.0,0.0,0.0,0.5333333333333333,0.0,0.0,0.0,0.0,0.0,0.0,0.06666666666666667,0.0,0.0,0.0
spkr33_4,0.7857142857142857,0.0,0.3076923076923077,0.0,0.0,0.0,0.0,0.0,0.0,0.0,0.0,0.0,0.0,0.0,0.0,0.0,0.0,0.0,0.0,0.0,0.38461538461538464,0.0,0.0,0.0,0.0,0.0,0.15384615384615385,0.0
spkr33_40,0.5,0.0,0.3333333333333333,0.0,0.0,0.0,0.0,0.0,0.0,0.0,0.0,0.0,0.0,0.0,0.0,0.0,0.0,0.6,0.0,0.0,0.0,0.0,0.26666666666666666,0.0,0.13333333333333333,0.0,0.0,0.0
spkr33_42,0.8181818181818182,0.2727272727272727,0.6363636363636364,0.36363636363636365,0.0,0.0,0.0,0.2727272727272727,0.18181818181818182,0.09090909090909091,0.0,0.18181818181818182,0.0,0.0,0.0,0.0,0.09090909090909091,0.7272727272727273,0.2727272727272727,0.2727272727272727,0.2727272727272727,0.0,0.36363636363636365,0.09090909090909091,0.09090909090909091,0.0,0.18181818181818182,0.09090909090909091
spkr33_43,0.7692307692307693,0.0,0.6153846153846154,0.0,0.0,0.0,0.0,0.0,0.15384615384615385,0.0,0.15384615384615385,0.0,0.0,0.07692307692307693,0.0,0.3076923076923077,0.0,0.6923076923076923,0.0,0.0,0.23076923076923078,0.15384615384615385,0.15384615384615385,0.0,0.07692307692307693,0.23076923076923078,0.07692307692307693,0.0
spkr33_44,0.9375,0.125,0.5,0.0625,0.0625,0.0625,0.0625,0.0625,0.25,0.0625,0.0625,0.0625,0.0625,0.0625,0.0625,0.0625,0.0625,0.5,0.0625,0.0625,0.0625,0.0625,0.0625,0.0625,0.0625,0.0625,0.0,0.0625
spkr33_45,0.7,0.0,0.6363636363636364,0.0,0.0,0.0,0.09090909090909091,0.09090909090909091,0.1,0.0,0.0,0.09090909090909091,0.0,0.09090909090909091,0.0,0.0,0.09090909090909091,0.8181818181818182,0.09090909090909091,0.0,0.09090909090909091,0.0,0.0,0.0,0.09090909090909091,0.0,0.0,0.0
spkr33_46,0.7333333333333333,0.13333333333333333,0.4666666666666667,0.0,0.0,0.0,0.0,0.0,0.0,0.0,0.0,0.0,0.0,0.0,0.0,0.0,0.0,0.13333333333333333,0.0,0.0,0.0,0.0,0.0,0.0,0.0,0.0,0.06666666666666667,0.0
spkr33_5,0.6666666666666666,0.4,0.7333333333333333,0.0,0.0,0.0,0.0,0.0,0.0,0.06666666666666667,0.0,0.0,0.0,0.0,0.0,0.0,0.0,0.5333333333333333,0.0,0.0,0.2,0.0,0.0,0.0,0.0,0.0,0.06666666666666667,0.0
spkr33_50,0.6333333333333333,0.16129032258064516,0.3870967741935484,0.0,0.0,0.0,0.0,0.0,0.06666666666666667,0.03225806451612903,0.0,0.0,0.0,0.0967741935483871,0.0,0.0,0.0,0.8709677419354839,0.0,0.0,0.12903225806451613,0.0,0.12903225806451613,0.0,0.16129032258064516,0.0,0.0,0.0
spkr33_51,0.6428571428571429,0.14285714285714285,0.07142857142857142,0.07142857142857142,0.0,0.0,0.07142857142857142,0.07142857142857142,0.21428571428571427,0.0,0.21428571428571427,0.07142857142857142,0.0,0.14285714285714285,0.0,0.0,0.07142857142857142,0.14285714285714285,0.07142857142857142,0.07142857142857142,0.0,0.14285714285714285,0.07142857142857142,0.2857142857142857,0.14285714285714285,0.14285714285714285,0.21428571428571427,0.07142857142857142
spkr33_52,0.6363636363636364,0.36363636363636365,0.6363636363636364,0.0,0.0,0.0,0.0,0.0,0.09090909090909091,0.09090909090909091,0.0,0.0,0.0,0.0,0.0,0.0,0.0,0.9090909090909091,0.0,0.0,0.0,0.09090909090909091,0.09090909090909091,0.0,0.0,0.0,0.09090909090909091,0.0
spkr33_53,0.4,0.13333333333333333,0.6,0.06666666666666667,0.0,0.06666666666666667,0.0,0.06666666666666667,0.06666666666666667,0.06666666666666667,0.06666666666666667,0.0,0.0,0.06666666666666667,0.0,0.06666666666666667,0.06666666666666667,0.3333333333333333,0.06666666666666667,0.0,0.06666666666666667,0.13333333333333333,0.06666666666666667,0.0,0.06666666666666667,0.06666666666666667,0.06666666666666667,0.0
spkr33_54,1.0,0.42857142857142855,1.0,0.14285714285714285,0.14285714285714285,0.14285714285714285,0.14285714285714285,0.14285714285714285,0.8333333333333334,0.14285714285714285,0.14285714285714285,0.14285714285714285,0.14285714285714285,0.14285714285714285,0.14285714285714285,0.14285714285714285,0.14285714285714285,1.0,0.14285714285714285,0.14285714285714285,0.14285714285714285,0.42857142857142855,0.42857142857142855,0.42857142857142855,0.2857142857142857,0.14285714285714285,0.42857142857142855,0.14285714285714285
spkr33_55,0.8,0.29411764705882354,0.7058823529411765,0.0,0.0,0.0,0.0,0.0,0.13333333333333333,0.4117647058823529,0.0,0.4117647058823529,0.0,0.0,0.5294117647058824,0.0,0.0,0.9411764705882353,0.4117647058823529,0.0,0.0,0.23529411764705882,0.35294117647058826,0.0,0.5294117647058824,0.11764705882352941,0.47058823529411764,0.0
spkr33_56,0.9,0.4,0.5,0.0,0.0,0.0,0.2,0.0,0.5,0.2,0.0,0.0,0.0,0.0,0.0,0.6,0.0,0.6,0.4,0.6,0.1,0.4,0.4,0.2,0.6,0.2,0.1,0.1
spkr33_57,0.6,0.35294117647058826,0.7058823529411765,0.23529411764705882,0.23529411764705882,0.23529411764705882,0.23529411764705882,0.23529411764705882,0.26666666666666666,0.11764705882352941,0.058823529411764705,0.23529411764705882,0.23529411764705882,0.23529411764705882,0.23529411764705882,0.23529411764705882,0.23529411764705882,0.23529411764705882,0.23529411764705882,0.23529411764705882,0.23529411764705882,0.23529411764705882,0.23529411764705882,0.23529411764705882,0.11764705882352941,0.23529411764705882,0.29411764705882354,0.23529411764705882
spkr33_58,0.6666666666666666,0.13636363636363635,0.4090909090909091,0.0,0.0,0.0,0.0,0.0,0.23809523809523808,0.0,0.0,0.0,0.0,0.0,0.0,0.0,0.0,1.0,0.0,0.0,0.0,0.0,0.18181818181818182,0.0,0.045454545454545456,0.0,0.0,0.0
spkr33_59,0.8181818181818182,0.0,0.45454545454545453,0.0,0.0,0.0,0.0,0.0,0.09090909090909091,0.0,0.0,0.0,0.0,0.0,0.0,0.0,0.0,1.0,0.0,0.0,0.0,0.0,0.09090909090909091,0.2727272727272727,0.0,0.0,0.0,0.0
spkr33_6,0.6666666666666666,0.25,0.75,0.25,0.0,0.0,0.0,0.0,0.0,0.0,0.0,0.0,0.0,0.0,0.0,0.0,0.0,1.0,0.25,0.0,0.0,0.25,0.25,0.08333333333333333,0.3333333333333333,0.0,0.16666666666666666,0.16666666666666666
spkr33_60,0.6875,0.4117647058823529,0.5882352941176471,0.29411764705882354,0.0,0.0,0.0,0.17647058823529413,0.1875,0.0,0.058823529411764705,0.11764705882352941,0.0,0.29411764705882354,0.11764705882352941,0.0,0.17647058823529413,0.5294117647058824,0.29411764705882354,0.17647058823529413,0.35294117647058826,0.17647058823529413,0.0,0.23529411764705882,0.17647058823529413,0.17647058823529413,0.23529411764705882,0.29411764705882354
spkr33_61,0.7222222222222222,0.2222222222222222,0.2777777777777778,0.0,0.0,0.0,0.1111111111111111,0.1111111111111111,0.16666666666666666,0.0,0.05555555555555555,0.1111111111111111,0.1111111111111111,0.0,0.1111111111111111,0.0,0.1111111111111111,0.2222222222222222,0.1111111111111111,0.1111111111111111,0.0,0.05555555555555555,0.2222222222222222,0.0,0.0,0.0,0.05555555555555555,0.0
spkr33_62,0.7,0.0,0.09090909090909091,0.0,0.0,0.0,0.0,0.0,0.2,0.0,0.0,1.0,0.0,0.0,0.0,0.0,0.0,1.0,0.0,0.0,0.0,0.0,0.0,0.0,0.0,0.0,0.0,0.0
spkr33_63,0.8,0.5,0.5,0.3,0.0,0.0,0.0,0.1,0.0,0.0,0.0,0.0,0.0,0.0,0.0,0.0,0.3,1.0,0.1,0.0,0.0,0.2,0.2,0.0,0.1,0.2,0.1,0.0
spkr33_64,0.47058823529411764,0.058823529411764705,0.8823529411764706,0.0,0.0,0.0,0.0,0.0,0.11764705882352941,0.0,0.0,0.0,0.0,0.0,0.0,0.0,0.0,0.8235294117647058,0.0,0.0,0.0,0.0,0.0,0.0,0.11764705882352941,0.0,0.0,0.0
spkr33_65,0.5217391304347826,0.391304347826087,0.6086956521739131,0.0,0.0,0.0,0.0,0.0,0.08695652173913043,0.0,0.08695652173913043,0.0,0.0,0.0,0.0,0.0,0.0,0.34782608695652173,0.0,0.0,0.13043478260869565,0.0,0.08695652173913043,0.0,0.2608695652173913,0.0,0.08695652173913043,0.0
spkr33_66,0.8823529411764706,0.0,0.2777777777777778,0.0,0.0,0.0,0.0,0.0,0.0,0.0,0.0,0.0,0.0,0.0,0.0,0.0,0.0,0.6111111111111112,0.0,0.0,0.0,0.0,0.3333333333333333,0.0,0.16666666666666666,0.0,0.0,0.0
spkr33_67,0.7857142857142857,0.2857142857142857,0.6428571428571429,0.35714285714285715,0.0,0.0,0.0,0.21428571428571427,0.14285714285714285,0.0,0.07142857142857142,0.0,0.0,0.14285714285714285,0.0,0.0,0.0,0.5,0.35714285714285715,0.6428571428571429,0.2857142857142857,0.0,0.5,0.0,0.0,0.0,0.14285714285714285,0.2857142857142857
spkr33_68,0.5,0.23076923076923078,0.23076923076923078,0.0,0.0,0.0,0.0,0.0,0.16666666666666666,0.0,0.0,0.0,0.0,0.0,0.0,0.0,0.0,0.6153846153846154,0.0,0.0,0.15384615384615385,0.07692307692307693,0.3076923076923077,0.0,0.23076923076923078,0.15384615384615385,0.3076923076923077,0.07692307692307693
spkr33_69,0.5555555555555556,0.16666666666666666,0.3888888888888889,0.0,0.0,0.0,0.0,0.0,0.05555555555555555,0.0,0.0,0.0,0.0,0.0,0.0,0.0,0.0,0.8888888888888888,0.05555555555555555,0.0,0.0,0.0,0.0,0.0,0.2222222222222222,0.0,0.1111111111111111,0.0
spkr33_7,0.8,0.5,0.75,0.125,0.0,0.0,0.1875,0.0,0.06666666666666667,0.0,0.125,0.0,0.0,0.1875,0.0,0.125,0.0,0.75,0.0,0.25,0.125,0.4375,0.4375,0.0,0.0,0.0,0.125,0.1875
spkr33_70,0.6875,0.125,0.3125,0.0625,0.0,0.0,0.0,0.0625,0.1875,0.25,0.0625,0.0625,0.0625,0.0625,0.0,0.0625,0.0,0.6875,0.0,0.0625,0.0625,0.0,0.125,0.0625,0.5,0.0625,0.1875,0.0
spkr33_71,0.7777777777777778,0.21052631578947367,0.42105263157894735,0.0,0.0,0.0,0.21052631578947367,0.3157894736842105,0.4444444444444444,0.21052631578947367,0.21052631578947367,0.0,0.15789473684210525,0.21052631578947367,0.0,0.0,0.3157894736842105,0.6842105263157895,0.0,0.10526315789473684,0.21052631578947367,0.21052631578947367,0.21052631578947367,0.10526315789473684,0.15789473684210525,0.10526315789473684,0.10526315789473684,0.05263157894736842
spkr33_72,0.7894736842105263,0.6111111111111112,0.4444444444444444,0.4444444444444444,0.0,0.0,0.0,0.4444444444444444,0.21052631578947367,0.16666666666666666,0.0,0.0,0.0,0.0,0.0,0.0,0.0,1.0,0.0,0.0,0.0,0.16666666666666666,0.16666666666666666,0.2222222222222222,0.16666666666666666,0.16666666666666666,0.2777777777777778,0.16666666666666666
spkr33_73,0.9090909090909091,0.18181818181818182,0.5454545454545454,0.0,0.0,0.0,0.0,0.0,0.09090909090909091,0.0,0.0,0.0,0.0,0.0,0.0,0.0,0.0,0.0,0.0,0.0,0.0,0.18181818181818182,0.0,0.0,0.6363636363636364,0.0,0.09090909090909091,0.0
spkr33_74,0.5,0.5,0.5714285714285714,0.0,0.0,0.0,0.0,0.0,0.14285714285714285,0.0,0.0,0.0,0.0,0.0,0.0,0.0,0.0,0.6428571428571429,0.0,0.0,0.21428571428571427,0.0,0.0,0.0,0.14285714285714285,0.0,0.21428571428571427,0.0
spkr33_75,0.7647058823529411,0.4117647058823529,0.5882352941176471,0.0,0.0,0.0,0.0,0.23529411764705882,0.47058823529411764,0.23529411764705882,0.0,0.0,0.0,0.0,0.0,0.0,0.0,0.8823529411764706,0.11764705882352941,0.29411764705882354,0.17647058823529413,0.4117647058823529,0.11764705882352941,0.23529411764705882,0.23529411764705882,0.058823529411764705,0.23529411764705882,0.11764705882352941
spkr33_8,0.6875,0.1875,0.25,0.0,0.0,0.0,0.0,0.0,0.25,0.1875,0.0,0.0,0.0,0.0,0.75,0.0,0.0,0.625,0.0,0.0,0.0,0.1875,0.125,0.0,0.1875,0.1875,0.0,0.0
spkr33_9,0.5,0.0,0.5714285714285714,0.07142857142857142,0.0,0.0,0.07142857142857142,0.0,0.0,0.0,0.07142857142857142,0.0,0.07142857142857142,0.07142857142857142,0.0,0.0,0.07142857142857142,0.7142857142857143,0.0,0.0,0.0,0.0,0.0,0.0,0.07142857142857142,0.0,0.0,0.0
spkr34_1,0.8,0.2,0.7,0.2,0.3,0.2,0.2,0.2,0.7,0.2,0.2,0.3,0.3,0.2,0.2,0.4,0.2,1.0,0.3,0.3,0.3,0.2,0.2,0.2,0.3,0.2,0.3,0.4
spkr34_10,0.35294117647058826,0.0,0.5294117647058824,0.0,0.0,0.0,0.0,0.0,0.058823529411764705,0.0,0.0,0.0,0.0,0.0,0.0,0.0,0.0,0.7647058823529411,0.0,0.0,0.0,0.0,0.0,0.0,0.0,0.0,0.11764705882352941,0.0
spkr34_11,0.8571428571428571,0.8571428571428571,0.7142857142857143,0.7857142857142857,0.0,0.0,0.2857142857142857,0.42857142857142855,0.7857142857142857,0.21428571428571427,0.14285714285714285,0.21428571428571427,0.14285714285714285,0.2857142857142857,0.21428571428571427,0.0,0.0,0.8571428571428571,0.7142857142857143,0.8571428571428571,0.42857142857142855,0.5,0.5714285714285714,0.07142857142857142,0.7142857142857143,0.35714285714285715,0.6428571428571429,0.21428571428571427
spkr34_12,0.7058823529411765,0.4117647058823529,0.5294117647058824,0.058823529411764705,0.0,0.0,0.0,0.0,0.11764705882352941,0.0,0.11764705882352941,0.0,0.0,0.0,0.0,0.0,0.058823529411764705,0.23529411764705882,0.29411764705882354,0.058823529411764705,0.29411764705882354,0.29411764705882354,0.35294117647058826,0.058823529411764705,0.23529411764705882,0.23529411764705882,0.0,0.0
spkr34_15,0.7058823529411765,0.29411764705882354,0.5882352941176471,0.23529411764705882,0.0,0.0,0.0,0.0,0.35294117647058826,0.11764705882352941,0.47058823529411764,0.47058823529411764,0.35294117647058826,0.17647058823529413,0.0,0.0,0.0,0.8823529411764706,0.4117647058823529,0.23529411764705882,0.5882352941176471,0.23529411764705882,0.5294117647058824,0.29411764705882354,0.29411764705882354,0.17647058823529413,0.47058823529411764,0.058823529411764705
spkr34_18,0.8076923076923077,0.6153846153846154,0.7692307692307693,0.0,0.0,0.0,0.0,0.0,0.3076923076923077,0.0,0.0,0.0,0.0,0.0,0.0,0.0,0.0,0.5,0.0,0.0,0.11538461538461539,0.0,0.15384615384615385,0.0,0.3076923076923077,0.07692307692307693,0.07692307692307693,0.0
spkr34_19,0.6129032258064516,0.0,0.45161290322580644,0.0,0.0,0.0,0.0,0.0,0.06451612903225806,0.0,0.0,0.0,0.0,0.0,0.0,0.0,0.0,0.5806451612903226,0.0,0.0,0.0,0.0,0.0,0.0,0.0967741935483871,0.0,0.03225806451612903,0.0
spkr34_2,0.5454545454545454,0.6363636363636364,0.5454545454545454,0.0,0.0,0.0,0.0,0.0,0.7272727272727273,0.2727272727272727,0.2727272727272727,0.0,0.0,0.18181818181818182,0.0,0.0,0.0,0.8181818181818182,0.18181818181818182,0.2727272727272727,0.18181818181818182,0.36363636363636365,0.36363636363636365,0.0,0.7272727272727273,0.0,0.2727272727272727,0.18181818181818182
spkr34_20,0.7916666666666666,0.5769230769230769,0.5769230769230769,0.23076923076923078,0.0,0.0,0.0,0.23076923076923078,0.4166666666666667,0.19230769230769232,0.11538461538461539,0.07692307692307693,0.23076923076923078,0.23076923076923078,0.0,0.0,0.23076923076923078,0.23076923076923078,0.5,0.23076923076923078,0.23076923076923078,0.5,0.19230769230769232,0.0,0.23076923076923078,0.23076923076923078,0.2692307692307692,0.038461538461538464
spkr34_21,0.4,0.07407407407407407,0.3333333333333333,0.0,0.0,0.0,0.0,0.0,0.16,0.037037037037037035,0.0,0.0,0.0,0.037037037037037035,0.0,0.0,0.0,0.037037037037037035,0.0,0.0,0.037037037037037035,0.037037037037037035,0.0,0.037037037037037035,0.037037037037037035,0.037037037037037035,0.037037037037037035,0.0
spkr34_22,0.6666666666666666,0.1111111111111111,0.6666666666666666,0.0,0.0,0.0,0.0,0.0,0.16666666666666666,0.0,0.0,0.0,0.0,0.0,0.0,0.0,0.0,0.0,0.0,0.0,0.0,0.0,0.0,0.0,0.1111111111111111,0.0,0.0,0.1111111111111111
spkr34_23,0.65,0.5,0.55,0.25,0.1,0.0,0.0,0.1,0.3,0.25,0.15,0.15,0.0,0.1,0.0,0.0,0.0,0.6,0.35,0.2,0.0,0.15,0.1,0.05,0.15,0.3,0.15,0.15
spkr34_24,0.6470588235294118,0.42105263157894735,0.6842105263157895,0.05263157894736842,0.0,0.0,0.0,0.05263157894736842,0.35294117647058826,0.05263157894736842,0.0,0.10526315789473684,0.05263157894736842,0.05263157894736842,0.0,0.0,0.10526315789473684,0.05263157894736842,0.05263157894736842,0.10526315789473684,0.0,0.05263157894736842,0.05263157894736842,0.05263157894736842,0.0,0.05263157894736842,0.15789473684210525,0.0
spkr34_26,0.6666666666666666,0.3157894736842105,0.42105263157894735,0.0,0.0,0.0,0.0,0.0,0.16666666666666666,0.0,0.0,0.05263157894736842,0.10526315789473684,0.0,0.0,0.0,0.0,0.6842105263157895,0.47368421052631576,0.05263157894736842,0.0,0.0,0.05263157894736842,0.0,0.10526315789473684,0.10526315789473684,0.10526315789473684,0.0
spkr34_28,0.4666666666666667,0.23529411764705882,0.35294117647058826,0.23529411764705882,0.0,0.0,0.0,0.0,0.06666666666666667,0.0,0.0,0.0,0.0,0.0,0.0,0.0,0.0,0.35294117647058826,0.058823529411764705,0.11764705882352941,0.0,0.17647058823529413,0.23529411764705882,0.23529411764705882,0.17647058823529413,0.058823529411764705,0.29411764705882354,0.0
spkr34_29,0.8,0.6,0.6666666666666666,0.0,0.0,0.0,0.0,0.0,0.2,0.0,0.0,0.0,0.0,0.0,0.0,0.0,0.0,0.6,0.0,0.13333333333333333,0.2,0.0,0.13333333333333333,0.0,0.13333333333333333,0.0,0.13333333333333333,0.0
spkr34_30,0.4,0.4,0.6666666666666666,0.0,0.0,0.26666666666666666,0.0,0.0,0.4666666666666667,0.2,0.0,0.0,0.0,0.0,0.0,0.13333333333333333,0.0,0.2,0.0,0.26666666666666666,0.0,0.06666666666666667,0.13333333333333333,0.0,0.13333333333333333,0.2,0.2,0.2
spkr34_31,0.5789473684210527,0.21052631578947367,0.42105263157894735,0.0,0.0,0.0,0.0,0.0,0.10526315789473684,0.0,0.0,0.0,0.0,0.0,0.0,0.0,0.0,0.42105263157894735,0.0,0.0,0.0,0.0,0.0,0.0,0.15789473684210525,0.0,0.0,0.0
spkr34_33,0.8571428571428571,0.45454545454545453,0.6363636363636364,0.09090909090909091,0.0,0.0,0.2727272727272727,0.09090909090909091,0.42857142857142855,0.09090909090909091,0.09090909090909091,0.2727272727272727,0.0,0.45454545454545453,0.09090909090909091,0.0,0.0,0.7272727272727273,0.3181818181818182,0.22727272727272727,0.2727272727272727,0.09090909090909091,0.09090909090909091,0.0,0.22727272727272727,0.09090909090909091,0.18181818181818182,0.0
spkr34_34,0.45454545454545453,0.4090909090909091,0.5,0.045454545454545456,0.09090909090909091,0.09090909090909091,0.09090909090909091,0.09090909090909091,0.45454545454545453,0.22727272727272727,0.22727272727272727,0.045454545454545456,0.09090909090909091,0.22727272727272727,0.045454545454545456,0.13636363636363635,0.045454545454545456,0.5909090909090909,0.3181818181818182,0.045454545454545456,0.045454545454545456,0.22727272727272727,0.22727272727272727,0.3181818181818182,0.36363636363636365,0.4090909090909091,0.22727272727272727,0.2727272727272727
spkr34_35,0.7857142857142857,0.2857142857142857,0.7142857142857143,0.0,0.0,0.0,0.0,0.0,0.7857142857142857,0.0,0.0,0.0,0.0,0.0,0.0,0.0,0.0,0.9285714285714286,0.0,0.0,0.0,0.14285714285714285,0.2857142857142857,0.42857142857142855,0.14285714285714285,0.0,0.14285714285714285,0.07142857142857142
spkr34_36,0.6666666666666666,0.0,0.65,0.0,0.0,0.0,0.0,0.0,0.16666666666666666,0.0,0.0,0.0,0.0,0.25,0.0,0.0,0.0,0.0,0.0,0.0,0.15,0.0,0.0,0.0,0.1,0.0,0.0,0.0
spkr34_37,0.8571428571428571,0.4,0.5333333333333333,0.0,0.0,0.0,0.0,0.0,0.07142857142857142,0.0,0.0,0.0,0.0,0.0,0.0,0.0,0.0,0.5333333333333333,0.06666666666666667,0.0,0.13333333333333333,0.0,0.0,0.13333333333333333,0.0,0.0,0.0,0.0
spkr34_38,0.75,0.3333333333333333,0.8,0.2,0.0,0.0,0.2,0.2,0.25,0.0,0.2,0.2,0.0,0.26666666666666666,0.0,0.0,0.2,0.8666666666666667,0.2,0.2,0.0,0.0,0.3333333333333333,0.0,0.2,0.2,0.4,0.06666666666666667
spkr34_4,0.8571428571428571,0.23076923076923078,0.9230769230769231,0.0,0.0,0.0,0.0,0.0,0.35714285714285715,0.0,0.0,0.0,0.0,0.0,0.0,0.0,0.0,0.38461538461538464,0.0,0.0,0.23076923076923078,0.0,0.46153846153846156,0.0,0.0,0.0,0.0,0.0
spkr34_40,0.7142857142857143,0.6666666666666666,0.4,0.4,0.0,0.0,0.0,0.6,0.7142857142857143,0.0,0.3333333333333333,0.0,0.0,0.3333333333333333,0.0,0.0,0.8,0.6666666666666666,0.26666666666666666,0.6666666666666666,0.4666666666666667,0.6,0.6,0.4,0.4,0.4666666666666667,0.0,0.0
spkr34_42,0.7272727272727273,0.7272727272727273,0.8181818181818182,0.45454545454545453,0.18181818181818182,0.09090909090909091,0.18181818181818182,0.45454545454545453,0.8181818181818182,0.18181818181818182,0.09090909090909091,0.5454545454545454,0.2727272727272727,0.45454545454545453,0.09090909090909091,0.18181818181818182,0.45454545454545453,0.6363636363636364,0.5454545454545454,0.8181818181818182,0.36363636363636365,0.5454545454545454,0.9090909090909091,0.09090909090909091,0.45454545454545453,0.2727272727272727,0.6363636363636364,0.5454545454545454
spkr34_43,0.5384615384615384,0.9230769230769231,0.5384615384615384,0.0,0.0,0.0,0.0,0.0,0.46153846153846156,0.07692307692307693,0.15384615384615385,0.0,0.0,0.07692307692307693,0.0,0.15384615384615385,0.0,0.15384615384615385,0.0,0.0,0.23076923076923078,0.23076923076923078,0.0,0.0,0.38461538461538464,0.15384615384615385,0.23076923076923078,0.0
spkr34_44,0.3125,0.125,0.6875,0.0625,0.125,0.0625,0.125,0.0625,0.6875,0.0625,0.0625,0.0625,0.0625,0.125,0.0625,0.0625,0.0625,0.625,0.0625,0.0625,0.0625,0.0625,0.0625,0.125,0.375,0.0625,0.0,0.0625
spkr34_45,0.8,0.9090909090909091,0.7272727272727273,0.6363636363636364,0.0,0.0,0.0,0.6363636363636364,0.7,0.5454545454545454,0.5454545454545454,0.9090909090909091,0.7272727272727273,0.5454545454545454,0.8181818181818182,0.0,0.0,0.8181818181818182,0.6363636363636364,0.6363636363636364,0.6363636363636364,0.0,0.36363636363636365,0.0,0.36363636363636365,0.0,0.9090909090909091,0.6363636363636364
spkr34_46,0.6666666666666666,0.13333333333333333,0.5333333333333333,0.0,0.0,0.0,0.0,0.0,0.06666666666666667,0.0,0.0,0.0,0.0,0.0,0.0,0.0,0.0,0.0,0.0,0.0,0.0,0.0,0.0,0.0,0.2,0.0,0.06666666666666667,0.0
spkr34_5,0.4666666666666667,0.3333333333333333,0.7333333333333333,0.0,0.0,0.0,0.0,0.0,0.0,0.0,0.0,0.0,0.0,0.0,0.0,0.0,0.0,0.13333333333333333,0.0,0.0,0.0,0.0,0.0,0.0,0.4,0.0,0.0,0.0
spkr34_50,0.7,0.5161290322580645,0.5483870967741935,0.0,0.0,0.0,0.0,0.0,0.5333333333333333,0.0967741935483871,0.06451612903225806,0.06451612903225806,0.0,0.0967741935483871,0.0,0.0,0.0,0.8064516129032258,0.0,0.0,0.22580645161290322,0.06451612903225806,0.0,0.0,0.2903225806451613,0.06451612903225806,0.0,0.03225806451612903
spkr34_51,0.7142857142857143,0.21428571428571427,0.35714285714285715,0.07142857142857142,0.14285714285714285,0.0,0.07142857142857142,0.07142857142857142,0.21428571428571427,0.21428571428571427,0.14285714285714285,0.07142857142857142,0.0,0.07142857142857142,0.0,0.0,0.07142857142857142,0.7857142857142857,0.2857142857142857,0.07142857142857142,0.07142857142857142,0.14285714285714285,0.14285714285714285,0.07142857142857142,0.14285714285714285,0.0,0.14285714285714285,0.07142857142857142
spkr34_52,0.7272727272727273,0.5454545454545454,0.8181818181818182,0.0,0.0,0.0,0.0,0.0,0.45454545454545453,0.36363636363636365,0.0,0.0,0.0,0.0,0.0,0.0,0.0,0.9090909090909091,0.0,0.0,0.0,0.36363636363636365,0.18181818181818182,0.0,0.09090909090909091,0.0,0.45454545454545453,0.18181818181818182
spkr34_53,0.6,0.4,0.6,0.06666666666666667,0.06666666666666667,0.06666666666666667,0.13333333333333333,0.06666666666666667,0.4666666666666667,0.13333333333333333,0.13333333333333333,0.0,0.13333333333333333,0.13333333333333333,0.06666666666666667,0.06666666666666667,0.13333333333333333,0.8666666666666667,0.13333333333333333,0.06666666666666667,0.13333333333333333,0.13333333333333333,0.13333333333333333,0.06666666666666667,0.26666666666666666,0.13333333333333333,0.13333333333333333,0.13333333333333333
spkr34_54,1.0,1.0,0.7142857142857143,0.0,0.14285714285714285,0.14285714285714285,0.14285714285714285,0.14285714285714285,0.8333333333333334,0.7142857142857143,0.14285714285714285,0.14285714285714285,0.0,0.14285714285714285,0.0,0.0,0.0,0.14285714285714285,0.0,0.0,0.0,0.0,0.2857142857142857,0.2857142857142857,0.42857142857142855,0.2857142857142857,0.2857142857142857,0.0
spkr34_55,0.7333333333333333,0.5294117647058824,0.5882352941176471,0.11764705882352941,0.058823529411764705,0.058823529411764705,0.0,0.0,0.6666666666666666,0.11764705882352941,0.0,0.35294117647058826,0.0,0.058823529411764705,0.0,0.0,0.0,0.47058823529411764,0.29411764705882354,0.0,0.0,0.0,0.11764705882352941,0.0,0.35294117647058826,0.0,0.35294117647058826,0.0
spkr34_56,0.7,0.3,0.4,0.3,0.3,0.3,0.3,0.3,0.6,0.3,0.2,0.3,0.3,0.2,0.6,0.3,0.3,0.7,0.4,0.3,0.4,0.7,0.3,0.3,0.4,0.3,0.3,0.3
spkr34_57,1.0,0.5882352941176471,0.6470588235294118,0.0,0.0,0.0,0.0,0.0,0.4666666666666667,0.29411764705882354,0.0,0.23529411764705882,0.23529411764705882,0.0,0.0,0.0,0.0,0.23529411764705882,0.0,0.0,0.23529411764705882,0.11764705882352941,0.23529411764705882,0.0,0.23529411764705882,0.23529411764705882,0.058823529411764705,0.11764705882352941
spkr34_58,0.7142857142857143,0.45454545454545453,0.7727272727272727,0.0,0.0,0.0,0.0,0.0,0.23809523809523808,0.0,0.0,0.0,0.0,0.0,0.0,0.0,0.0,0.6818181818181818,0.0,0.09090909090909091,0.0,0.0,0.09090909090909091,0.0,0.09090909090909091,0.045454545454545456,0.0,0.0
spkr34_59,0.5454545454545454,0.09090909090909091,0.6363636363636364,0.36363636363636365,0.0,0.0,0.0,0.2727272727272727,0.0,0.2727272727272727,0.0,0.2727272727272727,0.2727272727272727,0.18181818181818182,0.0,0.0,0.0,0.9090909090909091,0.0,0.0,0.0,0.18181818181818182,0.36363636363636365,0.2727272727272727,0.45454545454545453,0.0,0.36363636363636365,0.18181818181818182
spkr34_6,0.9166666666666666,0.6666666666666666,0.5833333333333334,0.0,0.0,0.0,0.0,0.0,0.5833333333333334,0.25,0.16666666666666666,0.0,0.0,0.16666666666666666,0.0,0.0,0.0,0.9166666666666666,0.3333333333333333,0.0,0.0,0.0,0.5,0.3333333333333333,0.0,0.16666666666666666,0.25,0.16666666666666666
spkr34_60,0.8125,0.7058823529411765,0.47058823529411764,0.23529411764705882,0.0,0.058823529411764705,0.0,0.23529411764705882,0.25,0.0,0.23529411764705882,0.11764705882352941,0.11764705882352941,0.11764705882352941,0.0,0.0,0.0,0.7647058823529411,0.7058823529411765,0.23529411764705882,0.47058823529411764,0.0,0.29411764705882354,0.058823529411764705,0.11764705882352941,0.0,0.11764705882352941,0.4117647058823529
spkr34_61,0.6666666666666666,0.7777777777777778,0.5,0.0,0.0,0.0,0.0,0.2777777777777778,0.3333333333333333,0.2222222222222222,0.16666666666666666,0.2777777777777778,0.0,0.1111111111111111,0.2777777777777778,0.0,0.2777777777777778,0.5555555555555556,0.2777777777777778,0.3888888888888889,0.2222222222222222,0.1111111111111111,0.5,0.1111111111111111,0.16666666666666666,0.16666666666666666,0.2222222222222222,0.1111111111111111
spkr34_62,0.8,1.0,0.45454545454545453,0.0,0.0,0.0,0.0,0.0,0.6,0.0,0.0,0.0,0.0,0.0,0.0,0.09090909090909091,0.0,1.0,0.0,0.0,0.0,0.0,0.0,0.0,0.0,0.0,0.0,0.0
spkr34_63,0.8,0.4,0.5,0.0,0.0,0.0,0.0,0.0,0.0,0.0,0.0,0.0,0.0,0.0,0.0,0.0,0.0,0.5,0.0,0.0,0.3,0.1,0.0,0.0,0.4,0.0,0.0,0.0
spkr34_64,0.5882352941176471,0.47058823529411764,0.7058823529411765,0.0,0.0,0.0,0.0,0.0,0.058823529411764705,0.0,0.0,0.23529411764705882,0.0,0.0,0.0,0.0,0.0,0.23529411764705882,0.23529411764705882,0.17647058823529413,0.0,0.0,0.17647058823529413,0.0,0.0,0.0,0.23529411764705882,0.0
spkr34_65,0.782608695652174,0.6086956521739131,0.6956521739130435,0.30434782608695654,0.0,0.0,0.0,0.0,0.5217391304347826,0.043478260869565216,0.4782608695652174,0.391304347826087,0.0,0.34782608695652173,0.0,0.0,0.0,0.6956521739130435,0.6086956521739131,0.5652173913043478,0.5652173913043478,0.21739130434782608,0.4782608695652174,0.0,0.34782608695652173,0.043478260869565216,0.30434782608695654,0.043478260869565216
spkr34_66,0.5882352941176471,0.5,0.3888888888888889,0.0,0.0,0.0,0.0,0.0,0.4117647058823529,0.0,0.0,0.0,0.0,0.0,0.0,0.0,0.0,0.6666666666666666,0.0,0.0,0.2222222222222222,0.16666666666666666,0.0,0.0,0.2222222222222222,0.0,0.2777777777777778,0.0
spkr34_67,0.7857142857142857,0.7857142857142857,0.6428571428571429,0.0,0.0,0.35714285714285715,0.35714285714285715,0.21428571428571427,0.6428571428571429,0.2857142857142857,0.0,0.0,0.0,0.0,0.0,0.0,0.35714285714285715,0.6428571428571429,1.0,0.21428571428571427,0.2857142857142857,0.0,0.5,0.0,0.2857142857142857,0.14285714285714285,0.14285714285714285,0.0
spkr34_68,0.5833333333333334,0.46153846153846156,0.5384615384615384,0.23076923076923078,0.23076923076923078,0.23076923076923078,0.23076923076923078,0.23076923076923078,0.6666666666666666,0.23076923076923078,0.23076923076923078,0.23076923076923078,0.23076923076923078,0.23076923076923078,0.23076923076923078,0.23076923076923078,0.23076923076923078,0.8461538461538461,0.7692307692307693,0.38461538461538464,0.6153846153846154,0.38461538461538464,0.38461538461538464,0.23076923076923078,0.38461538461538464,0.23076923076923078,0.46153846153846156,0.23076923076923078
spkr34_69,0.4444444444444444,0.4444444444444444,0.5555555555555556,0.3888888888888889,0.0,0.0,0.2777777777777778,0.0,0.2777777777777778,0.0,0.0,0.3333333333333333,0.0,0.05555555555555555,0.0,0.0,0.0,0.4444444444444444,0.7222222222222222,0.0,0.05555555555555555,0.0,0.0,0.0,0.16666666666666666,0.1111111111111111,0.3333333333333333,0.16666666666666666
spkr34_7,0.7333333333333333,1.0,0.6875,0.5625,0.375,0.0,0.0,0.0,0.6,0.125,0.375,0.3125,0.5,0.5,0.0,0.1875,0.375,0.4375,0.375,0.5,0.4375,0.5,0.3125,0.3125,0.375,0.375,0.5625,0.0
spkr34_70,0.8125,0.6875,0.8125,0.375,0.0,0.75,0.1875,0.4375,0.5625,0.125,0.4375,0.625,0.4375,0.5,0.5,0.125,0.125,0.6875,0.8125,0.4375,0.3125,0.125,0.25,0.1875,0.9375,0.1875,0.625,0.1875
spkr34_71,0.8333333333333334,0.2631578947368421,0.631578947368421,0.42105263157894735,0.0,0.0,0.0,0.15789473684210525,0.6111111111111112,0.10526315789473684,0.47368421052631576,0.0,0.0,0.2631578947368421,0.10526315789473684,0.0,0.0,0.6842105263157895,0.3157894736842105,0.3684210526315789,0.0,0.15789473684210525,0.2631578947368421,0.15789473684210525,0.3684210526315789,0.2631578947368421,0.3157894736842105,0.21052631578947367
spkr34_72,0.47368421052631576,0.3888888888888889,0.6111111111111112,0.0,0.0,0.0,0.0,0.0,0.05263157894736842,0.1111111111111111,0.0,0.0,0.0,0.0,0.0,0.0,0.0,0.5555555555555556,0.0,0.2222222222222222,0.2222222222222222,0.0,0.1111111111111111,0.0,0.2222222222222222,0.0,0.1111111111111111,0.0
spkr34_73,0.8181818181818182,0.18181818181818182,0.2727272727272727,0.0,0.0,0.0,0.0,0.0,0.6363636363636364,0.0,0.0,0.0,0.0,0.0,0.0,0.0,0.0,0.18181818181818182,0.0,0.0,0.0,0.0,0.0,0.0,0.2727272727272727,0.18181818181818182,0.36363636363636365,0.0
spkr34_74,0.5714285714285714,0.07142857142857142,0.5,0.0,0.0,0.0,0.0,0.0,0.21428571428571427,0.0,0.0,0.0,0.0,0.0,0.0,0.0,0.0,0.7142857142857143,0.0,0.0,0.0,0.07142857142857142,0.0,0.0,0.0,0.0,0.2857142857142857,0.0
spkr34_75,0.8235294117647058,0.6470588235294118,0.6470588235294118,0.6470588235294118,0.0,0.0,0.0,0.47058823529411764,0.7058823529411765,0.29411764705882354,0.0,0.47058823529411764,0.0,0.35294117647058826,0.0,0.0,0.29411764705882354,0.7647058823529411,0.47058823529411764,0.4117647058823529,0.0,0.29411764705882354,0.6470588235294118,0.17647058823529413,0.4117647058823529,0.29411764705882354,0.5294117647058824,0.4117647058823529
spkr34_8,0.75,0.6875,0.375,0.1875,0.0,0.0,0.25,0.3125,0.625,0.6875,0.0,0.25,0.5625,0.1875,0.0,0.6875,0.1875,0.6875,0.4375,0.3125,0.6875,0.5625,0.4375,0.125,0.6875,0.8125,0.3125,0.25
spkr34_9,0.6428571428571429,0.8571428571428571,0.5,0.6428571428571429,0.07142857142857142,0.21428571428571427,0.21428571428571427,0.35714285714285715,0.5,0.35714285714285715,0.35714285714285715,0.5,0.5714285714285714,0.35714285714285715,0.21428571428571427,0.21428571428571427,0.5,0.5714285714285714,0.42857142857142855,0.2857142857142857,0.5714285714285714,0.35714285714285715,0.5,0.2857142857142857,0.42857142857142855,0.0,0.35714285714285715,0.35714285714285715
spkr35_1,1.0,0.0,1.0,0.1,0.0,0.0,0.0,0.0,0.1,0.0,0.1,0.0,0.0,0.0,0.0,0.0,0.0,0.7,0.0,0.0,0.1,0.0,0.7,0.0,0.8,0.1,0.2,0.0
spkr35_10,0.29411764705882354,0.0,0.5294117647058824,0.0,0.0,0.0,0.0,0.0,0.058823529411764705,0.058823529411764705,0.058823529411764705,0.058823529411764705,0.0,0.058823529411764705,0.0,0.0,0.0,0.7058823529411765,0.0,0.11764705882352941,0.058823529411764705,0.058823529411764705,0.058823529411764705,0.058823529411764705,0.058823529411764705,0.058823529411764705,0.058823529411764705,0.0
spkr35_11,0.8571428571428571,0.7142857142857143,0.42857142857142855,0.0,0.0,0.14285714285714285,0.0,0.0,0.14285714285714285,0.07142857142857142,0.07142857142857142,0.0,0.0,0.0,0.0,0.0,0.0,0.2857142857142857,0.0,0.35714285714285715,0.0,0.14285714285714285,0.07142857142857142,0.14285714285714285,0.2857142857142857,0.07142857142857142,0.2857142857142857,0.21428571428571427
spkr35_12,0.7647058823529411,0.11764705882352941,0.7647058823529411,0.11764705882352941,0.0,0.0,0.0,0.0,0.058823529411764705,0.0,0.0,0.11764705882352941,0.0,0.0,0.0,0.0,0.058823529411764705,0.6470588235294118,0.058823529411764705,0.058823529411764705,0.11764705882352941,0.0,0.35294117647058826,0.0,0.058823529411764705,0.0,0.17647058823529413,0.058823529411764705
spkr35_13,0.625,0.47058823529411764,0.5882352941176471,0.0,0.0,0.0,0.0,0.0,0.625,0.0,0.0,0.0,0.0,0.0,0.0,0.0,0.0,0.9411764705882353,0.0,0.17647058823529413,0.17647058823529413,0.17647058823529413,0.11764705882352941,0.0,0.29411764705882354,0.11764705882352941,0.5294117647058824,0.0
spkr35_14,0.5882352941176471,0.29411764705882354,0.4117647058823529,0.0,0.0,0.0,0.0,0.0,0.058823529411764705,0.0,0.0,0.0,0.0,0.11764705882352941,0.0,0.0,0.0,0.4117647058823529,0.058823529411764705,0.0,0.23529411764705882,0.058823529411764705,0.058823529411764705,0.0,0.11764705882352941,0.058823529411764705,0.058823529411764705,0.058823529411764705
spkr35_15,0.6470588235294118,0.23529411764705882,0.6470588235294118,0.0,0.0,0.0,0.0,0.0,0.35294117647058826,0.0,0.0,0.0,0.0,0.0,0.0,0.0,0.0,0.7058823529411765,0.0,0.0,0.29411764705882354,0.0,0.23529411764705882,0.0,0.17647058823529413,0.11764705882352941,0.35294117647058826,0.0
spkr35_18,0.6538461538461539,0.4230769230769231,0.6923076923076923,0.0,0.0,0.0,0.0,0.0,0.19230769230769232,0.0,0.0,0.0,0.0,0.0,0.0,0.0,0.0,0.11538461538461539,0.11538461538461539,0.0,0.0,0.0,0.11538461538461539,0.0,0.2692307692307692,0.15384615384615385,0.2692307692307692,0.0
spkr35_19,0.3548387096774194,0.0,0.3548387096774194,0.0,0.0,0.0,0.0,0.0,0.0,0.0,0.0,0.0,0.0,0.0,0.0,0.0,0.0,0.0967741935483871,0.0,0.0,0.0,0.0,0.0,0.0,0.0,0.0,0.0,0.0
spkr35_2,0.8181818181818182,0.5454545454545454,0.36363636363636365,0.45454545454545453,0.0,0.0,0.0,0.2727272727272727,0.7272727272727273,0.0,0.09090909090909091,0.45454545454545453,0.0,0.36363636363636365,0.0,0.0,0.18181818181818182,1.0,0.5454545454545454,0.36363636363636365,0.2727272727272727,0.0,0.09090909090909091,0.0,0.36363636363636365,0.0,0.45454545454545453,0.18181818181818182
spkr35_20,0.5833333333333334,0.19230769230769232,0.46153846153846156,0.3076923076923077,0.0,0.0,0.0,0.0,0.16666666666666666,0.0,0.0,0.0,0.0,0.0,0.0,0.0,0.0,0.5384615384615384,0.0,0.23076923076923078,0.0,0.0,0.19230769230769232,0.0,0.38461538461538464,0.038461538461538464,0.15384615384615385,0.0
spkr35_21,0.48,0.2222222222222222,0.3333333333333333,0.0,0.0,0.0,0.0,0.0,0.12,0.037037037037037035,0.037037037037037035,0.0,0.0,0.0,0.0,0.037037037037037035,0.0,0.2962962962962963,0.037037037037037035,0.1111111111111111,0.0,0.037037037037037035,0.0,0.0,0.18518518518518517,0.037037037037037035,0.1111111111111111,0.0
spkr35_22,0.5,0.1111111111111111,0.5,0.0,0.0,0.0,0.0,0.0,0.1111111111111111,0.05555555555555555,0.0,0.16666666666666666,0.0,0.0,0.0,0.0,0.0,0.4444444444444444,0.0,0.0,0.05555555555555555,0.05555555555555555,0.16666666666666666,0.0,0.0,0.0,0.05555555555555555,0.0
spkr35_23,0.5,0.1,0.3,0.0,0.0,0.0,0.0,0.0,0.05,0.0,0.0,0.0,0.0,0.0,0.0,0.0,0.0,0.25,0.0,0.0,0.0,0.0,0.0,0.0,0.0,0.0,0.0,0.0
spkr35_24,0.5294117647058824,0.05263157894736842,0.5263157894736842,0.15789473684210525,0.0,0.0,0.0,0.0,0.11764705882352941,0.10526315789473684,0.0,0.0,0.0,0.0,0.0,0.0,0.0,0.47368421052631576,0.15789473684210525,0.2631578947368421,0.0,0.0,0.21052631578947367,0.05263157894736842,0.15789473684210525,0.05263157894736842,0.21052631578947367,0.0
spkr35_26,0.7222222222222222,0.10526315789473684,0.3157894736842105,0.0,0.0,0.0,0.0,0.0,0.3333333333333333,0.0,0.0,0.0,0.0,0.0,0.0,0.0,0.0,0.5263157894736842,0.0,0.0,0.0,0.0,0.10526315789473684,0.0,0.15789473684210525,0.0,0.0,0.05263157894736842
spkr35_28,0.8,0.0,0.35294117647058826,0.0,0.0,0.0,0.0,0.0,0.06666666666666667,0.0,0.0,0.0,0.11764705882352941,0.0,0.0,0.058823529411764705,0.0,0.5294117647058824,0.0,0.0,0.0,0.058823529411764705,0.0,0.058823529411764705,0.0,0.058823529411764705,0.0,0.0
spkr35_29,0.8,0.4666666666666667,0.9333333333333333,0.3333333333333333,0.0,0.0,0.0,0.0,0.2,0.0,0.2,0.06666666666666667,0.0,0.0,0.0,0.0,0.0,0.8666666666666667,0.2,0.0,0.2,0.0,0.4,0.2,0.06666666666666667,0.0,0.13333333333333333,0.2
spkr35_30,0.4666666666666667,0.4666666666666667,0.5333333333333333,0.0,0.0,0.0,0.0,0.0,0.06666666666666667,0.0,0.0,0.0,0.0,0.0,0.0,0.0,0.0,0.26666666666666666,0.0,0.0,0.0,0.06666666666666667,0.06666666666666667,0.0,0.2,0.0,0.0,0.13333333333333333
spkr35_31,0.47368421052631576,0.15789473684210525,0.3157894736842105,0.0,0.0,0.0,0.0,0.0,0.0,0.0,0.0,0.0,0.0,0.0,0.0,0.0,0.0,0.5789473684210527,0.0,0.0,0.0,0.0,0.0,0.0,0.15789473684210525,0.0,0.05263157894736842,0.05263157894736842
spkr35_33,0.7619047619047619,0.22727272727272727,0.5,0.0,0.0,0.0,0.0,0.0,0.38095238095238093,0.0,0.09090909090909091,0.0,0.0,0.0,0.0,0.0,0.0,0.3181818181818182,0.0,0.09090909090909091,0.3181818181818182,0.0,0.09090909090909091,0.0,0.13636363636363635,0.0,0.18181818181818182,0.0
spkr35_34,0.5909090909090909,0.36363636363636365,0.3181818181818182,0.3181818181818182,0.13636363636363635,0.09090909090909091,0.2727272727272727,0.2727272727272727,0.4090909090909091,0.36363636363636365,0.22727272727272727,0.4090909090909091,0.3181818181818182,0.3181818181818182,0.13636363636363635,0.13636363636363635,0.0,0.9090909090909091,0.6818181818181818,0.5454545454545454,0.5,0.3181818181818182,0.36363636363636365,0.22727272727272727,0.36363636363636365,0.2727272727272727,0.09090909090909091,0.2727272727272727
spkr35_35,0.7857142857142857,0.14285714285714285,0.35714285714285715,0.35714285714285715,0.14285714285714285,0.0,0.14285714285714285,0.2857142857142857,0.2857142857142857,0.0,0.42857142857142855,0.2857142857142857,0.21428571428571427,0.14285714285714285,0.0,0.0,0.2857142857142857,0.7142857142857143,0.2857142857142857,0.2857142857142857,0.21428571428571427,0.14285714285714285,0.14285714285714285,0.21428571428571427,0.14285714285714285,0.0,0.14285714285714285,0.07142857142857142
spkr35_36,0.7777777777777778,0.0,0.35,0.0,0.0,0.0,0.0,0.0,0.2222222222222222,0.0,0.0,0.0,0.0,0.0,0.0,0.0,0.0,0.3,0.0,0.0,0.0,0.0,0.0,0.0,0.0,0.0,0.0,0.05
spkr35_37,0.6428571428571429,0.13333333333333333,0.4666666666666667,0.0,0.0,0.0,0.0,0.0,0.07142857142857142,0.0,0.0,0.0,0.13333333333333333,0.0,0.0,0.0,0.13333333333333333,0.6666666666666666,0.0,0.0,0.0,0.0,0.0,0.0,0.06666666666666667,0.0,0.26666666666666666,0.0
spkr35_38,0.625,0.13333333333333333,0.5333333333333333,0.0,0.0,0.0,0.0,0.0,0.0625,0.0,0.0,0.0,0.0,0.0,0.0,0.0,0.0,0.3333333333333333,0.0,0.0,0.0,0.0,0.0,0.0,0.0,0.0,0.06666666666666667,0.0
spkr35_4,0.7857142857142857,0.23076923076923078,0.38461538461538464,0.0,0.0,0.0,0.0,0.0,0.0,0.0,0.0,0.0,0.0,0.0,0.0,0.0,0.0,0.38461538461538464,0.0,0.0,0.0,0.0,0.0,0.0,0.0,0.0,0.0,0.0
spkr35_40,0.5714285714285714,0.0,0.4,0.0,0.0,0.0,0.0,0.0,0.0,0.0,0.0,0.0,0.0,0.0,0.0,0.0,0.0,0.0,0.0,0.0,0.0,0.0,0.06666666666666667,0.0,0.0,0.0,0.0,0.0
spkr35_42,0.8181818181818182,0.8181818181818182,0.7272727272727273,0.7272727272727273,0.0,0.0,0.36363636363636365,0.18181818181818182,0.7272727272727273,0.6363636363636364,0.7272727272727273,0.5454545454545454,0.2727272727272727,0.7272727272727273,0.36363636363636365,0.0,0.6363636363636364,0.7272727272727273,0.5454545454545454,0.36363636363636365,0.7272727272727273,0.5454545454545454,0.6363636363636364,0.18181818181818182,0.5454545454545454,0.5454545454545454,0.5454545454545454,0.5454545454545454
spkr35_43,0.5384615384615384,0.23076923076923078,0.46153846153846156,0.0,0.0,0.0,0.0,0.0,0.38461538461538464,0.07692307692307693,0.15384615384615385,0.0,0.0,0.15384615384615385,0.0,0.3076923076923077,0.0,0.6153846153846154,0.0,0.0,0.46153846153846156,0.15384615384615385,0.15384615384615385,0.0,0.23076923076923078,0.15384615384615385,0.23076923076923078,0.0
spkr35_44,0.5,0.125,0.625,0.0625,0.0625,0.0625,0.0625,0.0625,0.25,0.0625,0.0625,0.0625,0.0625,0.0625,0.0625,0.0625,0.0625,0.4375,0.125,0.125,0.0625,0.0625,0.125,0.0625,0.0625,0.0625,0.1875,0.125
spkr35_45,0.9,0.18181818181818182,0.36363636363636365,0.0,0.0,0.0,0.0,0.0,0.1,0.0,0.0,0.0,0.0,0.0,0.0,0.0,0.0,0.2727272727272727,0.0,0.0,0.0,0.0,0.09090909090909091,0.0,0.0,0.0,0.0,0.0
spkr35_46,0.6666666666666666,0.13333333333333333,0.5333333333333333,0.0,0.0,0.0,0.0,0.0,0.06666666666666667,0.0,0.0,0.0,0.0,0.0,0.0,0.0,0.0,0.26666666666666666,0.0,0.0,0.0,0.0,0.0,0.0,0.26666666666666666,0.0,0.06666666666666667,0.0
spkr35_5,0.5333333333333333,0.6,0.6,0.4,0.26666666666666666,0.0,0.0,0.0,0.3333333333333333,0.3333333333333333,0.13333333333333333,0.3333333333333333,0.0,0.0,0.26666666666666666,0.26666666666666666,0.3333333333333333,0.6666666666666666,0.0,0.3333333333333333,0.5333333333333333,0.26666666666666666,0.3333333333333333,0.06666666666666667,0.4666666666666667,0.06666666666666667,0.2,0.06666666666666667
spkr35_50,0.7666666666666667,0.4838709677419355,0.6451612903225806,0.0,0.0,0.0,0.0,0.0,0.5333333333333333,0.03225806451612903,0.0967741935483871,0.0,0.06451612903225806,0.0967741935483871,0.0,0.0,0.0,0.5806451612903226,0.5161290322580645,0.2903225806451613,0.3548387096774194,0.0967741935483871,0.3225806451612903,0.0967741935483871,0.25806451612903225,0.16129032258064516,0.12903225806451613,0.06451612903225806
spkr35_51,0.6428571428571429,0.07142857142857142,0.07142857142857142,0.07142857142857142,0.07142857142857142,0.07142857142857142,0.07142857142857142,0.07142857142857142,0.2857142857142857,0.14285714285714285,0.14285714285714285,0.07142857142857142,0.07142857142857142,0.07142857142857142,0.07142857142857142,0.07142857142857142,0.07142857142857142,1.0,0.07142857142857142,0.07142857142857142,0.07142857142857142,0.14285714285714285,0.07142857142857142,0.14285714285714285,0.2857142857142857,0.14285714285714285,0.07142857142857142,0.07142857142857142
spkr35_52,0.5454545454545454,0.36363636363636365,0.7272727272727273,0.36363636363636365,0.18181818181818182,0.18181818181818182,0.2727272727272727,0.2727272727272727,0.2727272727272727,0.18181818181818182,0.2727272727272727,0.36363636363636365,0.18181818181818182,0.2727272727272727,0.0,0.0,0.36363636363636365,0.5454545454545454,0.18181818181818182,0.18181818181818182,0.2727272727272727,0.2727272727272727,0.2727272727272727,0.18181818181818182,0.2727272727272727,0.36363636363636365,0.18181818181818182,0.18181818181818182
spkr35_54,0.8333333333333334,0.5714285714285714,1.0,0.0,0.0,0.0,0.0,0.0,1.0,0.0,0.0,0.0,0.0,0.2857142857142857,0.0,0.0,0.0,0.14285714285714285,0.0,1.0,0.0,0.0,0.5714285714285714,0.2857142857142857,0.42857142857142855,0.2857142857142857,0.8571428571428571,0.0
spkr35_55,0.7333333333333333,0.35294117647058826,0.5294117647058824,0.0,0.0,0.0,0.0,0.0,0.13333333333333333,0.0,0.0,0.0,0.0,0.0,0.0,0.0,0.0,0.4117647058823529,0.29411764705882354,0.0,0.058823529411764705,0.0,0.0,0.0,0.058823529411764705,0.0,0.29411764705882354,0.058823529411764705
spkr35_56,0.6,0.4,0.4,0.3,0.0,0.0,0.1,0.1,0.3,0.2,0.1,0.0,0.1,0.2,0.0,0.2,0.3,0.6,0.3,0.3,0.0,0.1,0.2,0.1,0.5,0.1,0.2,0.2
spkr35_57,0.7333333333333333,0.23529411764705882,0.5294117647058824,0.17647058823529413,0.23529411764705882,0.0,0.0,0.0,0.4666666666666667,0.11764705882352941,0.0,0.23529411764705882,0.17647058823529413,0.0,0.35294117647058826,0.0,0.0,0.29411764705882354,0.0,0.23529411764705882,0.35294117647058826,0.0,0.17647058823529413,0.0,0.058823529411764705,0.058823529411764705,0.17647058823529413,0.11764705882352941
spkr35_58,0.7142857142857143,0.045454545454545456,0.045454545454545456,0.0,0.0,0.0,0.0,0.0,0.19047619047619047,0.0,0.0,0.0,0.0,0.0,0.0,0.0,0.0,0.5,0.0,0.09090909090909091,0.0,0.0,0.22727272727272727,0.0,0.045454545454545456,0.09090909090909091,0.09090909090909091,0.045454545454545456
spkr35_59,0.7272727272727273,0.0,0.45454545454545453,0.0,0.0,0.0,0.0,0.0,0.09090909090909091,0.0,0.18181818181818182,0.0,0.0,0.2727272727272727,0.0,0.0,0.0,1.0,0.0,0.0,0.0,0.0,0.0,0.0,0.0,0.0,0.0,0.0
spkr35_6,0.75,0.5833333333333334,0.5833333333333334,0.5,0.0,0.0,0.0,0.3333333333333333,0.5,0.0,0.25,0.0,0.0,0.6666666666666666,0.0,0.0,0.0,0.25,0.4166666666666667,0.6666666666666666,0.0,0.5833333333333334,0.25,0.25,0.5833333333333334,0.0,0.5833333333333334,0.25
spkr35_60,0.75,0.29411764705882354,0.5882352941176471,0.11764705882352941,0.0,0.0,0.17647058823529413,0.17647058823529413,0.1875,0.0,0.0,0.17647058823529413,0.0,0.11764705882352941,0.11764705882352941,0.0,0.0,0.17647058823529413,0.17647058823529413,0.17647058823529413,0.4117647058823529,0.11764705882352941,0.4117647058823529,0.0,0.35294117647058826,0.0,0.17647058823529413,0.058823529411764705
spkr35_61,0.7222222222222222,0.05555555555555555,0.2777777777777778,0.0,0.0,0.0,0.0,0.0,0.2777777777777778,0.0,0.0,0.0,0.0,0.1111111111111111,0.0,0.0,0.0,0.0,0.0,0.0,0.0,0.0,0.0,0.0,0.0,0.0,0.16666666666666666,0.0
spkr35_62,0.9,0.09090909090909091,0.18181818181818182,0.0,0.0,0.0,0.0,0.0,0.2,0.0,0.0,0.2727272727272727,0.0,0.0,0.0,0.0,0.0,0.45454545454545453,0.0,0.0,0.0,0.0,0.0,0.0,0.0,0.0,0.0,0.0
spkr35_63,0.9,0.1,0.3,0.0,0.0,0.0,0.0,0.0,0.0,0.0,0.0,0.0,0.0,0.0,0.0,0.0,0.0,0.0,0.3,0.0,0.0,0.3,0.3,0.0,0.1,0.1,0.1,0.0
spkr35_64,0.7058823529411765,0.17647058823529413,0.35294117647058826,0.0,0.0,0.0,0.0,0.0,0.058823529411764705,0.0,0.17647058823529413,0.0,0.0,0.11764705882352941,0.0,0.0,0.0,0.29411764705882354,0.0,0.0,0.23529411764705882,0.0,0.0,0.0,0.11764705882352941,0.0,0.29411764705882354,0.0
spkr35_65,0.6521739130434783,0.34782608695652173,0.6086956521739131,0.43478260869565216,0.043478260869565216,0.043478260869565216,0.043478260869565216,0.043478260869565216,0.043478260869565216,0.043478260869565216,0.17391304347826086,0.043478260869565216,0.043478260869565216,0.13043478260869565,0.08695652173913043,0.0,0.043478260869565216,0.43478260869565216,0.4782608695652174,0.043478260869565216,0.2608695652173913,0.08695652173913043,0.2608695652173913,0.08695652173913043,0.21739130434782608,0.043478260869565216,0.08695652173913043,0.043478260869565216
spkr35_66,0.6470588235294118,0.2222222222222222,0.16666666666666666,0.0,0.0,0.0,0.0,0.0,0.058823529411764705,0.05555555555555555,0.0,0.0,0.0,0.0,0.05555555555555555,0.0,0.0,0.3333333333333333,0.05555555555555555,0.05555555555555555,0.05555555555555555,0.05555555555555555,0.1111111111111111,0.0,0.05555555555555555,0.16666666666666666,0.05555555555555555,0.05555555555555555
spkr35_67,0.5,0.0,0.35714285714285715,0.14285714285714285,0.0,0.0,0.0,0.14285714285714285,0.21428571428571427,0.2857142857142857,0.0,0.35714285714285715,0.0,0.0,0.0,0.0,0.14285714285714285,0.6428571428571429,0.0,0.14285714285714285,0.07142857142857142,0.0,0.21428571428571427,0.0,0.21428571428571427,0.0,0.0,0.21428571428571427
spkr35_68,0.8333333333333334,0.15384615384615385,0.46153846153846156,0.46153846153846156,0.0,0.0,0.0,0.0,0.16666666666666666,0.0,0.0,0.0,0.0,0.3076923076923077,0.0,0.0,0.0,0.15384615384615385,0.0,0.38461538461538464,0.0,0.0,0.5384615384615384,0.0,0.0,0.23076923076923078,0.38461538461538464,0.5384615384615384
spkr35_69,0.5,0.3333333333333333,0.5,0.0,0.0,0.0,0.05555555555555555,0.0,0.4444444444444444,0.0,0.0,0.05555555555555555,0.0,0.05555555555555555,0.0,0.0,0.0,0.6666666666666666,0.5555555555555556,0.05555555555555555,0.0,0.0,0.2222222222222222,0.1111111111111111,0.05555555555555555,0.0,0.05555555555555555,0.0
spkr35_7,0.6666666666666666,0.75,0.6875,0.25,0.125,0.0,0.0,0.0,0.6666666666666666,0.0,0.1875,0.1875,0.0,0.125,0.0625,0.0,0.0,0.8125,0.75,0.25,0.25,0.0,0.1875,0.0625,0.3125,0.0,0.1875,0.0
spkr35_70,0.5625,0.3125,0.5,0.0,0.0,0.0,0.0625,0.0,0.25,0.0,0.0625,0.0625,0.0,0.0625,0.0625,0.0,0.0,0.5,0.0,0.0625,0.0625,0.0,0.0,0.0625,0.125,0.0,0.0,0.0
spkr35_71,0.7222222222222222,0.10526315789473684,0.2631578947368421,0.0,0.0,0.0,0.10526315789473684,0.10526315789473684,0.4444444444444444,0.10526315789473684,0.10526315789473684,0.10526315789473684,0.10526315789473684,0.10526315789473684,0.10526315789473684,0.15789473684210525,0.10526315789473684,0.21052631578947367,0.10526315789473684,0.10526315789473684,0.10526315789473684,0.10526315789473684,0.21052631578947367,0.10526315789473684,0.15789473684210525,0.15789473684210525,0.15789473684210525,0.10526315789473684
spkr35_72,0.5789473684210527,0.4444444444444444,0.7222222222222222,0.0,0.0,0.0,0.0,0.0,0.10526315789473684,0.0,0.0,0.0,0.0,0.0,0.0,0.0,0.0,0.1111111111111111,0.0,0.0,0.0,0.0,0.2222222222222222,0.0,0.3333333333333333,0.1111111111111111,0.16666666666666666,0.1111111111111111
spkr35_73,0.9090909090909091,0.18181818181818182,0.45454545454545453,0.0,0.0,0.0,0.0,0.0,0.18181818181818182,0.18181818181818182,0.0,0.0,0.0,0.0,0.0,0.0,0.0,0.0,0.0,0.0,0.0,0.36363636363636365,0.0,0.09090909090909091,0.36363636363636365,0.18181818181818182,0.36363636363636365,0.18181818181818182
spkr35_74,0.5714285714285714,0.42857142857142855,0.42857142857142855,0.0,0.0,0.0,0.0,0.0,0.2857142857142857,0.0,0.0,0.0,0.0,0.0,0.0,0.0,0.0,0.7142857142857143,0.42857142857142855,0.35714285714285715,0.35714285714285715,0.0,0.35714285714285715,0.0,0.14285714285714285,0.07142857142857142,0.42857142857142855,0.07142857142857142
spkr35_75,0.6470588235294118,0.5294117647058824,0.35294117647058826,0.0,0.0,0.0,0.0,0.23529411764705882,0.7647058823529411,0.29411764705882354,0.058823529411764705,0.17647058823529413,0.0,0.23529411764705882,0.0,0.0,0.0,0.8823529411764706,0.0,0.5882352941176471,0.0,0.47058823529411764,0.35294117647058826,0.23529411764705882,0.47058823529411764,0.29411764705882354,0.4117647058823529,0.17647058823529413
spkr35_8,0.5,0.375,0.625,0.0,0.0,0.0,0.0,0.0,0.3125,0.4375,0.0,0.0,0.0,0.0,0.0,0.0,0.0,0.6875,0.0,0.1875,0.125,0.4375,0.5,0.0,0.5625,0.5625,0.5,0.375
spkr35_9,0.5,0.6428571428571429,0.6428571428571429,0.07142857142857142,0.07142857142857142,0.07142857142857142,0.07142857142857142,0.07142857142857142,0.14285714285714285,0.07142857142857142,0.07142857142857142,0.07142857142857142,0.07142857142857142,0.07142857142857142,0.07142857142857142,0.07142857142857142,0.07142857142857142,0.7857142857142857,0.07142857142857142,0.07142857142857142,0.07142857142857142,0.07142857142857142,0.14285714285714285,0.07142857142857142,0.14285714285714285,0.07142857142857142,0.14285714285714285,0.07142857142857142
spkr41_1,0.5,0.3,0.6,0.0,0.0,0.0,0.0,0.0,0.2,0.1,0.2,0.0,0.0,0.0,0.0,0.2,0.0,1.0,0.0,0.0,0.0,0.2,0.2,0.0,0.2,0.1,0.2,0.0
spkr41_10,0.17647058823529413,0.0,0.23529411764705882,0.0,0.0,0.0,0.0,0.0,0.0,0.058823529411764705,0.058823529411764705,0.0,0.0,0.058823529411764705,0.0,0.0,0.0,0.6470588235294118,0.0,0.058823529411764705,0.0,0.0,0.058823529411764705,0.0,0.0,0.058823529411764705,0.058823529411764705,0.058823529411764705
spkr41_11,0.7857142857142857,0.6428571428571429,0.5714285714285714,0.21428571428571427,0.0,0.0,0.07142857142857142,0.0,0.14285714285714285,0.0,0.0,0.21428571428571427,0.0,0.0,0.0,0.0,0.0,0.14285714285714285,0.14285714285714285,0.21428571428571427,0.14285714285714285,0.21428571428571427,0.14285714285714285,0.07142857142857142,0.2857142857142857,0.21428571428571427,0.21428571428571427,0.0
spkr41_12,0.7058823529411765,0.23529411764705882,0.35294117647058826,0.0,0.0,0.0,0.0,0.0,0.0,0.0,0.0,0.0,0.0,0.0,0.0,0.0,0.0,0.0,0.0,0.0,0.0,0.0,0.0,0.0,0.0,0.0,0.0,0.0
spkr41_13,0.625,0.058823529411764705,0.47058823529411764,0.0,0.0,0.0,0.0,0.0,0.125,0.0,0.0,0.0,0.0,0.0,0.0,0.0,0.0,0.7647058823529411,0.0,0.0,0.0,0.0,0.058823529411764705,0.0,0.0,0.0,0.0,0.0
spkr41_14,0.7058823529411765,0.23529411764705882,0.4117647058823529,0.0,0.0,0.0,0.0,0.0,0.0,0.0,0.0,0.0,0.0,0.058823529411764705,0.0,0.0,0.0,0.5294117647058824,0.0,0.0,0.0,0.0,0.0,0.0,0.0,0.0,0.0,0.0
spkr41_15,1.0,0.058823529411764705,0.4117647058823529,0.0,0.0,0.0,0.0,0.0,0.11764705882352941,0.0,0.0,0.0,0.0,0.11764705882352941,0.0,0.0,0.0,1.0,0.0,0.17647058823529413,0.0,0.0,0.0,0.0,0.0,0.0,0.11764705882352941,0.0
spkr41_18,0.7692307692307693,0.0,0.5,0.0,0.0,0.0,0.0,0.0,0.11538461538461539,0.0,0.0,0.0,0.0,0.0,0.0,0.0,0.0,0.34615384615384615,0.0,0.0,0.0,0.0,0.0,0.0,0.0,0.0,0.0,0.0
spkr41_19,0.4838709677419355,0.03225806451612903,0.3548387096774194,0.0,0.0,0.0,0.0,0.0,0.03225806451612903,0.0,0.0,0.0,0.0,0.0,0.0,0.0,0.0,0.0967741935483871,0.0,0.0,0.0,0.0,0.0,0.0,0.0,0.0,0.03225806451612903,0.0
spkr41_2,0.9090909090909091,0.09090909090909091,0.5454545454545454,0.0,0.0,0.0,0.0,0.0,0.18181818181818182,0.0,0.0,0.0,0.0,0.0,0.0,0.0,0.0,0.8181818181818182,0.18181818181818182,0.0,0.0,0.0,0.0,0.0,0.0,0.0,0.2727272727272727,0.0
spkr41_20,0.7916666666666666,0.038461538461538464,0.34615384615384615,0.0,0.0,0.0,0.0,0.0,0.16666666666666666,0.0,0.0,0.0,0.0,0.0,0.0,0.0,0.0,0.6538461538461539,0.0,0.0,0.0,0.0,0.0,0.0,0.0,0.0,0.0,0.0
spkr41_21,0.68,0.037037037037037035,0.37037037037037035,0.0,0.0,0.0,0.0,0.0,0.08,0.0,0.037037037037037035,0.0,0.0,0.07407407407407407,0.0,0.0,0.0,0.5185185185185185,0.0,0.0,0.0,0.0,0.0,0.037037037037037035,0.0,0.0,0.037037037037037035,0.0
spkr41_22,0.8333333333333334,0.16666666666666666,0.4444444444444444,0.0,0.0,0.0,0.0,0.0,0.05555555555555555,0.05555555555555555,0.0,0.0,0.0,0.0,0.0,0.0,0.0,0.3333333333333333,0.0,0.16666666666666666,0.0,0.0,0.0,0.0,0.05555555555555555,0.05555555555555555,0.0,0.16666666666666666
spkr41_23,0.65,0.05,0.55,0.0,0.0,0.0,0.0,0.0,0.1,0.0,0.0,0.0,0.0,0.0,0.0,0.0,0.0,0.4,0.0,0.0,0.0,0.0,0.0,0.0,0.0,0.0,0.0,0.0
spkr41_24,0.5882352941176471,0.10526315789473684,0.2631578947368421,0.0,0.0,0.0,0.0,0.0,0.11764705882352941,0.0,0.0,0.0,0.0,0.0,0.0,0.0,0.0,0.47368421052631576,0.05263157894736842,0.0,0.0,0.0,0.0,0.0,0.10526315789473684,0.0,0.0,0.0
spkr41_26,0.8333333333333334,0.0,0.21052631578947367,0.0,0.0,0.0,0.15789473684210525,0.15789473684210525,0.1111111111111111,0.15789473684210525,0.0,0.10526315789473684,0.0,0.0,0.0,0.0,0.0,0.9473684210526315,0.0,0.0,0.15789473684210525,0.0,0.0,0.0,0.10526315789473684,0.15789473684210525,0.0,0.0
spkr41_28,0.5333333333333333,0.0,0.47058823529411764,0.0,0.0,0.0,0.0,0.0,0.06666666666666667,0.0,0.0,0.0,0.0,0.0,0.0,0.0,0.0,0.5882352941176471,0.23529411764705882,0.0,0.11764705882352941,0.0,0.11764705882352941,0.0,0.0,0.0,0.0,0.0
spkr41_29,0.7333333333333333,0.0,0.5333333333333333,0.0,0.0,0.0,0.0,0.0,0.06666666666666667,0.0,0.0,0.0,0.0,0.0,0.0,0.0,0.0,0.6666666666666666,0.0,0.0,0.06666666666666667,0.0,0.0,0.0,0.2,0.0,0.0,0.0
spkr41_30,0.4,0.13333333333333333,0.4666666666666667,0.0,0.0,0.0,0.0,0.0,0.0,0.0,0.0,0.0,0.0,0.0,0.0,0.0,0.0,0.4,0.0,0.0,0.0,0.0,0.0,0.0,0.0,0.0,0.0,0.0
spkr41_31,0.5263157894736842,0.05263157894736842,0.2631578947368421,0.0,0.0,0.0,0.0,0.0,0.0,0.0,0.0,0.0,0.0,0.0,0.0,0.0,0.0,0.6842105263157895,0.0,0.0,0.0,0.0,0.0,0.0,0.0,0.0,0.0,0.0
spkr41_33,0.8571428571428571,0.09090909090909091,0.45454545454545453,0.18181818181818182,0.0,0.0,0.0,0.22727272727272727,0.23809523809523808,0.22727272727272727,0.09090909090909091,0.22727272727272727,0.0,0.09090909090909091,0.0,0.0,0.0,0.7727272727272727,0.0,0.09090909090909091,0.13636363636363635,0.09090909090909091,0.045454545454545456,0.045454545454545456,0.0,0.13636363636363635,0.18181818181818182,0.09090909090909091
spkr41_34,0.5,0.13636363636363635,0.4090909090909091,0.09090909090909091,0.0,0.09090909090909091,0.09090909090909091,0.09090909090909091,0.22727272727272727,0.13636363636363635,0.09090909090909091,0.09090909090909091,0.09090909090909091,0.09090909090909091,0.0,0.09090909090909091,0.09090909090909091,0.36363636363636365,0.09090909090909091,0.09090909090909091,0.09090909090909091,0.09090909090909091,0.09090909090909091,0.09090909090909091,0.13636363636363635,0.09090909090909091,0.13636363636363635,0.09090909090909091
spkr41_35,0.35714285714285715,0.0,0.35714285714285715,0.0,0.0,0.0,0.0,0.0,0.0,0.0,0.0,0.0,0.0,0.0,0.0,0.0,0.0,0.0,0.0,0.07142857142857142,0.0,0.0,0.0,0.0,0.0,0.0,0.0,0.0
spkr41_36,0.6111111111111112,0.0,0.45,0.0,0.0,0.0,0.0,0.0,0.1111111111111111,0.0,0.0,0.0,0.0,0.0,0.0,0.0,0.0,1.0,0.0,0.0,0.0,0.0,0.0,0.0,0.0,0.0,0.0,0.0
spkr41_38,0.9375,0.0,0.5333333333333333,0.0,0.0,0.0,0.0,0.0,0.0625,0.0,0.0,0.0,0.0,0.0,0.0,0.0,0.0,0.8666666666666667,0.0,0.0,0.0,0.0,0.0,0.0,0.0,0.0,0.13333333333333333,0.0
spkr41_4,0.7857142857142857,0.0,0.46153846153846156,0.0,0.0,0.0,0.0,0.0,0.07142857142857142,0.0,0.0,0.0,0.0,0.0,0.0,0.0,0.0,1.0,0.0,0.0,0.0,0.0,0.0,0.0,0.0,0.0,0.0,0.0
spkr41_40,0.5,0.0,0.4,0.0,0.0,0.0,0.0,0.0,0.0,0.0,0.0,0.0,0.0,0.0,0.0,0.0,0.0,0.6666666666666666,0.0,0.0,0.0,0.0,0.0,0.0,0.0,0.0,0.0,0.0
spkr41_42,0.36363636363636365,0.2727272727272727,0.5454545454545454,0.18181818181818182,0.0,0.0,0.18181818181818182,0.18181818181818182,0.18181818181818182,0.18181818181818182,0.0,0.18181818181818182,0.0,0.09090909090909091,0.0,0.0,0.2727272727272727,1.0,0.2727272727272727,0.18181818181818182,0.18181818181818182,0.09090909090909091,0.09090909090909091,0.09090909090909091,0.18181818181818182,0.09090909090909091,0.09090909090909091,0.09090909090909091
spkr41_43,0.6923076923076923,0.0,0.3076923076923077,0.0,0.0,0.0,0.0,0.0,0.07692307692307693,0.0,0.0,0.0,0.0,0.0,0.0,0.0,0.0,0.5384615384615384,0.0,0.0,0.0,0.0,0.0,0.0,0.0,0.0,0.0,0.0
spkr41_44,0.375,0.125,0.3125,0.0625,0.0625,0.0625,0.0625,0.0625,0.25,0.0625,0.0625,0.0625,0.0625,0.0625,0.0625,0.0625,0.0625,0.6875,0.0625,0.0625,0.0625,0.0625,0.0625,0.0625,0.0625,0.0625,0.0,0.0625
spkr41_45,0.9,0.09090909090909091,0.8181818181818182,0.0,0.0,0.0,0.0,0.18181818181818182,0.6,0.5454545454545454,0.0,0.0,0.0,0.0,0.0,0.0,0.0,0.18181818181818182,0.0,0.0,0.2727272727272727,0.0,0.0,0.09090909090909091,0.0,0.0,0.18181818181818182,0.0
spkr41_46,0.7333333333333333,0.13333333333333333,0.3333333333333333,0.0,0.0,0.0,0.0,0.0,0.06666666666666667,0.0,0.0,0.0,0.0,0.0,0.0,0.0,0.0,0.13333333333333333,0.0,0.0,0.0,0.0,0.0,0.0,0.0,0.0,0.06666666666666667,0.0
spkr41_5,0.8,0.06666666666666667,0.5333333333333333,0.0,0.0,0.0,0.0,0.0,0.13333333333333333,0.06666666666666667,0.0,0.0,0.0,0.0,0.0,0.0,0.0,0.8666666666666667,0.0,0.0,0.06666666666666667,0.0,0.06666666666666667,0.0,0.06666666666666667,0.06666666666666667,0.06666666666666667,0.0
spkr41_50,0.6666666666666666,0.12903225806451613,0.3870967741935484,0.0,0.0,0.0,0.0,0.0,0.03333333333333333,0.0,0.0,0.0,0.0,0.0,0.0,0.0,0.0,0.7096774193548387,0.0,0.0,0.0,0.0,0.0,0.0,0.0,0.0,0.0,0.0
spkr41_51,0.8571428571428571,0.07142857142857142,0.14285714285714285,0.0,0.0,0.0,0.0,0.07142857142857142,0.2857142857142857,0.14285714285714285,0.0,0.0,0.0,0.0,0.0,0.0,0.0,0.9285714285714286,0.2857142857142857,0.0,0.0,0.0,0.07142857142857142,0.07142857142857142,0.0,0.07142857142857142,0.14285714285714285,0.0
spkr41_52,0.36363636363636365,0.18181818181818182,0.8181818181818182,0.0,0.0,0.0,0.0,0.0,0.09090909090909091,0.0,0.0,0.0,0.0,0.0,0.0,0.0,0.0,0.9090909090909091,0.0,0.0,0.0,0.0,0.0,0.0,0.0,0.0,0.09090909090909091,0.0
spkr41_53,0.5333333333333333,0.06666666666666667,0.6,0.0,0.0,0.0,0.0,0.06666666666666667,0.06666666666666667,0.06666666666666667,0.06666666666666667,0.0,0.0,0.0,0.0,0.06666666666666667,0.0,0.4,0.06666666666666667,0.0,0.06666666666666667,0.0,0.0,0.0,0.0,0.0,0.06666666666666667,0.0
spkr41_54,1.0,0.5714285714285714,0.42857142857142855,0.14285714285714285,0.14285714285714285,0.14285714285714285,0.14285714285714285,0.14285714285714285,0.6666666666666666,0.0,0.0,1.0,0.0,0.14285714285714285,0.0,0.14285714285714285,0.0,0.5714285714285714,0.14285714285714285,0.0,0.0,0.0,0.14285714285714285,0.42857142857142855,0.0,0.0,0.2857142857142857,0.42857142857142855
spkr41_55,0.6666666666666666,0.11764705882352941,0.47058823529411764,0.17647058823529413,0.0,0.0,0.17647058823529413,0.0,0.4666666666666667,0.0,0.0,0.0,0.0,0.0,0.0,0.17647058823529413,0.0,0.8823529411764706,0.0,0.0,0.0,0.0,0.0,0.0,0.0,0.0,0.17647058823529413,0.0
spkr41_56,0.8,0.6,0.4,0.0,0.0,0.0,0.0,0.0,0.6,0.0,0.0,0.0,0.0,0.0,0.0,0.5,0.0,0.7,0.1,0.1,0.5,0.2,0.0,0.0,0.5,0.1,0.5,0.0
spkr41_57,1.0,0.4117647058823529,0.47058823529411764,0.23529411764705882,0.23529411764705882,0.0,0.23529411764705882,0.0,0.4,0.058823529411764705,0.0,0.23529411764705882,0.0,0.11764705882352941,0.23529411764705882,0.23529411764705882,0.0,0.7647058823529411,0.23529411764705882,0.0,0.23529411764705882,0.0,0.29411764705882354,0.0,0.23529411764705882,0.29411764705882354,0.35294117647058826,0.29411764705882354
spkr41_58,0.6190476190476191,0.18181818181818182,0.2727272727272727,0.0,0.0,0.0,0.0,0.0,0.19047619047619047,0.0,0.0,0.0,0.0,0.0,0.0,0.0,0.0,0.7727272727272727,0.0,0.0,0.0,0.0,0.09090909090909091,0.0,0.0,0.0,0.0,0.0
spkr41_59,0.7272727272727273,0.0,0.36363636363636365,0.0,0.0,0.0,0.0,0.0,0.09090909090909091,0.0,0.18181818181818182,0.0,0.0,0.0,0.0,0.0,0.0,0.5454545454545454,0.0,0.0,0.0,0.0,0.0,0.09090909090909091,0.0,0.0,0.0,0.0
spkr41_6,0.75,0.5,0.8333333333333334,0.0,0.0,0.0,0.0,0.0,0.3333333333333333,0.25,0.0,1.0,0.0,0.0,0.0,0.0,0.0,0.8333333333333334,0.5,0.9166666666666666,0.75,0.08333333333333333,0.0,0.0,0.08333333333333333,0.6666666666666666,0.4166666666666667,0.16666666666666666
spkr41_60,1.0,0.23529411764705882,0.47058823529411764,0.058823529411764705,0.0,0.0,0.0,0.0,0.1875,0.0,0.0,0.0,0.0,0.0,0.0,0.0,0.0,0.7647058823529411,0.0,0.0,0.35294117647058826,0.0,0.0,0.0,0.0,0.0,0.23529411764705882,0.0
spkr41_61,0.7222222222222222,0.1111111111111111,0.2222222222222222,0.0,0.0,0.0,0.0,0.0,0.2777777777777778,0.0,0.0,0.0,0.0,0.0,0.0,0.0,0.0,0.5555555555555556,0.0,0.0,0.0,0.0,0.0,0.0,0.0,0.0,0.0,0.0
spkr41_62,0.8,0.0,0.09090909090909091,0.0,0.0,0.0,0.0,0.0,0.2,0.0,0.0,0.0,0.0,0.0,0.09090909090909091,0.0,0.0,0.8181818181818182,0.0,0.0,0.0,0.0,0.0,0.0,0.0,0.0,0.0,0.0
spkr41_63,0.9,0.0,0.3,0.0,0.0,0.0,0.0,0.0,0.0,0.0,0.0,0.0,0.0,0.0,0.0,0.0,0.0,0.9,0.0,0.0,0.0,0.0,0.0,0.0,0.0,0.0,0.0,0.0
spkr41_64,0.7058823529411765,0.11764705882352941,0.4117647058823529,0.0,0.0,0.0,0.058823529411764705,0.0,0.058823529411764705,0.17647058823529413,0.0,0.0,0.0,0.0,0.0,0.0,0.0,0.8235294117647058,0.0,0.0,0.17647058823529413,0.17647058823529413,0.058823529411764705,0.058823529411764705,0.17647058823529413,0.0,0.0,0.0
spkr41_65,0.4782608695652174,0.0,0.30434782608695654,0.0,0.2608695652173913,0.0,0.0,0.0,0.2608695652173913,0.13043478260869565,0.0,0.6521739130434783,0.0,0.0,0.0,0.0,0.0,0.6956521739130435,0.0,0.0,0.30434782608695654,0.08695652173913043,0.043478260869565216,0.0,0.17391304347826086,0.08695652173913043,0.17391304347826086,0.0
spkr41_66,0.5882352941176471,0.0,0.05555555555555555,0.0,0.0,0.0,0.0,0.0,0.058823529411764705,0.0,0.0,0.0,0.0,0.0,0.0,0.0,0.0,0.8333333333333334,0.0,0.0,0.0,0.0,0.0,0.0,0.16666666666666666,0.0,0.0,0.0
spkr41_67,0.9285714285714286,0.0,0.5714285714285714,0.0,0.0,0.0,0.0,0.0,0.0,0.0,0.0,0.0,0.0,0.0,0.0,0.0,0.0,0.6428571428571429,0.0,0.0,0.0,0.0,0.0,0.0,0.0,0.0,0.0,0.0
spkr41_68,0.5833333333333334,0.46153846153846156,0.6153846153846154,0.0,0.0,0.0,0.0,0.0,0.25,0.15384615384615385,0.0,0.0,0.0,0.0,0.3076923076923077,0.0,0.0,0.6153846153846154,0.0,0.23076923076923078,0.15384615384615385,0.15384615384615385,0.38461538461538464,0.23076923076923078,0.38461538461538464,0.15384615384615385,0.46153846153846156,0.38461538461538464
spkr41_69,0.6666666666666666,0.16666666666666666,0.3888888888888889,0.0,0.0,0.0,0.0,0.0,0.0,0.0,0.0,0.0,0.0,0.0,0.0,0.0,0.0,0.4444444444444444,0.0,0.0,0.0,0.0,0.1111111111111111,0.0,0.16666666666666666,0.0,0.0,0.0
spkr41_7,0.7333333333333333,0.375,0.5625,0.0,0.0,0.0,0.0,0.0,0.06666666666666667,0.0,0.0,0.0,0.0,0.0,0.0,0.0,0.0,0.75,0.4375,0.0,0.0625,0.0,0.0,0.0,0.0,0.0,0.0,0.0
spkr41_70,0.875,0.0625,0.5625,0.0,0.0,0.0625,0.0,0.0,0.25,0.0,0.0,0.0,0.125,0.0,0.0,0.0,0.0,0.875,0.3125,0.0,0.0625,0.0,0.0,0.0625,0.0,0.0,0.0,0.0
spkr41_71,0.6111111111111112,0.10526315789473684,0.3684210526315789,0.0,0.0,0.0,0.0,0.0,0.5555555555555556,0.0,0.0,0.21052631578947367,0.0,0.2631578947368421,0.0,0.10526315789473684,0.0,1.0,0.15789473684210525,0.05263157894736842,0.0,0.10526315789473684,0.0,0.10526315789473684,0.2631578947368421,0.0,0.0,0.0
spkr41_72,0.42105263157894735,0.2222222222222222,0.6111111111111112,0.0,0.0,0.0,0.0,0.0,0.15789473684210525,0.2222222222222222,0.0,0.0,0.0,0.0,0.0,0.0,0.0,0.8888888888888888,0.0,0.0,0.2777777777777778,0.0,0.0,0.0,0.2222222222222222,0.2222222222222222,0.2222222222222222,0.2222222222222222
spkr41_73,0.6363636363636364,0.18181818181818182,0.2727272727272727,0.0,0.0,0.0,0.0,0.0,0.09090909090909091,0.0,0.0,0.0,0.0,0.0,0.0,0.45454545454545453,0.0,0.0,0.0,0.0,0.0,0.0,0.0,0.09090909090909091,0.0,0.0,0.09090909090909091,0.0
spkr41_74,0.6428571428571429,0.42857142857142855,0.7142857142857143,0.0,0.0,0.0,0.0,0.0,0.21428571428571427,0.14285714285714285,0.0,0.0,0.0,0.0,0.0,0.0,0.0,0.6428571428571429,0.0,0.0,0.0,0.07142857142857142,0.0,0.21428571428571427,0.07142857142857142,0.0,0.14285714285714285,0.07142857142857142
spkr41_75,0.5294117647058824,0.23529411764705882,0.35294117647058826,0.29411764705882354,0.0,0.0,0.0,0.0,0.47058823529411764,0.23529411764705882,0.17647058823529413,0.0,0.0,0.11764705882352941,0.0,0.0,0.0,0.8235294117647058,0.4117647058823529,0.35294117647058826,0.0,0.29411764705882354,0.17647058823529413,0.11764705882352941,0.6470588235294118,0.5294117647058824,0.4117647058823529,0.17647058823529413
spkr41_8,0.5625,0.3125,0.5,0.0,0.0625,0.0,0.0625,0.0625,0.25,0.1875,0.0,0.0,0.0625,0.0,0.0625,0.0,0.0625,0.75,0.0,0.0,0.0,0.0625,0.0625,0.0625,0.25,0.0625,0.0625,0.0625
spkr41_9,0.5714285714285714,0.0,0.42857142857142855,0.07142857142857142,0.07142857142857142,0.0,0.07142857142857142,0.07142857142857142,0.0,0.0,0.07142857142857142,0.07142857142857142,0.07142857142857142,0.07142857142857142,0.07142857142857142,0.07142857142857142,0.07142857142857142,0.7857142857142857,0.0,0.0,0.0,0.0,0.0,0.0,0.07142857142857142,0.0,0.0,0.0
spkr42_1,0.9,0.4,0.6,0.2,0.2,0.2,0.2,0.2,0.4,0.4,0.2,0.2,0.3,0.4,0.2,0.4,0.2,1.0,0.2,0.3,0.2,0.2,0.3,0.5,0.3,0.2,0.6,0.4
spkr42_10,0.5882352941176471,0.5882352941176471,0.4117647058823529,0.058823529411764705,0.0,0.11764705882352941,0.0,0.0,0.058823529411764705,0.058823529411764705,0.058823529411764705,0.0,0.0,0.058823529411764705,0.0,0.0,0.058823529411764705,0.6470588235294118,0.0,0.058823529411764705,0.23529411764705882,0.0,0.058823529411764705,0.058823529411764705,0.058823529411764705,0.058823529411764705,0.11764705882352941,0.058823529411764705
spkr42_11,0.6428571428571429,0.6428571428571429,0.6428571428571429,0.0,0.0,0.0,0.0,0.0,0.2857142857142857,0.07142857142857142,0.0,0.0,0.0,0.0,0.0,0.0,0.0,0.7857142857142857,0.0,0.0,0.14285714285714285,0.07142857142857142,0.07142857142857142,0.07142857142857142,0.21428571428571427,0.07142857142857142,0.14285714285714285,0.21428571428571427
spkr42_12,0.7647058823529411,0.6470588235294118,0.7058823529411765,0.058823529411764705,0.0,0.0,0.0,0.47058823529411764,0.35294117647058826,0.058823529411764705,0.0,0.0,0.0,0.11764705882352941,0.0,0.0,0.23529411764705882,0.47058823529411764,0.058823529411764705,0.058823529411764705,0.23529411764705882,0.11764705882352941,0.35294117647058826,0.17647058823529413,0.23529411764705882,0.17647058823529413,0.23529411764705882,0.23529411764705882
spkr42_13,0.5,0.5882352941176471,0.6470588235294118,0.0,0.0,0.0,0.17647058823529413,0.11764705882352941,0.4375,0.17647058823529413,0.23529411764705882,0.0,0.0,0.17647058823529413,0.0,0.0,0.0,0.6470588235294118,0.0,0.35294117647058826,0.47058823529411764,0.17647058823529413,0.47058823529411764,0.11764705882352941,0.5882352941176471,0.23529411764705882,0.23529411764705882,0.17647058823529413
spkr42_14,0.8823529411764706,0.4117647058823529,0.7058823529411765,0.23529411764705882,0.29411764705882354,0.23529411764705882,0.29411764705882354,0.17647058823529413,0.23529411764705882,0.35294117647058826,0.17647058823529413,0.11764705882352941,0.23529411764705882,0.17647058823529413,0.17647058823529413,0.23529411764705882,0.17647058823529413,0.8235294117647058,0.35294117647058826,0.5294117647058824,0.4117647058823529,0.4117647058823529,0.5882352941176471,0.17647058823529413,0.29411764705882354,0.23529411764705882,0.29411764705882354,0.17647058823529413
spkr42_15,0.7647058823529411,0.5882352941176471,0.5294117647058824,0.11764705882352941,0.0,0.0,0.058823529411764705,0.11764705882352941,0.4117647058823529,0.35294117647058826,0.17647058823529413,0.23529411764705882,0.058823529411764705,0.058823529411764705,0.11764705882352941,0.0,0.11764705882352941,1.0,0.23529411764705882,0.058823529411764705,0.4117647058823529,0.17647058823529413,0.7058823529411765,0.058823529411764705,0.29411764705882354,0.058823529411764705,0.35294117647058826,0.0
spkr42_18,0.7307692307692307,0.4230769230769231,0.6923076923076923,0.5,0.0,0.2692307692307692,0.2692307692307692,0.15384615384615385,0.46153846153846156,0.34615384615384615,0.11538461538461539,0.3076923076923077,0.0,0.19230769230769232,0.07692307692307693,0.0,0.2692307692307692,0.7692307692307693,0.46153846153846156,0.5,0.15384615384615385,0.34615384615384615,0.3076923076923077,0.19230769230769232,0.34615384615384615,0.23076923076923078,0.38461538461538464,0.34615384615384615
spkr42_19,0.45161290322580644,0.03225806451612903,0.4838709677419355,0.06451612903225806,0.06451612903225806,0.06451612903225806,0.06451612903225806,0.03225806451612903,0.06451612903225806,0.06451612903225806,0.03225806451612903,0.03225806451612903,0.06451612903225806,0.03225806451612903,0.0,0.06451612903225806,0.06451612903225806,0.6129032258064516,0.06451612903225806,0.03225806451612903,0.03225806451612903,0.06451612903225806,0.06451612903225806,0.06451612903225806,0.06451612903225806,0.06451612903225806,0.06451612903225806,0.06451612903225806
spkr42_2,0.9090909090909091,0.6363636363636364,0.45454545454545453,0.18181818181818182,0.18181818181818182,0.0,0.0,0.36363636363636365,0.8181818181818182,0.09090909090909091,0.18181818181818182,0.36363636363636365,0.18181818181818182,0.0,0.0,0.0,0.9090909090909091,1.0,0.45454545454545453,0.36363636363636365,0.6363636363636364,0.18181818181818182,0.36363636363636365,0.0,0.6363636363636364,0.18181818181818182,0.45454545454545453,0.09090909090909091
spkr42_20,0.7916666666666666,0.23076923076923078,0.5769230769230769,0.0,0.0,0.0,0.3076923076923077,0.0,0.375,0.19230769230769232,0.0,0.0,0.0,0.0,0.0,0.0,0.0,0.46153846153846156,0.0,0.0,0.15384615384615385,0.15384615384615385,0.15384615384615385,0.0,0.23076923076923078,0.2692307692307692,0.19230769230769232,0.15384615384615385
spkr42_21,0.64,0.18518518518518517,0.4074074074074074,0.0,0.0,0.0,0.037037037037037035,0.0,0.2,0.037037037037037035,0.07407407407407407,0.0,0.0,0.037037037037037035,0.0,0.0,0.0,0.7037037037037037,0.0,0.0,0.07407407407407407,0.14814814814814814,0.1111111111111111,0.07407407407407407,0.07407407407407407,0.1111111111111111,0.14814814814814814,0.07407407407407407
spkr42_22,0.9444444444444444,0.3333333333333333,0.6666666666666666,0.2777777777777778,0.0,0.0,0.2222222222222222,0.2222222222222222,0.3888888888888889,0.2222222222222222,0.2222222222222222,0.2222222222222222,0.2222222222222222,0.16666666666666666,0.0,0.0,0.2222222222222222,0.8333333333333334,0.1111111111111111,0.2222222222222222,0.2222222222222222,0.2222222222222222,0.2222222222222222,0.16666666666666666,0.3333333333333333,0.2222222222222222,0.05555555555555555,0.16666666666666666
spkr42_23,0.65,0.25,0.25,0.0,0.0,0.0,0.0,0.1,0.2,0.0,0.15,0.1,0.0,0.1,0.0,0.0,0.0,0.9,0.1,0.15,0.0,0.0,0.1,0.05,0.25,0.1,0.35,0.1
spkr42_24,0.7647058823529411,0.6842105263157895,0.631578947368421,0.10526315789473684,0.15789473684210525,0.0,0.0,0.10526315789473684,0.8235294117647058,0.2631578947368421,0.10526315789473684,0.42105263157894735,0.10526315789473684,0.2631578947368421,0.0,0.0,0.10526315789473684,0.7894736842105263,0.42105263157894735,0.3684210526315789,0.7368421052631579,0.2631578947368421,0.5263157894736842,0.42105263157894735,0.6842105263157895,0.47368421052631576,0.3157894736842105,0.3684210526315789
spkr42_26,0.8333333333333334,0.2631578947368421,0.47368421052631576,0.0,0.0,0.0,0.0,0.0,0.7222222222222222,0.0,0.0,0.0,0.0,0.0,0.0,0.0,0.0,0.8947368421052632,0.10526315789473684,0.0,0.21052631578947367,0.15789473684210525,0.631578947368421,0.0,0.3157894736842105,0.10526315789473684,0.21052631578947367,0.0
spkr42_28,0.6,0.058823529411764705,0.6470588235294118,0.0,0.0,0.0,0.0,0.0,0.06666666666666667,0.0,0.0,0.0,0.0,0.0,0.0,0.0,0.0,0.29411764705882354,0.0,0.0,0.0,0.0,0.0,0.0,0.0,0.0,0.058823529411764705,0.0
spkr42_29,0.7333333333333333,0.6666666666666666,0.6666666666666666,0.0,0.0,0.0,0.0,0.0,0.4,0.0,0.0,0.0,0.0,0.26666666666666666,0.0,0.0,0.0,0.2,0.0,0.0,0.06666666666666667,0.0,0.2,0.0,0.2,0.0,0.06666666666666667,0.0
spkr42_30,0.8,0.4,0.7333333333333333,0.2,0.4666666666666667,0.2,0.2,0.2,0.7333333333333333,0.4,0.26666666666666666,0.4666666666666667,0.4666666666666667,0.4,0.26666666666666666,0.26666666666666666,0.2,1.0,0.4,0.4,0.8,0.4,0.4666666666666667,0.4,0.6666666666666666,0.6,0.5333333333333333,0.4
spkr42_31,0.42105263157894735,0.10526315789473684,0.3157894736842105,0.0,0.0,0.0,0.0,0.0,0.10526315789473684,0.0,0.05263157894736842,0.0,0.0,0.0,0.0,0.0,0.0,0.15789473684210525,0.0,0.0,0.0,0.10526315789473684,0.0,0.0,0.2631578947368421,0.10526315789473684,0.05263157894736842,0.10526315789473684
spkr42_33,0.8095238095238095,0.3181818181818182,0.45454545454545453,0.0,0.0,0.0,0.0,0.0,0.2857142857142857,0.0,0.0,0.0,0.0,0.0,0.0,0.09090909090909091,0.0,0.9090909090909091,0.4090909090909091,0.0,0.6363636363636364,0.0,0.3181818181818182,0.0,0.36363636363636365,0.0,0.045454545454545456,0.0
spkr42_34,0.5,0.5909090909090909,0.5,0.22727272727272727,0.045454545454545456,0.22727272727272727,0.22727272727272727,0.2727272727272727,0.3181818181818182,0.18181818181818182,0.22727272727272727,0.22727272727272727,0.22727272727272727,0.22727272727272727,0.045454545454545456,0.045454545454545456,0.22727272727272727,0.7727272727272727,0.045454545454545456,0.22727272727272727,0.22727272727272727,0.2727272727272727,0.22727272727272727,0.22727272727272727,0.2727272727272727,0.22727272727272727,0.2727272727272727,0.22727272727272727
spkr42_35,0.9285714285714286,0.0,0.5714285714285714,0.0,0.0,0.0,0.0,0.0,0.7142857142857143,0.0,0.0,0.0,0.0,0.0,0.0,0.0,0.0,0.2857142857142857,0.0,0.0,0.0,0.14285714285714285,0.0,0.0,0.2857142857142857,0.0,0.35714285714285715,0.14285714285714285
spkr42_36,1.0,0.45,0.65,0.0,0.15,0.0,0.05,0.05,0.3333333333333333,0.05,0.25,0.05,0.05,0.3,0.0,0.0,0.0,1.0,0.15,0.45,0.45,0.0,0.5,0.05,0.4,0.0,0.25,0.35
spkr42_37,0.9285714285714286,0.6,0.6666666666666666,0.3333333333333333,0.0,0.0,0.06666666666666667,0.2,0.42857142857142855,0.06666666666666667,0.2,0.2,0.0,0.3333333333333333,0.13333333333333333,0.0,0.4,1.0,0.2,0.4,0.5333333333333333,0.5333333333333333,0.4666666666666667,0.0,0.4666666666666667,0.5333333333333333,0.4,0.3333333333333333
spkr42_38,0.875,0.4,0.7333333333333333,0.13333333333333333,0.13333333333333333,0.13333333333333333,0.13333333333333333,0.13333333333333333,0.1875,0.13333333333333333,0.2,0.13333333333333333,0.13333333333333333,0.2,0.13333333333333333,0.13333333333333333,0.13333333333333333,1.0,0.13333333333333333,0.13333333333333333,0.2,0.13333333333333333,0.26666666666666666,0.13333333333333333,0.6,0.13333333333333333,0.13333333333333333,0.2
spkr42_4,0.7857142857142857,0.3076923076923077,0.6923076923076923,0.0,0.0,0.23076923076923078,0.15384615384615385,0.15384615384615385,0.2857142857142857,0.23076923076923078,0.3076923076923077,0.15384615384615385,0.0,0.15384615384615385,0.0,0.0,0.15384615384615385,0.8461538461538461,0.15384615384615385,0.15384615384615385,0.38461538461538464,0.15384615384615385,0.15384615384615385,0.0,0.15384615384615385,0.15384615384615385,0.46153846153846156,0.15384615384615385
spkr42_40,0.8571428571428571,0.4666666666666667,0.3333333333333333,0.06666666666666667,0.0,0.0,0.0,0.0,0.07142857142857142,0.0,0.0,0.0,0.0,0.06666666666666667,0.0,0.0,0.0,0.3333333333333333,0.26666666666666666,0.2,0.06666666666666667,0.0,0.2,0.0,0.0,0.0,0.0,0.06666666666666667
spkr42_42,0.9090909090909091,0.5454545454545454,0.8181818181818182,0.09090909090909091,0.0,0.0,0.0,0.7272727272727273,0.2727272727272727,0.2727272727272727,0.0,0.45454545454545453,0.0,0.36363636363636365,0.0,0.0,0.18181818181818182,0.8181818181818182,0.36363636363636365,0.6363636363636364,0.9090909090909091,0.2727272727272727,0.7272727272727273,0.09090909090909091,0.36363636363636365,0.2727272727272727,0.7272727272727273,0.36363636363636365
spkr42_43,0.8461538461538461,0.46153846153846156,0.6153846153846154,0.0,0.0,0.0,0.0,0.0,0.46153846153846156,0.23076923076923078,0.0,0.0,0.46153846153846156,0.15384615384615385,0.0,0.3076923076923077,0.0,0.5384615384615384,0.23076923076923078,0.23076923076923078,0.46153846153846156,0.23076923076923078,0.3076923076923077,0.15384615384615385,0.46153846153846156,0.23076923076923078,0.23076923076923078,0.23076923076923078
spkr42_44,0.9375,0.1875,0.3125,0.125,0.125,0.0625,0.125,0.1875,0.25,0.125,0.0625,0.25,0.125,0.125,0.0625,0.0625,0.0625,0.875,0.125,0.1875,0.375,0.0625,0.25,0.0625,0.3125,0.0625,0.1875,0.3125
spkr42_45,0.7,0.09090909090909091,0.6363636363636364,0.5454545454545454,0.0,0.0,0.36363636363636365,0.5454545454545454,0.6,0.0,0.18181818181818182,0.45454545454545453,0.0,0.36363636363636365,0.0,0.0,0.5454545454545454,1.0,0.45454545454545453,0.36363636363636365,0.7272727272727273,0.0,0.5454545454545454,0.18181818181818182,0.36363636363636365,0.0,0.09090909090909091,0.2727272727272727
spkr42_46,0.6666666666666666,0.13333333333333333,0.3333333333333333,0.0,0.0,0.0,0.0,0.0,0.06666666666666667,0.0,0.0,0.0,0.0,0.0,0.0,0.0,0.0,0.3333333333333333,0.0,0.0,0.0,0.0,0.0,0.0,0.06666666666666667,0.0,0.06666666666666667,0.0
spkr42_5,1.0,0.5333333333333333,0.4666666666666667,0.0,0.13333333333333333,0.0,0.0,0.0,0.5333333333333333,0.13333333333333333,0.06666666666666667,0.26666666666666666,0.0,0.0,0.0,0.0,0.0,0.5333333333333333,0.26666666666666666,0.4,0.3333333333333333,0.26666666666666666,0.2,0.06666666666666667,0.3333333333333333,0.0,0.3333333333333333,0.2
spkr42_50,0.9,0.4838709677419355,0.5483870967741935,0.3870967741935484,0.0,0.0,0.0,0.1935483870967742,0.5666666666666667,0.0,0.1935483870967742,0.0,0.0,0.2903225806451613,0.0,0.0,0.0,0.5483870967741935,0.2903225806451613,0.1935483870967742,0.2903225806451613,0.0967741935483871,0.25806451612903225,0.0,0.3225806451612903,0.06451612903225806,0.12903225806451613,0.1935483870967742
spkr42_51,0.7142857142857143,0.2857142857142857,0.21428571428571427,0.07142857142857142,0.07142857142857142,0.0,0.07142857142857142,0.07142857142857142,0.2857142857142857,0.07142857142857142,0.14285714285714285,0.07142857142857142,0.07142857142857142,0.14285714285714285,0.14285714285714285,0.07142857142857142,0.07142857142857142,0.2857142857142857,0.07142857142857142,0.07142857142857142,0.35714285714285715,0.0,0.14285714285714285,0.14285714285714285,0.07142857142857142,0.14285714285714285,0.14285714285714285,0.14285714285714285
spkr42_52,0.8181818181818182,0.5454545454545454,0.7272727272727273,0.0,0.0,0.0,0.0,0.0,0.18181818181818182,0.18181818181818182,0.0,0.0,0.0,0.0,0.0,0.0,0.0,0.8181818181818182,0.0,0.0,0.0,0.18181818181818182,0.0,0.0,0.18181818181818182,0.0,0.18181818181818182,0.36363636363636365
spkr42_53,0.5333333333333333,0.5333333333333333,0.7333333333333333,0.13333333333333333,0.13333333333333333,0.13333333333333333,0.26666666666666666,0.13333333333333333,0.8,0.13333333333333333,0.06666666666666667,0.6,0.13333333333333333,0.4666666666666667,0.13333333333333333,1.0,0.13333333333333333,1.0,0.13333333333333333,0.2,0.5333333333333333,0.13333333333333333,0.3333333333333333,0.3333333333333333,0.5333333333333333,0.26666666666666666,0.2,0.3333333333333333
spkr42_54,1.0,0.7142857142857143,0.8571428571428571,0.0,0.0,0.0,0.0,0.42857142857142855,1.0,0.42857142857142855,0.0,0.42857142857142855,0.0,0.0,0.0,0.0,0.42857142857142855,0.7142857142857143,0.2857142857142857,0.8571428571428571,0.2857142857142857,0.42857142857142855,0.5714285714285714,0.2857142857142857,0.42857142857142855,0.2857142857142857,0.2857142857142857,0.0
spkr42_55,0.8666666666666667,0.5882352941176471,0.7058823529411765,0.0,0.0,0.0,0.0,0.0,0.8,0.4117647058823529,0.058823529411764705,0.0,0.0,0.11764705882352941,0.0,0.0,0.0,0.8823529411764706,0.0,0.0,0.11764705882352941,0.4117647058823529,0.4117647058823529,0.0,0.47058823529411764,0.23529411764705882,0.23529411764705882,0.058823529411764705
spkr42_56,0.7,0.4,0.3,0.3,0.0,0.2,0.3,0.3,0.6,0.2,0.0,0.3,0.2,0.3,0.0,0.2,0.3,1.0,0.0,0.2,0.3,0.3,0.3,0.3,0.3,0.3,0.3,0.4
spkr42_57,0.8666666666666667,0.6470588235294118,0.6470588235294118,0.0,0.0,0.0,0.0,0.0,0.6,0.11764705882352941,0.0,0.23529411764705882,0.0,0.0,0.0,0.0,0.0,0.8235294117647058,0.0,0.0,0.35294117647058826,0.0,0.35294117647058826,0.17647058823529413,0.35294117647058826,0.0,0.29411764705882354,0.17647058823529413
spkr42_58,0.9523809523809523,0.36363636363636365,0.7272727272727273,0.0,0.0,0.0,0.0,0.0,0.42857142857142855,0.0,0.0,0.0,0.0,0.0,0.0,0.0,0.0,1.0,0.0,0.36363636363636365,0.0,0.0,0.5,0.0,0.18181818181818182,0.0,0.045454545454545456,0.0
spkr42_59,0.5454545454545454,0.0,0.5454545454545454,0.0,0.0,0.0,0.0,0.0,0.18181818181818182,0.0,0.0,0.0,0.0,0.0,0.0,0.0,0.0,0.7272727272727273,0.0,0.0,0.0,0.0,0.0,0.09090909090909091,0.0,0.0,0.0,0.0
spkr42_6,1.0,0.3333333333333333,0.9166666666666666,0.3333333333333333,0.0,0.25,0.25,0.3333333333333333,0.25,0.0,0.16666666666666666,0.0,0.0,0.4166666666666667,0.0,0.0,0.0,1.0,0.3333333333333333,0.0,0.3333333333333333,0.3333333333333333,0.6666666666666666,0.3333333333333333,0.3333333333333333,0.5,0.4166666666666667,0.3333333333333333
spkr42_60,0.875,0.8235294117647058,0.9411764705882353,0.11764705882352941,0.0,0.0,0.0,0.11764705882352941,0.375,0.0,0.11764705882352941,0.11764705882352941,0.0,0.11764705882352941,0.0,0.0,0.11764705882352941,1.0,0.5294117647058824,0.29411764705882354,0.29411764705882354,0.0,0.5294117647058824,0.0,0.29411764705882354,0.11764705882352941,0.23529411764705882,0.11764705882352941
spkr42_61,0.8333333333333334,0.2222222222222222,0.3888888888888889,0.0,0.0,0.0,0.0,0.0,0.2222222222222222,0.0,0.0,0.0,0.0,0.0,0.0,0.0,0.0,1.0,0.0,0.0,0.0,0.0,0.0,0.0,0.0,0.0,0.0,0.0
spkr42_62,0.8,0.0,0.09090909090909091,0.0,0.0,0.0,0.0,0.0,0.2,0.0,0.0,0.0,0.0,0.0,0.0,0.0,0.0,1.0,0.0,0.0,0.0,0.0,0.0,0.0,0.0,0.0,0.0,0.0
spkr42_63,0.7,0.0,0.9,0.0,0.0,0.0,0.0,0.0,0.1,0.0,0.0,0.0,0.0,0.3,0.0,0.0,0.0,0.9,0.0,0.0,0.3,0.3,0.4,0.0,0.4,0.2,0.0,0.0
spkr42_64,0.8823529411764706,0.29411764705882354,0.5882352941176471,0.17647058823529413,0.17647058823529413,0.0,0.17647058823529413,0.058823529411764705,0.35294117647058826,0.0,0.29411764705882354,0.11764705882352941,0.17647058823529413,0.4117647058823529,0.47058823529411764,0.23529411764705882,0.058823529411764705,0.8823529411764706,0.17647058823529413,0.47058823529411764,0.23529411764705882,0.17647058823529413,0.23529411764705882,0.23529411764705882,0.11764705882352941,0.11764705882352941,0.23529411764705882,0.0
spkr42_65,0.6956521739130435,0.391304347826087,0.5217391304347826,0.2608695652173913,0.0,0.0,0.0,0.0,0.34782608695652173,0.043478260869565216,0.0,0.17391304347826086,0.0,0.0,0.0,0.0,0.0,0.8695652173913043,0.21739130434782608,0.21739130434782608,0.2608695652173913,0.13043478260869565,0.5652173913043478,0.08695652173913043,0.21739130434782608,0.08695652173913043,0.13043478260869565,0.0
spkr42_66,0.7058823529411765,0.1111111111111111,0.2777777777777778,0.0,0.0,0.0,0.0,0.0,0.058823529411764705,0.0,0.1111111111111111,0.1111111111111111,0.0,0.1111111111111111,0.0,0.0,0.1111111111111111,0.8333333333333334,0.0,0.0,0.0,0.0,0.1111111111111111,0.0,0.1111111111111111,0.05555555555555555,0.0,0.0
spkr42_67,0.8571428571428571,0.2857142857142857,0.5,0.14285714285714285,0.0,0.2857142857142857,0.35714285714285715,0.0,0.7857142857142857,0.5714285714285714,0.21428571428571427,0.35714285714285715,0.0,0.42857142857142855,0.42857142857142855,0.0,0.0,1.0,0.35714285714285715,0.35714285714285715,0.5,0.21428571428571427,0.8571428571428571,0.14285714285714285,0.5,0.6428571428571429,0.6428571428571429,0.42857142857142855
spkr42_68,0.75,0.6153846153846154,0.7692307692307693,0.3076923076923077,0.3076923076923077,0.3076923076923077,0.3076923076923077,0.3076923076923077,0.6666666666666666,0.3076923076923077,0.3076923076923077,0.3076923076923077,0.3076923076923077,0.23076923076923078,0.3076923076923077,0.3076923076923077,0.3076923076923077,1.0,0.3076923076923077,0.3076923076923077,0.38461538461538464,0.23076923076923078,0.5384615384615384,0.38461538461538464,0.46153846153846156,0.23076923076923078,0.23076923076923078,0.3076923076923077
spkr42_69,0.9444444444444444,0.5555555555555556,0.5555555555555556,0.05555555555555555,0.0,0.0,0.05555555555555555,0.4444444444444444,0.3888888888888889,0.1111111111111111,0.0,0.16666666666666666,0.0,0.3333333333333333,0.0,0.0,0.05555555555555555,0.8888888888888888,0.05555555555555555,0.05555555555555555,0.2222222222222222,0.2222222222222222,0.16666666666666666,0.4444444444444444,0.4444444444444444,0.3333333333333333,0.2222222222222222,0.4444444444444444
spkr42_7,0.8,0.6875,0.75,0.1875,0.1875,0.1875,0.1875,0.125,0.5333333333333333,0.1875,0.125,0.1875,0.1875,0.125,0.25,0.25,0.1875,0.875,0.625,0.875,0.625,0.375,0.25,0.375,0.375,0.1875,0.375,0.375
spkr42_70,0.75,0.125,0.75,0.25,0.0,0.0,0.0625,0.0,0.4375,0.4375,0.1875,0.25,0.0,0.125,0.0,0.0,0.0,0.875,0.375,0.25,0.375,0.5,0.375,0.4375,0.75,0.0,0.3125,0.5
spkr42_71,0.9444444444444444,0.21052631578947367,0.5263157894736842,0.3157894736842105,0.0,0.0,0.10526315789473684,0.10526315789473684,0.6111111111111112,0.2631578947368421,0.15789473684210525,0.3157894736842105,0.10526315789473684,0.15789473684210525,0.10526315789473684,0.0,0.10526315789473684,1.0,0.5263157894736842,0.3157894736842105,0.21052631578947367,0.2631578947368421,0.21052631578947367,0.10526315789473684,0.10526315789473684,0.21052631578947367,0.0,0.10526315789473684
spkr42_72,0.7894736842105263,0.7222222222222222,0.6666666666666666,0.0,0.2222222222222222,0.0,0.0,0.0,0.2631578947368421,0.2222222222222222,0.2222222222222222,0.0,0.0,0.2222222222222222,0.0,0.0,0.0,1.0,0.3333333333333333,0.0,0.3333333333333333,0.2222222222222222,0.3333333333333333,0.2222222222222222,0.2777777777777778,0.2222222222222222,0.5,0.3333333333333333
spkr42_73,0.7272727272727273,0.2727272727272727,0.6363636363636364,0.09090909090909091,0.09090909090909091,0.36363636363636365,0.09090909090909091,0.09090909090909091,0.45454545454545453,0.09090909090909091,0.36363636363636365,0.2727272727272727,0.09090909090909091,0.36363636363636365,0.09090909090909091,0.0,0.09090909090909091,1.0,0.09090909090909091,0.09090909090909091,0.36363636363636365,0.09090909090909091,0.36363636363636365,0.36363636363636365,0.18181818181818182,0.36363636363636365,0.09090909090909091,0.18181818181818182
spkr42_74,0.5714285714285714,0.5714285714285714,0.8571428571428571,0.0,0.0,0.0,0.0,0.0,0.21428571428571427,0.0,0.0,0.0,0.0,0.0,0.0,0.0,0.0,0.9285714285714286,0.0,0.0,0.2857142857142857,0.0,0.0,0.0,0.0,0.0,0.07142857142857142,0.0
spkr42_8,0.8125,0.75,0.8125,0.375,0.0,0.4375,0.5,0.0,0.9375,0.5625,0.6875,0.5,0.125,0.1875,0.25,0.0,0.0,0.875,0.3125,0.4375,0.9375,0.6875,0.6875,0.25,0.8125,0.75,0.75,0.25
spkr42_9,0.7142857142857143,0.6428571428571429,0.5,0.07142857142857142,0.21428571428571427,0.0,0.07142857142857142,0.07142857142857142,0.35714285714285715,0.2857142857142857,0.21428571428571427,0.21428571428571427,0.07142857142857142,0.14285714285714285,0.21428571428571427,0.07142857142857142,0.07142857142857142,1.0,0.0,0.2857142857142857,0.07142857142857142,0.07142857142857142,0.2857142857142857,0.07142857142857142,0.21428571428571427,0.07142857142857142,0.5,0.0
spkr45_1,0.7,0.0,0.5,0.0,0.0,0.0,0.0,0.0,0.1,0.0,0.1,0.0,0.0,0.0,0.0,0.0,0.0,0.5,0.0,0.0,0.7,0.0,0.2,0.0,0.2,0.0,0.0,0.0
spkr45_10,0.5294117647058824,0.0,0.47058823529411764,0.0,0.0,0.0,0.0,0.0,0.0,0.0,0.058823529411764705,0.0,0.0,0.058823529411764705,0.0,0.0,0.0,0.5294117647058824,0.0,0.0,0.0,0.0,0.0,0.0,0.0,0.0,0.0,0.0
spkr45_11,0.8571428571428571,0.5,0.42857142857142855,0.14285714285714285,0.0,0.14285714285714285,0.0,0.0,0.07142857142857142,0.07142857142857142,0.14285714285714285,0.0,0.0,0.0,0.0,0.0,0.14285714285714285,0.42857142857142855,0.14285714285714285,0.14285714285714285,0.14285714285714285,0.14285714285714285,0.07142857142857142,0.07142857142857142,0.14285714285714285,0.21428571428571427,0.21428571428571427,0.07142857142857142
spkr45_12,0.8823529411764706,0.17647058823529413,0.47058823529411764,0.058823529411764705,0.0,0.0,0.0,0.058823529411764705,0.058823529411764705,0.0,0.0,0.0,0.0,0.0,0.0,0.0,0.058823529411764705,0.6470588235294118,0.058823529411764705,0.058823529411764705,0.0,0.0,0.4117647058823529,0.0,0.17647058823529413,0.0,0.11764705882352941,0.0
spkr45_13,0.5625,0.058823529411764705,0.5294117647058824,0.11764705882352941,0.0,0.0,0.0,0.0,0.125,0.0,0.0,0.0,0.0,0.0,0.0,0.0,0.0,0.23529411764705882,0.11764705882352941,0.058823529411764705,0.058823529411764705,0.0,0.17647058823529413,0.0,0.0,0.0,0.0,0.11764705882352941
spkr45_14,0.5294117647058824,0.29411764705882354,0.47058823529411764,0.11764705882352941,0.17647058823529413,0.23529411764705882,0.23529411764705882,0.35294117647058826,0.058823529411764705,0.23529411764705882,0.23529411764705882,0.11764705882352941,0.17647058823529413,0.11764705882352941,0.23529411764705882,0.0,0.0,0.35294117647058826,0.23529411764705882,0.4117647058823529,0.11764705882352941,0.23529411764705882,0.23529411764705882,0.058823529411764705,0.058823529411764705,0.23529411764705882,0.058823529411764705,0.11764705882352941
spkr45_15,0.5882352941176471,0.23529411764705882,1.0,0.0,0.0,0.0,0.0,0.0,0.17647058823529413,0.0,0.17647058823529413,0.0,0.0,0.11764705882352941,0.0,0.0,0.0,0.7647058823529411,0.11764705882352941,0.0,0.23529411764705882,0.0,0.0,0.058823529411764705,0.23529411764705882,0.0,0.17647058823529413,0.0
spkr45_18,0.5384615384615384,0.11538461538461539,0.4230769230769231,0.0,0.0,0.0,0.0,0.0,0.11538461538461539,0.0,0.0,0.0,0.0,0.0,0.0,0.0,0.0,0.0,0.0,0.0,0.0,0.0,0.0,0.0,0.038461538461538464,0.0,0.0,0.0
spkr45_19,0.22580645161290322,0.03225806451612903,0.2903225806451613,0.0,0.0,0.0,0.0,0.0,0.0,0.0,0.0,0.0,0.0,0.0,0.0,0.0,0.0,0.12903225806451613,0.0,0.0,0.0,0.0,0.0,0.0,0.0,0.0,0.03225806451612903,0.0
spkr45_2,0.7272727272727273,0.36363636363636365,0.36363636363636365,0.0,0.0,0.0,0.0,0.0,0.18181818181818182,0.0,0.0,0.0,0.0,0.0,0.0,0.0,0.0,0.9090909090909091,0.0,0.0,0.0,0.0,0.0,0.0,0.0,0.0,0.09090909090909091,0.0
spkr45_20,0.7083333333333334,0.23076923076923078,0.5769230769230769,0.0,0.0,0.0,0.0,0.0,0.25,0.0,0.0,0.0,0.0,0.0,0.0,0.0,0.0,0.11538461538461539,0.07692307692307693,0.0,0.0,0.0,0.11538461538461539,0.0,0.19230769230769232,0.11538461538461539,0.23076923076923078,0.15384615384615385
spkr45_21,0.48,0.1111111111111111,0.4074074074074074,0.0,0.0,0.0,0.0,0.0,0.16,0.037037037037037035,0.037037037037037035,0.0,0.0,0.0,0.0,0.037037037037037035,0.0,0.18518518518518517,0.0,0.0,0.0,0.037037037037037035,0.037037037037037035,0.037037037037037035,0.0,0.07407407407407407,0.1111111111111111,0.0
spkr45_22,0.5555555555555556,0.05555555555555555,0.4444444444444444,0.0,0.0,0.0,0.0,0.0,0.05555555555555555,0.0,0.0,0.0,0.0,0.0,0.0,0.0,0.0,0.3333333333333333,0.0,0.0,0.0,0.0,0.0,0.0,0.0,0.0,0.0,0.0
spkr45_23,0.45,0.05,0.4,0.0,0.0,0.0,0.0,0.0,0.05,0.0,0.0,0.0,0.0,0.0,0.0,0.0,0.0,0.25,0.0,0.2,0.0,0.0,0.0,0.0,0.0,0.0,0.0,0.0
spkr45_24,0.7647058823529411,0.10526315789473684,0.5789473684210527,0.0,0.0,0.0,0.10526315789473684,0.10526315789473684,0.35294117647058826,0.05263157894736842,0.0,0.10526315789473684,0.10526315789473684,0.05263157894736842,0.0,0.0,0.10526315789473684,0.9473684210526315,0.10526315789473684,0.10526315789473684,0.0,0.05263157894736842,0.21052631578947367,0.05263157894736842,0.3157894736842105,0.05263157894736842,0.10526315789473684,0.10526315789473684
spkr45_26,0.5,0.05263157894736842,0.3684210526315789,0.05263157894736842,0.05263157894736842,0.05263157894736842,0.05263157894736842,0.05263157894736842,0.2222222222222222,0.05263157894736842,0.05263157894736842,0.05263157894736842,0.05263157894736842,0.05263157894736842,0.05263157894736842,0.05263157894736842,0.05263157894736842,0.47368421052631576,0.21052631578947367,0.21052631578947367,0.05263157894736842,0.21052631578947367,0.05263157894736842,0.05263157894736842,0.3157894736842105,0.05263157894736842,0.21052631578947367,0.05263157894736842
spkr45_28,1.0,0.0,0.47058823529411764,0.0,0.0,0.0,0.0,0.0,0.0,0.0,0.0,0.0,0.0,0.0,0.0,0.0,0.0,0.7058823529411765,0.29411764705882354,0.0,0.47058823529411764,0.0,0.0,0.0,0.23529411764705882,0.11764705882352941,0.058823529411764705,0.0
spkr45_29,0.7333333333333333,0.3333333333333333,1.0,0.3333333333333333,0.0,0.0,0.2,0.2,0.13333333333333333,0.13333333333333333,0.13333333333333333,0.0,0.0,0.0,0.0,0.0,0.13333333333333333,0.4666666666666667,0.3333333333333333,0.4,0.3333333333333333,0.13333333333333333,0.3333333333333333,0.2,0.2,0.13333333333333333,0.06666666666666667,0.13333333333333333
spkr45_30,0.4,0.0,0.6666666666666666,0.0,0.0,0.0,0.0,0.0,0.06666666666666667,0.0,0.0,0.0,0.0,0.0,0.0,0.13333333333333333,0.0,0.5333333333333333,0.0,0.0,0.0,0.0,0.06666666666666667,0.0,0.0,0.0,0.06666666666666667,0.0
spkr45_31,0.5263157894736842,0.3684210526315789,0.5789473684210527,0.0,0.0,0.0,0.0,0.0,0.10526315789473684,0.0,0.05263157894736842,0.0,0.0,0.05263157894736842,0.0,0.0,0.0,0.21052631578947367,0.0,0.0,0.0,0.0,0.10526315789473684,0.0,0.10526315789473684,0.05263157894736842,0.0,0.0
spkr45_33,0.8571428571428571,0.09090909090909091,0.45454545454545453,0.0,0.0,0.0,0.0,0.09090909090909091,0.09523809523809523,0.0,0.09090909090909091,0.0,0.0,0.0,0.0,0.0,0.0,0.18181818181818182,0.09090909090909091,0.0,0.0,0.0,0.0,0.0,0.0,0.0,0.045454545454545456,0.09090909090909091
spkr45_34,0.6363636363636364,0.18181818181818182,0.3181818181818182,0.0,0.0,0.09090909090909091,0.045454545454545456,0.18181818181818182,0.22727272727272727,0.18181818181818182,0.13636363636363635,0.09090909090909091,0.045454545454545456,0.09090909090909091,0.0,0.13636363636363635,0.045454545454545456,0.45454545454545453,0.045454545454545456,0.045454545454545456,0.4090909090909091,0.22727272727272727,0.3181818181818182,0.09090909090909091,0.18181818181818182,0.22727272727272727,0.22727272727272727,0.22727272727272727
spkr45_35,0.7857142857142857,0.07142857142857142,0.5714285714285714,0.2857142857142857,0.0,0.0,0.0,0.0,0.5,0.0,0.0,0.5,0.0,0.0,0.07142857142857142,0.0,0.0,0.6428571428571429,0.0,0.2857142857142857,0.0,0.0,0.35714285714285715,0.0,0.0,0.14285714285714285,0.14285714285714285,0.21428571428571427
spkr45_36,0.6666666666666666,0.0,0.45,0.0,0.0,0.0,0.0,0.0,0.2222222222222222,0.0,0.0,0.0,0.0,0.0,0.0,0.0,0.0,0.2,0.0,0.0,0.0,0.0,0.0,0.0,0.0,0.0,0.0,0.0
spkr45_37,0.7857142857142857,0.13333333333333333,0.4,0.0,0.0,0.0,0.0,0.0,0.07142857142857142,0.0,0.0,0.0,0.0,0.0,0.0,0.0,0.0,0.3333333333333333,0.0,0.26666666666666666,0.0,0.0,0.0,0.0,0.0,0.0,0.0,0.0
spkr45_38,0.6875,0.2,0.6,0.13333333333333333,0.0,0.0,0.0,0.0,0.0625,0.0,0.0,0.0,0.0,0.0,0.0,0.0,0.0,1.0,0.26666666666666666,0.5333333333333333,0.13333333333333333,0.0,0.0,0.26666666666666666,0.0,0.0,0.06666666666666667,0.0
spkr45_4,0.7857142857142857,0.0,0.15384615384615385,0.0,0.0,0.0,0.0,0.0,0.0,0.0,0.0,0.0,0.0,0.0,0.0,0.0,0.0,0.0,0.0,0.0,0.0,0.0,0.0,0.0,0.0,0.0,0.0,0.0
spkr45_40,0.7857142857142857,0.0,0.4666666666666667,0.0,0.0,0.0,0.0,0.0,0.07142857142857142,0.0,0.0,0.0,0.0,0.0,0.0,0.0,0.0,0.8,0.0,0.0,0.0,0.0,0.0,0.0,0.0,0.0,0.13333333333333333,0.0
spkr45_42,0.7272727272727273,0.0,0.36363636363636365,0.36363636363636365,0.0,0.0,0.0,0.09090909090909091,0.09090909090909091,0.0,0.0,0.0,0.0,0.0,0.0,0.0,0.0,0.8181818181818182,0.36363636363636365,0.36363636363636365,0.7272727272727273,0.0,0.7272727272727273,0.0,0.36363636363636365,0.0,0.09090909090909091,0.09090909090909091
spkr45_43,0.6923076923076923,0.07692307692307693,0.46153846153846156,0.0,0.0,0.0,0.0,0.15384615384615385,0.3076923076923077,0.0,0.0,0.0,0.15384615384615385,0.15384615384615385,0.0,0.3076923076923077,0.0,0.6923076923076923,0.0,0.0,0.46153846153846156,0.07692307692307693,0.07692307692307693,0.0,0.15384615384615385,0.0,0.0,0.0
spkr45_44,0.9375,0.25,0.3125,0.0625,0.0625,0.0625,0.0625,0.0625,0.375,0.0625,0.125,0.0625,0.0625,0.1875,0.0625,0.0625,0.0625,0.5,0.125,0.1875,0.0625,0.25,0.125,0.125,0.125,0.0625,0.3125,0.1875
spkr45_45,0.7,0.7272727272727273,0.7272727272727273,0.0,0.0,0.0,0.0,0.0,0.3,0.0,0.0,0.0,0.0,0.0,0.0,0.0,0.0,0.7272727272727273,0.09090909090909091,0.7272727272727273,0.0,0.0,0.09090909090909091,0.09090909090909091,0.0,0.0,0.7272727272727273,0.09090909090909091
spkr45_46,0.6666666666666666,0.2,0.5333333333333333,0.0,0.0,0.0,0.0,0.0,0.13333333333333333,0.0,0.0,0.0,0.0,0.06666666666666667,0.0,0.0,0.0,0.13333333333333333,0.0,0.0,0.0,0.0,0.0,0.0,0.0,0.0,0.06666666666666667,0.0
spkr45_5,0.8,0.4666666666666667,0.4666666666666667,0.0,0.13333333333333333,0.0,0.0,0.0,0.06666666666666667,0.13333333333333333,0.0,0.0,0.0,0.0,0.0,0.0,0.0,0.0,0.0,0.0,0.13333333333333333,0.0,0.0,0.0,0.13333333333333333,0.0,0.13333333333333333,0.0
spkr45_50,0.8,0.3870967741935484,0.4838709677419355,0.0967741935483871,0.0,0.0,0.0,0.0,0.5,0.06451612903225806,0.0,0.0,0.0,0.16129032258064516,0.0,0.0,0.0,0.7419354838709677,0.0,0.0967741935483871,0.3548387096774194,0.06451612903225806,0.22580645161290322,0.0,0.25806451612903225,0.12903225806451613,0.0967741935483871,0.03225806451612903
spkr45_51,0.5714285714285714,0.0,0.21428571428571427,0.07142857142857142,0.0,0.0,0.07142857142857142,0.07142857142857142,0.35714285714285715,0.0,0.35714285714285715,0.07142857142857142,0.0,0.07142857142857142,0.0,0.0,0.07142857142857142,1.0,0.14285714285714285,0.07142857142857142,0.07142857142857142,0.14285714285714285,0.07142857142857142,0.07142857142857142,0.2857142857142857,0.14285714285714285,0.14285714285714285,0.14285714285714285
spkr45_52,0.7272727272727273,0.45454545454545453,0.6363636363636364,0.0,0.0,0.0,0.0,0.0,0.09090909090909091,0.09090909090909091,0.0,0.0,0.0,0.0,0.0,0.0,0.0,0.9090909090909091,0.0,0.0,0.0,0.09090909090909091,0.2727272727272727,0.0,0.0,0.0,0.2727272727272727,0.18181818181818182
spkr45_53,0.4,0.13333333333333333,0.5333333333333333,0.06666666666666667,0.06666666666666667,0.06666666666666667,0.06666666666666667,0.06666666666666667,0.06666666666666667,0.06666666666666667,0.06666666666666667,0.06666666666666667,0.06666666666666667,0.06666666666666667,0.0,0.06666666666666667,0.06666666666666667,0.4,0.06666666666666667,0.06666666666666667,0.06666666666666667,0.06666666666666667,0.06666666666666667,0.06666666666666667,0.0,0.06666666666666667,0.06666666666666667,0.0
spkr45_54,1.0,0.42857142857142855,0.7142857142857143,0.0,0.14285714285714285,0.14285714285714285,0.14285714285714285,0.14285714285714285,0.5,0.14285714285714285,0.14285714285714285,0.0,0.14285714285714285,0.14285714285714285,0.0,1.0,0.14285714285714285,0.8571428571428571,0.0,0.0,0.0,0.0,0.2857142857142857,0.42857142857142855,0.0,0.0,0.2857142857142857,0.2857142857142857
spkr45_55,0.7333333333333333,0.11764705882352941,0.29411764705882354,0.0,0.0,0.0,0.17647058823529413,0.0,0.13333333333333333,0.0,0.0,0.0,0.0,0.058823529411764705,0.0,0.0,0.0,0.23529411764705882,0.17647058823529413,0.0,0.058823529411764705,0.0,0.0,0.0,0.0,0.0,0.058823529411764705,0.058823529411764705
spkr45_56,0.7,0.4,0.6,0.4,0.2,0.2,0.3,0.3,0.4,0.3,0.3,0.4,0.2,0.3,0.4,0.3,0.3,0.7,0.6,0.4,0.5,0.6,0.6,0.4,0.7,0.3,0.3,0.4
spkr45_57,0.9333333333333333,0.4117647058823529,0.35294117647058826,0.23529411764705882,0.0,0.0,0.0,0.0,0.3333333333333333,0.058823529411764705,0.11764705882352941,0.0,0.0,0.17647058823529413,0.0,0.0,0.0,0.4117647058823529,0.23529411764705882,0.058823529411764705,0.23529411764705882,0.0,0.058823529411764705,0.0,0.11764705882352941,0.058823529411764705,0.058823529411764705,0.058823529411764705
spkr45_58,0.7619047619047619,0.13636363636363635,0.5454545454545454,0.0,0.0,0.0,0.0,0.0,0.19047619047619047,0.0,0.0,0.0,0.0,0.0,0.0,0.0,0.0,0.7727272727272727,0.0,0.0,0.0,0.0,0.0,0.0,0.0,0.0,0.09090909090909091,0.0
spkr45_59,0.6363636363636364,0.0,0.7272727272727273,0.0,0.0,0.0,0.0,0.0,0.18181818181818182,0.18181818181818182,0.18181818181818182,0.45454545454545453,0.0,0.0,0.0,0.0,0.0,1.0,0.0,0.45454545454545453,0.0,0.18181818181818182,0.36363636363636365,0.09090909090909091,0.36363636363636365,0.0,0.2727272727272727,0.18181818181818182
spkr45_6,0.9166666666666666,0.4166666666666667,0.6666666666666666,0.5,0.0,0.0,0.16666666666666666,0.3333333333333333,0.5833333333333334,0.0,0.5833333333333334,0.0,0.0,0.5833333333333334,0.0,0.0,0.0,1.0,0.5833333333333334,0.5833333333333334,0.5,0.0,0.5833333333333334,0.5,0.75,0.0,0.8333333333333334,0.4166666666666667
spkr45_60,0.875,0.47058823529411764,0.6470588235294118,0.11764705882352941,0.058823529411764705,0.058823529411764705,0.0,0.0,0.4375,0.11764705882352941,0.11764705882352941,0.11764705882352941,0.0,0.17647058823529413,0.058823529411764705,0.058823529411764705,0.0,0.9411764705882353,0.11764705882352941,0.29411764705882354,0.5294117647058824,0.058823529411764705,0.29411764705882354,0.11764705882352941,0.29411764705882354,0.058823529411764705,0.17647058823529413,0.17647058823529413
spkr45_61,0.8333333333333334,0.05555555555555555,0.3888888888888889,0.0,0.0,0.0,0.0,0.0,0.1111111111111111,0.0,0.0,0.0,0.0,0.0,0.0,0.0,0.0,0.3333333333333333,0.0,0.0,0.0,0.0,0.16666666666666666,0.0,0.0,0.05555555555555555,0.05555555555555555,0.0
spkr45_62,0.7,0.0,0.18181818181818182,0.0,0.0,0.0,0.0,0.0,0.2,0.0,0.0,0.0,0.0,0.0,0.0,0.0,0.0,0.8181818181818182,0.0,0.0,0.0,0.0,0.0,0.18181818181818182,0.0,0.0,0.0,0.18181818181818182
spkr45_63,0.9,0.3,0.6,0.3,0.0,0.0,0.0,0.0,0.0,0.3,0.0,0.0,0.0,0.0,0.0,0.0,0.3,0.5,0.3,0.0,0.3,0.3,0.3,0.0,0.3,0.3,0.1,0.0
spkr45_64,0.4117647058823529,0.0,0.6470588235294118,0.0,0.0,0.0,0.0,0.0,0.11764705882352941,0.0,0.0,0.0,0.0,0.0,0.0,0.0,0.0,0.8823529411764706,0.0,0.0,0.0,0.0,0.0,0.0,0.0,0.0,0.0,0.0
spkr45_65,0.5652173913043478,0.2608695652173913,0.43478260869565216,0.043478260869565216,0.0,0.043478260869565216,0.043478260869565216,0.043478260869565216,0.13043478260869565,0.0,0.0,0.043478260869565216,0.0,0.043478260869565216,0.043478260869565216,0.0,0.043478260869565216,0.6086956521739131,0.043478260869565216,0.0,0.17391304347826086,0.0,0.08695652173913043,0.043478260869565216,0.043478260869565216,0.043478260869565216,0.043478260869565216,0.043478260869565216
spkr45_66,0.47058823529411764,0.0,0.05555555555555555,0.0,0.0,0.0,0.0,0.0,0.058823529411764705,0.0,0.0,0.0,0.0,0.0,0.0,0.0,0.0,0.4444444444444444,0.05555555555555555,0.0,0.0,0.0,0.0,0.0,0.0,0.0,0.05555555555555555,0.0
spkr45_67,0.5,0.14285714285714285,0.5714285714285714,0.0,0.0,0.0,0.0,0.0,0.0,0.0,0.0,0.0,0.0,0.0,0.0,0.0,0.0,0.21428571428571427,0.14285714285714285,0.0,0.07142857142857142,0.0,0.14285714285714285,0.0,0.0,0.0,0.0,0.0
spkr45_68,0.5833333333333334,0.15384615384615385,0.5384615384615384,0.0,0.0,0.0,0.0,0.0,0.16666666666666666,0.0,0.0,0.38461538461538464,0.0,0.0,0.0,0.0,0.0,0.0,0.0,0.38461538461538464,0.0,0.0,0.23076923076923078,0.0,0.07692307692307693,0.07692307692307693,0.15384615384615385,0.07692307692307693
spkr45_69,0.6111111111111112,0.16666666666666666,0.6111111111111112,0.0,0.0,0.0,0.0,0.0,0.16666666666666666,0.0,0.0,0.0,0.0,0.16666666666666666,0.0,0.0,0.0,0.16666666666666666,0.0,0.05555555555555555,0.0,0.05555555555555555,0.0,0.0,0.1111111111111111,0.0,0.16666666666666666,0.0
spkr45_7,0.8,0.4375,0.625,0.0,0.0,0.0,0.0,0.125,0.26666666666666666,0.0,0.0,0.0,0.0,0.125,0.0,0.125,0.125,0.75,0.5625,0.0,0.1875,0.0,0.25,0.0625,0.0,0.0625,0.1875,0.0
spkr45_70,0.4375,0.0625,0.75,0.0,0.0,0.0625,0.0,0.0,0.25,0.0,0.125,0.1875,0.125,0.0,0.125,0.0,0.0,0.5625,0.0,0.0,0.0,0.0,0.125,0.25,0.4375,0.125,0.1875,0.0
spkr45_71,0.7777777777777778,0.10526315789473684,0.3684210526315789,0.0,0.0,0.0,0.0,0.0,0.3333333333333333,0.0,0.0,0.0,0.0,0.0,0.0,0.0,0.0,0.3684210526315789,0.0,0.0,0.0,0.0,0.0,0.0,0.05263157894736842,0.0,0.05263157894736842,0.0
spkr45_72,0.8421052631578947,0.5,0.5,0.0,0.0,0.0,0.0,0.0,0.10526315789473684,0.1111111111111111,0.0,0.0,0.0,0.2777777777777778,0.0,0.0,0.0,0.7222222222222222,0.1111111111111111,0.2222222222222222,0.1111111111111111,0.2222222222222222,0.5,0.1111111111111111,0.5555555555555556,0.1111111111111111,0.2222222222222222,0.05555555555555555
spkr45_73,0.5454545454545454,0.18181818181818182,0.2727272727272727,0.0,0.0,0.0,0.0,0.0,0.09090909090909091,0.36363636363636365,0.0,0.0,0.0,0.0,0.0,0.0,0.0,0.0,0.0,0.0,0.0,0.36363636363636365,0.0,0.09090909090909091,0.36363636363636365,0.09090909090909091,0.09090909090909091,0.0
spkr45_74,0.6428571428571429,0.6428571428571429,0.5714285714285714,0.0,0.0,0.0,0.0,0.0,0.14285714285714285,0.0,0.0,0.0,0.0,0.0,0.07142857142857142,0.0,0.0,0.8571428571428571,0.0,0.0,0.42857142857142855,0.0,0.21428571428571427,0.0,0.14285714285714285,0.0,0.2857142857142857,0.14285714285714285
spkr45_75,0.5294117647058824,0.4117647058823529,0.6470588235294118,0.0,0.0,0.0,0.0,0.29411764705882354,0.47058823529411764,0.058823529411764705,0.0,0.0,0.0,0.0,0.0,0.0,0.0,0.7058823529411765,0.0,0.11764705882352941,0.17647058823529413,0.11764705882352941,0.5294117647058824,0.23529411764705882,0.17647058823529413,0.17647058823529413,0.35294117647058826,0.17647058823529413
spkr45_8,0.8125,0.1875,0.375,0.0,0.0,0.0,0.0,0.0,0.25,0.0,0.0,0.0,0.0,0.0625,0.0,0.0,0.0,0.75,0.0,0.0,0.125,0.0,0.0625,0.0,0.1875,0.0,0.0,0.0
spkr45_9,0.42857142857142855,0.14285714285714285,0.5714285714285714,0.14285714285714285,0.07142857142857142,0.14285714285714285,0.07142857142857142,0.21428571428571427,0.14285714285714285,0.0,0.14285714285714285,0.14285714285714285,0.14285714285714285,0.14285714285714285,0.07142857142857142,0.14285714285714285,0.07142857142857142,0.2857142857142857,0.14285714285714285,0.14285714285714285,0.14285714285714285,0.0,0.14285714285714285,0.0,0.07142857142857142,0.14285714285714285,0.14285714285714285,0.0
spkr46_1,1.0,0.7,0.9,0.3,0.0,0.3,0.3,0.3,0.7,0.3,0.3,0.0,0.0,0.3,0.0,0.0,0.3,1.0,0.0,0.0,0.4,0.3,0.7,0.5,0.2,0.3,0.3,0.0
spkr46_10,0.29411764705882354,0.29411764705882354,0.7647058823529411,0.058823529411764705,0.058823529411764705,0.11764705882352941,0.058823529411764705,0.058823529411764705,0.17647058823529413,0.058823529411764705,0.058823529411764705,0.058823529411764705,0.0,0.11764705882352941,0.0,0.11764705882352941,0.11764705882352941,0.4117647058823529,0.11764705882352941,0.058823529411764705,0.11764705882352941,0.0,0.11764705882352941,0.058823529411764705,0.058823529411764705,0.11764705882352941,0.058823529411764705,0.058823529411764705
spkr46_11,0.7857142857142857,0.7142857142857143,0.7142857142857143,0.2857142857142857,0.14285714285714285,0.0,0.21428571428571427,0.35714285714285715,0.7857142857142857,0.6428571428571429,0.6428571428571429,0.35714285714285715,0.35714285714285715,0.35714285714285715,0.35714285714285715,0.0,0.2857142857142857,0.8571428571428571,0.7857142857142857,0.42857142857142855,0.5714285714285714,0.6428571428571429,0.8571428571428571,0.21428571428571427,0.8571428571428571,0.5714285714285714,0.5,0.21428571428571427
spkr46_12,0.5294117647058824,0.4117647058823529,0.5882352941176471,0.058823529411764705,0.0,0.0,0.23529411764705882,0.0,0.058823529411764705,0.0,0.0,0.0,0.0,0.0,0.0,0.0,0.058823529411764705,0.5294117647058824,0.11764705882352941,0.058823529411764705,0.17647058823529413,0.0,0.11764705882352941,0.0,0.17647058823529413,0.0,0.11764705882352941,0.0
spkr46_13,0.9375,0.9411764705882353,0.6470588235294118,0.29411764705882354,0.0,0.0,0.11764705882352941,0.35294117647058826,0.8125,0.6470588235294118,0.29411764705882354,0.4117647058823529,0.0,0.29411764705882354,0.0,0.11764705882352941,0.47058823529411764,0.9411764705882353,0.47058823529411764,0.47058823529411764,0.8823529411764706,0.8823529411764706,0.7058823529411765,0.23529411764705882,0.7647058823529411,0.8235294117647058,0.5882352941176471,0.23529411764705882
spkr46_14,0.7647058823529411,0.6470588235294118,0.6470588235294118,0.6470588235294118,0.058823529411764705,0.0,0.058823529411764705,0.058823529411764705,0.6470588235294118,0.35294117647058826,0.11764705882352941,0.0,0.0,0.058823529411764705,0.058823529411764705,0.23529411764705882,0.11764705882352941,1.0,0.6470588235294118,0.17647058823529413,0.11764705882352941,0.47058823529411764,0.7058823529411765,0.17647058823529413,0.8823529411764706,0.4117647058823529,0.35294117647058826,0.058823529411764705
spkr46_15,0.7058823529411765,0.5294117647058824,0.5882352941176471,0.11764705882352941,0.0,0.0,0.0,0.0,0.7647058823529411,0.23529411764705882,0.0,0.35294117647058826,0.0,0.4117647058823529,0.0,0.0,0.0,1.0,0.29411764705882354,0.0,0.5294117647058824,0.0,0.11764705882352941,0.23529411764705882,0.29411764705882354,0.0,0.058823529411764705,0.23529411764705882
spkr46_18,0.7692307692307693,0.5,0.5,0.0,0.0,0.11538461538461539,0.0,0.0,0.34615384615384615,0.23076923076923078,0.15384615384615385,0.15384615384615385,0.11538461538461539,0.15384615384615385,0.07692307692307693,0.19230769230769232,0.0,0.8076923076923077,0.15384615384615385,0.15384615384615385,0.2692307692307692,0.2692307692307692,0.3076923076923077,0.2692307692307692,0.38461538461538464,0.19230769230769232,0.2692307692307692,0.15384615384615385
spkr46_19,0.6129032258064516,0.3548387096774194,0.5161290322580645,0.1935483870967742,0.0,0.0967741935483871,0.12903225806451613,0.12903225806451613,0.12903225806451613,0.06451612903225806,0.06451612903225806,0.16129032258064516,0.06451612903225806,0.0967741935483871,0.0,0.12903225806451613,0.0967741935483871,0.7419354838709677,0.12903225806451613,0.16129032258064516,0.0967741935483871,0.06451612903225806,0.16129032258064516,0.0967741935483871,0.22580645161290322,0.06451612903225806,0.0967741935483871,0.06451612903225806
spkr46_2,0.9090909090909091,0.45454545454545453,0.45454545454545453,0.0,0.0,0.0,0.0,0.0,0.5454545454545454,0.0,0.0,0.0,0.0,0.0,0.0,0.0,0.0,0.8181818181818182,0.0,0.0,0.0,0.0,0.18181818181818182,0.0,0.36363636363636365,0.0,0.36363636363636365,0.0
spkr46_20,0.625,0.46153846153846156,0.6153846153846154,0.2692307692307692,0.0,0.0,0.0,0.0,0.3333333333333333,0.19230769230769232,0.0,0.0,0.0,0.0,0.0,0.0,0.0,0.8846153846153846,0.0,0.0,0.38461538461538464,0.0,0.2692307692307692,0.0,0.19230769230769232,0.0,0.23076923076923078,0.038461538461538464
spkr46_21,0.68,0.2222222222222222,0.37037037037037035,0.0,0.0,0.0,0.0,0.0,0.52,0.07407407407407407,0.07407407407407407,0.0,0.0,0.037037037037037035,0.0,0.0,0.0,0.8518518518518519,0.25925925925925924,0.0,0.0,0.07407407407407407,0.07407407407407407,0.1111111111111111,0.1111111111111111,0.037037037037037035,0.18518518518518517,0.1111111111111111
spkr46_22,0.8333333333333334,0.2222222222222222,0.7222222222222222,0.0,0.0,0.0,0.1111111111111111,0.0,0.2777777777777778,0.0,0.0,0.0,0.0,0.0,0.0,0.0,0.0,0.9444444444444444,0.0,0.2222222222222222,0.1111111111111111,0.1111111111111111,0.1111111111111111,0.0,0.05555555555555555,0.0,0.05555555555555555,0.0
spkr46_23,0.7,0.3,0.35,0.2,0.15,0.15,0.15,0.0,0.25,0.15,0.25,0.45,0.0,0.15,0.0,0.15,0.15,0.65,0.15,0.15,0.05,0.15,0.15,0.15,0.2,0.15,0.25,0.15
spkr46_24,0.7647058823529411,0.10526315789473684,0.5789473684210527,0.0,0.0,0.0,0.0,0.0,0.35294117647058826,0.0,0.0,0.0,0.0,0.2631578947368421,0.0,0.0,0.0,0.8421052631578947,0.3684210526315789,0.0,0.0,0.0,0.3684210526315789,0.0,0.0,0.05263157894736842,0.0,0.0
spkr46_26,0.8333333333333334,0.2631578947368421,0.3684210526315789,0.15789473684210525,0.0,0.0,0.0,0.10526315789473684,0.8333333333333334,0.10526315789473684,0.15789473684210525,0.10526315789473684,0.0,0.21052631578947367,0.0,0.0,0.10526315789473684,0.8421052631578947,0.3157894736842105,0.21052631578947367,0.3684210526315789,0.0,0.3157894736842105,0.0,0.5263157894736842,0.2631578947368421,0.10526315789473684,0.0
spkr46_28,0.7333333333333333,0.6470588235294118,0.5882352941176471,0.6470588235294118,0.35294117647058826,0.47058823529411764,0.4117647058823529,0.5294117647058824,0.8,0.35294117647058826,0.35294117647058826,0.7058823529411765,0.4117647058823529,0.35294117647058826,0.35294117647058826,0.5294117647058824,0.7058823529411765,0.7647058823529411,0.35294117647058826,0.6470588235294118,0.7058823529411765,0.5294117647058824,0.5882352941176471,0.29411764705882354,0.47058823529411764,0.5294117647058824,0.5294117647058824,0.35294117647058826
spkr46_29,0.8666666666666667,0.5333333333333333,0.6666666666666666,0.6,0.0,0.4,0.26666666666666666,0.4,0.7333333333333333,0.4666666666666667,0.3333333333333333,0.4,0.2,0.3333333333333333,0.06666666666666667,0.0,0.5333333333333333,0.9333333333333333,0.7333333333333333,0.5333333333333333,0.4666666666666667,0.4666666666666667,0.6,0.2,0.4,0.3333333333333333,0.4,0.26666666666666666
spkr46_30,0.4,0.26666666666666666,0.6666666666666666,0.0,0.13333333333333333,0.06666666666666667,0.13333333333333333,0.0,0.13333333333333333,0.06666666666666667,0.06666666666666667,0.0,0.0,0.13333333333333333,0.0,0.3333333333333333,0.0,0.7333333333333333,0.0,0.0,0.13333333333333333,0.2,0.26666666666666666,0.06666666666666667,0.13333333333333333,0.06666666666666667,0.2,0.26666666666666666
spkr46_31,0.7894736842105263,0.21052631578947367,0.47368421052631576,0.0,0.0,0.0,0.0,0.0,0.15789473684210525,0.0,0.10526315789473684,0.0,0.0,0.2631578947368421,0.15789473684210525,0.0,0.0,0.7894736842105263,0.05263157894736842,0.0,0.05263157894736842,0.05263157894736842,0.05263157894736842,0.05263157894736842,0.21052631578947367,0.15789473684210525,0.05263157894736842,0.0
spkr46_33,0.7142857142857143,0.09090909090909091,0.45454545454545453,0.045454545454545456,0.0,0.0,0.0,0.09090909090909091,0.6190476190476191,0.0,0.09090909090909091,0.09090909090909091,0.0,0.13636363636363635,0.0,0.0,0.0,0.6818181818181818,0.045454545454545456,0.13636363636363635,0.18181818181818182,0.0,0.0,0.0,0.45454545454545453,0.0,0.22727272727272727,0.0
spkr46_34,0.7727272727272727,0.6363636363636364,0.5909090909090909,0.45454545454545453,0.2727272727272727,0.045454545454545456,0.5,0.5454545454545454,0.7727272727272727,0.4090909090909091,0.4090909090909091,0.2727272727272727,0.3181818181818182,0.2727272727272727,1.0,0.8636363636363636,0.5454545454545454,0.8181818181818182,0.3181818181818182,0.45454545454545453,0.6363636363636364,0.45454545454545453,0.6363636363636364,0.45454545454545453,0.5909090909090909,0.4090909090909091,0.4090909090909091,0.45454545454545453
spkr46_35,0.9285714285714286,0.35714285714285715,0.6428571428571429,0.5714285714285714,0.0,0.0,0.0,0.14285714285714285,0.5,0.42857142857142855,0.21428571428571427,0.42857142857142855,0.0,0.14285714285714285,0.0,0.0,0.14285714285714285,1.0,0.9285714285714286,0.2857142857142857,0.35714285714285715,0.5,0.2857142857142857,0.0,0.5,0.2857142857142857,0.21428571428571427,0.0
spkr46_36,0.8888888888888888,0.0,0.6,0.0,0.0,0.0,0.0,0.0,0.5,0.0,0.0,0.0,0.0,0.0,0.0,0.0,0.0,0.7,0.0,0.0,0.45,0.0,0.0,0.0,0.0,0.0,0.0,0.0
spkr46_37,0.7857142857142857,0.3333333333333333,0.6,0.06666666666666667,0.0,0.06666666666666667,0.06666666666666667,0.06666666666666667,0.2857142857142857,0.0,0.0,0.13333333333333333,0.0,0.13333333333333333,0.0,0.06666666666666667,0.06666666666666667,0.6666666666666666,0.06666666666666667,0.06666666666666667,0.06666666666666667,0.26666666666666666,0.4,0.26666666666666666,0.2,0.3333333333333333,0.4666666666666667,0.3333333333333333
spkr46_38,1.0,0.4,0.3333333333333333,0.0,0.0,0.0,0.0,0.0,0.5625,0.06666666666666667,0.13333333333333333,0.0,0.0,0.13333333333333333,0.0,0.0,0.0,0.8666666666666667,0.13333333333333333,0.5333333333333333,0.6666666666666666,0.0,0.6,0.0,0.26666666666666666,0.0,0.0,0.0
spkr46_4,0.7857142857142857,0.0,0.6153846153846154,0.0,0.0,0.0,0.0,0.0,0.0,0.0,0.0,0.0,0.0,0.0,0.0,0.07692307692307693,0.0,0.6153846153846154,0.0,0.0,0.15384615384615385,0.0,0.0,0.0,0.0,0.0,0.15384615384615385,0.0
spkr46_40,0.7142857142857143,0.3333333333333333,0.4666666666666667,0.4666666666666667,0.0,0.0,0.3333333333333333,0.5333333333333333,0.9285714285714286,0.4666666666666667,0.0,0.6666666666666666,0.0,0.13333333333333333,0.06666666666666667,0.4666666666666667,0.4,0.9333333333333333,0.6,0.4,0.8666666666666667,0.4666666666666667,0.5333333333333333,0.0,0.7333333333333333,0.5333333333333333,0.3333333333333333,0.4666666666666667
spkr46_42,0.9090909090909091,0.7272727272727273,0.9090909090909091,0.45454545454545453,0.2727272727272727,0.7272727272727273,0.45454545454545453,0.5454545454545454,0.8181818181818182,0.6363636363636364,0.2727272727272727,0.8181818181818182,0.2727272727272727,0.7272727272727273,0.36363636363636365,0.7272727272727273,0.45454545454545453,0.9090909090909091,0.8181818181818182,0.5454545454545454,0.6363636363636364,0.45454545454545453,0.8181818181818182,0.36363636363636365,0.9090909090909091,0.7272727272727273,0.6363636363636364,0.6363636363636364
spkr46_43,0.6923076923076923,0.6153846153846154,0.6923076923076923,0.0,0.0,0.0,0.23076923076923078,0.15384615384615385,0.6153846153846154,0.23076923076923078,0.3076923076923077,0.23076923076923078,0.23076923076923078,0.15384615384615385,0.0,0.6153846153846154,0.3076923076923077,0.6923076923076923,0.9230769230769231,0.6153846153846154,0.6153846153846154,0.3076923076923077,0.38461538461538464,0.23076923076923078,0.6153846153846154,0.3076923076923077,0.46153846153846156,0.23076923076923078
spkr46_44,0.5625,0.3125,0.6875,0.5625,0.125,0.0625,0.25,0.5,0.75,0.4375,0.25,0.375,0.25,0.4375,0.0625,0.0625,0.5625,0.6875,0.75,0.5625,0.5,0.5,0.5,0.375,0.5,0.5,0.5625,0.5
spkr46_45,0.9,0.09090909090909091,0.5454545454545454,0.0,0.0,0.0,0.0,0.18181818181818182,0.5,0.0,0.0,0.0,0.0,0.0,0.0,0.0,0.0,0.7272727272727273,0.0,0.0,0.0,0.0,0.0,0.09090909090909091,0.18181818181818182,0.0,0.09090909090909091,0.0
spkr46_46,1.0,0.2,0.6,0.2,0.0,0.0,0.0,0.0,0.4666666666666667,0.0,0.06666666666666667,0.2,0.0,0.26666666666666666,0.0,0.4666666666666667,0.0,1.0,0.0,0.4,0.0,0.0,0.0,0.0,0.06666666666666667,0.0,0.4,0.13333333333333333
spkr46_5,0.6,0.26666666666666666,0.3333333333333333,0.2,0.2,0.06666666666666667,0.3333333333333333,0.13333333333333333,0.5333333333333333,0.13333333333333333,0.26666666666666666,0.3333333333333333,0.06666666666666667,0.2,0.13333333333333333,0.13333333333333333,0.13333333333333333,1.0,0.26666666666666666,0.13333333333333333,0.8,0.13333333333333333,0.4,0.13333333333333333,0.4,0.13333333333333333,0.2,0.13333333333333333
spkr46_50,0.7,0.3225806451612903,0.5161290322580645,0.0,0.0,0.0,0.0,0.0,0.16666666666666666,0.1935483870967742,0.06451612903225806,0.0,0.0,0.0967741935483871,0.0,0.0,0.0,0.967741935483871,0.16129032258064516,0.0967741935483871,0.1935483870967742,0.0967741935483871,0.22580645161290322,0.0,0.1935483870967742,0.06451612903225806,0.16129032258064516,0.0967741935483871
spkr46_51,0.7142857142857143,0.35714285714285715,0.2857142857142857,0.0,0.0,0.0,0.07142857142857142,0.07142857142857142,0.5,0.14285714285714285,0.14285714285714285,0.0,0.0,0.0,0.0,0.0,0.07142857142857142,0.9285714285714286,0.0,0.0,0.21428571428571427,0.21428571428571427,0.21428571428571427,0.0,0.14285714285714285,0.14285714285714285,0.07142857142857142,0.07142857142857142
spkr46_52,0.6363636363636364,0.2727272727272727,0.5454545454545454,0.0,0.0,0.0,0.0,0.0,0.45454545454545453,0.0,0.0,0.0,0.0,0.0,0.0,1.0,0.0,1.0,0.0,0.0,0.0,0.09090909090909091,0.0,0.0,0.09090909090909091,0.0,0.09090909090909091,0.0
spkr46_53,0.6666666666666666,0.4666666666666667,0.6666666666666666,0.06666666666666667,0.06666666666666667,0.06666666666666667,0.06666666666666667,0.06666666666666667,0.5333333333333333,0.26666666666666666,0.06666666666666667,0.2,0.0,0.3333333333333333,0.0,0.06666666666666667,0.06666666666666667,0.9333333333333333,0.06666666666666667,0.06666666666666667,0.26666666666666666,0.26666666666666666,0.4,0.26666666666666666,0.4666666666666667,0.2,0.4,0.26666666666666666
spkr46_54,0.8333333333333334,0.5714285714285714,0.5714285714285714,0.14285714285714285,0.0,0.2857142857142857,0.2857142857142857,0.14285714285714285,1.0,0.0,0.2857142857142857,0.2857142857142857,0.0,0.14285714285714285,0.0,0.14285714285714285,0.14285714285714285,0.14285714285714285,0.7142857142857143,0.8571428571428571,0.14285714285714285,0.5714285714285714,0.2857142857142857,0.2857142857142857,0.5714285714285714,0.14285714285714285,0.5714285714285714,0.2857142857142857
spkr46_55,0.8,0.7647058823529411,0.5882352941176471,0.11764705882352941,0.0,0.0,0.17647058823529413,0.0,0.8666666666666667,0.35294117647058826,0.35294117647058826,0.29411764705882354,0.29411764705882354,0.4117647058823529,0.0,0.0,0.0,0.8235294117647058,0.35294117647058826,0.5882352941176471,0.4117647058823529,0.47058823529411764,0.5294117647058824,0.11764705882352941,0.35294117647058826,0.4117647058823529,0.35294117647058826,0.17647058823529413
spkr46_56,0.7,0.5,0.4,0.3,0.5,0.4,0.5,0.3,0.7,0.4,0.3,0.7,0.5,0.5,0.3,0.9,0.3,0.9,0.3,0.3,0.4,0.6,0.7,0.3,0.5,0.5,0.5,0.3
spkr46_57,1.0,0.47058823529411764,0.7058823529411765,0.4117647058823529,0.23529411764705882,0.23529411764705882,0.23529411764705882,0.23529411764705882,0.6666666666666666,0.29411764705882354,0.29411764705882354,0.23529411764705882,0.23529411764705882,0.29411764705882354,0.23529411764705882,0.23529411764705882,0.29411764705882354,0.8235294117647058,0.23529411764705882,0.23529411764705882,0.23529411764705882,0.29411764705882354,0.23529411764705882,0.29411764705882354,0.6470588235294118,0.23529411764705882,0.4117647058823529,0.29411764705882354
spkr46_58,1.0,0.13636363636363635,0.4090909090909091,0.0,0.0,0.0,0.0,0.0,0.47619047619047616,0.0,0.0,0.0,0.0,0.0,0.0,0.0,0.0,1.0,0.22727272727272727,0.0,0.0,0.0,0.09090909090909091,0.0,0.09090909090909091,0.0,0.0,0.0
spkr46_59,0.8181818181818182,0.45454545454545453,0.5454545454545454,0.45454545454545453,0.2727272727272727,0.2727272727272727,0.2727272727272727,0.45454545454545453,0.36363636363636365,0.2727272727272727,0.2727272727272727,0.2727272727272727,0.2727272727272727,0.2727272727272727,0.0,1.0,0.45454545454545453,1.0,0.45454545454545453,0.45454545454545453,0.2727272727272727,0.2727272727272727,0.5454545454545454,0.18181818181818182,0.5454545454545454,0.2727272727272727,0.2727272727272727,0.2727272727272727
spkr46_6,0.75,0.9166666666666666,0.8333333333333334,0.5833333333333334,0.0,0.25,0.6666666666666666,0.6666666666666666,0.75,0.6666666666666666,0.5,0.75,0.25,0.6666666666666666,0.5,0.9166666666666666,0.4166666666666667,1.0,0.5833333333333334,0.5833333333333334,1.0,0.5833333333333334,0.75,0.5,0.6666666666666666,0.5833333333333334,0.6666666666666666,0.5
spkr46_60,0.875,0.23529411764705882,0.5294117647058824,0.11764705882352941,0.058823529411764705,0.0,0.0,0.0,0.25,0.058823529411764705,0.058823529411764705,0.4117647058823529,0.058823529411764705,0.058823529411764705,0.0,0.058823529411764705,0.0,0.6470588235294118,0.11764705882352941,0.23529411764705882,0.11764705882352941,0.058823529411764705,0.17647058823529413,0.0,0.058823529411764705,0.058823529411764705,0.11764705882352941,0.11764705882352941
spkr46_61,0.9444444444444444,0.05555555555555555,0.6666666666666666,0.0,0.0,0.0,0.0,0.0,0.16666666666666666,0.0,0.0,0.0,0.0,0.0,0.0,0.0,0.0,0.2222222222222222,0.0,0.0,0.0,0.0,0.3333333333333333,0.0,0.0,0.0,0.0,0.0
spkr46_62,0.9,0.0,0.0,0.09090909090909091,0.0,0.0,0.0,0.0,0.5,0.0,0.0,0.09090909090909091,0.0,0.0,0.0,0.09090909090909091,0.0,0.0,0.09090909090909091,0.09090909090909091,0.0,0.18181818181818182,0.2727272727272727,0.0,0.09090909090909091,0.0,0.0,0.0
spkr46_63,1.0,0.5,0.8,0.1,0.1,0.0,0.0,0.1,0.8,0.2,0.0,0.0,0.0,0.2,0.0,0.0,0.0,0.9,0.2,0.1,0.5,0.4,0.4,0.0,0.6,0.4,0.4,0.0
spkr46_64,0.8823529411764706,0.4117647058823529,0.7647058823529411,0.0,0.0,0.0,0.058823529411764705,0.29411764705882354,0.47058823529411764,0.17647058823529413,0.35294117647058826,0.0,0.0,0.23529411764705882,0.0,0.0,0.0,1.0,0.47058823529411764,0.0,0.058823529411764705,0.11764705882352941,0.29411764705882354,0.11764705882352941,0.35294117647058826,0.11764705882352941,0.17647058823529413,0.47058823529411764
spkr46_65,0.6521739130434783,0.4782608695652174,0.782608695652174,0.13043478260869565,0.0,0.043478260869565216,0.043478260869565216,0.043478260869565216,0.5652173913043478,0.30434782608695654,0.21739130434782608,0.043478260869565216,0.043478260869565216,0.043478260869565216,0.043478260869565216,0.0,0.043478260869565216,0.9130434782608695,0.043478260869565216,0.043478260869565216,0.6521739130434783,0.17391304347826086,0.17391304347826086,0.08695652173913043,0.391304347826087,0.13043478260869565,0.17391304347826086,0.13043478260869565
spkr46_66,0.8235294117647058,0.0,0.16666666666666666,0.0,0.0,0.0,0.0,0.0,0.6470588235294118,0.0,0.0,0.0,0.0,0.0,0.0,0.0,0.0,0.7222222222222222,0.0,0.0,0.0,0.0,0.1111111111111111,0.0,0.05555555555555555,0.0,0.0,0.0
spkr46_67,0.7142857142857143,0.21428571428571427,0.6428571428571429,0.0,0.0,0.14285714285714285,0.0,0.0,0.5,0.0,0.0,0.0,0.0,0.0,0.0,0.0,0.21428571428571427,0.5714285714285714,0.0,0.0,0.42857142857142855,0.14285714285714285,0.21428571428571427,0.0,0.21428571428571427,0.0,0.21428571428571427,0.0
spkr46_68,0.8333333333333334,0.3076923076923077,0.6923076923076923,0.3076923076923077,0.3076923076923077,0.3076923076923077,0.3076923076923077,0.3076923076923077,0.25,0.3076923076923077,0.3076923076923077,0.3076923076923077,0.3076923076923077,0.3076923076923077,0.3076923076923077,0.3076923076923077,0.3076923076923077,0.7692307692307693,0.3076923076923077,0.38461538461538464,0.3076923076923077,0.3076923076923077,0.38461538461538464,0.3076923076923077,0.23076923076923078,0.3076923076923077,0.3076923076923077,0.3076923076923077
spkr46_69,0.6666666666666666,0.3888888888888889,0.5,0.0,0.0,0.0,0.0,0.0,0.4444444444444444,0.0,0.0,0.0,0.0,0.1111111111111111,0.0,0.0,0.0,0.6111111111111112,0.0,0.0,0.1111111111111111,0.0,0.16666666666666666,0.0,0.16666666666666666,0.0,0.0,0.16666666666666666
spkr46_7,0.8666666666666667,0.5,0.6875,0.0,0.25,0.1875,0.0,0.125,0.7333333333333333,0.1875,0.1875,0.25,0.25,0.125,0.125,0.25,0.0,0.875,0.0,0.0,0.4375,0.1875,0.1875,0.1875,0.3125,0.1875,0.3125,0.0625
spkr46_70,0.9375,0.375,0.6875,0.375,0.0,0.0,0.125,0.1875,0.625,0.125,0.1875,0.3125,0.1875,0.1875,0.125,0.3125,0.1875,1.0,0.1875,0.125,0.4375,0.1875,0.4375,0.1875,0.3125,0.125,0.25,0.1875
spkr46_71,0.8888888888888888,0.05263157894736842,0.3157894736842105,0.0,0.0,0.0,0.05263157894736842,0.10526315789473684,0.2222222222222222,0.0,0.0,0.10526315789473684,0.0,0.15789473684210525,0.15789473684210525,0.0,0.10526315789473684,1.0,0.05263157894736842,0.2631578947368421,0.10526315789473684,0.0,0.0,0.0,0.15789473684210525,0.0,0.0,0.0
spkr46_72,0.7894736842105263,0.6111111111111112,0.6111111111111112,0.1111111111111111,0.0,0.0,0.0,0.0,0.7368421052631579,0.3888888888888889,0.2222222222222222,0.16666666666666666,0.0,0.2222222222222222,0.0,0.0,0.0,0.7222222222222222,0.0,0.2777777777777778,0.5555555555555556,0.4444444444444444,0.7777777777777778,0.3333333333333333,0.6666666666666666,0.3333333333333333,0.5555555555555556,0.16666666666666666
spkr46_73,0.6363636363636364,0.18181818181818182,0.6363636363636364,0.0,0.0,0.0,0.0,0.0,0.7272727272727273,0.0,0.0,0.0,0.0,0.0,0.0,0.0,0.0,0.2727272727272727,0.18181818181818182,0.0,0.18181818181818182,0.18181818181818182,0.0,0.09090909090909091,0.6363636363636364,0.0,0.18181818181818182,0.0
spkr46_74,0.8571428571428571,0.42857142857142855,0.5714285714285714,0.14285714285714285,0.14285714285714285,0.14285714285714285,0.14285714285714285,0.14285714285714285,0.6428571428571429,0.14285714285714285,0.14285714285714285,0.14285714285714285,0.14285714285714285,0.2857142857142857,0.5,0.42857142857142855,0.14285714285714285,1.0,0.14285714285714285,0.14285714285714285,0.8571428571428571,0.14285714285714285,0.5,0.14285714285714285,0.2857142857142857,0.14285714285714285,0.14285714285714285,0.14285714285714285
spkr46_75,0.8823529411764706,0.47058823529411764,0.6470588235294118,0.6470588235294118,0.0,0.0,0.35294117647058826,0.5294117647058824,0.7647058823529411,0.5294117647058824,0.5294117647058824,0.0,0.0,0.5294117647058824,0.0,0.0,0.23529411764705882,1.0,0.7058823529411765,1.0,0.8235294117647058,0.5294117647058824,0.6470588235294118,0.35294117647058826,0.7058823529411765,0.7058823529411765,0.5882352941176471,0.5294117647058824
spkr46_8,0.6875,0.375,0.1875,0.0,0.0,0.0,0.0,0.0,0.625,0.25,0.0,0.0,0.0,0.0,0.0,0.6875,0.0,0.875,0.0,0.0,0.125,0.5,0.4375,0.0,0.5625,0.3125,0.1875,0.0
spkr46_9,0.5,0.6428571428571429,0.5714285714285714,0.07142857142857142,0.07142857142857142,0.07142857142857142,0.07142857142857142,0.0,0.2857142857142857,0.14285714285714285,0.21428571428571427,0.14285714285714285,0.07142857142857142,0.14285714285714285,0.14285714285714285,0.07142857142857142,0.07142857142857142,1.0,0.0,0.0,0.2857142857142857,0.14285714285714285,0.21428571428571427,0.14285714285714285,0.21428571428571427,0.14285714285714285,0.14285714285714285,0.0
spkr50_1,0.7,0.3,0.6,0.2,0.2,0.2,0.2,0.2,0.4,0.2,0.2,0.0,0.2,0.2,0.0,0.2,0.2,0.9,0.0,0.0,0.2,0.2,0.3,0.2,0.0,0.2,0.2,0.0
spkr50_10,0.5294117647058824,0.0,0.4117647058823529,0.0,0.0,0.0,0.0,0.0,0.0,0.0,0.0,0.0,0.0,0.058823529411764705,0.0,0.0,0.0,0.23529411764705882,0.0,0.0,0.058823529411764705,0.0,0.0,0.0,0.058823529411764705,0.0,0.11764705882352941,0.0
spkr50_11,0.6428571428571429,0.7857142857142857,0.6428571428571429,0.07142857142857142,0.0,0.0,0.0,0.2857142857142857,0.7142857142857143,0.07142857142857142,0.2857142857142857,0.2857142857142857,0.0,0.21428571428571427,0.0,0.0,0.2857142857142857,0.7857142857142857,0.0,0.14285714285714285,0.0,0.14285714285714285,0.2857142857142857,0.21428571428571427,0.5,0.42857142857142855,0.42857142857142855,0.42857142857142855
spkr50_12,0.7058823529411765,0.17647058823529413,0.7647058823529411,0.0,0.0,0.0,0.0,0.0,0.11764705882352941,0.0,0.0,0.0,0.0,0.058823529411764705,0.0,0.0,0.0,0.0,0.0,0.0,0.11764705882352941,0.0,0.0,0.0,0.0,0.0,0.058823529411764705,0.0
spkr50_13,0.625,0.35294117647058826,0.5882352941176471,0.0,0.0,0.0,0.0,0.0,0.0625,0.0,0.0,0.0,0.0,0.23529411764705882,0.0,0.0,0.0,0.6470588235294118,0.0,0.0,0.0,0.17647058823529413,0.058823529411764705,0.17647058823529413,0.23529411764705882,0.0,0.0,0.0
spkr50_14,0.5294117647058824,0.29411764705882354,0.5882352941176471,0.0,0.0,0.0,0.0,0.0,0.0,0.0,0.0,0.0,0.0,0.0,0.0,0.0,0.0,0.35294117647058826,0.0,0.0,0.0,0.0,0.0,0.0,0.0,0.0,0.0,0.0
spkr50_15,0.6470588235294118,0.7058823529411765,0.5294117647058824,0.29411764705882354,0.0,0.0,0.0,0.0,0.5294117647058824,0.17647058823529413,0.17647058823529413,0.17647058823529413,0.0,0.35294117647058826,0.0,0.0,0.17647058823529413,0.8823529411764706,0.7058823529411765,0.5294117647058824,0.47058823529411764,0.17647058823529413,0.23529411764705882,0.17647058823529413,0.5294117647058824,0.17647058823529413,0.17647058823529413,0.17647058823529413
spkr50_18,0.8461538461538461,0.19230769230769232,0.5769230769230769,0.11538461538461539,0.0,0.0,0.0,0.0,0.07692307692307693,0.0,0.0,0.0,0.0,0.11538461538461539,0.0,0.11538461538461539,0.0,0.11538461538461539,0.2692307692307692,0.11538461538461539,0.11538461538461539,0.0,0.0,0.11538461538461539,0.2692307692307692,0.0,0.0,0.11538461538461539
spkr50_19,0.45161290322580644,0.03225806451612903,0.4838709677419355,0.12903225806451613,0.0,0.0,0.03225806451612903,0.0,0.06451612903225806,0.0,0.0,0.0,0.0,0.0,0.0,0.0,0.0,0.16129032258064516,0.0967741935483871,0.06451612903225806,0.16129032258064516,0.0,0.03225806451612903,0.06451612903225806,0.0967741935483871,0.0967741935483871,0.0967741935483871,0.0967741935483871
spkr50_2,0.5454545454545454,0.18181818181818182,0.45454545454545453,0.18181818181818182,0.0,0.0,0.18181818181818182,0.18181818181818182,0.09090909090909091,0.09090909090909091,0.18181818181818182,0.18181818181818182,0.0,0.09090909090909091,0.18181818181818182,0.0,0.18181818181818182,0.6363636363636364,0.2727272727272727,0.18181818181818182,0.0,0.0,0.0,0.09090909090909091,0.09090909090909091,0.0,0.18181818181818182,0.0
spkr50_20,0.625,0.19230769230769232,0.5,0.0,0.0,0.0,0.0,0.23076923076923078,0.20833333333333334,0.0,0.0,0.0,0.0,0.0,0.0,0.0,0.0,0.4230769230769231,0.0,0.0,0.0,0.0,0.19230769230769232,0.0,0.11538461538461539,0.11538461538461539,0.11538461538461539,0.0
spkr50_21,0.4,0.07407407407407407,0.3333333333333333,0.037037037037037035,0.0,0.0,0.0,0.0,0.16,0.037037037037037035,0.037037037037037035,0.037037037037037035,0.0,0.07407407407407407,0.037037037037037035,0.0,0.037037037037037035,0.37037037037037035,0.14814814814814814,0.14814814814814814,0.037037037037037035,0.18518518518518517,0.037037037037037035,0.037037037037037035,0.037037037037037035,0.2222222222222222,0.07407407407407407,0.07407407407407407
spkr50_22,0.3888888888888889,0.0,0.16666666666666666,0.0,0.0,0.0,0.0,0.0,0.05555555555555555,0.0,0.0,0.0,0.0,0.0,0.0,0.0,0.0,0.0,0.0,0.0,0.0,0.0,0.0,0.0,0.0,0.0,0.0,0.0
spkr50_23,0.45,0.1,0.4,0.0,0.0,0.0,0.0,0.0,0.25,0.0,0.0,0.0,0.0,0.1,0.0,0.0,0.0,0.25,0.05,0.05,0.0,0.0,0.3,0.1,0.15,0.0,0.0,0.05
spkr50_24,0.6470588235294118,0.2631578947368421,0.42105263157894735,0.0,0.0,0.0,0.0,0.0,0.11764705882352941,0.0,0.0,0.0,0.0,0.0,0.0,0.0,0.0,0.42105263157894735,0.05263157894736842,0.0,0.15789473684210525,0.0,0.15789473684210525,0.21052631578947367,0.0,0.0,0.2631578947368421,0.10526315789473684
spkr50_26,0.6666666666666666,0.21052631578947367,0.42105263157894735,0.0,0.05263157894736842,0.05263157894736842,0.0,0.05263157894736842,0.3888888888888889,0.05263157894736842,0.0,0.3157894736842105,0.0,0.05263157894736842,0.0,0.0,0.0,0.42105263157894735,0.05263157894736842,0.05263157894736842,0.10526315789473684,0.10526315789473684,0.05263157894736842,0.15789473684210525,0.21052631578947367,0.0,0.10526315789473684,0.05263157894736842
spkr50_28,0.6,0.29411764705882354,0.4117647058823529,0.058823529411764705,0.0,0.0,0.17647058823529413,0.0,0.13333333333333333,0.17647058823529413,0.0,0.5882352941176471,0.0,0.0,0.17647058823529413,0.0,0.0,0.4117647058823529,0.17647058823529413,0.0,0.29411764705882354,0.23529411764705882,0.29411764705882354,0.058823529411764705,0.23529411764705882,0.17647058823529413,0.35294117647058826,0.23529411764705882
spkr50_29,0.3333333333333333,0.0,0.4666666666666667,0.0,0.0,0.0,0.0,0.0,0.06666666666666667,0.0,0.0,0.0,0.0,0.0,0.0,0.0,0.0,0.4666666666666667,0.0,0.0,0.0,0.0,0.0,0.0,0.0,0.0,0.0,0.0
spkr50_30,0.4666666666666667,0.26666666666666666,0.8,0.0,0.0,0.0,0.0,0.0,0.0,0.13333333333333333,0.06666666666666667,0.2,0.0,0.0,0.0,0.0,0.0,0.8,0.13333333333333333,0.06666666666666667,0.2,0.13333333333333333,0.0,0.0,0.13333333333333333,0.13333333333333333,0.2,0.0
spkr50_31,0.5263157894736842,0.05263157894736842,0.3157894736842105,0.0,0.0,0.0,0.0,0.0,0.0,0.0,0.0,0.0,0.0,0.0,0.0,0.0,0.0,0.10526315789473684,0.0,0.0,0.0,0.0,0.0,0.0,0.0,0.0,0.05263157894736842,0.0
spkr50_33,0.7142857142857143,0.13636363636363635,0.4090909090909091,0.09090909090909091,0.0,0.0,0.09090909090909091,0.09090909090909091,0.047619047619047616,0.09090909090909091,0.18181818181818182,0.09090909090909091,0.0,0.09090909090909091,0.09090909090909091,0.0,0.09090909090909091,0.22727272727272727,0.0,0.09090909090909091,0.09090909090909091,0.0,0.045454545454545456,0.0,0.09090909090909091,0.0,0.22727272727272727,0.0
spkr50_34,0.3181818181818182,0.13636363636363635,0.3181818181818182,0.0,0.0,0.045454545454545456,0.0,0.045454545454545456,0.13636363636363635,0.045454545454545456,0.0,0.045454545454545456,0.0,0.0,0.0,0.045454545454545456,0.0,0.6363636363636364,0.18181818181818182,0.0,0.045454545454545456,0.045454545454545456,0.045454545454545456,0.045454545454545456,0.18181818181818182,0.045454545454545456,0.09090909090909091,0.045454545454545456
spkr50_35,0.42857142857142855,0.42857142857142855,0.5,0.0,0.0,0.0,0.0,0.0,0.21428571428571427,0.0,0.0,0.5,0.0,0.14285714285714285,0.0,0.0,0.0,0.42857142857142855,0.0,0.0,0.21428571428571427,0.0,0.0,0.0,0.14285714285714285,0.0,0.0,0.21428571428571427
spkr50_36,0.7222222222222222,0.0,0.65,0.4,0.0,0.0,0.0,0.0,0.3333333333333333,0.0,0.1,0.3,0.0,0.4,0.35,0.0,0.0,0.75,0.25,0.6,0.0,0.1,0.05,0.3,0.3,0.0,0.1,0.25
spkr50_37,0.7142857142857143,0.3333333333333333,0.6,0.26666666666666666,0.0,0.2,0.06666666666666667,0.13333333333333333,0.2857142857142857,0.2,0.13333333333333333,0.06666666666666667,0.13333333333333333,0.2,0.0,0.2,0.06666666666666667,0.6,0.2,0.2,0.0,0.26666666666666666,0.26666666666666666,0.13333333333333333,0.2,0.2,0.3333333333333333,0.13333333333333333
spkr50_38,0.9375,0.6,0.7333333333333333,0.6,0.4666666666666667,0.4666666666666667,0.0,0.4666666666666667,0.4375,0.5333333333333333,0.26666666666666666,0.6,0.8666666666666667,0.7333333333333333,0.0,0.4666666666666667,0.6,0.7333333333333333,0.6,0.8,0.4,0.26666666666666666,0.6666666666666666,0.2,0.6,0.13333333333333333,0.3333333333333333,0.3333333333333333
spkr50_4,0.7142857142857143,0.46153846153846156,0.6923076923076923,0.0,0.0,0.0,0.0,0.0,0.0,0.0,0.0,0.38461538461538464,0.0,0.0,0.07692307692307693,0.0,0.0,0.8461538461538461,0.0,0.0,0.07692307692307693,0.38461538461538464,0.3076923076923077,0.0,0.0,0.3076923076923077,0.15384615384615385,0.15384615384615385
spkr50_40,0.2857142857142857,0.4666666666666667,0.5333333333333333,0.0,0.0,0.0,0.0,0.0,0.21428571428571427,0.2,0.0,0.0,0.0,0.0,0.0,0.0,0.0,0.5333333333333333,0.0,0.0,0.26666666666666666,0.3333333333333333,0.06666666666666667,0.0,0.3333333333333333,0.2,0.26666666666666666,0.0
spkr50_42,0.5454545454545454,0.36363636363636365,0.7272727272727273,0.36363636363636365,0.2727272727272727,0.0,0.09090909090909091,0.2727272727272727,0.09090909090909091,0.36363636363636365,0.09090909090909091,0.36363636363636365,0.0,0.09090909090909091,0.09090909090909091,0.0,0.36363636363636365,0.6363636363636364,0.18181818181818182,0.45454545454545453,0.18181818181818182,0.18181818181818182,0.18181818181818182,0.18181818181818182,0.09090909090909091,0.09090909090909091,0.36363636363636365,0.2727272727272727
spkr50_43,0.6153846153846154,0.07692307692307693,0.6923076923076923,0.0,0.0,0.0,0.0,0.0,0.0,0.0,0.0,0.0,0.0,0.0,0.0,0.3076923076923077,0.0,0.7692307692307693,0.0,0.0,0.0,0.0,0.0,0.0,0.0,0.0,0.0,0.0
spkr50_44,0.625,0.125,0.375,0.0625,0.0625,0.0625,0.125,0.125,0.25,0.125,0.0625,0.0625,0.125,0.0625,0.0625,0.0625,0.0625,0.625,0.0625,0.0625,0.0625,0.125,0.0625,0.0625,0.125,0.125,0.125,0.0625
spkr50_45,1.0,0.2727272727272727,0.6363636363636364,0.0,0.0,0.0,0.0,0.09090909090909091,0.8,0.36363636363636365,0.0,0.09090909090909091,0.09090909090909091,0.09090909090909091,0.0,0.0,0.0,0.9090909090909091,0.0,0.0,0.09090909090909091,0.0,0.18181818181818182,0.0,0.09090909090909091,0.0,0.45454545454545453,0.09090909090909091
spkr50_46,0.7333333333333333,0.13333333333333333,0.4666666666666667,0.0,0.0,0.0,0.0,0.0,0.0,0.0,0.0,0.0,0.0,0.0,0.0,0.0,0.0,0.2,0.0,0.0,0.26666666666666666,0.0,0.0,0.0,0.0,0.0,0.06666666666666667,0.0
spkr50_5,0.5333333333333333,0.26666666666666666,0.7333333333333333,0.13333333333333333,0.0,0.0,0.0,0.0,0.4,0.0,0.06666666666666667,0.0,0.0,0.0,0.0,0.06666666666666667,0.06666666666666667,0.4,0.0,0.0,0.0,0.0,0.2,0.13333333333333333,0.13333333333333333,0.0,0.2,0.0
spkr50_50,0.7,0.25806451612903225,0.6451612903225806,0.22580645161290322,0.0,0.0,0.0,0.16129032258064516,0.23333333333333334,0.06451612903225806,0.12903225806451613,0.3225806451612903,0.0,0.3548387096774194,0.0,0.0,0.0,0.1935483870967742,0.16129032258064516,0.2903225806451613,0.25806451612903225,0.3870967741935484,0.03225806451612903,0.12903225806451613,0.3548387096774194,0.25806451612903225,0.25806451612903225,0.06451612903225806
spkr50_51,0.8571428571428571,0.9285714285714286,0.8571428571428571,0.6428571428571429,0.7857142857142857,0.5714285714285714,0.6428571428571429,0.7142857142857143,0.7857142857142857,0.9285714285714286,0.7857142857142857,0.6428571428571429,0.8571428571428571,0.7857142857142857,0.7142857142857143,0.8571428571428571,0.6428571428571429,0.6428571428571429,0.7142857142857143,0.7142857142857143,0.7142857142857143,0.8571428571428571,0.8571428571428571,0.6428571428571429,0.6428571428571429,0.7857142857142857,0.8571428571428571,0.7142857142857143
spkr50_52,0.8181818181818182,0.45454545454545453,0.6363636363636364,0.0,0.0,0.0,0.0,0.0,0.09090909090909091,0.0,0.0,0.0,0.0,0.0,0.0,0.0,0.0,0.9090909090909091,0.0,0.0,0.0,0.18181818181818182,0.18181818181818182,0.0,0.09090909090909091,0.0,0.09090909090909091,0.0
spkr50_53,0.5333333333333333,0.13333333333333333,0.6666666666666666,0.26666666666666666,0.13333333333333333,0.13333333333333333,0.13333333333333333,0.26666666666666666,0.13333333333333333,0.13333333333333333,0.13333333333333333,0.5333333333333333,0.06666666666666667,0.13333333333333333,0.26666666666666666,0.13333333333333333,0.06666666666666667,0.4666666666666667,0.26666666666666666,0.26666666666666666,0.26666666666666666,0.06666666666666667,0.13333333333333333,0.06666666666666667,0.3333333333333333,0.13333333333333333,0.13333333333333333,0.26666666666666666
spkr50_54,1.0,0.42857142857142855,0.7142857142857143,0.0,0.0,0.0,0.0,0.0,0.5,0.14285714285714285,0.0,0.0,0.0,0.0,0.0,0.0,0.0,0.7142857142857143,0.0,0.0,0.0,0.0,0.2857142857142857,0.42857142857142855,0.2857142857142857,0.0,0.7142857142857143,0.14285714285714285
spkr50_55,0.6666666666666666,0.11764705882352941,0.47058823529411764,0.47058823529411764,0.0,0.0,0.47058823529411764,0.29411764705882354,0.4,0.29411764705882354,0.058823529411764705,0.4117647058823529,0.0,0.058823529411764705,0.4117647058823529,0.0,0.0,0.7058823529411765,0.4117647058823529,0.35294117647058826,0.35294117647058826,0.29411764705882354,0.4117647058823529,0.0,0.35294117647058826,0.0,0.23529411764705882,0.0
spkr50_56,0.6,0.1,0.5,0.3,0.1,0.0,0.2,0.1,0.4,0.0,0.0,0.1,0.2,0.1,0.1,0.1,0.1,0.5,0.2,0.5,0.1,0.2,0.6,0.1,0.0,0.2,0.2,0.2
spkr50_57,0.6,0.23529411764705882,0.7058823529411765,0.17647058823529413,0.0,0.0,0.0,0.17647058823529413,0.26666666666666666,0.058823529411764705,0.0,0.0,0.23529411764705882,0.0,0.0,0.0,0.0,0.23529411764705882,0.17647058823529413,0.17647058823529413,0.17647058823529413,0.0,0.23529411764705882,0.11764705882352941,0.0,0.0,0.4117647058823529,0.17647058823529413
spkr50_58,0.6666666666666666,0.13636363636363635,0.45454545454545453,0.09090909090909091,0.0,0.0,0.0,0.0,0.19047619047619047,0.0,0.0,0.0,0.0,0.09090909090909091,0.0,0.0,0.0,0.3181818181818182,0.09090909090909091,0.18181818181818182,0.09090909090909091,0.0,0.09090909090909091,0.0,0.0,0.0,0.0,0.0
spkr50_59,0.5454545454545454,0.0,0.6363636363636364,0.0,0.0,0.0,0.0,0.2727272727272727,0.0,0.0,0.2727272727272727,1.0,0.0,0.18181818181818182,0.0,0.0,0.0,0.2727272727272727,0.0,0.0,0.0,0.0,0.18181818181818182,0.2727272727272727,0.2727272727272727,0.0,0.09090909090909091,0.0
spkr50_6,0.3333333333333333,0.16666666666666666,0.8333333333333334,0.25,0.0,0.0,0.0,0.0,0.16666666666666666,0.0,0.08333333333333333,0.16666666666666666,0.0,0.08333333333333333,0.0,0.0,0.0,0.25,0.25,0.08333333333333333,0.25,0.0,0.0,0.08333333333333333,0.0,0.08333333333333333,0.3333333333333333,0.16666666666666666
spkr50_60,0.75,0.17647058823529413,0.7058823529411765,0.11764705882352941,0.058823529411764705,0.0,0.058823529411764705,0.23529411764705882,0.0625,0.11764705882352941,0.058823529411764705,0.11764705882352941,0.058823529411764705,0.058823529411764705,0.058823529411764705,0.0,0.0,0.4117647058823529,0.0,0.0,0.11764705882352941,0.0,0.058823529411764705,0.058823529411764705,0.058823529411764705,0.11764705882352941,0.23529411764705882,0.11764705882352941
spkr50_61,0.6666666666666666,0.05555555555555555,0.6111111111111112,0.0,0.0,0.0,0.0,0.0,0.2222222222222222,0.0,0.0,0.0,0.0,0.0,0.0,0.0,0.0,0.6111111111111112,0.0,0.0,0.2222222222222222,0.0,0.1111111111111111,0.0,0.0,0.0,0.0,0.0
spkr50_62,0.7,0.2727272727272727,0.45454545454545453,0.09090909090909091,0.09090909090909091,0.0,0.0,0.36363636363636365,0.5,0.2727272727272727,0.0,0.2727272727272727,0.0,0.0,0.09090909090909091,0.09090909090909091,0.36363636363636365,0.0,0.2727272727272727,0.2727272727272727,0.0,0.0,0.36363636363636365,0.36363636363636365,0.36363636363636365,0.2727272727272727,0.2727272727272727,0.18181818181818182
spkr50_63,0.7,0.1,0.4,0.0,0.0,0.0,0.0,0.0,0.1,0.0,0.0,0.0,0.0,0.0,0.0,0.0,0.0,0.8,0.0,0.0,0.3,0.0,0.2,0.0,0.1,0.0,0.1,0.0
spkr50_64,0.4117647058823529,0.29411764705882354,0.8823529411764706,0.0,0.0,0.0,0.0,0.0,0.17647058823529413,0.11764705882352941,0.23529411764705882,0.35294117647058826,0.0,0.29411764705882354,0.0,0.0,0.17647058823529413,0.35294117647058826,0.35294117647058826,0.35294117647058826,0.11764705882352941,0.0,0.35294117647058826,0.11764705882352941,0.17647058823529413,0.11764705882352941,0.5294117647058824,0.4117647058823529
spkr50_65,0.4782608695652174,0.043478260869565216,0.391304347826087,0.043478260869565216,0.043478260869565216,0.043478260869565216,0.08695652173913043,0.043478260869565216,0.21739130434782608,0.043478260869565216,0.043478260869565216,0.391304347826087,0.043478260869565216,0.21739130434782608,0.043478260869565216,0.043478260869565216,0.043478260869565216,0.17391304347826086,0.5217391304347826,0.43478260869565216,0.043478260869565216,0.043478260869565216,0.391304347826087,0.21739130434782608,0.34782608695652173,0.043478260869565216,0.2608695652173913,0.17391304347826086
spkr50_66,0.5294117647058824,0.05555555555555555,0.3333333333333333,0.0,0.0,0.0,0.0,0.0,0.058823529411764705,0.1111111111111111,0.0,0.0,0.0,0.0,0.05555555555555555,0.0,0.0,0.3888888888888889,0.0,0.0,0.05555555555555555,0.0,0.05555555555555555,0.0,0.0,0.16666666666666666,0.0,0.05555555555555555
spkr50_67,0.35714285714285715,0.0,0.42857142857142855,0.0,0.0,0.0,0.0,0.0,0.14285714285714285,0.0,0.21428571428571427,0.0,0.0,0.0,0.0,0.0,0.0,0.5714285714285714,0.35714285714285715,0.5,0.07142857142857142,0.0,0.5,0.21428571428571427,0.2857142857142857,0.21428571428571427,0.21428571428571427,0.2857142857142857
spkr50_68,0.6666666666666666,0.5384615384615384,0.6923076923076923,0.23076923076923078,0.0,0.0,0.0,0.0,0.4166666666666667,0.0,0.3076923076923077,0.0,0.0,0.3076923076923077,0.3076923076923077,0.0,0.0,0.6153846153846154,0.3076923076923077,0.38461538461538464,0.3076923076923077,0.0,0.6153846153846154,0.15384615384615385,0.0,0.38461538461538464,0.23076923076923078,0.5384615384615384
spkr50_69,0.5555555555555556,0.5,0.5555555555555556,0.2777777777777778,0.3888888888888889,0.0,0.05555555555555555,0.05555555555555555,0.05555555555555555,0.0,0.0,0.2222222222222222,0.0,0.2777777777777778,0.0,0.0,0.2777777777777778,0.4444444444444444,0.05555555555555555,0.2777777777777778,0.05555555555555555,0.2222222222222222,0.2222222222222222,0.2222222222222222,0.3333333333333333,0.05555555555555555,0.16666666666666666,0.16666666666666666
spkr50_7,0.5333333333333333,0.6875,0.6875,0.25,0.125,0.0625,0.0,0.25,0.4,0.0,0.0,0.125,0.0,0.0625,0.0,0.125,0.4375,0.625,0.3125,0.4375,0.25,0.5,0.5,0.6875,0.0,0.1875,0.5,0.4375
spkr50_70,0.4375,0.625,0.4375,0.125,0.0,0.0,0.125,0.1875,0.125,0.125,0.0,0.1875,0.0,0.0,0.125,0.0,0.1875,0.3125,0.25,0.125,0.125,0.125,0.125,0.0625,0.125,0.0,0.125,0.125
spkr50_71,1.0,0.21052631578947367,0.42105263157894735,0.0,0.0,0.0,0.0,0.0,0.3888888888888889,0.0,0.21052631578947367,0.42105263157894735,0.0,0.2631578947368421,0.2631578947368421,0.0,0.0,0.8421052631578947,0.0,0.47368421052631576,0.15789473684210525,0.0,0.3157894736842105,0.10526315789473684,0.2631578947368421,0.05263157894736842,0.21052631578947367,0.10526315789473684
spkr50_72,0.5789473684210527,0.7222222222222222,0.6111111111111112,0.5555555555555556,0.0,0.0,0.0,0.2222222222222222,0.3157894736842105,0.2222222222222222,0.16666666666666666,0.2222222222222222,0.0,0.05555555555555555,0.0,0.1111111111111111,0.2222222222222222,0.6666666666666666,0.0,0.1111111111111111,0.2222222222222222,0.3333333333333333,0.3888888888888889,0.0,0.1111111111111111,0.2777777777777778,0.5,0.16666666666666666
spkr50_73,0.9090909090909091,0.6363636363636364,0.45454545454545453,0.0,0.0,0.0,0.0,0.0,0.45454545454545453,0.5454545454545454,0.0,0.6363636363636364,0.0,0.0,0.0,0.45454545454545453,0.0,0.6363636363636364,0.18181818181818182,0.18181818181818182,0.45454545454545453,0.45454545454545453,0.0,0.0,0.5454545454545454,0.09090909090909091,0.5454545454545454,0.09090909090909091
spkr50_74,0.5714285714285714,0.2857142857142857,0.5714285714285714,0.35714285714285715,0.0,0.21428571428571427,0.35714285714285715,0.35714285714285715,0.2857142857142857,0.14285714285714285,0.14285714285714285,0.35714285714285715,0.0,0.0,0.42857142857142855,0.0,0.7142857142857143,0.35714285714285715,0.14285714285714285,0.2857142857142857,0.2857142857142857,0.2857142857142857,0.35714285714285715,0.2857142857142857,0.14285714285714285,0.14285714285714285,0.2857142857142857,0.14285714285714285
spkr50_75,0.8823529411764706,0.8823529411764706,0.7647058823529411,0.058823529411764705,0.0,0.0,0.058823529411764705,0.4117647058823529,0.5882352941176471,0.5882352941176471,0.058823529411764705,0.058823529411764705,0.0,0.47058823529411764,0.058823529411764705,0.058823529411764705,0.058823529411764705,0.7647058823529411,0.47058823529411764,0.4117647058823529,0.058823529411764705,0.5882352941176471,0.6470588235294118,0.35294117647058826,0.8235294117647058,0.35294117647058826,0.7647058823529411,0.5294117647058824
spkr50_8,0.5625,0.5625,0.75,0.1875,0.0,0.0,0.1875,0.1875,0.5,0.5625,0.3125,0.0,0.0,0.25,0.0,0.0,0.0,0.6875,0.4375,0.625,0.5,0.8125,0.625,0.0,0.4375,0.5625,0.375,0.0
spkr50_9,0.42857142857142855,0.0,0.2857142857142857,0.0,0.07142857142857142,0.0,0.0,0.07142857142857142,0.0,0.0,0.07142857142857142,0.0,0.07142857142857142,0.07142857142857142,0.07142857142857142,0.0,0.07142857142857142,0.7857142857142857,0.0,0.0,0.0,0.0,0.0,0.0,0.0,0.0,0.0,0.0
spkr52_1,1.0,0.3,0.6,0.0,0.0,0.0,0.0,0.0,0.1,0.0,0.2,0.0,0.0,0.0,0.0,0.0,0.0,1.0,0.0,0.0,0.0,0.0,0.2,0.0,0.2,0.0,0.0,0.0
spkr52_10,0.23529411764705882,0.0,0.29411764705882354,0.0,0.0,0.0,0.0,0.0,0.17647058823529413,0.0,0.11764705882352941,1.0,0.0,0.058823529411764705,0.0,0.0,0.0,0.4117647058823529,0.0,0.0,0.0,0.0,0.0,0.0,0.0,0.0,0.058823529411764705,0.0
spkr52_11,0.5,0.2857142857142857,0.42857142857142855,0.07142857142857142,0.0,0.0,0.0,0.0,0.0,0.0,0.0,1.0,0.0,0.0,0.0,0.07142857142857142,0.0,1.0,0.0,0.07142857142857142,0.0,0.0,0.07142857142857142,0.0,0.07142857142857142,0.0,0.07142857142857142,0.07142857142857142
spkr52_12,0.47058823529411764,0.0,0.35294117647058826,0.0,0.0,0.0,0.0,0.0,0.0,0.0,0.0,0.0,0.0,0.0,0.0,0.0,0.0,0.0,0.0,0.0,0.0,0.0,0.0,0.0,0.0,0.0,0.0,0.0
spkr52_13,0.5,0.0,0.47058823529411764,0.0,0.0,0.0,0.0,0.0,0.0625,0.0,0.0,0.0,0.0,0.0,0.0,0.0,0.0,0.4117647058823529,0.0,0.0,0.0,0.0,0.058823529411764705,0.0,0.0,0.0,0.0,0.0
spkr52_14,0.5882352941176471,0.35294117647058826,0.47058823529411764,0.0,0.0,0.0,0.0,0.0,0.058823529411764705,0.0,0.0,0.0,0.0,0.0,0.0,0.0,0.0,0.29411764705882354,0.0,0.0,0.058823529411764705,0.0,0.0,0.0,0.058823529411764705,0.0,0.058823529411764705,0.0
spkr52_15,0.35294117647058826,0.0,0.35294117647058826,0.0,0.0,0.0,0.0,0.0,0.29411764705882354,0.0,0.0,0.0,0.0,0.0,0.0,0.0,0.0,0.35294117647058826,0.058823529411764705,0.0,0.0,0.0,0.0,0.0,0.0,0.0,0.17647058823529413,0.0
spkr52_18,0.5384615384615384,0.11538461538461539,0.5,0.0,0.0,0.0,0.0,0.0,0.19230769230769232,0.07692307692307693,0.0,0.0,0.0,0.0,0.07692307692307693,0.0,0.0,0.23076923076923078,0.0,0.15384615384615385,0.0,0.0,0.07692307692307693,0.07692307692307693,0.07692307692307693,0.0,0.07692307692307693,0.0
spkr52_19,0.16129032258064516,0.03225806451612903,0.41935483870967744,0.06451612903225806,0.0,0.0,0.06451612903225806,0.06451612903225806,0.06451612903225806,0.0,0.0,0.0,0.0,0.0,0.0,0.0,0.06451612903225806,0.0,0.0,0.06451612903225806,0.06451612903225806,0.0,0.0,0.0,0.12903225806451613,0.0,0.06451612903225806,0.0
spkr52_2,0.8181818181818182,0.2727272727272727,0.6363636363636364,0.0,0.0,0.0,0.0,0.0,0.0,0.0,0.0,0.0,0.0,0.0,0.0,0.0,0.0,0.36363636363636365,0.0,0.0,0.0,0.0,0.0,0.0,0.09090909090909091,0.0,0.09090909090909091,0.0
spkr52_20,0.7916666666666666,0.038461538461538464,0.5,0.0,0.0,0.0,0.0,0.0,0.08333333333333333,0.0,0.0,0.0,0.0,0.0,0.0,0.0,0.0,0.07692307692307693,0.0,0.0,0.0,0.0,0.0,0.0,0.0,0.0,0.0,0.0
spkr52_21,0.36,0.0,0.3333333333333333,0.0,0.0,0.0,0.0,0.0,0.08,0.0,0.0,0.0,0.0,0.0,0.0,0.0,0.0,0.5185185185185185,0.0,0.0,0.0,0.0,0.0,0.0,0.0,0.0,0.037037037037037035,0.0
spkr52_22,0.6111111111111112,0.05555555555555555,0.7222222222222222,0.0,0.0,0.0,0.0,0.0,0.0,0.0,0.0,0.0,0.0,0.0,0.0,0.0,0.0,0.1111111111111111,0.0,0.0,0.0,0.0,0.0,0.0,0.0,0.0,0.0,0.0
spkr52_23,0.5,0.2,0.4,0.0,0.0,0.0,0.0,0.0,0.05,0.0,0.0,0.0,0.0,0.0,0.0,0.0,0.0,0.35,0.0,0.0,0.0,0.0,0.0,0.0,0.05,0.15,0.05,0.05
spkr52_24,0.5294117647058824,0.05263157894736842,0.47368421052631576,0.0,0.0,0.0,0.0,0.0,0.058823529411764705,0.0,0.0,0.0,0.0,0.0,0.0,0.0,0.0,0.10526315789473684,0.0,0.0,0.0,0.0,0.0,0.0,0.0,0.0,0.0,0.0
spkr52_26,0.7222222222222222,0.3157894736842105,0.42105263157894735,0.0,0.0,0.0,0.0,0.0,0.3888888888888889,0.0,0.0,0.0,0.0,0.0,0.0,0.0,0.0,0.631578947368421,0.0,0.10526315789473684,0.10526315789473684,0.10526315789473684,0.0,0.0,0.3157894736842105,0.0,0.0,0.0
spkr52_28,0.4666666666666667,0.23529411764705882,0.47058823529411764,0.0,0.0,0.0,0.0,0.0,0.2,0.0,0.0,0.0,0.0,0.0,0.0,0.0,0.0,0.35294117647058826,0.0,0.17647058823529413,0.23529411764705882,0.11764705882352941,0.17647058823529413,0.0,0.29411764705882354,0.17647058823529413,0.23529411764705882,0.17647058823529413
spkr52_29,0.5333333333333333,0.0,0.7333333333333333,0.0,0.0,0.0,0.0,0.0,0.06666666666666667,0.0,0.0,0.0,0.0,0.0,0.0,0.0,0.0,0.7333333333333333,0.0,0.0,0.0,0.0,0.0,0.0,0.0,0.0,0.0,0.0
spkr52_30,0.4,0.2,0.4666666666666667,0.0,0.0,0.0,0.0,0.0,0.0,0.0,0.0,0.0,0.0,0.0,0.0,0.0,0.0,0.2,0.0,0.0,0.0,0.0,0.0,0.0,0.06666666666666667,0.0,0.06666666666666667,0.0
spkr52_31,0.42105263157894735,0.05263157894736842,0.3157894736842105,0.0,0.0,0.0,0.0,0.0,0.0,0.0,0.0,0.0,0.0,0.0,0.0,0.0,0.0,0.47368421052631576,0.0,0.0,0.0,0.0,0.0,0.0,0.0,0.0,0.0,0.0
spkr52_33,0.5714285714285714,0.09090909090909091,0.4090909090909091,0.0,0.0,0.0,0.0,0.0,0.19047619047619047,0.0,0.0,0.0,0.0,0.045454545454545456,0.0,0.0,0.0,0.0,0.0,0.2727272727272727,0.045454545454545456,0.0,0.045454545454545456,0.045454545454545456,0.0,0.045454545454545456,0.22727272727272727,0.0
spkr52_34,0.7272727272727273,0.3181818181818182,0.18181818181818182,0.09090909090909091,0.09090909090909091,0.09090909090909091,0.09090909090909091,0.09090909090909091,0.18181818181818182,0.09090909090909091,0.09090909090909091,0.09090909090909091,0.09090909090909091,0.09090909090909091,0.09090909090909091,0.09090909090909091,0.09090909090909091,1.0,0.18181818181818182,0.09090909090909091,0.09090909090909091,0.09090909090909091,0.09090909090909091,0.09090909090909091,0.13636363636363635,0.09090909090909091,0.13636363636363635,0.09090909090909091
spkr52_35,0.42857142857142855,0.0,0.5714285714285714,0.0,0.0,0.0,0.0,0.0,0.0,0.0,0.0,0.0,0.0,0.0,0.0,0.0,0.0,0.0,0.0,0.0,0.0,0.0,0.0,0.0,0.0,0.0,0.0,0.0
spkr52_36,0.5555555555555556,0.0,0.4,0.0,0.0,0.0,0.0,0.0,0.1111111111111111,0.0,0.0,0.0,0.0,0.0,0.0,0.0,0.0,0.0,0.0,0.0,0.0,0.0,0.0,0.0,0.0,0.0,0.0,0.0
spkr52_37,0.6428571428571429,0.13333333333333333,0.6666666666666666,0.0,0.0,0.0,0.0,0.0,0.0,0.0,0.0,1.0,0.0,0.0,0.0,0.0,0.0,0.13333333333333333,0.06666666666666667,0.0,0.0,0.0,0.0,0.0,0.13333333333333333,0.0,0.0,0.0
spkr52_38,0.875,0.26666666666666666,0.6,0.0,0.0,0.0,0.0,0.0,0.0,0.0,0.0,1.0,0.0,0.0,0.0,0.0,0.0,0.06666666666666667,0.0,0.0,0.0,0.0,0.0,0.0,0.2,0.0,0.0,0.0
spkr52_4,0.7142857142857143,0.0,0.15384615384615385,0.0,0.0,0.0,0.0,0.0,0.0,0.0,0.0,1.0,0.0,0.0,0.0,0.0,0.0,0.0,0.0,0.0,0.0,0.0,0.0,0.0,0.0,0.0,0.0,0.0
spkr52_40,0.21428571428571427,0.13333333333333333,0.3333333333333333,0.0,0.0,0.0,0.0,0.0,0.07142857142857142,0.0,0.0,0.0,0.0,0.0,0.0,0.0,0.0,0.26666666666666666,0.0,0.0,0.0,0.0,0.0,0.0,0.0,0.0,0.0,0.0
spkr52_42,0.45454545454545453,0.2727272727272727,0.6363636363636364,0.18181818181818182,0.0,0.0,0.0,0.0,0.0,0.0,0.0,0.18181818181818182,0.0,0.0,0.0,0.0,0.0,1.0,0.18181818181818182,0.18181818181818182,0.09090909090909091,0.0,0.09090909090909091,0.09090909090909091,0.0,0.0,0.0,0.0
spkr52_43,0.38461538461538464,0.07692307692307693,0.46153846153846156,0.0,0.0,0.0,0.0,0.0,0.23076923076923078,0.0,0.0,1.0,0.0,0.0,0.0,0.0,0.0,0.0,0.0,0.0,0.0,0.0,0.0,0.0,0.38461538461538464,0.0,0.07692307692307693,0.0
spkr52_44,0.375,0.125,0.3125,0.0625,0.0625,0.0625,0.0625,0.0625,0.25,0.0625,0.0625,0.0625,0.0625,0.0625,0.0625,0.0625,0.0625,0.5625,0.0625,0.0625,0.0625,0.0625,0.0625,0.0625,0.0625,0.0625,0.0,0.0625
spkr52_45,0.8,0.7272727272727273,0.6363636363636364,0.0,0.0,0.0,0.36363636363636365,0.36363636363636365,0.7,0.7272727272727273,0.0,1.0,0.0,0.2727272727272727,0.0,0.0,0.0,0.9090909090909091,0.18181818181818182,0.0,0.7272727272727273,0.7272727272727273,0.2727272727272727,0.36363636363636365,0.45454545454545453,0.5454545454545454,0.6363636363636364,0.36363636363636365
spkr52_46,0.8666666666666667,0.5333333333333333,0.6666666666666666,0.0,0.0,0.0,0.0,0.0,0.4666666666666667,0.0,0.0,1.0,0.0,0.06666666666666667,0.0,0.0,0.0,0.6666666666666666,0.0,0.0,0.0,0.06666666666666667,0.26666666666666666,0.13333333333333333,0.26666666666666666,0.0,0.13333333333333333,0.2
spkr52_5,0.9333333333333333,0.3333333333333333,0.4666666666666667,0.0,0.0,0.0,0.0,0.0,0.13333333333333333,0.0,0.0,0.0,0.0,0.0,0.0,0.0,0.0,0.8666666666666667,0.0,0.0,0.2,0.0,0.0,0.0,0.0,0.0,0.06666666666666667,0.06666666666666667
spkr52_50,0.5333333333333333,0.0967741935483871,0.3870967741935484,0.0,0.0,0.0,0.0,0.0,0.06666666666666667,0.0,0.0,0.0,0.0,0.0,0.0,0.0,0.0,0.16129032258064516,0.0,0.0,0.0,0.0,0.0,0.0,0.06451612903225806,0.0,0.0,0.0
spkr52_51,0.6428571428571429,0.14285714285714285,0.14285714285714285,0.0,0.0,0.0,0.0,0.0,0.14285714285714285,0.14285714285714285,0.0,0.0,0.0,0.14285714285714285,0.0,0.0,0.0,0.2857142857142857,0.0,0.0,0.0,0.0,0.2857142857142857,0.07142857142857142,0.14285714285714285,0.21428571428571427,0.07142857142857142,0.14285714285714285
spkr52_52,0.6363636363636364,0.18181818181818182,0.7272727272727273,0.0,0.0,0.0,0.0,0.0,0.0,0.09090909090909091,0.0,0.0,0.0,0.0,0.0,0.0,0.0,0.45454545454545453,0.0,0.0,0.0,0.09090909090909091,0.0,0.0,0.18181818181818182,0.0,0.09090909090909091,0.0
spkr52_53,0.3333333333333333,0.13333333333333333,0.4,0.2,0.06666666666666667,0.2,0.2,0.2,0.13333333333333333,0.2,0.06666666666666667,0.2,0.2,0.06666666666666667,0.0,0.06666666666666667,0.2,0.4,0.2,0.2,0.2,0.2,0.2,0.2,0.13333333333333333,0.2,0.13333333333333333,0.2
spkr52_54,1.0,0.42857142857142855,1.0,0.14285714285714285,0.14285714285714285,0.14285714285714285,0.14285714285714285,0.14285714285714285,0.8333333333333334,0.14285714285714285,0.14285714285714285,0.14285714285714285,0.14285714285714285,0.14285714285714285,0.14285714285714285,0.14285714285714285,0.14285714285714285,0.8571428571428571,0.14285714285714285,0.5714285714285714,0.42857142857142855,0.14285714285714285,0.42857142857142855,0.42857142857142855,0.14285714285714285,0.2857142857142857,0.14285714285714285,0.2857142857142857
spkr52_56,0.6,0.5,0.4,0.3,0.0,0.1,0.3,0.3,0.4,0.4,0.2,0.3,0.0,0.2,0.3,0.1,0.3,0.2,0.3,0.3,0.3,0.3,0.4,0.1,0.3,0.3,0.3,0.2
spkr52_57,0.8666666666666667,0.47058823529411764,0.47058823529411764,0.17647058823529413,0.0,0.0,0.0,0.17647058823529413,0.3333333333333333,0.058823529411764705,0.0,0.0,0.0,0.058823529411764705,0.0,0.0,0.0,0.29411764705882354,0.23529411764705882,0.0,0.17647058823529413,0.0,0.0,0.11764705882352941,0.29411764705882354,0.058823529411764705,0.11764705882352941,0.17647058823529413
spkr52_58,0.6190476190476191,0.045454545454545456,0.36363636363636365,0.0,0.0,0.0,0.0,0.0,0.14285714285714285,0.0,0.0,0.0,0.0,0.0,0.0,0.0,0.0,0.7727272727272727,0.0,0.0,0.0,0.0,0.0,0.0,0.0,0.0,0.0,0.0
spkr52_59,0.45454545454545453,0.0,0.9090909090909091,0.0,0.0,0.0,0.0,0.0,0.09090909090909091,0.0,0.2727272727272727,0.0,0.0,0.2727272727272727,0.0,0.0,0.0,0.0,0.0,0.0,0.0,0.0,0.0,0.2727272727272727,0.2727272727272727,0.0,0.0,0.2727272727272727
spkr52_6,0.5,0.08333333333333333,0.5833333333333334,0.0,0.0,0.0,0.0,0.0,0.08333333333333333,0.0,0.0,0.0,0.0,0.0,0.0,0.0,0.0,0.5,0.0,0.0,0.0,0.0,0.0,0.0,0.4166666666666667,0.0,0.25,0.0
spkr52_60,0.75,0.11764705882352941,0.5294117647058824,0.0,0.0,0.0,0.0,0.0,0.1875,0.0,0.0,0.0,0.0,0.0,0.0,0.0,0.0,0.17647058823529413,0.0,0.0,0.058823529411764705,0.0,0.0,0.058823529411764705,0.0,0.0,0.0,0.0
spkr52_61,0.5555555555555556,0.0,0.2777777777777778,0.0,0.0,0.0,0.0,0.0,0.16666666666666666,0.0,0.0,0.0,0.0,0.0,0.0,0.0,0.0,0.6666666666666666,0.0,0.0,0.0,0.0,0.0,0.0,0.0,0.0,0.16666666666666666,0.0
spkr52_62,0.8,0.2727272727272727,0.36363636363636365,0.0,0.0,0.0,0.0,0.0,0.4,0.0,0.0,1.0,0.0,0.0,0.0,0.0,0.0,0.5454545454545454,0.0,0.0,0.0,0.0,0.0,0.0,0.0,0.0,0.0,0.0
spkr52_63,0.8,0.3,0.4,0.0,0.0,0.0,0.0,0.0,0.0,0.1,0.0,0.0,0.0,0.0,0.0,0.0,0.0,0.3,0.0,0.0,0.0,0.3,0.0,0.0,0.1,0.0,0.3,0.0
spkr52_64,0.5294117647058824,0.0,0.6470588235294118,0.0,0.0,0.0,0.0,0.0,0.11764705882352941,0.0,0.0,0.0,0.0,0.0,0.0,0.0,0.0,0.11764705882352941,0.0,0.0,0.0,0.0,0.0,0.0,0.0,0.0,0.0,0.0
spkr52_65,0.391304347826087,0.0,0.6086956521739131,0.0,0.0,0.0,0.0,0.0,0.08695652173913043,0.0,0.08695652173913043,0.0,0.0,0.0,0.0,0.0,0.0,0.391304347826087,0.0,0.0,0.0,0.0,0.0,0.0,0.0,0.0,0.17391304347826086,0.0
spkr52_66,0.47058823529411764,0.0,0.1111111111111111,0.0,0.0,0.0,0.0,0.0,0.0,0.0,0.0,0.0,0.0,0.0,0.0,0.0,0.0,0.7222222222222222,0.0,0.0,0.0,0.0,0.0,0.0,0.0,0.0,0.0,0.0
spkr52_67,0.5,0.0,0.5,0.0,0.0,0.0,0.0,0.0,0.0,0.0,0.0,0.0,0.0,0.0,0.0,0.0,0.0,1.0,0.0,0.0,0.0,0.0,0.0,0.0,0.0,0.0,0.07142857142857142,0.0
spkr52_68,0.75,0.15384615384615385,0.38461538461538464,0.0,0.0,0.0,0.0,0.0,0.16666666666666666,0.0,0.0,1.0,0.0,0.0,0.0,0.0,0.0,0.15384615384615385,0.0,0.0,0.0,0.0,0.23076923076923078,0.0,0.0,0.23076923076923078,0.07692307692307693,0.07692307692307693
spkr52_69,0.3888888888888889,0.16666666666666666,0.5555555555555556,0.0,0.0,0.0,0.0,0.0,0.0,0.0,0.0,0.0,0.0,0.0,0.0,0.0,0.0,0.2777777777777778,0.1111111111111111,0.0,0.0,0.0,0.05555555555555555,0.0,0.16666666666666666,0.0,0.2777777777777778,0.0
spkr52_7,0.5333333333333333,0.1875,0.3125,0.125,0.0,0.0,0.125,0.0,0.06666666666666667,0.0,0.0,0.0,0.0,0.0,0.0,0.0,0.0,0.3125,0.125,0.125,0.0625,0.0625,0.0625,0.0,0.25,0.125,0.25,0.25
spkr52_70,0.5625,0.25,0.375,0.0,0.0,0.0,0.0625,0.0,0.1875,0.0,0.0625,0.0,0.0,0.0625,0.0,0.0,0.0,0.9375,0.0,0.0,0.0625,0.0625,0.0625,0.0625,0.125,0.0625,0.0,0.0
spkr52_71,0.8333333333333334,0.05263157894736842,0.3684210526315789,0.0,0.0,0.0,0.0,0.0,0.3333333333333333,0.0,0.0,0.0,0.0,0.0,0.0,0.0,0.0,0.8947368421052632,0.0,0.0,0.0,0.0,0.3157894736842105,0.0,0.0,0.0,0.0,0.05263157894736842
spkr52_72,0.42105263157894735,0.0,0.5,0.0,0.0,0.0,0.0,0.0,0.05263157894736842,0.0,0.0,0.0,0.0,0.0,0.0,0.0,0.0,0.1111111111111111,0.0,0.0,0.0,0.0,0.0,0.0,0.2222222222222222,0.2222222222222222,0.0,0.0
spkr52_73,0.7272727272727273,0.18181818181818182,0.5454545454545454,0.0,0.0,0.0,0.0,0.0,0.45454545454545453,0.0,0.0,0.0,0.0,0.0,0.0,0.0,0.0,0.0,0.0,0.0,0.0,0.0,0.0,0.0,0.2727272727272727,0.09090909090909091,0.09090909090909091,0.0
spkr52_74,0.2857142857142857,0.07142857142857142,0.6428571428571429,0.0,0.0,0.0,0.0,0.0,0.07142857142857142,0.0,0.0,0.0,0.0,0.0,0.0,0.0,0.0,1.0,0.0,0.0,0.0,0.0,0.0,0.0,0.0,0.0,0.07142857142857142,0.0
spkr52_75,0.5882352941176471,0.4117647058823529,0.47058823529411764,0.29411764705882354,0.0,0.0,0.0,0.0,0.17647058823529413,0.29411764705882354,0.0,0.0,0.0,0.0,0.0,0.0,0.0,0.29411764705882354,0.058823529411764705,0.23529411764705882,0.35294117647058826,0.29411764705882354,0.23529411764705882,0.29411764705882354,0.058823529411764705,0.29411764705882354,0.17647058823529413,0.29411764705882354
spkr52_8,0.1875,0.0625,0.375,0.0,0.0,0.0,0.0,0.0,0.3125,0.0,0.0,0.0,0.0,0.0,0.0,0.0,0.0,0.75,0.0,0.0,0.0,0.0625,0.0,0.0,0.1875,0.0,0.0,0.0
spkr52_9,0.2857142857142857,0.07142857142857142,0.42857142857142855,0.0,0.0,0.0,0.0,0.0,0.0,0.0,0.07142857142857142,0.0,0.07142857142857142,0.07142857142857142,0.0,0.0,0.07142857142857142,0.7142857142857143,0.0,0.0,0.0,0.0,0.0,0.0,0.0,0.0,0.0,0.0
spkr55_1,0.9,0.2,0.5,0.2,0.3,0.0,0.0,0.0,0.2,0.0,0.0,0.1,0.0,0.0,0.0,0.0,0.0,1.0,0.0,0.0,0.2,0.2,0.3,0.0,0.1,0.2,0.1,0.0
spkr55_10,0.4117647058823529,0.0,0.35294117647058826,0.0,0.0,0.0,0.0,0.0,0.0,0.0,0.058823529411764705,0.0,0.0,0.11764705882352941,0.0,0.0,0.0,0.5294117647058824,0.0,0.058823529411764705,0.0,0.0,0.11764705882352941,0.0,0.0,0.0,0.11764705882352941,0.058823529411764705
spkr55_11,0.7857142857142857,0.5714285714285714,0.5714285714285714,0.0,0.0,0.0,0.0,0.0,0.2857142857142857,0.07142857142857142,0.07142857142857142,0.14285714285714285,0.0,0.07142857142857142,0.0,0.0,0.0,0.5714285714285714,0.0,0.2857142857142857,0.07142857142857142,0.07142857142857142,0.2857142857142857,0.07142857142857142,0.14285714285714285,0.21428571428571427,0.2857142857142857,0.21428571428571427
spkr55_12,0.6470588235294118,0.23529411764705882,0.7058823529411765,0.11764705882352941,0.0,0.0,0.17647058823529413,0.0,0.23529411764705882,0.058823529411764705,0.17647058823529413,0.23529411764705882,0.0,0.058823529411764705,0.0,0.0,0.0,0.5882352941176471,0.058823529411764705,0.17647058823529413,0.17647058823529413,0.11764705882352941,0.17647058823529413,0.0,0.17647058823529413,0.23529411764705882,0.11764705882352941,0.058823529411764705
spkr55_13,0.625,0.5882352941176471,0.47058823529411764,0.0,0.0,0.0,0.0,0.0,0.3125,0.0,0.29411764705882354,0.17647058823529413,0.0,0.17647058823529413,0.11764705882352941,0.0,0.0,0.11764705882352941,0.4117647058823529,1.0,0.29411764705882354,0.23529411764705882,0.23529411764705882,0.17647058823529413,0.17647058823529413,0.11764705882352941,0.47058823529411764,0.11764705882352941
spkr55_14,0.8235294117647058,0.29411764705882354,0.4117647058823529,0.058823529411764705,0.23529411764705882,0.0,0.23529411764705882,0.23529411764705882,0.11764705882352941,0.11764705882352941,0.058823529411764705,0.0,0.23529411764705882,0.11764705882352941,0.23529411764705882,0.0,0.0,0.5294117647058824,0.11764705882352941,0.058823529411764705,0.0,0.23529411764705882,0.0,0.058823529411764705,0.17647058823529413,0.0,0.058823529411764705,0.0
spkr55_15,0.7647058823529411,0.35294117647058826,0.47058823529411764,0.11764705882352941,0.0,0.0,0.0,0.0,0.17647058823529413,0.0,0.17647058823529413,0.11764705882352941,0.0,0.23529411764705882,0.0,0.0,0.0,0.8823529411764706,0.0,0.0,0.11764705882352941,0.35294117647058826,0.17647058823529413,0.0,0.17647058823529413,0.0,0.4117647058823529,0.0
spkr55_18,0.8076923076923077,0.0,0.2692307692307692,0.0,0.0,0.0,0.0,0.0,0.19230769230769232,0.0,0.0,0.0,0.0,0.0,0.0,0.0,0.0,0.4230769230769231,0.0,0.0,0.0,0.0,0.0,0.0,0.0,0.0,0.0,0.0
spkr55_19,0.3870967741935484,0.03225806451612903,0.45161290322580644,0.0,0.0,0.0,0.0,0.0,0.0,0.0,0.0,0.0,0.0,0.0,0.0,0.0,0.0,0.8064516129032258,0.0,0.0,0.0,0.0,0.0,0.0,0.0,0.0,0.03225806451612903,0.0
spkr55_20,0.7083333333333334,0.15384615384615385,0.5,0.0,0.0,0.0,0.0,0.0,0.20833333333333334,0.0,0.0,0.0,0.0,0.0,0.0,0.038461538461538464,0.0,0.5384615384615384,0.0,0.0,0.038461538461538464,0.0,0.11538461538461539,0.038461538461538464,0.19230769230769232,0.0,0.038461538461538464,0.038461538461538464
spkr55_21,0.56,0.1111111111111111,0.18518518518518517,0.0,0.0,0.0,0.0,0.0,0.08,0.0,0.037037037037037035,0.0,0.0,0.0,0.0,0.037037037037037035,0.0,0.7037037037037037,0.0,0.0,0.0,0.0,0.037037037037037035,0.037037037037037035,0.1111111111111111,0.037037037037037035,0.1111111111111111,0.0
spkr55_22,0.5,0.0,0.3888888888888889,0.0,0.0,0.0,0.0,0.0,0.05555555555555555,0.0,0.0,0.0,0.0,0.0,0.0,0.0,0.0,0.16666666666666666,0.0,0.0,0.16666666666666666,0.0,0.0,0.0,0.0,0.0,0.0,0.0
spkr55_23,0.3,0.05,0.3,0.0,0.0,0.0,0.0,0.0,0.05,0.0,0.0,0.0,0.0,0.0,0.0,0.0,0.0,0.5,0.0,0.1,0.0,0.0,0.1,0.0,0.0,0.0,0.0,0.0
spkr55_24,0.5294117647058824,0.15789473684210525,0.3684210526315789,0.21052631578947367,0.0,0.05263157894736842,0.10526315789473684,0.10526315789473684,0.11764705882352941,0.15789473684210525,0.0,0.10526315789473684,0.0,0.10526315789473684,0.0,0.0,0.10526315789473684,0.7368421052631579,0.10526315789473684,0.10526315789473684,0.15789473684210525,0.0,0.21052631578947367,0.10526315789473684,0.15789473684210525,0.15789473684210525,0.15789473684210525,0.3157894736842105
spkr55_26,0.8333333333333334,0.0,0.47368421052631576,0.0,0.0,0.0,0.0,0.0,0.16666666666666666,0.0,0.0,0.0,0.0,0.0,0.0,0.0,0.0,0.3157894736842105,0.10526315789473684,0.10526315789473684,0.05263157894736842,0.0,0.0,0.0,0.15789473684210525,0.0,0.0,0.0
spkr55_28,0.4666666666666667,0.0,0.47058823529411764,0.0,0.0,0.0,0.0,0.0,0.0,0.058823529411764705,0.0,0.0,0.0,0.0,0.0,0.0,0.0,0.5882352941176471,0.0,0.0,0.0,0.0,0.0,0.0,0.0,0.0,0.0,0.0
spkr55_29,0.3333333333333333,0.0,0.8,0.0,0.0,0.0,0.0,0.0,0.0,0.0,0.0,0.0,0.0,0.0,0.0,0.0,0.0,0.5333333333333333,0.0,0.06666666666666667,0.06666666666666667,0.0,0.06666666666666667,0.0,0.2,0.06666666666666667,0.06666666666666667,0.0
spkr55_30,0.6,0.26666666666666666,0.4666666666666667,0.0,0.0,0.0,0.0,0.0,0.13333333333333333,0.0,0.0,0.0,0.0,0.0,0.0,0.0,0.0,0.5333333333333333,0.0,0.0,0.0,0.0,0.0,0.0,0.2,0.0,0.26666666666666666,0.0
spkr55_31,0.7894736842105263,0.15789473684210525,0.3157894736842105,0.0,0.0,0.0,0.0,0.0,0.05263157894736842,0.10526315789473684,0.05263157894736842,0.10526315789473684,0.0,0.15789473684210525,0.0,0.0,0.0,0.9473684210526315,0.0,0.10526315789473684,0.3157894736842105,0.10526315789473684,0.10526315789473684,0.0,0.15789473684210525,0.05263157894736842,0.10526315789473684,0.05263157894736842
spkr55_33,0.7619047619047619,0.4090909090909091,0.6363636363636364,0.4090909090909091,0.0,0.0,0.0,0.2727272727272727,0.5714285714285714,0.3181818181818182,0.09090909090909091,0.3181818181818182,0.0,0.13636363636363635,0.0,0.09090909090909091,0.0,0.7272727272727273,0.4090909090909091,0.36363636363636365,0.6363636363636364,0.3181818181818182,0.4090909090909091,0.13636363636363635,0.2727272727272727,0.5454545454545454,0.5,0.22727272727272727
spkr55_34,0.5454545454545454,0.22727272727272727,0.2727272727272727,0.18181818181818182,0.0,0.09090909090909091,0.045454545454545456,0.09090909090909091,0.3181818181818182,0.2727272727272727,0.18181818181818182,0.045454545454545456,0.09090909090909091,0.18181818181818182,0.045454545454545456,0.09090909090909091,0.045454545454545456,0.9090909090909091,0.18181818181818182,0.13636363636363635,0.22727272727272727,0.13636363636363635,0.13636363636363635,0.13636363636363635,0.18181818181818182,0.18181818181818182,0.13636363636363635,0.13636363636363635
spkr55_35,0.5,0.0,0.2857142857142857,0.0,0.0,0.0,0.0,0.0,0.07142857142857142,0.0,0.0,0.0,0.0,0.0,0.0,0.0,0.0,0.07142857142857142,0.0,0.0,0.0,0.0,0.0,0.0,0.0,0.0,0.0,0.0
spkr55_36,0.8333333333333334,0.1,0.35,0.0,0.0,0.05,0.05,0.05,0.3333333333333333,0.05,0.05,0.05,0.0,0.05,0.0,0.0,0.0,0.65,0.05,0.05,0.05,0.05,0.0,0.1,0.05,0.0,0.05,0.1
spkr55_37,0.7857142857142857,0.4,0.8,0.06666666666666667,0.0,0.06666666666666667,0.06666666666666667,0.06666666666666667,0.21428571428571427,0.06666666666666667,0.06666666666666667,0.06666666666666667,0.0,0.06666666666666667,0.06666666666666667,0.06666666666666667,0.06666666666666667,0.9333333333333333,0.2,0.13333333333333333,0.2,0.06666666666666667,0.06666666666666667,0.13333333333333333,0.06666666666666667,0.06666666666666667,0.4,0.06666666666666667
spkr55_38,0.6875,0.13333333333333333,0.6,0.0,0.0,0.0,0.0,0.0,0.0625,0.0,0.0,0.0,0.0,0.0,0.0,0.0,0.0,0.26666666666666666,0.0,0.0,0.13333333333333333,0.0,0.0,0.0,0.0,0.0,0.0,0.0
spkr55_4,0.7142857142857143,0.0,0.38461538461538464,0.0,0.0,0.0,0.0,0.0,0.0,0.0,0.0,0.0,0.0,0.0,0.0,0.0,0.0,0.5384615384615384,0.0,0.0,0.0,0.0,0.0,0.0,0.0,0.0,0.0,0.0
spkr55_40,0.9285714285714286,0.0,0.3333333333333333,0.0,0.0,0.0,0.0,0.0,0.0,0.0,0.06666666666666667,0.0,0.0,0.0,0.0,0.0,0.0,0.8666666666666667,0.13333333333333333,0.13333333333333333,0.0,0.0,0.06666666666666667,0.06666666666666667,0.0,0.0,0.06666666666666667,0.0
spkr55_42,0.5454545454545454,0.36363636363636365,0.7272727272727273,0.18181818181818182,0.0,0.0,0.0,0.09090909090909091,0.2727272727272727,0.36363636363636365,0.0,0.09090909090909091,0.0,0.09090909090909091,0.0,0.0,0.18181818181818182,1.0,0.0,0.2727272727272727,0.5454545454545454,0.09090909090909091,0.09090909090909091,0.09090909090909091,0.18181818181818182,0.09090909090909091,0.45454545454545453,0.18181818181818182
spkr55_43,0.7692307692307693,0.0,0.5384615384615384,0.0,0.0,0.0,0.0,0.0,0.15384615384615385,0.0,0.0,0.0,0.0,0.0,0.0,0.0,0.0,0.5384615384615384,0.0,0.0,0.3076923076923077,0.0,0.0,0.0,0.0,0.0,0.0,0.0
spkr55_44,0.375,0.125,0.375,0.0625,0.0625,0.0625,0.0625,0.125,0.3125,0.0625,0.0625,0.0625,0.0625,0.125,0.0625,0.125,0.0625,0.5,0.125,0.125,0.125,0.0625,0.125,0.1875,0.125,0.0625,0.125,0.1875
spkr55_45,0.7,0.0,0.36363636363636365,0.0,0.0,0.0,0.0,0.0,0.2,0.0,0.0,0.0,0.0,0.0,0.0,0.0,0.0,0.18181818181818182,0.0,0.0,0.18181818181818182,0.0,0.0,0.0,0.0,0.0,0.09090909090909091,0.0
spkr55_46,0.8,0.13333333333333333,0.4666666666666667,0.0,0.0,0.0,0.0,0.0,0.0,0.0,0.0,0.0,0.0,0.0,0.0,0.0,0.0,0.6,0.0,0.0,0.0,0.0,0.0,0.06666666666666667,0.0,0.0,0.06666666666666667,0.0
spkr55_5,0.7333333333333333,0.26666666666666666,0.4666666666666667,0.0,0.0,0.0,0.0,0.0,0.06666666666666667,0.0,0.06666666666666667,0.0,0.0,0.0,0.0,0.0,0.0,0.7333333333333333,0.0,0.0,0.13333333333333333,0.0,0.06666666666666667,0.0,0.0,0.0,0.06666666666666667,0.0
spkr55_50,0.5,0.3225806451612903,0.6129032258064516,0.0,0.0,0.0,0.0,0.0,0.16666666666666666,0.0,0.0,0.0,0.0,0.0967741935483871,0.0,0.0,0.0,0.8387096774193549,0.0,0.0,0.16129032258064516,0.0,0.0967741935483871,0.0,0.12903225806451613,0.0,0.0,0.0967741935483871
spkr55_51,0.7142857142857143,0.2857142857142857,0.35714285714285715,0.14285714285714285,0.0,0.0,0.0,0.07142857142857142,0.35714285714285715,0.07142857142857142,0.14285714285714285,0.0,0.0,0.14285714285714285,0.07142857142857142,0.14285714285714285,0.07142857142857142,0.42857142857142855,0.14285714285714285,0.14285714285714285,0.14285714285714285,0.21428571428571427,0.21428571428571427,0.07142857142857142,0.14285714285714285,0.07142857142857142,0.0,0.14285714285714285
spkr55_52,0.6363636363636364,0.36363636363636365,0.9090909090909091,0.09090909090909091,0.0,0.0,0.0,0.0,0.09090909090909091,0.09090909090909091,0.0,0.36363636363636365,0.0,0.0,0.0,0.0,0.0,0.5454545454545454,0.0,0.09090909090909091,0.0,0.0,0.0,0.18181818181818182,0.36363636363636365,0.0,0.09090909090909091,0.0
spkr55_53,0.5333333333333333,0.13333333333333333,0.4666666666666667,0.06666666666666667,0.0,0.06666666666666667,0.06666666666666667,0.06666666666666667,0.06666666666666667,0.13333333333333333,0.13333333333333333,0.0,0.0,0.26666666666666666,0.0,0.06666666666666667,0.06666666666666667,0.4666666666666667,0.06666666666666667,0.0,0.06666666666666667,0.0,0.06666666666666667,0.06666666666666667,0.06666666666666667,0.06666666666666667,0.06666666666666667,0.13333333333333333
spkr55_54,0.8333333333333334,0.5714285714285714,0.7142857142857143,0.0,0.0,0.0,0.0,0.0,0.8333333333333334,0.0,0.0,0.0,0.0,0.0,0.0,0.0,0.0,0.8571428571428571,0.0,0.0,0.0,0.0,0.42857142857142855,0.2857142857142857,0.0,0.2857142857142857,0.42857142857142855,0.2857142857142857
spkr55_56,0.6,0.4,0.4,0.0,0.0,0.0,0.0,0.0,0.5,0.3,0.2,0.0,0.0,0.1,0.0,0.1,0.0,0.5,0.0,0.0,0.1,0.0,0.2,0.0,0.0,0.0,0.4,0.2
spkr55_57,0.8666666666666667,0.29411764705882354,0.4117647058823529,0.23529411764705882,0.0,0.0,0.0,0.23529411764705882,0.3333333333333333,0.058823529411764705,0.0,0.11764705882352941,0.0,0.058823529411764705,0.0,0.0,0.0,0.5294117647058824,0.29411764705882354,0.23529411764705882,0.23529411764705882,0.0,0.23529411764705882,0.17647058823529413,0.058823529411764705,0.058823529411764705,0.11764705882352941,0.17647058823529413
spkr55_58,0.6666666666666666,0.18181818181818182,0.36363636363636365,0.09090909090909091,0.09090909090909091,0.09090909090909091,0.09090909090909091,0.09090909090909091,0.2857142857142857,0.09090909090909091,0.09090909090909091,0.09090909090909091,0.09090909090909091,0.09090909090909091,0.09090909090909091,0.09090909090909091,0.09090909090909091,0.8181818181818182,0.09090909090909091,0.09090909090909091,0.09090909090909091,0.0,0.045454545454545456,0.09090909090909091,0.09090909090909091,0.09090909090909091,0.22727272727272727,0.09090909090909091
spkr55_59,0.8181818181818182,0.0,0.6363636363636364,0.0,0.0,0.0,0.0,0.0,0.09090909090909091,0.0,0.0,0.0,0.0,0.0,0.0,0.0,0.0,0.9090909090909091,0.0,0.0,0.0,0.0,0.09090909090909091,0.0,0.2727272727272727,0.0,0.0,0.0
spkr55_6,0.8333333333333334,0.16666666666666666,0.4166666666666667,0.0,0.0,0.0,0.0,0.0,0.0,0.0,0.0,0.25,0.0,0.0,0.08333333333333333,0.0,0.0,0.9166666666666666,0.25,0.4166666666666667,0.0,0.0,0.25,0.0,0.25,0.08333333333333333,0.08333333333333333,0.4166666666666667
spkr55_60,0.6875,0.23529411764705882,0.35294117647058826,0.11764705882352941,0.0,0.0,0.0,0.0,0.25,0.0,0.0,0.0,0.0,0.0,0.0,0.058823529411764705,0.0,0.5882352941176471,0.11764705882352941,0.0,0.23529411764705882,0.0,0.0,0.0,0.0,0.0,0.0,0.0
spkr55_61,0.5555555555555556,0.05555555555555555,0.5555555555555556,0.0,0.0,0.0,0.0,0.0,0.2777777777777778,0.0,0.0,0.0,0.0,0.0,0.0,0.0,0.0,0.4444444444444444,0.0,0.16666666666666666,0.0,0.0,0.05555555555555555,0.0,0.0,0.0,0.0,0.0
spkr55_62,0.9,0.0,0.09090909090909091,0.0,0.0,0.0,0.0,0.0,0.2,0.0,0.0,0.18181818181818182,0.0,0.0,0.0,0.09090909090909091,0.0,0.36363636363636365,0.0,0.0,0.0,0.2727272727272727,0.18181818181818182,0.0,0.18181818181818182,0.0,0.09090909090909091,0.0
spkr55_63,0.7,0.6,0.6,0.0,0.0,0.0,0.0,0.0,0.0,0.0,0.0,0.0,0.0,0.0,0.0,0.0,0.3,0.4,0.5,0.0,0.3,0.3,0.0,0.0,0.0,0.0,0.0,0.0
spkr55_64,1.0,0.23529411764705882,1.0,0.47058823529411764,0.47058823529411764,0.0,0.47058823529411764,0.47058823529411764,0.5294117647058824,0.47058823529411764,0.47058823529411764,0.47058823529411764,0.47058823529411764,0.35294117647058826,0.4117647058823529,0.0,0.47058823529411764,1.0,0.9411764705882353,0.47058823529411764,0.6470588235294118,0.4117647058823529,0.35294117647058826,0.47058823529411764,0.47058823529411764,0.47058823529411764,0.6470588235294118,0.5294117647058824
spkr55_65,0.6956521739130435,0.13043478260869565,0.6086956521739131,0.0,0.0,0.0,0.0,0.0,0.08695652173913043,0.0,0.0,0.0,0.0,0.0,0.0,0.0,0.043478260869565216,0.6521739130434783,0.043478260869565216,0.043478260869565216,0.0,0.043478260869565216,0.08695652173913043,0.0,0.13043478260869565,0.0,0.043478260869565216,0.0
spkr55_66,0.8235294117647058,0.1111111111111111,0.3888888888888889,0.0,0.0,0.0,0.0,0.0,0.058823529411764705,0.0,0.1111111111111111,0.0,0.0,0.0,0.0,0.0,0.1111111111111111,0.8333333333333334,0.1111111111111111,0.1111111111111111,0.1111111111111111,0.0,0.05555555555555555,0.0,0.1111111111111111,0.0,0.0,0.0
spkr55_67,0.7142857142857143,0.07142857142857142,0.6428571428571429,0.0,0.0,0.0,0.0,0.0,0.21428571428571427,0.0,0.07142857142857142,0.0,0.0,0.5,0.0,0.0,0.0,0.7857142857142857,0.0,0.0,0.2857142857142857,0.0,0.21428571428571427,0.0,0.0,0.0,0.35714285714285715,0.0
spkr55_68,0.8333333333333334,0.23076923076923078,0.6153846153846154,0.3076923076923077,0.3076923076923077,0.0,0.23076923076923078,0.3076923076923077,0.5833333333333334,0.23076923076923078,0.23076923076923078,0.3076923076923077,0.3076923076923077,0.3076923076923077,0.3076923076923077,0.0,0.3076923076923077,0.6923076923076923,0.3076923076923077,0.6153846153846154,0.6153846153846154,0.23076923076923078,0.5384615384615384,0.3076923076923077,0.38461538461538464,0.23076923076923078,0.23076923076923078,0.23076923076923078
spkr55_69,0.5555555555555556,0.1111111111111111,0.5,0.0,0.0,0.0,0.0,0.0,0.05555555555555555,0.0,0.0,0.0,0.0,0.0,0.0,0.0,0.0,0.3333333333333333,0.3333333333333333,0.0,0.0,0.0,0.0,0.0,0.16666666666666666,0.0,0.0,0.05555555555555555
spkr55_7,0.7333333333333333,0.25,0.6875,0.0,0.0,0.0,0.0,0.0,0.06666666666666667,0.0,0.0,0.0,0.0,0.125,0.0,0.0,0.0,0.75,0.0,0.0,0.1875,0.0,0.1875,0.0,0.0,0.0,0.0625,0.125
spkr55_70,0.8125,0.0,0.5,0.0,0.0,0.0,0.0,0.125,0.1875,0.0625,0.0625,0.1875,0.0,0.0625,0.0,0.0,0.125,0.625,0.0,0.1875,0.25,0.0,0.125,0.0625,0.1875,0.125,0.0,0.0
spkr55_71,0.9444444444444444,0.10526315789473684,0.2631578947368421,0.15789473684210525,0.0,0.0,0.05263157894736842,0.15789473684210525,0.3333333333333333,0.0,0.05263157894736842,0.0,0.05263157894736842,0.2631578947368421,0.0,0.0,0.05263157894736842,1.0,0.15789473684210525,0.15789473684210525,0.21052631578947367,0.0,0.0,0.05263157894736842,0.3157894736842105,0.0,0.2631578947368421,0.21052631578947367
spkr55_72,0.8421052631578947,0.3333333333333333,0.5555555555555556,0.0,0.0,0.0,0.0,0.0,0.21052631578947367,0.0,0.1111111111111111,0.0,0.0,0.0,0.0,0.0,0.0,0.7777777777777778,0.0,0.0,0.16666666666666666,0.1111111111111111,0.2222222222222222,0.0,0.3333333333333333,0.1111111111111111,0.2777777777777778,0.0
spkr55_73,0.7272727272727273,0.18181818181818182,0.2727272727272727,0.0,0.0,0.0,0.0,0.0,0.18181818181818182,0.09090909090909091,0.0,1.0,0.0,0.0,0.0,0.0,0.0,0.18181818181818182,0.0,0.0,0.0,0.18181818181818182,0.0,0.09090909090909091,0.09090909090909091,0.18181818181818182,0.18181818181818182,0.0
spkr55_74,0.7857142857142857,0.35714285714285715,0.5714285714285714,0.0,0.0,0.0,0.0,0.07142857142857142,0.42857142857142855,0.0,0.0,0.0,0.0,0.35714285714285715,0.0,0.0,0.0,0.7142857142857143,0.0,0.0,0.5714285714285714,0.42857142857142855,0.14285714285714285,0.0,0.0,0.0,0.14285714285714285,0.07142857142857142
spkr55_75,0.5294117647058824,0.17647058823529413,0.7058823529411765,0.23529411764705882,0.0,0.0,0.0,0.23529411764705882,0.29411764705882354,0.11764705882352941,0.058823529411764705,0.4117647058823529,0.0,0.23529411764705882,0.0,0.0,0.0,1.0,0.47058823529411764,0.17647058823529413,0.47058823529411764,0.17647058823529413,0.35294117647058826,0.23529411764705882,0.35294117647058826,0.23529411764705882,0.23529411764705882,0.17647058823529413
spkr55_8,0.75,0.5,0.375,0.0,0.0,0.0,0.0,0.0,0.25,0.125,0.0,0.0,0.0,0.0,0.0,0.0,0.0,0.8125,0.0625,0.0,0.3125,0.375,0.3125,0.0625,0.625,0.4375,0.25,0.0625
spkr55_9,0.7857142857142857,0.21428571428571427,0.6428571428571429,0.07142857142857142,0.07142857142857142,0.0,0.07142857142857142,0.07142857142857142,0.07142857142857142,0.0,0.14285714285714285,0.07142857142857142,0.07142857142857142,0.07142857142857142,0.07142857142857142,0.07142857142857142,0.07142857142857142,0.7857142857142857,0.07142857142857142,0.07142857142857142,0.14285714285714285,0.07142857142857142,0.14285714285714285,0.07142857142857142,0.0,0.07142857142857142,0.21428571428571427,0.07142857142857142
spkr56_1,1.0,0.3,0.3,0.0,0.0,0.0,0.0,0.0,0.5,0.0,0.1,0.0,0.0,0.1,0.0,1.0,0.0,1.0,0.0,0.0,0.4,0.0,0.3,0.0,0.1,0.0,0.1,0.0
spkr56_10,0.8823529411764706,0.5882352941176471,0.7058823529411765,0.058823529411764705,0.0,0.11764705882352941,0.058823529411764705,0.0,0.47058823529411764,0.29411764705882354,0.058823529411764705,0.058823529411764705,0.0,0.23529411764705882,0.058823529411764705,0.0,0.11764705882352941,0.8823529411764706,0.11764705882352941,0.11764705882352941,0.47058823529411764,0.35294117647058826,0.35294117647058826,0.058823529411764705,0.35294117647058826,0.23529411764705882,0.29411764705882354,0.11764705882352941
spkr56_12,0.7647058823529411,0.7647058823529411,0.6470588235294118,0.0,0.0,0.0,0.11764705882352941,0.0,0.7058823529411765,0.5882352941176471,0.11764705882352941,0.0,0.11764705882352941,0.0,0.29411764705882354,0.0,0.0,0.8823529411764706,0.35294117647058826,0.058823529411764705,0.5882352941176471,0.29411764705882354,0.47058823529411764,0.4117647058823529,0.7647058823529411,0.058823529411764705,0.29411764705882354,0.4117647058823529
spkr56_13,1.0,0.8235294117647058,0.8235294117647058,0.35294117647058826,0.17647058823529413,0.0,0.47058823529411764,0.5294117647058824,0.8125,0.47058823529411764,0.4117647058823529,0.35294117647058826,0.17647058823529413,0.5882352941176471,0.0,0.0,0.29411764705882354,1.0,0.29411764705882354,0.7647058823529411,0.5294117647058824,0.7647058823529411,0.6470588235294118,0.4117647058823529,0.6470588235294118,0.7647058823529411,0.6470588235294118,0.11764705882352941
spkr56_14,0.8235294117647058,0.8235294117647058,0.7647058823529411,0.23529411764705882,0.17647058823529413,0.0,0.23529411764705882,0.11764705882352941,0.17647058823529413,0.11764705882352941,0.29411764705882354,0.11764705882352941,0.23529411764705882,0.23529411764705882,0.058823529411764705,0.23529411764705882,0.11764705882352941,0.9411764705882353,0.11764705882352941,0.23529411764705882,0.4117647058823529,0.17647058823529413,0.5294117647058824,0.4117647058823529,0.47058823529411764,0.4117647058823529,0.058823529411764705,0.17647058823529413
spkr56_15,0.7058823529411765,0.35294117647058826,0.5294117647058824,0.0,0.0,0.0,0.0,0.058823529411764705,0.17647058823529413,0.0,0.0,0.0,0.0,0.0,0.0,0.0,0.0,1.0,0.0,0.0,0.23529411764705882,0.0,0.17647058823529413,0.0,0.0,0.0,0.23529411764705882,0.0
spkr56_18,0.8846153846153846,0.5,0.5,0.11538461538461539,0.11538461538461539,0.11538461538461539,0.11538461538461539,0.11538461538461539,0.34615384615384615,0.11538461538461539,0.34615384615384615,0.15384615384615385,0.11538461538461539,0.38461538461538464,0.0,0.11538461538461539,0.11538461538461539,0.8076923076923077,0.11538461538461539,0.11538461538461539,0.19230769230769232,0.11538461538461539,0.19230769230769232,0.11538461538461539,0.38461538461538464,0.11538461538461539,0.11538461538461539,0.23076923076923078
spkr56_19,0.8709677419354839,0.7096774193548387,0.9032258064516129,0.06451612903225806,0.03225806451612903,0.03225806451612903,0.03225806451612903,0.0967741935483871,0.7741935483870968,0.45161290322580644,0.3225806451612903,0.6451612903225806,0.06451612903225806,0.6129032258064516,0.8709677419354839,0.3548387096774194,0.0,1.0,0.9032258064516129,0.5483870967741935,0.9032258064516129,0.45161290322580644,0.5161290322580645,0.6774193548387096,0.967741935483871,0.6129032258064516,0.3870967741935484,0.22580645161290322
spkr56_2,1.0,0.7272727272727273,0.9090909090909091,1.0,1.0,0.0,1.0,0.45454545454545453,1.0,1.0,0.45454545454545453,1.0,0.0,0.8181818181818182,1.0,0.0,0.8181818181818182,1.0,0.7272727272727273,1.0,1.0,0.8181818181818182,1.0,0.2727272727272727,1.0,0.9090909090909091,1.0,1.0
spkr56_21,0.96,0.3333333333333333,0.48148148148148145,0.18518518518518517,0.037037037037037035,0.0,0.037037037037037035,0.037037037037037035,0.48,0.2222222222222222,0.18518518518518517,0.0,0.0,0.18518518518518517,0.0,0.037037037037037035,0.0,1.0,0.2962962962962963,0.2222222222222222,0.4444444444444444,0.1111111111111111,0.25925925925925924,0.14814814814814814,0.25925925925925924,0.25925925925925924,0.14814814814814814,0.18518518518518517
spkr56_23,0.75,0.1,0.35,0.0,0.0,0.0,0.0,0.0,0.05,0.0,0.1,0.1,0.0,0.0,0.0,0.0,0.0,0.8,0.1,0.3,0.1,0.0,0.15,0.1,0.1,0.0,0.0,0.1
spkr56_24,0.7647058823529411,0.42105263157894735,0.42105263157894735,0.15789473684210525,0.0,0.0,0.0,0.0,0.11764705882352941,0.0,0.10526315789473684,0.0,0.0,0.0,0.0,0.0,0.0,1.0,0.0,0.15789473684210525,0.0,0.0,0.3684210526315789,0.0,0.05263157894736842,0.0,0.0,0.15789473684210525
spkr56_26,0.7777777777777778,0.631578947368421,0.6842105263157895,0.631578947368421,0.21052631578947367,0.21052631578947367,0.21052631578947367,0.21052631578947367,0.8333333333333334,0.47368421052631576,0.3157894736842105,0.21052631578947367,0.21052631578947367,0.21052631578947367,0.2631578947368421,0.2631578947368421,0.631578947368421,0.9473684210526315,0.7368421052631579,0.5789473684210527,0.5263157894736842,0.42105263157894735,0.5789473684210527,0.5263157894736842,0.42105263157894735,0.7368421052631579,0.3157894736842105,0.2631578947368421
spkr56_29,0.8666666666666667,0.6,0.8,0.06666666666666667,0.0,0.0,0.0,0.0,0.8,0.0,0.0,0.0,0.0,0.0,0.0,0.0,0.0,1.0,0.13333333333333333,0.13333333333333333,0.13333333333333333,0.0,0.4,0.06666666666666667,0.06666666666666667,0.0,0.0,0.0
spkr56_30,0.6,0.26666666666666666,0.6666666666666666,0.2,0.2,0.2,0.2,0.2,0.2,0.13333333333333333,0.2,0.2,0.2,0.13333333333333333,0.2,0.2,0.2,0.8666666666666667,0.5333333333333333,0.5333333333333333,0.26666666666666666,0.2,0.13333333333333333,0.06666666666666667,0.13333333333333333,0.13333333333333333,0.26666666666666666,0.13333333333333333
spkr56_31,0.7894736842105263,0.42105263157894735,0.5789473684210527,0.0,0.21052631578947367,0.0,0.0,0.0,0.8421052631578947,0.5789473684210527,0.05263157894736842,0.21052631578947367,0.0,0.15789473684210525,0.42105263157894735,0.0,0.0,0.7368421052631579,0.47368421052631576,0.0,0.5263157894736842,0.3684210526315789,0.3684210526315789,0.21052631578947367,0.9473684210526315,0.6842105263157895,0.47368421052631576,0.3157894736842105
spkr56_33,1.0,0.22727272727272727,0.6363636363636364,0.09090909090909091,0.0,0.0,0.0,0.0,0.47619047619047616,0.3181818181818182,0.2727272727272727,0.4090909090909091,0.0,0.045454545454545456,0.13636363636363635,0.0,0.0,0.8636363636363636,0.09090909090909091,0.0,0.5909090909090909,0.22727272727272727,0.3181818181818182,0.18181818181818182,0.6818181818181818,0.36363636363636365,0.4090909090909091,0.18181818181818182
spkr56_34,0.8181818181818182,0.7272727272727273,0.5909090909090909,0.3181818181818182,0.045454545454545456,0.22727272727272727,0.22727272727272727,0.3181818181818182,0.5454545454545454,0.6363636363636364,0.36363636363636365,0.3181818181818182,0.22727272727272727,0.3181818181818182,0.0,0.045454545454545456,0.13636363636363635,0.9545454545454546,0.13636363636363635,0.22727272727272727,0.7272727272727273,0.5909090909090909,0.36363636363636365,0.13636363636363635,0.8636363636363636,0.7727272727272727,0.36363636363636365,0.2727272727272727
spkr56_35,0.7142857142857143,0.42857142857142855,0.6428571428571429,0.21428571428571427,0.42857142857142855,0.14285714285714285,0.14285714285714285,0.2857142857142857,0.9285714285714286,0.5,0.35714285714285715,0.42857142857142855,0.14285714285714285,0.42857142857142855,0.35714285714285715,0.42857142857142855,0.21428571428571427,0.9285714285714286,0.2857142857142857,0.42857142857142855,0.21428571428571427,0.5,0.5,0.14285714285714285,0.5,0.42857142857142855,0.5,0.35714285714285715
spkr56_36,0.9444444444444444,0.5,0.6,0.05,0.0,0.05,0.05,0.05,0.7777777777777778,0.3,0.25,0.05,0.0,0.1,0.15,0.0,0.05,1.0,0.45,0.15,0.35,0.15,0.5,0.25,0.45,0.35,0.25,0.25
spkr56_37,1.0,0.3333333333333333,0.6,0.0,0.0,0.0,0.0,0.13333333333333333,0.14285714285714285,0.13333333333333333,0.0,0.0,0.13333333333333333,0.0,0.0,0.0,0.0,0.8666666666666667,0.0,0.2,0.3333333333333333,0.06666666666666667,0.13333333333333333,0.0,0.26666666666666666,0.06666666666666667,0.26666666666666666,0.13333333333333333
spkr56_4,0.9285714285714286,0.46153846153846156,1.0,0.3076923076923077,0.0,0.0,0.0,0.0,0.14285714285714285,0.0,0.23076923076923078,0.0,0.0,0.0,0.0,0.0,0.0,0.6923076923076923,0.0,0.0,0.5384615384615384,0.0,0.5384615384615384,0.0,0.5384615384615384,0.3076923076923077,0.0,0.0
spkr56_40,0.8571428571428571,0.8666666666666667,0.6,0.6666666666666666,0.2,0.0,0.2,0.6,0.5714285714285714,0.6666666666666666,0.4,0.0,0.2,0.2,0.2,0.4666666666666667,0.6666666666666666,0.8666666666666667,1.0,0.6666666666666666,0.4666666666666667,0.6,0.5333333333333333,0.2,0.6666666666666666,0.3333333333333333,0.13333333333333333,0.2
spkr56_42,0.8181818181818182,1.0,0.9090909090909091,0.6363636363636364,0.45454545454545453,0.18181818181818182,0.2727272727272727,0.2727272727272727,0.7272727272727273,0.6363636363636364,0.5454545454545454,0.18181818181818182,0.2727272727272727,0.36363636363636365,0.2727272727272727,1.0,0.2727272727272727,1.0,1.0,0.5454545454545454,0.9090909090909091,0.5454545454545454,0.9090909090909091,0.6363636363636364,0.6363636363636364,0.6363636363636364,0.36363636363636365,0.5454545454545454
spkr56_43,0.9230769230769231,0.8461538461538461,0.8461538461538461,0.9230769230769231,1.0,1.0,1.0,1.0,0.9230769230769231,1.0,0.8461538461538461,1.0,0.7692307692307693,0.8461538461538461,1.0,1.0,0.7692307692307693,1.0,1.0,1.0,1.0,0.8461538461538461,0.8461538461538461,1.0,1.0,1.0,0.9230769230769231,1.0
spkr56_44,0.875,0.625,0.75,0.3125,0.0625,0.1875,0.125,0.25,0.5625,0.25,0.125,0.125,0.0625,0.25,0.0625,0.0625,0.25,1.0,0.1875,0.25,0.4375,0.1875,0.25,0.1875,0.4375,0.25,0.125,0.125
spkr56_45,1.0,0.09090909090909091,0.7272727272727273,0.0,0.0,0.0,0.0,0.0,0.1,0.0,0.0,0.0,0.0,0.09090909090909091,0.0,0.0,0.0,1.0,0.09090909090909091,0.0,0.36363636363636365,0.0,0.45454545454545453,0.0,0.2727272727272727,0.0,0.09090909090909091,0.0
spkr56_46,1.0,0.5333333333333333,1.0,0.0,0.0,0.0,0.0,0.0,1.0,0.7333333333333333,0.13333333333333333,1.0,0.0,0.13333333333333333,0.0,0.0,0.0,1.0,0.2,0.4,0.3333333333333333,0.3333333333333333,0.4,0.0,0.6,0.7333333333333333,0.4666666666666667,0.26666666666666666
spkr56_5,0.8,0.3333333333333333,0.3333333333333333,0.13333333333333333,0.06666666666666667,0.13333333333333333,0.13333333333333333,0.0,0.3333333333333333,0.26666666666666666,0.06666666666666667,0.13333333333333333,0.0,0.0,0.0,0.0,0.0,0.8,0.0,0.4,0.26666666666666666,0.4666666666666667,0.13333333333333333,0.0,0.4666666666666667,0.0,0.0,0.0
spkr56_50,0.8,0.41935483870967744,0.5483870967741935,0.0,0.0,0.0,0.0,0.0967741935483871,0.26666666666666666,0.22580645161290322,0.0,0.0,0.0,0.06451612903225806,0.0,0.0,0.0,1.0,0.0,0.0,0.2903225806451613,0.22580645161290322,0.06451612903225806,0.03225806451612903,0.3548387096774194,0.1935483870967742,0.12903225806451613,0.0
spkr56_51,0.8571428571428571,0.35714285714285715,0.42857142857142855,0.0,0.0,0.0,0.0,0.2857142857142857,0.42857142857142855,0.2857142857142857,0.2857142857142857,0.0,0.0,0.2857142857142857,0.0,0.0,0.2857142857142857,0.5,0.21428571428571427,0.2857142857142857,0.2857142857142857,0.2857142857142857,0.2857142857142857,0.2857142857142857,0.2857142857142857,0.2857142857142857,0.2857142857142857,0.2857142857142857
spkr56_52,0.8181818181818182,0.6363636363636364,0.5454545454545454,0.0,0.0,0.0,0.0,0.0,0.5454545454545454,0.45454545454545453,0.0,0.0,0.0,0.0,0.0,0.0,0.0,0.9090909090909091,0.0,0.36363636363636365,0.0,0.45454545454545453,0.36363636363636365,0.2727272727272727,0.5454545454545454,0.2727272727272727,0.2727272727272727,0.0
spkr56_53,1.0,0.6,0.7333333333333333,1.0,0.4,0.06666666666666667,1.0,1.0,1.0,1.0,0.8,1.0,0.7333333333333333,1.0,0.8,0.6,0.8666666666666667,1.0,1.0,1.0,1.0,0.8666666666666667,1.0,0.6666666666666666,1.0,1.0,0.8666666666666667,1.0
spkr56_54,1.0,0.7142857142857143,0.8571428571428571,0.2857142857142857,0.14285714285714285,0.14285714285714285,0.14285714285714285,0.14285714285714285,1.0,0.42857142857142855,0.14285714285714285,1.0,0.14285714285714285,0.2857142857142857,1.0,0.0,0.14285714285714285,1.0,0.2857142857142857,0.8571428571428571,0.2857142857142857,0.2857142857142857,1.0,0.2857142857142857,0.42857142857142855,0.7142857142857143,0.7142857142857143,0.42857142857142855
spkr56_55,1.0,0.7058823529411765,0.8235294117647058,0.23529411764705882,0.23529411764705882,0.11764705882352941,0.23529411764705882,0.11764705882352941,1.0,0.47058823529411764,0.17647058823529413,0.23529411764705882,0.11764705882352941,0.5294117647058824,0.058823529411764705,0.17647058823529413,0.17647058823529413,1.0,0.17647058823529413,0.23529411764705882,0.17647058823529413,0.47058823529411764,0.4117647058823529,0.23529411764705882,0.5294117647058824,0.23529411764705882,0.29411764705882354,0.17647058823529413
spkr56_56,0.9,0.8,0.6,0.7,0.5,0.3,0.5,0.4,0.6,0.5,0.7,0.8,0.1,0.6,0.7,0.9,0.7,1.0,0.7,0.7,0.7,0.8,0.7,0.3,0.7,0.7,0.6,0.5
spkr56_57,0.9333333333333333,0.4117647058823529,0.5294117647058824,0.17647058823529413,0.11764705882352941,0.0,0.23529411764705882,0.17647058823529413,0.5333333333333333,0.4117647058823529,0.17647058823529413,0.17647058823529413,0.11764705882352941,0.23529411764705882,0.17647058823529413,0.29411764705882354,0.17647058823529413,1.0,0.17647058823529413,0.23529411764705882,0.23529411764705882,0.23529411764705882,0.23529411764705882,0.17647058823529413,0.29411764705882354,0.17647058823529413,0.29411764705882354,0.17647058823529413
spkr56_58,1.0,0.8181818181818182,0.6363636363636364,0.3181818181818182,0.0,0.0,0.0,0.36363636363636365,0.9523809523809523,0.4090909090909091,0.3181818181818182,0.0,0.0,0.36363636363636365,0.0,0.0,0.4090909090909091,0.9090909090909091,0.36363636363636365,0.45454545454545453,0.18181818181818182,0.0,0.7727272727272727,0.18181818181818182,0.5,0.3181818181818182,0.22727272727272727,0.18181818181818182
spkr56_59,0.9090909090909091,0.18181818181818182,0.8181818181818182,0.0,0.0,0.0,0.2727272727272727,0.18181818181818182,0.18181818181818182,0.0,0.18181818181818182,0.45454545454545453,0.0,0.45454545454545453,0.0,0.0,0.0,0.9090909090909091,0.18181818181818182,0.8181818181818182,0.0,0.18181818181818182,0.18181818181818182,0.0,0.8181818181818182,0.0,0.36363636363636365,0.18181818181818182
spkr56_6,1.0,0.75,0.8333333333333334,0.8333333333333334,0.25,0.4166666666666667,1.0,0.8333333333333334,1.0,0.6666666666666666,0.9166666666666666,0.6666666666666666,0.4166666666666667,0.75,0.8333333333333334,0.6666666666666666,0.6666666666666666,1.0,0.6666666666666666,0.6666666666666666,0.6666666666666666,0.5833333333333334,1.0,0.75,0.6666666666666666,0.75,0.5833333333333334,0.5833333333333334
spkr56_60,1.0,0.8823529411764706,0.8823529411764706,0.0,0.0,0.0,0.0,0.0,0.25,0.0,0.0,0.0,0.0,0.0,0.0,0.0,0.0,0.8823529411764706,0.23529411764705882,0.0,0.4117647058823529,0.0,0.47058823529411764,0.0,0.7058823529411765,0.11764705882352941,0.11764705882352941,0.058823529411764705
spkr56_61,1.0,0.4444444444444444,0.5555555555555556,0.0,0.0,0.0,0.0,0.0,0.2222222222222222,0.0,0.05555555555555555,0.0,0.0,0.0,0.0,0.0,0.0,1.0,0.5555555555555556,0.0,0.2777777777777778,0.05555555555555555,0.6666666666666666,0.0,0.3888888888888889,0.0,0.1111111111111111,0.0
spkr56_62,1.0,0.0,0.45454545454545453,0.0,0.0,0.0,0.0,0.0,0.2,0.0,0.0,0.0,0.0,0.09090909090909091,0.0,0.09090909090909091,0.0,0.9090909090909091,0.0,0.0,0.0,0.0,0.45454545454545453,0.0,0.18181818181818182,0.0,0.0,0.0
spkr56_63,0.8,0.7,0.7,0.3,0.0,0.0,0.0,0.3,0.2,0.1,0.1,0.2,0.2,0.2,0.1,0.3,0.3,0.9,0.3,0.1,0.3,0.1,0.2,0.0,0.3,0.2,0.0,0.3
spkr56_64,0.7647058823529411,0.5294117647058824,0.8823529411764706,0.29411764705882354,0.0,0.35294117647058826,0.17647058823529413,0.23529411764705882,0.8823529411764706,0.35294117647058826,0.47058823529411764,0.23529411764705882,0.23529411764705882,0.35294117647058826,0.23529411764705882,0.17647058823529413,0.29411764705882354,0.9411764705882353,0.23529411764705882,0.23529411764705882,0.5294117647058824,0.47058823529411764,0.7058823529411765,0.5882352941176471,0.7058823529411765,0.5294117647058824,0.4117647058823529,0.4117647058823529
spkr56_65,0.8695652173913043,0.6956521739130435,0.782608695652174,0.43478260869565216,0.08695652173913043,0.2608695652173913,0.391304347826087,0.391304347826087,0.782608695652174,0.5217391304347826,0.5217391304347826,0.5652173913043478,0.21739130434782608,0.5217391304347826,0.4782608695652174,0.13043478260869565,0.43478260869565216,0.8695652173913043,0.4782608695652174,0.4782608695652174,0.6086956521739131,0.6956521739130435,0.782608695652174,0.30434782608695654,0.782608695652174,0.6086956521739131,0.43478260869565216,0.4782608695652174
spkr56_66,0.8823529411764706,0.16666666666666666,0.2777777777777778,0.0,0.0,0.0,0.0,0.0,0.11764705882352941,0.0,0.0,0.0,0.0,0.0,0.0,0.0,0.0,0.7777777777777778,0.0,0.0,0.0,0.16666666666666666,0.2222222222222222,0.0,0.5,0.0,0.0,0.0
spkr56_67,0.7142857142857143,0.6428571428571429,0.7857142857142857,0.2857142857142857,0.0,0.0,0.42857142857142855,0.0,0.07142857142857142,0.7857142857142857,0.0,0.14285714285714285,0.0,0.5,0.0,0.0,0.0,1.0,0.5,0.5,0.6428571428571429,0.2857142857142857,0.42857142857142855,0.07142857142857142,0.9285714285714286,0.42857142857142855,0.9285714285714286,0.0
spkr56_68,1.0,0.5384615384615384,0.6923076923076923,0.38461538461538464,0.5384615384615384,0.5384615384615384,0.5384615384615384,0.5384615384615384,0.75,0.5384615384615384,0.5384615384615384,0.38461538461538464,0.5384615384615384,0.6153846153846154,0.38461538461538464,0.5384615384615384,0.38461538461538464,0.7692307692307693,0.46153846153846156,0.38461538461538464,0.5384615384615384,0.5384615384615384,0.6153846153846154,0.5384615384615384,0.5384615384615384,0.3076923076923077,0.46153846153846156,0.5384615384615384
spkr56_69,1.0,0.5555555555555556,0.7222222222222222,0.3888888888888889,0.0,0.16666666666666666,0.0,0.16666666666666666,0.6666666666666666,0.5,0.7222222222222222,0.3888888888888889,0.0,0.4444444444444444,0.0,0.0,0.4444444444444444,0.8888888888888888,0.2777777777777778,0.3888888888888889,0.5,0.5,0.3333333333333333,0.1111111111111111,0.5555555555555556,0.3888888888888889,0.5,0.16666666666666666
spkr56_7,0.8666666666666667,0.5625,0.8125,0.25,0.0,0.0,0.0,0.0,0.4666666666666667,0.125,0.0625,0.1875,0.0,0.0625,0.1875,0.0,0.0,0.8125,0.625,0.625,0.4375,0.0,0.4375,0.0,0.5,0.125,0.125,0.125
spkr56_71,1.0,0.5789473684210527,0.7894736842105263,0.15789473684210525,0.10526315789473684,0.05263157894736842,0.05263157894736842,0.15789473684210525,0.7777777777777778,0.3684210526315789,0.15789473684210525,0.15789473684210525,0.15789473684210525,0.21052631578947367,0.15789473684210525,0.21052631578947367,0.21052631578947367,1.0,0.15789473684210525,0.15789473684210525,0.3684210526315789,0.15789473684210525,0.3157894736842105,0.21052631578947367,0.47368421052631576,0.15789473684210525,0.15789473684210525,0.15789473684210525
spkr56_72,0.8421052631578947,0.7222222222222222,0.7777777777777778,0.3333333333333333,0.2222222222222222,0.0,0.0,0.2222222222222222,0.7894736842105263,0.8333333333333334,0.3333333333333333,0.0,0.0,0.4444444444444444,0.0,0.0,0.2222222222222222,0.8888888888888888,0.3333333333333333,0.6666666666666666,0.7777777777777778,0.3333333333333333,0.6666666666666666,0.3333333333333333,0.7222222222222222,0.2777777777777778,0.4444444444444444,0.2777777777777778
spkr56_73,0.6363636363636364,0.18181818181818182,0.45454545454545453,0.0,0.0,0.0,0.0,0.0,0.2727272727272727,0.36363636363636365,0.0,0.0,0.0,0.0,0.0,0.0,0.0,0.7272727272727273,0.0,0.0,0.0,0.2727272727272727,0.2727272727272727,0.0,0.36363636363636365,0.0,0.09090909090909091,0.0
spkr56_74,0.7857142857142857,0.6428571428571429,0.5714285714285714,0.0,0.0,0.0,0.0,0.21428571428571427,0.6428571428571429,0.5714285714285714,0.35714285714285715,0.0,0.0,0.35714285714285715,0.5714285714285714,0.0,0.0,0.8571428571428571,0.35714285714285715,0.42857142857142855,0.9285714285714286,0.6428571428571429,0.6428571428571429,0.35714285714285715,0.8571428571428571,0.6428571428571429,0.6428571428571429,0.35714285714285715
spkr56_75,0.6470588235294118,0.47058823529411764,0.47058823529411764,0.0,0.0,0.0,0.0,0.0,0.35294117647058826,0.17647058823529413,0.11764705882352941,0.29411764705882354,0.0,0.058823529411764705,0.0,0.0,0.0,0.9411764705882353,0.0,0.29411764705882354,0.35294117647058826,0.17647058823529413,0.23529411764705882,0.35294117647058826,0.23529411764705882,0.17647058823529413,0.23529411764705882,0.23529411764705882
spkr56_8,0.75,0.5625,0.5,0.0,0.0,0.0,0.1875,0.0,0.3125,0.25,0.0,0.1875,0.0,0.0,0.75,0.25,0.0,0.75,0.0,0.1875,0.0,0.3125,0.375,0.0,0.4375,0.1875,0.25,0.0
spkr56_9,0.6428571428571429,0.5,0.7142857142857143,0.2857142857142857,0.21428571428571427,0.2857142857142857,0.21428571428571427,0.2857142857142857,0.2857142857142857,0.35714285714285715,0.42857142857142855,0.35714285714285715,0.2857142857142857,0.35714285714285715,0.42857142857142855,0.2857142857142857,0.2857142857142857,0.8571428571428571,0.2857142857142857,0.42857142857142855,0.2857142857142857,0.5,0.14285714285714285,0.35714285714285715,0.42857142857142855,0.42857142857142855,0.21428571428571427,0.35714285714285715
spkr57_1,0.5,0.0,0.6,0.0,0.0,0.0,0.0,0.0,0.3,0.0,0.0,0.0,0.0,0.0,0.0,0.0,0.0,0.7,0.0,0.0,0.0,0.0,0.0,0.0,0.0,0.0,0.0,0.0
spkr57_10,0.23529411764705882,0.0,0.23529411764705882,0.0,0.0,0.0,0.0,0.0,0.0,0.0,0.0,0.0,0.0,0.0,0.0,0.0,0.0,0.47058823529411764,0.0,0.0,0.0,0.0,0.0,0.0,0.0,0.0,0.0,0.0
spkr57_11,0.5714285714285714,0.21428571428571427,0.14285714285714285,0.14285714285714285,0.0,0.0,0.0,0.14285714285714285,0.07142857142857142,0.07142857142857142,0.07142857142857142,0.0,0.0,0.07142857142857142,0.0,0.0,0.0,0.5,0.2857142857142857,0.14285714285714285,0.14285714285714285,0.07142857142857142,0.14285714285714285,0.07142857142857142,0.21428571428571427,0.14285714285714285,0.07142857142857142,0.07142857142857142
spkr57_12,0.7647058823529411,0.058823529411764705,0.5294117647058824,0.058823529411764705,0.0,0.0,0.058823529411764705,0.058823529411764705,0.058823529411764705,0.058823529411764705,0.0,0.058823529411764705,0.0,0.058823529411764705,0.0,0.0,0.058823529411764705,0.6470588235294118,0.058823529411764705,0.058823529411764705,0.23529411764705882,0.058823529411764705,0.058823529411764705,0.058823529411764705,0.058823529411764705,0.0,0.058823529411764705,0.058823529411764705
spkr57_13,0.75,0.11764705882352941,0.47058823529411764,0.0,0.0,0.0,0.0,0.0,0.3125,0.0,0.0,0.17647058823529413,0.0,0.0,0.0,0.0,0.0,0.5294117647058824,0.0,0.0,0.0,0.0,0.11764705882352941,0.0,0.23529411764705882,0.0,0.29411764705882354,0.17647058823529413
spkr57_14,0.7058823529411765,0.47058823529411764,0.6470588235294118,0.17647058823529413,0.11764705882352941,0.0,0.11764705882352941,0.0,0.35294117647058826,0.17647058823529413,0.23529411764705882,0.11764705882352941,0.0,0.23529411764705882,0.0,0.11764705882352941,0.0,0.29411764705882354,0.17647058823529413,0.17647058823529413,0.23529411764705882,0.17647058823529413,0.17647058823529413,0.11764705882352941,0.23529411764705882,0.17647058823529413,0.17647058823529413,0.17647058823529413
spkr57_15,0.5294117647058824,0.23529411764705882,0.23529411764705882,0.0,0.0,0.0,0.0,0.0,0.17647058823529413,0.0,0.0,0.0,0.0,0.0,0.0,0.0,0.0,0.7647058823529411,0.0,0.29411764705882354,0.17647058823529413,0.0,0.11764705882352941,0.0,0.058823529411764705,0.0,0.17647058823529413,0.11764705882352941
spkr57_18,0.5384615384615384,0.038461538461538464,0.6538461538461539,0.0,0.0,0.0,0.0,0.0,0.19230769230769232,0.0,0.0,0.0,0.0,0.0,0.0,0.0,0.0,0.4230769230769231,0.0,0.0,0.0,0.0,0.0,0.0,0.0,0.0,0.23076923076923078,0.0
spkr57_19,0.45161290322580644,0.22580645161290322,0.41935483870967744,0.12903225806451613,0.0,0.0,0.0,0.0,0.1935483870967742,0.0,0.0,0.0,0.0,0.03225806451612903,0.0,0.0,0.0,0.4838709677419355,0.0,0.12903225806451613,0.0,0.0,0.0,0.1935483870967742,0.0,0.0,0.03225806451612903,0.0
spkr57_2,0.7272727272727273,0.5454545454545454,0.45454545454545453,0.0,0.0,0.0,0.0,0.0,0.36363636363636365,0.0,0.2727272727272727,0.0,0.0,0.0,0.0,0.0,0.0,0.45454545454545453,0.0,0.0,0.09090909090909091,0.09090909090909091,0.2727272727272727,0.0,0.09090909090909091,0.0,0.18181818181818182,0.0
spkr57_20,0.5416666666666666,0.038461538461538464,0.6153846153846154,0.0,0.0,0.0,0.0,0.0,0.20833333333333334,0.038461538461538464,0.0,0.0,0.0,0.0,0.0,0.0,0.0,0.3076923076923077,0.0,0.07692307692307693,0.23076923076923078,0.0,0.11538461538461539,0.0,0.23076923076923078,0.0,0.38461538461538464,0.19230769230769232
spkr57_21,0.48,0.2962962962962963,0.2962962962962963,0.0,0.0,0.0,0.0,0.0,0.12,0.0,0.037037037037037035,0.037037037037037035,0.0,0.0,0.0,0.037037037037037035,0.0,0.1111111111111111,0.0,0.0,0.0,0.037037037037037035,0.07407407407407407,0.0,0.1111111111111111,0.037037037037037035,0.14814814814814814,0.0
spkr57_22,0.6666666666666666,0.5,0.4444444444444444,0.16666666666666666,0.0,0.0,0.0,0.2777777777777778,0.05555555555555555,0.0,0.1111111111111111,0.0,0.0,0.2222222222222222,0.0,0.0,0.0,0.0,0.0,0.0,0.16666666666666666,0.0,0.3333333333333333,0.0,0.1111111111111111,0.05555555555555555,0.1111111111111111,0.1111111111111111
spkr57_23,0.6,0.05,0.4,0.0,0.0,0.0,0.0,0.0,0.05,0.0,0.0,0.0,0.0,0.0,0.0,0.0,0.0,0.5,0.0,0.0,0.05,0.0,0.0,0.0,0.0,0.0,0.0,0.0
spkr57_24,0.5882352941176471,0.47368421052631576,0.47368421052631576,0.0,0.0,0.0,0.0,0.0,0.0,0.0,0.0,0.0,0.0,0.0,0.0,0.0,0.0,0.5263157894736842,0.05263157894736842,0.0,0.2631578947368421,0.0,0.0,0.0,0.10526315789473684,0.0,0.15789473684210525,0.0
spkr57_26,0.8333333333333334,0.10526315789473684,0.631578947368421,0.0,0.0,0.0,0.10526315789473684,0.0,0.2222222222222222,0.10526315789473684,0.0,0.05263157894736842,0.0,0.0,0.0,0.0,0.0,0.7368421052631579,0.05263157894736842,0.0,0.0,0.10526315789473684,0.3684210526315789,0.10526315789473684,0.10526315789473684,0.15789473684210525,0.10526315789473684,0.10526315789473684
spkr57_28,0.6,0.17647058823529413,0.35294117647058826,0.0,0.0,0.0,0.0,0.0,0.26666666666666666,0.058823529411764705,0.0,0.0,0.058823529411764705,0.0,0.058823529411764705,0.058823529411764705,0.0,0.4117647058823529,0.0,0.0,0.0,0.17647058823529413,0.17647058823529413,0.058823529411764705,0.11764705882352941,0.058823529411764705,0.0,0.058823529411764705
spkr57_29,0.6,0.3333333333333333,0.8666666666666667,0.0,0.0,0.0,0.0,0.0,0.0,0.0,0.0,0.0,0.0,0.0,0.0,0.0,0.0,0.6,0.0,0.0,0.0,0.0,0.0,0.0,0.0,0.0,0.0,0.0
spkr57_30,0.5333333333333333,0.26666666666666666,0.6666666666666666,0.0,0.0,0.0,0.0,0.0,0.0,0.0,0.13333333333333333,0.0,0.0,0.13333333333333333,0.0,0.0,0.0,0.4,0.13333333333333333,0.26666666666666666,0.13333333333333333,0.0,0.13333333333333333,0.0,0.0,0.13333333333333333,0.13333333333333333,0.0
spkr57_31,0.47368421052631576,0.05263157894736842,0.42105263157894735,0.0,0.0,0.0,0.0,0.0,0.05263157894736842,0.0,0.0,0.0,0.0,0.0,0.0,0.0,0.0,0.05263157894736842,0.0,0.0,0.0,0.0,0.0,0.05263157894736842,0.05263157894736842,0.0,0.0,0.05263157894736842
spkr57_33,0.6190476190476191,0.09090909090909091,0.4090909090909091,0.0,0.0,0.0,0.0,0.0,0.2857142857142857,0.0,0.3181818181818182,0.0,0.0,0.0,0.0,0.0,0.0,0.45454545454545453,0.0,0.0,0.18181818181818182,0.0,0.13636363636363635,0.045454545454545456,0.18181818181818182,0.0,0.045454545454545456,0.0
spkr57_34,0.3181818181818182,0.18181818181818182,0.3181818181818182,0.0,0.0,0.045454545454545456,0.0,0.045454545454545456,0.18181818181818182,0.09090909090909091,0.045454545454545456,0.045454545454545456,0.0,0.09090909090909091,0.045454545454545456,0.045454545454545456,0.0,0.5,0.045454545454545456,0.045454545454545456,0.045454545454545456,0.045454545454545456,0.045454545454545456,0.09090909090909091,0.09090909090909091,0.045454545454545456,0.09090909090909091,0.045454545454545456
spkr57_35,0.42857142857142855,0.0,0.5714285714285714,0.0,0.0,0.0,0.0,0.0,0.07142857142857142,0.0,0.0,0.0,0.0,0.0,0.0,0.0,0.0,0.0,0.0,0.07142857142857142,0.0,0.0,0.07142857142857142,0.0,0.0,0.0,0.0,0.0
spkr57_36,0.7777777777777778,0.1,0.4,0.0,0.0,0.0,0.0,0.0,0.1111111111111111,0.1,0.1,0.1,0.0,0.0,0.0,0.1,0.0,0.5,0.25,0.25,0.1,0.0,0.1,0.0,0.0,0.0,0.1,0.0
spkr57_37,0.6428571428571429,0.13333333333333333,0.4666666666666667,0.0,0.0,0.0,0.0,0.13333333333333333,0.07142857142857142,0.0,0.0,0.0,0.0,0.0,0.0,0.0,0.13333333333333333,0.5333333333333333,0.13333333333333333,0.0,0.26666666666666666,0.13333333333333333,0.3333333333333333,0.13333333333333333,0.13333333333333333,0.0,0.13333333333333333,0.0
spkr57_38,0.625,0.26666666666666666,0.7333333333333333,0.13333333333333333,0.0,0.0,0.0,0.13333333333333333,0.0,0.0,0.0,0.13333333333333333,0.0,0.13333333333333333,0.0,0.0,0.13333333333333333,0.6,0.13333333333333333,0.13333333333333333,0.13333333333333333,0.0,0.26666666666666666,0.0,0.13333333333333333,0.0,0.0,0.13333333333333333
spkr57_4,0.7857142857142857,0.0,0.15384615384615385,0.0,0.0,0.0,0.0,0.0,0.0,0.0,0.0,0.0,0.0,0.0,0.0,0.0,0.0,0.0,0.0,0.0,0.0,0.0,0.0,0.0,0.0,0.0,0.0,0.0
spkr57_40,0.7142857142857143,0.0,0.3333333333333333,0.0,0.0,0.0,0.0,0.0,0.0,0.0,0.0,0.0,0.0,0.0,0.0,0.0,0.0,0.3333333333333333,0.0,0.0,0.0,0.0,0.4,0.0,0.06666666666666667,0.0,0.0,0.0
spkr57_42,0.8181818181818182,0.9090909090909091,0.8181818181818182,0.45454545454545453,0.0,0.0,0.18181818181818182,0.18181818181818182,0.2727272727272727,0.36363636363636365,0.09090909090909091,0.2727272727272727,0.0,0.0,0.09090909090909091,0.0,0.36363636363636365,0.8181818181818182,0.45454545454545453,0.45454545454545453,0.45454545454545453,0.36363636363636365,0.09090909090909091,0.18181818181818182,0.09090909090909091,0.2727272727272727,0.2727272727272727,0.09090909090909091
spkr57_43,0.7692307692307693,0.07692307692307693,0.46153846153846156,0.0,0.0,0.0,0.0,0.0,0.0,0.0,0.0,0.0,0.0,0.0,0.0,1.0,0.0,0.0,0.0,0.0,0.0,0.0,0.0,0.0,0.0,0.0,0.0,0.0
spkr57_44,0.4375,0.125,0.3125,0.0625,0.0625,0.0625,0.0625,0.0625,0.4375,0.125,0.0625,0.0625,0.0625,0.0625,0.0625,0.0625,0.0625,0.0625,0.0625,0.0625,0.125,0.0625,0.125,0.0625,0.0625,0.0625,0.125,0.0625
spkr57_45,0.8,0.8181818181818182,0.9090909090909091,0.0,0.0,0.0,0.0,0.5454545454545454,0.9,0.0,0.0,0.0,0.09090909090909091,0.0,0.0,0.36363636363636365,0.0,0.8181818181818182,0.2727272727272727,0.2727272727272727,0.2727272727272727,0.2727272727272727,0.5454545454545454,0.09090909090909091,0.7272727272727273,0.5454545454545454,0.36363636363636365,0.18181818181818182
spkr57_46,0.8,0.13333333333333333,0.6,0.0,0.0,0.0,0.0,0.0,0.0,0.0,0.0,0.0,0.0,0.0,0.0,0.0,0.0,0.13333333333333333,0.0,0.0,0.06666666666666667,0.0,0.0,0.0,0.0,0.0,0.06666666666666667,0.0
spkr57_5,0.4666666666666667,0.13333333333333333,0.3333333333333333,0.13333333333333333,0.0,0.13333333333333333,0.13333333333333333,0.0,0.06666666666666667,0.06666666666666667,0.06666666666666667,0.2,0.0,0.0,0.13333333333333333,0.0,0.0,0.2,0.0,0.2,0.4666666666666667,0.0,0.0,0.06666666666666667,0.13333333333333333,0.0,0.0,0.0
spkr57_50,0.5333333333333333,0.1935483870967742,0.4838709677419355,0.0,0.0,0.0,0.0,0.0,0.16666666666666666,0.0,0.0,0.0,0.0,0.0,0.0,0.0,0.0,0.16129032258064516,0.0,0.0,0.0,0.06451612903225806,0.0,0.0,0.03225806451612903,0.0,0.03225806451612903,0.0
spkr57_51,0.8571428571428571,0.2857142857142857,0.7142857142857143,0.21428571428571427,0.0,0.14285714285714285,0.07142857142857142,0.35714285714285715,0.7142857142857143,0.2857142857142857,0.14285714285714285,0.5,0.21428571428571427,0.21428571428571427,0.14285714285714285,0.14285714285714285,0.35714285714285715,0.8571428571428571,0.2857142857142857,0.35714285714285715,0.21428571428571427,0.0,0.21428571428571427,0.35714285714285715,0.5,0.14285714285714285,0.42857142857142855,0.21428571428571427
spkr57_52,0.7272727272727273,0.2727272727272727,0.5454545454545454,0.0,0.0,0.0,0.0,0.0,0.09090909090909091,0.0,0.0,0.0,0.0,0.0,0.0,0.0,0.0,0.36363636363636365,0.0,0.0,0.0,0.18181818181818182,0.0,0.0,0.0,0.0,0.2727272727272727,0.0
spkr57_53,0.3333333333333333,0.13333333333333333,0.5333333333333333,0.06666666666666667,0.06666666666666667,0.06666666666666667,0.06666666666666667,0.06666666666666667,0.06666666666666667,0.06666666666666667,0.06666666666666667,0.06666666666666667,0.06666666666666667,0.0,0.06666666666666667,0.06666666666666667,0.06666666666666667,0.26666666666666666,0.13333333333333333,0.06666666666666667,0.06666666666666667,0.06666666666666667,0.06666666666666667,0.0,0.2,0.06666666666666667,0.06666666666666667,0.06666666666666667
spkr57_54,1.0,0.2857142857142857,0.7142857142857143,0.0,0.0,0.0,0.0,0.0,0.3333333333333333,0.5714285714285714,0.0,0.0,0.0,0.0,0.0,0.0,0.0,0.2857142857142857,0.0,0.8571428571428571,0.0,0.0,0.8571428571428571,0.2857142857142857,0.2857142857142857,0.2857142857142857,0.7142857142857143,0.2857142857142857
spkr57_55,0.8,0.23529411764705882,0.7647058823529411,0.058823529411764705,0.058823529411764705,0.058823529411764705,0.17647058823529413,0.11764705882352941,0.26666666666666666,0.11764705882352941,0.058823529411764705,0.23529411764705882,0.058823529411764705,0.11764705882352941,0.058823529411764705,0.11764705882352941,0.11764705882352941,0.7058823529411765,0.23529411764705882,0.23529411764705882,0.23529411764705882,0.11764705882352941,0.11764705882352941,0.058823529411764705,0.23529411764705882,0.11764705882352941,0.17647058823529413,0.058823529411764705
spkr57_56,0.5,0.4,0.4,0.4,0.1,0.0,0.0,0.2,0.2,0.3,0.2,0.1,0.1,0.2,0.1,0.1,0.1,0.4,0.2,0.3,0.0,0.1,0.1,0.1,0.3,0.0,0.1,0.1
spkr57_57,0.7333333333333333,0.11764705882352941,0.35294117647058826,0.0,0.0,0.0,0.0,0.0,0.2,0.0,0.0,0.0,0.0,0.0,0.0,0.0,0.0,0.23529411764705882,0.0,0.0,0.0,0.0,0.0,0.0,0.0,0.0,0.058823529411764705,0.0
spkr57_58,0.8571428571428571,0.13636363636363635,0.4090909090909091,0.0,0.0,0.0,0.0,0.0,0.19047619047619047,0.0,0.0,0.0,0.0,0.0,0.0,0.0,0.0,0.18181818181818182,0.0,0.0,0.0,0.0,0.09090909090909091,0.0,0.0,0.0,0.0,0.0
spkr57_59,0.45454545454545453,0.0,0.5454545454545454,0.0,0.0,0.0,0.0,0.0,0.18181818181818182,0.0,0.0,0.0,0.0,0.0,0.0,0.0,0.0,0.45454545454545453,0.18181818181818182,0.0,0.0,0.0,0.36363636363636365,0.36363636363636365,0.36363636363636365,0.0,0.2727272727272727,0.36363636363636365
spkr57_6,0.5,0.25,0.6666666666666666,0.0,0.0,0.0,0.0,0.0,0.08333333333333333,0.0,0.16666666666666666,0.25,0.0,0.16666666666666666,0.0,0.0,0.0,0.8333333333333334,0.0,0.0,0.0,0.0,0.0,0.08333333333333333,0.4166666666666667,0.0,0.5,0.16666666666666666
spkr57_60,0.8125,0.29411764705882354,0.6470588235294118,0.11764705882352941,0.0,0.0,0.0,0.0,0.125,0.0,0.0,0.0,0.0,0.058823529411764705,0.0,0.0,0.0,0.5294117647058824,0.0,0.0,0.11764705882352941,0.0,0.0,0.0,0.0,0.0,0.11764705882352941,0.0
spkr57_61,0.6666666666666666,0.5555555555555556,0.5,0.0,0.05555555555555555,0.16666666666666666,0.16666666666666666,0.16666666666666666,0.2777777777777778,0.05555555555555555,0.0,0.0,0.0,0.0,0.16666666666666666,0.3333333333333333,0.0,0.3333333333333333,0.3333333333333333,0.0,0.0,0.05555555555555555,0.16666666666666666,0.0,0.1111111111111111,0.05555555555555555,0.05555555555555555,0.05555555555555555
spkr57_62,0.7,0.09090909090909091,0.45454545454545453,0.0,0.0,0.0,0.0,0.0,0.3,0.0,0.0,0.0,0.0,0.0,0.0,0.09090909090909091,0.0,0.0,0.0,0.0,0.0,0.0,0.0,0.0,0.0,0.0,0.0,0.0
spkr57_63,0.7,0.5,0.3,0.0,0.0,0.0,0.0,0.0,0.2,0.1,0.0,0.0,0.0,0.0,0.0,0.1,0.0,0.0,0.2,0.0,0.0,0.2,0.2,0.0,0.2,0.1,0.1,0.0
spkr57_64,0.7058823529411765,0.4117647058823529,0.5882352941176471,0.29411764705882354,0.35294117647058826,0.11764705882352941,0.11764705882352941,0.11764705882352941,0.29411764705882354,0.29411764705882354,0.17647058823529413,0.29411764705882354,0.11764705882352941,0.23529411764705882,0.23529411764705882,0.11764705882352941,0.23529411764705882,0.47058823529411764,0.23529411764705882,0.23529411764705882,0.29411764705882354,0.17647058823529413,0.23529411764705882,0.17647058823529413,0.35294117647058826,0.23529411764705882,0.4117647058823529,0.11764705882352941
spkr57_65,0.34782608695652173,0.08695652173913043,0.6086956521739131,0.0,0.0,0.0,0.0,0.0,0.08695652173913043,0.0,0.0,0.0,0.0,0.0,0.0,0.0,0.0,0.6086956521739131,0.13043478260869565,0.043478260869565216,0.0,0.0,0.13043478260869565,0.0,0.0,0.0,0.08695652173913043,0.0
spkr57_66,0.6470588235294118,0.0,0.2222222222222222,0.16666666666666666,0.0,0.0,0.0,0.0,0.058823529411764705,0.05555555555555555,0.05555555555555555,0.0,0.0,0.0,0.05555555555555555,0.0,0.0,0.2222222222222222,0.05555555555555555,0.05555555555555555,0.05555555555555555,0.0,0.2222222222222222,0.0,0.1111111111111111,0.05555555555555555,0.05555555555555555,0.05555555555555555
spkr57_67,0.5714285714285714,0.0,0.7142857142857143,0.0,0.0,0.0,0.0,0.0,0.0,0.0,0.0,0.0,0.0,0.0,0.0,0.0,0.0,0.7142857142857143,0.0,0.0,0.0,0.0,0.0,0.0,0.0,0.0,0.0,0.0
spkr57_68,0.5833333333333334,0.15384615384615385,0.5384615384615384,0.0,0.0,0.0,0.0,0.0,0.08333333333333333,0.0,0.0,0.0,0.0,0.0,0.0,0.0,0.0,0.15384615384615385,0.0,0.46153846153846156,0.15384615384615385,0.0,0.38461538461538464,0.0,0.0,0.07692307692307693,0.46153846153846156,0.07692307692307693
spkr57_69,0.5555555555555556,0.1111111111111111,0.6666666666666666,0.0,0.0,0.0,0.0,0.05555555555555555,0.1111111111111111,0.0,0.0,0.05555555555555555,0.0,0.0,0.0,0.0,0.0,0.7222222222222222,0.05555555555555555,0.05555555555555555,0.2222222222222222,0.0,0.1111111111111111,0.0,0.2777777777777778,0.0,0.1111111111111111,0.0
spkr57_7,0.6666666666666666,0.375,0.875,0.0,0.0,0.0,0.0,0.0,0.06666666666666667,0.0,0.0,0.0,0.0,0.0,0.0,0.0,0.0,0.375,0.125,0.0,0.0625,0.0625,0.0625,0.0,0.0,0.0,0.0625,0.0
spkr57_70,0.625,0.0,0.375,0.0,0.0,0.0,0.0,0.0,0.25,0.0,0.0,0.25,0.0,0.0625,0.0,0.0,0.0,0.25,0.0,0.0,0.0625,0.0,0.0625,0.0,0.125,0.0,0.0,0.0
spkr57_71,0.8888888888888888,0.10526315789473684,0.5263157894736842,0.0,0.0,0.0,0.0,0.0,0.3333333333333333,0.05263157894736842,0.05263157894736842,0.0,0.0,0.15789473684210525,0.0,0.05263157894736842,0.0,0.5263157894736842,0.0,0.0,0.2631578947368421,0.05263157894736842,0.2631578947368421,0.10526315789473684,0.05263157894736842,0.10526315789473684,0.05263157894736842,0.10526315789473684
spkr57_72,0.631578947368421,0.6111111111111112,0.5,0.0,0.0,0.0,0.0,0.0,0.21052631578947367,0.1111111111111111,0.0,0.0,0.0,0.0,0.0,0.0,0.0,0.6111111111111112,0.0,0.2222222222222222,0.0,0.0,0.2222222222222222,0.0,0.2777777777777778,0.2222222222222222,0.3333333333333333,0.1111111111111111
spkr57_73,1.0,0.18181818181818182,0.5454545454545454,0.0,0.0,0.0,0.0,0.0,0.18181818181818182,0.09090909090909091,0.0,0.0,0.0,0.0,0.0,0.45454545454545453,0.0,0.2727272727272727,0.0,0.0,0.0,0.2727272727272727,0.0,0.09090909090909091,0.2727272727272727,0.09090909090909091,0.2727272727272727,0.0
spkr57_74,0.5,0.07142857142857142,0.6428571428571429,0.0,0.0,0.0,0.0,0.0,0.07142857142857142,0.0,0.0,0.0,0.0,0.0,0.0,0.0,0.0,0.5714285714285714,0.0,0.0,0.0,0.0,0.0,0.0,0.0,0.0,0.2857142857142857,0.0
spkr57_75,0.47058823529411764,0.17647058823529413,0.23529411764705882,0.0,0.0,0.0,0.0,0.17647058823529413,0.23529411764705882,0.23529411764705882,0.0,0.0,0.0,0.0,0.0,0.0,0.0,0.4117647058823529,0.11764705882352941,0.29411764705882354,0.23529411764705882,0.29411764705882354,0.17647058823529413,0.11764705882352941,0.17647058823529413,0.23529411764705882,0.35294117647058826,0.17647058823529413
spkr57_8,0.875,0.375,0.4375,0.0,0.0,0.0,0.0,0.0,0.3125,0.0625,0.0,0.0,0.0,0.0,0.0,0.0,0.0,0.75,0.0,0.0,0.0,0.125,0.3125,0.0,0.125,0.0,0.0,0.0
spkr57_9,0.42857142857142855,0.21428571428571427,0.21428571428571427,0.07142857142857142,0.21428571428571427,0.07142857142857142,0.07142857142857142,0.07142857142857142,0.21428571428571427,0.07142857142857142,0.21428571428571427,0.21428571428571427,0.07142857142857142,0.07142857142857142,0.21428571428571427,0.07142857142857142,0.07142857142857142,0.5714285714285714,0.14285714285714285,0.07142857142857142,0.07142857142857142,0.07142857142857142,0.21428571428571427,0.07142857142857142,0.07142857142857142,0.14285714285714285,0.07142857142857142,0.07142857142857142
spkr64_1,0.8,0.3,0.6,0.0,0.0,0.0,0.0,0.0,0.4,0.0,0.0,0.0,0.0,0.0,0.0,0.2,0.0,1.0,0.0,0.0,0.2,0.2,0.4,0.0,0.5,0.1,0.3,0.0
spkr64_10,0.6470588235294118,0.29411764705882354,0.4117647058823529,0.058823529411764705,0.058823529411764705,0.11764705882352941,0.058823529411764705,0.058823529411764705,0.11764705882352941,0.11764705882352941,0.11764705882352941,0.058823529411764705,0.058823529411764705,0.11764705882352941,0.058823529411764705,0.11764705882352941,0.058823529411764705,0.9411764705882353,0.058823529411764705,0.058823529411764705,0.058823529411764705,0.058823529411764705,0.058823529411764705,0.058823529411764705,0.058823529411764705,0.058823529411764705,0.058823529411764705,0.058823529411764705
spkr64_11,0.5714285714285714,0.6428571428571429,0.5,0.2857142857142857,0.0,0.0,0.0,0.0,0.6428571428571429,0.14285714285714285,0.07142857142857142,0.21428571428571427,0.0,0.21428571428571427,0.0,0.0,0.0,0.5,0.35714285714285715,0.35714285714285715,0.35714285714285715,0.14285714285714285,0.21428571428571427,0.07142857142857142,0.42857142857142855,0.14285714285714285,0.42857142857142855,0.2857142857142857
spkr64_12,0.5294117647058824,0.23529411764705882,0.7058823529411765,0.29411764705882354,0.0,0.0,0.0,0.0,0.058823529411764705,0.0,0.0,0.11764705882352941,0.0,0.11764705882352941,0.0,0.0,0.058823529411764705,1.0,0.058823529411764705,0.17647058823529413,0.29411764705882354,0.17647058823529413,0.17647058823529413,0.0,0.17647058823529413,0.0,0.29411764705882354,0.0
spkr64_13,1.0,0.11764705882352941,0.29411764705882354,0.0,0.0,0.0,0.0,0.0,0.5,0.0,0.0,0.0,0.0,0.0,0.0,0.0,0.0,0.5294117647058824,0.058823529411764705,0.0,0.17647058823529413,0.0,0.17647058823529413,0.058823529411764705,0.11764705882352941,0.0,0.058823529411764705,0.11764705882352941
spkr64_14,0.6470588235294118,0.6470588235294118,0.6470588235294118,0.29411764705882354,0.11764705882352941,0.0,0.23529411764705882,0.23529411764705882,0.23529411764705882,0.11764705882352941,0.23529411764705882,0.23529411764705882,0.23529411764705882,0.35294117647058826,0.35294117647058826,0.35294117647058826,0.23529411764705882,0.7647058823529411,0.23529411764705882,0.23529411764705882,0.29411764705882354,0.23529411764705882,0.29411764705882354,0.23529411764705882,0.29411764705882354,0.23529411764705882,0.23529411764705882,0.29411764705882354
spkr64_15,0.6470588235294118,0.47058823529411764,0.7058823529411765,0.29411764705882354,0.0,0.0,0.0,0.0,0.5294117647058824,0.17647058823529413,0.17647058823529413,0.29411764705882354,0.0,0.17647058823529413,0.0,0.058823529411764705,0.0,0.8235294117647058,0.35294117647058826,0.8235294117647058,0.4117647058823529,0.29411764705882354,0.35294117647058826,0.29411764705882354,0.5882352941176471,0.0,0.4117647058823529,0.11764705882352941
spkr64_18,0.6538461538461539,0.5,0.5769230769230769,0.19230769230769232,0.0,0.0,0.0,0.0,0.2692307692307692,0.15384615384615385,0.0,0.19230769230769232,0.0,0.0,0.0,0.0,0.0,0.5,0.11538461538461539,0.15384615384615385,0.23076923076923078,0.19230769230769232,0.34615384615384615,0.0,0.15384615384615385,0.15384615384615385,0.5,0.0
spkr64_19,0.4838709677419355,0.03225806451612903,0.45161290322580644,0.0,0.0,0.0,0.0,0.0,0.03225806451612903,0.0,0.0,0.0,0.0,0.0,0.0,0.0,0.0,0.3225806451612903,0.0,0.06451612903225806,0.0,0.0,0.0,0.0,0.0,0.0,0.03225806451612903,0.0
spkr64_2,1.0,0.5454545454545454,0.5454545454545454,0.5454545454545454,0.0,0.0,0.0,0.0,0.8181818181818182,0.0,0.0,0.0,0.0,0.0,0.0,0.0,0.0,1.0,0.18181818181818182,0.7272727272727273,0.18181818181818182,0.5454545454545454,0.2727272727272727,0.0,0.5454545454545454,0.0,0.36363636363636365,0.09090909090909091
spkr64_20,0.9166666666666666,0.23076923076923078,0.6153846153846154,0.0,0.0,0.0,0.0,0.2692307692307692,0.2916666666666667,0.23076923076923078,0.19230769230769232,0.2692307692307692,0.0,0.19230769230769232,0.0,0.0,0.2692307692307692,0.2692307692307692,0.19230769230769232,0.2692307692307692,0.19230769230769232,0.19230769230769232,0.23076923076923078,0.15384615384615385,0.4230769230769231,0.23076923076923078,0.23076923076923078,0.23076923076923078
spkr64_21,0.48,0.0,0.2962962962962963,0.0,0.0,0.0,0.0,0.0,0.12,0.0,0.037037037037037035,0.0,0.0,0.0,0.0,0.0,0.0,0.37037037037037035,0.0,0.0,0.0,0.0,0.0,0.0,0.0,0.0,0.14814814814814814,0.0
spkr64_22,0.5,0.3888888888888889,0.6111111111111112,0.0,0.0,0.0,0.0,0.0,0.0,0.05555555555555555,0.0,0.0,0.0,0.1111111111111111,0.0,0.0,0.0,0.3333333333333333,0.0,0.0,0.0,0.0,0.05555555555555555,0.0,0.0,0.0,0.3333333333333333,0.0
spkr64_23,0.5,0.15,0.4,0.1,0.1,0.1,0.1,0.1,0.2,0.1,0.1,0.1,0.1,0.1,0.1,0.0,0.1,0.3,0.1,0.3,0.25,0.1,0.15,0.1,0.1,0.1,0.1,0.1
spkr64_24,0.8235294117647058,0.21052631578947367,0.42105263157894735,0.0,0.0,0.0,0.0,0.0,0.058823529411764705,0.10526315789473684,0.15789473684210525,0.0,0.0,0.0,0.0,0.0,0.0,0.5263157894736842,0.15789473684210525,0.15789473684210525,0.0,0.10526315789473684,0.15789473684210525,0.0,0.15789473684210525,0.0,0.0,0.15789473684210525
spkr64_26,0.8888888888888888,0.7368421052631579,0.631578947368421,0.21052631578947367,0.21052631578947367,0.0,0.21052631578947367,0.21052631578947367,0.3333333333333333,0.3157894736842105,0.21052631578947367,0.21052631578947367,0.21052631578947367,0.2631578947368421,0.2631578947368421,0.3684210526315789,0.21052631578947367,0.3684210526315789,0.21052631578947367,0.21052631578947367,0.21052631578947367,0.3157894736842105,0.3157894736842105,0.2631578947368421,0.3684210526315789,0.3684210526315789,0.42105263157894735,0.3157894736842105
spkr64_28,0.7333333333333333,0.47058823529411764,0.35294117647058826,0.11764705882352941,0.17647058823529413,0.0,0.0,0.0,0.26666666666666666,0.11764705882352941,0.11764705882352941,0.11764705882352941,0.058823529411764705,0.058823529411764705,0.17647058823529413,0.17647058823529413,0.11764705882352941,0.7647058823529411,0.0,0.0,0.35294117647058826,0.17647058823529413,0.17647058823529413,0.17647058823529413,0.29411764705882354,0.17647058823529413,0.11764705882352941,0.17647058823529413
spkr64_29,0.8,0.4,0.6666666666666666,0.13333333333333333,0.13333333333333333,0.13333333333333333,0.13333333333333333,0.13333333333333333,0.4666666666666667,0.13333333333333333,0.13333333333333333,0.2,0.13333333333333333,0.13333333333333333,0.13333333333333333,0.13333333333333333,0.13333333333333333,0.9333333333333333,0.13333333333333333,0.13333333333333333,0.2,0.13333333333333333,0.3333333333333333,0.13333333333333333,0.3333333333333333,0.13333333333333333,0.26666666666666666,0.13333333333333333
spkr64_30,0.4666666666666667,0.3333333333333333,0.7333333333333333,0.2,0.0,0.0,0.0,0.0,0.4666666666666667,0.4,0.0,0.0,0.0,0.06666666666666667,0.0,0.0,0.0,0.5333333333333333,0.06666666666666667,0.26666666666666666,0.26666666666666666,0.4666666666666667,0.26666666666666666,0.0,0.26666666666666666,0.13333333333333333,0.26666666666666666,0.0
spkr64_31,0.631578947368421,0.21052631578947367,0.47368421052631576,0.0,0.0,0.0,0.0,0.0,0.15789473684210525,0.10526315789473684,0.0,0.10526315789473684,0.0,0.2631578947368421,0.0,0.0,0.0,0.7368421052631579,0.0,0.0,0.0,0.0,0.0,0.10526315789473684,0.3157894736842105,0.10526315789473684,0.21052631578947367,0.10526315789473684
spkr64_33,0.7619047619047619,0.09090909090909091,0.4090909090909091,0.0,0.0,0.0,0.0,0.0,0.14285714285714285,0.0,0.09090909090909091,0.0,0.0,0.0,0.0,0.0,0.0,0.7727272727272727,0.0,0.0,0.0,0.0,0.0,0.0,0.09090909090909091,0.0,0.18181818181818182,0.0
spkr64_34,0.5,0.22727272727272727,0.45454545454545453,0.0,0.0,0.0,0.0,0.0,0.13636363636363635,0.045454545454545456,0.0,0.0,0.0,0.0,0.0,0.045454545454545456,0.0,0.5909090909090909,0.0,0.0,0.09090909090909091,0.0,0.09090909090909091,0.0,0.18181818181818182,0.0,0.045454545454545456,0.045454545454545456
spkr64_35,0.5714285714285714,0.14285714285714285,0.5714285714285714,0.2857142857142857,0.14285714285714285,0.14285714285714285,0.14285714285714285,0.14285714285714285,0.2857142857142857,0.2857142857142857,0.2857142857142857,0.14285714285714285,0.14285714285714285,0.2857142857142857,0.14285714285714285,0.14285714285714285,0.14285714285714285,0.14285714285714285,0.14285714285714285,0.14285714285714285,0.14285714285714285,0.2857142857142857,0.2857142857142857,0.2857142857142857,0.35714285714285715,0.2857142857142857,0.14285714285714285,0.2857142857142857
spkr64_36,0.6111111111111112,0.05,0.5,0.0,0.0,0.0,0.15,0.0,0.2777777777777778,0.0,0.05,0.15,0.0,0.05,0.0,0.1,0.0,0.7,0.0,0.05,0.2,0.0,0.0,0.05,0.2,0.0,0.1,0.05
spkr64_37,0.9285714285714286,0.2,0.6,0.0,0.0,0.0,0.0,0.0,0.7142857142857143,0.06666666666666667,0.0,0.0,0.0,0.2,0.0,0.06666666666666667,0.0,0.7333333333333333,0.0,0.0,0.26666666666666666,0.0,0.2,0.26666666666666666,0.26666666666666666,0.2,0.2,0.26666666666666666
spkr64_4,0.9285714285714286,0.5384615384615384,0.5384615384615384,0.0,0.0,0.0,0.0,0.0,0.0,0.0,0.0,0.3076923076923077,0.0,0.0,0.0,0.0,0.0,0.6153846153846154,0.38461538461538464,0.0,0.3076923076923077,0.0,0.3076923076923077,0.0,0.0,0.0,0.0,0.0
spkr64_40,0.42857142857142855,0.4666666666666667,0.3333333333333333,0.3333333333333333,0.0,0.0,0.0,0.0,0.2857142857142857,0.0,0.0,0.0,0.0,0.3333333333333333,0.0,0.0,0.3333333333333333,0.6666666666666666,0.0,0.3333333333333333,0.3333333333333333,0.3333333333333333,0.5333333333333333,0.0,0.2,0.26666666666666666,0.13333333333333333,0.26666666666666666
spkr64_42,0.9090909090909091,0.7272727272727273,0.6363636363636364,0.2727272727272727,0.2727272727272727,0.18181818181818182,0.09090909090909091,0.2727272727272727,0.2727272727272727,0.2727272727272727,0.18181818181818182,0.18181818181818182,0.09090909090909091,0.36363636363636365,0.09090909090909091,0.0,0.2727272727272727,0.7272727272727273,0.36363636363636365,0.2727272727272727,0.5454545454545454,0.2727272727272727,0.45454545454545453,0.18181818181818182,0.09090909090909091,0.2727272727272727,0.09090909090909091,0.09090909090909091
spkr64_43,0.6923076923076923,0.38461538461538464,0.38461538461538464,0.15384615384615385,0.0,0.0,0.0,0.0,0.8461538461538461,0.46153846153846156,0.46153846153846156,0.15384615384615385,0.15384615384615385,0.46153846153846156,0.6923076923076923,0.15384615384615385,0.0,0.5384615384615384,0.15384615384615385,0.23076923076923078,0.38461538461538464,0.46153846153846156,0.38461538461538464,0.3076923076923077,0.6153846153846154,0.46153846153846156,0.5384615384615384,0.46153846153846156
spkr64_44,1.0,0.5,0.6875,0.5,0.1875,0.0625,0.3125,0.3125,0.625,0.1875,0.375,0.1875,0.1875,0.1875,0.125,0.0625,0.1875,0.4375,0.4375,0.5,0.4375,0.3125,0.625,0.1875,0.3125,0.375,0.3125,0.375
spkr64_45,1.0,0.6363636363636364,0.45454545454545453,0.0,0.0,0.0,0.09090909090909091,0.0,0.7,0.0,0.0,0.0,0.0,0.0,0.0,0.0,0.0,0.5454545454545454,0.09090909090909091,0.0,0.0,0.0,0.18181818181818182,0.0,0.09090909090909091,0.0,0.0,0.0
spkr64_46,0.9333333333333333,0.13333333333333333,0.6666666666666666,0.13333333333333333,0.13333333333333333,0.0,0.13333333333333333,0.13333333333333333,0.4666666666666667,0.4,0.2,0.13333333333333333,0.0,0.0,0.13333333333333333,0.0,0.13333333333333333,0.8666666666666667,0.06666666666666667,0.4666666666666667,0.3333333333333333,0.3333333333333333,0.2,0.13333333333333333,0.4,0.2,0.2,0.5333333333333333
spkr64_5,1.0,0.26666666666666666,0.4,0.0,0.0,0.0,0.0,0.0,0.13333333333333333,0.06666666666666667,0.0,0.06666666666666667,0.0,0.0,0.0,0.06666666666666667,0.0,0.6666666666666666,0.0,0.26666666666666666,0.26666666666666666,0.06666666666666667,0.26666666666666666,0.0,0.0,0.06666666666666667,0.0,0.0
spkr64_50,0.8,0.1935483870967742,0.45161290322580644,0.03225806451612903,0.03225806451612903,0.0,0.03225806451612903,0.03225806451612903,0.1,0.03225806451612903,0.03225806451612903,0.0967741935483871,0.03225806451612903,0.0967741935483871,0.03225806451612903,0.0,0.03225806451612903,0.5483870967741935,0.03225806451612903,0.03225806451612903,0.16129032258064516,0.12903225806451613,0.0967741935483871,0.03225806451612903,0.2903225806451613,0.03225806451612903,0.03225806451612903,0.03225806451612903
spkr64_51,0.7857142857142857,0.5714285714285714,0.42857142857142855,0.14285714285714285,0.07142857142857142,0.0,0.07142857142857142,0.07142857142857142,0.42857142857142855,0.14285714285714285,0.14285714285714285,0.0,0.07142857142857142,0.21428571428571427,0.14285714285714285,0.2857142857142857,0.0,0.7857142857142857,0.5714285714285714,0.14285714285714285,0.42857142857142855,0.21428571428571427,0.42857142857142855,0.14285714285714285,0.2857142857142857,0.14285714285714285,0.14285714285714285,0.07142857142857142
spkr64_52,0.7272727272727273,0.36363636363636365,0.5454545454545454,0.0,0.2727272727272727,0.0,0.0,0.0,0.6363636363636364,0.36363636363636365,0.0,0.0,0.0,0.18181818181818182,0.0,0.0,0.0,0.8181818181818182,0.0,0.0,0.18181818181818182,0.45454545454545453,0.0,0.18181818181818182,0.36363636363636365,0.18181818181818182,0.18181818181818182,0.18181818181818182
spkr64_53,0.6666666666666666,0.13333333333333333,0.6,0.4,0.06666666666666667,0.06666666666666667,0.13333333333333333,0.13333333333333333,0.26666666666666666,0.13333333333333333,0.13333333333333333,1.0,0.13333333333333333,0.13333333333333333,0.06666666666666667,0.06666666666666667,0.13333333333333333,0.8,0.2,0.13333333333333333,0.06666666666666667,0.13333333333333333,0.13333333333333333,0.13333333333333333,0.06666666666666667,0.13333333333333333,0.13333333333333333,0.13333333333333333
spkr64_54,0.6666666666666666,0.7142857142857143,0.8571428571428571,0.0,0.0,0.0,0.2857142857142857,0.0,1.0,0.42857142857142855,0.0,0.0,0.0,0.0,0.2857142857142857,0.2857142857142857,0.2857142857142857,0.14285714285714285,0.0,0.0,0.0,0.2857142857142857,0.7142857142857143,0.2857142857142857,0.2857142857142857,0.42857142857142855,0.7142857142857143,0.2857142857142857
spkr64_55,1.0,0.4117647058823529,0.7058823529411765,0.0,0.0,0.0,0.17647058823529413,0.0,0.3333333333333333,0.0,0.0,0.0,0.0,0.058823529411764705,0.0,0.17647058823529413,0.0,0.7058823529411765,0.0,0.0,0.058823529411764705,0.17647058823529413,0.058823529411764705,0.0,0.23529411764705882,0.058823529411764705,0.058823529411764705,0.0
spkr64_56,0.8,0.5,0.3,0.3,0.0,0.0,0.0,0.2,0.4,0.2,0.1,0.6,0.1,0.0,0.0,0.1,0.0,0.6,0.1,0.3,0.3,0.2,0.2,0.3,0.2,0.4,0.6,0.1
spkr64_57,1.0,0.5882352941176471,0.7058823529411765,0.29411764705882354,0.23529411764705882,0.23529411764705882,0.29411764705882354,0.29411764705882354,0.9333333333333333,0.23529411764705882,0.23529411764705882,0.23529411764705882,0.23529411764705882,0.23529411764705882,0.8823529411764706,0.23529411764705882,0.4117647058823529,0.23529411764705882,0.0,0.23529411764705882,0.23529411764705882,0.17647058823529413,0.8823529411764706,0.17647058823529413,0.7647058823529411,0.23529411764705882,0.29411764705882354,0.17647058823529413
spkr64_58,0.9523809523809523,0.13636363636363635,0.45454545454545453,0.0,0.0,0.0,0.0,0.0,0.14285714285714285,0.0,0.045454545454545456,0.0,0.0,0.0,0.0,0.0,0.0,0.8181818181818182,0.0,0.0,0.0,0.0,0.045454545454545456,0.0,0.13636363636363635,0.0,0.09090909090909091,0.0
spkr64_59,1.0,0.5454545454545454,0.5454545454545454,0.0,0.0,0.0,0.18181818181818182,0.0,0.45454545454545453,0.2727272727272727,0.2727272727272727,0.0,0.0,0.2727272727272727,0.0,0.18181818181818182,0.0,0.8181818181818182,0.0,0.2727272727272727,0.2727272727272727,0.36363636363636365,0.36363636363636365,0.2727272727272727,0.2727272727272727,0.2727272727272727,0.5454545454545454,0.2727272727272727
spkr64_6,1.0,0.75,0.75,0.75,0.0,0.0,0.0,0.08333333333333333,0.6666666666666666,0.0,0.0,0.0,0.0,0.25,0.3333333333333333,0.0,0.0,0.9166666666666666,0.0,0.0,0.0,0.3333333333333333,0.16666666666666666,0.3333333333333333,0.3333333333333333,0.16666666666666666,0.3333333333333333,0.25
spkr64_60,0.75,0.7647058823529411,0.6470588235294118,0.17647058823529413,0.0,0.0,0.0,0.058823529411764705,0.1875,0.23529411764705882,0.058823529411764705,0.23529411764705882,0.0,0.23529411764705882,0.0,0.0,0.058823529411764705,0.5294117647058824,0.29411764705882354,0.0,0.35294117647058826,0.17647058823529413,0.058823529411764705,0.0,0.058823529411764705,0.0,0.0,0.0
spkr64_61,0.9444444444444444,0.2222222222222222,0.5,0.0,0.0,0.0,0.0,0.0,0.2222222222222222,0.1111111111111111,0.16666666666666666,0.0,0.0,0.1111111111111111,0.0,0.0,0.0,0.5555555555555556,0.0,0.0,0.0,0.1111111111111111,0.1111111111111111,0.1111111111111111,0.1111111111111111,0.16666666666666666,0.1111111111111111,0.1111111111111111
spkr64_62,0.8,0.0,0.36363636363636365,0.0,0.0,0.0,0.0,0.0,0.2,0.0,0.0,0.0,0.0,0.0,0.0,0.0,0.0,0.0,0.0,0.0,0.0,0.0,0.0,0.0,0.0,0.0,0.0,0.0
spkr64_63,1.0,0.4,0.8,0.2,0.2,0.2,0.2,0.2,0.3,0.2,0.2,0.2,0.2,0.2,0.2,0.2,0.2,0.8,0.2,0.2,0.2,0.2,0.2,0.2,0.4,0.2,0.2,0.2
spkr64_64,0.5294117647058824,0.058823529411764705,0.8823529411764706,0.0,0.0,0.0,0.11764705882352941,0.0,0.058823529411764705,0.17647058823529413,0.058823529411764705,0.0,0.0,0.35294117647058826,0.0,0.0,0.0,0.7058823529411765,0.0,0.0,0.0,0.058823529411764705,0.0,0.17647058823529413,0.17647058823529413,0.0,0.058823529411764705,0.17647058823529413
spkr64_65,0.6086956521739131,0.30434782608695654,0.6086956521739131,0.0,0.0,0.0,0.0,0.0,0.08695652173913043,0.0,0.0,0.0,0.0,0.0,0.0,0.0,0.0,0.6521739130434783,0.0,0.17391304347826086,0.0,0.0,0.21739130434782608,0.0,0.0,0.0,0.0,0.0
spkr64_66,0.8823529411764706,0.0,0.0,0.0,0.0,0.0,0.0,0.0,0.058823529411764705,0.0,0.0,0.0,0.0,0.0,0.0,0.0,0.0,0.8888888888888888,0.0,0.0,0.0,0.0,0.2777777777777778,0.0,0.16666666666666666,0.0,0.0,0.0
spkr64_67,0.7857142857142857,0.07142857142857142,0.5714285714285714,0.0,0.0,0.0,0.0,0.0,0.2857142857142857,0.0,0.0,0.0,0.0,0.0,0.0,0.0,0.0,0.35714285714285715,0.0,0.0,0.14285714285714285,0.0,0.07142857142857142,0.0,0.35714285714285715,0.0,0.0,0.14285714285714285
spkr64_68,0.9166666666666666,0.38461538461538464,0.6923076923076923,0.7692307692307693,0.3076923076923077,0.3076923076923077,0.3076923076923077,0.3076923076923077,0.25,0.3076923076923077,0.3076923076923077,0.3076923076923077,0.3076923076923077,0.46153846153846156,0.3076923076923077,0.3076923076923077,0.3076923076923077,0.9230769230769231,0.3076923076923077,0.3076923076923077,0.23076923076923078,0.46153846153846156,0.6153846153846154,0.23076923076923078,0.46153846153846156,0.23076923076923078,0.3076923076923077,0.3076923076923077
spkr64_69,0.7777777777777778,0.6111111111111112,0.6666666666666666,0.0,0.0,0.0,0.0,0.0,0.1111111111111111,0.0,0.16666666666666666,0.16666666666666666,0.2222222222222222,0.16666666666666666,0.0,0.0,0.0,0.6666666666666666,0.2222222222222222,0.0,0.0,0.0,0.3888888888888889,0.0,0.5,0.1111111111111111,0.1111111111111111,0.05555555555555555
spkr64_7,1.0,0.625,0.6875,0.0,0.1875,0.1875,0.0,0.1875,1.0,0.125,0.1875,0.1875,0.1875,0.1875,0.1875,0.0,0.1875,0.9375,0.5625,0.0,0.1875,0.25,0.6875,0.1875,0.1875,0.125,0.1875,0.1875
spkr64_70,0.625,0.3125,0.5,0.125,0.0,0.0625,0.0,0.0,0.375,0.1875,0.25,0.4375,0.0,0.1875,0.0625,0.0,0.0,0.4375,0.125,0.0,0.3125,0.25,0.1875,0.0625,0.5,0.1875,0.4375,0.0
spkr64_71,0.7777777777777778,0.15789473684210525,0.21052631578947367,0.0,0.0,0.0,0.0,0.0,0.5555555555555556,0.0,0.0,0.0,0.0,0.15789473684210525,0.0,0.0,0.05263157894736842,0.42105263157894735,0.0,0.0,0.0,0.0,0.0,0.0,0.15789473684210525,0.0,0.0,0.0
spkr64_72,0.5789473684210527,0.6666666666666666,0.7222222222222222,0.0,0.2222222222222222,0.0,0.0,0.0,0.2631578947368421,0.16666666666666666,0.2222222222222222,0.0,0.0,0.2222222222222222,0.0,0.0,0.0,0.8333333333333334,0.1111111111111111,0.0,0.16666666666666666,0.16666666666666666,0.3333333333333333,0.2222222222222222,0.2777777777777778,0.2222222222222222,0.16666666666666666,0.4444444444444444
spkr64_73,0.8181818181818182,0.18181818181818182,0.6363636363636364,0.0,0.0,0.0,0.0,0.0,0.36363636363636365,0.09090909090909091,0.0,0.0,0.0,0.0,0.0,0.0,0.0,0.5454545454545454,0.0,0.0,0.0,0.2727272727272727,0.0,0.09090909090909091,0.36363636363636365,0.0,0.09090909090909091,0.18181818181818182
spkr64_74,0.6428571428571429,0.42857142857142855,0.5,0.0,0.0,0.0,0.0,0.0,0.5714285714285714,0.14285714285714285,0.0,0.0,0.0,0.14285714285714285,0.0,0.0,0.0,0.7142857142857143,0.5714285714285714,0.5714285714285714,0.5,0.2857142857142857,0.21428571428571427,0.0,0.21428571428571427,0.14285714285714285,0.2857142857142857,0.14285714285714285
spkr64_75,0.7647058823529411,0.47058823529411764,0.7647058823529411,0.5294117647058824,0.0,0.0,0.0,0.0,0.8235294117647058,0.35294117647058826,0.0,0.35294117647058826,0.0,0.058823529411764705,0.0,0.0,0.0,0.7647058823529411,0.4117647058823529,0.7647058823529411,0.23529411764705882,0.17647058823529413,0.11764705882352941,0.23529411764705882,0.17647058823529413,0.29411764705882354,0.35294117647058826,0.11764705882352941
spkr64_8,0.875,0.3125,0.25,0.1875,0.0,0.0,0.0,0.0,0.6875,0.1875,0.0,0.0,0.0,0.0,0.0,0.0,0.0,0.5625,0.0,0.5,0.375,0.3125,0.25,0.0,0.25,0.3125,0.375,0.0625
spkr64_9,0.6428571428571429,0.7857142857142857,0.6428571428571429,0.07142857142857142,0.07142857142857142,0.07142857142857142,0.07142857142857142,0.07142857142857142,0.5,0.07142857142857142,0.07142857142857142,0.07142857142857142,0.07142857142857142,0.07142857142857142,0.21428571428571427,0.07142857142857142,0.07142857142857142,0.6428571428571429,0.21428571428571427,0.21428571428571427,0.07142857142857142,0.07142857142857142,0.2857142857142857,0.07142857142857142,0.21428571428571427,0.07142857142857142,0.21428571428571427,0.07142857142857142
spkr65_1,0.7,0.3,0.8,0.5,0.0,0.0,0.2,0.9,0.4,0.3,0.0,0.3,0.0,0.5,0.0,0.4,1.0,1.0,0.0,0.4,0.4,0.4,1.0,0.0,0.3,0.4,0.3,0.2
spkr65_10,0.5882352941176471,0.7058823529411765,0.7058823529411765,0.0,0.0,0.0,0.0,0.0,0.29411764705882354,0.058823529411764705,0.0,0.0,0.0,0.0,0.0,0.0,0.0,0.8823529411764706,0.0,0.47058823529411764,0.23529411764705882,0.17647058823529413,0.0,0.0,0.4117647058823529,0.23529411764705882,0.35294117647058826,0.0
spkr65_11,0.7142857142857143,0.7857142857142857,0.6428571428571429,0.0,0.0,0.0,0.0,0.0,0.5,0.0,0.21428571428571427,0.0,0.35714285714285715,0.0,0.0,0.0,0.0,0.2857142857142857,0.0,0.07142857142857142,0.0,0.5,0.5,0.14285714285714285,0.21428571428571427,0.14285714285714285,0.21428571428571427,0.2857142857142857
spkr65_12,0.47058823529411764,0.5294117647058824,0.5294117647058824,0.0,0.0,0.0,0.0,0.0,0.058823529411764705,0.0,0.0,0.0,0.0,0.0,0.0,0.0,0.0,0.17647058823529413,0.0,0.0,0.0,0.0,0.17647058823529413,0.0,0.0,0.0,0.058823529411764705,0.0
spkr65_13,0.5,0.4117647058823529,0.8235294117647058,0.47058823529411764,0.058823529411764705,0.17647058823529413,0.0,0.058823529411764705,0.625,0.23529411764705882,0.0,1.0,0.058823529411764705,0.29411764705882354,0.29411764705882354,0.0,0.058823529411764705,0.7058823529411765,0.7058823529411765,0.4117647058823529,0.058823529411764705,0.5294117647058824,0.11764705882352941,0.17647058823529413,0.058823529411764705,0.058823529411764705,0.29411764705882354,0.29411764705882354
spkr65_14,0.7647058823529411,0.8235294117647058,0.6470588235294118,0.11764705882352941,0.0,0.0,0.11764705882352941,0.11764705882352941,0.8235294117647058,0.23529411764705882,0.0,0.23529411764705882,0.0,0.0,0.0,0.0,0.11764705882352941,0.7058823529411765,0.4117647058823529,0.23529411764705882,0.17647058823529413,0.35294117647058826,0.5294117647058824,0.11764705882352941,0.11764705882352941,0.5294117647058824,0.17647058823529413,0.0
spkr65_15,0.8235294117647058,0.47058823529411764,0.6470588235294118,0.17647058823529413,0.0,0.0,0.0,0.17647058823529413,0.4117647058823529,0.0,0.11764705882352941,0.17647058823529413,0.0,0.11764705882352941,0.0,0.0,0.0,0.6470588235294118,0.5882352941176471,0.17647058823529413,0.17647058823529413,0.17647058823529413,0.29411764705882354,0.0,0.17647058823529413,0.058823529411764705,0.29411764705882354,0.23529411764705882
spkr65_18,0.6923076923076923,0.8461538461538461,0.7307692307692307,0.0,0.0,0.0,0.0,0.0,0.6538461538461539,0.0,0.0,0.0,0.0,0.15384615384615385,0.0,0.0,0.0,0.19230769230769232,0.0,0.0,0.0,0.11538461538461539,0.0,0.0,0.4230769230769231,0.07692307692307693,0.15384615384615385,0.0
spkr65_19,0.7419354838709677,0.41935483870967744,0.7419354838709677,0.2903225806451613,0.0,0.0,0.2903225806451613,0.06451612903225806,0.2903225806451613,0.06451612903225806,0.1935483870967742,0.3870967741935484,0.0,0.3548387096774194,0.0,0.0,0.0,0.8709677419354839,0.6451612903225806,0.6451612903225806,0.0967741935483871,0.06451612903225806,0.1935483870967742,0.25806451612903225,0.16129032258064516,0.0967741935483871,0.3548387096774194,0.2903225806451613
spkr65_2,0.9090909090909091,0.36363636363636365,0.45454545454545453,0.36363636363636365,0.0,0.0,0.09090909090909091,0.36363636363636365,0.5454545454545454,0.18181818181818182,0.0,0.0,0.0,0.18181818181818182,0.0,0.0,0.09090909090909091,1.0,0.8181818181818182,0.5454545454545454,0.0,0.36363636363636365,0.36363636363636365,0.0,0.5454545454545454,0.09090909090909091,0.45454545454545453,0.0
spkr65_20,0.875,0.46153846153846156,0.8846153846153846,0.15384615384615385,0.0,0.0,0.0,0.0,0.375,0.3076923076923077,0.0,0.07692307692307693,0.15384615384615385,0.07692307692307693,0.0,0.0,0.0,0.7307692307692307,0.0,0.34615384615384615,0.07692307692307693,0.07692307692307693,0.19230769230769232,0.07692307692307693,0.4230769230769231,0.19230769230769232,0.38461538461538464,0.11538461538461539
spkr65_21,0.72,0.48148148148148145,0.6666666666666666,0.48148148148148145,0.0,0.0,0.0,0.0,0.2,0.37037037037037035,0.25925925925925924,0.1111111111111111,0.0,0.0,0.0,0.037037037037037035,0.18518518518518517,0.8518518518518519,0.2962962962962963,0.25925925925925924,0.37037037037037035,0.4444444444444444,0.14814814814814814,0.37037037037037035,0.4444444444444444,0.2962962962962963,0.2962962962962963,0.3333333333333333
spkr65_22,0.5555555555555556,0.3888888888888889,0.7222222222222222,0.0,0.0,0.0,0.0,0.0,0.16666666666666666,0.1111111111111111,0.0,0.0,0.0,0.0,0.0,0.0,0.0,0.16666666666666666,0.16666666666666666,0.0,0.2222222222222222,0.1111111111111111,0.2777777777777778,0.0,0.2777777777777778,0.0,0.1111111111111111,0.0
spkr65_23,0.7,0.6,0.45,0.0,0.0,0.0,0.0,0.0,0.2,0.0,0.0,0.0,0.0,0.1,0.0,0.0,0.0,0.7,0.0,0.0,0.2,0.0,0.2,0.0,0.05,0.0,0.2,0.15
spkr65_24,0.5882352941176471,0.42105263157894735,0.631578947368421,0.3684210526315789,0.0,0.2631578947368421,0.21052631578947367,0.15789473684210525,0.5294117647058824,0.5263157894736842,0.05263157894736842,0.21052631578947367,0.15789473684210525,0.10526315789473684,0.0,0.0,0.15789473684210525,0.7368421052631579,0.5789473684210527,0.3684210526315789,0.0,0.47368421052631576,0.3157894736842105,0.15789473684210525,0.47368421052631576,0.15789473684210525,0.631578947368421,0.05263157894736842
spkr65_26,0.8333333333333334,0.3684210526315789,0.631578947368421,0.15789473684210525,0.05263157894736842,0.21052631578947367,0.05263157894736842,0.05263157894736842,0.7777777777777778,0.2631578947368421,0.05263157894736842,0.05263157894736842,0.05263157894736842,0.15789473684210525,0.05263157894736842,0.05263157894736842,0.05263157894736842,0.7368421052631579,0.15789473684210525,0.15789473684210525,0.21052631578947367,0.3157894736842105,0.3684210526315789,0.21052631578947367,0.21052631578947367,0.2631578947368421,0.21052631578947367,0.15789473684210525
spkr65_28,0.5333333333333333,0.6470588235294118,0.7058823529411765,0.0,0.0,0.0,0.0,0.4117647058823529,0.26666666666666666,0.0,0.0,0.0,0.058823529411764705,0.0,0.0,0.0,0.0,0.5882352941176471,0.47058823529411764,0.0,0.29411764705882354,0.23529411764705882,0.29411764705882354,0.058823529411764705,0.4117647058823529,0.29411764705882354,0.35294117647058826,0.11764705882352941
spkr65_29,0.6,0.4666666666666667,0.8,0.0,0.0,0.0,0.0,0.0,0.4,0.0,0.0,0.26666666666666666,0.0,0.13333333333333333,0.0,0.0,0.0,0.8,0.13333333333333333,0.6,0.0,0.0,0.26666666666666666,0.0,0.4,0.0,0.3333333333333333,0.0
spkr65_30,0.8666666666666667,0.7333333333333333,0.7333333333333333,0.0,0.0,0.0,0.0,0.0,0.2,0.0,0.0,0.0,0.0,0.06666666666666667,0.0,0.0,0.0,0.06666666666666667,0.2,0.0,0.06666666666666667,0.06666666666666667,0.06666666666666667,0.0,0.26666666666666666,0.13333333333333333,0.2,0.0
spkr65_31,0.5263157894736842,0.21052631578947367,0.21052631578947367,0.0,0.0,0.0,0.0,0.0,0.0,0.0,0.0,0.15789473684210525,0.0,0.15789473684210525,0.0,0.0,0.0,0.7894736842105263,0.0,0.0,0.0,0.15789473684210525,0.0,0.0,0.10526315789473684,0.0,0.0,0.0
spkr65_33,0.6666666666666666,0.3181818181818182,0.45454545454545453,0.09090909090909091,0.0,0.0,0.0,0.0,0.3333333333333333,0.045454545454545456,0.2727272727272727,0.13636363636363635,0.0,0.0,0.0,0.0,0.0,0.6363636363636364,0.2727272727272727,0.22727272727272727,0.18181818181818182,0.18181818181818182,0.045454545454545456,0.045454545454545456,0.09090909090909091,0.22727272727272727,0.3181818181818182,0.0
spkr65_34,0.45454545454545453,0.36363636363636365,0.7272727272727273,0.045454545454545456,0.0,0.045454545454545456,0.09090909090909091,0.045454545454545456,0.3181818181818182,0.09090909090909091,0.22727272727272727,0.09090909090909091,0.045454545454545456,0.45454545454545453,0.045454545454545456,0.045454545454545456,0.0,0.5,0.2727272727272727,0.045454545454545456,0.045454545454545456,0.09090909090909091,0.13636363636363635,0.13636363636363635,0.2727272727272727,0.18181818181818182,0.36363636363636365,0.09090909090909091
spkr65_35,0.7142857142857143,0.21428571428571427,0.6428571428571429,0.42857142857142855,0.14285714285714285,0.2857142857142857,0.2857142857142857,0.2857142857142857,0.5714285714285714,0.42857142857142855,0.5714285714285714,0.5714285714285714,0.2857142857142857,0.21428571428571427,0.2857142857142857,0.14285714285714285,0.2857142857142857,0.7142857142857143,0.7857142857142857,0.2857142857142857,0.21428571428571427,0.5,0.21428571428571427,0.35714285714285715,0.42857142857142855,0.5,0.7142857142857143,0.42857142857142855
spkr65_36,0.7777777777777778,0.2,0.75,0.0,0.0,0.0,0.0,0.0,0.1111111111111111,0.0,0.0,0.0,0.0,0.0,0.0,0.0,0.0,0.75,0.0,0.0,0.25,0.0,0.0,0.0,0.0,0.0,0.0,0.0
spkr65_37,0.7142857142857143,0.2,0.7333333333333333,0.2,0.2,0.0,0.13333333333333333,0.2,0.21428571428571427,0.0,0.2,0.0,0.0,0.3333333333333333,0.0,0.0,0.0,0.8,0.2,0.2,0.13333333333333333,0.2,0.13333333333333333,0.2,0.4,0.2,0.2,0.13333333333333333
spkr65_38,0.6875,0.13333333333333333,0.4666666666666667,0.0,0.0,0.0,0.0,0.0,0.25,0.2,0.13333333333333333,0.13333333333333333,0.0,0.13333333333333333,0.0,0.0,0.0,0.9333333333333333,0.13333333333333333,0.13333333333333333,0.13333333333333333,0.13333333333333333,0.2,0.13333333333333333,0.13333333333333333,0.13333333333333333,0.2,0.13333333333333333
spkr65_4,0.7857142857142857,0.23076923076923078,0.5384615384615384,0.0,0.0,0.0,0.0,0.0,0.0,0.0,0.0,0.0,0.0,0.0,0.0,0.0,0.0,0.23076923076923078,0.0,0.0,0.15384615384615385,0.0,0.0,0.0,0.0,0.0,0.0,0.0
spkr65_40,0.6428571428571429,0.7333333333333333,0.6,0.2,0.0,0.0,0.0,0.0,0.07142857142857142,0.2,0.13333333333333333,0.26666666666666666,0.0,0.4,0.0,0.13333333333333333,0.26666666666666666,0.6,0.26666666666666666,0.4666666666666667,0.4,0.2,0.4666666666666667,0.2,0.26666666666666666,0.4,0.5333333333333333,0.0
spkr65_42,0.7272727272727273,0.2727272727272727,0.7272727272727273,0.36363636363636365,0.0,0.0,0.0,0.09090909090909091,0.18181818181818182,0.09090909090909091,0.0,0.18181818181818182,0.0,0.0,0.18181818181818182,0.0,0.09090909090909091,0.5454545454545454,0.7272727272727273,0.5454545454545454,0.6363636363636364,0.45454545454545453,0.36363636363636365,0.09090909090909091,0.45454545454545453,0.09090909090909091,0.36363636363636365,0.18181818181818182
spkr65_43,0.7692307692307693,0.7692307692307693,0.8461538461538461,0.0,0.07692307692307693,0.3076923076923077,0.23076923076923078,0.07692307692307693,0.5384615384615384,0.07692307692307693,0.23076923076923078,0.07692307692307693,0.3076923076923077,0.3076923076923077,0.0,0.0,0.0,0.46153846153846156,0.5384615384615384,0.15384615384615385,0.3076923076923077,0.07692307692307693,0.07692307692307693,0.07692307692307693,0.3076923076923077,0.07692307692307693,0.3076923076923077,0.07692307692307693
spkr65_44,0.625,0.1875,0.625,0.125,0.125,0.125,0.125,0.125,0.375,0.125,0.0625,0.0625,0.0625,0.25,0.0625,0.125,0.0625,0.75,0.1875,0.0625,0.125,0.125,0.0625,0.125,0.1875,0.125,0.125,0.125
spkr65_45,0.7,0.5454545454545454,0.6363636363636364,0.0,0.0,0.0,0.18181818181818182,0.0,0.5,0.0,0.0,0.45454545454545453,0.0,0.0,0.0,0.0,0.0,0.2727272727272727,0.0,0.0,0.0,0.0,0.18181818181818182,0.0,0.45454545454545453,0.0,0.18181818181818182,0.18181818181818182
spkr65_46,0.9333333333333333,0.4,0.8666666666666667,0.0,0.0,0.0,0.0,0.0,0.3333333333333333,0.0,0.0,0.0,0.0,0.0,0.0,0.0,0.0,0.8666666666666667,0.0,0.0,0.0,0.0,0.0,0.26666666666666666,0.6,0.0,0.13333333333333333,0.0
spkr65_5,0.7333333333333333,0.5333333333333333,0.4666666666666667,0.0,0.26666666666666666,0.0,0.0,0.0,0.4,0.0,0.0,0.0,0.0,0.13333333333333333,0.3333333333333333,0.0,0.0,0.6,0.0,0.0,0.26666666666666666,0.0,0.4,0.0,0.4666666666666667,0.06666666666666667,0.06666666666666667,0.13333333333333333
spkr65_50,0.8333333333333334,0.9032258064516129,0.7419354838709677,0.0,0.0,0.0,0.0,0.0,0.7333333333333333,0.06451612903225806,0.16129032258064516,1.0,0.0,0.06451612903225806,0.0,0.0,0.0,0.8709677419354839,0.3225806451612903,0.06451612903225806,0.3225806451612903,0.12903225806451613,0.06451612903225806,0.1935483870967742,0.3225806451612903,0.0,0.16129032258064516,0.0967741935483871
spkr65_51,0.8571428571428571,0.7857142857142857,0.6428571428571429,0.0,0.14285714285714285,0.0,0.0,0.0,0.2857142857142857,0.07142857142857142,0.14285714285714285,0.0,0.0,0.0,0.0,0.14285714285714285,0.0,0.7857142857142857,0.5,0.0,0.07142857142857142,0.14285714285714285,0.0,0.07142857142857142,0.07142857142857142,0.07142857142857142,0.21428571428571427,0.0
spkr65_52,0.8181818181818182,0.6363636363636364,1.0,0.45454545454545453,0.0,0.0,0.0,0.0,0.18181818181818182,0.09090909090909091,0.0,0.0,0.0,0.0,0.0,0.0,0.0,1.0,0.0,0.0,0.0,0.18181818181818182,0.18181818181818182,0.0,0.18181818181818182,0.0,0.09090909090909091,0.0
spkr65_53,0.8,0.5333333333333333,0.7333333333333333,0.9333333333333333,0.06666666666666667,0.06666666666666667,0.13333333333333333,0.3333333333333333,0.5333333333333333,0.26666666666666666,0.13333333333333333,0.4,0.06666666666666667,0.13333333333333333,0.2,0.06666666666666667,0.2,0.5333333333333333,0.6,0.7333333333333333,0.13333333333333333,0.13333333333333333,0.06666666666666667,0.2,0.2,0.13333333333333333,0.13333333333333333,0.13333333333333333
spkr65_54,1.0,0.8571428571428571,1.0,0.0,0.0,0.0,0.0,0.0,0.3333333333333333,0.0,0.0,0.0,0.0,0.14285714285714285,0.0,0.0,0.0,0.5714285714285714,0.14285714285714285,0.14285714285714285,0.0,0.0,0.2857142857142857,0.2857142857142857,0.14285714285714285,0.0,0.2857142857142857,0.2857142857142857
spkr65_55,0.9333333333333333,0.7647058823529411,0.5294117647058824,0.17647058823529413,0.0,0.0,0.17647058823529413,0.0,0.26666666666666666,0.23529411764705882,0.058823529411764705,0.058823529411764705,0.058823529411764705,0.23529411764705882,0.0,0.058823529411764705,0.17647058823529413,0.7647058823529411,0.0,0.0,0.058823529411764705,0.47058823529411764,0.29411764705882354,0.0,0.35294117647058826,0.11764705882352941,0.29411764705882354,0.058823529411764705
spkr65_56,0.5,0.5,0.4,0.1,0.1,0.1,0.1,0.1,0.7,0.2,0.1,0.3,0.1,0.2,0.1,0.1,0.4,0.9,0.8,0.8,0.1,0.3,0.8,0.1,0.5,0.1,0.1,0.1
spkr65_57,1.0,0.5882352941176471,0.7058823529411765,0.0,0.35294117647058826,0.0,0.0,0.23529411764705882,0.4666666666666667,0.23529411764705882,0.0,0.0,0.0,0.058823529411764705,0.058823529411764705,0.0,0.0,0.6470588235294118,0.23529411764705882,0.17647058823529413,0.23529411764705882,0.17647058823529413,0.11764705882352941,0.11764705882352941,0.11764705882352941,0.23529411764705882,0.4117647058823529,0.11764705882352941
spkr65_58,0.8571428571428571,0.5,0.6363636363636364,0.13636363636363635,0.0,0.0,0.0,0.13636363636363635,0.19047619047619047,0.0,0.045454545454545456,0.0,0.0,0.0,0.0,0.0,0.0,0.0,0.18181818181818182,0.0,0.0,0.0,0.045454545454545456,0.09090909090909091,0.2727272727272727,0.0,0.2727272727272727,0.18181818181818182
spkr65_59,0.6363636363636364,0.0,0.5454545454545454,0.0,0.0,0.0,0.0,0.2727272727272727,0.2727272727272727,0.0,0.18181818181818182,0.0,0.0,0.2727272727272727,0.0,0.0,0.0,0.9090909090909091,0.2727272727272727,0.0,0.0,0.0,0.45454545454545453,0.2727272727272727,0.0,0.0,0.18181818181818182,0.2727272727272727
spkr65_6,0.8333333333333334,0.9166666666666666,0.75,0.8333333333333334,0.4166666666666667,0.75,0.4166666666666667,0.5,0.5833333333333334,0.08333333333333333,0.5,1.0,0.4166666666666667,0.3333333333333333,0.0,0.0,0.5,0.5833333333333334,0.9166666666666666,1.0,0.0,0.08333333333333333,0.5833333333333334,0.08333333333333333,0.5,0.08333333333333333,0.75,0.5833333333333334
spkr65_60,0.6875,0.7647058823529411,0.7058823529411765,0.17647058823529413,0.29411764705882354,0.0,0.058823529411764705,0.23529411764705882,0.5,0.23529411764705882,0.11764705882352941,0.47058823529411764,0.058823529411764705,0.23529411764705882,0.11764705882352941,0.0,0.0,0.6470588235294118,0.29411764705882354,0.5882352941176471,0.17647058823529413,0.17647058823529413,0.35294117647058826,0.0,0.35294117647058826,0.17647058823529413,0.11764705882352941,0.29411764705882354
spkr65_61,0.7222222222222222,0.3333333333333333,0.5555555555555556,0.0,0.0,0.0,0.0,0.0,0.2222222222222222,0.0,0.0,0.0,0.0,0.0,0.0,0.0,0.0,0.1111111111111111,0.0,0.0,0.0,0.0,0.0,0.0,0.05555555555555555,0.0,0.0,0.0
spkr65_62,0.9,0.2727272727272727,0.09090909090909091,0.0,0.0,0.0,0.0,0.0,0.2,0.0,0.0,0.0,0.0,0.0,0.0,0.0,0.0,0.0,0.0,0.0,0.0,0.0,0.0,0.0,0.09090909090909091,0.0,0.0,0.0
spkr65_63,0.6,1.0,0.6,0.0,0.0,0.0,0.0,0.1,0.0,0.3,0.0,0.0,0.0,0.1,0.0,0.0,0.3,0.4,0.1,0.1,0.0,0.6,0.2,0.1,0.1,0.3,0.0,0.0
spkr65_64,0.7647058823529411,0.35294117647058826,0.5882352941176471,0.29411764705882354,0.0,0.0,0.35294117647058826,0.29411764705882354,0.17647058823529413,0.17647058823529413,0.11764705882352941,0.23529411764705882,0.0,0.5882352941176471,0.23529411764705882,0.11764705882352941,0.4117647058823529,0.7647058823529411,0.29411764705882354,0.4117647058823529,0.35294117647058826,0.0,0.4117647058823529,0.11764705882352941,0.4117647058823529,0.35294117647058826,0.35294117647058826,0.17647058823529413
spkr65_65,0.5652173913043478,0.30434782608695654,0.6956521739130435,0.08695652173913043,0.043478260869565216,0.043478260869565216,0.30434782608695654,0.21739130434782608,0.2608695652173913,0.13043478260869565,0.391304347826087,0.13043478260869565,0.043478260869565216,0.043478260869565216,0.043478260869565216,0.13043478260869565,0.13043478260869565,0.5217391304347826,0.5652173913043478,0.13043478260869565,0.5217391304347826,0.13043478260869565,0.43478260869565216,0.043478260869565216,0.30434782608695654,0.17391304347826086,0.30434782608695654,0.08695652173913043
spkr65_66,0.5882352941176471,0.0,0.16666666666666666,0.3888888888888889,0.3333333333333333,0.16666666666666666,0.0,0.3888888888888889,0.4117647058823529,0.4444444444444444,0.3888888888888889,0.3888888888888889,0.3888888888888889,0.3888888888888889,0.16666666666666666,0.3333333333333333,0.3888888888888889,0.5555555555555556,0.3888888888888889,0.4444444444444444,0.3888888888888889,0.3888888888888889,0.3888888888888889,0.16666666666666666,0.3888888888888889,0.3888888888888889,0.3888888888888889,0.0
spkr65_67,0.6428571428571429,0.2857142857142857,0.7142857142857143,0.0,0.0,0.0,0.0,0.0,0.0,0.0,0.0,0.0,0.0,0.0,0.0,0.0,0.0,0.6428571428571429,0.35714285714285715,0.0,0.0,0.21428571428571427,0.21428571428571427,0.0,0.14285714285714285,0.0,0.07142857142857142,0.14285714285714285
spkr65_68,0.5833333333333334,0.3076923076923077,0.6153846153846154,0.07692307692307693,0.07692307692307693,0.07692307692307693,0.07692307692307693,0.07692307692307693,0.16666666666666666,0.07692307692307693,0.3076923076923077,0.07692307692307693,0.07692307692307693,0.3076923076923077,0.07692307692307693,0.0,0.0,0.6153846153846154,0.07692307692307693,0.3076923076923077,0.07692307692307693,0.07692307692307693,0.3076923076923077,0.07692307692307693,0.3076923076923077,0.15384615384615385,0.15384615384615385,0.15384615384615385
spkr65_69,0.7222222222222222,0.16666666666666666,0.7777777777777778,0.1111111111111111,0.0,0.3333333333333333,0.16666666666666666,0.0,0.05555555555555555,0.0,0.2222222222222222,0.1111111111111111,0.0,0.16666666666666666,0.3333333333333333,0.1111111111111111,0.0,0.3333333333333333,0.2222222222222222,0.1111111111111111,0.2222222222222222,0.0,0.2222222222222222,0.3333333333333333,0.4444444444444444,0.0,0.2777777777777778,0.2222222222222222
spkr65_7,0.6,0.9375,0.75,0.3125,0.0625,0.0625,0.0625,0.0625,0.6666666666666666,0.625,0.0625,0.6875,0.4375,0.375,0.1875,0.0625,0.0625,0.8125,0.0625,0.625,0.1875,0.25,0.5625,0.1875,0.5625,0.125,0.4375,0.3125
spkr65_70,0.6875,0.4375,0.5,0.0625,0.0,0.0,0.0625,0.0625,0.25,0.0625,0.3125,0.4375,0.0,0.0625,0.0,0.0,0.0,0.6875,0.0,0.0,0.0625,0.0625,0.0625,0.125,0.0625,0.0,0.25,0.0625
spkr65_71,0.7777777777777778,0.15789473684210525,0.5263157894736842,0.15789473684210525,0.0,0.0,0.0,0.0,0.4444444444444444,0.0,0.05263157894736842,0.15789473684210525,0.0,0.21052631578947367,0.0,0.0,0.10526315789473684,0.8421052631578947,0.15789473684210525,0.21052631578947367,0.0,0.21052631578947367,0.3157894736842105,0.05263157894736842,0.3684210526315789,0.10526315789473684,0.05263157894736842,0.10526315789473684
spkr65_72,0.42105263157894735,0.3888888888888889,0.8333333333333334,0.3333333333333333,0.2777777777777778,0.3333333333333333,0.2777777777777778,0.0,0.21052631578947367,0.3888888888888889,0.2777777777777778,0.3333333333333333,0.4444444444444444,0.2777777777777778,0.3888888888888889,0.2777777777777778,0.2777777777777778,0.3333333333333333,0.2777777777777778,0.2777777777777778,0.2222222222222222,0.2777777777777778,0.5,0.2777777777777778,0.2777777777777778,0.2777777777777778,0.3888888888888889,0.3888888888888889
spkr65_73,0.8181818181818182,0.18181818181818182,0.45454545454545453,0.0,0.0,0.0,0.0,0.0,0.6363636363636364,0.36363636363636365,0.0,1.0,0.0,0.0,0.0,0.0,0.0,0.45454545454545453,0.0,0.0,0.0,0.0,0.0,0.0,0.45454545454545453,0.36363636363636365,0.2727272727272727,0.0
spkr65_74,0.6428571428571429,0.2857142857142857,0.5714285714285714,0.0,0.0,0.0,0.0,0.0,0.42857142857142855,0.0,0.0,0.0,0.0,0.35714285714285715,0.0,0.0,0.0,0.7142857142857143,0.0,0.7142857142857143,0.21428571428571427,0.0,0.0,0.35714285714285715,0.2857142857142857,0.14285714285714285,0.07142857142857142,0.21428571428571427
spkr65_75,0.6470588235294118,0.23529411764705882,0.6470588235294118,0.29411764705882354,0.0,0.0,0.0,0.23529411764705882,0.7058823529411765,0.11764705882352941,0.23529411764705882,0.0,0.0,0.11764705882352941,0.0,0.0,0.0,0.7647058823529411,0.058823529411764705,0.35294117647058826,0.23529411764705882,0.4117647058823529,0.29411764705882354,0.17647058823529413,0.4117647058823529,0.17647058823529413,0.5294117647058824,0.23529411764705882
spkr65_8,0.625,0.75,0.5,0.375,0.375,0.3125,0.5,0.5,0.625,0.5625,0.25,0.5,0.375,0.25,0.5625,0.3125,0.375,0.625,0.3125,0.375,0.5625,0.625,0.375,0.375,0.6875,0.625,0.4375,0.4375
spkr65_9,0.6428571428571429,0.7142857142857143,0.6428571428571429,0.0,0.0,0.0,0.0,0.0,0.0,0.0,0.07142857142857142,0.0,0.0,0.07142857142857142,0.0,0.0,0.0,0.8571428571428571,0.0,0.0,0.0,0.0,0.14285714285714285,0.0,0.0,0.0,0.0,0.0
spkr89_1,0.8,0.2,0.6,0.0,0.0,0.0,0.0,0.0,0.2,0.0,0.0,0.0,0.0,0.2,0.0,0.0,0.0,1.0,0.0,0.0,0.4,0.0,0.2,0.0,0.1,0.0,0.0,0.0
spkr89_10,0.23529411764705882,0.0,0.7647058823529411,0.0,0.0,0.0,0.058823529411764705,0.0,0.0,0.0,0.058823529411764705,0.0,0.0,0.0,0.0,0.0,0.0,0.5294117647058824,0.0,0.0,0.0,0.0,0.0,0.058823529411764705,0.0,0.0,0.0,0.0
spkr89_11,0.42857142857142855,0.07142857142857142,0.5,0.0,0.0,0.0,0.0,0.0,0.07142857142857142,0.07142857142857142,0.07142857142857142,0.0,0.0,0.21428571428571427,0.0,0.0,0.0,0.5,0.0,0.14285714285714285,0.14285714285714285,0.07142857142857142,0.07142857142857142,0.14285714285714285,0.21428571428571427,0.07142857142857142,0.07142857142857142,0.07142857142857142
spkr89_12,0.5294117647058824,0.11764705882352941,0.7647058823529411,0.0,0.0,0.0,0.0,0.0,0.058823529411764705,0.0,0.0,0.0,0.0,0.0,0.0,0.0,0.0,0.6470588235294118,0.0,0.17647058823529413,0.35294117647058826,0.0,0.17647058823529413,0.0,0.0,0.0,0.0,0.0
spkr89_13,0.6875,0.17647058823529413,0.5294117647058824,0.35294117647058826,0.0,0.0,0.17647058823529413,0.23529411764705882,0.4375,0.17647058823529413,0.17647058823529413,0.5294117647058824,0.0,0.4117647058823529,0.0,0.0,0.23529411764705882,0.7058823529411765,0.5882352941176471,0.5294117647058824,0.35294117647058826,0.17647058823529413,0.17647058823529413,0.17647058823529413,0.17647058823529413,0.17647058823529413,0.23529411764705882,0.17647058823529413
spkr89_14,0.7058823529411765,0.5294117647058824,0.5882352941176471,0.0,0.0,0.0,0.11764705882352941,0.0,0.11764705882352941,0.0,0.0,0.0,0.0,0.17647058823529413,0.0,0.0,0.0,0.5882352941176471,0.11764705882352941,0.0,0.11764705882352941,0.0,0.0,0.0,0.058823529411764705,0.0,0.0,0.11764705882352941
spkr89_15,0.5882352941176471,0.47058823529411764,0.7058823529411765,0.17647058823529413,0.0,0.0,0.0,0.0,0.23529411764705882,0.0,0.0,0.0,0.0,0.17647058823529413,0.0,0.0,0.0,0.7647058823529411,0.11764705882352941,0.0,0.17647058823529413,0.058823529411764705,0.17647058823529413,0.0,0.35294117647058826,0.0,0.7647058823529411,0.0
spkr89_18,0.6538461538461539,0.4230769230769231,0.38461538461538464,0.0,0.0,0.0,0.0,0.0,0.15384615384615385,0.0,0.0,0.0,0.0,0.0,0.0,0.0,0.0,0.4230769230769231,0.38461538461538464,0.0,0.0,0.0,0.38461538461538464,0.0,0.07692307692307693,0.0,0.3076923076923077,0.0
spkr89_19,0.6774193548387096,0.0967741935483871,0.41935483870967744,0.06451612903225806,0.0,0.03225806451612903,0.06451612903225806,0.0,0.06451612903225806,0.0,0.06451612903225806,0.03225806451612903,0.0,0.0967741935483871,0.0,0.0,0.06451612903225806,0.16129032258064516,0.0,0.0,0.03225806451612903,0.03225806451612903,0.06451612903225806,0.0967741935483871,0.0967741935483871,0.0967741935483871,0.06451612903225806,0.03225806451612903
spkr89_2,0.8181818181818182,0.6363636363636364,0.36363636363636365,0.0,0.0,0.0,0.0,0.0,0.5454545454545454,0.0,0.0,0.0,0.0,0.0,0.0,0.0,0.0,0.8181818181818182,0.0,0.0,0.0,0.0,0.0,0.0,0.0,0.0,0.45454545454545453,0.0
spkr89_20,0.625,0.23076923076923078,0.5384615384615384,0.6153846153846154,0.0,0.0,0.0,0.0,0.2916666666666667,0.0,0.0,0.0,0.0,0.0,0.0,0.0,0.0,0.5,0.0,0.0,0.0,0.23076923076923078,0.19230769230769232,0.0,0.19230769230769232,0.15384615384615385,0.11538461538461539,0.0
spkr89_21,0.4,0.0,0.4074074074074074,0.0,0.0,0.0,0.0,0.0,0.12,0.0,0.037037037037037035,0.0,0.0,0.0,0.0,0.0,0.0,0.3333333333333333,0.0,0.0,0.0,0.0,0.0,0.0,0.037037037037037035,0.0,0.037037037037037035,0.0
spkr89_22,0.5555555555555556,0.05555555555555555,0.2777777777777778,0.0,0.0,0.0,0.0,0.0,0.05555555555555555,0.0,0.0,0.0,0.0,0.0,0.0,0.0,0.0,0.05555555555555555,0.0,0.0,0.0,0.0,0.0,0.0,0.05555555555555555,0.0,0.0,0.0
spkr89_23,0.7,0.05,0.55,0.0,0.0,0.0,0.0,0.0,0.05,0.0,0.0,0.0,0.0,0.0,0.0,0.0,0.0,0.0,0.0,0.0,0.0,0.0,0.0,0.0,0.05,0.0,0.05,0.0
spkr89_24,0.5882352941176471,0.42105263157894735,0.47368421052631576,0.3684210526315789,0.0,0.10526315789473684,0.10526315789473684,0.3684210526315789,0.4117647058823529,0.3157894736842105,0.15789473684210525,0.3157894736842105,0.2631578947368421,0.15789473684210525,0.15789473684210525,0.0,0.3157894736842105,0.3157894736842105,0.42105263157894735,0.42105263157894735,0.3157894736842105,0.05263157894736842,0.3684210526315789,0.15789473684210525,0.3684210526315789,0.10526315789473684,0.3157894736842105,0.2631578947368421
spkr89_26,0.6666666666666666,0.2631578947368421,0.3684210526315789,0.05263157894736842,0.0,0.0,0.0,0.0,0.3888888888888889,0.0,0.0,0.05263157894736842,0.0,0.0,0.0,0.0,0.0,0.3157894736842105,0.10526315789473684,0.10526315789473684,0.3157894736842105,0.3684210526315789,0.21052631578947367,0.0,0.2631578947368421,0.15789473684210525,0.15789473684210525,0.0
spkr89_28,0.6666666666666666,0.0,0.5882352941176471,0.0,0.0,0.0,0.0,0.0,0.06666666666666667,0.058823529411764705,0.0,0.0,0.0,0.058823529411764705,0.0,0.0,0.0,0.35294117647058826,0.0,0.0,0.17647058823529413,0.058823529411764705,0.17647058823529413,0.058823529411764705,0.11764705882352941,0.0,0.058823529411764705,0.0
spkr89_29,0.5333333333333333,0.6666666666666666,0.6666666666666666,0.13333333333333333,0.0,0.0,0.0,0.0,0.6,0.0,0.0,0.2,0.0,0.0,0.0,0.0,0.0,0.2,0.0,0.6,0.26666666666666666,0.0,0.06666666666666667,0.0,0.4,0.0,0.0,0.2
spkr89_30,0.5333333333333333,0.2,0.6666666666666666,0.0,0.0,0.0,0.0,0.0,0.06666666666666667,0.0,0.0,0.0,0.0,0.06666666666666667,0.0,0.0,0.0,0.6666666666666666,0.0,0.0,0.0,0.0,0.13333333333333333,0.0,0.0,0.0,0.0,0.0
spkr89_31,0.5789473684210527,0.15789473684210525,0.6842105263157895,0.0,0.0,0.0,0.0,0.0,0.10526315789473684,0.05263157894736842,0.0,0.0,0.0,0.0,0.0,0.0,0.0,0.7894736842105263,0.0,0.0,0.21052631578947367,0.10526315789473684,0.10526315789473684,0.15789473684210525,0.10526315789473684,0.10526315789473684,0.15789473684210525,0.10526315789473684
spkr89_33,0.6666666666666666,0.09090909090909091,0.5,0.0,0.0,0.0,0.0,0.0,0.14285714285714285,0.0,0.0,0.0,0.0,0.0,0.0,0.0,0.0,0.18181818181818182,0.0,0.0,0.09090909090909091,0.0,0.0,0.0,0.0,0.0,0.045454545454545456,0.0
spkr89_34,0.6818181818181818,0.45454545454545453,0.4090909090909091,0.3181818181818182,0.0,0.045454545454545456,0.18181818181818182,0.2727272727272727,0.36363636363636365,0.22727272727272727,0.18181818181818182,0.2727272727272727,0.0,0.3181818181818182,0.0,0.045454545454545456,0.045454545454545456,0.9090909090909091,0.2727272727272727,0.2727272727272727,0.22727272727272727,0.2727272727272727,0.18181818181818182,0.36363636363636365,0.36363636363636365,0.3181818181818182,0.4090909090909091,0.2727272727272727
spkr89_35,0.42857142857142855,0.21428571428571427,0.5,0.35714285714285715,0.0,0.0,0.0,0.0,0.21428571428571427,0.0,0.07142857142857142,0.21428571428571427,0.0,0.14285714285714285,0.07142857142857142,0.0,0.0,0.2857142857142857,0.0,0.21428571428571427,0.07142857142857142,0.21428571428571427,0.0,0.07142857142857142,0.14285714285714285,0.0,0.14285714285714285,0.2857142857142857
spkr89_36,0.7222222222222222,0.2,0.3,0.0,0.0,0.0,0.0,0.0,0.2222222222222222,0.05,0.1,0.0,0.0,0.05,0.0,0.1,0.0,0.45,0.0,0.0,0.0,0.0,0.2,0.3,0.2,0.0,0.25,0.2
spkr89_37,0.7857142857142857,0.06666666666666667,0.6,0.2,0.0,0.0,0.0,0.0,0.07142857142857142,0.0,0.13333333333333333,0.0,0.0,0.0,0.0,0.0,0.0,0.6,0.2,0.2,0.0,0.0,0.0,0.0,0.0,0.0,0.0,0.0
spkr89_38,0.75,0.2,0.6666666666666666,0.06666666666666667,0.06666666666666667,0.06666666666666667,0.06666666666666667,0.06666666666666667,0.125,0.06666666666666667,0.06666666666666667,0.06666666666666667,0.06666666666666667,0.06666666666666667,0.06666666666666667,0.06666666666666667,0.06666666666666667,0.2,0.06666666666666667,0.06666666666666667,0.06666666666666667,0.06666666666666667,0.06666666666666667,0.06666666666666667,0.06666666666666667,0.06666666666666667,0.06666666666666667,0.06666666666666667
spkr89_4,0.5,0.07692307692307693,0.5384615384615384,0.0,0.0,0.0,0.0,0.0,0.0,0.0,0.0,0.0,0.0,0.0,0.0,0.0,0.0,0.7692307692307693,0.0,0.3076923076923077,0.3076923076923077,0.0,0.15384615384615385,0.0,0.0,0.0,0.0,0.0
spkr89_40,0.7142857142857143,0.0,0.6,0.0,0.0,0.0,0.0,0.0,0.0,0.0,0.0,0.0,0.0,0.0,0.0,0.0,0.0,0.6,0.0,0.0,0.2,0.0,0.2,0.0,0.0,0.0,0.0,0.13333333333333333
spkr89_42,0.8181818181818182,0.2727272727272727,0.5454545454545454,0.09090909090909091,0.18181818181818182,0.09090909090909091,0.18181818181818182,0.09090909090909091,0.36363636363636365,0.36363636363636365,0.09090909090909091,0.45454545454545453,0.09090909090909091,0.5454545454545454,0.18181818181818182,0.0,0.18181818181818182,1.0,0.2727272727272727,0.2727272727272727,0.5454545454545454,0.36363636363636365,0.2727272727272727,0.09090909090909091,0.2727272727272727,0.09090909090909091,0.36363636363636365,0.18181818181818182
spkr89_43,0.8461538461538461,0.6153846153846154,0.46153846153846156,0.0,0.0,0.0,0.0,0.0,0.6153846153846154,0.3076923076923077,0.15384615384615385,0.0,0.15384615384615385,0.07692307692307693,0.0,0.3076923076923077,0.0,0.46153846153846156,0.0,0.23076923076923078,0.23076923076923078,0.23076923076923078,0.15384615384615385,0.07692307692307693,0.15384615384615385,0.23076923076923078,0.3076923076923077,0.46153846153846156
spkr89_44,0.6875,0.1875,0.5625,0.0625,0.0625,0.0625,0.0625,0.0625,0.25,0.0625,0.0625,0.0625,0.0625,0.25,0.0625,0.0625,0.0625,0.75,0.375,0.375,0.0625,0.0625,0.125,0.0625,0.25,0.0625,0.25,0.0625
spkr89_45,1.0,0.0,0.36363636363636365,0.0,0.0,0.0,0.0,0.0,0.2,0.0,0.0,0.0,0.0,0.0,0.0,0.0,0.0,0.0,0.0,0.0,0.0,0.0,0.0,0.0,0.18181818181818182,0.0,0.0,0.0
spkr89_46,0.7333333333333333,0.13333333333333333,0.5333333333333333,0.0,0.0,0.0,0.0,0.0,0.13333333333333333,0.0,0.0,0.0,0.0,0.0,0.0,0.0,0.0,0.8,0.0,0.0,0.0,0.0,0.0,0.0,0.0,0.0,0.06666666666666667,0.0
spkr89_5,0.4,0.3333333333333333,0.4,0.0,0.0,0.0,0.0,0.0,0.06666666666666667,0.13333333333333333,0.0,0.0,0.0,0.0,0.0,0.0,0.0,0.3333333333333333,0.0,0.0,0.26666666666666666,0.0,0.0,0.0,0.0,0.0,0.06666666666666667,0.0
spkr89_50,0.6666666666666666,0.3870967741935484,0.4838709677419355,0.0,0.0,0.0,0.0,0.0,0.23333333333333334,0.03225806451612903,0.0,0.0,0.0,0.0967741935483871,0.0,0.0,0.0,0.5806451612903226,0.12903225806451613,0.0,0.16129032258064516,0.12903225806451613,0.22580645161290322,0.03225806451612903,0.16129032258064516,0.16129032258064516,0.0,0.0
spkr89_51,0.5714285714285714,0.07142857142857142,0.21428571428571427,0.07142857142857142,0.07142857142857142,0.07142857142857142,0.07142857142857142,0.07142857142857142,0.21428571428571427,0.14285714285714285,0.14285714285714285,0.07142857142857142,0.07142857142857142,0.14285714285714285,0.07142857142857142,0.07142857142857142,0.07142857142857142,0.7142857142857143,0.07142857142857142,0.07142857142857142,0.07142857142857142,0.14285714285714285,0.07142857142857142,0.0,0.21428571428571427,0.14285714285714285,0.21428571428571427,0.07142857142857142
spkr89_52,0.8181818181818182,0.5454545454545454,0.5454545454545454,0.0,0.0,0.0,0.0,0.0,0.18181818181818182,0.18181818181818182,0.0,0.0,0.0,0.0,0.0,0.0,0.0,0.7272727272727273,0.0,0.0,0.0,0.09090909090909091,0.18181818181818182,0.09090909090909091,0.09090909090909091,0.0,0.36363636363636365,0.09090909090909091
spkr89_53,0.4,0.06666666666666667,0.5333333333333333,0.06666666666666667,0.0,0.0,0.06666666666666667,0.06666666666666667,0.0,0.06666666666666667,0.06666666666666667,0.0,0.0,0.0,0.0,0.06666666666666667,0.0,0.6666666666666666,0.06666666666666667,0.06666666666666667,0.06666666666666667,0.06666666666666667,0.0,0.06666666666666667,0.0,0.0,0.06666666666666667,0.06666666666666667
spkr89_54,1.0,0.2857142857142857,0.7142857142857143,0.0,0.0,0.0,0.0,0.0,0.8333333333333334,0.0,0.0,0.0,0.0,0.0,0.0,0.14285714285714285,0.0,1.0,0.0,0.0,0.0,0.0,0.7142857142857143,0.2857142857142857,0.2857142857142857,0.0,0.7142857142857143,0.14285714285714285
spkr89_55,0.7333333333333333,0.35294117647058826,0.5294117647058824,0.0,0.0,0.0,0.0,0.0,0.2,0.11764705882352941,0.0,0.0,0.0,0.0,0.0,0.0,0.0,0.5294117647058824,0.0,0.0,0.11764705882352941,0.0,0.058823529411764705,0.0,0.23529411764705882,0.0,0.058823529411764705,0.0
spkr89_56,1.0,0.2,0.3,0.3,0.0,0.0,0.1,0.2,0.2,0.2,0.2,0.3,0.0,0.1,0.0,0.1,0.2,0.6,0.5,0.3,0.2,0.0,0.3,0.0,0.2,0.0,0.1,0.2
spkr89_57,0.7333333333333333,0.29411764705882354,0.5294117647058824,0.0,0.0,0.0,0.0,0.0,0.26666666666666666,0.058823529411764705,0.058823529411764705,0.0,0.0,0.11764705882352941,0.0,0.0,0.0,0.23529411764705882,0.0,0.23529411764705882,0.0,0.11764705882352941,0.23529411764705882,0.29411764705882354,0.29411764705882354,0.17647058823529413,0.17647058823529413,0.0
spkr89_58,0.47619047619047616,0.22727272727272727,0.45454545454545453,0.0,0.0,0.0,0.0,0.0,0.19047619047619047,0.0,0.0,0.22727272727272727,0.0,0.0,0.0,0.0,0.09090909090909091,0.3181818181818182,0.13636363636363635,0.09090909090909091,0.0,0.0,0.13636363636363635,0.0,0.09090909090909091,0.0,0.2727272727272727,0.0
spkr89_59,1.0,0.0,0.5454545454545454,0.0,0.0,0.0,0.0,0.2727272727272727,0.18181818181818182,0.18181818181818182,0.2727272727272727,0.0,0.0,0.2727272727272727,0.0,0.0,0.2727272727272727,0.45454545454545453,0.2727272727272727,0.0,0.0,0.2727272727272727,0.09090909090909091,0.2727272727272727,0.09090909090909091,0.0,0.09090909090909091,0.2727272727272727
spkr89_6,1.0,0.8333333333333334,0.8333333333333334,1.0,0.0,0.0,0.0,0.0,0.25,0.08333333333333333,0.0,0.5,0.0,0.0,0.0,0.0,0.0,1.0,0.3333333333333333,0.16666666666666666,0.0,0.3333333333333333,0.4166666666666667,0.16666666666666666,0.16666666666666666,0.4166666666666667,0.4166666666666667,0.4166666666666667
spkr89_60,1.0,0.35294117647058826,0.47058823529411764,0.0,0.0,0.0,0.0,0.0,0.1875,0.0,0.0,0.17647058823529413,0.0,0.0,0.0,0.0,0.0,0.35294117647058826,0.23529411764705882,0.0,0.11764705882352941,0.0,0.23529411764705882,0.0,0.11764705882352941,0.0,0.0,0.23529411764705882
spkr89_61,0.7222222222222222,0.16666666666666666,0.7222222222222222,0.0,0.0,0.0,0.0,0.0,0.2222222222222222,0.05555555555555555,0.0,0.05555555555555555,0.0,0.0,0.0,0.0,0.0,1.0,0.0,0.0,0.0,0.05555555555555555,0.3888888888888889,0.0,0.05555555555555555,0.16666666666666666,0.05555555555555555,0.0
spkr89_62,0.7,0.09090909090909091,0.18181818181818182,0.0,0.0,0.0,0.0,0.0,0.2,0.0,0.0,0.0,0.0,0.0,0.0,0.0,0.0,0.0,0.0,0.0,0.0,0.0,0.0,0.0,0.0,0.0,0.0,0.0
spkr89_63,0.6,0.3,0.5,0.0,0.0,0.0,0.0,0.0,0.0,0.0,0.0,0.0,0.0,0.0,0.0,0.0,0.0,0.0,0.3,0.3,0.0,0.0,0.0,0.0,0.4,0.0,0.0,0.0
spkr89_64,0.7058823529411765,0.35294117647058826,0.8823529411764706,0.29411764705882354,0.0,0.0,0.23529411764705882,0.29411764705882354,0.23529411764705882,0.17647058823529413,0.0,0.0,0.0,0.23529411764705882,0.0,0.0,0.29411764705882354,0.8235294117647058,0.0,0.0,0.23529411764705882,0.23529411764705882,0.23529411764705882,0.17647058823529413,0.23529411764705882,0.23529411764705882,0.29411764705882354,0.11764705882352941
spkr89_65,0.5217391304347826,0.4782608695652174,0.5217391304347826,0.30434782608695654,0.08695652173913043,0.0,0.0,0.0,0.21739130434782608,0.0,0.17391304347826086,0.0,0.0,0.2608695652173913,0.0,0.0,0.0,0.6521739130434783,0.43478260869565216,0.30434782608695654,0.391304347826087,0.0,0.5217391304347826,0.17391304347826086,0.08695652173913043,0.043478260869565216,0.043478260869565216,0.08695652173913043
spkr89_66,0.6470588235294118,0.3888888888888889,0.2777777777777778,0.2222222222222222,0.05555555555555555,0.05555555555555555,0.05555555555555555,0.2222222222222222,0.17647058823529413,0.16666666666666666,0.2222222222222222,0.2222222222222222,0.05555555555555555,0.1111111111111111,0.2222222222222222,0.2777777777777778,0.2222222222222222,0.7222222222222222,0.2222222222222222,0.2222222222222222,0.3333333333333333,0.3333333333333333,0.05555555555555555,0.1111111111111111,0.05555555555555555,0.2222222222222222,0.2777777777777778,0.16666666666666666
spkr89_67,0.35714285714285715,0.0,0.5714285714285714,0.0,0.0,0.0,0.0,0.0,0.0,0.0,0.0,0.0,0.0,0.0,0.0,0.0,0.0,0.42857142857142855,0.0,0.0,0.0,0.0,0.0,0.0,0.0,0.0,0.07142857142857142,0.0
spkr89_68,0.6666666666666666,0.3076923076923077,0.5384615384615384,0.23076923076923078,0.23076923076923078,0.23076923076923078,0.23076923076923078,0.23076923076923078,0.16666666666666666,0.23076923076923078,0.23076923076923078,0.23076923076923078,0.23076923076923078,0.23076923076923078,0.23076923076923078,0.23076923076923078,0.23076923076923078,0.38461538461538464,0.23076923076923078,0.23076923076923078,0.23076923076923078,0.23076923076923078,0.23076923076923078,0.23076923076923078,0.23076923076923078,0.23076923076923078,0.23076923076923078,0.23076923076923078
spkr89_69,0.5555555555555556,0.16666666666666666,0.7222222222222222,0.0,0.0,0.0,0.0,0.0,0.0,0.0,0.2222222222222222,0.2222222222222222,0.0,0.0,0.0,0.0,0.0,0.7777777777777778,0.0,0.2222222222222222,0.0,0.0,0.2777777777777778,0.0,0.05555555555555555,0.0,0.16666666666666666,0.0
spkr89_7,0.6666666666666666,0.3125,0.75,0.0,0.0,0.0,0.0,0.0,0.4,0.125,0.0,0.0,0.0,0.0,0.0,0.0,0.0,0.8125,0.0,0.3125,0.125,0.125,0.3125,0.0,0.25,0.1875,0.1875,0.0
spkr89_70,0.8125,0.3125,0.5,0.0625,0.0,0.0,0.0,0.0625,0.375,0.0,0.25,0.3125,0.0,0.0625,0.0,0.0,0.0,0.375,0.1875,0.0625,0.0625,0.0,0.5,0.0625,0.25,0.125,0.375,0.0
spkr89_71,0.7222222222222222,0.2631578947368421,0.47368421052631576,0.0,0.0,0.0,0.0,0.0,0.3333333333333333,0.0,0.10526315789473684,0.0,0.0,0.3684210526315789,0.10526315789473684,0.0,0.0,0.8421052631578947,0.0,0.10526315789473684,0.42105263157894735,0.15789473684210525,0.2631578947368421,0.10526315789473684,0.15789473684210525,0.10526315789473684,0.21052631578947367,0.05263157894736842
spkr89_72,0.5789473684210527,0.3333333333333333,0.6666666666666666,0.2777777777777778,0.0,0.0,0.0,0.0,0.15789473684210525,0.2777777777777778,0.0,0.0,0.0,0.0,0.0,0.0,0.0,0.9444444444444444,0.0,0.0,0.3888888888888889,0.2222222222222222,0.2777777777777778,0.2777777777777778,0.2777777777777778,0.2777777777777778,0.3888888888888889,0.2222222222222222
spkr89_73,0.9090909090909091,0.18181818181818182,0.45454545454545453,0.0,0.0,0.0,0.0,0.0,0.2727272727272727,0.18181818181818182,0.0,0.0,0.0,0.0,0.0,0.0,0.0,0.45454545454545453,0.0,0.0,0.0,0.18181818181818182,0.0,0.0,0.5454545454545454,0.18181818181818182,0.2727272727272727,0.0
spkr89_74,0.7857142857142857,0.7142857142857143,0.9285714285714286,0.0,0.0,0.0,0.0,0.0,0.5,0.0,0.14285714285714285,0.0,0.0,0.0,0.0,0.0,0.0,0.7142857142857143,0.0,0.0,0.2857142857142857,0.0,0.0,0.0,0.35714285714285715,0.0,0.42857142857142855,0.35714285714285715
spkr89_75,0.5882352941176471,0.7647058823529411,0.8823529411764706,0.17647058823529413,0.0,0.0,0.0,0.17647058823529413,0.5882352941176471,0.11764705882352941,0.0,0.47058823529411764,0.0,0.17647058823529413,0.0,0.0,0.0,1.0,0.5294117647058824,0.17647058823529413,0.29411764705882354,0.47058823529411764,0.35294117647058826,0.11764705882352941,0.23529411764705882,0.4117647058823529,0.35294117647058826,0.29411764705882354
spkr89_8,0.375,0.375,0.3125,0.0,0.0,0.0,0.0,0.0,0.1875,0.0,0.125,0.0,0.0,0.125,0.0,0.0,0.0,0.75,0.0,0.0,0.0,0.0,0.0625,0.0,0.1875,0.0625,0.125,0.0
spkr89_9,0.7857142857142857,0.14285714285714285,0.5,0.07142857142857142,0.07142857142857142,0.0,0.07142857142857142,0.07142857142857142,0.07142857142857142,0.0,0.07142857142857142,0.07142857142857142,0.07142857142857142,0.07142857142857142,0.07142857142857142,0.0,0.07142857142857142,0.2857142857142857,0.07142857142857142,0.07142857142857142,0.07142857142857142,0.0,0.14285714285714285,0.07142857142857142,0.0,0.0,0.07142857142857142,0.07142857142857142
spkr103_1,0.7,0.2,0.8,0.1,0.0,0.0,0.0,0.0,0.2,0.1,0.1,0.0,0.0,0.1,0.0,0.0,0.0,0.6,0.1,0.1,0.3,0.4,0.2,0.0,0.8,0.1,0.0,0.0
spkr103_10,0.17647058823529413,0.0,0.4117647058823529,0.0,0.0,0.0,0.0,0.0,0.0,0.0,0.0,0.0,0.0,0.058823529411764705,0.0,0.0,0.0,0.4117647058823529,0.0,0.0,0.0,0.0,0.0,0.0,0.0,0.0,0.0,0.0
spkr103_11,0.5,0.5714285714285714,0.5714285714285714,0.0,0.0,0.0,0.07142857142857142,0.0,0.07142857142857142,0.0,0.0,0.0,0.0,0.0,0.07142857142857142,0.0,0.0,0.5714285714285714,0.0,0.0,0.0,0.07142857142857142,0.2857142857142857,0.0,0.0,0.0,0.0,0.0
spkr103_12,0.6470588235294118,0.11764705882352941,0.7058823529411765,0.0,0.0,0.0,0.0,0.0,0.058823529411764705,0.0,0.0,0.0,0.0,0.0,0.0,0.0,0.0,0.35294117647058826,0.35294117647058826,0.058823529411764705,0.0,0.0,0.23529411764705882,0.0,0.0,0.0,0.058823529411764705,0.0
spkr103_13,0.5,0.058823529411764705,0.5882352941176471,0.0,0.0,0.0,0.0,0.0,0.3125,0.0,0.0,0.0,0.0,0.0,0.0,0.0,0.0,0.29411764705882354,0.0,0.0,0.0,0.0,0.0,0.0,0.0,0.0,0.11764705882352941,0.058823529411764705
spkr103_14,0.5294117647058824,0.4117647058823529,0.5882352941176471,0.0,0.0,0.0,0.0,0.0,0.23529411764705882,0.058823529411764705,0.0,0.0,0.0,0.11764705882352941,0.0,0.0,0.0,0.7058823529411765,0.23529411764705882,0.23529411764705882,0.23529411764705882,0.0,0.058823529411764705,0.0,0.29411764705882354,0.0,0.17647058823529413,0.058823529411764705
spkr103_15,0.5294117647058824,0.29411764705882354,0.5294117647058824,0.17647058823529413,0.0,0.0,0.0,0.17647058823529413,0.35294117647058826,0.11764705882352941,0.17647058823529413,0.0,0.0,0.17647058823529413,0.0,0.0,0.17647058823529413,0.8823529411764706,0.17647058823529413,0.17647058823529413,0.17647058823529413,0.17647058823529413,0.11764705882352941,0.11764705882352941,0.23529411764705882,0.11764705882352941,0.23529411764705882,0.11764705882352941
spkr103_18,0.46153846153846156,0.15384615384615385,0.6153846153846154,0.0,0.0,0.0,0.0,0.0,0.15384615384615385,0.0,0.0,0.0,0.0,0.0,0.0,0.0,0.0,0.23076923076923078,0.0,0.0,0.07692307692307693,0.0,0.0,0.0,0.0,0.0,0.0,0.0
spkr103_19,0.45161290322580644,0.03225806451612903,0.5483870967741935,0.06451612903225806,0.0,0.0,0.03225806451612903,0.0,0.03225806451612903,0.0,0.0,0.16129032258064516,0.0,0.0,0.0,0.0,0.06451612903225806,0.22580645161290322,0.12903225806451613,0.0967741935483871,0.0,0.03225806451612903,0.0,0.03225806451612903,0.03225806451612903,0.0,0.06451612903225806,0.06451612903225806
spkr103_2,0.7272727272727273,0.0,0.5454545454545454,0.0,0.0,0.0,0.0,0.0,0.09090909090909091,0.0,0.0,0.0,0.0,0.0,0.0,0.0,0.0,0.7272727272727273,0.8181818181818182,0.45454545454545453,0.5454545454545454,0.0,0.0,0.0,0.2727272727272727,0.0,0.0,0.0
spkr103_20,0.625,0.038461538461538464,0.5,0.0,0.0,0.0,0.0,0.0,0.20833333333333334,0.0,0.0,0.0,0.0,0.0,0.0,0.0,0.0,0.38461538461538464,0.0,0.0,0.0,0.0,0.15384615384615385,0.0,0.19230769230769232,0.0,0.19230769230769232,0.0
spkr103_21,0.4,0.0,0.37037037037037035,0.0,0.0,0.0,0.0,0.0,0.08,0.0,0.037037037037037035,0.0,0.0,0.0,0.0,0.037037037037037035,0.0,0.5185185185185185,0.0,0.0,0.0,0.0,0.0,0.0,0.0,0.0,0.037037037037037035,0.0
spkr103_22,0.5555555555555556,0.05555555555555555,0.4444444444444444,0.16666666666666666,0.2222222222222222,0.16666666666666666,0.16666666666666666,0.16666666666666666,0.2222222222222222,0.16666666666666666,0.0,0.0,0.2222222222222222,0.16666666666666666,0.0,0.05555555555555555,0.16666666666666666,0.3888888888888889,0.0,0.16666666666666666,0.0,0.16666666666666666,0.05555555555555555,0.2222222222222222,0.16666666666666666,0.2222222222222222,0.2222222222222222,0.16666666666666666
spkr103_23,0.55,0.2,0.4,0.0,0.0,0.0,0.0,0.0,0.0,0.0,0.0,0.0,0.0,0.0,0.0,0.0,0.0,0.1,0.0,0.0,0.0,0.0,0.0,0.0,0.0,0.0,0.0,0.0
spkr103_24,0.5882352941176471,0.21052631578947367,0.47368421052631576,0.0,0.0,0.05263157894736842,0.05263157894736842,0.0,0.35294117647058826,0.05263157894736842,0.0,0.05263157894736842,0.0,0.05263157894736842,0.05263157894736842,0.0,0.0,0.42105263157894735,0.05263157894736842,0.0,0.3157894736842105,0.05263157894736842,0.05263157894736842,0.05263157894736842,0.05263157894736842,0.05263157894736842,0.15789473684210525,0.05263157894736842
spkr103_26,0.6666666666666666,0.15789473684210525,0.3684210526315789,0.0,0.0,0.0,0.0,0.0,0.5,0.0,0.0,0.0,0.0,0.0,0.0,0.0,0.0,0.8421052631578947,0.10526315789473684,0.10526315789473684,0.2631578947368421,0.15789473684210525,0.3157894736842105,0.0,0.2631578947368421,0.0,0.10526315789473684,0.0
spkr103_28,0.7333333333333333,0.058823529411764705,0.5882352941176471,0.0,0.0,0.0,0.0,0.0,0.13333333333333333,0.058823529411764705,0.0,0.0,0.0,0.0,0.0,0.0,0.0,0.5294117647058824,0.0,0.0,0.47058823529411764,0.0,0.0,0.11764705882352941,0.11764705882352941,0.058823529411764705,0.11764705882352941,0.0
spkr103_29,0.4666666666666667,0.4,0.5333333333333333,0.13333333333333333,0.0,0.0,0.0,0.0,0.2,0.0,0.0,0.0,0.0,0.0,0.0,0.0,0.0,0.8666666666666667,0.13333333333333333,0.0,0.26666666666666666,0.0,0.0,0.0,0.0,0.0,0.0,0.0
spkr103_30,0.4,0.2,0.6666666666666666,0.0,0.0,0.0,0.0,0.0,0.0,0.0,0.0,0.0,0.0,0.0,0.0,0.0,0.0,0.8,0.0,0.0,0.0,0.0,0.0,0.0,0.0,0.0,0.0,0.0
spkr103_31,0.5789473684210527,0.05263157894736842,0.47368421052631576,0.0,0.0,0.0,0.0,0.0,0.0,0.0,0.0,1.0,0.0,0.0,0.0,0.0,0.0,0.15789473684210525,0.0,0.0,0.0,0.0,0.0,0.0,0.0,0.0,0.0,0.0
spkr103_33,0.5714285714285714,0.18181818181818182,0.2727272727272727,0.0,0.0,0.0,0.0,0.0,0.23809523809523808,0.0,0.0,0.0,0.0,0.0,0.0,0.0,0.0,0.4090909090909091,0.0,0.0,0.0,0.0,0.0,0.0,0.0,0.0,0.13636363636363635,0.0
spkr103_34,0.45454545454545453,0.3181818181818182,0.5454545454545454,0.18181818181818182,0.0,0.09090909090909091,0.09090909090909091,0.09090909090909091,0.2727272727272727,0.09090909090909091,0.09090909090909091,0.18181818181818182,0.09090909090909091,0.09090909090909091,0.0,0.13636363636363635,0.0,0.36363636363636365,0.09090909090909091,0.09090909090909091,0.5454545454545454,0.18181818181818182,0.09090909090909091,0.13636363636363635,0.18181818181818182,0.09090909090909091,0.13636363636363635,0.2727272727272727
spkr103_35,0.5,0.0,0.7857142857142857,0.0,0.0,0.0,0.0,0.0,0.2857142857142857,0.0,0.07142857142857142,0.35714285714285715,0.0,0.14285714285714285,0.0,0.07142857142857142,0.0,0.7857142857142857,0.35714285714285715,0.07142857142857142,0.0,0.0,0.2857142857142857,0.2857142857142857,0.0,0.0,0.21428571428571427,0.42857142857142855
spkr103_36,0.8888888888888888,0.25,0.45,0.0,0.0,0.0,0.0,0.0,0.2777777777777778,0.0,0.0,0.0,0.0,0.05,0.0,0.0,0.0,0.55,0.0,0.0,0.1,0.0,0.1,0.0,0.05,0.0,0.1,0.0
spkr103_37,0.6428571428571429,0.3333333333333333,0.6,0.0,0.0,0.0,0.0,0.0,0.07142857142857142,0.0,0.0,0.0,0.0,0.0,0.0,0.0,0.0,0.4,0.13333333333333333,0.0,0.0,0.0,0.0,0.0,0.0,0.0,0.06666666666666667,0.06666666666666667
spkr103_38,0.75,0.0,0.3333333333333333,0.0,0.0,0.0,0.0,0.0,0.0625,0.0,0.0,0.0,0.0,0.0,0.0,0.0,0.0,0.6,0.13333333333333333,0.13333333333333333,0.13333333333333333,0.0,0.0,0.0,0.0,0.0,0.0,0.13333333333333333
spkr103_4,0.7857142857142857,0.07692307692307693,0.6153846153846154,0.0,0.0,0.0,0.0,0.0,0.0,0.0,0.0,0.0,0.0,0.0,0.0,0.0,0.0,1.0,0.38461538461538464,0.0,0.3076923076923077,0.0,0.0,0.0,0.0,0.0,0.0,0.0
spkr103_40,0.5714285714285714,0.06666666666666667,0.5333333333333333,0.0,0.0,0.0,0.0,0.0,0.35714285714285715,0.0,0.0,0.0,0.0,0.0,0.0,0.0,0.0,0.4,0.2,0.0,0.0,0.0,0.3333333333333333,0.0,0.0,0.0,0.0,0.13333333333333333
spkr103_42,0.7272727272727273,0.0,0.5454545454545454,0.18181818181818182,0.0,0.0,0.0,0.45454545454545453,0.09090909090909091,0.0,0.0,0.0,0.0,0.0,0.0,0.0,0.36363636363636365,0.9090909090909091,0.18181818181818182,0.6363636363636364,0.0,0.0,0.09090909090909091,0.0,0.0,0.0,0.09090909090909091,0.18181818181818182
spkr103_43,0.6923076923076923,0.3076923076923077,0.46153846153846156,0.0,0.0,0.0,0.0,0.23076923076923078,0.23076923076923078,0.23076923076923078,0.23076923076923078,0.38461538461538464,0.0,0.23076923076923078,0.0,0.3076923076923077,0.0,0.5384615384615384,0.0,0.0,0.0,0.23076923076923078,0.23076923076923078,0.23076923076923078,0.23076923076923078,0.23076923076923078,0.23076923076923078,0.0
spkr103_44,0.375,0.125,0.4375,0.0625,0.0625,0.0625,0.0625,0.0625,0.25,0.0625,0.0625,0.0625,0.0625,0.0625,0.0625,0.0625,0.0625,0.4375,0.0625,0.0625,0.0625,0.125,0.0625,0.125,0.125,0.0625,0.0625,0.0625
spkr103_45,0.5,0.0,0.6363636363636364,0.0,0.0,0.0,0.0,0.0,0.2,0.0,0.0,0.0,0.0,0.0,0.0,0.0,0.0,0.9090909090909091,0.0,0.0,0.2727272727272727,0.0,0.0,0.0,0.0,0.0,0.09090909090909091,0.0
spkr103_46,0.8,0.13333333333333333,0.7333333333333333,0.0,0.0,0.0,0.0,0.0,0.0,0.0,0.0,0.0,0.0,0.0,0.0,0.0,0.0,0.26666666666666666,0.0,0.0,0.0,0.0,0.0,0.0,0.13333333333333333,0.0,0.06666666666666667,0.0
spkr103_5,0.4666666666666667,0.13333333333333333,0.4,0.0,0.0,0.0,0.0,0.0,0.06666666666666667,0.0,0.0,0.0,0.0,0.0,0.0,0.0,0.0,0.2,0.0,0.0,0.26666666666666666,0.0,0.0,0.0,0.06666666666666667,0.0,0.0,0.0
spkr103_50,0.7,0.16129032258064516,0.6129032258064516,0.0,0.0,0.0,0.0,0.0,0.16666666666666666,0.03225806451612903,0.0,0.0,0.0,0.0,0.03225806451612903,0.0,0.0,0.6451612903225806,0.0,0.0,0.06451612903225806,0.0,0.0,0.03225806451612903,0.1935483870967742,0.03225806451612903,0.12903225806451613,0.0967741935483871
spkr103_51,0.7142857142857143,0.14285714285714285,0.21428571428571427,0.14285714285714285,0.07142857142857142,0.0,0.07142857142857142,0.07142857142857142,0.35714285714285715,0.07142857142857142,0.14285714285714285,0.07142857142857142,0.07142857142857142,0.07142857142857142,0.14285714285714285,0.07142857142857142,0.14285714285714285,0.2857142857142857,0.07142857142857142,0.07142857142857142,0.07142857142857142,0.21428571428571427,0.14285714285714285,0.07142857142857142,0.21428571428571427,0.07142857142857142,0.21428571428571427,0.21428571428571427
spkr103_52,0.5454545454545454,0.45454545454545453,0.5454545454545454,0.0,0.0,0.0,0.0,0.0,0.0,0.2727272727272727,0.0,0.0,0.0,0.0,0.0,0.8181818181818182,0.0,0.0,0.0,0.0,0.0,0.09090909090909091,0.2727272727272727,0.0,0.2727272727272727,0.0,0.2727272727272727,0.18181818181818182
spkr103_53,0.4666666666666667,0.2,0.6,0.0,0.0,0.06666666666666667,0.06666666666666667,0.13333333333333333,0.06666666666666667,0.13333333333333333,0.06666666666666667,0.13333333333333333,0.06666666666666667,0.06666666666666667,0.0,0.06666666666666667,0.06666666666666667,0.5333333333333333,0.06666666666666667,0.13333333333333333,0.13333333333333333,0.13333333333333333,0.13333333333333333,0.13333333333333333,0.13333333333333333,0.13333333333333333,0.2,0.13333333333333333
spkr103_54,0.8333333333333334,0.7142857142857143,0.7142857142857143,0.14285714285714285,0.14285714285714285,0.14285714285714285,0.2857142857142857,0.2857142857142857,0.8333333333333334,0.0,0.42857142857142855,1.0,0.14285714285714285,0.0,0.5714285714285714,1.0,0.14285714285714285,1.0,0.0,0.0,0.0,0.14285714285714285,0.5714285714285714,0.42857142857142855,0.2857142857142857,0.2857142857142857,0.7142857142857143,0.2857142857142857
spkr103_55,0.7333333333333333,0.4117647058823529,0.5882352941176471,0.058823529411764705,0.0,0.0,0.17647058823529413,0.058823529411764705,0.2,0.058823529411764705,0.058823529411764705,0.5882352941176471,0.0,0.0,0.0,0.17647058823529413,0.17647058823529413,0.29411764705882354,0.058823529411764705,0.058823529411764705,0.058823529411764705,0.058823529411764705,0.058823529411764705,0.0,0.17647058823529413,0.058823529411764705,0.11764705882352941,0.058823529411764705
spkr103_56,0.6,0.4,0.5,0.0,0.1,0.0,0.1,0.1,0.1,0.0,0.1,0.1,0.1,0.1,0.1,0.1,0.1,1.0,0.4,0.1,0.0,0.0,0.1,0.2,0.2,0.0,0.0,0.0
spkr103_57,0.6666666666666666,0.23529411764705882,0.29411764705882354,0.0,0.0,0.0,0.0,0.0,0.2,0.0,0.0,0.0,0.0,0.0,0.0,0.0,0.0,0.4117647058823529,0.0,0.0,0.0,0.0,0.17647058823529413,0.058823529411764705,0.0,0.0,0.058823529411764705,0.0
spkr103_58,0.6666666666666666,0.09090909090909091,0.5,0.0,0.0,0.0,0.0,0.0,0.19047619047619047,0.0,0.0,0.0,0.0,0.0,0.0,0.0,0.0,0.9090909090909091,0.18181818181818182,0.0,0.0,0.0,0.18181818181818182,0.0,0.0,0.0,0.045454545454545456,0.0
spkr103_59,0.45454545454545453,0.2727272727272727,0.45454545454545453,0.0,0.0,0.18181818181818182,0.2727272727272727,0.2727272727272727,0.2727272727272727,0.2727272727272727,0.18181818181818182,0.0,0.0,0.2727272727272727,0.0,0.0,0.0,0.9090909090909091,0.0,0.0,0.0,0.0,0.36363636363636365,0.18181818181818182,0.2727272727272727,0.0,0.36363636363636365,0.2727272727272727
spkr103_6,0.4166666666666667,0.3333333333333333,0.6666666666666666,0.25,0.0,0.0,0.0,0.0,0.25,0.0,0.25,0.0,0.0,0.08333333333333333,0.0,0.0,0.0,0.75,0.25,0.25,0.0,0.16666666666666666,0.4166666666666667,0.16666666666666666,0.0,0.0,0.5,0.3333333333333333
spkr103_60,0.6875,0.29411764705882354,0.6470588235294118,0.11764705882352941,0.0,0.0,0.058823529411764705,0.0,0.25,0.0,0.058823529411764705,0.0,0.0,0.058823529411764705,0.11764705882352941,0.0,0.0,0.4117647058823529,0.11764705882352941,0.11764705882352941,0.17647058823529413,0.0,0.058823529411764705,0.11764705882352941,0.0,0.0,0.0,0.058823529411764705
spkr103_61,0.7777777777777778,0.2777777777777778,0.4444444444444444,0.0,0.0,0.0,0.0,0.0,0.2777777777777778,0.1111111111111111,0.0,0.0,0.0,0.1111111111111111,0.0,0.0,0.0,1.0,0.1111111111111111,0.1111111111111111,0.05555555555555555,0.0,0.2222222222222222,0.0,0.0,0.0,0.0,0.1111111111111111
spkr103_62,1.0,0.0,0.09090909090909091,0.0,0.0,0.0,0.0,0.0,0.2,0.0,0.0,0.0,0.0,0.0,0.0,0.0,0.0,0.0,0.0,0.0,0.0,0.0,0.0,0.0,0.0,0.0,0.0,0.0
spkr103_63,0.6,0.0,0.3,0.3,0.0,0.0,0.0,0.0,0.1,0.0,0.0,0.0,0.0,0.0,0.0,0.0,0.3,0.7,0.3,0.3,0.0,0.0,0.0,0.0,0.3,0.0,0.0,0.0
spkr103_64,0.6470588235294118,0.23529411764705882,0.6470588235294118,0.0,0.0,0.0,0.11764705882352941,0.35294117647058826,0.29411764705882354,0.058823529411764705,0.0,0.0,0.0,0.29411764705882354,0.0,0.0,0.35294117647058826,0.47058823529411764,0.23529411764705882,0.0,0.11764705882352941,0.0,0.29411764705882354,0.29411764705882354,0.23529411764705882,0.0,0.35294117647058826,0.29411764705882354
spkr103_65,0.5217391304347826,0.17391304347826086,0.5652173913043478,0.08695652173913043,0.043478260869565216,0.08695652173913043,0.043478260869565216,0.043478260869565216,0.13043478260869565,0.043478260869565216,0.13043478260869565,0.08695652173913043,0.043478260869565216,0.043478260869565216,0.043478260869565216,0.043478260869565216,0.043478260869565216,0.7391304347826086,0.30434782608695654,0.08695652173913043,0.34782608695652173,0.08695652173913043,0.17391304347826086,0.391304347826087,0.13043478260869565,0.08695652173913043,0.13043478260869565,0.043478260869565216
spkr103_66,0.47058823529411764,0.2222222222222222,0.16666666666666666,0.05555555555555555,0.05555555555555555,0.05555555555555555,0.05555555555555555,0.0,0.058823529411764705,0.05555555555555555,0.05555555555555555,0.0,0.05555555555555555,0.05555555555555555,0.05555555555555555,0.05555555555555555,0.0,0.3888888888888889,0.05555555555555555,0.05555555555555555,0.05555555555555555,0.05555555555555555,0.1111111111111111,0.0,0.16666666666666666,0.05555555555555555,0.16666666666666666,0.16666666666666666
spkr103_67,0.42857142857142855,0.0,0.35714285714285715,0.0,0.0,0.0,0.0,0.0,0.07142857142857142,0.0,0.0,0.0,0.0,0.0,0.0,0.0,0.0,0.0,0.0,0.0,0.07142857142857142,0.0,0.0,0.0,0.0,0.0,0.0,0.0
spkr103_68,0.5,0.5384615384615384,0.46153846153846156,0.0,0.0,0.0,0.15384615384615385,0.0,0.5,0.23076923076923078,0.07692307692307693,0.0,0.0,0.15384615384615385,0.7692307692307693,1.0,0.0,0.6923076923076923,0.5384615384615384,0.0,0.0,0.0,0.46153846153846156,0.15384615384615385,0.46153846153846156,0.07692307692307693,0.07692307692307693,0.3076923076923077
spkr103_69,0.5555555555555556,0.2222222222222222,0.6666666666666666,0.3888888888888889,0.0,0.0,0.0,0.2222222222222222,0.4444444444444444,0.0,0.0,0.2222222222222222,0.0,0.2222222222222222,0.0,0.0,0.0,0.7222222222222222,0.16666666666666666,0.6666666666666666,0.1111111111111111,0.0,0.3888888888888889,0.2777777777777778,0.2222222222222222,0.0,0.16666666666666666,0.2222222222222222
spkr103_7,0.5333333333333333,0.0625,0.5,0.0625,0.0,0.0,0.0,0.0,0.06666666666666667,0.0,0.0,0.375,0.0,0.125,0.0,0.125,0.0,0.4375,0.5625,0.5625,0.0625,0.125,0.125,0.125,0.0,0.125,0.125,0.0
spkr103_70,0.5625,0.1875,0.8125,0.0,0.1875,0.0,0.0,0.0,0.3125,0.0,0.0,0.1875,0.0,0.1875,0.0,0.0,0.0,0.1875,0.1875,0.1875,0.0625,0.25,0.25,0.0625,0.3125,0.25,0.1875,0.0
spkr103_71,0.6111111111111112,0.05263157894736842,0.2631578947368421,0.0,0.0,0.0,0.0,0.0,0.3333333333333333,0.0,0.0,0.0,0.0,0.15789473684210525,0.05263157894736842,0.0,0.0,0.9473684210526315,0.0,0.0,0.15789473684210525,0.0,0.0,0.0,0.0,0.0,0.0,0.0
spkr103_72,0.5263157894736842,0.3888888888888889,0.3888888888888889,0.0,0.0,0.0,0.0,0.0,0.10526315789473684,0.2222222222222222,0.0,0.0,0.0,0.0,0.0,0.0,0.0,0.6666666666666666,0.2777777777777778,0.1111111111111111,0.0,0.2222222222222222,0.2222222222222222,0.0,0.2222222222222222,0.2222222222222222,0.2222222222222222,0.2222222222222222
spkr103_73,0.8181818181818182,0.18181818181818182,0.36363636363636365,0.0,0.0,0.0,0.0,0.0,0.18181818181818182,0.09090909090909091,0.0,0.0,0.0,0.0,0.0,0.0,0.0,0.0,0.0,0.0,0.0,0.0,0.0,0.0,0.36363636363636365,0.18181818181818182,0.09090909090909091,0.09090909090909091
spkr103_74,0.5,0.5714285714285714,0.5714285714285714,0.0,0.0,0.0,0.0,0.0,0.5,0.0,0.0,0.0,0.0,0.21428571428571427,1.0,0.0,0.14285714285714285,0.7857142857142857,0.42857142857142855,0.0,0.2857142857142857,0.21428571428571427,0.21428571428571427,0.2857142857142857,0.42857142857142855,0.14285714285714285,0.42857142857142855,0.5
spkr103_75,0.5882352941176471,0.5294117647058824,0.5294117647058824,0.0,0.0,0.0,0.0,0.0,0.35294117647058826,0.17647058823529413,0.0,0.0,0.0,0.0,0.0,0.0,0.0,0.47058823529411764,0.0,0.0,0.0,0.5294117647058824,0.35294117647058826,0.23529411764705882,0.17647058823529413,0.35294117647058826,0.35294117647058826,0.17647058823529413
spkr103_8,0.4375,0.3125,0.25,0.0,0.0,0.0,0.0,0.0,0.3125,0.0625,0.0,0.0,0.0,0.0,0.0625,0.25,0.0,0.375,0.0,0.0,0.0,0.0,0.1875,0.0,0.25,0.0,0.1875,0.4375
spkr103_9,0.5,0.07142857142857142,0.5,0.07142857142857142,0.07142857142857142,0.07142857142857142,0.07142857142857142,0.07142857142857142,0.07142857142857142,0.07142857142857142,0.07142857142857142,0.07142857142857142,0.07142857142857142,0.07142857142857142,0.14285714285714285,0.07142857142857142,0.07142857142857142,0.7857142857142857,0.07142857142857142,0.07142857142857142,0.14285714285714285,0.07142857142857142,0.14285714285714285,0.07142857142857142,0.07142857142857142,0.07142857142857142,0.14285714285714285,0.07142857142857142
spkr105_1,0.7,0.3,0.7,0.0,0.2,0.2,0.0,0.0,0.5,0.3,0.3,0.2,0.2,0.2,0.0,0.3,0.2,0.7,0.2,0.2,0.6,0.2,0.4,0.2,0.4,0.2,0.2,0.2
spkr105_10,0.7058823529411765,0.0,0.5294117647058824,0.0,0.0,0.0,0.0,0.0,0.058823529411764705,0.0,0.35294117647058826,0.058823529411764705,0.0,0.4117647058823529,0.0,0.0,0.0,0.9411764705882353,0.0,0.058823529411764705,0.8823529411764706,0.0,0.35294117647058826,0.058823529411764705,0.0,0.0,0.0,0.058823529411764705
spkr105_11,1.0,0.5,0.6428571428571429,0.2857142857142857,0.21428571428571427,0.2857142857142857,0.21428571428571427,0.2857142857142857,0.35714285714285715,0.14285714285714285,0.2857142857142857,0.21428571428571427,0.2857142857142857,0.21428571428571427,0.21428571428571427,0.21428571428571427,0.21428571428571427,0.8571428571428571,0.21428571428571427,0.42857142857142855,0.21428571428571427,0.2857142857142857,0.5714285714285714,0.21428571428571427,0.5,0.2857142857142857,0.35714285714285715,0.2857142857142857
spkr105_12,0.8235294117647058,0.6470588235294118,0.7647058823529411,0.058823529411764705,0.0,0.0,0.0,0.0,0.23529411764705882,0.058823529411764705,0.058823529411764705,0.0,0.0,0.0,0.0,0.0,0.0,0.7058823529411765,0.0,0.058823529411764705,0.7647058823529411,0.17647058823529413,0.4117647058823529,0.0,0.5882352941176471,0.0,0.11764705882352941,0.11764705882352941
spkr105_13,0.9375,0.7647058823529411,0.7058823529411765,0.4117647058823529,0.0,0.23529411764705882,0.23529411764705882,0.4117647058823529,0.75,0.23529411764705882,0.29411764705882354,0.35294117647058826,0.11764705882352941,0.29411764705882354,0.47058823529411764,0.0,0.29411764705882354,1.0,0.35294117647058826,0.29411764705882354,0.7058823529411765,0.17647058823529413,0.4117647058823529,0.058823529411764705,0.4117647058823529,0.29411764705882354,0.17647058823529413,0.23529411764705882
spkr105_14,0.8235294117647058,0.6470588235294118,0.4117647058823529,0.0,0.0,0.0,0.0,0.0,0.058823529411764705,0.0,0.0,0.0,0.0,0.0,0.0,0.0,0.0,0.35294117647058826,0.0,0.0,0.0,0.23529411764705882,0.4117647058823529,0.0,0.23529411764705882,0.0,0.17647058823529413,0.0
spkr105_15,0.8235294117647058,0.47058823529411764,0.7058823529411765,0.0,0.0,0.0,0.17647058823529413,0.17647058823529413,0.47058823529411764,0.23529411764705882,0.17647058823529413,0.17647058823529413,0.0,0.29411764705882354,0.35294117647058826,0.0,0.17647058823529413,0.7647058823529411,0.4117647058823529,0.29411764705882354,0.6470588235294118,0.11764705882352941,0.23529411764705882,0.4117647058823529,0.23529411764705882,0.17647058823529413,0.47058823529411764,0.4117647058823529
spkr105_18,0.7307692307692307,0.11538461538461539,0.5,0.038461538461538464,0.0,0.0,0.038461538461538464,0.038461538461538464,0.23076923076923078,0.038461538461538464,0.038461538461538464,0.038461538461538464,0.0,0.038461538461538464,0.038461538461538464,0.0,0.038461538461538464,0.6538461538461539,0.038461538461538464,0.038461538461538464,0.19230769230769232,0.038461538461538464,0.15384615384615385,0.0,0.038461538461538464,0.038461538461538464,0.15384615384615385,0.0
spkr105_19,0.8064516129032258,0.7096774193548387,0.6129032258064516,0.12903225806451613,0.03225806451612903,0.03225806451612903,0.03225806451612903,0.12903225806451613,0.41935483870967744,0.06451612903225806,0.03225806451612903,0.1935483870967742,0.03225806451612903,0.12903225806451613,0.0,0.0,0.06451612903225806,0.8709677419354839,0.5161290322580645,0.12903225806451613,0.5806451612903226,0.16129032258064516,0.16129032258064516,0.06451612903225806,0.6451612903225806,0.06451612903225806,0.12903225806451613,0.03225806451612903
spkr105_20,0.7916666666666666,0.6538461538461539,0.6923076923076923,0.07692307692307693,0.07692307692307693,0.0,0.0,0.0,0.7083333333333334,0.07692307692307693,0.0,0.07692307692307693,0.0,0.0,0.0,0.0,0.0,0.7692307692307693,0.07692307692307693,0.07692307692307693,0.07692307692307693,0.07692307692307693,0.38461538461538464,0.07692307692307693,0.4230769230769231,0.11538461538461539,0.34615384615384615,0.19230769230769232
spkr105_21,0.76,0.4444444444444444,0.48148148148148145,0.25925925925925924,0.0,0.0,0.037037037037037035,0.037037037037037035,0.44,0.037037037037037035,0.1111111111111111,0.18518518518518517,0.0,0.18518518518518517,0.037037037037037035,0.07407407407407407,0.0,0.8148148148148148,0.2962962962962963,0.14814814814814814,0.5555555555555556,0.14814814814814814,0.25925925925925924,0.14814814814814814,0.18518518518518517,0.14814814814814814,0.1111111111111111,0.07407407407407407
spkr105_22,0.8888888888888888,0.9444444444444444,0.7777777777777778,0.3888888888888889,0.05555555555555555,0.4444444444444444,0.2222222222222222,0.2222222222222222,0.7222222222222222,0.7222222222222222,0.4444444444444444,0.7777777777777778,0.0,0.2777777777777778,0.0,0.05555555555555555,0.4444444444444444,1.0,0.8333333333333334,0.5,0.9444444444444444,0.3888888888888889,0.6111111111111112,0.4444444444444444,0.7777777777777778,0.5555555555555556,0.3333333333333333,0.2777777777777778
spkr105_23,0.65,0.1,0.5,0.05,0.0,0.0,0.0,0.1,0.1,0.0,0.1,0.1,0.0,0.1,0.0,0.0,0.0,0.45,0.1,0.1,0.1,0.0,0.05,0.05,0.05,0.0,0.0,0.0
spkr105_24,0.6470588235294118,0.21052631578947367,0.3157894736842105,0.0,0.0,0.0,0.0,0.0,0.17647058823529413,0.10526315789473684,0.10526315789473684,0.0,0.0,0.10526315789473684,0.0,0.0,0.0,0.6842105263157895,0.10526315789473684,0.10526315789473684,0.0,0.10526315789473684,0.3157894736842105,0.0,0.2631578947368421,0.0,0.21052631578947367,0.0
spkr105_26,0.7777777777777778,0.3684210526315789,0.21052631578947367,0.0,0.0,0.0,0.0,0.0,0.2222222222222222,0.15789473684210525,0.2631578947368421,0.10526315789473684,0.0,0.3684210526315789,0.0,0.0,0.0,0.9473684210526315,0.10526315789473684,0.10526315789473684,0.10526315789473684,0.15789473684210525,0.2631578947368421,0.0,0.2631578947368421,0.15789473684210525,0.21052631578947367,0.21052631578947367
spkr105_28,0.8,0.17647058823529413,0.35294117647058826,0.17647058823529413,0.058823529411764705,0.0,0.058823529411764705,0.17647058823529413,0.13333333333333333,0.058823529411764705,0.17647058823529413,0.17647058823529413,0.058823529411764705,0.058823529411764705,0.058823529411764705,0.0,0.17647058823529413,0.8235294117647058,0.17647058823529413,0.17647058823529413,0.29411764705882354,0.058823529411764705,0.29411764705882354,0.11764705882352941,0.29411764705882354,0.058823529411764705,0.11764705882352941,0.058823529411764705
spkr105_29,0.8,0.26666666666666666,0.4,0.0,0.0,0.0,0.0,0.0,0.2,0.0,0.0,0.0,0.0,0.0,0.0,0.0,0.0,0.06666666666666667,0.0,0.0,0.06666666666666667,0.0,0.06666666666666667,0.0,0.13333333333333333,0.0,0.26666666666666666,0.0
spkr105_30,0.5333333333333333,0.3333333333333333,0.5333333333333333,0.0,0.0,0.0,0.0,0.0,0.26666666666666666,0.06666666666666667,0.0,0.13333333333333333,0.0,0.0,0.0,0.0,0.0,0.4666666666666667,0.0,0.0,0.0,0.26666666666666666,0.2,0.06666666666666667,0.3333333333333333,0.0,0.2,0.2
spkr105_31,0.7368421052631579,0.5263157894736842,0.5263157894736842,0.0,0.0,0.0,0.0,0.0,0.10526315789473684,0.0,0.21052631578947367,0.0,0.0,0.2631578947368421,0.0,0.0,0.0,1.0,0.0,0.3684210526315789,0.10526315789473684,0.42105263157894735,0.3157894736842105,0.0,0.7368421052631579,0.15789473684210525,0.3684210526315789,0.0
spkr105_33,0.8095238095238095,0.5,0.36363636363636365,0.18181818181818182,0.0,0.0,0.0,0.0,0.6666666666666666,0.09090909090909091,0.13636363636363635,0.0,0.0,0.09090909090909091,0.0,0.0,0.13636363636363635,1.0,0.18181818181818182,0.18181818181818182,0.7272727272727273,0.09090909090909091,0.45454545454545453,0.09090909090909091,0.2727272727272727,0.18181818181818182,0.18181818181818182,0.13636363636363635
spkr105_34,0.6363636363636364,0.5454545454545454,0.6363636363636364,0.18181818181818182,0.22727272727272727,0.2727272727272727,0.22727272727272727,0.36363636363636365,0.5,0.5,0.36363636363636365,0.3181818181818182,0.2727272727272727,0.22727272727272727,0.045454545454545456,0.13636363636363635,0.22727272727272727,0.45454545454545453,0.045454545454545456,0.22727272727272727,0.45454545454545453,0.5,0.3181818181818182,0.2727272727272727,0.2727272727272727,0.3181818181818182,0.36363636363636365,0.2727272727272727
spkr105_35,0.7857142857142857,0.07142857142857142,0.5714285714285714,0.0,0.0,0.0,0.0,0.0,0.6428571428571429,0.0,0.0,0.0,0.0,0.14285714285714285,0.0,0.0,0.0,0.7857142857142857,0.0,0.0,0.14285714285714285,0.0,0.14285714285714285,0.14285714285714285,0.14285714285714285,0.0,0.0,0.14285714285714285
spkr105_36,0.9444444444444444,0.0,0.3,0.3,0.0,0.0,0.0,0.0,0.2777777777777778,0.0,0.0,0.0,0.0,0.0,0.0,0.0,0.0,1.0,0.0,0.0,0.0,0.0,0.0,0.0,0.0,0.0,0.0,0.05
spkr105_37,0.9285714285714286,0.4,0.5333333333333333,0.06666666666666667,0.13333333333333333,0.0,0.0,0.0,0.2857142857142857,0.06666666666666667,0.13333333333333333,0.13333333333333333,0.13333333333333333,0.13333333333333333,0.0,0.0,0.0,1.0,0.4,0.06666666666666667,0.4666666666666667,0.06666666666666667,0.13333333333333333,0.2,0.26666666666666666,0.06666666666666667,0.3333333333333333,0.3333333333333333
spkr105_38,0.875,0.8,0.4666666666666667,0.3333333333333333,0.13333333333333333,0.2,0.2,0.2,0.4375,0.26666666666666666,0.4666666666666667,0.4,0.3333333333333333,0.6,0.2,0.13333333333333333,0.6,0.9333333333333333,0.7333333333333333,0.3333333333333333,0.8666666666666667,0.4,0.6666666666666666,0.3333333333333333,0.4,0.4,0.13333333333333333,0.5333333333333333
spkr105_4,0.8571428571428571,0.7692307692307693,0.6153846153846154,0.6153846153846154,0.0,0.15384615384615385,0.15384615384615385,0.15384615384615385,0.6428571428571429,0.3076923076923077,0.3076923076923077,0.3076923076923077,0.15384615384615385,0.15384615384615385,0.0,0.0,0.15384615384615385,1.0,0.15384615384615385,0.5384615384615384,0.6153846153846154,0.38461538461538464,0.5384615384615384,0.15384615384615385,0.46153846153846156,0.5384615384615384,0.5384615384615384,0.46153846153846156
spkr105_40,0.7857142857142857,0.4,0.6666666666666666,0.0,0.0,0.0,0.0,0.0,0.14285714285714285,0.0,0.0,0.0,0.0,0.0,0.0,0.0,0.0,0.8666666666666667,0.2,0.4,0.3333333333333333,0.0,0.26666666666666666,0.0,0.26666666666666666,0.0,0.0,0.0
spkr105_42,0.8181818181818182,0.7272727272727273,0.36363636363636365,0.18181818181818182,0.0,0.0,0.09090909090909091,0.18181818181818182,0.5454545454545454,0.36363636363636365,0.18181818181818182,0.09090909090909091,0.09090909090909091,0.2727272727272727,0.0,0.0,0.18181818181818182,1.0,0.18181818181818182,0.36363636363636365,0.45454545454545453,0.5454545454545454,0.5454545454545454,0.18181818181818182,0.45454545454545453,0.09090909090909091,0.36363636363636365,0.36363636363636365
spkr105_43,0.7692307692307693,0.23076923076923078,0.38461538461538464,0.46153846153846156,0.23076923076923078,0.23076923076923078,0.23076923076923078,0.23076923076923078,0.38461538461538464,0.23076923076923078,0.46153846153846156,0.23076923076923078,0.23076923076923078,0.46153846153846156,0.23076923076923078,0.23076923076923078,0.23076923076923078,0.6923076923076923,0.46153846153846156,0.23076923076923078,0.5384615384615384,0.5384615384615384,0.46153846153846156,0.15384615384615385,0.46153846153846156,0.23076923076923078,0.23076923076923078,0.23076923076923078
spkr105_44,0.6875,0.3125,0.5625,0.0625,0.0625,0.0625,0.0625,0.0625,0.5,0.125,0.125,0.0625,0.0625,0.0625,0.0625,0.0625,0.0625,0.8125,0.0625,0.0625,0.0625,0.1875,0.3125,0.125,0.3125,0.125,0.0625,0.0625
spkr105_45,0.8,0.09090909090909091,0.5454545454545454,0.0,0.0,0.0,0.09090909090909091,0.09090909090909091,0.5,0.0,0.0,0.0,0.0,0.18181818181818182,0.0,0.0,0.0,0.36363636363636365,0.0,0.0,0.45454545454545453,0.0,0.0,0.09090909090909091,0.09090909090909091,0.0,0.09090909090909091,0.0
spkr105_5,0.7333333333333333,0.4666666666666667,0.26666666666666666,0.13333333333333333,0.0,0.0,0.0,0.0,0.3333333333333333,0.0,0.0,0.13333333333333333,0.13333333333333333,0.0,0.0,0.0,0.0,0.9333333333333333,0.0,0.13333333333333333,0.2,0.13333333333333333,0.06666666666666667,0.0,0.2,0.06666666666666667,0.0,0.0
spkr105_50,0.6,0.5161290322580645,0.6129032258064516,0.0,0.0,0.0,0.0,0.0,0.43333333333333335,0.0,0.0,0.0,0.0,0.0967741935483871,0.0,0.0,0.0,0.7419354838709677,0.3225806451612903,0.0,0.5806451612903226,0.12903225806451613,0.22580645161290322,0.06451612903225806,0.6451612903225806,0.0967741935483871,0.0,0.0
spkr105_51,0.8571428571428571,0.35714285714285715,0.14285714285714285,0.07142857142857142,0.0,0.0,0.0,0.07142857142857142,0.35714285714285715,0.14285714285714285,0.14285714285714285,0.07142857142857142,0.0,0.14285714285714285,0.0,0.0,0.07142857142857142,0.7857142857142857,0.07142857142857142,0.07142857142857142,0.07142857142857142,0.21428571428571427,0.07142857142857142,0.14285714285714285,0.07142857142857142,0.14285714285714285,0.07142857142857142,0.07142857142857142
spkr105_52,0.8181818181818182,0.7272727272727273,0.6363636363636364,0.2727272727272727,0.0,0.0,0.2727272727272727,0.0,0.8181818181818182,0.6363636363636364,0.0,0.0,0.0,0.2727272727272727,0.0,0.0,0.0,0.9090909090909091,0.0,0.0,0.2727272727272727,0.6363636363636364,0.8181818181818182,0.2727272727272727,0.9090909090909091,0.6363636363636364,0.36363636363636365,0.18181818181818182
spkr105_53,0.8666666666666667,0.4666666666666667,0.4666666666666667,0.3333333333333333,0.06666666666666667,0.26666666666666666,0.3333333333333333,0.3333333333333333,0.5333333333333333,0.4,0.3333333333333333,0.3333333333333333,0.13333333333333333,0.13333333333333333,0.06666666666666667,0.06666666666666667,0.3333333333333333,0.9333333333333333,0.13333333333333333,0.06666666666666667,0.5333333333333333,0.13333333333333333,0.4666666666666667,0.4,0.5333333333333333,0.4666666666666667,0.4,0.3333333333333333
spkr105_54,1.0,0.7142857142857143,1.0,0.2857142857142857,0.14285714285714285,0.0,0.42857142857142855,0.14285714285714285,1.0,0.7142857142857143,0.2857142857142857,0.7142857142857143,0.14285714285714285,0.14285714285714285,0.14285714285714285,0.8571428571428571,0.14285714285714285,0.14285714285714285,0.7142857142857143,0.2857142857142857,0.14285714285714285,0.7142857142857143,0.7142857142857143,1.0,0.14285714285714285,0.5714285714285714,0.2857142857142857,0.7142857142857143
spkr105_55,0.8666666666666667,0.7647058823529411,0.6470588235294118,0.0,0.0,0.0,0.29411764705882354,0.0,0.6,0.29411764705882354,0.29411764705882354,0.29411764705882354,0.29411764705882354,0.29411764705882354,0.0,0.0,0.29411764705882354,0.9411764705882353,0.5294117647058824,0.5294117647058824,0.5882352941176471,0.4117647058823529,0.6470588235294118,0.23529411764705882,0.47058823529411764,0.29411764705882354,0.29411764705882354,0.29411764705882354
spkr105_56,1.0,0.4,0.3,0.4,0.3,0.3,0.4,0.3,0.5,0.3,0.3,0.2,0.4,0.3,0.2,0.4,0.3,0.7,0.4,0.3,0.1,0.3,0.4,0.4,0.3,0.3,0.3,0.3
spkr105_57,1.0,0.5294117647058824,0.6470588235294118,0.23529411764705882,0.0,0.0,0.0,0.23529411764705882,0.8,0.17647058823529413,0.0,0.23529411764705882,0.23529411764705882,0.0,0.23529411764705882,0.0,0.23529411764705882,0.8235294117647058,0.4117647058823529,0.0,0.29411764705882354,0.0,1.0,0.17647058823529413,0.7058823529411765,0.23529411764705882,0.17647058823529413,0.11764705882352941
spkr105_58,0.7619047619047619,0.09090909090909091,0.5454545454545454,0.0,0.0,0.0,0.0,0.13636363636363635,0.19047619047619047,0.13636363636363635,0.09090909090909091,1.0,0.0,0.09090909090909091,0.0,0.0,0.13636363636363635,0.9090909090909091,0.0,0.0,0.0,0.0,0.22727272727272727,0.0,0.0,0.0,0.18181818181818182,0.0
spkr105_59,0.8181818181818182,0.0,0.7272727272727273,0.0,0.0,0.0,0.0,0.0,0.09090909090909091,0.0,0.0,0.0,0.0,0.0,0.0,0.0,0.0,0.8181818181818182,0.0,0.0,0.0,0.0,0.0,0.36363636363636365,0.0,0.0,0.0,0.18181818181818182
spkr105_6,1.0,0.4166666666666667,0.75,0.5,0.16666666666666666,0.3333333333333333,0.3333333333333333,0.25,0.9166666666666666,0.3333333333333333,0.4166666666666667,0.5,0.0,0.16666666666666666,0.3333333333333333,0.16666666666666666,0.25,1.0,0.75,0.75,0.5833333333333334,0.25,0.6666666666666666,0.4166666666666667,0.4166666666666667,0.4166666666666667,0.6666666666666666,0.5
spkr105_60,0.625,0.5294117647058824,0.8235294117647058,0.11764705882352941,0.0,0.0,0.0,0.0,0.4375,0.0,0.0,0.11764705882352941,0.0,0.0,0.0,0.0,0.0,0.9411764705882353,0.11764705882352941,0.11764705882352941,0.11764705882352941,0.0,0.23529411764705882,0.0,0.23529411764705882,0.0,0.23529411764705882,0.23529411764705882
spkr105_61,0.7777777777777778,0.3333333333333333,0.3333333333333333,0.0,0.0,0.0,0.0,0.0,0.3333333333333333,0.1111111111111111,0.0,0.0,0.0,0.0,0.0,0.0,0.0,0.6666666666666666,0.0,0.0,0.1111111111111111,0.05555555555555555,0.0,0.05555555555555555,0.1111111111111111,0.0,0.1111111111111111,0.0
spkr105_62,1.0,0.18181818181818182,0.6363636363636364,0.0,0.0,0.0,0.0,0.0,0.8,0.0,0.0,0.0,0.0,0.0,0.0,0.09090909090909091,0.0,0.7272727272727273,0.0,0.0,0.0,0.2727272727272727,0.18181818181818182,0.09090909090909091,0.09090909090909091,0.36363636363636365,0.0,0.0
spkr105_63,0.7,0.2,0.5,0.0,0.0,0.0,0.0,0.0,0.3,0.0,0.0,0.3,0.0,0.0,0.0,0.0,0.0,1.0,0.3,0.0,0.0,0.0,0.4,0.0,0.4,0.0,0.0,0.0
spkr105_64,0.8235294117647058,0.17647058823529413,0.7647058823529411,0.0,0.058823529411764705,0.058823529411764705,0.058823529411764705,0.058823529411764705,0.11764705882352941,0.058823529411764705,0.11764705882352941,0.11764705882352941,0.058823529411764705,0.29411764705882354,0.058823529411764705,0.0,0.058823529411764705,0.6470588235294118,0.17647058823529413,0.058823529411764705,0.47058823529411764,0.058823529411764705,0.058823529411764705,0.23529411764705882,0.058823529411764705,0.058823529411764705,0.23529411764705882,0.29411764705882354
spkr105_65,0.8695652173913043,0.6521739130434783,0.7391304347826086,0.17391304347826086,0.0,0.0,0.0,0.30434782608695654,0.782608695652174,0.391304347826087,0.08695652173913043,0.2608695652173913,0.08695652173913043,0.13043478260869565,0.0,0.0,0.30434782608695654,0.782608695652174,0.43478260869565216,0.9565217391304348,0.8260869565217391,0.34782608695652173,0.5652173913043478,0.17391304347826086,0.5217391304347826,0.13043478260869565,0.13043478260869565,0.17391304347826086
spkr105_66,0.7647058823529411,0.16666666666666666,0.2222222222222222,0.0,0.0,0.0,0.0,0.0,0.11764705882352941,0.2777777777777778,0.0,0.0,0.0,0.0,0.0,0.0,0.0,0.6666666666666666,0.2777777777777778,0.0,0.5555555555555556,0.0,0.16666666666666666,0.0,0.0,0.0,0.05555555555555555,0.0
spkr105_67,0.6428571428571429,0.2857142857142857,0.6428571428571429,0.5714285714285714,0.0,0.0,0.0,0.42857142857142855,0.7142857142857143,0.21428571428571427,0.21428571428571427,0.42857142857142855,0.21428571428571427,0.2857142857142857,0.0,0.0,0.5714285714285714,0.6428571428571429,0.21428571428571427,0.5714285714285714,0.35714285714285715,0.0,0.35714285714285715,0.42857142857142855,0.5,0.14285714285714285,0.14285714285714285,0.42857142857142855
spkr105_68,0.8333333333333334,0.3076923076923077,0.6923076923076923,0.38461538461538464,0.38461538461538464,0.38461538461538464,0.38461538461538464,0.38461538461538464,0.5,0.15384615384615385,0.38461538461538464,0.38461538461538464,0.38461538461538464,0.38461538461538464,0.38461538461538464,0.38461538461538464,0.38461538461538464,1.0,0.38461538461538464,0.38461538461538464,0.38461538461538464,0.38461538461538464,0.5384615384615384,0.38461538461538464,0.46153846153846156,0.3076923076923077,0.38461538461538464,0.3076923076923077
spkr105_69,0.6111111111111112,0.3333333333333333,0.4444444444444444,0.0,0.0,0.0,0.0,0.0,0.16666666666666666,0.0,0.0,0.05555555555555555,0.0,0.05555555555555555,0.0,0.0,0.0,0.9444444444444444,0.05555555555555555,0.05555555555555555,0.2777777777777778,0.2222222222222222,0.0,0.1111111111111111,0.3888888888888889,0.0,0.16666666666666666,0.0
spkr105_7,0.8666666666666667,0.6875,0.625,0.125,0.125,0.1875,0.0,0.125,0.4,0.1875,0.125,0.4375,0.125,0.125,0.0625,0.1875,0.125,1.0,0.25,0.375,0.1875,0.125,0.375,0.1875,0.25,0.125,0.25,0.1875
spkr105_70,0.8125,0.375,0.4375,0.1875,0.0,0.0,0.0,0.25,0.3125,0.1875,0.3125,0.25,0.0,0.1875,0.125,0.0,0.0625,0.5625,0.25,0.0625,0.25,0.25,0.1875,0.0,0.25,0.1875,0.1875,0.0
spkr105_71,0.9444444444444444,0.3157894736842105,0.42105263157894735,0.15789473684210525,0.15789473684210525,0.21052631578947367,0.21052631578947367,0.21052631578947367,0.5,0.21052631578947367,0.15789473684210525,0.21052631578947367,0.21052631578947367,0.10526315789473684,0.3684210526315789,0.0,0.21052631578947367,0.7368421052631579,0.3157894736842105,0.21052631578947367,0.5789473684210527,0.15789473684210525,0.3157894736842105,0.15789473684210525,0.2631578947368421,0.10526315789473684,0.15789473684210525,0.15789473684210525
spkr105_72,0.7368421052631579,0.16666666666666666,0.6111111111111112,0.0,0.0,0.0,0.0,0.0,0.2631578947368421,0.2222222222222222,0.1111111111111111,0.0,0.0,0.0,0.0,0.0,0.0,0.8888888888888888,0.0,0.0,0.3333333333333333,0.2222222222222222,0.16666666666666666,0.0,0.4444444444444444,0.2222222222222222,0.05555555555555555,0.2222222222222222
spkr105_73,0.8181818181818182,0.18181818181818182,0.2727272727272727,0.0,0.0,0.0,0.0,0.0,0.45454545454545453,0.2727272727272727,0.0,0.0,0.0,0.0,0.0,0.45454545454545453,0.0,0.0,0.0,0.0,0.0,0.18181818181818182,0.0,0.18181818181818182,0.2727272727272727,0.18181818181818182,0.09090909090909091,0.0
spkr105_74,0.8571428571428571,0.5714285714285714,0.6428571428571429,0.42857142857142855,0.42857142857142855,0.42857142857142855,0.42857142857142855,0.42857142857142855,0.8571428571428571,0.5,0.42857142857142855,0.42857142857142855,0.42857142857142855,0.42857142857142855,0.42857142857142855,0.42857142857142855,0.6428571428571429,0.7857142857142857,0.42857142857142855,0.42857142857142855,0.6428571428571429,0.42857142857142855,0.35714285714285715,0.42857142857142855,0.5714285714285714,0.42857142857142855,0.6428571428571429,0.42857142857142855
spkr105_75,0.7058823529411765,0.7058823529411765,0.5882352941176471,0.35294117647058826,0.11764705882352941,0.17647058823529413,0.23529411764705882,0.17647058823529413,0.7058823529411765,0.5882352941176471,0.23529411764705882,0.23529411764705882,0.23529411764705882,0.4117647058823529,0.0,0.0,0.0,0.7058823529411765,0.4117647058823529,0.23529411764705882,0.47058823529411764,0.35294117647058826,0.47058823529411764,0.29411764705882354,0.5882352941176471,0.47058823529411764,0.5882352941176471,0.23529411764705882
spkr105_8,0.75,0.6875,0.4375,0.0,0.0,0.0,0.0,0.0,0.5625,0.25,0.25,0.0,0.0,0.0,0.0,0.25,0.0,0.75,0.0,0.1875,0.6875,0.4375,0.375,0.0625,0.625,0.5,0.5,0.0
spkr105_9,0.7142857142857143,0.5,0.5714285714285714,0.07142857142857142,0.21428571428571427,0.07142857142857142,0.21428571428571427,0.21428571428571427,0.2857142857142857,0.21428571428571427,0.21428571428571427,0.07142857142857142,0.07142857142857142,0.14285714285714285,0.07142857142857142,0.07142857142857142,0.07142857142857142,0.5714285714285714,0.07142857142857142,0.14285714285714285,0.2857142857142857,0.07142857142857142,0.14285714285714285,0.21428571428571427,0.14285714285714285,0.07142857142857142,0.14285714285714285,0.07142857142857142
spkr111_1,0.8,0.3,1.0,0.0,0.0,0.0,0.0,0.0,0.3,0.5,0.0,0.0,0.0,0.0,0.0,0.0,0.0,0.5,0.0,0.0,0.2,0.0,0.2,0.0,0.5,0.0,0.3,0.0
spkr111_10,0.17647058823529413,0.0,0.5882352941176471,0.11764705882352941,0.0,0.0,0.0,0.0,0.0,0.0,0.0,0.0,0.0,0.0,0.0,0.0,0.0,0.23529411764705882,0.0,0.0,0.0,0.0,0.0,0.0,0.0,0.0,0.0,0.0
spkr111_11,0.35714285714285715,0.14285714285714285,0.42857142857142855,0.0,0.0,0.0,0.0,0.0,0.0,0.0,0.0,0.0,0.0,0.0,0.0,0.0,0.0,0.42857142857142855,0.0,0.0,0.0,0.0,0.0,0.0,0.0,0.0,0.0,0.0
spkr111_12,0.35294117647058826,0.058823529411764705,0.5882352941176471,0.0,0.0,0.0,0.0,0.058823529411764705,0.0,0.0,0.0,0.058823529411764705,0.0,0.0,0.0,0.0,0.058823529411764705,0.0,0.0,0.058823529411764705,0.0,0.0,0.0,0.0,0.0,0.0,0.0,0.0
spkr111_13,0.5,0.058823529411764705,0.35294117647058826,0.0,0.0,0.0,0.0,0.0,0.125,0.0,0.0,0.0,0.0,0.0,0.0,0.0,0.0,0.0,0.0,0.0,0.0,0.0,0.058823529411764705,0.0,0.058823529411764705,0.0,0.058823529411764705,0.0
spkr111_14,0.47058823529411764,0.29411764705882354,0.47058823529411764,0.0,0.0,0.0,0.0,0.0,0.0,0.0,0.0,0.0,0.0,0.0,0.0,0.0,0.0,0.058823529411764705,0.058823529411764705,0.0,0.0,0.0,0.0,0.0,0.0,0.0,0.0,0.0
spkr111_15,0.23529411764705882,0.0,0.4117647058823529,0.0,0.0,0.0,0.0,0.0,0.11764705882352941,0.0,0.0,0.0,0.0,0.0,0.0,0.0,0.0,0.0,0.0,0.0,0.0,0.0,0.058823529411764705,0.0,0.0,0.0,0.11764705882352941,0.0
spkr111_18,0.4230769230769231,0.11538461538461539,0.5,0.0,0.0,0.0,0.0,0.0,0.11538461538461539,0.0,0.0,0.0,0.0,0.0,0.0,0.0,0.0,0.07692307692307693,0.0,0.0,0.0,0.0,0.0,0.0,0.0,0.0,0.07692307692307693,0.0
spkr111_19,0.16129032258064516,0.0,0.3870967741935484,0.0,0.0,0.0,0.0,0.0,0.03225806451612903,0.0,0.0,0.0,0.0,0.0,0.0,0.0,0.0,0.0967741935483871,0.0,0.0,0.0,0.0,0.0,0.0,0.0,0.0,0.0,0.0
spkr111_2,0.8181818181818182,0.09090909090909091,0.45454545454545453,0.0,0.0,0.0,0.0,0.0,0.09090909090909091,0.0,0.0,0.0,0.0,0.0,0.0,0.0,0.0,0.8181818181818182,0.0,0.0,0.0,0.0,0.0,0.0,0.0,0.0,0.0,0.0
spkr111_20,0.5,0.038461538461538464,0.5,0.0,0.0,0.0,0.0,0.0,0.041666666666666664,0.0,0.0,0.0,0.0,0.0,0.0,0.0,0.0,0.0,0.0,0.0,0.0,0.0,0.0,0.0,0.0,0.0,0.0,0.0
spkr111_21,0.52,0.0,0.3333333333333333,0.0,0.0,0.0,0.0,0.0,0.08,0.07407407407407407,0.0,0.0,0.0,0.0,0.0,0.0,0.0,0.2962962962962963,0.0,0.0,0.0,0.0,0.0,0.0,0.07407407407407407,0.0,0.07407407407407407,0.0
spkr111_22,0.3888888888888889,0.0,0.3888888888888889,0.0,0.0,0.0,0.0,0.0,0.05555555555555555,0.0,0.0,0.0,0.0,0.0,0.0,0.0,0.0,0.16666666666666666,0.0,0.0,0.0,0.0,0.0,0.0,0.0,0.0,0.0,0.0
spkr111_23,0.5,0.1,0.45,0.0,0.0,0.0,0.0,0.0,0.1,0.0,0.0,0.0,0.0,0.1,0.0,0.0,0.0,0.0,0.0,0.0,0.1,0.15,0.15,0.0,0.1,0.0,0.15,0.1
spkr111_24,0.47058823529411764,0.05263157894736842,0.3157894736842105,0.0,0.0,0.0,0.0,0.0,0.17647058823529413,0.0,0.0,0.0,0.0,0.0,0.0,0.0,0.0,0.3684210526315789,0.0,0.0,0.0,0.0,0.0,0.0,0.05263157894736842,0.0,0.0,0.0
spkr111_26,0.5555555555555556,0.0,0.2631578947368421,0.0,0.0,0.0,0.0,0.0,0.16666666666666666,0.0,0.0,0.0,0.0,0.0,0.0,0.0,0.0,0.3157894736842105,0.2631578947368421,0.05263157894736842,0.0,0.0,0.0,0.0,0.0,0.0,0.0,0.0
spkr111_28,0.5333333333333333,0.058823529411764705,0.6470588235294118,0.0,0.0,0.0,0.0,0.0,0.0,0.0,0.0,0.0,0.0,0.0,0.0,0.0,0.0,0.0,0.0,0.0,0.0,0.0,0.0,0.0,0.0,0.0,0.0,0.0
spkr111_29,0.26666666666666666,0.0,0.4666666666666667,0.0,0.0,0.0,0.0,0.0,0.13333333333333333,0.0,0.0,0.0,0.0,0.0,0.0,0.0,0.0,0.3333333333333333,0.0,0.0,0.0,0.0,0.0,0.0,0.0,0.0,0.0,0.0
spkr111_30,0.26666666666666666,0.0,0.6,0.0,0.0,0.0,0.0,0.0,0.0,0.0,0.0,0.0,0.0,0.0,0.0,0.0,0.0,0.3333333333333333,0.0,0.0,0.0,0.0,0.0,0.0,0.0,0.0,0.0,0.0
spkr111_31,0.42105263157894735,0.05263157894736842,0.3684210526315789,0.0,0.0,0.0,0.0,0.0,0.0,0.0,0.0,0.0,0.0,0.0,0.0,0.0,0.0,0.0,0.0,0.0,0.0,0.0,0.0,0.0,0.0,0.0,0.05263157894736842,0.0
spkr111_33,0.6190476190476191,0.09090909090909091,0.4090909090909091,0.0,0.0,0.0,0.0,0.0,0.047619047619047616,0.0,0.0,0.0,0.0,0.0,0.0,0.0,0.0,0.22727272727272727,0.0,0.0,0.09090909090909091,0.0,0.0,0.0,0.0,0.0,0.045454545454545456,0.0
spkr111_34,0.3181818181818182,0.13636363636363635,0.18181818181818182,0.0,0.0,0.045454545454545456,0.045454545454545456,0.045454545454545456,0.13636363636363635,0.045454545454545456,0.0,0.0,0.0,0.0,0.0,0.045454545454545456,0.0,0.2727272727272727,0.045454545454545456,0.0,0.045454545454545456,0.045454545454545456,0.045454545454545456,0.045454545454545456,0.045454545454545456,0.045454545454545456,0.13636363636363635,0.09090909090909091
spkr111_35,0.5,0.0,0.6428571428571429,0.0,0.0,0.0,0.0,0.0,0.07142857142857142,0.14285714285714285,0.0,0.21428571428571427,0.0,0.0,0.0,0.0,0.0,0.14285714285714285,0.0,0.07142857142857142,0.0,0.0,0.21428571428571427,0.14285714285714285,0.21428571428571427,0.14285714285714285,0.2857142857142857,0.0
spkr111_36,0.5555555555555556,0.0,0.4,0.0,0.0,0.0,0.0,0.0,0.1111111111111111,0.0,0.0,0.0,0.0,0.0,0.0,0.0,0.0,0.0,0.0,0.0,0.0,0.0,0.0,0.0,0.0,0.0,0.0,0.0
spkr111_37,0.5714285714285714,0.13333333333333333,0.3333333333333333,0.0,0.0,0.0,0.0,0.0,0.0,0.0,0.0,0.0,0.0,0.0,0.0,0.0,0.0,0.0,0.0,0.0,0.0,0.0,0.0,0.0,0.13333333333333333,0.0,0.0,0.0
spkr111_38,0.4375,0.0,0.5333333333333333,0.0,0.0,0.0,0.0,0.0,0.0625,0.0,0.0,0.13333333333333333,0.0,0.0,0.0,0.0,0.0,0.4,0.0,0.0,0.0,0.0,0.13333333333333333,0.0,0.2,0.0,0.2,0.0
spkr111_4,0.5,0.23076923076923078,0.6923076923076923,0.07692307692307693,0.0,0.0,0.0,0.0,0.0,0.0,0.0,0.3076923076923077,0.0,0.0,0.0,0.0,0.0,0.3076923076923077,0.07692307692307693,0.0,0.0,0.0,0.0,0.0,0.0,0.0,0.0,0.0
spkr111_40,0.5,0.0,0.4666666666666667,0.0,0.0,0.0,0.0,0.0,0.07142857142857142,0.0,0.0,0.0,0.0,0.0,0.0,0.0,0.0,0.0,0.4,0.0,0.0,0.0,0.0,0.0,0.06666666666666667,0.0,0.06666666666666667,0.0
spkr111_42,0.45454545454545453,0.0,0.5454545454545454,0.0,0.0,0.0,0.0,0.0,0.09090909090909091,0.0,0.0,0.0,0.0,0.0,0.0,0.0,0.0,0.5454545454545454,0.0,0.36363636363636365,0.0,0.0,0.0,0.0,0.0,0.0,0.0,0.0
spkr111_43,0.38461538461538464,0.3076923076923077,0.5384615384615384,0.0,0.0,0.0,0.0,0.0,0.07692307692307693,0.0,0.0,0.0,0.0,0.0,0.0,0.0,0.0,0.0,0.23076923076923078,0.0,0.0,0.0,0.0,0.0,0.0,0.0,0.07692307692307693,0.0
spkr111_44,0.5,0.125,0.4375,0.0625,0.0625,0.0625,0.0625,0.0625,0.3125,0.125,0.0625,0.0625,0.0625,0.0625,0.0625,0.0625,0.0625,0.4375,0.0625,0.0625,0.0625,0.125,0.0625,0.0625,0.1875,0.0625,0.1875,0.125
spkr111_45,0.6,0.36363636363636365,0.36363636363636365,0.0,0.0,0.0,0.0,0.0,0.3,0.0,0.0,0.0,0.0,0.0,0.0,0.0,0.0,0.8181818181818182,0.0,0.0,0.0,0.0,0.0,0.0,0.0,0.0,0.0,0.0
spkr111_46,0.6666666666666666,0.13333333333333333,0.3333333333333333,0.0,0.0,0.0,0.0,0.0,0.0,0.0,0.0,0.0,0.0,0.0,0.0,0.0,0.0,0.13333333333333333,0.0,0.0,0.0,0.0,0.0,0.0,0.0,0.0,0.06666666666666667,0.0
spkr111_5,0.26666666666666666,0.06666666666666667,0.4666666666666667,0.0,0.0,0.0,0.0,0.0,0.0,0.0,0.0,0.0,0.0,0.0,0.0,0.0,0.0,0.13333333333333333,0.0,0.0,0.0,0.0,0.0,0.0,0.0,0.0,0.0,0.0
spkr111_50,0.5666666666666667,0.06451612903225806,0.4838709677419355,0.0,0.0,0.0,0.0,0.0,0.03333333333333333,0.0,0.0,0.0,0.0,0.0,0.0,0.0,0.0,0.06451612903225806,0.0,0.0,0.0,0.0,0.0,0.0,0.0,0.0,0.0,0.0
spkr111_51,0.5,0.07142857142857142,0.21428571428571427,0.0,0.0,0.0,0.0,0.0,0.07142857142857142,0.14285714285714285,0.14285714285714285,0.0,0.0,0.0,0.0,0.0,0.0,0.0,0.0,0.0,0.0,0.14285714285714285,0.07142857142857142,0.0,0.0,0.07142857142857142,0.07142857142857142,0.0
spkr111_52,0.45454545454545453,0.5454545454545454,0.6363636363636364,0.0,0.0,0.0,0.0,0.0,0.09090909090909091,0.18181818181818182,0.0,0.0,0.0,0.0,0.0,0.0,0.0,0.36363636363636365,0.0,0.0,0.0,0.09090909090909091,0.0,0.0,0.09090909090909091,0.0,0.18181818181818182,0.09090909090909091
spkr111_53,0.4,0.06666666666666667,0.6,0.06666666666666667,0.06666666666666667,0.06666666666666667,0.06666666666666667,0.06666666666666667,0.06666666666666667,0.06666666666666667,0.06666666666666667,0.06666666666666667,0.06666666666666667,0.06666666666666667,0.06666666666666667,0.06666666666666667,0.06666666666666667,0.3333333333333333,0.06666666666666667,0.06666666666666667,0.06666666666666667,0.0,0.06666666666666667,0.06666666666666667,0.0,0.06666666666666667,0.06666666666666667,0.06666666666666667
spkr111_54,0.8333333333333334,0.14285714285714285,0.42857142857142855,0.14285714285714285,0.14285714285714285,0.14285714285714285,0.14285714285714285,0.14285714285714285,0.5,0.14285714285714285,0.14285714285714285,0.14285714285714285,0.14285714285714285,0.14285714285714285,0.14285714285714285,0.14285714285714285,0.14285714285714285,0.14285714285714285,0.14285714285714285,0.14285714285714285,0.14285714285714285,0.14285714285714285,0.14285714285714285,0.42857142857142855,0.14285714285714285,0.14285714285714285,0.14285714285714285,0.14285714285714285
spkr111_55,0.7333333333333333,0.17647058823529413,0.29411764705882354,0.17647058823529413,0.058823529411764705,0.0,0.17647058823529413,0.17647058823529413,0.26666666666666666,0.058823529411764705,0.17647058823529413,0.17647058823529413,0.058823529411764705,0.17647058823529413,0.058823529411764705,0.17647058823529413,0.17647058823529413,0.17647058823529413,0.35294117647058826,0.058823529411764705,0.058823529411764705,0.058823529411764705,0.058823529411764705,0.058823529411764705,0.17647058823529413,0.058823529411764705,0.11764705882352941,0.058823529411764705
spkr111_56,0.3,0.1,0.7,0.0,0.0,0.1,0.1,0.0,0.1,0.0,0.0,0.1,0.0,0.1,0.0,0.1,0.0,0.6,0.1,0.1,0.0,0.0,0.1,0.1,0.0,0.0,0.0,0.1
spkr111_57,0.5333333333333333,0.11764705882352941,0.7058823529411765,0.0,0.0,0.0,0.0,0.0,0.06666666666666667,0.0,0.0,0.0,0.0,0.0,0.0,0.0,0.0,0.17647058823529413,0.0,0.0,0.0,0.0,0.0,0.0,0.0,0.0,0.058823529411764705,0.0
spkr111_58,0.42857142857142855,0.13636363636363635,0.2727272727272727,0.0,0.0,0.0,0.0,0.0,0.19047619047619047,0.0,0.0,0.0,0.0,0.0,0.0,0.0,0.0,0.3181818181818182,0.0,0.0,0.0,0.0,0.09090909090909091,0.0,0.0,0.0,0.0,0.0
spkr111_59,0.36363636363636365,0.0,0.18181818181818182,0.0,0.0,0.0,0.0,0.0,0.0,0.0,0.0,0.0,0.0,0.0,0.0,0.0,0.0,0.0,0.0,0.0,0.0,0.0,0.0,0.0,0.0,0.0,0.0,0.0
spkr111_6,0.3333333333333333,0.08333333333333333,0.16666666666666666,0.0,0.0,0.0,0.0,0.0,0.08333333333333333,0.0,0.0,0.0,0.0,0.0,0.0,0.0,0.0,0.5,0.0,0.0,0.0,0.0,0.0,0.0,0.0,0.0,0.0,0.0
spkr111_60,0.5625,0.0,0.35294117647058826,0.11764705882352941,0.0,0.0,0.0,0.11764705882352941,0.0625,0.0,0.058823529411764705,0.17647058823529413,0.0,0.058823529411764705,0.0,0.0,0.0,0.0,0.0,0.0,0.11764705882352941,0.0,0.11764705882352941,0.058823529411764705,0.058823529411764705,0.0,0.17647058823529413,0.058823529411764705
spkr111_61,0.5,0.05555555555555555,0.3333333333333333,0.0,0.0,0.0,0.0,0.0,0.1111111111111111,0.0,0.0,0.0,0.0,0.0,0.0,0.0,0.0,0.1111111111111111,0.0,0.0,0.0,0.0,0.0,0.0,0.0,0.0,0.3888888888888889,0.0
spkr111_62,0.7,0.2727272727272727,0.36363636363636365,0.09090909090909091,0.09090909090909091,0.0,0.09090909090909091,0.0,0.3,0.09090909090909091,0.0,0.0,0.0,0.0,0.09090909090909091,0.09090909090909091,0.0,0.18181818181818182,0.0,0.0,0.0,0.09090909090909091,0.09090909090909091,0.09090909090909091,0.0,0.09090909090909091,0.09090909090909091,0.09090909090909091
spkr111_63,0.6,0.3,0.4,0.0,0.0,0.0,0.0,0.0,0.0,0.0,0.0,0.0,0.0,0.0,0.0,0.0,0.0,0.4,0.0,0.0,0.0,0.0,0.0,0.0,0.0,0.0,0.0,0.0
spkr111_64,0.4117647058823529,0.17647058823529413,0.35294117647058826,0.0,0.0,0.0,0.0,0.0,0.058823529411764705,0.0,0.0,0.0,0.0,0.0,0.0,0.0,0.0,0.058823529411764705,0.0,0.0,0.0,0.0,0.0,0.0,0.0,0.0,0.0,0.0
spkr111_65,0.21739130434782608,0.08695652173913043,0.34782608695652173,0.0,0.0,0.0,0.0,0.0,0.043478260869565216,0.0,0.0,0.0,0.0,0.043478260869565216,0.0,0.043478260869565216,0.0,0.043478260869565216,0.21739130434782608,0.08695652173913043,0.0,0.08695652173913043,0.30434782608695654,0.0,0.08695652173913043,0.08695652173913043,0.0,0.0
spkr111_66,0.5294117647058824,0.0,0.2222222222222222,0.0,0.0,0.0,0.0,0.0,0.0,0.0,0.0,0.0,0.0,0.0,0.0,0.0,0.0,0.0,0.0,0.0,0.05555555555555555,0.16666666666666666,0.0,0.0,0.0,0.0,0.0,0.0
spkr111_67,0.5714285714285714,0.21428571428571427,0.42857142857142855,0.0,0.0,0.0,0.0,0.0,0.0,0.0,0.0,0.0,0.0,0.0,0.0,0.0,0.0,0.5,0.14285714285714285,0.0,0.0,0.0,0.14285714285714285,0.0,0.0,0.0,0.0,0.0
spkr111_68,0.6666666666666666,0.23076923076923078,0.38461538461538464,0.0,0.0,0.0,0.0,0.0,0.16666666666666666,0.0,0.0,0.0,0.0,0.0,0.0,0.0,0.0,0.38461538461538464,0.15384615384615385,0.0,0.0,0.0,0.23076923076923078,0.0,0.3076923076923077,0.07692307692307693,0.07692307692307693,0.07692307692307693
spkr111_69,0.3888888888888889,0.1111111111111111,0.4444444444444444,0.05555555555555555,0.0,0.0,0.0,0.05555555555555555,0.0,0.0,0.0,0.0,0.0,0.0,0.0,0.0,0.0,0.4444444444444444,0.05555555555555555,0.05555555555555555,0.0,0.0,0.0,0.05555555555555555,0.05555555555555555,0.0,0.0,0.05555555555555555
spkr111_7,0.5333333333333333,0.125,0.5625,0.125,0.0,0.0,0.0,0.0,0.0,0.0,0.0,0.0,0.0,0.0,0.0,0.0,0.0,0.125,0.0,0.0,0.0,0.0,0.0,0.0,0.0,0.0,0.0,0.0
spkr111_70,0.5,0.0625,0.125,0.0,0.0,0.0,0.0,0.0,0.25,0.0,0.0,0.0,0.0,0.0,0.0,0.0,0.0,0.0,0.0,0.0,0.0625,0.0,0.0,0.0,0.125,0.0,0.0625,0.0
spkr111_71,0.5555555555555556,0.05263157894736842,0.21052631578947367,0.0,0.0,0.0,0.0,0.0,0.2777777777777778,0.0,0.0,0.0,0.0,0.0,0.0,0.0,0.0,0.42105263157894735,0.0,0.0,0.0,0.0,0.0,0.0,0.0,0.0,0.0,0.0
spkr111_72,0.47368421052631576,0.0,0.7222222222222222,0.0,0.0,0.0,0.0,0.0,0.05263157894736842,0.0,0.0,0.0,0.0,0.0,0.0,0.0,0.0,0.1111111111111111,0.0,0.0,0.0,0.0,0.0,0.0,0.0,0.2222222222222222,0.0,0.0
spkr111_73,0.6363636363636364,0.18181818181818182,0.36363636363636365,0.0,0.0,0.0,0.0,0.0,0.18181818181818182,0.0,0.0,0.0,0.0,0.0,0.0,0.0,0.0,0.0,0.0,0.0,0.0,0.0,0.0,0.09090909090909091,0.18181818181818182,0.18181818181818182,0.2727272727272727,0.0
spkr111_74,0.5714285714285714,0.07142857142857142,0.42857142857142855,0.0,0.0,0.0,0.0,0.0,0.07142857142857142,0.0,0.0,0.21428571428571427,0.0,0.0,0.0,0.0,0.0,0.0,0.0,0.0,0.0,0.0,0.0,0.0,0.0,0.0,0.07142857142857142,0.0
spkr111_75,0.6470588235294118,0.29411764705882354,0.4117647058823529,0.0,0.0,0.0,0.0,0.0,0.17647058823529413,0.35294117647058826,0.0,0.0,0.0,0.0,0.0,0.0,0.0,0.23529411764705882,0.0,0.17647058823529413,0.17647058823529413,0.17647058823529413,0.23529411764705882,0.11764705882352941,0.17647058823529413,0.17647058823529413,0.23529411764705882,0.17647058823529413
spkr111_8,0.375,0.3125,0.5,0.0,0.0,0.0,0.0,0.0,0.1875,0.0,0.0,0.0,0.0,0.0,0.0,0.0,0.0,0.5625,0.0,0.0,0.0,0.0,0.0625,0.0,0.125,0.0625,0.0625,0.0
spkr111_9,0.35714285714285715,0.0,0.2857142857142857,0.0,0.0,0.0,0.0,0.0,0.0,0.0,0.07142857142857142,0.0,0.0,0.07142857142857142,0.0,0.07142857142857142,0.0,0.35714285714285715,0.14285714285714285,0.0,0.0,0.0,0.0,0.0,0.0,0.0,0.0,0.0
spkr124_1,0.7,0.0,0.4,0.0,0.0,0.0,0.0,0.0,0.1,0.0,0.0,0.0,0.0,0.0,0.0,0.0,0.0,0.5,0.0,0.1,0.0,0.0,0.0,0.0,0.0,0.0,0.0,0.0
spkr124_10,0.23529411764705882,0.0,0.6470588235294118,0.0,0.0,0.0,0.0,0.0,0.0,0.0,0.0,0.0,0.0,0.0,0.0,0.0,0.0,0.47058823529411764,0.0,0.0,0.0,0.0,0.0,0.0,0.0,0.0,0.0,0.0
spkr124_11,1.0,0.14285714285714285,0.5714285714285714,0.0,0.0,0.0,0.0,0.0,0.07142857142857142,0.07142857142857142,0.0,0.0,0.0,0.0,0.0,0.0,0.0,0.0,0.0,0.0,0.0,0.0,0.0,0.0,0.0,0.0,0.0,0.0
spkr124_12,0.6470588235294118,0.058823529411764705,0.5882352941176471,0.0,0.0,0.0,0.0,0.0,0.0,0.0,0.0,0.0,0.0,0.0,0.0,0.0,0.0,0.5294117647058824,0.0,0.0,0.0,0.0,0.0,0.0,0.0,0.0,0.0,0.0
spkr124_13,0.4375,0.0,0.35294117647058826,0.0,0.0,0.0,0.0,0.0,0.0,0.0,0.0,0.0,0.0,0.0,0.0,0.0,0.0,0.29411764705882354,0.0,0.0,0.0,0.0,0.058823529411764705,0.0,0.0,0.0,0.0,0.0
spkr124_14,0.47058823529411764,0.23529411764705882,0.6470588235294118,0.0,0.0,0.0,0.0,0.0,0.11764705882352941,0.0,0.0,0.0,0.0,0.0,0.0,0.0,0.0,0.47058823529411764,0.0,0.0,0.0,0.0,0.0,0.0,0.0,0.0,0.0,0.0
spkr124_15,0.5294117647058824,0.0,0.29411764705882354,0.0,0.0,0.0,0.0,0.0,0.17647058823529413,0.0,0.0,0.0,0.0,0.0,0.0,0.0,0.0,0.23529411764705882,0.0,0.0,0.0,0.0,0.0,0.0,0.0,0.0,0.11764705882352941,0.0
spkr124_18,0.6153846153846154,0.0,0.5384615384615384,0.0,0.0,0.0,0.0,0.0,0.11538461538461539,0.0,0.0,0.0,0.0,0.0,0.0,0.0,0.0,0.23076923076923078,0.0,0.0,0.0,0.0,0.0,0.0,0.0,0.0,0.11538461538461539,0.0
spkr124_19,0.22580645161290322,0.0,0.5806451612903226,0.0,0.0,0.0,0.0,0.0,0.0,0.0,0.0,0.0,0.0,0.0,0.0,0.0,0.0,0.5161290322580645,0.0,0.0,0.0,0.0,0.0,0.0,0.0,0.0,0.0,0.0
spkr124_2,1.0,0.0,0.9090909090909091,0.0,0.0,0.0,0.0,0.0,0.09090909090909091,0.0,0.0,1.0,0.0,0.0,0.0,0.0,0.0,0.6363636363636364,0.09090909090909091,0.0,0.0,0.0,0.0,0.0,0.0,0.0,0.0,0.09090909090909091
spkr124_20,0.4583333333333333,0.0,0.46153846153846156,0.0,0.0,0.0,0.0,0.0,0.041666666666666664,0.0,0.0,0.0,0.0,0.0,0.0,0.0,0.0,0.11538461538461539,0.0,0.0,0.0,0.0,0.0,0.0,0.0,0.0,0.0,0.0
spkr124_21,0.48,0.037037037037037035,0.3333333333333333,0.0,0.0,0.0,0.0,0.0,0.04,0.037037037037037035,0.0,0.0,0.0,0.0,0.0,0.037037037037037035,0.0,0.4444444444444444,0.0,0.0,0.0,0.0,0.0,0.0,0.037037037037037035,0.037037037037037035,0.037037037037037035,0.0
spkr124_22,0.4444444444444444,0.0,0.2777777777777778,0.0,0.0,0.0,0.0,0.0,0.05555555555555555,0.0,0.0,0.0,0.0,0.0,0.0,0.0,0.0,0.05555555555555555,0.0,0.0,0.0,0.0,0.0,0.0,0.0,0.0,0.0,0.0
spkr124_23,0.55,0.3,0.5,0.0,0.0,0.0,0.0,0.05,0.05,0.0,0.0,0.0,0.0,0.0,0.0,0.0,0.0,0.5,0.0,0.0,0.0,0.0,0.0,0.05,0.05,0.05,0.0,0.0
spkr124_24,0.5882352941176471,0.0,0.631578947368421,0.0,0.0,0.0,0.0,0.0,0.0,0.0,0.0,0.0,0.0,0.0,0.0,0.0,0.0,0.3157894736842105,0.0,0.0,0.0,0.0,0.0,0.0,0.0,0.0,0.0,0.10526315789473684
spkr124_26,0.5,0.0,0.15789473684210525,0.0,0.0,0.0,0.0,0.0,0.0,0.0,0.0,0.0,0.0,0.0,0.0,0.0,0.0,0.0,0.0,0.0,0.0,0.0,0.0,0.0,0.0,0.0,0.0,0.0
spkr124_28,0.6,0.0,0.35294117647058826,0.0,0.0,0.0,0.0,0.0,0.0,0.0,0.0,0.0,0.0,0.0,0.0,0.0,0.0,0.6470588235294118,0.0,0.0,0.0,0.0,0.0,0.0,0.0,0.0,0.0,0.0
spkr124_29,0.4,0.0,0.6,0.0,0.0,0.0,0.0,0.0,0.0,0.0,0.0,0.0,0.0,0.0,0.0,0.0,0.0,0.2,0.0,0.0,0.0,0.0,0.0,0.0,0.0,0.0,0.0,0.0
spkr124_30,0.4,0.13333333333333333,0.4,0.0,0.0,0.0,0.0,0.0,0.0,0.0,0.0,0.0,0.0,0.0,0.0,0.0,0.0,0.6,0.0,0.0,0.0,0.0,0.0,0.0,0.06666666666666667,0.0,0.0,0.0
spkr124_31,0.5789473684210527,0.15789473684210525,0.3157894736842105,0.0,0.0,0.0,0.0,0.0,0.0,0.0,0.0,0.0,0.0,0.0,0.0,0.0,0.0,0.8421052631578947,0.0,0.0,0.0,0.0,0.0,0.0,0.0,0.0,0.0,0.0
spkr124_33,0.6190476190476191,0.09090909090909091,0.4090909090909091,0.0,0.0,0.0,0.0,0.0,0.09523809523809523,0.0,0.0,0.0,0.0,0.0,0.0,0.0,0.0,0.45454545454545453,0.0,0.0,0.0,0.0,0.0,0.0,0.0,0.0,0.045454545454545456,0.09090909090909091
spkr124_34,0.2727272727272727,0.09090909090909091,0.3181818181818182,0.0,0.0,0.0,0.0,0.0,0.09090909090909091,0.0,0.0,0.0,0.0,0.0,0.0,0.0,0.0,0.22727272727272727,0.0,0.0,0.0,0.0,0.0,0.0,0.0,0.0,0.045454545454545456,0.0
spkr124_35,0.5,0.0,0.5714285714285714,0.0,0.0,0.0,0.0,0.0,0.0,0.0,0.0,0.0,0.0,0.0,0.0,0.0,0.0,0.35714285714285715,0.0,0.0,0.0,0.0,0.0,0.0,0.0,0.0,0.0,0.0
spkr124_36,0.5,0.0,0.35,0.0,0.0,0.0,0.0,0.0,0.1111111111111111,0.0,0.0,0.0,0.0,0.0,0.0,0.0,0.0,0.0,0.0,0.0,0.0,0.0,0.0,0.0,0.0,0.0,0.0,0.0
spkr124_37,0.6428571428571429,0.0,0.5333333333333333,0.0,0.0,0.0,0.0,0.0,0.0,0.0,0.0,0.0,0.0,0.0,0.0,0.0,0.0,0.4,0.0,0.0,0.0,0.0,0.0,0.0,0.13333333333333333,0.0,0.13333333333333333,0.06666666666666667
spkr124_38,0.5625,0.13333333333333333,0.6,0.0,0.0,0.0,0.0,0.0,0.0625,0.0,0.0,0.0,0.0,0.0,0.0,0.0,0.0,0.8,0.0,0.13333333333333333,0.13333333333333333,0.0,0.0,0.0,0.0,0.0,0.0,0.0
spkr124_4,0.6428571428571429,0.0,0.46153846153846156,0.0,0.0,0.0,0.0,0.0,0.0,0.0,0.0,0.0,0.0,0.0,0.0,0.0,0.0,0.15384615384615385,0.0,0.0,0.0,0.0,0.0,0.0,0.0,0.0,0.0,0.0
spkr124_40,0.35714285714285715,0.0,0.6666666666666666,0.0,0.0,0.0,0.0,0.0,0.0,0.0,0.0,0.0,0.0,0.0,0.0,0.0,0.0,0.7333333333333333,0.0,0.0,0.0,0.0,0.0,0.0,0.0,0.0,0.0,0.0
spkr124_42,0.8181818181818182,0.0,0.9090909090909091,0.0,0.0,0.0,0.0,0.0,0.09090909090909091,0.0,0.0,0.0,0.0,0.0,0.0,0.0,0.0,0.6363636363636364,0.36363636363636365,0.0,0.18181818181818182,0.0,0.0,0.0,0.0,0.0,0.0,0.09090909090909091
spkr124_43,0.46153846153846156,0.15384615384615385,0.46153846153846156,0.0,0.0,0.0,0.0,0.0,0.23076923076923078,0.0,0.0,0.0,0.0,0.0,0.0,0.0,0.0,0.0,0.0,0.0,0.0,0.0,0.0,0.0,0.0,0.0,0.0,0.0
spkr124_44,0.5,0.125,0.375,0.0625,0.0625,0.0625,0.125,0.0625,0.25,0.0625,0.125,0.0625,0.0625,0.0625,0.0625,0.0625,0.0625,0.25,0.0625,0.0625,0.0625,0.0625,0.125,0.0625,0.125,0.0625,0.0625,0.0625
spkr124_45,0.8,0.0,0.6363636363636364,0.0,0.0,0.0,0.0,0.0,0.2,0.0,0.0,0.0,0.0,0.0,0.0,0.0,0.0,0.2727272727272727,0.0,0.0,0.0,0.0,0.0,0.0,0.0,0.0,0.0,0.0
spkr124_46,0.7333333333333333,0.13333333333333333,0.4666666666666667,0.0,0.0,0.0,0.0,0.0,0.06666666666666667,0.0,0.0,0.0,0.0,0.0,0.0,0.0,0.0,0.0,0.0,0.0,0.0,0.0,0.0,0.0,0.0,0.0,0.06666666666666667,0.0
spkr124_5,0.5333333333333333,0.06666666666666667,0.5333333333333333,0.0,0.0,0.0,0.0,0.0,0.0,0.0,0.0,0.0,0.0,0.0,0.0,0.0,0.0,0.3333333333333333,0.0,0.0,0.06666666666666667,0.0,0.0,0.0,0.0,0.0,0.0,0.0
spkr124_50,0.5,0.12903225806451613,0.6451612903225806,0.0,0.0,0.0,0.0,0.0,0.1,0.0,0.0,0.0,0.0,0.0967741935483871,0.0,0.0,0.0,0.16129032258064516,0.0,0.0,0.0,0.0,0.0,0.0,0.0967741935483871,0.0,0.0,0.0
spkr124_51,0.5,0.07142857142857142,0.42857142857142855,0.0,0.0,0.0,0.0,0.0,0.14285714285714285,0.0,0.0,0.0,0.0,0.0,0.0,0.0,0.0,0.0,0.0,0.0,0.0,0.0,0.0,0.07142857142857142,0.0,0.14285714285714285,0.14285714285714285,0.0
spkr124_52,0.5454545454545454,0.18181818181818182,0.45454545454545453,0.0,0.0,0.0,0.0,0.0,0.0,0.0,0.0,0.0,0.0,0.0,0.0,0.0,0.0,0.0,0.0,0.0,0.0,0.0,0.0,0.0,0.09090909090909091,0.0,0.09090909090909091,0.0
spkr124_53,0.4,0.13333333333333333,0.3333333333333333,0.06666666666666667,0.0,0.0,0.0,0.06666666666666667,0.06666666666666667,0.0,0.06666666666666667,0.0,0.0,0.0,0.0,0.06666666666666667,0.0,0.26666666666666666,0.06666666666666667,0.0,0.06666666666666667,0.13333333333333333,0.0,0.0,0.0,0.06666666666666667,0.06666666666666667,0.0
spkr124_54,1.0,0.7142857142857143,1.0,0.14285714285714285,0.14285714285714285,0.14285714285714285,0.14285714285714285,0.14285714285714285,0.5,0.14285714285714285,0.14285714285714285,0.14285714285714285,0.14285714285714285,0.14285714285714285,0.14285714285714285,0.14285714285714285,0.14285714285714285,0.14285714285714285,0.14285714285714285,0.14285714285714285,0.14285714285714285,0.14285714285714285,0.42857142857142855,0.42857142857142855,0.14285714285714285,0.14285714285714285,0.14285714285714285,0.14285714285714285
spkr124_55,0.7333333333333333,0.0,0.29411764705882354,0.0,0.0,0.0,0.0,0.0,0.13333333333333333,0.0,0.0,0.0,0.0,0.0,0.0,0.0,0.0,0.23529411764705882,0.0,0.0,0.11764705882352941,0.0,0.0,0.0,0.0,0.0,0.0,0.0
spkr124_56,0.7,0.2,0.4,0.1,0.0,0.0,0.0,0.0,0.1,0.2,0.0,0.2,0.0,0.1,0.0,0.1,0.0,0.4,0.1,0.0,0.0,0.0,0.0,0.0,0.1,0.0,0.0,0.0
spkr124_57,0.5333333333333333,0.23529411764705882,0.5882352941176471,0.0,0.0,0.0,0.0,0.0,0.06666666666666667,0.0,0.0,0.0,0.0,0.0,0.0,0.0,0.0,0.17647058823529413,0.0,0.0,0.0,0.0,0.0,0.0,0.0,0.0,0.11764705882352941,0.0
spkr124_58,0.5714285714285714,0.045454545454545456,0.6363636363636364,0.0,0.0,0.0,0.0,0.0,0.14285714285714285,0.0,0.0,0.0,0.0,0.0,0.0,0.0,0.0,0.36363636363636365,0.0,0.0,0.0,0.0,0.09090909090909091,0.045454545454545456,0.09090909090909091,0.0,0.09090909090909091,0.0
spkr124_59,0.5454545454545454,0.0,0.7272727272727273,0.0,0.0,0.0,0.0,0.0,0.0,0.0,0.0,0.0,0.0,0.0,0.0,0.0,0.0,0.5454545454545454,0.0,0.0,0.0,0.0,0.0,0.0,0.0,0.0,0.0,0.0
spkr124_6,0.25,0.16666666666666666,0.3333333333333333,0.0,0.0,0.0,0.0,0.0,0.0,0.0,0.0,0.0,0.0,0.0,0.0,0.0,0.0,0.75,0.0,0.0,0.0,0.0,0.0,0.08333333333333333,0.0,0.0,0.0,0.08333333333333333
spkr124_60,0.5625,0.0,0.4117647058823529,0.0,0.0,0.0,0.0,0.0,0.1875,0.0,0.0,0.0,0.0,0.0,0.0,0.0,0.0,0.11764705882352941,0.0,0.0,0.0,0.0,0.0,0.0,0.0,0.0,0.0,0.0
spkr124_61,0.7222222222222222,0.0,0.5,0.0,0.0,0.0,0.0,0.0,0.16666666666666666,0.0,0.0,0.0,0.0,0.0,0.0,0.0,0.0,0.5,0.0,0.0,0.0,0.0,0.0,0.0,0.0,0.0,0.0,0.0
spkr124_62,0.8,0.0,0.2727272727272727,0.0,0.0,0.0,0.0,0.0,0.2,0.0,0.0,0.0,0.0,0.0,0.0,0.0,0.0,0.45454545454545453,0.0,0.0,0.0,0.0,0.0,0.0,0.0,0.0,0.0,0.0
spkr124_63,0.6,0.0,0.2,0.0,0.0,0.0,0.0,0.0,0.0,0.0,0.0,0.0,0.0,0.0,0.0,0.0,0.0,0.0,0.0,0.0,0.0,0.0,0.0,0.0,0.0,0.0,0.0,0.0
spkr124_64,0.47058823529411764,0.17647058823529413,0.47058823529411764,0.0,0.0,0.0,0.0,0.0,0.058823529411764705,0.0,0.0,0.0,0.0,0.0,0.0,0.0,0.0,0.0,0.0,0.0,0.0,0.0,0.0,0.0,0.0,0.0,0.0,0.0
spkr124_65,0.21739130434782608,0.043478260869565216,0.391304347826087,0.0,0.0,0.0,0.0,0.0,0.043478260869565216,0.0,0.0,0.0,0.0,0.0,0.0,0.0,0.0,0.0,0.0,0.0,0.0,0.0,0.0,0.0,0.0,0.0,0.0,0.0
spkr124_66,0.35294117647058826,0.0,0.1111111111111111,0.0,0.0,0.0,0.0,0.0,0.0,0.0,0.0,0.0,0.0,0.0,0.0,0.0,0.0,0.0,0.0,0.0,0.0,0.0,0.0,0.0,0.0,0.0,0.0,0.0
spkr124_67,0.42857142857142855,0.0,0.35714285714285715,0.0,0.0,0.0,0.0,0.0,0.0,0.0,0.0,0.0,0.0,0.0,0.0,0.0,0.0,0.35714285714285715,0.0,0.0,0.0,0.0,0.0,0.0,0.0,0.0,0.0,0.0
spkr124_68,0.5,0.0,0.5384615384615384,0.0,0.0,0.0,0.0,0.0,0.16666666666666666,0.0,0.0,0.0,0.0,0.0,0.0,0.0,0.0,0.23076923076923078,0.0,0.0,0.0,0.0,0.23076923076923078,0.0,0.0,0.07692307692307693,0.07692307692307693,0.07692307692307693
spkr124_69,0.3333333333333333,0.2777777777777778,0.8888888888888888,0.0,0.0,0.0,0.0,0.0,0.0,0.0,0.0,0.0,0.0,0.0,0.0,0.0,0.0,0.16666666666666666,0.05555555555555555,0.0,0.0,0.0,0.0,0.0,0.0,0.0,0.0,0.0
spkr124_7,0.7333333333333333,0.125,0.5625,0.0,0.0,0.0,0.0,0.0,0.06666666666666667,0.0,0.0,0.0,0.0,0.0625,0.0,0.0,0.0,0.75,0.0,0.0,0.0,0.0,0.0,0.0,0.0,0.0,0.0,0.0
spkr124_70,0.75,0.1875,0.1875,0.0,0.0,0.0,0.0,0.0,0.1875,0.0,0.0,0.0,0.0,0.0,0.0,0.0,0.0,0.5,0.0,0.0,0.0625,0.0,0.0,0.0,0.0,0.0,0.0,0.0
spkr124_71,0.5555555555555556,0.05263157894736842,0.2631578947368421,0.0,0.0,0.0,0.0,0.0,0.3333333333333333,0.0,0.0,0.0,0.0,0.15789473684210525,0.0,0.0,0.0,0.42105263157894735,0.0,0.0,0.0,0.0,0.0,0.0,0.0,0.0,0.0,0.0
spkr124_72,0.42105263157894735,0.0,0.6666666666666666,0.0,0.0,0.0,0.0,0.0,0.0,0.0,0.0,0.0,0.0,0.0,0.0,0.0,0.0,0.0,0.0,0.0,0.0,0.0,0.0,0.0,0.2222222222222222,0.2222222222222222,0.0,0.0
spkr124_73,0.7272727272727273,0.18181818181818182,0.2727272727272727,0.0,0.0,0.0,0.0,0.0,0.09090909090909091,0.0,0.0,0.0,0.0,0.0,0.0,0.0,0.0,0.0,0.0,0.0,0.0,0.0,0.0,0.0,0.09090909090909091,0.09090909090909091,0.09090909090909091,0.0
spkr124_74,0.5714285714285714,0.07142857142857142,0.6428571428571429,0.0,0.0,0.0,0.0,0.0,0.21428571428571427,0.0,0.0,0.0,0.0,0.0,0.0,0.0,0.0,0.42857142857142855,0.0,0.0,0.0,0.0,0.0,0.0,0.14285714285714285,0.0,0.21428571428571427,0.0
spkr124_75,0.35294117647058826,0.23529411764705882,0.5294117647058824,0.0,0.0,0.0,0.0,0.0,0.058823529411764705,0.0,0.0,0.0,0.0,0.0,0.0,0.0,0.0,0.5294117647058824,0.0,0.0,0.0,0.058823529411764705,0.058823529411764705,0.11764705882352941,0.058823529411764705,0.17647058823529413,0.29411764705882354,0.11764705882352941
spkr124_8,0.125,0.0,0.375,0.0,0.0,0.0,0.0,0.0,0.125,0.0,0.0,0.0,0.0,0.0,0.0,0.0,0.0,0.4375,0.0,0.0,0.0,0.0,0.0,0.0,0.0,0.0,0.0,0.0
spkr124_9,0.5714285714285714,0.0,0.42857142857142855,0.07142857142857142,0.0,0.0,0.0,0.0,0.0,0.0,0.07142857142857142,0.07142857142857142,0.0,0.14285714285714285,0.0,0.07142857142857142,0.0,0.7857142857142857,0.0,0.07142857142857142,0.0,0.0,0.0,0.0,0.07142857142857142,0.0,0.0,0.0
spkr28_1,1.0,0.9,0.9,0.2,0.6,0.5,0.3,0.3,0.8,0.3,0.4,0.5,0.2,0.3,0.3,0.6,0.2,1.0,0.6,1.0,0.5,0.7,0.5,0.2,0.3,0.3,0.8,0.3
spkr28_10,0.7058823529411765,0.17647058823529413,0.7058823529411765,0.23529411764705882,0.0,0.11764705882352941,0.17647058823529413,0.17647058823529413,0.058823529411764705,0.058823529411764705,0.11764705882352941,0.058823529411764705,0.058823529411764705,0.11764705882352941,0.17647058823529413,0.11764705882352941,0.0,0.9411764705882353,0.23529411764705882,0.23529411764705882,0.11764705882352941,0.23529411764705882,0.35294117647058826,0.058823529411764705,0.35294117647058826,0.17647058823529413,0.23529411764705882,0.11764705882352941
spkr28_11,1.0,0.7857142857142857,0.7857142857142857,0.6428571428571429,0.0,0.0,0.35714285714285715,0.5,1.0,0.8571428571428571,0.21428571428571427,0.5,0.07142857142857142,0.7857142857142857,0.14285714285714285,0.0,0.21428571428571427,0.8571428571428571,0.42857142857142855,0.6428571428571429,0.5714285714285714,0.7857142857142857,0.7857142857142857,0.5714285714285714,0.5714285714285714,0.5714285714285714,0.7142857142857143,0.35714285714285715
spkr28_12,1.0,0.8235294117647058,0.8823529411764706,0.6470588235294118,0.11764705882352941,0.0,0.17647058823529413,0.058823529411764705,0.7647058823529411,0.11764705882352941,0.5882352941176471,0.4117647058823529,0.11764705882352941,0.8823529411764706,0.0,0.0,0.058823529411764705,0.9411764705882353,0.4117647058823529,0.6470588235294118,0.7647058823529411,0.35294117647058826,0.7058823529411765,0.11764705882352941,0.5882352941176471,0.11764705882352941,0.29411764705882354,0.23529411764705882
spkr28_13,1.0,0.6470588235294118,0.8235294117647058,0.6470588235294118,0.11764705882352941,0.11764705882352941,0.4117647058823529,0.6470588235294118,0.875,0.47058823529411764,0.4117647058823529,0.6470588235294118,0.0,0.29411764705882354,0.11764705882352941,0.0,0.6470588235294118,0.9411764705882353,0.7058823529411765,0.4117647058823529,0.5882352941176471,0.47058823529411764,0.6470588235294118,0.23529411764705882,0.47058823529411764,0.5294117647058824,0.47058823529411764,0.23529411764705882
spkr28_14,0.8235294117647058,0.4117647058823529,0.5882352941176471,0.0,0.0,0.0,0.0,0.0,0.23529411764705882,0.0,0.0,0.0,0.0,0.0,0.0,0.0,0.0,0.5294117647058824,0.11764705882352941,0.17647058823529413,0.23529411764705882,0.058823529411764705,0.0,0.0,0.23529411764705882,0.0,0.11764705882352941,0.0
spkr28_15,0.8235294117647058,0.8235294117647058,0.8823529411764706,0.23529411764705882,0.0,0.0,0.0,0.23529411764705882,0.7647058823529411,0.47058823529411764,0.29411764705882354,0.23529411764705882,0.0,0.17647058823529413,0.29411764705882354,0.23529411764705882,0.23529411764705882,0.9411764705882353,0.11764705882352941,0.11764705882352941,0.47058823529411764,0.23529411764705882,0.6470588235294118,0.4117647058823529,0.6470588235294118,0.6470588235294118,0.7058823529411765,0.29411764705882354
spkr28_18,0.8846153846153846,0.7692307692307693,0.6538461538461539,0.46153846153846156,0.0,0.07692307692307693,0.038461538461538464,0.038461538461538464,0.7692307692307693,0.23076923076923078,0.34615384615384615,0.6153846153846154,0.0,0.5,0.038461538461538464,0.2692307692307692,0.038461538461538464,0.6153846153846154,0.2692307692307692,0.15384615384615385,0.46153846153846156,0.4230769230769231,0.46153846153846156,0.4230769230769231,0.6923076923076923,0.38461538461538464,0.46153846153846156,0.38461538461538464
spkr28_19,0.8387096774193549,0.5483870967741935,0.6774193548387096,0.0,0.0,0.0,0.03225806451612903,0.0,0.12903225806451613,0.0,0.0,0.16129032258064516,0.0,0.0,0.0,0.0,0.0,0.8387096774193549,0.0,0.0,0.0,0.0967741935483871,0.16129032258064516,0.06451612903225806,0.25806451612903225,0.0967741935483871,0.0,0.03225806451612903
spkr28_2,0.9090909090909091,0.6363636363636364,0.8181818181818182,0.7272727272727273,0.0,0.0,0.0,0.0,0.7272727272727273,0.36363636363636365,0.0,0.0,0.0,0.09090909090909091,0.0,0.0,0.0,0.9090909090909091,0.8181818181818182,0.0,0.18181818181818182,0.2727272727272727,0.0,0.0,0.7272727272727273,0.09090909090909091,0.45454545454545453,0.09090909090909091
spkr28_20,0.9583333333333334,0.6538461538461539,0.8461538461538461,0.38461538461538464,0.3076923076923077,0.3076923076923077,0.38461538461538464,0.38461538461538464,0.8333333333333334,0.5,0.34615384615384615,0.3076923076923077,0.0,0.38461538461538464,0.0,0.4230769230769231,0.5,0.8076923076923077,0.38461538461538464,0.5,0.3076923076923077,0.4230769230769231,0.5384615384615384,0.4230769230769231,0.34615384615384615,0.34615384615384615,0.5769230769230769,0.4230769230769231
spkr28_21,0.6,0.7407407407407407,0.7037037037037037,0.25925925925925924,0.037037037037037035,0.0,0.2962962962962963,0.2962962962962963,0.48,0.07407407407407407,0.2962962962962963,0.037037037037037035,0.037037037037037035,0.2222222222222222,0.037037037037037035,0.037037037037037035,0.3333333333333333,0.7407407407407407,0.0,0.2222222222222222,0.4074074074074074,0.25925925925925924,0.5555555555555556,0.3333333333333333,0.37037037037037035,0.14814814814814814,0.37037037037037035,0.37037037037037035
spkr28_22,0.9444444444444444,0.5555555555555556,0.6111111111111112,0.0,0.0,0.0,0.0,0.0,0.5555555555555556,0.0,0.0,0.0,0.0,0.2222222222222222,0.0,0.0,0.0,0.7222222222222222,0.0,0.0,0.0,0.0,0.0,0.05555555555555555,0.3333333333333333,0.0,0.05555555555555555,0.0
spkr28_23,0.95,0.75,0.5,0.1,0.05,0.1,0.1,0.05,0.4,0.2,0.4,0.1,0.05,0.4,0.05,0.1,0.1,0.8,0.1,0.1,0.4,0.15,0.1,0.25,0.3,0.1,0.2,0.1
spkr28_24,0.8823529411764706,0.6842105263157895,0.631578947368421,0.2631578947368421,0.0,0.0,0.0,0.0,0.6470588235294118,0.0,0.0,0.0,0.0,0.0,0.0,0.0,0.0,0.8947368421052632,0.0,0.0,0.42105263157894735,0.0,0.5789473684210527,0.10526315789473684,0.3157894736842105,0.0,0.2631578947368421,0.47368421052631576
spkr28_26,0.7777777777777778,0.8421052631578947,0.5263157894736842,0.21052631578947367,0.15789473684210525,0.15789473684210525,0.15789473684210525,0.3157894736842105,0.8888888888888888,0.2631578947368421,0.3684210526315789,0.0,0.0,0.3157894736842105,0.15789473684210525,0.0,0.3157894736842105,0.6842105263157895,0.47368421052631576,0.42105263157894735,0.42105263157894735,0.3684210526315789,0.5263157894736842,0.15789473684210525,0.15789473684210525,0.3157894736842105,0.10526315789473684,0.3157894736842105
spkr28_28,0.9333333333333333,0.8823529411764706,0.7058823529411765,0.0,0.11764705882352941,0.11764705882352941,0.0,0.0,0.6666666666666666,0.17647058823529413,0.11764705882352941,0.11764705882352941,0.11764705882352941,0.29411764705882354,0.11764705882352941,0.058823529411764705,0.058823529411764705,0.7058823529411765,0.47058823529411764,0.0,0.4117647058823529,0.29411764705882354,0.11764705882352941,0.29411764705882354,0.35294117647058826,0.29411764705882354,0.17647058823529413,0.17647058823529413
spkr28_29,0.9333333333333333,0.5333333333333333,0.7333333333333333,0.3333333333333333,0.0,0.0,0.4666666666666667,0.06666666666666667,0.6,0.0,0.06666666666666667,1.0,0.0,0.0,0.0,0.4,0.6666666666666666,1.0,0.6,0.8,0.4,0.06666666666666667,0.7333333333333333,0.0,0.13333333333333333,0.2,0.0,0.2
spkr28_30,0.8,0.6666666666666666,0.8,0.3333333333333333,0.0,0.0,0.0,0.13333333333333333,0.4,0.26666666666666666,0.3333333333333333,0.13333333333333333,0.0,0.3333333333333333,0.0,0.26666666666666666,0.13333333333333333,0.9333333333333333,0.8,0.13333333333333333,0.4666666666666667,0.3333333333333333,0.26666666666666666,0.0,0.26666666666666666,0.2,0.2,0.0
spkr28_31,0.9473684210526315,0.47368421052631576,0.6842105263157895,0.0,0.0,0.0,0.05263157894736842,0.10526315789473684,0.7368421052631579,0.0,0.10526315789473684,0.0,0.0,0.21052631578947367,0.0,0.0,0.10526315789473684,0.5789473684210527,0.10526315789473684,0.0,0.21052631578947367,0.3157894736842105,0.10526315789473684,0.05263157894736842,0.2631578947368421,0.0,0.10526315789473684,0.0
spkr28_33,0.8571428571428571,0.5454545454545454,0.6818181818181818,0.2727272727272727,0.0,0.18181818181818182,0.09090909090909091,0.36363636363636365,0.6190476190476191,0.45454545454545453,0.18181818181818182,0.36363636363636365,0.09090909090909091,0.36363636363636365,0.2727272727272727,0.5909090909090909,0.0,0.7727272727272727,0.2727272727272727,0.45454545454545453,0.5454545454545454,0.5,0.5,0.5,0.36363636363636365,0.4090909090909091,0.5,0.36363636363636365
spkr28_34,0.8636363636363636,0.6818181818181818,0.6363636363636364,0.4090909090909091,0.36363636363636365,0.36363636363636365,0.3181818181818182,0.5909090909090909,0.7272727272727273,0.3181818181818182,0.36363636363636365,0.5,0.5454545454545454,0.3181818181818182,0.36363636363636365,0.36363636363636365,0.2727272727272727,0.7272727272727273,0.5,0.36363636363636365,0.6363636363636364,0.5454545454545454,0.6818181818181818,0.4090909090909091,0.5454545454545454,0.5909090909090909,0.36363636363636365,0.4090909090909091
spkr28_35,1.0,0.8571428571428571,0.7142857142857143,0.5,0.14285714285714285,0.21428571428571427,0.7857142857142857,0.7857142857142857,0.7857142857142857,0.35714285714285715,0.8571428571428571,0.5,0.2857142857142857,0.6428571428571429,0.2857142857142857,0.14285714285714285,0.5714285714285714,0.7142857142857143,0.35714285714285715,1.0,0.42857142857142855,0.5,0.5714285714285714,0.2857142857142857,0.5714285714285714,0.35714285714285715,0.42857142857142855,0.2857142857142857
spkr28_36,0.8888888888888888,0.5,0.6,0.0,0.0,0.0,0.2,0.0,0.8333333333333334,0.0,0.15,0.0,0.0,0.15,0.0,0.0,0.0,0.8,0.5,0.6,0.5,0.3,0.5,0.0,0.25,0.0,0.3,0.05
spkr28_37,1.0,0.7333333333333333,0.6666666666666666,0.6,0.0,0.0,0.2,0.5333333333333333,0.7142857142857143,0.06666666666666667,0.2,0.26666666666666666,0.3333333333333333,0.2,0.2,0.0,0.13333333333333333,0.7333333333333333,0.7333333333333333,0.4,0.3333333333333333,0.26666666666666666,0.5333333333333333,0.4,0.4,0.4666666666666667,0.3333333333333333,0.0
spkr28_38,1.0,0.5333333333333333,0.6,0.4666666666666667,0.0,0.0,0.0,0.3333333333333333,0.75,0.0,0.2,0.3333333333333333,0.0,0.26666666666666666,0.0,0.0,0.3333333333333333,0.8666666666666667,0.6666666666666666,0.3333333333333333,0.0,0.5333333333333333,0.5333333333333333,0.2,0.26666666666666666,0.26666666666666666,0.13333333333333333,0.13333333333333333
spkr28_4,0.9285714285714286,0.5384615384615384,0.5384615384615384,0.0,0.0,0.0,0.0,0.0,0.14285714285714285,0.0,0.0,0.0,0.0,0.0,0.0,0.0,0.0,0.9230769230769231,0.07692307692307693,0.0,0.15384615384615385,0.0,0.0,0.0,0.0,0.0,0.0,0.0
spkr28_40,1.0,0.7333333333333333,0.6,0.2,0.0,0.0,0.0,0.3333333333333333,0.5714285714285714,0.4,0.26666666666666666,0.5333333333333333,0.0,0.4666666666666667,0.0,0.0,0.0,0.8,0.0,0.7333333333333333,0.3333333333333333,0.8,0.6,0.0,0.5333333333333333,0.3333333333333333,0.4,0.0
spkr28_42,1.0,0.5454545454545454,0.6363636363636364,0.2727272727272727,0.2727272727272727,0.09090909090909091,0.45454545454545453,0.2727272727272727,0.6363636363636364,0.2727272727272727,0.18181818181818182,0.2727272727272727,0.0,0.09090909090909091,0.45454545454545453,0.0,0.2727272727272727,1.0,0.18181818181818182,0.2727272727272727,0.36363636363636365,0.2727272727272727,0.36363636363636365,0.09090909090909091,0.09090909090909091,0.09090909090909091,0.18181818181818182,0.09090909090909091
spkr28_43,0.6923076923076923,0.6153846153846154,0.46153846153846156,0.0,0.0,0.0,0.0,0.0,0.6923076923076923,0.3076923076923077,0.38461538461538464,0.38461538461538464,0.46153846153846156,0.23076923076923078,0.0,0.3076923076923077,0.0,0.8461538461538461,0.38461538461538464,0.46153846153846156,0.46153846153846156,0.3076923076923077,0.46153846153846156,0.07692307692307693,0.5384615384615384,0.38461538461538464,0.3076923076923077,0.38461538461538464
spkr28_44,0.875,1.0,0.6875,0.0625,0.125,0.0625,0.125,0.0625,0.8125,0.125,0.5,0.0625,0.0625,0.375,0.0625,0.125,0.0625,0.875,0.3125,0.0625,0.5,0.1875,0.5,0.25,0.5,0.125,0.0625,0.3125
spkr28_45,1.0,0.8181818181818182,0.9090909090909091,0.18181818181818182,0.0,0.0,0.0,0.45454545454545453,0.8,0.7272727272727273,0.09090909090909091,0.7272727272727273,0.45454545454545453,0.09090909090909091,0.0,0.0,0.7272727272727273,0.8181818181818182,1.0,0.0,0.6363636363636364,0.6363636363636364,0.8181818181818182,0.9090909090909091,0.6363636363636364,0.45454545454545453,0.6363636363636364,0.9090909090909091
spkr28_5,0.8,0.5333333333333333,0.5333333333333333,0.4,0.4,0.3333333333333333,0.4,0.4,0.8666666666666667,0.4,0.5333333333333333,0.3333333333333333,0.3333333333333333,0.4666666666666667,0.26666666666666666,0.13333333333333333,0.4,0.7333333333333333,0.6,0.4,0.4666666666666667,0.6,0.3333333333333333,0.4,0.3333333333333333,0.26666666666666666,0.5333333333333333,0.5333333333333333
spkr28_50,0.9,0.4838709677419355,0.7419354838709677,0.3225806451612903,0.0,0.0,0.22580645161290322,0.1935483870967742,0.7666666666666667,0.12903225806451613,0.3870967741935484,0.5161290322580645,0.0967741935483871,0.3548387096774194,0.1935483870967742,0.12903225806451613,0.2903225806451613,0.7096774193548387,0.6451612903225806,0.5483870967741935,0.45161290322580644,0.4838709677419355,0.7096774193548387,0.2903225806451613,0.3870967741935484,0.25806451612903225,0.25806451612903225,0.22580645161290322
spkr28_51,0.9285714285714286,0.8571428571428571,0.6428571428571429,0.7857142857142857,0.14285714285714285,0.0,0.42857142857142855,0.2857142857142857,0.7857142857142857,0.14285714285714285,0.35714285714285715,0.21428571428571427,0.07142857142857142,0.8571428571428571,0.0,0.0,0.2857142857142857,0.7857142857142857,0.8571428571428571,1.0,0.5,0.5714285714285714,0.7142857142857143,0.07142857142857142,0.6428571428571429,0.21428571428571427,0.5714285714285714,0.0
spkr28_52,1.0,0.36363636363636365,0.5454545454545454,0.0,0.0,0.0,0.0,0.0,0.36363636363636365,0.2727272727272727,0.0,0.0,0.0,0.0,0.0,0.0,0.0,1.0,0.0,0.0,0.0,0.2727272727272727,0.2727272727272727,0.0,0.18181818181818182,0.0,0.09090909090909091,0.09090909090909091
spkr28_53,0.8666666666666667,0.26666666666666666,0.6666666666666666,1.0,0.06666666666666667,0.26666666666666666,0.2,0.26666666666666666,0.6,0.13333333333333333,0.4666666666666667,0.6,0.2,0.5333333333333333,0.26666666666666666,0.06666666666666667,0.26666666666666666,0.9333333333333333,0.4,0.4666666666666667,0.2,0.26666666666666666,0.4666666666666667,0.26666666666666666,0.7333333333333333,0.26666666666666666,0.26666666666666666,0.26666666666666666
spkr28_54,0.5,0.8571428571428571,0.7142857142857143,0.8571428571428571,0.42857142857142855,0.42857142857142855,0.8571428571428571,0.42857142857142855,0.8333333333333334,0.5714285714285714,0.42857142857142855,0.42857142857142855,0.5714285714285714,0.42857142857142855,1.0,0.42857142857142855,1.0,1.0,1.0,0.7142857142857143,0.8571428571428571,0.7142857142857143,0.5714285714285714,0.5714285714285714,0.5714285714285714,0.42857142857142855,0.7142857142857143,0.42857142857142855
spkr28_55,1.0,0.8235294117647058,0.6470588235294118,0.47058823529411764,0.0,0.0,0.0,0.5294117647058824,0.8,0.4117647058823529,0.058823529411764705,0.47058823529411764,0.0,0.17647058823529413,0.0,0.11764705882352941,0.0,0.8823529411764706,0.8235294117647058,0.17647058823529413,0.35294117647058826,0.4117647058823529,0.7058823529411765,0.23529411764705882,0.6470588235294118,0.6470588235294118,0.5882352941176471,0.47058823529411764
spkr28_56,0.8,0.5,0.4,0.3,0.3,0.3,0.3,0.3,0.6,0.3,0.2,0.3,0.3,0.3,0.3,0.3,0.3,0.7,0.5,0.5,0.5,0.5,0.6,0.3,0.4,0.4,0.4,0.2
spkr28_57,1.0,0.7058823529411765,0.7058823529411765,0.7647058823529411,0.0,0.23529411764705882,0.23529411764705882,0.17647058823529413,0.6,0.4117647058823529,0.0,0.23529411764705882,0.23529411764705882,0.0,0.0,0.23529411764705882,0.17647058823529413,0.35294117647058826,0.23529411764705882,0.6470588235294118,0.29411764705882354,0.23529411764705882,0.6470588235294118,0.17647058823529413,0.7647058823529411,0.17647058823529413,0.35294117647058826,0.35294117647058826
spkr28_58,0.9523809523809523,0.7727272727272727,0.8181818181818182,0.22727272727272727,0.0,0.0,0.0,0.0,1.0,0.0,0.4090909090909091,0.0,0.0,0.22727272727272727,0.0,0.13636363636363635,0.13636363636363635,0.7727272727272727,0.5,0.8636363636363636,0.36363636363636365,0.18181818181818182,1.0,0.045454545454545456,0.3181818181818182,0.3181818181818182,0.09090909090909091,0.4090909090909091
spkr28_59,1.0,0.5454545454545454,0.8181818181818182,0.5454545454545454,0.8181818181818182,0.0,0.36363636363636365,0.45454545454545453,0.7272727272727273,0.18181818181818182,1.0,0.7272727272727273,0.18181818181818182,0.7272727272727273,0.0,0.0,0.6363636363636364,0.9090909090909091,0.9090909090909091,0.9090909090909091,0.7272727272727273,0.45454545454545453,0.8181818181818182,0.18181818181818182,0.5454545454545454,0.0,0.36363636363636365,0.36363636363636365
spkr28_6,0.9166666666666666,0.75,0.8333333333333334,0.75,0.25,0.4166666666666667,0.8333333333333334,0.75,0.6666666666666666,0.4166666666666667,0.75,0.8333333333333334,0.6666666666666666,0.6666666666666666,0.5833333333333334,0.0,0.9166666666666666,1.0,0.08333333333333333,0.5833333333333334,0.25,0.5833333333333334,0.5833333333333334,0.5,0.5833333333333334,0.25,0.5,0.6666666666666666
spkr28_60,1.0,0.8235294117647058,0.7058823529411765,0.47058823529411764,0.11764705882352941,0.29411764705882354,0.11764705882352941,0.47058823529411764,0.4375,0.17647058823529413,0.35294117647058826,0.29411764705882354,0.11764705882352941,0.17647058823529413,0.23529411764705882,0.058823529411764705,0.4117647058823529,0.8823529411764706,0.47058823529411764,0.5294117647058824,0.4117647058823529,0.17647058823529413,0.5294117647058824,0.17647058823529413,0.23529411764705882,0.29411764705882354,0.17647058823529413,0.4117647058823529
spkr28_61,0.7777777777777778,0.7222222222222222,0.8333333333333334,0.0,0.0,0.0,0.0,0.0,0.2777777777777778,0.0,0.16666666666666666,0.0,0.0,0.1111111111111111,0.0,0.0,0.1111111111111111,1.0,0.16666666666666666,0.2777777777777778,0.1111111111111111,0.0,0.0,0.0,0.2777777777777778,0.05555555555555555,0.16666666666666666,0.0
spkr28_62,1.0,0.36363636363636365,0.18181818181818182,0.0,0.0,0.0,0.0,0.0,0.6,0.0,0.0,0.0,0.0,0.09090909090909091,0.09090909090909091,0.09090909090909091,0.09090909090909091,0.8181818181818182,0.0,0.09090909090909091,0.0,0.0,0.2727272727272727,0.2727272727272727,0.36363636363636365,0.0,0.18181818181818182,0.0
spkr28_63,1.0,0.7,0.5,0.3,0.0,0.1,0.0,0.4,0.3,0.2,0.3,0.0,0.0,0.3,0.0,0.2,0.3,0.9,0.5,0.3,0.3,0.4,0.3,0.2,0.3,0.0,0.3,0.0
spkr28_64,0.7647058823529411,0.5882352941176471,0.8235294117647058,0.29411764705882354,0.0,0.058823529411764705,0.17647058823529413,0.29411764705882354,0.17647058823529413,0.11764705882352941,0.23529411764705882,0.0,0.23529411764705882,0.11764705882352941,0.23529411764705882,0.0,0.29411764705882354,0.9411764705882353,0.29411764705882354,0.35294117647058826,0.6470588235294118,0.11764705882352941,0.23529411764705882,0.29411764705882354,0.4117647058823529,0.11764705882352941,0.29411764705882354,0.29411764705882354
spkr28_65,0.9130434782608695,0.782608695652174,0.8260869565217391,0.5217391304347826,0.043478260869565216,0.21739130434782608,0.391304347826087,0.043478260869565216,0.4782608695652174,0.17391304347826086,0.5652173913043478,0.5217391304347826,0.043478260869565216,0.43478260869565216,0.08695652173913043,0.043478260869565216,0.043478260869565216,0.9565217391304348,0.4782608695652174,0.43478260869565216,0.391304347826087,0.30434782608695654,0.34782608695652173,0.34782608695652173,0.6086956521739131,0.17391304347826086,0.4782608695652174,0.30434782608695654
spkr28_66,1.0,0.3888888888888889,0.2777777777777778,0.2777777777777778,0.3888888888888889,0.0,0.0,0.3888888888888889,0.35294117647058826,0.0,0.0,0.0,0.2222222222222222,0.16666666666666666,0.3888888888888889,0.0,0.0,0.7222222222222222,0.2777777777777778,0.4444444444444444,0.0,0.16666666666666666,0.2222222222222222,0.0,0.1111111111111111,0.0,0.1111111111111111,0.16666666666666666
spkr28_67,1.0,0.9285714285714286,0.6428571428571429,1.0,0.0,0.0,0.5,1.0,0.9285714285714286,0.5,0.6428571428571429,0.42857142857142855,0.14285714285714285,0.5,0.14285714285714285,0.0,1.0,0.9285714285714286,1.0,0.7857142857142857,0.6428571428571429,0.7142857142857143,0.7857142857142857,0.0,0.5,0.6428571428571429,0.14285714285714285,0.07142857142857142
spkr28_68,0.9166666666666666,0.38461538461538464,0.6923076923076923,0.3076923076923077,0.23076923076923078,0.46153846153846156,0.23076923076923078,0.23076923076923078,0.5,0.3076923076923077,0.46153846153846156,0.23076923076923078,0.23076923076923078,0.38461538461538464,0.23076923076923078,0.0,0.23076923076923078,0.8461538461538461,0.23076923076923078,0.23076923076923078,0.38461538461538464,0.23076923076923078,0.46153846153846156,0.23076923076923078,0.38461538461538464,0.23076923076923078,0.23076923076923078,0.3076923076923077
spkr28_69,0.7222222222222222,0.7777777777777778,0.7222222222222222,0.5555555555555556,0.0,0.0,0.5555555555555556,0.0,0.7777777777777778,0.0,0.2777777777777778,0.0,0.0,0.3888888888888889,0.0,0.0,0.0,0.7222222222222222,0.6666666666666666,0.7222222222222222,0.5,0.6666666666666666,0.5555555555555556,0.05555555555555555,0.6666666666666666,0.6666666666666666,0.6111111111111112,0.1111111111111111
spkr28_7,1.0,0.8125,0.75,0.3125,0.25,0.25,0.1875,0.1875,0.7333333333333333,0.3125,0.25,0.1875,0.25,0.1875,0.25,0.25,0.1875,0.9375,0.5,0.4375,0.25,0.375,0.875,0.25,0.625,0.1875,0.3125,0.25
spkr28_70,0.9375,0.8125,0.75,0.3125,0.0,0.0,0.25,0.375,0.875,0.375,0.375,0.125,0.0,0.375,0.0,0.0,0.0,0.875,0.5625,0.4375,0.4375,0.5,0.625,0.0625,0.75,0.0625,0.5,0.1875
spkr28_71,1.0,0.3157894736842105,0.47368421052631576,0.10526315789473684,0.0,0.10526315789473684,0.0,0.15789473684210525,0.7222222222222222,0.21052631578947367,0.3684210526315789,0.3157894736842105,0.3157894736842105,0.47368421052631576,0.0,0.10526315789473684,0.10526315789473684,1.0,0.15789473684210525,0.10526315789473684,0.3157894736842105,0.05263157894736842,0.6842105263157895,0.2631578947368421,0.47368421052631576,0.21052631578947367,0.2631578947368421,0.2631578947368421
spkr28_72,0.631578947368421,0.7222222222222222,0.7777777777777778,0.1111111111111111,0.05555555555555555,0.2777777777777778,0.05555555555555555,0.2222222222222222,0.5263157894736842,0.2777777777777778,0.1111111111111111,0.3333333333333333,0.05555555555555555,0.2222222222222222,0.0,0.3333333333333333,0.0,0.8333333333333334,0.05555555555555555,0.2222222222222222,0.2222222222222222,0.2222222222222222,0.7222222222222222,0.2777777777777778,0.3333333333333333,0.2777777777777778,0.8333333333333334,0.3333333333333333
spkr28_73,1.0,0.45454545454545453,0.45454545454545453,0.0,0.0,0.0,0.0,0.0,0.5454545454545454,0.36363636363636365,0.0,0.0,0.0,0.0,0.0,0.0,0.0,0.8181818181818182,0.0,0.0,0.0,0.36363636363636365,0.0,0.18181818181818182,1.0,0.18181818181818182,0.45454545454545453,0.09090909090909091
spkr28_74,0.6428571428571429,0.5714285714285714,0.5714285714285714,0.7142857142857143,0.42857142857142855,0.7142857142857143,0.5,0.21428571428571427,0.7142857142857143,0.5,0.42857142857142855,0.35714285714285715,0.0,0.21428571428571427,0.5714285714285714,0.42857142857142855,0.2857142857142857,0.7142857142857143,0.5,0.2857142857142857,0.21428571428571427,0.2857142857142857,0.5714285714285714,0.5,0.5714285714285714,0.6428571428571429,0.6428571428571429,0.6428571428571429
spkr28_75,0.8235294117647058,0.4117647058823529,0.4117647058823529,0.47058823529411764,0.0,0.0,0.0,0.29411764705882354,0.7647058823529411,0.35294117647058826,0.4117647058823529,0.23529411764705882,0.0,0.29411764705882354,0.0,0.0,0.29411764705882354,0.9411764705882353,0.35294117647058826,0.47058823529411764,0.29411764705882354,0.23529411764705882,0.29411764705882354,0.23529411764705882,0.5882352941176471,0.4117647058823529,0.35294117647058826,0.5294117647058824
spkr28_8,1.0,0.9375,0.9375,1.0,0.4375,0.3125,0.6875,0.375,1.0,0.8125,0.25,0.8125,0.1875,0.625,0.375,0.6875,1.0,0.8125,1.0,0.9375,0.8125,0.875,0.9375,0.8125,0.6875,0.75,0.875,0.625
spkr28_9,0.7142857142857143,0.5,0.7142857142857143,0.14285714285714285,0.07142857142857142,0.07142857142857142,0.21428571428571427,0.14285714285714285,0.6428571428571429,0.14285714285714285,0.2857142857142857,0.21428571428571427,0.07142857142857142,0.14285714285714285,0.21428571428571427,0.07142857142857142,0.2857142857142857,0.7857142857142857,0.5714285714285714,0.21428571428571427,0.2857142857142857,0.07142857142857142,0.35714285714285715,0.14285714285714285,0.2857142857142857,0.14285714285714285,0.2857142857142857,0.14285714285714285
spkr43_1,0.8,0.1,0.7,0.1,0.0,0.1,0.1,0.1,0.2,0.1,0.3,0.1,0.1,0.1,0.1,0.1,0.1,1.0,0.0,0.0,0.1,0.1,0.3,0.1,0.1,0.1,0.1,0.1
spkr43_10,0.5882352941176471,0.058823529411764705,0.4117647058823529,0.058823529411764705,0.11764705882352941,0.11764705882352941,0.058823529411764705,0.11764705882352941,0.058823529411764705,0.11764705882352941,0.11764705882352941,0.058823529411764705,0.11764705882352941,0.11764705882352941,0.058823529411764705,0.11764705882352941,0.11764705882352941,0.9411764705882353,0.058823529411764705,0.17647058823529413,0.11764705882352941,0.058823529411764705,0.11764705882352941,0.058823529411764705,0.11764705882352941,0.11764705882352941,0.11764705882352941,0.11764705882352941
spkr43_11,0.8571428571428571,0.6428571428571429,0.5714285714285714,0.14285714285714285,0.14285714285714285,0.14285714285714285,0.14285714285714285,0.07142857142857142,0.21428571428571427,0.07142857142857142,0.07142857142857142,0.14285714285714285,0.14285714285714285,0.07142857142857142,0.0,0.0,0.14285714285714285,1.0,0.07142857142857142,0.14285714285714285,0.07142857142857142,0.14285714285714285,0.2857142857142857,0.14285714285714285,0.21428571428571427,0.14285714285714285,0.42857142857142855,0.07142857142857142
spkr43_12,0.7058823529411765,0.11764705882352941,0.47058823529411764,0.11764705882352941,0.0,0.0,0.0,0.0,0.058823529411764705,0.058823529411764705,0.0,0.11764705882352941,0.0,0.0,0.0,0.0,0.0,1.0,0.17647058823529413,0.11764705882352941,0.17647058823529413,0.0,0.11764705882352941,0.0,0.17647058823529413,0.0,0.11764705882352941,0.0
spkr43_14,0.8235294117647058,0.29411764705882354,0.4117647058823529,0.0,0.0,0.0,0.0,0.0,0.058823529411764705,0.11764705882352941,0.0,0.0,0.23529411764705882,0.058823529411764705,0.0,0.0,0.0,0.35294117647058826,0.17647058823529413,0.0,0.23529411764705882,0.0,0.058823529411764705,0.0,0.11764705882352941,0.0,0.11764705882352941,0.0
spkr43_15,0.5882352941176471,0.0,0.47058823529411764,0.058823529411764705,0.0,0.0,0.0,0.058823529411764705,0.058823529411764705,0.058823529411764705,0.0,0.058823529411764705,0.0,0.0,0.0,0.0,0.0,1.0,0.0,0.058823529411764705,0.0,0.0,0.29411764705882354,0.0,0.0,0.0,0.17647058823529413,0.0
spkr43_18,0.7307692307692307,0.15384615384615385,0.46153846153846156,0.0,0.0,0.0,0.0,0.0,0.23076923076923078,0.11538461538461539,0.0,0.11538461538461539,0.0,0.0,0.0,0.0,0.0,1.0,0.11538461538461539,0.07692307692307693,0.0,0.0,0.0,0.038461538461538464,0.038461538461538464,0.0,0.11538461538461539,0.038461538461538464
spkr43_19,0.6129032258064516,0.0,0.4838709677419355,0.0,0.0,0.0,0.0,0.0,0.06451612903225806,0.0,0.0,0.0,0.0,0.03225806451612903,0.0,0.0,0.0,0.8709677419354839,0.0,0.0,0.0,0.0,0.06451612903225806,0.03225806451612903,0.03225806451612903,0.0,0.03225806451612903,0.0
spkr43_2,0.9090909090909091,0.2727272727272727,0.36363636363636365,0.36363636363636365,0.0,0.0,0.0,0.18181818181818182,0.2727272727272727,0.0,0.0,0.36363636363636365,0.0,0.0,0.0,0.0,0.0,1.0,0.45454545454545453,0.18181818181818182,0.0,0.09090909090909091,0.36363636363636365,0.0,0.36363636363636365,0.09090909090909091,0.09090909090909091,0.0
spkr43_20,0.625,0.19230769230769232,0.6153846153846154,0.0,0.0,0.0,0.0,0.0,0.20833333333333334,0.0,0.0,0.0,0.0,0.15384615384615385,0.0,0.0,0.0,0.6153846153846154,0.0,0.0,0.0,0.0,0.038461538461538464,0.0,0.0,0.0,0.15384615384615385,0.15384615384615385
spkr43_21,0.6,0.18518518518518517,0.37037037037037035,0.0,0.0,0.0,0.0,0.0,0.08,0.0,0.037037037037037035,0.0,0.0,0.037037037037037035,0.0,0.037037037037037035,0.0,0.7037037037037037,0.0,0.0,0.0,0.0,0.0,0.0,0.14814814814814814,0.0,0.0,0.0
spkr43_22,0.7777777777777778,0.0,0.5,0.0,0.0,0.0,0.0,0.0,0.05555555555555555,0.0,0.0,0.0,0.0,0.0,0.0,0.0,0.0,0.7777777777777778,0.0,0.0,0.0,0.0,0.0,0.0,0.0,0.0,0.0,0.0
spkr43_23,0.9,0.05,0.3,0.0,0.0,0.0,0.0,0.0,0.15,0.0,0.0,0.0,0.0,0.0,0.0,0.0,0.0,0.9,0.0,0.0,0.0,0.0,0.0,0.0,0.0,0.0,0.0,0.0
spkr43_24,0.8235294117647058,0.15789473684210525,0.47368421052631576,0.0,0.0,0.0,0.0,0.0,0.17647058823529413,0.0,0.0,0.0,0.0,0.0,0.0,0.0,0.0,1.0,0.3157894736842105,0.42105263157894735,0.21052631578947367,0.0,0.15789473684210525,0.0,0.10526315789473684,0.0,0.0,0.0
spkr43_26,0.8333333333333334,0.3684210526315789,0.47368421052631576,0.3157894736842105,0.3157894736842105,0.15789473684210525,0.3157894736842105,0.3157894736842105,0.2777777777777778,0.3157894736842105,0.2631578947368421,0.3157894736842105,0.3157894736842105,0.3684210526315789,0.3684210526315789,0.21052631578947367,0.3157894736842105,0.6842105263157895,0.2631578947368421,0.3157894736842105,0.42105263157894735,0.3157894736842105,0.47368421052631576,0.3157894736842105,0.42105263157894735,0.3157894736842105,0.3157894736842105,0.3157894736842105
spkr43_28,0.6666666666666666,0.47058823529411764,0.5294117647058824,0.0,0.0,0.0,0.0,0.11764705882352941,0.13333333333333333,0.058823529411764705,0.0,0.0,0.058823529411764705,0.0,0.0,0.0,0.0,0.5294117647058824,0.0,0.0,0.17647058823529413,0.11764705882352941,0.11764705882352941,0.11764705882352941,0.35294117647058826,0.11764705882352941,0.058823529411764705,0.058823529411764705
spkr43_29,0.9333333333333333,0.26666666666666666,0.6666666666666666,0.0,0.0,0.0,0.0,0.0,0.2,0.2,0.0,0.0,0.0,0.0,0.0,0.0,0.0,1.0,0.0,0.4,0.5333333333333333,0.0,0.3333333333333333,0.13333333333333333,0.06666666666666667,0.0,0.06666666666666667,0.0
spkr43_30,0.6666666666666666,0.2,0.3333333333333333,0.0,0.0,0.0,0.0,0.0,0.13333333333333333,0.0,0.06666666666666667,0.0,0.0,0.13333333333333333,0.0,0.0,0.0,1.0,0.13333333333333333,0.0,0.0,0.0,0.0,0.06666666666666667,0.13333333333333333,0.0,0.06666666666666667,0.06666666666666667
spkr43_31,0.8421052631578947,0.05263157894736842,0.3684210526315789,0.0,0.0,0.0,0.0,0.0,0.10526315789473684,0.0,0.10526315789473684,0.0,0.0,0.21052631578947367,0.21052631578947367,0.0,0.0,0.9473684210526315,0.0,0.0,0.0,0.0,0.0,0.10526315789473684,0.05263157894736842,0.0,0.15789473684210525,0.10526315789473684
spkr43_33,0.8571428571428571,0.09090909090909091,0.5,0.0,0.0,0.0,0.0,0.0,0.14285714285714285,0.0,0.09090909090909091,0.0,0.0,0.0,0.0,0.0,0.0,0.9545454545454546,0.0,0.0,0.0,0.0,0.045454545454545456,0.0,0.09090909090909091,0.0,0.09090909090909091,0.0
spkr43_34,0.9090909090909091,0.2727272727272727,0.4090909090909091,0.045454545454545456,0.045454545454545456,0.045454545454545456,0.045454545454545456,0.36363636363636365,0.5454545454545454,0.3181818181818182,0.18181818181818182,0.045454545454545456,0.045454545454545456,0.13636363636363635,0.045454545454545456,0.045454545454545456,0.22727272727272727,0.9090909090909091,0.2727272727272727,0.2727272727272727,0.22727272727272727,0.2727272727272727,0.2727272727272727,0.18181818181818182,0.36363636363636365,0.22727272727272727,0.36363636363636365,0.22727272727272727
spkr43_35,0.5,0.14285714285714285,0.6428571428571429,0.0,0.0,0.0,0.0,0.0,0.07142857142857142,0.07142857142857142,0.0,0.07142857142857142,0.0,0.14285714285714285,0.0,0.0,0.0,0.8571428571428571,0.0,0.0,0.0,0.14285714285714285,0.0,0.0,0.0,0.0,0.0,0.0
spkr43_36,0.8333333333333334,0.4,0.4,0.1,0.0,0.0,0.05,0.05,0.5555555555555556,0.1,0.05,0.05,0.0,0.15,0.0,0.0,0.0,0.95,0.05,0.05,0.2,0.1,0.05,0.25,0.3,0.0,0.15,0.05
spkr43_38,0.6875,0.13333333333333333,0.6666666666666666,0.0,0.0,0.0,0.0,0.0,0.1875,0.0,0.2,0.2,0.0,0.0,0.0,0.0,0.0,0.7333333333333333,0.13333333333333333,0.26666666666666666,0.0,0.0,0.0,0.0,0.3333333333333333,0.0,0.13333333333333333,0.0
spkr43_4,0.7857142857142857,0.0,0.3076923076923077,0.0,0.0,0.0,0.0,0.0,0.0,0.0,0.0,0.15384615384615385,0.0,0.15384615384615385,0.0,0.0,0.0,0.5384615384615384,0.0,0.0,0.0,0.0,0.15384615384615385,0.0,0.07692307692307693,0.0,0.07692307692307693,0.07692307692307693
spkr43_40,0.6428571428571429,0.0,0.4666666666666667,0.0,0.0,0.0,0.0,0.0,0.0,0.0,0.0,0.0,0.0,0.0,0.0,0.0,0.0,0.7333333333333333,0.0,0.0,0.0,0.0,0.4,0.0,0.26666666666666666,0.0,0.0,0.0
spkr43_43,0.8461538461538461,0.07692307692307693,0.23076923076923078,0.0,0.0,0.0,0.0,0.0,0.15384615384615385,0.0,0.0,0.0,0.0,0.0,0.0,0.0,0.0,0.9230769230769231,0.0,0.0,0.46153846153846156,0.0,0.0,0.0,0.07692307692307693,0.0,0.0,0.0
spkr43_44,0.9375,0.0625,0.625,0.0625,0.0625,0.0625,0.0625,0.0625,0.25,0.0625,0.0625,0.0625,0.0625,0.0625,0.0625,0.0625,0.0625,0.8125,0.0625,0.0625,0.0625,0.0625,0.125,0.0625,0.125,0.0625,0.0,0.125
spkr43_46,0.9333333333333333,0.13333333333333333,0.4,0.0,0.0,0.0,0.0,0.0,0.3333333333333333,0.3333333333333333,0.0,0.0,0.0,0.0,0.0,0.0,0.0,1.0,0.0,0.0,0.2,0.06666666666666667,0.0,0.0,0.13333333333333333,0.2,0.2,0.0
spkr43_5,0.8666666666666667,0.26666666666666666,0.5333333333333333,0.0,0.13333333333333333,0.0,0.0,0.06666666666666667,0.3333333333333333,0.06666666666666667,0.13333333333333333,0.0,0.0,0.0,0.0,0.13333333333333333,0.13333333333333333,0.4666666666666667,0.0,0.0,0.26666666666666666,0.0,0.06666666666666667,0.0,0.13333333333333333,0.13333333333333333,0.13333333333333333,0.0
spkr43_50,0.8333333333333334,0.0967741935483871,0.6451612903225806,0.0,0.0,0.0,0.0,0.0,0.16666666666666666,0.16129032258064516,0.06451612903225806,0.0,0.0,0.12903225806451613,0.06451612903225806,0.0,0.0,0.8709677419354839,0.0,0.0,0.06451612903225806,0.06451612903225806,0.06451612903225806,0.0,0.22580645161290322,0.06451612903225806,0.0967741935483871,0.06451612903225806
spkr43_51,0.7857142857142857,0.21428571428571427,0.35714285714285715,0.35714285714285715,0.07142857142857142,0.14285714285714285,0.0,0.07142857142857142,0.42857142857142855,0.35714285714285715,0.14285714285714285,0.35714285714285715,0.0,0.21428571428571427,0.0,0.0,0.0,1.0,0.42857142857142855,0.21428571428571427,0.5,0.14285714285714285,0.2857142857142857,0.07142857142857142,0.2857142857142857,0.21428571428571427,0.35714285714285715,0.14285714285714285
spkr43_52,0.6363636363636364,0.09090909090909091,0.6363636363636364,0.0,0.0,0.0,0.0,0.0,0.18181818181818182,0.09090909090909091,0.0,0.0,0.0,0.0,0.0,0.0,0.0,0.9090909090909091,0.0,0.0,0.0,0.09090909090909091,0.0,0.0,0.36363636363636365,0.0,0.18181818181818182,0.0
spkr43_53,0.7333333333333333,0.13333333333333333,0.5333333333333333,0.06666666666666667,0.06666666666666667,0.06666666666666667,0.06666666666666667,0.06666666666666667,0.06666666666666667,0.13333333333333333,0.06666666666666667,0.0,0.13333333333333333,0.13333333333333333,0.0,0.06666666666666667,0.06666666666666667,0.8,0.13333333333333333,0.0,0.13333333333333333,0.13333333333333333,0.0,0.06666666666666667,0.13333333333333333,0.13333333333333333,0.06666666666666667,0.13333333333333333
spkr43_55,0.9333333333333333,0.7647058823529411,0.9411764705882353,0.17647058823529413,0.11764705882352941,0.11764705882352941,0.17647058823529413,0.29411764705882354,0.4,0.11764705882352941,0.11764705882352941,0.0,0.29411764705882354,0.17647058823529413,0.0,0.35294117647058826,0.17647058823529413,1.0,0.35294117647058826,0.35294117647058826,0.4117647058823529,0.17647058823529413,0.29411764705882354,0.17647058823529413,0.23529411764705882,0.29411764705882354,0.35294117647058826,0.23529411764705882
spkr43_56,0.8,0.5,0.4,0.7,0.0,0.0,0.0,0.5,0.4,0.5,0.5,0.0,0.0,0.0,0.0,0.4,0.3,0.7,0.7,0.8,0.7,0.0,0.5,0.4,0.6,0.3,0.3,0.0
spkr43_57,0.8,0.23529411764705882,0.47058823529411764,0.17647058823529413,0.11764705882352941,0.0,0.17647058823529413,0.17647058823529413,0.4,0.17647058823529413,0.17647058823529413,0.11764705882352941,0.11764705882352941,0.23529411764705882,0.17647058823529413,0.23529411764705882,0.17647058823529413,0.8823529411764706,0.17647058823529413,0.11764705882352941,0.17647058823529413,0.11764705882352941,0.23529411764705882,0.23529411764705882,0.17647058823529413,0.17647058823529413,0.29411764705882354,0.17647058823529413
spkr43_58,1.0,0.18181818181818182,0.3181818181818182,0.0,0.0,0.0,0.0,0.0,0.23809523809523808,0.0,0.0,0.0,0.0,0.0,0.0,0.0,0.0,1.0,0.0,0.0,0.0,0.0,0.22727272727272727,0.0,0.045454545454545456,0.0,0.045454545454545456,0.0
spkr43_59,0.9090909090909091,0.0,0.5454545454545454,0.0,0.0,0.0,0.0,0.0,0.09090909090909091,0.0,0.0,0.0,0.0,0.0,0.0,0.0,0.0,1.0,0.0,0.0,0.0,0.0,0.18181818181818182,0.0,0.0,0.0,0.0,0.0
spkr43_6,0.8333333333333334,0.3333333333333333,0.8333333333333334,0.3333333333333333,0.0,0.0,0.3333333333333333,0.0,0.25,0.0,0.25,0.0,0.0,0.16666666666666666,0.0,0.0,0.16666666666666666,0.9166666666666666,0.25,0.0,0.0,0.0,0.25,0.3333333333333333,0.16666666666666666,0.25,0.25,0.16666666666666666
spkr43_60,1.0,0.17647058823529413,0.7647058823529411,0.0,0.0,0.0,0.0,0.0,0.25,0.0,0.0,0.0,0.0,0.0,0.0,0.0,0.0,1.0,0.0,0.11764705882352941,0.4117647058823529,0.0,0.17647058823529413,0.0,0.0,0.0,0.0,0.0
spkr43_61,0.8333333333333334,0.16666666666666666,0.5,0.0,0.0,0.0,0.0,0.0,0.2222222222222222,0.0,0.05555555555555555,0.0,0.0,0.0,0.0,0.0,0.0,0.9444444444444444,0.0,0.0,0.3333333333333333,0.05555555555555555,0.05555555555555555,0.0,0.05555555555555555,0.05555555555555555,0.3333333333333333,0.0
spkr43_62,0.7,0.0,0.09090909090909091,0.0,0.0,0.0,0.0,0.0,0.2,0.0,0.0,0.0,0.0,0.0,0.0,0.0,0.0,1.0,0.0,0.0,0.0,0.0,0.0,0.0,0.0,0.0,0.0,0.0
spkr43_63,0.9,0.5,0.4,0.0,0.0,0.0,0.0,0.0,0.1,0.0,0.0,0.0,0.0,0.0,0.0,0.0,0.0,1.0,0.0,0.0,0.1,0.0,0.0,0.0,0.0,0.0,0.0,0.0
spkr43_64,0.7647058823529411,0.058823529411764705,0.6470588235294118,0.0,0.0,0.0,0.058823529411764705,0.0,0.23529411764705882,0.0,0.0,0.0,0.0,0.0,0.0,0.0,0.0,1.0,0.0,0.0,0.17647058823529413,0.0,0.0,0.0,0.17647058823529413,0.0,0.35294117647058826,0.0
spkr43_66,0.7058823529411765,0.1111111111111111,0.2777777777777778,0.0,0.0,0.0,0.0,0.0,0.0,0.0,0.0,0.0,0.0,0.0,0.0,0.0,0.0,0.8888888888888888,0.0,0.0,0.0,0.0,0.0,0.0,0.0,0.0,0.0,0.0
spkr43_67,0.7857142857142857,0.07142857142857142,0.42857142857142855,0.0,0.0,0.14285714285714285,0.0,0.0,0.0,0.0,0.14285714285714285,0.0,0.0,0.0,0.0,0.0,0.0,0.7142857142857143,0.0,0.0,0.21428571428571427,0.0,0.21428571428571427,0.0,0.14285714285714285,0.0,0.21428571428571427,0.0
spkr43_68,0.9166666666666666,0.46153846153846156,0.38461538461538464,0.46153846153846156,0.0,0.0,0.3076923076923077,0.3076923076923077,0.25,0.23076923076923078,0.3076923076923077,0.3076923076923077,0.0,0.46153846153846156,0.0,0.3076923076923077,0.3076923076923077,0.7692307692307693,0.5384615384615384,0.7692307692307693,0.3076923076923077,0.3076923076923077,0.23076923076923078,0.23076923076923078,0.46153846153846156,0.23076923076923078,0.23076923076923078,0.0
spkr43_69,0.8333333333333334,0.3333333333333333,0.3888888888888889,0.0,0.0,0.0,0.05555555555555555,0.16666666666666666,0.2777777777777778,0.16666666666666666,0.3888888888888889,0.16666666666666666,0.05555555555555555,0.2777777777777778,0.0,0.0,0.05555555555555555,0.8888888888888888,0.1111111111111111,0.1111111111111111,0.1111111111111111,0.16666666666666666,0.2222222222222222,0.16666666666666666,0.3888888888888889,0.16666666666666666,0.2222222222222222,0.2222222222222222
spkr43_7,0.8,0.6875,0.6875,0.0,0.0,0.0,0.0,0.0,0.26666666666666666,0.0,0.0625,0.0,0.0,0.0625,0.0,0.0,0.0,1.0,0.0625,0.0,0.4375,0.0,0.4375,0.0,0.25,0.0625,0.25,0.0
spkr43_70,0.625,0.0,0.5625,0.125,0.0,0.0,0.125,0.125,0.25,0.125,0.125,0.1875,0.0,0.125,0.0,0.0,0.125,1.0,0.125,0.125,0.0625,0.125,0.125,0.0625,0.1875,0.125,0.0,0.0
spkr43_71,0.7222222222222222,0.05263157894736842,0.47368421052631576,0.15789473684210525,0.0,0.0,0.0,0.0,0.2777777777777778,0.10526315789473684,0.0,0.10526315789473684,0.0,0.10526315789473684,0.0,0.0,0.0,1.0,0.15789473684210525,0.10526315789473684,0.2631578947368421,0.0,0.10526315789473684,0.05263157894736842,0.10526315789473684,0.10526315789473684,0.0,0.10526315789473684
spkr43_72,0.7894736842105263,0.2777777777777778,0.6666666666666666,0.0,0.0,0.0,0.0,0.0,0.21052631578947367,0.2222222222222222,0.2222222222222222,0.0,0.0,0.2222222222222222,0.0,0.0,0.0,1.0,0.0,0.0,0.5,0.2222222222222222,0.3333333333333333,0.16666666666666666,0.2777777777777778,0.3333333333333333,0.4444444444444444,0.3333333333333333
spkr43_73,0.9090909090909091,0.18181818181818182,0.2727272727272727,0.0,0.0,0.0,0.0,0.0,0.09090909090909091,0.0,0.0,0.0,0.0,0.0,0.0,0.0,0.0,1.0,0.0,0.0,0.0,0.0,0.0,0.18181818181818182,0.09090909090909091,0.0,0.09090909090909091,0.0
spkr43_74,0.7857142857142857,0.7142857142857143,0.6428571428571429,0.07142857142857142,0.0,0.07142857142857142,0.07142857142857142,0.07142857142857142,0.42857142857142855,0.07142857142857142,0.07142857142857142,0.07142857142857142,0.07142857142857142,0.5714285714285714,0.0,0.07142857142857142,0.07142857142857142,0.9285714285714286,0.07142857142857142,0.07142857142857142,0.7142857142857143,0.07142857142857142,0.21428571428571427,0.07142857142857142,0.21428571428571427,0.07142857142857142,0.2857142857142857,0.21428571428571427
spkr43_75,0.7058823529411765,0.23529411764705882,0.5882352941176471,0.0,0.0,0.0,0.0,0.29411764705882354,0.4117647058823529,0.11764705882352941,0.0,0.29411764705882354,0.0,0.11764705882352941,0.0,0.0,0.0,1.0,0.17647058823529413,0.5294117647058824,0.29411764705882354,0.17647058823529413,0.23529411764705882,0.23529411764705882,0.4117647058823529,0.29411764705882354,0.29411764705882354,0.29411764705882354
spkr43_8,0.6875,0.3125,0.6875,0.0,0.0,0.0,0.0,0.0,0.4375,0.25,0.0,0.1875,0.0,0.0625,0.75,0.0,0.0,0.75,0.0,0.0,0.0,0.0625,0.25,0.0,0.3125,0.375,0.3125,0.125
spkr43_9,0.7142857142857143,0.9285714285714286,0.7857142857142857,0.35714285714285715,0.07142857142857142,0.07142857142857142,0.07142857142857142,0.07142857142857142,0.5,0.42857142857142855,0.21428571428571427,0.5,0.21428571428571427,0.2857142857142857,0.14285714285714285,0.7142857142857143,0.07142857142857142,0.7857142857142857,0.7142857142857143,0.2857142857142857,0.5,0.2857142857142857,0.35714285714285715,0.21428571428571427,0.6428571428571429,0.42857142857142855,0.35714285714285715,0.0
spkr51_1,1.0,0.2,0.9,0.0,0.0,0.0,0.0,0.0,0.3,0.2,0.0,0.0,0.0,0.4,0.0,0.0,0.0,1.0,0.6,0.4,0.5,0.2,0.5,0.4,0.5,0.2,0.4,0.2
spkr51_10,0.35294117647058826,0.0,0.6470588235294118,0.0,0.0,0.0,0.0,0.0,0.0,0.0,0.0,0.0,0.0,0.058823529411764705,0.0,0.0,0.0,0.8235294117647058,0.0,0.0,0.0,0.0,0.0,0.0,0.0,0.0,0.0,0.0
spkr51_11,0.6428571428571429,0.35714285714285715,0.7142857142857143,0.14285714285714285,0.0,0.0,0.0,0.0,0.42857142857142855,0.07142857142857142,0.0,0.0,0.0,0.07142857142857142,0.0,0.0,0.0,0.7857142857142857,0.5714285714285714,0.14285714285714285,0.0,0.14285714285714285,0.5,0.14285714285714285,0.07142857142857142,0.07142857142857142,0.35714285714285715,0.07142857142857142
spkr51_12,0.6470588235294118,0.35294117647058826,0.7058823529411765,0.058823529411764705,0.0,0.0,0.0,0.058823529411764705,0.058823529411764705,0.11764705882352941,0.0,0.058823529411764705,0.0,0.058823529411764705,0.0,0.0,0.058823529411764705,0.8823529411764706,0.058823529411764705,0.058823529411764705,0.47058823529411764,0.058823529411764705,0.35294117647058826,0.0,0.0,0.0,0.23529411764705882,0.17647058823529413
spkr51_13,0.75,0.4117647058823529,0.5294117647058824,0.5882352941176471,0.0,0.17647058823529413,0.29411764705882354,0.29411764705882354,0.6875,0.5882352941176471,0.35294117647058826,0.5882352941176471,0.0,0.4117647058823529,0.23529411764705882,0.8823529411764706,0.058823529411764705,0.4117647058823529,0.35294117647058826,0.5882352941176471,0.35294117647058826,0.29411764705882354,0.5294117647058824,0.35294117647058826,0.7058823529411765,0.35294117647058826,0.5294117647058824,0.35294117647058826
spkr51_14,0.6470588235294118,0.5294117647058824,0.5882352941176471,0.11764705882352941,0.11764705882352941,0.0,0.0,0.11764705882352941,0.17647058823529413,0.11764705882352941,0.17647058823529413,0.0,0.0,0.23529411764705882,0.0,0.35294117647058826,0.11764705882352941,0.4117647058823529,0.17647058823529413,0.11764705882352941,0.29411764705882354,0.058823529411764705,0.29411764705882354,0.11764705882352941,0.23529411764705882,0.17647058823529413,0.17647058823529413,0.17647058823529413
spkr51_15,0.5882352941176471,0.35294117647058826,0.5882352941176471,0.17647058823529413,0.0,0.23529411764705882,0.0,0.23529411764705882,0.4117647058823529,0.17647058823529413,0.23529411764705882,0.23529411764705882,0.0,0.23529411764705882,0.0,0.35294117647058826,0.0,0.7058823529411765,0.23529411764705882,0.23529411764705882,0.47058823529411764,0.17647058823529413,0.17647058823529413,0.17647058823529413,0.23529411764705882,0.4117647058823529,0.29411764705882354,0.17647058823529413
spkr51_18,0.6538461538461539,0.46153846153846156,0.5,0.0,0.0,0.0,0.0,0.0,0.46153846153846156,0.0,0.0,0.0,0.0,0.0,0.0,0.0,0.0,0.38461538461538464,0.0,0.0,0.0,0.0,0.19230769230769232,0.0,0.19230769230769232,0.0,0.23076923076923078,0.0
spkr51_19,0.3870967741935484,0.0967741935483871,0.41935483870967744,0.0,0.03225806451612903,0.03225806451612903,0.03225806451612903,0.06451612903225806,0.0967741935483871,0.03225806451612903,0.03225806451612903,0.03225806451612903,0.06451612903225806,0.06451612903225806,0.03225806451612903,0.0,0.03225806451612903,0.5161290322580645,0.0967741935483871,0.0967741935483871,0.0967741935483871,0.06451612903225806,0.12903225806451613,0.03225806451612903,0.12903225806451613,0.03225806451612903,0.06451612903225806,0.03225806451612903
spkr51_20,0.5833333333333334,0.3076923076923077,0.46153846153846156,0.0,0.0,0.0,0.0,0.0,0.4166666666666667,0.19230769230769232,0.038461538461538464,0.0,0.0,0.19230769230769232,0.0,0.0,0.0,0.7692307692307693,0.0,0.0,0.23076923076923078,0.0,0.038461538461538464,0.0,0.23076923076923078,0.038461538461538464,0.19230769230769232,0.19230769230769232
spkr51_21,0.48,0.1111111111111111,0.2222222222222222,0.0,0.0,0.0,0.0,0.0,0.08,0.0,0.0,0.0,0.0,0.0,0.0,0.0,0.0,0.48148148148148145,0.0,0.0,0.0,0.037037037037037035,0.0,0.0,0.0,0.037037037037037035,0.037037037037037035,0.0
spkr51_22,0.5,0.2222222222222222,0.3888888888888889,0.0,0.0,0.0,0.0,0.0,0.16666666666666666,0.05555555555555555,0.0,0.0,0.0,0.0,0.0,0.0,0.0,0.7222222222222222,0.0,0.0,0.0,0.0,0.05555555555555555,0.0,0.05555555555555555,0.0,0.16666666666666666,0.0
spkr51_23,0.5,0.05,0.3,0.0,0.0,0.0,0.0,0.0,0.15,0.0,0.0,0.1,0.0,0.1,0.0,0.0,0.0,0.25,0.0,0.0,0.0,0.0,0.1,0.1,0.0,0.0,0.0,0.1
spkr51_24,0.7058823529411765,0.10526315789473684,0.6842105263157895,0.0,0.0,0.0,0.0,0.10526315789473684,0.11764705882352941,0.0,0.10526315789473684,0.0,0.0,0.05263157894736842,0.0,0.0,0.0,0.5263157894736842,0.05263157894736842,0.10526315789473684,0.0,0.05263157894736842,0.0,0.05263157894736842,0.05263157894736842,0.0,0.0,0.0
spkr51_26,0.7777777777777778,0.2631578947368421,0.631578947368421,0.21052631578947367,0.0,0.0,0.0,0.0,0.7222222222222222,0.0,0.0,0.0,0.0,0.15789473684210525,0.0,0.0,0.0,0.42105263157894735,0.10526315789473684,0.3157894736842105,0.10526315789473684,0.10526315789473684,0.42105263157894735,0.10526315789473684,0.21052631578947367,0.0,0.10526315789473684,0.0
spkr51_28,0.6666666666666666,0.0,0.5294117647058824,0.0,0.0,0.0,0.0,0.0,0.0,0.0,0.0,0.0,0.0,0.0,0.0,0.0,0.0,0.29411764705882354,0.0,0.0,0.0,0.058823529411764705,0.0,0.0,0.058823529411764705,0.0,0.0,0.0
spkr51_29,0.5333333333333333,0.26666666666666666,0.4,0.0,0.0,0.0,0.0,0.0,0.3333333333333333,0.26666666666666666,0.13333333333333333,0.0,0.0,0.0,0.0,0.0,0.0,0.06666666666666667,0.3333333333333333,0.26666666666666666,0.13333333333333333,0.0,0.4,0.0,0.0,0.0,0.0,0.0
spkr51_30,0.5333333333333333,0.4,0.5333333333333333,0.0,0.0,0.0,0.0,0.0,0.26666666666666666,0.0,0.0,0.0,0.0,0.0,0.0,0.0,0.0,0.6,0.0,0.0,0.2,0.4,0.06666666666666667,0.0,0.0,0.0,0.26666666666666666,0.13333333333333333
spkr51_31,0.47368421052631576,0.05263157894736842,0.42105263157894735,0.0,0.0,0.0,0.0,0.0,0.10526315789473684,0.0,0.0,0.0,0.0,0.0,0.0,0.0,0.0,0.3157894736842105,0.0,0.0,0.0,0.0,0.0,0.0,0.0,0.0,0.15789473684210525,0.0
spkr51_33,0.5714285714285714,0.09090909090909091,0.36363636363636365,0.0,0.0,0.0,0.0,0.0,0.14285714285714285,0.09090909090909091,0.0,0.0,0.0,0.13636363636363635,0.0,0.09090909090909091,0.0,0.4090909090909091,0.0,0.0,0.09090909090909091,0.09090909090909091,0.045454545454545456,0.0,0.09090909090909091,0.09090909090909091,0.045454545454545456,0.13636363636363635
spkr51_34,0.6363636363636364,0.5909090909090909,0.5,0.3181818181818182,0.2727272727272727,0.18181818181818182,0.3181818181818182,0.2727272727272727,0.45454545454545453,0.4090909090909091,0.36363636363636365,0.3181818181818182,0.3181818181818182,0.36363636363636365,0.18181818181818182,0.045454545454545456,0.2727272727272727,0.8636363636363636,0.2727272727272727,0.3181818181818182,0.4090909090909091,0.3181818181818182,0.4090909090909091,0.22727272727272727,0.45454545454545453,0.3181818181818182,0.4090909090909091,0.22727272727272727
spkr51_35,0.5714285714285714,0.07142857142857142,0.7142857142857143,0.0,0.0,0.0,0.0,0.0,0.6428571428571429,0.0,0.0,0.0,0.0,0.14285714285714285,0.0,0.0,0.0,0.42857142857142855,0.07142857142857142,0.0,0.0,0.0,0.0,0.0,0.0,0.0,0.14285714285714285,0.07142857142857142
spkr51_36,0.5555555555555556,0.0,0.35,0.0,0.0,0.0,0.0,0.0,0.1111111111111111,0.0,0.0,0.0,0.0,0.0,0.0,0.0,0.0,0.0,0.0,0.0,0.0,0.0,0.0,0.0,0.0,0.0,0.05,0.0
spkr51_37,0.6428571428571429,0.13333333333333333,0.5333333333333333,0.0,0.0,0.0,0.0,0.13333333333333333,0.0,0.0,0.0,0.0,0.0,0.0,0.0,0.0,0.13333333333333333,0.7333333333333333,0.06666666666666667,0.0,0.0,0.0,0.0,0.13333333333333333,0.0,0.0,0.2,0.0
spkr51_38,0.75,0.0,0.5333333333333333,0.0,0.0,0.0,0.0,0.0,0.1875,0.0,0.0,0.0,0.0,0.0,0.0,0.0,0.0,0.7333333333333333,0.5333333333333333,0.4,0.0,0.0,0.13333333333333333,0.0,0.0,0.0,0.0,0.0
spkr51_4,0.7857142857142857,0.0,0.6153846153846154,0.0,0.0,0.0,0.0,0.0,0.0,0.0,0.0,0.0,0.0,0.0,0.0,0.0,0.0,0.0,0.0,0.0,0.0,0.0,0.0,0.0,0.0,0.0,0.0,0.0
spkr51_40,0.35714285714285715,0.06666666666666667,0.2,0.0,0.0,0.0,0.0,0.0,0.0,0.0,0.0,0.0,0.0,0.0,0.0,0.0,0.0,0.4,0.0,0.0,0.0,0.0,0.2,0.0,0.0,0.0,0.13333333333333333,0.0
spkr51_42,0.7272727272727273,0.45454545454545453,0.8181818181818182,0.5454545454545454,0.18181818181818182,0.18181818181818182,0.18181818181818182,0.09090909090909091,0.18181818181818182,0.09090909090909091,0.0,0.09090909090909091,0.09090909090909091,0.09090909090909091,0.0,0.0,0.18181818181818182,1.0,0.09090909090909091,0.36363636363636365,0.7272727272727273,0.18181818181818182,0.18181818181818182,0.09090909090909091,0.18181818181818182,0.09090909090909091,0.2727272727272727,0.09090909090909091
spkr51_43,0.6153846153846154,0.07692307692307693,0.46153846153846156,0.15384615384615385,0.0,0.0,0.0,0.0,0.23076923076923078,0.15384615384615385,0.23076923076923078,0.15384615384615385,0.23076923076923078,0.15384615384615385,0.0,0.23076923076923078,0.23076923076923078,0.46153846153846156,0.23076923076923078,0.23076923076923078,0.23076923076923078,0.07692307692307693,0.15384615384615385,0.07692307692307693,0.15384615384615385,0.07692307692307693,0.15384615384615385,0.15384615384615385
spkr51_44,0.5,0.125,0.5,0.0625,0.0625,0.0625,0.0625,0.0625,0.25,0.0625,0.0625,0.0625,0.0625,0.0625,0.0625,0.0625,0.0625,0.0625,0.0625,0.5,0.0625,0.0625,0.0625,0.0625,0.125,0.0625,0.0,0.0625
spkr51_45,0.8,0.09090909090909091,0.36363636363636365,0.0,0.0,0.0,0.0,0.0,0.6,0.0,0.0,0.0,0.0,0.0,0.0,0.0,0.0,0.45454545454545453,0.09090909090909091,0.0,0.2727272727272727,0.0,0.18181818181818182,0.0,0.18181818181818182,0.0,0.5454545454545454,0.0
spkr51_46,0.6666666666666666,0.26666666666666666,0.4,0.0,0.0,0.0,0.0,0.0,0.3333333333333333,0.0,0.0,0.0,0.0,0.0,0.0,0.0,0.0,0.4,0.0,0.0,0.13333333333333333,0.0,0.26666666666666666,0.06666666666666667,0.4666666666666667,0.0,0.2,0.13333333333333333
spkr51_5,0.7333333333333333,0.8666666666666667,0.6666666666666666,0.26666666666666666,0.26666666666666666,0.0,0.0,0.13333333333333333,0.5333333333333333,0.26666666666666666,0.13333333333333333,0.5333333333333333,0.0,0.26666666666666666,0.5333333333333333,0.8666666666666667,0.26666666666666666,0.8,0.5333333333333333,0.3333333333333333,0.6666666666666666,0.06666666666666667,0.4,0.26666666666666666,0.4666666666666667,0.06666666666666667,0.26666666666666666,0.06666666666666667
spkr51_50,0.7666666666666667,0.12903225806451613,0.6129032258064516,0.12903225806451613,0.0,0.0,0.0,0.0,0.13333333333333333,0.0,0.0,0.0,0.0,0.0,0.0,0.0,0.0,0.12903225806451613,0.0,0.0,0.0,0.0,0.12903225806451613,0.0,0.16129032258064516,0.0,0.0,0.0
spkr51_51,0.9285714285714286,0.14285714285714285,0.2857142857142857,0.07142857142857142,0.07142857142857142,0.07142857142857142,0.07142857142857142,0.07142857142857142,0.2857142857142857,0.14285714285714285,0.14285714285714285,0.07142857142857142,0.0,0.07142857142857142,0.07142857142857142,0.07142857142857142,0.07142857142857142,0.21428571428571427,0.07142857142857142,0.35714285714285715,0.07142857142857142,0.2857142857142857,0.2857142857142857,0.07142857142857142,0.2857142857142857,0.21428571428571427,0.21428571428571427,0.07142857142857142
spkr51_52,0.6363636363636364,0.36363636363636365,0.9090909090909091,0.0,0.0,0.0,0.0,0.0,0.09090909090909091,0.18181818181818182,0.0,0.0,0.0,0.0,0.0,0.0,0.0,0.9090909090909091,0.0,0.0,0.0,0.2727272727272727,0.0,0.0,0.18181818181818182,0.0,0.0,0.0
spkr51_53,0.4666666666666667,0.13333333333333333,0.4666666666666667,0.13333333333333333,0.13333333333333333,0.06666666666666667,0.13333333333333333,0.06666666666666667,0.2,0.13333333333333333,0.13333333333333333,0.4,0.06666666666666667,0.13333333333333333,0.06666666666666667,0.2,0.13333333333333333,0.4,0.13333333333333333,0.0,0.13333333333333333,0.13333333333333333,0.13333333333333333,0.06666666666666667,0.06666666666666667,0.13333333333333333,0.13333333333333333,0.13333333333333333
spkr51_54,1.0,0.8571428571428571,1.0,0.0,0.7142857142857143,0.14285714285714285,0.14285714285714285,0.0,0.8333333333333334,0.7142857142857143,0.0,1.0,0.14285714285714285,0.14285714285714285,0.0,0.5714285714285714,0.42857142857142855,0.7142857142857143,0.0,0.42857142857142855,0.2857142857142857,0.8571428571428571,0.7142857142857143,0.14285714285714285,0.42857142857142855,0.5714285714285714,0.5714285714285714,0.5714285714285714
spkr51_55,0.6666666666666666,0.6470588235294118,0.7058823529411765,0.29411764705882354,0.0,0.0,0.17647058823529413,0.17647058823529413,0.6666666666666666,0.29411764705882354,0.0,0.5294117647058824,0.11764705882352941,0.0,0.0,0.0,0.17647058823529413,0.7647058823529411,0.29411764705882354,0.23529411764705882,0.058823529411764705,0.17647058823529413,0.23529411764705882,0.0,0.5882352941176471,0.058823529411764705,0.23529411764705882,0.23529411764705882
spkr51_56,0.7,0.3,0.2,0.1,0.1,0.1,0.1,0.1,0.3,0.0,0.1,0.1,0.1,0.1,0.1,0.1,0.1,0.5,0.1,0.1,0.1,0.1,0.3,0.1,0.1,0.0,0.1,0.1
spkr51_57,0.6666666666666666,0.17647058823529413,0.47058823529411764,0.0,0.0,0.0,0.0,0.0,0.26666666666666666,0.0,0.0,0.0,0.0,0.0,0.0,0.0,0.0,0.5882352941176471,0.0,0.0,0.0,0.0,0.0,0.0,0.17647058823529413,0.0,0.058823529411764705,0.0
spkr51_58,0.6190476190476191,0.09090909090909091,0.5,0.09090909090909091,0.0,0.09090909090909091,0.09090909090909091,0.09090909090909091,0.23809523809523808,0.09090909090909091,0.09090909090909091,0.09090909090909091,0.09090909090909091,0.09090909090909091,0.09090909090909091,0.09090909090909091,0.09090909090909091,0.7727272727272727,0.09090909090909091,0.09090909090909091,0.09090909090909091,0.09090909090909091,0.09090909090909091,0.09090909090909091,0.09090909090909091,0.09090909090909091,0.13636363636363635,0.13636363636363635
spkr51_59,0.5454545454545454,0.0,0.5454545454545454,0.0,0.0,0.0,0.18181818181818182,0.18181818181818182,0.09090909090909091,0.18181818181818182,0.36363636363636365,0.0,0.0,0.18181818181818182,0.0,0.0,0.0,0.5454545454545454,0.0,0.36363636363636365,0.36363636363636365,0.18181818181818182,0.36363636363636365,0.2727272727272727,0.2727272727272727,0.18181818181818182,0.2727272727272727,0.18181818181818182
spkr51_6,0.5,0.4166666666666667,0.5,0.4166666666666667,0.3333333333333333,0.3333333333333333,0.5,0.5,0.4166666666666667,0.25,0.5,0.5,0.3333333333333333,0.5,0.25,0.4166666666666667,0.3333333333333333,0.5833333333333334,0.3333333333333333,0.3333333333333333,0.25,0.3333333333333333,0.3333333333333333,0.25,0.25,0.3333333333333333,0.25,0.3333333333333333
spkr51_60,0.75,0.35294117647058826,0.5882352941176471,0.11764705882352941,0.0,0.0,0.0,0.0,0.25,0.0,0.0,0.0,0.0,0.11764705882352941,0.0,0.0,0.0,0.8823529411764706,0.0,0.0,0.11764705882352941,0.0,0.058823529411764705,0.0,0.058823529411764705,0.0,0.11764705882352941,0.0
spkr51_61,0.8333333333333334,0.05555555555555555,0.3333333333333333,0.0,0.0,0.0,0.0,0.0,0.1111111111111111,0.0,0.0,0.0,0.0,0.0,0.0,0.0,0.0,0.6666666666666666,0.0,0.0,0.0,0.0,0.0,0.0,0.0,0.0,0.0,0.0
spkr51_62,0.8,0.09090909090909091,0.09090909090909091,0.0,0.0,0.0,0.0,0.0,0.2,0.0,0.09090909090909091,0.09090909090909091,0.0,0.0,0.0,0.0,0.0,0.0,0.0,0.0,0.0,0.0,0.0,0.0,0.0,0.0,0.0,0.0
spkr51_63,0.7,0.6,0.5,0.0,0.0,0.0,0.0,0.0,0.0,0.0,0.0,0.0,0.0,0.0,0.0,0.0,0.0,0.8,0.3,0.0,0.1,0.0,0.0,0.0,0.0,0.0,0.0,0.0
spkr51_64,0.5294117647058824,0.29411764705882354,0.7647058823529411,0.11764705882352941,0.0,0.0,0.0,0.11764705882352941,0.23529411764705882,0.0,0.11764705882352941,0.11764705882352941,0.0,0.23529411764705882,0.0,0.058823529411764705,0.23529411764705882,0.5294117647058824,0.11764705882352941,0.11764705882352941,0.23529411764705882,0.11764705882352941,0.11764705882352941,0.11764705882352941,0.11764705882352941,0.11764705882352941,0.17647058823529413,0.29411764705882354
spkr51_65,0.6086956521739131,0.4782608695652174,0.6521739130434783,0.2608695652173913,0.0,0.0,0.0,0.0,0.08695652173913043,0.0,0.17391304347826086,0.34782608695652173,0.0,0.17391304347826086,0.0,0.0,0.0,0.34782608695652173,0.391304347826087,0.30434782608695654,0.391304347826087,0.17391304347826086,0.391304347826087,0.043478260869565216,0.08695652173913043,0.0,0.043478260869565216,0.0
spkr51_66,0.6470588235294118,0.3333333333333333,0.2222222222222222,0.0,0.0,0.0,0.0,0.0,0.23529411764705882,0.1111111111111111,0.1111111111111111,0.0,0.0,0.0,0.0,0.0,0.0,0.7222222222222222,0.1111111111111111,0.1111111111111111,0.1111111111111111,0.1111111111111111,0.2777777777777778,0.0,0.1111111111111111,0.2222222222222222,0.2222222222222222,0.0
spkr51_67,0.42857142857142855,0.5,0.7142857142857143,0.0,0.0,0.0,0.0,0.0,0.42857142857142855,0.0,0.0,0.0,0.0,0.14285714285714285,0.0,0.42857142857142855,0.0,0.6428571428571429,0.21428571428571427,0.2857142857142857,0.0,0.0,0.0,0.21428571428571427,0.5,0.0,0.2857142857142857,0.35714285714285715
spkr51_69,0.6111111111111112,0.2777777777777778,0.5555555555555556,0.0,0.0,0.0,0.0,0.0,0.1111111111111111,0.0,0.0,0.05555555555555555,0.0,0.0,0.0,0.0,0.0,0.7222222222222222,0.05555555555555555,0.2222222222222222,0.0,0.0,0.1111111111111111,0.0,0.16666666666666666,0.0,0.3333333333333333,0.1111111111111111
spkr51_7,0.7333333333333333,0.875,0.625,0.5,0.25,0.0,0.25,0.0,0.4666666666666667,0.25,0.0,0.4375,0.0,0.0,0.0,0.375,0.0,0.625,0.1875,0.9375,0.5,0.5,0.6875,0.25,0.25,0.3125,0.625,0.1875
spkr51_70,0.6875,0.25,0.375,0.25,0.0,0.0625,0.0,0.0625,0.4375,0.1875,0.3125,0.4375,0.0,0.1875,0.0,0.0,0.0,0.375,0.0,0.25,0.375,0.0,0.25,0.125,0.4375,0.4375,0.4375,0.25
spkr51_71,0.6666666666666666,0.21052631578947367,0.3684210526315789,0.15789473684210525,0.0,0.0,0.0,0.0,0.3333333333333333,0.10526315789473684,0.2631578947368421,0.10526315789473684,0.0,0.10526315789473684,0.05263157894736842,0.21052631578947367,0.15789473684210525,0.3157894736842105,0.15789473684210525,0.15789473684210525,0.0,0.2631578947368421,0.21052631578947367,0.05263157894736842,0.15789473684210525,0.10526315789473684,0.10526315789473684,0.10526315789473684
spkr51_72,0.5263157894736842,0.16666666666666666,0.6666666666666666,0.0,0.0,0.0,0.0,0.0,0.3684210526315789,0.1111111111111111,0.0,0.0,0.0,0.0,0.0,0.0,0.0,0.8333333333333334,0.0,0.0,0.0,0.2222222222222222,0.3333333333333333,0.0,0.3888888888888889,0.1111111111111111,0.1111111111111111,0.0
spkr51_73,0.9090909090909091,0.18181818181818182,0.5454545454545454,0.0,0.0,0.0,0.0,0.0,0.36363636363636365,0.0,0.0,0.0,0.0,0.0,0.0,0.0,0.0,0.18181818181818182,0.0,0.0,0.0,0.0,0.0,0.0,0.2727272727272727,0.09090909090909091,0.36363636363636365,0.0
spkr51_74,0.42857142857142855,0.42857142857142855,0.5714285714285714,0.0,0.0,0.0,0.0,0.0,0.21428571428571427,0.0,0.0,0.0,0.0,0.0,0.0,0.0,0.0,0.7142857142857143,0.42857142857142855,0.0,0.35714285714285715,0.0,0.35714285714285715,0.0,0.14285714285714285,0.0,0.42857142857142855,0.14285714285714285
spkr51_75,0.4117647058823529,0.29411764705882354,0.5882352941176471,0.0,0.0,0.0,0.0,0.17647058823529413,0.4117647058823529,0.29411764705882354,0.058823529411764705,0.0,0.0,0.0,0.0,0.0,0.0,0.29411764705882354,0.0,0.0,0.17647058823529413,0.29411764705882354,0.29411764705882354,0.23529411764705882,0.4117647058823529,0.4117647058823529,0.5294117647058824,0.47058823529411764
spkr51_8,0.5625,0.5,0.4375,0.0,0.0,0.0,0.0,0.0,0.375,0.1875,0.0,0.0,0.0,0.0,0.0,0.25,0.0,0.875,0.0,0.1875,0.125,0.25,0.1875,0.0,0.375,0.1875,0.0,0.0625
spkr51_9,0.42857142857142855,0.2857142857142857,0.6428571428571429,0.14285714285714285,0.07142857142857142,0.07142857142857142,0.07142857142857142,0.07142857142857142,0.21428571428571427,0.07142857142857142,0.14285714285714285,0.07142857142857142,0.07142857142857142,0.07142857142857142,0.14285714285714285,0.5714285714285714,0.07142857142857142,0.5714285714285714,0.14285714285714285,0.14285714285714285,0.14285714285714285,0.14285714285714285,0.14285714285714285,0.07142857142857142,0.07142857142857142,0.07142857142857142,0.35714285714285715,0.07142857142857142
spkr60_1,0.7,0.2,0.5,0.2,0.2,0.2,0.2,0.3,0.3,0.2,0.0,0.2,0.3,0.2,0.0,0.1,0.2,0.6,0.2,0.2,0.2,0.2,0.3,0.0,0.2,0.3,0.2,0.2
spkr60_10,0.5882352941176471,0.23529411764705882,0.4117647058823529,0.0,0.0,0.0,0.0,0.0,0.0,0.0,0.058823529411764705,0.0,0.0,0.058823529411764705,0.0,0.0,0.0,0.8823529411764706,0.0,0.058823529411764705,0.058823529411764705,0.0,0.17647058823529413,0.0,0.058823529411764705,0.0,0.0,0.0
spkr60_11,0.6428571428571429,0.42857142857142855,0.6428571428571429,0.21428571428571427,0.0,0.0,0.0,0.0,0.14285714285714285,0.07142857142857142,0.0,0.35714285714285715,0.0,0.07142857142857142,0.0,0.0,0.0,0.7142857142857143,0.21428571428571427,0.35714285714285715,0.2857142857142857,0.14285714285714285,0.42857142857142855,0.07142857142857142,0.2857142857142857,0.42857142857142855,0.2857142857142857,0.07142857142857142
spkr60_12,0.8235294117647058,0.11764705882352941,0.5882352941176471,0.058823529411764705,0.0,0.0,0.0,0.0,0.11764705882352941,0.0,0.0,0.058823529411764705,0.0,0.0,0.0,0.0,0.058823529411764705,0.5882352941176471,0.058823529411764705,0.058823529411764705,0.0,0.0,0.29411764705882354,0.0,0.0,0.0,0.0,0.058823529411764705
spkr60_13,0.5625,0.0,0.5294117647058824,0.0,0.0,0.0,0.0,0.0,0.125,0.0,0.0,0.0,0.0,0.0,0.0,0.0,0.0,0.4117647058823529,0.0,0.0,0.0,0.0,0.058823529411764705,0.0,0.0,0.0,0.0,0.0
spkr60_14,0.6470588235294118,0.47058823529411764,0.7058823529411765,0.0,0.0,0.0,0.0,0.0,0.0,0.0,0.0,0.0,0.0,0.0,0.0,0.0,0.0,0.5882352941176471,0.0,0.0,0.0,0.0,0.0,0.0,0.0,0.0,0.17647058823529413,0.0
spkr60_15,0.8823529411764706,0.29411764705882354,0.6470588235294118,0.0,0.0,0.0,0.0,0.0,0.47058823529411764,0.11764705882352941,0.0,0.0,0.0,0.29411764705882354,0.0,0.0,0.0,0.9411764705882353,0.0,0.0,0.11764705882352941,0.0,0.23529411764705882,0.0,0.4117647058823529,0.0,0.35294117647058826,0.23529411764705882
spkr60_18,0.6153846153846154,0.11538461538461539,0.5,0.0,0.0,0.0,0.0,0.0,0.23076923076923078,0.0,0.0,0.0,0.0,0.0,0.0,0.0,0.0,0.5,0.0,0.0,0.11538461538461539,0.0,0.2692307692307692,0.0,0.0,0.07692307692307693,0.0,0.0
spkr60_19,0.41935483870967744,0.0,0.45161290322580644,0.0,0.0,0.0,0.0,0.0,0.0,0.0,0.0,0.0,0.0,0.0,0.0,0.0,0.0,0.4838709677419355,0.0,0.0,0.0,0.0,0.0,0.0,0.0,0.0,0.0,0.0
spkr60_2,0.7272727272727273,0.6363636363636364,0.7272727272727273,0.0,0.0,0.0,0.0,0.0,0.7272727272727273,0.0,0.18181818181818182,0.0,0.0,0.0,0.0,0.0,0.0,0.9090909090909091,0.2727272727272727,0.36363636363636365,0.0,0.0,0.0,0.0,0.09090909090909091,0.0,0.2727272727272727,0.0
spkr60_20,0.7916666666666666,0.038461538461538464,0.5384615384615384,0.0,0.0,0.0,0.0,0.0,0.16666666666666666,0.0,0.0,0.0,0.0,0.0,0.0,0.0,0.0,0.6923076923076923,0.0,0.0,0.0,0.0,0.0,0.0,0.0,0.0,0.0,0.0
spkr60_21,0.4,0.037037037037037035,0.37037037037037035,0.0,0.0,0.0,0.0,0.0,0.08,0.0,0.037037037037037035,0.0,0.0,0.0,0.0,0.0,0.0,0.3333333333333333,0.0,0.0,0.0,0.0,0.0,0.0,0.037037037037037035,0.0,0.0,0.0
spkr60_22,0.6666666666666666,0.0,0.5555555555555556,0.0,0.0,0.0,0.0,0.0,0.05555555555555555,0.0,0.0,0.0,0.0,0.0,0.0,0.0,0.0,0.3888888888888889,0.0,0.0,0.0,0.0,0.0,0.0,0.0,0.0,0.0,0.0
spkr60_23,0.6,0.05,0.25,0.0,0.0,0.0,0.0,0.0,0.0,0.0,0.0,0.0,0.0,0.0,0.0,0.0,0.0,0.6,0.0,0.1,0.15,0.0,0.0,0.0,0.0,0.0,0.0,0.1
spkr60_24,0.7647058823529411,0.47368421052631576,0.3684210526315789,0.0,0.0,0.0,0.0,0.0,0.17647058823529413,0.0,0.0,0.0,0.0,0.0,0.0,0.0,0.0,0.7368421052631579,0.05263157894736842,0.15789473684210525,0.21052631578947367,0.0,0.3157894736842105,0.0,0.0,0.0,0.0,0.0
spkr60_26,0.5555555555555556,0.21052631578947367,0.21052631578947367,0.05263157894736842,0.0,0.0,0.0,0.0,0.1111111111111111,0.0,0.0,0.05263157894736842,0.0,0.0,0.0,0.0,0.0,0.7368421052631579,0.0,0.2631578947368421,0.0,0.0,0.0,0.0,0.0,0.0,0.10526315789473684,0.0
spkr60_28,0.6,0.0,0.47058823529411764,0.0,0.0,0.0,0.0,0.0,0.0,0.058823529411764705,0.0,0.0,0.0,0.058823529411764705,0.0,0.0,0.0,0.47058823529411764,0.0,0.0,0.0,0.058823529411764705,0.058823529411764705,0.058823529411764705,0.17647058823529413,0.0,0.058823529411764705,0.0
spkr60_29,0.6,0.2,0.6,0.0,0.0,0.0,0.0,0.0,0.06666666666666667,0.0,0.0,0.0,0.0,0.0,0.0,0.0,0.0,0.2,0.0,0.0,0.26666666666666666,0.0,0.2,0.06666666666666667,0.26666666666666666,0.0,0.06666666666666667,0.0
spkr60_30,0.6666666666666666,0.26666666666666666,0.6,0.0,0.0,0.0,0.0,0.0,0.06666666666666667,0.06666666666666667,0.0,0.0,0.0,0.0,0.0,0.0,0.0,0.8,0.0,0.0,0.0,0.0,0.0,0.0,0.0,0.0,0.06666666666666667,0.0
spkr60_31,0.5789473684210527,0.21052631578947367,0.3684210526315789,0.0,0.0,0.0,0.0,0.0,0.05263157894736842,0.0,0.0,0.2631578947368421,0.0,0.0,0.0,0.0,0.0,0.8421052631578947,0.0,0.0,0.0,0.0,0.0,0.0,0.0,0.0,0.0,0.0
spkr60_33,0.5714285714285714,0.09090909090909091,0.5454545454545454,0.0,0.0,0.0,0.0,0.0,0.09523809523809523,0.0,0.0,0.0,0.0,0.09090909090909091,0.0,0.0,0.0,0.45454545454545453,0.0,0.0,0.0,0.0,0.0,0.0,0.0,0.0,0.045454545454545456,0.09090909090909091
spkr60_34,0.4090909090909091,0.09090909090909091,0.45454545454545453,0.09090909090909091,0.0,0.09090909090909091,0.0,0.09090909090909091,0.18181818181818182,0.13636363636363635,0.09090909090909091,0.09090909090909091,0.09090909090909091,0.09090909090909091,0.0,0.13636363636363635,0.0,0.4090909090909091,0.22727272727272727,0.045454545454545456,0.22727272727272727,0.09090909090909091,0.045454545454545456,0.09090909090909091,0.18181818181818182,0.0,0.13636363636363635,0.09090909090909091
spkr60_35,0.6428571428571429,0.07142857142857142,0.42857142857142855,0.0,0.0,0.0,0.0,0.0,0.14285714285714285,0.0,0.0,0.0,0.0,0.0,0.0,0.0,0.0,0.5714285714285714,0.0,0.07142857142857142,0.0,0.0,0.0,0.0,0.0,0.0,0.0,0.0
spkr60_36,0.6666666666666666,0.0,0.35,0.0,0.0,0.0,0.0,0.0,0.16666666666666666,0.0,0.0,0.0,0.0,0.0,0.0,0.0,0.0,0.85,0.0,0.0,0.0,0.0,0.0,0.0,0.0,0.0,0.0,0.0
spkr60_37,0.7142857142857143,0.0,0.7333333333333333,0.0,0.0,0.0,0.0,0.0,0.0,0.0,0.0,0.0,0.0,0.0,0.0,0.0,0.0,0.9333333333333333,0.2,0.2,0.0,0.0,0.0,0.0,0.0,0.0,0.06666666666666667,0.0
spkr60_38,0.75,0.3333333333333333,0.4666666666666667,0.0,0.0,0.0,0.0,0.0,0.0625,0.0,0.13333333333333333,0.0,0.0,0.0,0.0,0.0,0.0,0.8,0.06666666666666667,0.06666666666666667,0.0,0.0,0.13333333333333333,0.0,0.0,0.0,0.0,0.0
spkr60_4,0.7857142857142857,0.15384615384615385,0.46153846153846156,0.0,0.0,0.0,0.0,0.0,0.0,0.0,0.0,0.0,0.0,0.0,0.0,0.0,0.0,0.8461538461538461,0.0,0.38461538461538464,0.38461538461538464,0.0,0.0,0.0,0.0,0.0,0.0,0.0
spkr60_40,0.35714285714285715,0.06666666666666667,0.5333333333333333,0.0,0.0,0.0,0.0,0.0,0.0,0.2,0.0,0.0,0.0,0.0,0.0,0.0,0.0,0.9333333333333333,0.0,0.0,0.0,0.0,0.0,0.0,0.13333333333333333,0.0,0.13333333333333333,0.0
spkr60_42,0.7272727272727273,0.5454545454545454,0.6363636363636364,0.36363636363636365,0.0,0.0,0.0,0.36363636363636365,0.18181818181818182,0.0,0.0,0.0,0.0,0.18181818181818182,0.0,0.0,0.36363636363636365,1.0,0.36363636363636365,0.5454545454545454,0.45454545454545453,0.0,0.5454545454545454,0.0,0.36363636363636365,0.0,0.09090909090909091,0.18181818181818182
spkr60_43,0.6923076923076923,0.15384615384615385,0.46153846153846156,0.0,0.0,0.0,0.23076923076923078,0.15384615384615385,0.07692307692307693,0.0,0.0,0.15384615384615385,0.0,0.0,0.0,0.3076923076923077,0.0,0.9230769230769231,0.23076923076923078,0.23076923076923078,0.6923076923076923,0.0,0.07692307692307693,0.0,0.23076923076923078,0.0,0.15384615384615385,0.15384615384615385
spkr60_44,0.5,0.25,0.375,0.0625,0.0625,0.0625,0.1875,0.0625,0.25,0.1875,0.0625,0.0625,0.0625,0.0625,0.0625,0.0625,0.0625,0.625,0.25,0.3125,0.1875,0.4375,0.1875,0.1875,0.375,0.0625,0.3125,0.1875
spkr60_45,0.9,0.8181818181818182,0.7272727272727273,0.09090909090909091,0.09090909090909091,0.09090909090909091,0.09090909090909091,0.0,0.6,0.0,0.09090909090909091,0.45454545454545453,0.09090909090909091,0.36363636363636365,0.0,0.0,0.09090909090909091,1.0,0.0,0.0,0.45454545454545453,0.2727272727272727,0.09090909090909091,0.18181818181818182,0.7272727272727273,0.0,0.45454545454545453,0.8181818181818182
spkr60_46,0.6666666666666666,0.13333333333333333,0.26666666666666666,0.0,0.0,0.0,0.0,0.0,0.0,0.0,0.0,0.0,0.0,0.0,0.0,0.0,0.0,0.26666666666666666,0.0,0.0,0.0,0.0,0.0,0.0,0.0,0.0,0.06666666666666667,0.0
spkr60_5,0.6,0.3333333333333333,0.4666666666666667,0.0,0.0,0.0,0.0,0.0,0.06666666666666667,0.0,0.06666666666666667,0.0,0.0,0.0,0.0,0.0,0.0,0.7333333333333333,0.0,0.0,0.13333333333333333,0.0,0.0,0.13333333333333333,0.06666666666666667,0.0,0.0,0.0
spkr60_50,0.5666666666666667,0.1935483870967742,0.45161290322580644,0.0,0.0,0.0,0.0,0.3225806451612903,0.16666666666666666,0.0,0.03225806451612903,0.0,0.0,0.0967741935483871,0.0,0.0,0.0,0.7741935483870968,0.12903225806451613,0.0,0.12903225806451613,0.0,0.12903225806451613,0.0,0.12903225806451613,0.12903225806451613,0.0,0.12903225806451613
spkr60_51,0.7142857142857143,0.35714285714285715,0.35714285714285715,0.07142857142857142,0.07142857142857142,0.0,0.0,0.2857142857142857,0.2857142857142857,0.07142857142857142,0.07142857142857142,0.07142857142857142,0.21428571428571427,0.2857142857142857,0.07142857142857142,0.07142857142857142,0.2857142857142857,0.5714285714285714,0.07142857142857142,0.07142857142857142,0.07142857142857142,0.2857142857142857,0.21428571428571427,0.07142857142857142,0.07142857142857142,0.14285714285714285,0.21428571428571427,0.07142857142857142
spkr60_52,0.7272727272727273,0.2727272727272727,0.5454545454545454,0.0,0.0,0.0,0.0,0.0,0.09090909090909091,0.09090909090909091,0.0,0.0,0.0,0.0,0.0,0.0,0.0,0.9090909090909091,0.0,0.0,0.0,0.09090909090909091,0.36363636363636365,0.0,0.18181818181818182,0.2727272727272727,0.09090909090909091,0.0
spkr60_53,0.5333333333333333,0.13333333333333333,0.5333333333333333,0.06666666666666667,0.13333333333333333,0.06666666666666667,0.13333333333333333,0.06666666666666667,0.06666666666666667,0.13333333333333333,0.06666666666666667,0.06666666666666667,0.06666666666666667,0.06666666666666667,0.0,0.06666666666666667,0.13333333333333333,0.6666666666666666,0.06666666666666667,0.06666666666666667,0.06666666666666667,0.06666666666666667,0.13333333333333333,0.06666666666666667,0.06666666666666667,0.06666666666666667,0.0,0.13333333333333333
spkr60_54,0.8333333333333334,0.42857142857142855,0.5714285714285714,0.14285714285714285,0.14285714285714285,0.14285714285714285,0.14285714285714285,0.14285714285714285,1.0,0.14285714285714285,0.14285714285714285,1.0,0.14285714285714285,0.14285714285714285,0.0,0.14285714285714285,0.14285714285714285,0.7142857142857143,0.0,0.42857142857142855,0.2857142857142857,0.42857142857142855,0.14285714285714285,0.42857142857142855,0.14285714285714285,0.0,0.2857142857142857,0.42857142857142855
spkr60_55,0.8,0.17647058823529413,0.5294117647058824,0.0,0.0,0.0,0.0,0.0,0.13333333333333333,0.0,0.0,0.0,0.0,0.0,0.0,0.0,0.0,0.23529411764705882,0.0,0.0,0.0,0.0,0.0,0.0,0.0,0.0,0.058823529411764705,0.0
spkr60_56,0.7,0.3,0.4,0.0,0.0,0.0,0.0,0.0,0.4,0.0,0.0,0.0,0.0,0.0,0.0,0.4,0.0,0.7,0.2,0.0,0.0,0.1,0.2,0.0,0.0,0.0,0.1,0.1
spkr60_57,0.6666666666666666,0.23529411764705882,0.5882352941176471,0.0,0.0,0.0,0.0,0.0,0.26666666666666666,0.058823529411764705,0.0,0.0,0.058823529411764705,0.0,0.0,0.0,0.0,0.35294117647058826,0.0,0.0,0.0,0.0,0.17647058823529413,0.058823529411764705,0.058823529411764705,0.0,0.11764705882352941,0.058823529411764705
spkr60_58,0.6666666666666666,0.09090909090909091,0.3181818181818182,0.0,0.0,0.0,0.0,0.0,0.19047619047619047,0.0,0.0,0.0,0.0,0.0,0.0,0.0,0.0,0.7727272727272727,0.0,0.0,0.0,0.0,0.09090909090909091,0.0,0.0,0.0,0.045454545454545456,0.0
spkr60_59,0.45454545454545453,0.36363636363636365,0.36363636363636365,0.0,0.0,0.0,0.0,0.0,0.09090909090909091,0.0,0.0,0.0,0.0,0.0,0.0,0.0,0.0,0.9090909090909091,0.0,0.0,0.0,0.18181818181818182,0.18181818181818182,0.09090909090909091,0.2727272727272727,0.0,0.2727272727272727,0.18181818181818182
spkr60_6,0.5,0.25,0.75,0.5,0.0,0.0,0.16666666666666666,0.0,0.16666666666666666,0.08333333333333333,0.16666666666666666,0.5833333333333334,0.0,0.25,0.5,0.0,0.0,1.0,0.5,0.5,0.0,0.0,0.4166666666666667,0.16666666666666666,0.25,0.3333333333333333,0.5833333333333334,0.25
spkr60_60,0.625,0.35294117647058826,0.6470588235294118,0.0,0.0,0.0,0.0,0.0,0.1875,0.23529411764705882,0.0,0.23529411764705882,0.0,0.0,0.0,0.0,0.0,0.8235294117647058,0.0,0.0,0.17647058823529413,0.23529411764705882,0.058823529411764705,0.0,0.0,0.0,0.0,0.0
spkr60_61,0.6666666666666666,0.05555555555555555,0.6111111111111112,0.05555555555555555,0.0,0.0,0.0,0.0,0.2777777777777778,0.05555555555555555,0.05555555555555555,0.05555555555555555,0.0,0.05555555555555555,0.0,0.0,0.0,0.3888888888888889,0.16666666666666666,0.16666666666666666,0.0,0.05555555555555555,0.05555555555555555,0.05555555555555555,0.05555555555555555,0.05555555555555555,0.05555555555555555,0.05555555555555555
spkr60_62,0.9,0.0,0.2727272727272727,0.0,0.0,0.0,0.0,0.0,0.2,0.0,0.0,0.09090909090909091,0.0,0.0,0.0,0.0,0.0,1.0,0.09090909090909091,0.18181818181818182,0.0,0.0,0.18181818181818182,0.18181818181818182,0.0,0.2727272727272727,0.36363636363636365,0.0
spkr60_63,0.5,0.2,0.8,0.0,0.0,0.0,0.0,0.3,0.1,0.0,0.0,0.0,0.0,0.0,0.0,0.0,0.3,0.6,0.3,0.3,0.0,0.3,0.0,0.0,0.3,0.0,0.0,0.0
spkr60_64,0.5294117647058824,0.11764705882352941,0.7058823529411765,0.0,0.0,0.0,0.0,0.0,0.11764705882352941,0.0,0.0,0.0,0.0,0.0,0.0,0.0,0.0,0.8235294117647058,0.0,0.0,0.0,0.0,0.0,0.0,0.0,0.0,0.23529411764705882,0.0
spkr60_65,0.4782608695652174,0.21739130434782608,0.6086956521739131,0.21739130434782608,0.0,0.0,0.0,0.0,0.17391304347826086,0.08695652173913043,0.391304347826087,0.0,0.0,0.13043478260869565,0.0,0.0,0.08695652173913043,0.9130434782608695,0.21739130434782608,0.21739130434782608,0.17391304347826086,0.17391304347826086,0.21739130434782608,0.0,0.21739130434782608,0.13043478260869565,0.21739130434782608,0.0
spkr60_66,0.6470588235294118,0.0,0.3888888888888889,0.0,0.0,0.0,0.0,0.0,0.0,0.3333333333333333,0.0,0.0,0.0,0.0,0.0,0.0,0.0,0.7777777777777778,0.1111111111111111,0.0,0.0,0.0,0.0,0.0,0.0,0.0,0.0,0.0
spkr60_67,0.5714285714285714,0.21428571428571427,0.5,0.0,0.0,0.0,0.0,0.0,0.35714285714285715,0.0,0.21428571428571427,0.0,0.0,0.07142857142857142,0.0,0.0,0.0,0.9285714285714286,0.5714285714285714,0.42857142857142855,0.14285714285714285,0.0,0.42857142857142855,0.0,0.2857142857142857,0.0,0.35714285714285715,0.0
spkr60_68,0.6666666666666666,0.23076923076923078,0.23076923076923078,0.07692307692307693,0.07692307692307693,0.07692307692307693,0.07692307692307693,0.07692307692307693,0.25,0.07692307692307693,0.07692307692307693,0.07692307692307693,0.07692307692307693,0.07692307692307693,0.07692307692307693,0.07692307692307693,0.07692307692307693,0.5384615384615384,0.07692307692307693,0.07692307692307693,0.07692307692307693,0.07692307692307693,0.23076923076923078,0.07692307692307693,0.07692307692307693,0.15384615384615385,0.15384615384615385,0.15384615384615385
spkr60_69,0.6111111111111112,0.3333333333333333,0.5,0.0,0.0,0.0,0.0,0.0,0.16666666666666666,0.0,0.0,0.05555555555555555,0.0,0.16666666666666666,0.0,0.0,0.0,0.5,0.3333333333333333,0.05555555555555555,0.0,0.1111111111111111,0.16666666666666666,0.05555555555555555,0.16666666666666666,0.0,0.05555555555555555,0.05555555555555555
spkr60_7,0.8,0.3125,0.625,0.0,0.0,0.0,0.0,0.0,0.06666666666666667,0.0,0.0,0.3125,0.0,0.0,0.0,0.0,0.0,0.75,0.1875,0.25,0.0,0.1875,0.3125,0.0,0.1875,0.0,0.1875,0.0
spkr60_70,0.625,0.125,0.3125,0.0625,0.0,0.0,0.0,0.0,0.1875,0.0,0.0,0.25,0.0,0.0,0.0,0.0,0.0,0.5,0.0,0.1875,0.0625,0.1875,0.0625,0.0,0.1875,0.0,0.1875,0.0
spkr60_71,0.6666666666666666,0.05263157894736842,0.3157894736842105,0.0,0.0,0.0,0.0,0.0,0.3333333333333333,0.0,0.0,0.0,0.0,0.0,0.0,0.0,0.0,0.8947368421052632,0.0,0.2631578947368421,0.0,0.0,0.21052631578947367,0.0,0.10526315789473684,0.0,0.0,0.0
spkr60_72,0.5789473684210527,0.3333333333333333,0.5,0.0,0.0,0.0,0.0,0.0,0.10526315789473684,0.0,0.0,0.0,0.0,0.0,0.0,0.0,0.0,0.6111111111111112,0.0,0.0,0.0,0.0,0.0,0.0,0.0,0.0,0.05555555555555555,0.0
spkr60_73,0.6363636363636364,0.2727272727272727,0.45454545454545453,0.0,0.0,0.0,0.0,0.0,0.18181818181818182,0.09090909090909091,0.0,0.0,0.0,0.0,0.0,0.0,0.0,0.5454545454545454,0.0,0.0,0.0,0.18181818181818182,0.0,0.09090909090909091,0.36363636363636365,0.2727272727272727,0.09090909090909091,0.0
spkr60_74,0.5,0.42857142857142855,0.6428571428571429,0.0,0.0,0.0,0.0,0.0,0.07142857142857142,0.0,0.07142857142857142,0.0,0.0,0.0,0.0,0.0,0.0,0.9285714285714286,0.0,0.5,0.07142857142857142,0.0,0.14285714285714285,0.0,0.0,0.0,0.35714285714285715,0.0
spkr60_75,0.7058823529411765,0.47058823529411764,0.5882352941176471,0.47058823529411764,0.0,0.0,0.0,0.4117647058823529,0.4117647058823529,0.29411764705882354,0.17647058823529413,0.0,0.0,0.5294117647058824,0.0,0.0,0.23529411764705882,1.0,0.0,0.11764705882352941,0.23529411764705882,0.4117647058823529,0.47058823529411764,0.29411764705882354,0.35294117647058826,0.4117647058823529,0.4117647058823529,0.35294117647058826
spkr60_8,0.875,0.3125,0.5625,0.0,0.0,0.0,0.0,0.0,0.4375,0.0625,0.0,0.0,0.0,0.0,0.75,0.0,0.0,1.0,0.0,0.0,0.125,0.3125,0.1875,0.0,0.375,0.125,0.4375,0.0
spkr60_9,0.42857142857142855,0.07142857142857142,0.5714285714285714,0.0,0.07142857142857142,0.0,0.0,0.0,0.0,0.0,0.07142857142857142,0.0,0.07142857142857142,0.07142857142857142,0.07142857142857142,0.0,0.0,0.5,0.14285714285714285,0.14285714285714285,0.0,0.0,0.0,0.0,0.0,0.0,0.0,0.0
spkr61_1,0.8,0.4,0.6,0.0,0.2,0.2,0.0,0.2,0.3,0.0,0.2,0.0,0.2,0.2,0.0,0.2,0.2,1.0,0.2,0.2,0.2,0.2,0.2,0.0,0.2,0.2,0.2,0.3
spkr61_10,0.4117647058823529,0.0,0.23529411764705882,0.0,0.0,0.0,0.0,0.0,0.0,0.0,0.058823529411764705,0.0,0.0,0.11764705882352941,0.0,0.0,0.0,0.7058823529411765,0.0,0.058823529411764705,0.0,0.0,0.0,0.0,0.0,0.0,0.0,0.0
spkr61_11,0.5714285714285714,0.6428571428571429,0.7142857142857143,0.35714285714285715,0.0,0.0,0.0,0.0,0.21428571428571427,0.14285714285714285,0.14285714285714285,0.0,0.0,0.5,0.0,0.0,0.0,0.5714285714285714,0.42857142857142855,0.35714285714285715,0.21428571428571427,0.21428571428571427,0.2857142857142857,0.07142857142857142,0.5714285714285714,0.42857142857142855,0.42857142857142855,0.14285714285714285
spkr61_12,0.9411764705882353,0.17647058823529413,0.7058823529411765,0.0,0.0,0.0,0.0,0.0,0.11764705882352941,0.0,0.0,0.0,0.0,0.0,0.0,0.0,0.0,1.0,0.058823529411764705,0.058823529411764705,0.11764705882352941,0.0,0.7058823529411765,0.0,0.23529411764705882,0.0,0.23529411764705882,0.0
spkr61_13,0.6875,0.8235294117647058,0.7058823529411765,0.23529411764705882,0.17647058823529413,0.23529411764705882,0.17647058823529413,0.4117647058823529,0.75,0.29411764705882354,0.29411764705882354,0.17647058823529413,0.17647058823529413,0.29411764705882354,0.0,0.0,0.35294117647058826,0.5882352941176471,0.35294117647058826,0.35294117647058826,0.4117647058823529,0.35294117647058826,0.4117647058823529,0.35294117647058826,0.6470588235294118,0.35294117647058826,0.4117647058823529,0.29411764705882354
spkr61_14,0.7647058823529411,0.5294117647058824,0.5294117647058824,0.29411764705882354,0.0,0.0,0.0,0.0,0.0,0.29411764705882354,0.0,0.0,0.0,0.0,0.0,0.0,0.0,0.5294117647058824,0.0,0.17647058823529413,0.11764705882352941,0.058823529411764705,0.35294117647058826,0.0,0.17647058823529413,0.17647058823529413,0.11764705882352941,0.0
spkr61_15,0.5294117647058824,0.5882352941176471,0.7058823529411765,0.11764705882352941,0.0,0.0,0.058823529411764705,0.11764705882352941,0.35294117647058826,0.058823529411764705,0.23529411764705882,0.23529411764705882,0.0,0.23529411764705882,0.0,0.0,0.0,1.0,0.4117647058823529,0.0,0.29411764705882354,0.0,0.4117647058823529,0.35294117647058826,0.35294117647058826,0.0,0.4117647058823529,0.35294117647058826
spkr61_18,0.6538461538461539,0.2692307692307692,0.4230769230769231,0.11538461538461539,0.0,0.15384615384615385,0.15384615384615385,0.15384615384615385,0.2692307692307692,0.19230769230769232,0.15384615384615385,0.11538461538461539,0.15384615384615385,0.11538461538461539,0.0,0.15384615384615385,0.15384615384615385,0.6923076923076923,0.11538461538461539,0.11538461538461539,0.23076923076923078,0.19230769230769232,0.2692307692307692,0.11538461538461539,0.23076923076923078,0.23076923076923078,0.15384615384615385,0.15384615384615385
spkr61_19,0.3870967741935484,0.25806451612903225,0.4838709677419355,0.0,0.0,0.0,0.0,0.03225806451612903,0.12903225806451613,0.03225806451612903,0.03225806451612903,0.0,0.0,0.12903225806451613,0.0,0.0,0.12903225806451613,0.9032258064516129,0.0,0.0,0.0,0.03225806451612903,0.0,0.06451612903225806,0.0967741935483871,0.0,0.03225806451612903,0.0
spkr61_2,0.7272727272727273,0.45454545454545453,0.5454545454545454,0.2727272727272727,0.0,0.0,0.0,0.0,0.36363636363636365,0.0,0.0,0.2727272727272727,0.0,0.0,0.0,0.0,0.0,1.0,0.0,0.0,0.2727272727272727,0.09090909090909091,0.2727272727272727,0.0,0.36363636363636365,0.0,0.36363636363636365,0.0
spkr61_20,0.75,0.23076923076923078,0.5384615384615384,0.0,0.0,0.0,0.0,0.0,0.125,0.0,0.0,0.0,0.0,0.0,0.0,0.0,0.0,0.23076923076923078,0.0,0.0,0.0,0.0,0.0,0.0,0.0,0.0,0.038461538461538464,0.0
spkr61_21,0.92,0.2962962962962963,0.4444444444444444,0.1111111111111111,0.0,0.0,0.0,0.07407407407407407,0.32,0.0,0.037037037037037035,0.07407407407407407,0.0,0.037037037037037035,0.0,0.0,0.0,0.7407407407407407,0.25925925925925924,0.037037037037037035,0.3333333333333333,0.0,0.25925925925925924,0.1111111111111111,0.2222222222222222,0.0,0.18518518518518517,0.07407407407407407
spkr61_22,0.6666666666666666,0.05555555555555555,0.3333333333333333,0.0,0.0,0.05555555555555555,0.0,0.0,0.16666666666666666,0.0,0.05555555555555555,0.05555555555555555,0.0,0.05555555555555555,0.0,0.05555555555555555,0.0,0.3888888888888889,0.0,0.1111111111111111,0.05555555555555555,0.0,0.1111111111111111,0.0,0.1111111111111111,0.0,0.0,0.0
spkr61_23,0.45,0.05,0.2,0.0,0.0,0.0,0.0,0.0,0.1,0.0,0.0,0.0,0.0,0.0,0.0,0.0,0.0,0.25,0.0,0.0,0.0,0.0,0.0,0.05,0.05,0.0,0.05,0.0
spkr61_24,0.5882352941176471,0.21052631578947367,0.3684210526315789,0.2631578947368421,0.15789473684210525,0.15789473684210525,0.21052631578947367,0.2631578947368421,0.35294117647058826,0.21052631578947367,0.2631578947368421,0.2631578947368421,0.15789473684210525,0.2631578947368421,0.21052631578947367,0.21052631578947367,0.3157894736842105,1.0,0.2631578947368421,0.2631578947368421,0.21052631578947367,0.10526315789473684,0.2631578947368421,0.10526315789473684,0.3157894736842105,0.05263157894736842,0.3157894736842105,0.2631578947368421
spkr61_26,0.9444444444444444,0.3157894736842105,0.3684210526315789,0.10526315789473684,0.0,0.15789473684210525,0.2631578947368421,0.10526315789473684,0.2777777777777778,0.10526315789473684,0.0,0.0,0.0,0.05263157894736842,0.0,0.0,0.0,0.631578947368421,0.10526315789473684,0.10526315789473684,0.15789473684210525,0.10526315789473684,0.21052631578947367,0.2631578947368421,0.2631578947368421,0.10526315789473684,0.10526315789473684,0.0
spkr61_28,0.8666666666666667,0.0,0.5294117647058824,0.0,0.0,0.17647058823529413,0.17647058823529413,0.0,0.06666666666666667,0.11764705882352941,0.17647058823529413,0.0,0.0,0.17647058823529413,0.0,0.0,0.17647058823529413,0.47058823529411764,0.0,0.058823529411764705,0.17647058823529413,0.058823529411764705,0.29411764705882354,0.11764705882352941,0.4117647058823529,0.058823529411764705,0.17647058823529413,0.0
spkr61_29,0.8,0.8666666666666667,0.7333333333333333,0.0,0.0,0.0,0.0,0.0,0.13333333333333333,0.0,0.0,0.06666666666666667,0.0,0.0,0.0,0.0,0.06666666666666667,0.5333333333333333,0.0,0.0,0.13333333333333333,0.0,0.06666666666666667,0.0,0.13333333333333333,0.0,0.13333333333333333,0.0
spkr61_30,0.6,0.2,0.6,0.0,0.0,0.06666666666666667,0.2,0.0,0.06666666666666667,0.06666666666666667,0.0,0.0,0.0,0.0,0.0,0.0,0.0,0.8666666666666667,0.0,0.0,0.0,0.0,0.06666666666666667,0.06666666666666667,0.4666666666666667,0.0,0.2,0.0
spkr61_31,0.7894736842105263,0.15789473684210525,0.3684210526315789,0.10526315789473684,0.0,0.0,0.0,0.0,0.15789473684210525,0.0,0.10526315789473684,0.0,0.0,0.05263157894736842,0.0,0.0,0.0,0.7368421052631579,0.0,0.21052631578947367,0.15789473684210525,0.10526315789473684,0.0,0.15789473684210525,0.10526315789473684,0.05263157894736842,0.0,0.0
spkr61_33,0.6666666666666666,0.13636363636363635,0.45454545454545453,0.0,0.0,0.0,0.09090909090909091,0.09090909090909091,0.42857142857142855,0.09090909090909091,0.18181818181818182,0.0,0.0,0.13636363636363635,0.09090909090909091,0.0,0.0,0.9090909090909091,0.0,0.0,0.2727272727272727,0.0,0.18181818181818182,0.0,0.13636363636363635,0.09090909090909091,0.2727272727272727,0.09090909090909091
spkr61_34,0.5454545454545454,0.5454545454545454,0.45454545454545453,0.045454545454545456,0.09090909090909091,0.045454545454545456,0.36363636363636365,0.22727272727272727,0.5909090909090909,0.2727272727272727,0.13636363636363635,0.22727272727272727,0.36363636363636365,0.13636363636363635,0.045454545454545456,0.045454545454545456,0.045454545454545456,1.0,0.045454545454545456,0.3181818181818182,0.3181818181818182,0.4090909090909091,0.3181818181818182,0.22727272727272727,0.2727272727272727,0.13636363636363635,0.2727272727272727,0.18181818181818182
spkr61_35,0.6428571428571429,0.14285714285714285,0.8571428571428571,0.2857142857142857,0.21428571428571427,0.14285714285714285,0.2857142857142857,0.14285714285714285,0.2857142857142857,0.21428571428571427,0.14285714285714285,0.35714285714285715,0.21428571428571427,0.14285714285714285,0.07142857142857142,0.0,0.21428571428571427,0.14285714285714285,0.2857142857142857,0.42857142857142855,0.2857142857142857,0.14285714285714285,0.2857142857142857,0.21428571428571427,0.21428571428571427,0.2857142857142857,0.14285714285714285,0.07142857142857142
spkr61_36,0.7222222222222222,0.0,0.35,0.0,0.0,0.0,0.0,0.0,0.2777777777777778,0.25,0.05,0.25,0.0,0.05,0.0,0.0,0.0,0.85,0.0,0.15,0.3,0.0,0.3,0.0,0.15,0.05,0.0,0.0
spkr61_37,0.7142857142857143,0.2,0.4666666666666667,0.0,0.0,0.0,0.0,0.0,0.0,0.0,0.0,0.0,0.0,0.06666666666666667,0.0,0.0,0.0,0.9333333333333333,0.0,0.0,0.0,0.0,0.0,0.0,0.06666666666666667,0.0,0.13333333333333333,0.0
spkr61_38,1.0,0.4,0.4666666666666667,0.2,0.0,0.0,0.0,0.0,0.125,0.0,0.06666666666666667,0.0,0.0,0.2,0.0,0.0,0.0,1.0,0.0,0.2,0.0,0.0,0.13333333333333333,0.2,0.2,0.0,0.0,0.13333333333333333
spkr61_4,0.7142857142857143,0.23076923076923078,0.23076923076923078,0.0,0.0,0.0,0.0,0.0,0.21428571428571427,0.0,0.0,0.0,0.0,0.0,0.0,0.0,0.0,1.0,0.0,0.23076923076923078,0.38461538461538464,0.0,0.23076923076923078,0.0,0.0,0.0,0.0,0.0
spkr61_40,0.5714285714285714,0.06666666666666667,0.26666666666666666,0.0,0.0,0.0,0.0,0.0,0.0,0.0,0.0,0.0,0.0,0.0,0.0,0.0,0.0,0.6666666666666666,0.0,0.0,0.0,0.0,0.3333333333333333,0.0,0.0,0.0,0.0,0.0
spkr61_42,0.6363636363636364,0.8181818181818182,0.9090909090909091,0.45454545454545453,0.2727272727272727,0.0,0.18181818181818182,0.2727272727272727,0.5454545454545454,0.6363636363636364,0.18181818181818182,0.36363636363636365,0.36363636363636365,0.2727272727272727,0.0,0.0,0.36363636363636365,1.0,0.7272727272727273,0.45454545454545453,0.6363636363636364,0.45454545454545453,1.0,0.5454545454545454,0.6363636363636364,0.36363636363636365,0.8181818181818182,0.5454545454545454
spkr61_43,0.6923076923076923,0.5384615384615384,0.6153846153846154,0.23076923076923078,0.0,0.0,0.0,0.38461538461538464,0.3076923076923077,0.15384615384615385,0.3076923076923077,0.23076923076923078,0.0,0.23076923076923078,0.0,0.3076923076923077,0.0,0.7692307692307693,0.3076923076923077,0.0,0.23076923076923078,0.15384615384615385,0.23076923076923078,0.23076923076923078,0.3076923076923077,0.3076923076923077,0.15384615384615385,0.3076923076923077
spkr61_44,0.8125,0.3125,0.25,0.1875,0.0625,0.0625,0.0625,0.0625,0.375,0.0625,0.1875,0.0625,0.0625,0.25,0.0625,0.0625,0.0625,0.75,0.0625,0.0625,0.125,0.0625,0.1875,0.125,0.1875,0.0625,0.0625,0.1875
spkr61_45,0.8,0.09090909090909091,0.8181818181818182,0.0,0.0,0.0,0.09090909090909091,0.0,0.5,0.0,0.0,0.0,0.0,0.18181818181818182,0.0,0.0,0.0,1.0,0.2727272727272727,0.0,0.2727272727272727,0.18181818181818182,0.36363636363636365,0.0,0.18181818181818182,0.09090909090909091,0.45454545454545453,0.09090909090909091
spkr61_46,0.6666666666666666,0.2,0.26666666666666666,0.0,0.0,0.0,0.0,0.0,0.06666666666666667,0.0,0.0,0.0,0.0,0.0,0.0,0.0,0.0,0.3333333333333333,0.0,0.0,0.0,0.0,0.0,0.0,0.0,0.0,0.06666666666666667,0.0
spkr61_5,0.6666666666666666,0.2,0.26666666666666666,0.13333333333333333,0.13333333333333333,0.06666666666666667,0.0,0.13333333333333333,0.4,0.13333333333333333,0.2,0.3333333333333333,0.0,0.06666666666666667,0.0,0.13333333333333333,0.2,0.5333333333333333,0.06666666666666667,0.06666666666666667,0.3333333333333333,0.0,0.4,0.13333333333333333,0.26666666666666666,0.13333333333333333,0.2,0.13333333333333333
spkr61_50,0.7333333333333333,0.22580645161290322,0.5806451612903226,0.0,0.0,0.0,0.0,0.0,0.2,0.03225806451612903,0.0,0.0,0.0,0.0,0.0,0.0,0.0,0.6129032258064516,0.0,0.0,0.2903225806451613,0.06451612903225806,0.0,0.0,0.03225806451612903,0.0,0.03225806451612903,0.06451612903225806
spkr61_51,0.6428571428571429,0.21428571428571427,0.2857142857142857,0.0,0.0,0.0,0.07142857142857142,0.07142857142857142,0.35714285714285715,0.0,0.0,0.07142857142857142,0.0,0.0,0.0,0.0,0.0,0.0,0.0,0.0,0.0,0.14285714285714285,0.14285714285714285,0.14285714285714285,0.14285714285714285,0.07142857142857142,0.14285714285714285,0.14285714285714285
spkr61_52,0.45454545454545453,0.18181818181818182,0.5454545454545454,0.0,0.0,0.0,0.0,0.0,0.09090909090909091,0.2727272727272727,0.0,0.0,0.0,0.0,0.0,0.0,0.0,1.0,0.0,0.0,0.0,0.09090909090909091,0.2727272727272727,0.0,0.0,0.0,0.2727272727272727,0.0
spkr61_53,0.5333333333333333,0.4666666666666667,0.3333333333333333,0.5333333333333333,0.0,0.13333333333333333,0.2,0.4,0.6666666666666666,0.4666666666666667,0.4,0.6,0.4,0.6,0.06666666666666667,1.0,0.4666666666666667,0.8,0.06666666666666667,0.4666666666666667,0.4666666666666667,0.4,0.3333333333333333,0.4,0.3333333333333333,0.4666666666666667,0.4,0.3333333333333333
spkr61_54,1.0,0.8571428571428571,0.7142857142857143,0.14285714285714285,0.42857142857142855,0.14285714285714285,0.42857142857142855,0.42857142857142855,1.0,0.5714285714285714,0.7142857142857143,0.42857142857142855,0.42857142857142855,0.2857142857142857,0.42857142857142855,0.14285714285714285,0.42857142857142855,1.0,0.14285714285714285,0.2857142857142857,0.2857142857142857,0.42857142857142855,0.8571428571428571,0.42857142857142855,0.42857142857142855,0.42857142857142855,0.42857142857142855,0.7142857142857143
spkr61_55,0.7333333333333333,0.5882352941176471,0.7058823529411765,0.058823529411764705,0.0,0.0,0.47058823529411764,0.0,0.6,0.4117647058823529,0.35294117647058826,0.17647058823529413,0.0,0.4117647058823529,0.058823529411764705,0.4117647058823529,0.7058823529411765,1.0,0.5294117647058824,0.4117647058823529,0.4117647058823529,0.4117647058823529,0.23529411764705882,0.23529411764705882,0.35294117647058826,0.47058823529411764,0.35294117647058826,0.23529411764705882
spkr61_56,1.0,0.3,0.4,0.2,0.0,0.2,0.1,0.2,0.4,0.1,0.2,0.0,0.1,0.0,0.0,0.3,0.2,1.0,1.0,0.3,0.0,0.0,0.3,0.0,0.0,0.0,0.2,0.1
spkr61_57,0.6,0.29411764705882354,0.6470588235294118,0.17647058823529413,0.23529411764705882,0.0,0.17647058823529413,0.17647058823529413,0.4666666666666667,0.23529411764705882,0.0,0.17647058823529413,0.11764705882352941,0.11764705882352941,0.17647058823529413,0.23529411764705882,0.17647058823529413,0.23529411764705882,0.17647058823529413,0.17647058823529413,0.23529411764705882,0.11764705882352941,0.23529411764705882,0.17647058823529413,0.11764705882352941,0.17647058823529413,0.23529411764705882,0.17647058823529413
spkr61_58,0.9047619047619048,0.3181818181818182,0.45454545454545453,0.0,0.0,0.0,0.0,0.0,0.3333333333333333,0.0,0.0,0.0,0.0,0.0,0.0,0.0,0.0,0.9090909090909091,0.0,0.0,0.0,0.09090909090909091,0.5,0.09090909090909091,0.09090909090909091,0.13636363636363635,0.13636363636363635,0.09090909090909091
spkr61_59,0.9090909090909091,0.0,0.5454545454545454,0.0,0.0,0.0,0.0,0.0,0.09090909090909091,0.0,0.0,0.0,0.0,0.0,0.0,0.0,0.0,1.0,0.0,0.0,0.0,0.18181818181818182,0.36363636363636365,0.09090909090909091,0.2727272727272727,0.0,0.18181818181818182,0.0
spkr61_6,0.75,0.5,0.75,0.5,0.3333333333333333,0.0,0.3333333333333333,0.25,0.25,0.25,0.4166666666666667,0.5,0.5,0.5833333333333334,0.0,0.0,0.5833333333333334,1.0,0.4166666666666667,0.5833333333333334,0.5833333333333334,0.25,0.5,0.5833333333333334,0.5,0.3333333333333333,0.5,0.5833333333333334
spkr61_60,0.75,0.5294117647058824,0.6470588235294118,0.058823529411764705,0.0,0.0,0.0,0.058823529411764705,0.125,0.0,0.058823529411764705,0.11764705882352941,0.0,0.058823529411764705,0.0,0.0,0.0,0.8235294117647058,0.11764705882352941,0.11764705882352941,0.47058823529411764,0.0,0.058823529411764705,0.0,0.058823529411764705,0.0,0.0,0.0
spkr61_61,0.5555555555555556,0.05555555555555555,0.6111111111111112,0.0,0.0,0.0,0.0,0.0,0.1111111111111111,0.0,0.0,0.0,0.0,0.0,0.0,0.0,0.0,1.0,0.1111111111111111,0.0,0.0,0.0,0.0,0.0,0.0,0.0,0.1111111111111111,0.05555555555555555
spkr61_62,0.7,0.0,0.2727272727272727,0.0,0.0,0.0,0.0,0.0,0.3,0.0,0.0,0.0,0.0,0.0,0.0,0.09090909090909091,0.0,0.9090909090909091,0.0,0.0,0.0,0.18181818181818182,0.0,0.0,0.0,0.0,0.0,0.0
spkr61_63,0.8,0.0,0.6,0.0,0.0,0.0,0.0,0.0,0.1,0.0,0.0,0.0,0.0,0.0,0.0,0.0,0.0,1.0,0.0,0.0,0.0,0.0,0.0,0.0,0.5,0.0,0.0,0.0
spkr61_64,0.6470588235294118,0.35294117647058826,0.6470588235294118,0.0,0.0,0.0,0.0,0.0,0.17647058823529413,0.17647058823529413,0.0,0.0,0.0,0.23529411764705882,0.0,0.0,0.0,0.9411764705882353,0.0,0.17647058823529413,0.23529411764705882,0.0,0.058823529411764705,0.058823529411764705,0.17647058823529413,0.0,0.17647058823529413,0.17647058823529413
spkr61_65,0.8260869565217391,0.5652173913043478,0.7391304347826086,0.34782608695652173,0.043478260869565216,0.043478260869565216,0.043478260869565216,0.043478260869565216,0.7391304347826086,0.43478260869565216,0.17391304347826086,0.2608695652173913,0.043478260869565216,0.17391304347826086,0.043478260869565216,0.0,0.043478260869565216,0.9130434782608695,0.6956521739130435,0.782608695652174,0.6521739130434783,0.34782608695652173,0.4782608695652174,0.2608695652173913,0.43478260869565216,0.21739130434782608,0.34782608695652173,0.2608695652173913
spkr61_66,0.5294117647058824,0.0,0.1111111111111111,0.0,0.0,0.0,0.0,0.0,0.058823529411764705,0.0,0.0,0.0,0.0,0.0,0.0,0.0,0.0,0.6666666666666666,0.0,0.0,0.16666666666666666,0.0,0.0,0.0,0.0,0.0,0.0,0.0
spkr61_67,0.5,0.0,0.35714285714285715,0.0,0.0,0.0,0.0,0.0,0.07142857142857142,0.0,0.0,0.0,0.0,0.07142857142857142,0.0,0.0,0.0,0.8571428571428571,0.0,0.0,0.0,0.0,0.0,0.0,0.0,0.0,0.0,0.0
spkr61_68,0.6666666666666666,0.5384615384615384,0.6153846153846154,0.38461538461538464,0.07692307692307693,0.07692307692307693,0.38461538461538464,0.38461538461538464,0.4166666666666667,0.38461538461538464,0.3076923076923077,0.38461538461538464,0.38461538461538464,0.38461538461538464,0.38461538461538464,0.07692307692307693,0.38461538461538464,0.46153846153846156,0.38461538461538464,0.38461538461538464,0.38461538461538464,0.38461538461538464,0.46153846153846156,0.38461538461538464,0.38461538461538464,0.38461538461538464,0.3076923076923077,0.5384615384615384
spkr61_69,0.6111111111111112,0.16666666666666666,0.5555555555555556,0.0,0.0,0.0,0.0,0.0,0.16666666666666666,0.0,0.0,0.0,0.0,0.2777777777777778,0.0,0.0,0.0,0.7777777777777778,0.0,0.0,0.0,0.0,0.0,0.16666666666666666,0.16666666666666666,0.0,0.2222222222222222,0.16666666666666666
spkr61_7,0.7333333333333333,0.3125,0.625,0.0,0.1875,0.1875,0.1875,0.1875,0.2,0.1875,0.1875,0.1875,0.1875,0.1875,0.1875,0.25,0.1875,0.9375,0.1875,0.0,0.125,0.125,0.1875,0.125,0.3125,0.1875,0.1875,0.0625
spkr61_70,0.5625,0.1875,0.3125,0.0,0.0,0.0,0.0,0.0625,0.375,0.25,0.0,0.0,0.0,0.0,0.0,0.0,0.0,0.75,0.0,0.0,0.0625,0.0,0.5,0.0625,0.4375,0.1875,0.25,0.0
spkr61_71,0.7222222222222222,0.15789473684210525,0.47368421052631576,0.10526315789473684,0.0,0.0,0.15789473684210525,0.21052631578947367,0.4444444444444444,0.15789473684210525,0.15789473684210525,0.10526315789473684,0.0,0.10526315789473684,0.0,0.0,0.10526315789473684,1.0,0.21052631578947367,0.21052631578947367,0.15789473684210525,0.0,0.0,0.10526315789473684,0.05263157894736842,0.0,0.15789473684210525,0.0
spkr61_72,0.7894736842105263,0.5555555555555556,0.4444444444444444,0.0,0.0,0.0,0.0,0.0,0.21052631578947367,0.2222222222222222,0.2222222222222222,0.0,0.0,0.0,0.0,0.0,0.0,0.8333333333333334,0.5555555555555556,0.0,0.0,0.2222222222222222,0.16666666666666666,0.1111111111111111,0.2222222222222222,0.1111111111111111,0.1111111111111111,0.2222222222222222
spkr61_73,0.7272727272727273,0.2727272727272727,0.5454545454545454,0.0,0.0,0.0,0.0,0.09090909090909091,0.36363636363636365,0.09090909090909091,0.0,0.0,0.0,0.0,0.0,0.0,0.0,0.2727272727272727,0.0,0.0,0.0,0.18181818181818182,0.0,0.09090909090909091,0.36363636363636365,0.18181818181818182,0.18181818181818182,0.0
spkr61_74,0.7142857142857143,0.35714285714285715,0.6428571428571429,0.0,0.0,0.0,0.0,0.0,0.14285714285714285,0.0,0.0,0.0,0.0,0.0,0.0,0.0,0.0,0.8571428571428571,0.0,0.0,0.2857142857142857,0.0,0.35714285714285715,0.0,0.14285714285714285,0.0,0.42857142857142855,0.0
spkr61_75,0.9411764705882353,0.35294117647058826,0.5882352941176471,0.0,0.0,0.0,0.0,0.0,0.6470588235294118,0.29411764705882354,0.17647058823529413,0.0,0.0,0.23529411764705882,0.0,0.0,0.0,0.5294117647058824,0.058823529411764705,0.058823529411764705,0.11764705882352941,0.4117647058823529,0.5882352941176471,0.11764705882352941,0.47058823529411764,0.47058823529411764,0.6470588235294118,0.17647058823529413
spkr61_8,0.625,0.4375,0.625,0.0,0.0,0.0,0.0,0.125,0.4375,0.5,0.0,0.0,0.0,0.1875,0.0,0.0,0.125,0.75,0.0,0.125,0.25,0.4375,0.5625,0.0625,0.4375,0.4375,0.25,0.1875
spkr61_9,0.8571428571428571,0.42857142857142855,0.6428571428571429,0.35714285714285715,0.2857142857142857,0.2857142857142857,0.2857142857142857,0.35714285714285715,0.21428571428571427,0.14285714285714285,0.2857142857142857,0.2857142857142857,0.35714285714285715,0.35714285714285715,1.0,0.35714285714285715,0.35714285714285715,0.6428571428571429,0.21428571428571427,0.35714285714285715,0.2857142857142857,0.07142857142857142,0.21428571428571427,0.2857142857142857,0.35714285714285715,0.35714285714285715,0.21428571428571427,0.21428571428571427
spkr62_1,1.0,0.1,0.9,0.0,0.0,0.0,0.0,0.0,0.1,0.0,0.0,0.0,0.0,0.0,0.0,0.0,0.0,1.0,0.0,0.0,0.0,0.0,0.2,0.0,0.0,0.0,0.0,0.0
spkr62_10,0.29411764705882354,0.0,0.47058823529411764,0.0,0.0,0.0,0.0,0.0,0.0,0.0,0.058823529411764705,0.0,0.0,0.058823529411764705,0.0,0.0,0.0,0.5882352941176471,0.0,0.0,0.0,0.0,0.0,0.0,0.0,0.0,0.0,0.0
spkr62_11,0.7857142857142857,0.5714285714285714,0.6428571428571429,0.0,0.0,0.0,0.0,0.0,0.35714285714285715,0.07142857142857142,0.07142857142857142,0.0,0.0,0.07142857142857142,0.0,0.0,0.0,1.0,0.0,0.42857142857142855,0.21428571428571427,0.14285714285714285,0.07142857142857142,0.07142857142857142,0.35714285714285715,0.07142857142857142,0.14285714285714285,0.07142857142857142
spkr62_12,0.7058823529411765,0.058823529411764705,0.5294117647058824,0.058823529411764705,0.0,0.0,0.0,0.0,0.0,0.0,0.0,0.0,0.0,0.0,0.0,0.0,0.0,0.23529411764705882,0.0,0.058823529411764705,0.0,0.0,0.0,0.0,0.0,0.0,0.058823529411764705,0.0
spkr62_13,1.0,0.11764705882352941,0.7647058823529411,0.0,0.0,0.0,0.0,0.0,0.625,0.0,0.0,0.0,0.0,0.0,0.0,0.0,0.0,0.8235294117647058,0.058823529411764705,0.0,0.0,0.0,0.058823529411764705,0.0,0.0,0.0,0.11764705882352941,0.11764705882352941
spkr62_14,0.6470588235294118,0.4117647058823529,0.6470588235294118,0.0,0.23529411764705882,0.0,0.11764705882352941,0.23529411764705882,0.47058823529411764,0.23529411764705882,0.29411764705882354,0.23529411764705882,0.0,0.11764705882352941,0.0,0.0,0.0,0.4117647058823529,0.23529411764705882,0.0,0.35294117647058826,0.35294117647058826,0.23529411764705882,0.058823529411764705,0.17647058823529413,0.17647058823529413,0.23529411764705882,0.29411764705882354
spkr62_15,0.7647058823529411,0.23529411764705882,0.5882352941176471,0.17647058823529413,0.0,0.0,0.0,0.058823529411764705,0.11764705882352941,0.0,0.0,0.17647058823529413,0.0,0.0,0.0,0.0,0.0,0.8235294117647058,0.23529411764705882,0.0,0.0,0.0,0.058823529411764705,0.0,0.0,0.058823529411764705,0.23529411764705882,0.11764705882352941
spkr62_18,0.5384615384615384,0.15384615384615385,0.5384615384615384,0.0,0.0,0.0,0.0,0.0,0.07692307692307693,0.0,0.0,0.0,0.0,0.0,0.0,0.0,0.0,0.11538461538461539,0.0,0.0,0.0,0.0,0.0,0.0,0.0,0.0,0.0,0.0
spkr62_19,0.25806451612903225,0.0,0.2903225806451613,0.0,0.0,0.0,0.0,0.0,0.0,0.0,0.0,0.0,0.0,0.0,0.0,0.0,0.0,0.2903225806451613,0.0,0.0,0.0,0.0,0.0,0.0,0.0,0.0,0.0,0.0
spkr62_2,0.9090909090909091,0.0,0.2727272727272727,0.0,0.0,0.0,0.0,0.0,0.09090909090909091,0.0,0.0,0.0,0.0,0.0,0.0,0.0,0.0,1.0,0.0,0.0,0.18181818181818182,0.0,0.0,0.0,0.0,0.0,0.18181818181818182,0.0
spkr62_20,0.7083333333333334,0.11538461538461539,0.46153846153846156,0.0,0.0,0.0,0.0,0.0,0.20833333333333334,0.0,0.0,0.0,0.0,0.0,0.0,0.0,0.0,0.34615384615384615,0.0,0.0,0.0,0.0,0.11538461538461539,0.0,0.11538461538461539,0.0,0.11538461538461539,0.0
spkr62_21,0.4,0.037037037037037035,0.3333333333333333,0.0,0.0,0.0,0.0,0.0,0.08,0.0,0.037037037037037035,0.0,0.0,0.0,0.0,0.037037037037037035,0.0,0.14814814814814814,0.0,0.0,0.0,0.0,0.0,0.0,0.0,0.0,0.07407407407407407,0.0
spkr62_22,0.6111111111111112,0.0,0.3333333333333333,0.0,0.0,0.0,0.0,0.0,0.0,0.0,0.0,0.0,0.0,0.0,0.0,0.0,0.0,0.6666666666666666,0.0,0.0,0.0,0.0,0.0,0.0,0.0,0.0,0.0,0.0
spkr62_23,0.4,0.05,0.4,0.0,0.0,0.0,0.0,0.0,0.1,0.0,0.0,0.0,0.0,0.0,0.0,0.0,0.0,0.0,0.0,0.0,0.0,0.0,0.1,0.1,0.1,0.0,0.0,0.05
spkr62_24,0.5882352941176471,0.42105263157894735,0.47368421052631576,0.0,0.0,0.0,0.0,0.0,0.23529411764705882,0.0,0.0,0.0,0.0,0.0,0.0,0.0,0.0,0.631578947368421,0.0,0.0,0.0,0.0,0.0,0.0,0.21052631578947367,0.0,0.10526315789473684,0.0
spkr62_26,0.7222222222222222,0.2631578947368421,0.5263157894736842,0.10526315789473684,0.0,0.0,0.0,0.0,0.5555555555555556,0.0,0.0,0.0,0.0,0.0,0.0,0.0,0.0,0.21052631578947367,0.0,0.0,0.0,0.0,0.47368421052631576,0.0,0.15789473684210525,0.0,0.21052631578947367,0.0
spkr62_28,0.6,0.17647058823529413,0.29411764705882354,0.0,0.0,0.0,0.0,0.0,0.06666666666666667,0.0,0.058823529411764705,0.0,0.0,0.11764705882352941,0.0,0.0,0.0,0.23529411764705882,0.0,0.0,0.29411764705882354,0.11764705882352941,0.17647058823529413,0.0,0.058823529411764705,0.058823529411764705,0.17647058823529413,0.0
spkr62_29,0.6666666666666666,0.0,0.4666666666666667,0.0,0.0,0.0,0.0,0.0,0.0,0.0,0.0,0.0,0.0,0.0,0.0,0.0,0.0,0.6,0.0,0.0,0.06666666666666667,0.0,0.0,0.0,0.0,0.0,0.0,0.0
spkr62_30,0.4666666666666667,0.2,0.5333333333333333,0.0,0.0,0.0,0.0,0.0,0.06666666666666667,0.0,0.0,0.0,0.0,0.0,0.0,0.0,0.0,0.3333333333333333,0.0,0.0,0.0,0.0,0.13333333333333333,0.0,0.0,0.0,0.06666666666666667,0.0
spkr62_31,0.5789473684210527,0.05263157894736842,0.2631578947368421,0.0,0.0,0.0,0.0,0.0,0.0,0.0,0.0,0.0,0.0,0.0,0.0,0.0,0.0,0.2631578947368421,0.0,0.0,0.0,0.0,0.0,0.0,0.0,0.0,0.0,0.0
spkr62_33,0.6190476190476191,0.36363636363636365,0.36363636363636365,0.0,0.0,0.09090909090909091,0.045454545454545456,0.0,0.23809523809523808,0.09090909090909091,0.09090909090909091,0.045454545454545456,0.09090909090909091,0.09090909090909091,0.09090909090909091,0.09090909090909091,0.0,0.5909090909090909,0.0,0.0,0.0,0.09090909090909091,0.045454545454545456,0.09090909090909091,0.09090909090909091,0.045454545454545456,0.045454545454545456,0.045454545454545456
spkr62_34,0.4090909090909091,0.22727272727272727,0.5,0.09090909090909091,0.0,0.09090909090909091,0.09090909090909091,0.09090909090909091,0.4090909090909091,0.09090909090909091,0.09090909090909091,0.09090909090909091,0.09090909090909091,0.09090909090909091,0.0,0.09090909090909091,0.09090909090909091,0.6818181818181818,0.09090909090909091,0.045454545454545456,0.0,0.09090909090909091,0.0,0.09090909090909091,0.13636363636363635,0.13636363636363635,0.13636363636363635,0.09090909090909091
spkr62_35,0.8571428571428571,0.0,0.5,0.0,0.0,0.0,0.0,0.0,0.0,0.0,0.0,0.0,0.0,0.0,0.0,0.0,0.0,0.14285714285714285,0.0,0.0,0.0,0.0,0.0,0.0,0.0,0.0,0.0,0.0
spkr62_36,0.7222222222222222,0.0,0.35,0.0,0.0,0.0,0.0,0.0,0.16666666666666666,0.0,0.0,0.0,0.0,0.0,0.0,0.0,0.0,0.7,0.0,0.0,0.0,0.0,0.0,0.0,0.0,0.0,0.0,0.0
spkr62_37,0.6428571428571429,0.0,0.5333333333333333,0.0,0.0,0.0,0.0,0.0,0.0,0.0,0.0,0.0,0.0,0.0,0.0,0.0,0.0,0.9333333333333333,0.0,0.0,0.0,0.0,0.0,0.0,0.0,0.0,0.0,0.0
spkr62_38,0.5,0.13333333333333333,0.4666666666666667,0.0,0.0,0.0,0.0,0.0,0.125,0.0,0.0,0.0,0.0,0.0,0.0,0.0,0.0,0.0,0.0,0.06666666666666667,0.0,0.0,0.13333333333333333,0.0,0.13333333333333333,0.0,0.13333333333333333,0.0
spkr62_4,0.7857142857142857,0.07692307692307693,0.6153846153846154,0.07692307692307693,0.07692307692307693,0.07692307692307693,0.07692307692307693,0.07692307692307693,0.14285714285714285,0.07692307692307693,0.07692307692307693,0.07692307692307693,0.07692307692307693,0.07692307692307693,0.07692307692307693,0.07692307692307693,0.07692307692307693,0.7692307692307693,0.07692307692307693,0.07692307692307693,0.07692307692307693,0.07692307692307693,0.07692307692307693,0.07692307692307693,0.07692307692307693,0.07692307692307693,0.07692307692307693,0.07692307692307693
spkr62_40,0.42857142857142855,0.0,0.6,0.0,0.0,0.0,0.0,0.0,0.0,0.0,0.0,0.0,0.0,0.0,0.0,0.0,0.0,0.5333333333333333,0.0,0.0,0.0,0.0,0.26666666666666666,0.0,0.0,0.0,0.2,0.0
spkr62_42,0.9090909090909091,0.7272727272727273,0.6363636363636364,0.36363636363636365,0.0,0.0,0.09090909090909091,0.0,0.5454545454545454,0.2727272727272727,0.09090909090909091,0.0,0.0,0.09090909090909091,0.0,0.0,0.18181818181818182,0.7272727272727273,0.36363636363636365,0.5454545454545454,0.6363636363636364,0.18181818181818182,0.0,0.45454545454545453,0.09090909090909091,0.0,0.36363636363636365,0.18181818181818182
spkr62_43,0.6153846153846154,0.0,0.3076923076923077,0.0,0.0,0.0,0.0,0.0,0.15384615384615385,0.0,0.0,0.0,0.0,0.0,0.0,0.0,0.0,0.6923076923076923,0.0,0.0,0.07692307692307693,0.0,0.0,0.0,0.15384615384615385,0.0,0.0,0.0
spkr62_44,0.75,0.125,0.5625,0.0625,0.0625,0.0625,0.0625,0.0625,0.3125,0.0625,0.125,0.0625,0.0625,0.0625,0.0625,0.0625,0.0625,0.6875,0.0625,0.125,0.125,0.0625,0.25,0.125,0.25,0.0625,0.25,0.125
spkr62_45,0.9,0.0,0.6363636363636364,0.0,0.18181818181818182,0.0,0.0,0.0,0.6,0.0,0.0,0.8181818181818182,0.7272727272727273,0.0,0.36363636363636365,0.0,0.0,0.7272727272727273,0.0,0.0,0.0,0.0,0.0,0.0,0.18181818181818182,0.0,0.2727272727272727,0.0
spkr62_46,0.6,0.13333333333333333,0.4,0.0,0.0,0.0,0.0,0.0,0.06666666666666667,0.0,0.0,0.0,0.0,0.0,0.0,0.0,0.0,0.4666666666666667,0.0,0.0,0.0,0.0,0.0,0.0,0.0,0.0,0.06666666666666667,0.0
spkr62_5,0.7333333333333333,0.3333333333333333,0.2,0.0,0.0,0.0,0.0,0.0,0.13333333333333333,0.0,0.06666666666666667,0.06666666666666667,0.0,0.0,0.0,0.0,0.0,0.3333333333333333,0.26666666666666666,0.0,0.0,0.06666666666666667,0.13333333333333333,0.0,0.0,0.0,0.0,0.0
spkr62_50,0.7333333333333333,0.12903225806451613,0.5483870967741935,0.0,0.0,0.0,0.0,0.0,0.1,0.0,0.0,0.0,0.0,0.0,0.0,0.0,0.0,0.45161290322580644,0.0,0.0,0.0,0.0,0.0,0.0,0.16129032258064516,0.0,0.06451612903225806,0.0
spkr62_51,0.6428571428571429,0.07142857142857142,0.42857142857142855,0.07142857142857142,0.0,0.0,0.0,0.07142857142857142,0.14285714285714285,0.0,0.14285714285714285,0.07142857142857142,0.0,0.07142857142857142,0.07142857142857142,0.07142857142857142,0.07142857142857142,0.6428571428571429,0.07142857142857142,0.0,0.07142857142857142,0.14285714285714285,0.2857142857142857,0.07142857142857142,0.14285714285714285,0.07142857142857142,0.14285714285714285,0.0
spkr62_52,0.6363636363636364,0.2727272727272727,0.6363636363636364,0.0,0.0,0.0,0.0,0.0,0.09090909090909091,0.18181818181818182,0.0,0.0,0.0,0.0,0.0,0.0,0.0,0.8181818181818182,0.0,0.0,0.0,0.09090909090909091,0.0,0.0,0.0,0.0,0.0,0.0
spkr62_53,0.6,0.06666666666666667,0.26666666666666666,0.06666666666666667,0.06666666666666667,0.06666666666666667,0.06666666666666667,0.06666666666666667,0.13333333333333333,0.0,0.06666666666666667,0.0,0.0,0.0,0.0,0.06666666666666667,0.06666666666666667,0.5333333333333333,0.06666666666666667,0.06666666666666667,0.06666666666666667,0.0,0.06666666666666667,0.0,0.06666666666666667,0.0,0.06666666666666667,0.06666666666666667
spkr62_54,1.0,0.2857142857142857,0.8571428571428571,0.0,0.0,0.0,0.0,0.0,0.6666666666666666,0.0,0.0,0.2857142857142857,0.0,0.0,0.0,0.0,0.0,0.0,0.0,0.0,0.0,0.0,0.14285714285714285,0.2857142857142857,0.0,0.0,0.2857142857142857,0.0
spkr62_55,0.7333333333333333,0.29411764705882354,0.7058823529411765,0.0,0.0,0.0,0.5882352941176471,0.0,0.6666666666666666,0.47058823529411764,0.0,0.4117647058823529,0.0,0.0,0.0,0.0,0.0,0.7647058823529411,0.29411764705882354,0.0,0.0,0.11764705882352941,0.11764705882352941,0.0,0.5294117647058824,0.0,0.23529411764705882,0.0
spkr62_56,1.0,0.3,0.2,0.0,0.0,0.0,0.2,0.2,0.4,0.2,0.0,0.0,0.0,0.1,0.0,0.0,0.0,0.3,0.0,0.0,0.0,0.2,0.3,0.2,0.2,0.2,0.2,0.1
spkr62_57,1.0,0.29411764705882354,0.4117647058823529,0.0,0.0,0.0,0.0,0.0,0.3333333333333333,0.11764705882352941,0.0,0.0,0.0,0.0,0.11764705882352941,0.0,0.0,0.29411764705882354,0.0,0.0,0.0,0.17647058823529413,0.11764705882352941,0.17647058823529413,0.11764705882352941,0.17647058823529413,0.17647058823529413,0.058823529411764705
spkr62_58,0.8095238095238095,0.22727272727272727,0.45454545454545453,0.09090909090909091,0.09090909090909091,0.09090909090909091,0.0,0.09090909090909091,0.19047619047619047,0.0,0.0,0.09090909090909091,0.09090909090909091,0.0,0.0,0.09090909090909091,0.09090909090909091,0.5909090909090909,0.09090909090909091,0.0,0.09090909090909091,0.13636363636363635,0.18181818181818182,0.0,0.13636363636363635,0.09090909090909091,0.09090909090909091,0.09090909090909091
spkr62_59,0.5454545454545454,0.2727272727272727,0.45454545454545453,0.0,0.0,0.0,0.0,0.0,0.18181818181818182,0.0,0.09090909090909091,0.18181818181818182,0.0,0.18181818181818182,0.0,0.0,0.0,0.7272727272727273,0.0,0.0,0.0,0.0,0.18181818181818182,0.0,0.18181818181818182,0.0,0.18181818181818182,0.18181818181818182
spkr62_6,0.8333333333333334,0.4166666666666667,0.5,0.3333333333333333,0.0,0.0,0.0,0.0,0.16666666666666666,0.0,0.0,0.0,0.0,0.3333333333333333,0.0,0.0,0.0,0.9166666666666666,0.3333333333333333,0.0,0.0,0.0,0.0,0.3333333333333333,0.25,0.0,0.0,0.0
spkr62_60,0.6875,0.4117647058823529,0.7058823529411765,0.0,0.0,0.0,0.0,0.0,0.3125,0.0,0.0,0.0,0.0,0.0,0.0,0.0,0.0,0.7647058823529411,0.0,0.0,0.0,0.0,0.17647058823529413,0.058823529411764705,0.5294117647058824,0.0,0.0,0.0
spkr62_61,0.7222222222222222,0.3333333333333333,0.5,0.0,0.0,0.0,0.0,0.0,0.16666666666666666,0.0,0.0,0.0,0.0,0.0,0.0,0.0,0.0,0.7222222222222222,0.0,0.0,0.0,0.0,0.2222222222222222,0.0,0.0,0.0,0.0,0.0
spkr62_62,0.9,0.09090909090909091,0.45454545454545453,0.0,0.0,0.0,0.0,0.0,0.3,0.0,0.0,0.0,0.0,0.0,0.0,0.0,0.0,0.0,0.0,0.0,0.0,0.0,0.0,0.0,0.0,0.0,0.0,0.0
spkr62_63,0.8,0.0,0.3,0.0,0.0,0.0,0.0,0.0,0.0,0.0,0.0,0.0,0.0,0.0,0.0,0.0,0.0,0.5,0.0,0.0,0.0,0.2,0.0,0.0,0.0,0.0,0.0,0.0
spkr62_64,0.7058823529411765,0.17647058823529413,0.5882352941176471,0.0,0.17647058823529413,0.0,0.0,0.0,0.11764705882352941,0.17647058823529413,0.0,0.17647058823529413,0.17647058823529413,0.0,0.0,0.0,0.17647058823529413,0.8235294117647058,0.0,0.0,0.17647058823529413,0.17647058823529413,0.17647058823529413,0.17647058823529413,0.17647058823529413,0.17647058823529413,0.17647058823529413,0.17647058823529413
spkr62_65,0.391304347826087,0.17391304347826086,0.5652173913043478,0.0,0.0,0.0,0.0,0.0,0.13043478260869565,0.0,0.0,0.0,0.0,0.0,0.0,0.0,0.0,0.43478260869565216,0.0,0.0,0.17391304347826086,0.0,0.043478260869565216,0.0,0.13043478260869565,0.0,0.08695652173913043,0.0
spkr62_66,0.5294117647058824,0.3888888888888889,0.3888888888888889,0.0,0.0,0.0,0.0,0.0,0.23529411764705882,0.0,0.0,0.0,0.0,0.0,0.0,0.0,0.0,0.7777777777777778,0.3888888888888889,0.1111111111111111,0.0,0.0,0.5,0.0,0.0,0.0,0.16666666666666666,0.0
spkr62_67,0.42857142857142855,0.42857142857142855,0.35714285714285715,0.0,0.0,0.0,0.0,0.0,0.07142857142857142,0.2857142857142857,0.07142857142857142,0.42857142857142855,0.0,0.0,0.0,0.0,0.0,0.5714285714285714,0.42857142857142855,0.42857142857142855,0.35714285714285715,0.0,0.42857142857142855,0.0,0.35714285714285715,0.0,0.21428571428571427,0.0
spkr62_68,0.5833333333333334,0.23076923076923078,0.6153846153846154,0.0,0.0,0.0,0.0,0.0,0.16666666666666666,0.0,0.0,0.0,0.0,0.0,0.0,0.0,0.0,0.46153846153846156,0.0,0.38461538461538464,0.0,0.0,0.23076923076923078,0.0,0.0,0.15384615384615385,0.07692307692307693,0.07692307692307693
spkr62_69,0.5,0.16666666666666666,0.5,0.0,0.0,0.0,0.0,0.0,0.16666666666666666,0.0,0.0,0.2222222222222222,0.0,0.1111111111111111,0.0,0.0,0.0,0.6666666666666666,0.05555555555555555,0.05555555555555555,0.0,0.0,0.0,0.0,0.05555555555555555,0.0,0.4444444444444444,0.0
spkr62_7,0.5333333333333333,0.25,0.625,0.0,0.0,0.0,0.0,0.0,0.0,0.0,0.0,0.0,0.0,0.0,0.0,0.0,0.0,0.9375,0.0,0.0,0.0,0.0,0.0,0.0,0.0,0.0,0.0,0.0
spkr62_70,0.5625,0.0,0.3125,0.0,0.0,0.0,0.0,0.0,0.1875,0.0,0.0,0.0,0.0,0.0625,0.0,0.0,0.0,0.875,0.0,0.0,0.0,0.0,0.0,0.0625,0.0,0.0,0.0,0.0
spkr62_71,0.8333333333333334,0.21052631578947367,0.47368421052631576,0.0,0.0,0.0,0.0,0.0,0.5555555555555556,0.05263157894736842,0.0,0.0,0.10526315789473684,0.05263157894736842,0.05263157894736842,0.10526315789473684,0.0,0.9473684210526315,0.0,0.0,0.0,0.0,0.10526315789473684,0.0,0.10526315789473684,0.0,0.15789473684210525,0.0
spkr62_72,0.47368421052631576,0.2777777777777778,0.5555555555555556,0.0,0.0,0.0,0.0,0.0,0.15789473684210525,0.2222222222222222,0.16666666666666666,0.0,0.0,0.05555555555555555,0.0,0.0,0.0,0.3333333333333333,0.0,0.0,0.2777777777777778,0.1111111111111111,0.2222222222222222,0.0,0.2222222222222222,0.2222222222222222,0.3333333333333333,0.2222222222222222
spkr62_73,1.0,0.18181818181818182,0.45454545454545453,0.0,0.0,0.0,0.0,0.0,0.5454545454545454,0.18181818181818182,0.0,0.0,0.0,0.0,0.0,0.0,0.0,0.0,0.0,0.0,0.0,0.0,0.09090909090909091,0.0,0.2727272727272727,0.18181818181818182,0.2727272727272727,0.0
spkr62_74,0.5,0.35714285714285715,0.6428571428571429,0.0,0.0,0.0,0.0,0.0,0.14285714285714285,0.0,0.0,0.0,0.0,0.0,0.0,0.0,0.0,0.5714285714285714,0.0,0.0,0.0,0.0,0.0,0.0,0.0,0.0,0.21428571428571427,0.0
spkr62_75,0.7058823529411765,0.35294117647058826,0.35294117647058826,0.0,0.0,0.0,0.0,0.17647058823529413,0.29411764705882354,0.17647058823529413,0.0,0.17647058823529413,0.0,0.0,0.0,0.0,0.0,0.35294117647058826,0.058823529411764705,0.23529411764705882,0.29411764705882354,0.23529411764705882,0.23529411764705882,0.23529411764705882,0.23529411764705882,0.11764705882352941,0.17647058823529413,0.23529411764705882
spkr62_8,0.8125,0.25,0.375,0.0,0.0,0.0,0.0,0.0,0.4375,0.125,0.0,0.0,0.0,0.0,0.0,0.0,0.0,0.8125,0.0,0.0,0.125,0.125,0.1875,0.0,0.1875,0.125,0.0,0.0
spkr62_9,0.5714285714285714,0.0,0.2857142857142857,0.07142857142857142,0.07142857142857142,0.07142857142857142,0.07142857142857142,0.07142857142857142,0.0,0.0,0.07142857142857142,0.07142857142857142,0.07142857142857142,0.07142857142857142,0.07142857142857142,0.07142857142857142,0.07142857142857142,0.2857142857142857,0.0,0.07142857142857142,0.0,0.0,0.07142857142857142,0.07142857142857142,0.0,0.0,0.07142857142857142,0.14285714285714285
spkr66_1,0.9,0.2,1.0,0.2,0.2,0.2,0.2,0.3,0.3,0.2,0.3,0.2,0.2,0.2,0.2,0.2,0.2,1.0,0.2,0.2,0.2,0.2,0.2,0.2,0.3,0.2,0.2,0.2
spkr66_10,0.5882352941176471,0.0,0.47058823529411764,0.0,0.0,0.0,0.0,0.0,0.0,0.0,0.058823529411764705,0.0,0.0,0.11764705882352941,0.0,0.0,0.0,0.7647058823529411,0.058823529411764705,0.058823529411764705,0.0,0.0,0.11764705882352941,0.0,0.0,0.0,0.0,0.0
spkr66_11,0.7142857142857143,0.7142857142857143,0.6428571428571429,0.21428571428571427,0.21428571428571427,0.21428571428571427,0.21428571428571427,0.21428571428571427,0.2857142857142857,0.21428571428571427,0.21428571428571427,0.21428571428571427,0.21428571428571427,0.21428571428571427,0.0,0.21428571428571427,0.21428571428571427,0.9285714285714286,0.5714285714285714,0.2857142857142857,0.21428571428571427,0.2857142857142857,0.42857142857142855,0.35714285714285715,0.14285714285714285,0.2857142857142857,0.2857142857142857,0.21428571428571427
spkr66_12,0.7647058823529411,0.29411764705882354,0.47058823529411764,0.0,0.0,0.0,0.0,0.0,0.058823529411764705,0.0,0.0,0.0,0.0,0.0,0.0,0.0,0.0,0.29411764705882354,0.0,0.0,0.0,0.0,0.17647058823529413,0.0,0.058823529411764705,0.0,0.0,0.11764705882352941
spkr66_13,0.6875,0.058823529411764705,0.5882352941176471,0.0,0.0,0.0,0.0,0.0,0.125,0.0,0.0,0.0,0.0,0.0,0.0,0.0,0.0,0.5294117647058824,0.0,0.0,0.0,0.0,0.058823529411764705,0.0,0.23529411764705882,0.0,0.0,0.0
spkr66_14,0.5294117647058824,0.47058823529411764,0.6470588235294118,0.0,0.0,0.0,0.0,0.0,0.058823529411764705,0.0,0.0,0.0,0.0,0.058823529411764705,0.0,0.0,0.0,0.4117647058823529,0.35294117647058826,0.0,0.23529411764705882,0.0,0.11764705882352941,0.0,0.0,0.0,0.0,0.058823529411764705
spkr66_15,0.7058823529411765,0.5882352941176471,0.8235294117647058,0.0,0.0,0.0,0.0,0.0,0.23529411764705882,0.058823529411764705,0.23529411764705882,0.17647058823529413,0.058823529411764705,0.0,0.0,0.0,0.0,1.0,0.11764705882352941,0.11764705882352941,0.0,0.0,0.11764705882352941,0.0,0.23529411764705882,0.0,0.23529411764705882,0.0
spkr66_18,0.6153846153846154,0.4230769230769231,0.5384615384615384,0.0,0.0,0.0,0.0,0.0,0.19230769230769232,0.0,0.0,0.0,0.0,0.0,0.0,0.0,0.0,0.11538461538461539,0.15384615384615385,0.0,0.0,0.0,0.07692307692307693,0.0,0.23076923076923078,0.07692307692307693,0.15384615384615385,0.0
spkr66_19,0.41935483870967744,0.3870967741935484,0.5806451612903226,0.0,0.0,0.0,0.0,0.0,0.03225806451612903,0.0,0.0,0.1935483870967742,0.0,0.0,0.0,0.0,0.0,0.6451612903225806,0.0967741935483871,0.2903225806451613,0.0,0.0,0.06451612903225806,0.03225806451612903,0.16129032258064516,0.0,0.0,0.06451612903225806
spkr66_2,0.9090909090909091,0.7272727272727273,0.5454545454545454,0.09090909090909091,0.0,0.0,0.0,0.0,0.36363636363636365,0.0,0.0,0.0,0.0,0.0,0.0,0.0,0.0,0.6363636363636364,0.18181818181818182,0.09090909090909091,0.0,0.18181818181818182,0.0,0.18181818181818182,0.09090909090909091,0.0,0.2727272727272727,0.09090909090909091
spkr66_20,0.625,0.46153846153846156,0.7307692307692307,0.11538461538461539,0.0,0.0,0.0,0.0,0.2916666666666667,0.0,0.0,0.0,0.0,0.0,0.0,0.0,0.0,0.3076923076923077,0.11538461538461539,0.19230769230769232,0.0,0.0,0.0,0.0,0.23076923076923078,0.0,0.23076923076923078,0.23076923076923078
spkr66_21,0.56,0.1111111111111111,0.3333333333333333,0.0,0.0,0.07407407407407407,0.07407407407407407,0.07407407407407407,0.2,0.1111111111111111,0.1111111111111111,0.037037037037037035,0.0,0.037037037037037035,0.07407407407407407,0.1111111111111111,0.07407407407407407,0.6296296296296297,0.07407407407407407,0.0,0.0,0.1111111111111111,0.07407407407407407,0.07407407407407407,0.14814814814814814,0.1111111111111111,0.1111111111111111,0.07407407407407407
spkr66_22,0.6666666666666666,0.05555555555555555,0.4444444444444444,0.0,0.0,0.0,0.0,0.0,0.0,0.05555555555555555,0.0,0.0,0.0,0.0,0.0,0.0,0.0,0.7777777777777778,0.0,0.0,0.1111111111111111,0.0,0.05555555555555555,0.05555555555555555,0.16666666666666666,0.0,0.05555555555555555,0.05555555555555555
spkr66_23,0.85,0.1,0.45,0.0,0.0,0.0,0.0,0.1,0.15,0.05,0.0,0.1,0.0,0.0,0.0,0.0,0.0,0.1,0.0,0.0,0.0,0.0,0.0,0.0,0.1,0.0,0.1,0.0
spkr66_24,0.5882352941176471,0.21052631578947367,0.47368421052631576,0.10526315789473684,0.0,0.0,0.0,0.10526315789473684,0.0,0.0,0.0,0.0,0.0,0.0,0.0,0.0,0.0,0.7894736842105263,0.10526315789473684,0.0,0.0,0.0,0.0,0.0,0.15789473684210525,0.0,0.0,0.0
spkr66_26,0.7777777777777778,0.2631578947368421,0.42105263157894735,0.0,0.0,0.0,0.0,0.0,0.2222222222222222,0.15789473684210525,0.0,0.0,0.0,0.0,0.0,0.0,0.0,0.7894736842105263,0.3684210526315789,0.2631578947368421,0.0,0.15789473684210525,0.47368421052631576,0.15789473684210525,0.21052631578947367,0.21052631578947367,0.10526315789473684,0.05263157894736842
spkr66_28,0.6666666666666666,0.23529411764705882,0.47058823529411764,0.0,0.0,0.0,0.0,0.0,0.06666666666666667,0.0,0.0,0.0,0.0,0.0,0.0,0.058823529411764705,0.0,0.5294117647058824,0.17647058823529413,0.0,0.0,0.0,0.23529411764705882,0.058823529411764705,0.17647058823529413,0.17647058823529413,0.23529411764705882,0.0
spkr66_29,0.6666666666666666,0.8,0.6,0.0,0.0,0.0,0.0,0.0,0.2,0.0,0.13333333333333333,0.06666666666666667,0.0,0.06666666666666667,0.0,0.0,0.0,0.3333333333333333,0.5333333333333333,0.5333333333333333,0.06666666666666667,0.0,0.06666666666666667,0.0,0.06666666666666667,0.0,0.4666666666666667,0.13333333333333333
spkr66_30,0.4666666666666667,0.3333333333333333,0.6666666666666666,0.0,0.0,0.0,0.0,0.0,0.2,0.06666666666666667,0.06666666666666667,0.13333333333333333,0.0,0.0,0.0,0.2,0.0,0.3333333333333333,0.0,0.13333333333333333,0.0,0.13333333333333333,0.2,0.0,0.13333333333333333,0.06666666666666667,0.2,0.13333333333333333
spkr66_31,0.7894736842105263,0.21052631578947367,0.2631578947368421,0.0,0.0,0.0,0.0,0.0,0.05263157894736842,0.0,0.0,0.0,0.0,0.10526315789473684,0.0,0.0,0.0,0.6842105263157895,0.0,0.0,0.0,0.0,0.21052631578947367,0.0,0.2631578947368421,0.0,0.0,0.0
spkr66_33,0.5714285714285714,0.13636363636363635,0.3181818181818182,0.0,0.0,0.0,0.0,0.09090909090909091,0.09523809523809523,0.0,0.0,0.0,0.0,0.09090909090909091,0.0,0.0,0.0,0.22727272727272727,0.0,0.0,0.0,0.0,0.09090909090909091,0.0,0.0,0.0,0.13636363636363635,0.09090909090909091
spkr66_34,0.45454545454545453,0.5454545454545454,0.5454545454545454,0.2727272727272727,0.09090909090909091,0.045454545454545456,0.2727272727272727,0.2727272727272727,0.5,0.22727272727272727,0.3181818181818182,0.4090909090909091,0.18181818181818182,0.3181818181818182,0.2727272727272727,0.2727272727272727,0.2727272727272727,0.6818181818181818,0.045454545454545456,0.3181818181818182,0.36363636363636365,0.2727272727272727,0.4090909090909091,0.36363636363636365,0.2727272727272727,0.3181818181818182,0.36363636363636365,0.2727272727272727
spkr66_35,0.5,0.14285714285714285,0.5714285714285714,0.0,0.0,0.0,0.0,0.0,0.6428571428571429,0.07142857142857142,0.21428571428571427,0.42857142857142855,0.0,0.2857142857142857,0.0,0.0,0.0,0.5714285714285714,0.0,0.0,0.0,0.42857142857142855,0.35714285714285715,0.0,0.2857142857142857,0.07142857142857142,0.2857142857142857,0.07142857142857142
spkr66_36,0.5555555555555556,0.0,0.45,0.0,0.0,0.0,0.0,0.0,0.16666666666666666,0.0,0.0,0.25,0.0,0.0,0.0,0.0,0.0,0.7,0.0,0.0,0.0,0.0,0.0,0.0,0.15,0.0,0.0,0.0
spkr66_37,0.9285714285714286,0.3333333333333333,0.6666666666666666,0.0,0.0,0.0,0.0,0.0,0.21428571428571427,0.0,0.0,0.4,0.0,0.0,0.0,0.0,0.0,0.6666666666666666,0.0,0.2,0.13333333333333333,0.13333333333333333,0.3333333333333333,0.13333333333333333,0.26666666666666666,0.13333333333333333,0.2,0.13333333333333333
spkr66_38,0.8125,0.0,0.7333333333333333,0.06666666666666667,0.0,0.0,0.0,0.0,0.0,0.0,0.0,0.0,0.0,0.0,0.0,0.0,0.0,0.8,0.2,0.06666666666666667,0.13333333333333333,0.13333333333333333,0.06666666666666667,0.0,0.3333333333333333,0.0,0.0,0.0
spkr66_4,0.7857142857142857,0.6923076923076923,0.6153846153846154,0.0,0.0,0.0,0.0,0.0,0.0,0.0,0.0,0.0,0.0,0.0,0.0,0.0,0.0,0.7692307692307693,0.38461538461538464,0.0,0.38461538461538464,0.0,0.23076923076923078,0.0,0.0,0.0,0.0,0.0
spkr66_40,0.7142857142857143,0.3333333333333333,0.4666666666666667,0.0,0.0,0.0,0.0,0.0,0.07142857142857142,0.0,0.0,0.0,0.0,0.06666666666666667,0.0,0.0,0.0,0.8,0.2,0.2,0.26666666666666666,0.06666666666666667,0.2,0.06666666666666667,0.06666666666666667,0.13333333333333333,0.06666666666666667,0.06666666666666667
spkr66_42,1.0,1.0,0.5454545454545454,0.2727272727272727,0.2727272727272727,0.18181818181818182,0.18181818181818182,0.18181818181818182,0.09090909090909091,0.36363636363636365,0.09090909090909091,0.5454545454545454,0.09090909090909091,0.18181818181818182,0.0,0.09090909090909091,0.2727272727272727,1.0,0.2727272727272727,0.18181818181818182,0.2727272727272727,0.36363636363636365,0.36363636363636365,0.09090909090909091,0.5454545454545454,0.18181818181818182,0.45454545454545453,0.18181818181818182
spkr66_43,1.0,0.3076923076923077,0.5384615384615384,0.23076923076923078,0.23076923076923078,0.0,0.0,0.15384615384615385,0.3076923076923077,0.23076923076923078,0.15384615384615385,0.0,0.23076923076923078,0.15384615384615385,0.0,0.23076923076923078,0.0,0.3076923076923077,0.0,0.23076923076923078,0.23076923076923078,0.23076923076923078,0.15384615384615385,0.07692307692307693,0.38461538461538464,0.15384615384615385,0.15384615384615385,0.15384615384615385
spkr66_44,1.0,0.125,0.4375,0.0625,0.0625,0.0625,0.125,0.125,0.25,0.125,0.0625,0.0625,0.0625,0.125,0.0625,0.0625,0.125,0.5625,0.25,0.125,0.125,0.125,0.125,0.0625,0.1875,0.125,0.0,0.125
spkr66_45,0.9,0.18181818181818182,0.6363636363636364,0.0,0.0,0.0,0.0,0.0,0.4,0.0,0.0,0.0,0.0,0.0,0.0,0.0,0.0,0.8181818181818182,0.0,0.0,0.0,0.0,0.0,0.0,0.2727272727272727,0.0,0.09090909090909091,0.09090909090909091
spkr66_46,0.7333333333333333,0.13333333333333333,0.4,0.5333333333333333,0.0,0.0,0.0,0.06666666666666667,0.0,0.0,0.0,0.4666666666666667,0.0,0.0,0.0,0.0,0.0,0.0,0.5333333333333333,0.5333333333333333,0.0,0.0,0.0,0.06666666666666667,0.26666666666666666,0.0,0.26666666666666666,0.0
spkr66_5,0.8666666666666667,0.4666666666666667,0.6,0.26666666666666666,0.13333333333333333,0.0,0.0,0.0,0.6666666666666666,0.0,0.06666666666666667,0.0,0.0,0.2,0.0,0.06666666666666667,0.0,0.8666666666666667,0.4,0.2,0.26666666666666666,0.0,0.13333333333333333,0.13333333333333333,0.3333333333333333,0.0,0.06666666666666667,0.13333333333333333
spkr66_50,0.9333333333333333,0.2903225806451613,0.3870967741935484,0.0,0.0,0.0,0.0,0.0,0.16666666666666666,0.03225806451612903,0.0,0.0,0.0,0.0,0.0,0.0,0.0,0.8387096774193549,0.0,0.0,0.3548387096774194,0.03225806451612903,0.0967741935483871,0.0,0.16129032258064516,0.0,0.03225806451612903,0.0
spkr66_51,0.7857142857142857,0.42857142857142855,0.7142857142857143,0.2857142857142857,0.0,0.0,0.07142857142857142,0.07142857142857142,0.2857142857142857,0.2857142857142857,0.07142857142857142,0.07142857142857142,0.0,0.21428571428571427,0.0,0.07142857142857142,0.0,0.5714285714285714,0.07142857142857142,0.07142857142857142,0.2857142857142857,0.14285714285714285,0.07142857142857142,0.14285714285714285,0.21428571428571427,0.07142857142857142,0.21428571428571427,0.07142857142857142
spkr66_52,0.6363636363636364,0.18181818181818182,0.45454545454545453,0.0,0.0,0.0,0.0,0.0,0.09090909090909091,0.18181818181818182,0.0,0.0,0.0,0.0,0.0,0.0,0.09090909090909091,0.7272727272727273,0.0,0.0,0.0,0.09090909090909091,0.18181818181818182,0.18181818181818182,0.2727272727272727,0.0,0.18181818181818182,0.18181818181818182
spkr66_53,0.4666666666666667,0.2,0.4666666666666667,0.2,0.0,0.06666666666666667,0.06666666666666667,0.06666666666666667,0.06666666666666667,0.06666666666666667,0.06666666666666667,0.06666666666666667,0.06666666666666667,0.06666666666666667,0.0,0.06666666666666667,0.06666666666666667,0.8,0.2,0.2,0.06666666666666667,0.06666666666666667,0.06666666666666667,0.06666666666666667,0.4666666666666667,0.06666666666666667,0.2,0.06666666666666667
spkr66_54,1.0,0.7142857142857143,0.5714285714285714,0.0,0.14285714285714285,0.14285714285714285,0.14285714285714285,0.14285714285714285,0.6666666666666666,0.14285714285714285,0.14285714285714285,0.14285714285714285,0.14285714285714285,0.14285714285714285,0.0,0.42857142857142855,0.0,0.8571428571428571,0.0,0.5714285714285714,0.0,0.0,0.14285714285714285,0.42857142857142855,0.2857142857142857,0.0,0.2857142857142857,0.2857142857142857
spkr66_55,0.9333333333333333,0.11764705882352941,0.5294117647058824,0.0,0.0,0.0,0.0,0.0,0.5333333333333333,0.0,0.0,0.0,0.0,0.0,0.0,0.0,0.0,0.29411764705882354,0.23529411764705882,0.23529411764705882,0.0,0.0,0.0,0.0,0.29411764705882354,0.0,0.058823529411764705,0.0
spkr66_57,0.8666666666666667,0.29411764705882354,0.5294117647058824,0.17647058823529413,0.29411764705882354,0.0,0.11764705882352941,0.11764705882352941,0.3333333333333333,0.23529411764705882,0.17647058823529413,0.29411764705882354,0.29411764705882354,0.23529411764705882,0.35294117647058826,0.17647058823529413,0.29411764705882354,0.7058823529411765,0.23529411764705882,0.29411764705882354,0.23529411764705882,0.29411764705882354,0.23529411764705882,0.11764705882352941,0.23529411764705882,0.11764705882352941,0.29411764705882354,0.11764705882352941
spkr66_58,0.9523809523809523,0.09090909090909091,0.5,0.0,0.0,0.0,0.0,0.0,0.19047619047619047,0.0,0.045454545454545456,0.0,0.0,0.0,0.0,0.0,0.0,0.9090909090909091,0.0,0.0,0.0,0.0,0.0,0.0,0.09090909090909091,0.0,0.09090909090909091,0.0
spkr66_59,0.8181818181818182,0.0,0.5454545454545454,0.0,0.0,0.0,0.18181818181818182,0.0,0.09090909090909091,0.2727272727272727,0.18181818181818182,0.18181818181818182,0.0,0.2727272727272727,0.0,0.0,0.0,1.0,0.5454545454545454,0.0,0.0,0.09090909090909091,0.36363636363636365,0.36363636363636365,0.2727272727272727,0.0,0.0,0.2727272727272727
spkr66_6,0.5833333333333334,0.5,0.9166666666666666,0.4166666666666667,0.0,0.0,0.0,0.4166666666666667,0.3333333333333333,0.0,0.3333333333333333,0.25,0.0,0.4166666666666667,0.0,0.0,0.4166666666666667,0.9166666666666666,0.4166666666666667,0.4166666666666667,0.5,0.25,0.75,0.4166666666666667,0.3333333333333333,0.25,0.4166666666666667,0.16666666666666666
spkr66_60,0.9375,0.35294117647058826,0.5294117647058824,0.11764705882352941,0.058823529411764705,0.0,0.0,0.17647058823529413,0.25,0.0,0.058823529411764705,0.17647058823529413,0.0,0.0,0.0,0.0,0.0,0.7647058823529411,0.17647058823529413,0.17647058823529413,0.0,0.0,0.11764705882352941,0.058823529411764705,0.23529411764705882,0.11764705882352941,0.11764705882352941,0.11764705882352941
spkr66_61,0.6666666666666666,0.1111111111111111,0.5,0.0,0.0,0.0,0.0,0.0,0.16666666666666666,0.0,0.0,0.0,0.0,0.0,0.0,0.0,0.0,0.3888888888888889,0.0,0.16666666666666666,0.0,0.0,0.2777777777777778,0.0,0.1111111111111111,0.0,0.0,0.16666666666666666
spkr66_62,0.7,0.2727272727272727,0.36363636363636365,0.09090909090909091,0.0,0.0,0.0,0.0,0.5,0.0,0.09090909090909091,0.09090909090909091,0.0,0.0,0.0,0.09090909090909091,0.0,0.5454545454545454,0.09090909090909091,0.09090909090909091,0.09090909090909091,0.0,0.5454545454545454,0.09090909090909091,0.2727272727272727,0.0,0.0,0.09090909090909091
spkr66_63,1.0,0.2,0.7,0.0,0.0,0.0,0.0,0.1,0.3,0.1,0.0,0.5,0.0,0.0,0.0,0.0,0.1,0.5,0.5,0.4,0.2,0.2,0.2,0.0,0.4,0.1,0.1,0.0
spkr66_64,0.6470588235294118,0.0,0.7647058823529411,0.11764705882352941,0.0,0.0,0.11764705882352941,0.0,0.23529411764705882,0.17647058823529413,0.0,0.0,0.0,0.23529411764705882,0.0,0.0,0.0,0.7058823529411765,0.4117647058823529,0.35294117647058826,0.11764705882352941,0.0,0.0,0.11764705882352941,0.35294117647058826,0.0,0.17647058823529413,0.0
spkr66_65,0.7391304347826086,0.6956521739130435,0.8260869565217391,0.34782608695652173,0.0,0.043478260869565216,0.0,0.043478260869565216,0.13043478260869565,0.13043478260869565,0.13043478260869565,0.043478260869565216,0.043478260869565216,0.08695652173913043,0.0,0.043478260869565216,0.043478260869565216,0.8260869565217391,0.34782608695652173,0.043478260869565216,0.13043478260869565,0.043478260869565216,0.5652173913043478,0.08695652173913043,0.4782608695652174,0.0,0.30434782608695654,0.043478260869565216
spkr66_66,0.8235294117647058,0.0,0.2777777777777778,0.0,0.0,0.0,0.0,0.0,0.0,0.0,0.0,0.0,0.0,0.0,0.0,0.0,0.0,0.6666666666666666,0.0,0.0,0.05555555555555555,0.1111111111111111,0.2222222222222222,0.0,0.0,0.1111111111111111,0.16666666666666666,0.1111111111111111
spkr66_67,0.42857142857142855,0.0,0.42857142857142855,0.0,0.0,0.0,0.0,0.0,0.0,0.0,0.07142857142857142,0.0,0.0,0.0,0.0,0.0,0.0,0.8571428571428571,0.14285714285714285,0.0,0.0,0.0,0.14285714285714285,0.0,0.0,0.0,0.0,0.0
spkr66_68,0.5833333333333334,0.38461538461538464,0.38461538461538464,0.23076923076923078,0.15384615384615385,0.23076923076923078,0.23076923076923078,0.23076923076923078,0.16666666666666666,0.38461538461538464,0.23076923076923078,0.23076923076923078,0.23076923076923078,0.46153846153846156,0.5384615384615384,0.0,0.23076923076923078,0.23076923076923078,0.23076923076923078,0.23076923076923078,0.23076923076923078,0.23076923076923078,0.5384615384615384,0.23076923076923078,0.23076923076923078,0.23076923076923078,0.5384615384615384,0.3076923076923077
spkr66_69,0.6666666666666666,0.7222222222222222,0.7222222222222222,0.2222222222222222,0.0,0.0,0.0,0.3333333333333333,0.3888888888888889,0.2222222222222222,0.3888888888888889,0.4444444444444444,0.0,0.6111111111111112,0.0,0.0,0.3333333333333333,0.8333333333333334,0.3888888888888889,0.7222222222222222,0.3888888888888889,0.4444444444444444,0.3333333333333333,0.2222222222222222,0.6666666666666666,0.5,0.5555555555555556,0.2222222222222222
spkr66_7,0.9333333333333333,0.625,0.5625,0.3125,0.125,0.1875,0.125,0.3125,0.6,0.125,0.1875,0.3125,0.125,0.1875,0.1875,0.25,0.3125,0.8125,0.3125,0.3125,0.5,0.4375,0.5,0.25,0.1875,0.125,0.3125,0.4375
spkr66_70,0.8125,0.0625,0.5,0.0625,0.0,0.0625,0.0625,0.0625,0.1875,0.0,0.0625,0.0625,0.0,0.0625,0.0625,0.0,0.0,0.8125,0.0625,0.0625,0.0625,0.0,0.25,0.0625,0.4375,0.0625,0.25,0.0
spkr66_71,0.7222222222222222,0.21052631578947367,0.3157894736842105,0.0,0.0,0.0,0.0,0.0,0.3333333333333333,0.2631578947368421,0.15789473684210525,0.15789473684210525,0.15789473684210525,0.10526315789473684,0.15789473684210525,0.3157894736842105,0.0,0.9473684210526315,0.0,0.0,0.0,0.3684210526315789,0.21052631578947367,0.15789473684210525,0.2631578947368421,0.15789473684210525,0.15789473684210525,0.10526315789473684
spkr66_72,0.7368421052631579,0.6666666666666666,0.6666666666666666,0.4444444444444444,0.0,0.0,0.0,0.5,0.2631578947368421,0.2777777777777778,0.1111111111111111,0.3333333333333333,0.0,0.1111111111111111,0.0,0.0,0.0,0.5,0.6666666666666666,0.0,0.3333333333333333,0.3333333333333333,0.7222222222222222,0.3333333333333333,0.2777777777777778,0.4444444444444444,0.5,0.3888888888888889
spkr66_73,0.7272727272727273,0.5454545454545454,0.5454545454545454,0.0,0.0,0.0,0.0,0.0,0.18181818181818182,0.0,0.0,0.0,0.0,0.0,0.0,0.0,0.0,0.2727272727272727,0.0,0.0,0.0,0.0,0.0,0.0,0.18181818181818182,0.0,0.2727272727272727,0.0
spkr66_74,0.5,0.07142857142857142,0.6428571428571429,0.0,0.0,0.0,0.0,0.0,0.14285714285714285,0.0,0.0,0.0,0.0,0.0,0.0,0.0,0.0,0.9285714285714286,0.42857142857142855,0.0,0.0,0.0,0.0,0.0,0.2857142857142857,0.0,0.35714285714285715,0.0
spkr66_75,0.5882352941176471,0.5882352941176471,0.7058823529411765,0.0,0.0,0.0,0.0,0.17647058823529413,0.7058823529411765,0.47058823529411764,0.0,0.5294117647058824,0.17647058823529413,0.29411764705882354,0.0,0.0,0.0,1.0,0.0,0.23529411764705882,0.23529411764705882,0.23529411764705882,0.35294117647058826,0.17647058823529413,0.5294117647058824,0.5294117647058824,0.29411764705882354,0.47058823529411764
spkr66_8,0.5,0.25,0.4375,0.25,0.0,0.0,0.0,0.0,0.375,0.0,0.0625,0.125,0.0,0.0,0.0,0.0,0.0,0.6875,0.0,0.0,0.0,0.25,0.0625,0.125,0.3125,0.0,0.125,0.0
spkr66_9,0.42857142857142855,0.2857142857142857,0.6428571428571429,0.07142857142857142,0.07142857142857142,0.07142857142857142,0.21428571428571427,0.21428571428571427,0.5714285714285714,0.07142857142857142,0.21428571428571427,0.21428571428571427,0.07142857142857142,0.07142857142857142,0.21428571428571427,0.07142857142857142,0.07142857142857142,0.7857142857142857,0.5714285714285714,0.42857142857142855,0.35714285714285715,0.0,0.14285714285714285,0.07142857142857142,0.14285714285714285,0.07142857142857142,0.14285714285714285,0.0
spkr67_1,1.0,0.2,0.6,0.0,0.0,0.0,0.1,0.0,0.2,0.0,0.2,0.8,0.0,0.1,0.0,0.0,0.0,1.0,0.0,0.4,0.3,0.0,0.5,0.4,0.8,0.2,0.1,0.0
spkr67_10,0.6470588235294118,0.0,0.5882352941176471,0.058823529411764705,0.0,0.11764705882352941,0.058823529411764705,0.0,0.35294117647058826,0.17647058823529413,0.058823529411764705,0.0,0.0,0.058823529411764705,0.0,0.0,0.0,1.0,0.058823529411764705,0.058823529411764705,0.29411764705882354,0.0,0.35294117647058826,0.058823529411764705,0.23529411764705882,0.0,0.23529411764705882,0.17647058823529413
spkr67_11,0.8571428571428571,0.7857142857142857,0.5714285714285714,0.2857142857142857,0.0,0.0,0.21428571428571427,0.2857142857142857,0.6428571428571429,0.07142857142857142,0.14285714285714285,0.5714285714285714,0.0,0.5,0.0,0.0,0.7142857142857143,0.8571428571428571,0.42857142857142855,0.42857142857142855,0.42857142857142855,0.35714285714285715,0.7857142857142857,0.42857142857142855,0.2857142857142857,0.2857142857142857,0.42857142857142855,0.42857142857142855
spkr67_12,0.7647058823529411,0.23529411764705882,0.9411764705882353,0.17647058823529413,0.23529411764705882,0.0,0.058823529411764705,0.0,0.11764705882352941,0.11764705882352941,0.058823529411764705,0.11764705882352941,0.0,0.0,0.0,0.0,0.17647058823529413,0.5294117647058824,0.058823529411764705,0.17647058823529413,0.29411764705882354,0.17647058823529413,0.11764705882352941,0.058823529411764705,0.23529411764705882,0.17647058823529413,0.17647058823529413,0.17647058823529413
spkr67_13,0.6875,0.35294117647058826,0.7647058823529411,0.058823529411764705,0.0,0.0,0.0,0.47058823529411764,0.75,0.47058823529411764,0.47058823529411764,0.29411764705882354,0.0,0.29411764705882354,0.0,0.0,0.47058823529411764,0.8823529411764706,0.4117647058823529,0.47058823529411764,0.47058823529411764,0.29411764705882354,0.35294117647058826,0.0,0.4117647058823529,0.4117647058823529,0.35294117647058826,0.11764705882352941
spkr67_14,0.5882352941176471,0.47058823529411764,0.5882352941176471,0.11764705882352941,0.0,0.0,0.0,0.0,0.0,0.0,0.0,0.0,0.0,0.11764705882352941,0.0,0.0,0.0,0.4117647058823529,0.0,0.0,0.17647058823529413,0.0,0.11764705882352941,0.11764705882352941,0.11764705882352941,0.0,0.35294117647058826,0.11764705882352941
spkr67_15,0.6470588235294118,0.47058823529411764,0.7058823529411765,0.6470588235294118,0.23529411764705882,0.29411764705882354,0.23529411764705882,0.4117647058823529,0.47058823529411764,0.4117647058823529,0.35294117647058826,0.35294117647058826,0.0,0.17647058823529413,0.0,0.23529411764705882,0.23529411764705882,0.5882352941176471,0.29411764705882354,0.35294117647058826,0.5294117647058824,0.23529411764705882,0.47058823529411764,0.35294117647058826,0.47058823529411764,0.23529411764705882,0.4117647058823529,0.23529411764705882
spkr67_18,0.8846153846153846,0.7692307692307693,0.8846153846153846,0.11538461538461539,0.0,0.0,0.11538461538461539,0.11538461538461539,0.4230769230769231,0.2692307692307692,0.23076923076923078,0.0,0.038461538461538464,0.07692307692307693,0.0,0.15384615384615385,0.0,0.7692307692307693,0.9230769230769231,0.07692307692307693,0.4230769230769231,0.34615384615384615,0.6538461538461539,0.19230769230769232,0.6923076923076923,0.3076923076923077,0.5384615384615384,0.11538461538461539
spkr67_19,0.6451612903225806,0.41935483870967744,0.5483870967741935,0.22580645161290322,0.03225806451612903,0.0,0.0,0.16129032258064516,0.25806451612903225,0.12903225806451613,0.16129032258064516,0.1935483870967742,0.0,0.22580645161290322,0.1935483870967742,0.0,0.16129032258064516,0.9354838709677419,0.22580645161290322,0.1935483870967742,0.16129032258064516,0.22580645161290322,0.25806451612903225,0.16129032258064516,0.3548387096774194,0.25806451612903225,0.25806451612903225,0.12903225806451613
spkr67_2,0.9090909090909091,0.5454545454545454,0.5454545454545454,0.0,0.0,0.0,0.0,0.18181818181818182,0.36363636363636365,0.09090909090909091,0.2727272727272727,0.0,0.0,0.18181818181818182,0.0,0.2727272727272727,0.0,1.0,0.2727272727272727,0.45454545454545453,0.5454545454545454,0.36363636363636365,0.36363636363636365,0.18181818181818182,0.2727272727272727,0.18181818181818182,0.36363636363636365,0.2727272727272727
spkr67_20,0.6666666666666666,0.5,0.6538461538461539,0.0,0.0,0.0,0.0,0.0,0.5833333333333334,0.0,0.0,0.0,0.0,0.0,0.0,0.0,0.0,0.34615384615384615,0.0,0.0,0.0,0.23076923076923078,0.19230769230769232,0.0,0.4230769230769231,0.15384615384615385,0.38461538461538464,0.0
spkr67_21,0.48,0.5925925925925926,0.4444444444444444,0.037037037037037035,0.0,0.0,0.07407407407407407,0.07407407407407407,0.24,0.14814814814814814,0.07407407407407407,0.07407407407407407,0.0,0.037037037037037035,0.0,0.0,0.037037037037037035,0.4074074074074074,0.14814814814814814,0.07407407407407407,0.2222222222222222,0.1111111111111111,0.2962962962962963,0.07407407407407407,0.37037037037037035,0.1111111111111111,0.18518518518518517,0.1111111111111111
spkr67_22,0.6666666666666666,0.3888888888888889,0.6111111111111112,0.0,0.0,0.0,0.0,0.0,0.2777777777777778,0.2222222222222222,0.0,0.0,0.0,0.1111111111111111,0.0,0.0,0.0,0.0,0.0,0.0,0.0,0.2222222222222222,0.0,0.05555555555555555,0.1111111111111111,0.16666666666666666,0.2777777777777778,0.0
spkr67_23,0.8,0.45,0.6,0.0,0.0,0.15,0.15,0.0,0.3,0.0,0.0,0.0,0.0,0.05,0.0,0.0,0.0,0.6,0.15,0.2,0.1,0.0,0.2,0.0,0.1,0.0,0.2,0.0
spkr67_24,0.7058823529411765,0.3684210526315789,0.47368421052631576,0.0,0.0,0.0,0.0,0.0,0.11764705882352941,0.0,0.0,0.0,0.0,0.0,0.0,0.0,0.0,0.7368421052631579,0.0,0.0,0.0,0.10526315789473684,0.0,0.0,0.0,0.0,0.0,0.0
spkr67_26,0.7777777777777778,0.2631578947368421,0.42105263157894735,0.15789473684210525,0.0,0.0,0.10526315789473684,0.0,0.7777777777777778,0.10526315789473684,0.0,0.21052631578947367,0.0,0.0,0.0,0.0,0.0,0.3157894736842105,0.3157894736842105,0.2631578947368421,0.10526315789473684,0.10526315789473684,0.3684210526315789,0.0,0.5789473684210527,0.10526315789473684,0.15789473684210525,0.0
spkr67_28,0.8,0.0,0.5294117647058824,0.0,0.0,0.0,0.0,0.0,0.13333333333333333,0.0,0.0,0.0,0.0,0.0,0.0,0.17647058823529413,0.0,0.23529411764705882,0.11764705882352941,0.29411764705882354,0.0,0.0,0.17647058823529413,0.0,0.11764705882352941,0.0,0.058823529411764705,0.0
spkr67_29,0.7333333333333333,0.4666666666666667,0.7333333333333333,0.0,0.0,0.0,0.0,0.13333333333333333,0.06666666666666667,0.0,0.13333333333333333,0.2,0.0,0.06666666666666667,0.0,0.13333333333333333,0.0,1.0,0.3333333333333333,0.3333333333333333,0.4666666666666667,0.0,0.4,0.06666666666666667,0.26666666666666666,0.26666666666666666,0.3333333333333333,0.0
spkr67_30,0.6666666666666666,0.4666666666666667,0.6666666666666666,0.0,0.0,0.0,0.0,0.0,0.4666666666666667,0.13333333333333333,0.0,0.0,0.0,0.0,0.0,0.3333333333333333,0.0,0.8666666666666667,0.0,0.0,0.13333333333333333,0.26666666666666666,0.2,0.0,0.13333333333333333,0.0,0.13333333333333333,0.0
spkr67_31,0.5789473684210527,0.3684210526315789,0.47368421052631576,0.0,0.0,0.0,0.0,0.0,0.10526315789473684,0.05263157894736842,0.0,0.42105263157894735,0.0,0.15789473684210525,0.0,0.0,0.0,0.5263157894736842,0.0,0.0,0.0,0.2631578947368421,0.15789473684210525,0.10526315789473684,0.21052631578947367,0.15789473684210525,0.15789473684210525,0.0
spkr67_33,0.6190476190476191,0.09090909090909091,0.45454545454545453,0.18181818181818182,0.0,0.0,0.0,0.09090909090909091,0.3333333333333333,0.0,0.18181818181818182,0.4090909090909091,0.0,0.0,0.18181818181818182,0.0,0.09090909090909091,0.6818181818181818,0.2727272727272727,0.2727272727272727,0.18181818181818182,0.0,0.09090909090909091,0.0,0.13636363636363635,0.09090909090909091,0.09090909090909091,0.0
spkr67_34,0.6363636363636364,0.6818181818181818,0.45454545454545453,0.36363636363636365,0.6363636363636364,0.5,0.2727272727272727,0.8181818181818182,0.5454545454545454,0.5,0.4090909090909091,0.5909090909090909,0.45454545454545453,0.36363636363636365,0.5,0.5,0.22727272727272727,0.9090909090909091,0.8181818181818182,0.8181818181818182,0.6363636363636364,0.3181818181818182,0.5454545454545454,0.36363636363636365,0.6363636363636364,0.3181818181818182,0.36363636363636365,0.3181818181818182
spkr67_35,0.8571428571428571,0.42857142857142855,0.42857142857142855,0.21428571428571427,0.0,0.0,0.0,0.21428571428571427,0.42857142857142855,0.0,0.21428571428571427,0.21428571428571427,0.21428571428571427,0.0,0.0,0.0,0.21428571428571427,0.5,0.5714285714285714,0.5714285714285714,0.2857142857142857,0.21428571428571427,0.0,0.21428571428571427,0.2857142857142857,0.0,0.21428571428571427,0.0
spkr67_36,0.7222222222222222,0.0,0.55,0.0,0.0,0.0,0.0,0.0,0.2222222222222222,0.0,0.0,0.0,0.0,0.0,0.0,0.0,0.0,0.75,0.0,0.0,0.0,0.0,0.0,0.0,0.0,0.0,0.0,0.0
spkr67_37,0.7857142857142857,0.3333333333333333,0.6,0.0,0.0,0.0,0.4,0.2,0.21428571428571427,0.0,0.26666666666666666,0.0,0.0,0.06666666666666667,0.0,0.0,0.0,1.0,0.0,0.26666666666666666,0.3333333333333333,0.4,0.13333333333333333,0.0,0.13333333333333333,0.0,0.2,0.06666666666666667
spkr67_38,0.75,0.5333333333333333,0.5333333333333333,0.2,0.2,0.0,0.3333333333333333,0.26666666666666666,0.1875,0.5333333333333333,0.2,0.6666666666666666,0.2,0.3333333333333333,0.3333333333333333,0.0,0.3333333333333333,0.7333333333333333,0.4666666666666667,0.3333333333333333,0.4666666666666667,0.5333333333333333,0.2,0.2,0.6666666666666666,0.7333333333333333,0.26666666666666666,0.3333333333333333
spkr67_4,0.9285714285714286,0.23076923076923078,0.5384615384615384,0.0,0.0,0.0,0.0,0.0,0.07142857142857142,0.0,0.0,0.0,0.0,0.0,0.0,0.0,0.0,0.6923076923076923,0.0,0.0,0.23076923076923078,0.0,0.15384615384615385,0.0,0.0,0.0,0.0,0.0
spkr67_40,0.9285714285714286,0.8,0.6666666666666666,0.26666666666666666,0.0,0.0,0.0,0.0,0.7142857142857143,0.0,0.06666666666666667,0.6666666666666666,0.0,0.26666666666666666,0.0,0.0,0.0,0.5333333333333333,0.9333333333333333,0.0,0.6666666666666666,0.4666666666666667,0.6,0.2,0.5333333333333333,0.26666666666666666,0.0,0.0
spkr67_42,0.8181818181818182,0.8181818181818182,0.9090909090909091,0.18181818181818182,0.0,0.0,0.09090909090909091,0.18181818181818182,0.2727272727272727,0.09090909090909091,0.09090909090909091,0.45454545454545453,0.0,0.09090909090909091,0.0,0.0,0.45454545454545453,0.9090909090909091,0.45454545454545453,0.45454545454545453,0.36363636363636365,0.36363636363636365,0.5454545454545454,0.18181818181818182,0.6363636363636364,0.36363636363636365,0.2727272727272727,0.2727272727272727
spkr67_43,0.6153846153846154,0.38461538461538464,0.46153846153846156,0.0,0.0,0.0,0.0,0.0,0.6923076923076923,0.07692307692307693,0.0,0.0,0.0,0.0,0.0,0.0,0.0,1.0,0.0,0.3076923076923077,0.3076923076923077,0.15384615384615385,0.46153846153846156,0.0,0.15384615384615385,0.0,0.46153846153846156,0.0
spkr67_44,0.4375,0.25,0.4375,0.125,0.0625,0.0625,0.125,0.125,0.375,0.1875,0.125,0.1875,0.125,0.1875,0.125,0.125,0.0625,0.0625,0.0625,0.125,0.25,0.125,0.1875,0.125,0.3125,0.125,0.125,0.125
spkr67_45,0.8,0.7272727272727273,0.8181818181818182,0.18181818181818182,0.0,0.0,0.09090909090909091,0.0,0.6,0.0,0.09090909090909091,0.0,0.8181818181818182,0.09090909090909091,0.2727272727272727,0.0,0.0,0.8181818181818182,0.8181818181818182,0.6363636363636364,0.7272727272727273,0.5454545454545454,0.6363636363636364,0.0,0.7272727272727273,0.6363636363636364,0.0,0.0
spkr67_46,0.7333333333333333,0.2,0.9333333333333333,0.0,0.0,0.0,0.0,0.0,0.06666666666666667,0.0,0.0,0.0,0.0,0.06666666666666667,0.0,0.0,0.0,0.8666666666666667,0.0,0.0,0.0,0.0,0.0,0.0,0.13333333333333333,0.0,0.06666666666666667,0.0
spkr67_5,0.7333333333333333,0.5333333333333333,0.5333333333333333,0.2,0.2,0.3333333333333333,0.2,0.2,0.4666666666666667,0.0,0.2,0.4,0.2,0.13333333333333333,0.2,0.26666666666666666,0.2,0.5333333333333333,0.3333333333333333,0.26666666666666666,0.2,0.26666666666666666,0.3333333333333333,0.2,0.3333333333333333,0.3333333333333333,0.13333333333333333,0.2
spkr67_50,0.6666666666666666,0.2903225806451613,0.45161290322580644,0.0,0.0,0.0,0.0,0.0,0.13333333333333333,0.0,0.0,0.0,0.0,0.0,0.0,0.0,0.0,0.6129032258064516,0.0,0.0,0.0,0.0,0.0967741935483871,0.0,0.3870967741935484,0.0,0.0,0.0
spkr67_51,0.5714285714285714,0.35714285714285715,0.42857142857142855,0.2857142857142857,0.14285714285714285,0.0,0.21428571428571427,0.07142857142857142,0.35714285714285715,0.2857142857142857,0.07142857142857142,0.07142857142857142,0.07142857142857142,0.14285714285714285,0.2857142857142857,0.2857142857142857,0.2857142857142857,0.7142857142857143,0.35714285714285715,0.35714285714285715,0.42857142857142855,0.5,0.5,0.21428571428571427,0.42857142857142855,0.2857142857142857,0.21428571428571427,0.07142857142857142
spkr67_52,0.7272727272727273,0.45454545454545453,0.8181818181818182,0.2727272727272727,0.18181818181818182,0.18181818181818182,0.18181818181818182,0.6363636363636364,0.18181818181818182,0.18181818181818182,0.18181818181818182,0.6363636363636364,0.18181818181818182,0.18181818181818182,0.45454545454545453,0.0,0.2727272727272727,1.0,0.18181818181818182,0.18181818181818182,0.18181818181818182,0.18181818181818182,0.18181818181818182,0.18181818181818182,0.18181818181818182,0.18181818181818182,0.2727272727272727,0.18181818181818182
spkr67_53,0.5333333333333333,0.4,0.4,0.06666666666666667,0.06666666666666667,0.06666666666666667,0.06666666666666667,0.7333333333333333,0.4666666666666667,0.13333333333333333,0.06666666666666667,0.06666666666666667,0.06666666666666667,0.3333333333333333,0.0,0.06666666666666667,0.06666666666666667,1.0,0.06666666666666667,0.06666666666666667,0.8666666666666667,0.06666666666666667,0.2,0.13333333333333333,0.26666666666666666,0.06666666666666667,0.06666666666666667,0.13333333333333333
spkr67_54,1.0,0.42857142857142855,0.7142857142857143,0.0,0.14285714285714285,0.14285714285714285,0.14285714285714285,0.14285714285714285,0.6666666666666666,0.14285714285714285,0.14285714285714285,0.14285714285714285,0.14285714285714285,0.14285714285714285,0.0,0.14285714285714285,0.14285714285714285,0.2857142857142857,0.0,0.0,0.0,0.14285714285714285,0.14285714285714285,0.42857142857142855,0.14285714285714285,0.2857142857142857,0.14285714285714285,0.14285714285714285
spkr67_55,0.8666666666666667,0.35294117647058826,0.6470588235294118,0.11764705882352941,0.0,0.0,0.0,0.0,0.4666666666666667,0.29411764705882354,0.0,0.17647058823529413,0.0,0.0,0.0,0.17647058823529413,0.0,1.0,0.35294117647058826,0.5882352941176471,0.29411764705882354,0.23529411764705882,0.29411764705882354,0.11764705882352941,0.17647058823529413,0.11764705882352941,0.23529411764705882,0.29411764705882354
spkr67_56,0.6,0.4,0.5,0.3,0.3,0.3,0.3,0.3,0.7,0.2,0.2,0.4,0.3,0.3,0.3,0.3,0.3,0.8,0.7,0.3,0.7,0.8,0.5,0.3,0.3,0.2,0.3,0.5
spkr67_57,0.6666666666666666,0.29411764705882354,0.7058823529411765,0.17647058823529413,0.17647058823529413,0.17647058823529413,0.17647058823529413,0.17647058823529413,0.6,0.17647058823529413,0.17647058823529413,0.17647058823529413,0.17647058823529413,0.17647058823529413,0.29411764705882354,0.29411764705882354,0.29411764705882354,0.35294117647058826,0.17647058823529413,0.17647058823529413,0.29411764705882354,0.17647058823529413,0.23529411764705882,0.17647058823529413,0.23529411764705882,0.17647058823529413,0.11764705882352941,0.17647058823529413
spkr67_58,0.7619047619047619,0.36363636363636365,0.6818181818181818,0.0,0.0,0.0,0.0,0.0,0.14285714285714285,0.0,0.0,0.0,0.0,0.0,0.0,0.0,0.0,0.6818181818181818,0.0,0.0,0.0,0.0,0.22727272727272727,0.0,0.09090909090909091,0.0,0.22727272727272727,0.0
spkr67_59,0.9090909090909091,0.0,0.5454545454545454,0.0,0.0,0.0,0.0,0.0,0.09090909090909091,0.09090909090909091,0.36363636363636365,0.0,0.0,0.09090909090909091,0.0,0.0,0.0,1.0,0.0,0.36363636363636365,0.0,0.0,0.18181818181818182,0.18181818181818182,0.18181818181818182,0.0,0.2727272727272727,0.18181818181818182
spkr67_6,0.6666666666666666,0.5,0.5833333333333334,0.3333333333333333,0.3333333333333333,0.3333333333333333,0.3333333333333333,0.3333333333333333,0.5,0.5833333333333334,0.3333333333333333,0.5833333333333334,0.0,0.3333333333333333,0.0,0.0,0.3333333333333333,1.0,0.3333333333333333,0.5833333333333334,0.3333333333333333,0.5833333333333334,0.5833333333333334,0.3333333333333333,0.5833333333333334,0.5833333333333334,0.5833333333333334,0.5833333333333334
spkr67_60,0.75,0.8235294117647058,0.47058823529411764,0.11764705882352941,0.0,0.0,0.0,0.11764705882352941,0.375,0.0,0.11764705882352941,0.11764705882352941,0.0,0.29411764705882354,0.0,0.0,0.0,0.4117647058823529,0.29411764705882354,0.35294117647058826,0.17647058823529413,0.0,0.11764705882352941,0.17647058823529413,0.35294117647058826,0.0,0.0,0.29411764705882354
spkr67_61,0.8333333333333334,0.0,0.6111111111111112,0.0,0.0,0.0,0.0,0.0,0.16666666666666666,0.0,0.0,0.0,0.0,0.05555555555555555,0.0,0.0,0.0,0.4444444444444444,0.0,0.16666666666666666,0.0,0.0,0.16666666666666666,0.0,0.05555555555555555,0.0,0.0,0.0
spkr67_62,0.8,0.09090909090909091,0.45454545454545453,0.09090909090909091,0.0,0.09090909090909091,0.0,0.0,0.6,0.09090909090909091,0.09090909090909091,0.0,0.09090909090909091,0.09090909090909091,0.0,0.09090909090909091,0.0,0.7272727272727273,0.09090909090909091,0.2727272727272727,0.09090909090909091,0.0,0.09090909090909091,0.09090909090909091,0.09090909090909091,0.0,0.0,0.09090909090909091
spkr67_63,1.0,0.9,0.3,0.0,0.0,0.0,0.0,0.0,0.1,0.0,0.0,0.0,0.0,0.4,0.0,0.0,0.0,0.7,0.6,0.0,0.2,0.1,0.0,0.0,0.7,0.0,0.1,0.0
spkr67_64,0.5882352941176471,0.23529411764705882,0.8235294117647058,0.0,0.0,0.0,0.0,0.0,0.11764705882352941,0.0,0.0,0.0,0.0,0.0,0.0,0.0,0.0,0.29411764705882354,0.0,0.0,0.17647058823529413,0.0,0.0,0.0,0.0,0.0,0.17647058823529413,0.0
spkr67_65,0.782608695652174,0.782608695652174,0.782608695652174,0.0,0.0,0.0,0.0,0.0,0.34782608695652173,0.391304347826087,0.0,0.0,0.0,0.0,0.0,0.0,0.0,0.7391304347826086,0.7391304347826086,0.0,0.5652173913043478,0.7391304347826086,0.7391304347826086,0.2608695652173913,0.6521739130434783,0.21739130434782608,0.13043478260869565,0.043478260869565216
spkr67_66,0.7647058823529411,0.16666666666666666,0.5555555555555556,0.1111111111111111,0.0,0.05555555555555555,0.1111111111111111,0.0,0.23529411764705882,0.0,0.0,0.1111111111111111,0.0,0.1111111111111111,0.0,0.0,0.05555555555555555,0.6666666666666666,0.1111111111111111,0.16666666666666666,0.1111111111111111,0.0,0.05555555555555555,0.3333333333333333,0.2777777777777778,0.0,0.2222222222222222,0.0
spkr67_67,0.7142857142857143,0.42857142857142855,0.5,0.0,0.0,0.0,0.0,0.0,0.35714285714285715,0.07142857142857142,0.14285714285714285,0.2857142857142857,0.0,0.2857142857142857,0.0,0.0,0.0,0.5714285714285714,0.21428571428571427,0.0,0.0,0.0,0.21428571428571427,0.21428571428571427,0.2857142857142857,0.0,0.21428571428571427,0.0
spkr67_68,0.6666666666666666,0.46153846153846156,0.6923076923076923,0.46153846153846156,0.23076923076923078,0.23076923076923078,0.23076923076923078,0.6923076923076923,0.75,0.23076923076923078,0.38461538461538464,0.6923076923076923,0.23076923076923078,0.46153846153846156,0.7692307692307693,0.23076923076923078,0.6923076923076923,0.7692307692307693,0.6923076923076923,0.6923076923076923,0.6153846153846154,0.3076923076923077,0.3076923076923077,0.5384615384615384,0.6923076923076923,0.23076923076923078,0.23076923076923078,0.5384615384615384
spkr67_69,0.6111111111111112,0.16666666666666666,0.4444444444444444,0.0,0.0,0.0,0.0,0.0,0.4444444444444444,0.2222222222222222,0.16666666666666666,0.0,0.0,0.05555555555555555,0.0,0.0,0.0,0.6666666666666666,0.05555555555555555,0.05555555555555555,0.4444444444444444,0.6111111111111112,0.4444444444444444,0.5,0.5,0.0,0.05555555555555555,0.16666666666666666
spkr67_7,0.8666666666666667,0.6875,0.6875,0.125,0.0,0.0,0.0,0.125,0.4,0.0,0.0,0.25,0.0,0.0,0.0,0.125,0.125,0.9375,0.1875,0.375,0.125,0.125,0.3125,0.125,0.0625,0.125,0.1875,0.0
spkr67_70,0.625,0.4375,0.4375,0.0,0.0,0.0625,0.625,0.0,0.4375,0.0625,0.1875,0.5,0.3125,0.625,0.0,0.4375,0.0,0.8125,0.25,0.1875,0.75,0.3125,0.3125,0.4375,0.625,0.25,0.625,0.3125
spkr67_71,0.6666666666666666,0.15789473684210525,0.5263157894736842,0.0,0.0,0.0,0.0,0.0,0.2777777777777778,0.0,0.15789473684210525,0.0,0.0,0.0,0.0,0.10526315789473684,0.0,0.7894736842105263,0.0,0.21052631578947367,0.0,0.21052631578947367,0.0,0.0,0.15789473684210525,0.10526315789473684,0.0,0.10526315789473684
spkr67_72,0.7368421052631579,0.8333333333333334,0.6666666666666666,0.3888888888888889,0.0,0.0,0.0,0.0,0.21052631578947367,0.2222222222222222,0.2777777777777778,0.0,0.0,0.0,0.0,0.0,0.0,0.5,0.7222222222222222,0.6666666666666666,0.5,0.2222222222222222,0.5,0.16666666666666666,0.4444444444444444,0.3333333333333333,0.5,0.2222222222222222
spkr67_73,1.0,0.5454545454545454,0.9090909090909091,0.0,0.0,0.0,0.0,0.0,0.36363636363636365,0.18181818181818182,0.0,0.0,0.0,0.0,0.0,0.0,0.0,1.0,0.0,0.0,0.0,0.18181818181818182,0.6363636363636364,0.2727272727272727,0.8181818181818182,0.36363636363636365,0.5454545454545454,0.2727272727272727
spkr67_74,0.6428571428571429,0.7142857142857143,0.6428571428571429,0.5,0.0,0.14285714285714285,0.0,0.0,0.42857142857142855,0.0,0.5714285714285714,0.0,0.0,0.35714285714285715,0.42857142857142855,0.0,0.0,1.0,0.42857142857142855,0.5,0.5714285714285714,0.2857142857142857,0.6428571428571429,0.14285714285714285,0.21428571428571427,0.5,0.5714285714285714,0.0
spkr67_75,0.8823529411764706,0.6470588235294118,0.7058823529411765,0.8823529411764706,0.0,0.0,0.0,0.0,0.9411764705882353,0.35294117647058826,0.0,0.0,0.0,0.5294117647058824,0.0,0.0,0.7647058823529411,0.9411764705882353,0.4117647058823529,0.7647058823529411,0.7647058823529411,0.4117647058823529,0.5882352941176471,0.29411764705882354,0.47058823529411764,0.4117647058823529,0.35294117647058826,0.47058823529411764
spkr67_8,1.0,0.625,0.625,0.4375,0.0,0.0,0.0,0.0,0.5625,0.4375,0.0,0.0,0.0,0.0,0.0,0.0,0.0,0.875,0.0,0.5,0.5625,0.625,0.6875,0.0,0.625,0.5625,0.6875,0.0625
spkr67_9,0.7857142857142857,0.7857142857142857,0.7857142857142857,0.42857142857142855,0.35714285714285715,0.35714285714285715,0.2857142857142857,0.35714285714285715,0.35714285714285715,0.2857142857142857,0.35714285714285715,0.6428571428571429,0.35714285714285715,0.21428571428571427,0.35714285714285715,0.35714285714285715,0.42857142857142855,0.8571428571428571,0.42857142857142855,0.42857142857142855,0.42857142857142855,0.42857142857142855,0.5714285714285714,0.42857142857142855,0.5,0.5714285714285714,0.2857142857142857,0.35714285714285715
spkr68_1,0.6,0.4,0.6,0.0,0.0,0.0,0.0,0.0,0.4,0.1,0.0,0.0,0.0,0.0,0.0,0.4,0.0,1.0,0.0,0.0,0.3,0.1,0.0,0.0,0.1,0.1,0.1,0.0
spkr68_10,0.29411764705882354,0.0,0.5882352941176471,0.0,0.0,0.0,0.0,0.0,0.0,0.0,0.058823529411764705,0.0,0.0,0.11764705882352941,0.0,0.0,0.0,0.47058823529411764,0.0,0.058823529411764705,0.17647058823529413,0.0,0.11764705882352941,0.0,0.17647058823529413,0.0,0.0,0.0
spkr68_11,0.7142857142857143,0.8571428571428571,0.42857142857142855,0.0,0.0,0.07142857142857142,0.0,0.14285714285714285,0.6428571428571429,0.07142857142857142,0.07142857142857142,0.0,0.0,0.07142857142857142,0.0,0.0,0.14285714285714285,0.8571428571428571,0.14285714285714285,0.0,0.14285714285714285,0.2857142857142857,0.14285714285714285,0.07142857142857142,0.07142857142857142,0.07142857142857142,0.2857142857142857,0.07142857142857142
spkr68_12,0.8823529411764706,0.7058823529411765,0.5882352941176471,0.0,0.0,0.0,0.0,0.058823529411764705,0.23529411764705882,0.0,0.0,0.0,0.0,0.0,0.0,0.0,0.058823529411764705,0.35294117647058826,0.0,0.058823529411764705,0.4117647058823529,0.23529411764705882,0.4117647058823529,0.17647058823529413,0.11764705882352941,0.058823529411764705,0.17647058823529413,0.23529411764705882
spkr68_13,0.5,0.6470588235294118,0.9411764705882353,0.0,0.0,0.0,0.0,0.0,0.25,0.17647058823529413,0.0,0.0,0.0,0.4117647058823529,0.0,0.0,0.0,0.47058823529411764,0.0,0.058823529411764705,0.17647058823529413,0.29411764705882354,0.11764705882352941,0.0,0.4117647058823529,0.17647058823529413,0.4117647058823529,0.0
spkr68_14,0.5882352941176471,0.5294117647058824,0.6470588235294118,0.058823529411764705,0.058823529411764705,0.23529411764705882,0.23529411764705882,0.23529411764705882,0.058823529411764705,0.23529411764705882,0.0,0.0,0.23529411764705882,0.17647058823529413,0.23529411764705882,0.0,0.0,0.35294117647058826,0.4117647058823529,0.058823529411764705,0.29411764705882354,0.11764705882352941,0.11764705882352941,0.058823529411764705,0.058823529411764705,0.11764705882352941,0.058823529411764705,0.058823529411764705
spkr68_15,0.5882352941176471,0.47058823529411764,0.47058823529411764,0.0,0.0,0.0,0.0,0.0,0.17647058823529413,0.0,0.0,0.11764705882352941,0.0,0.23529411764705882,0.0,0.0,0.0,0.6470588235294118,0.0,0.0,0.29411764705882354,0.0,0.0,0.0,0.0,0.0,0.17647058823529413,0.0
spkr68_18,0.5384615384615384,0.0,0.5,0.0,0.0,0.0,0.0,0.0,0.07692307692307693,0.0,0.0,0.0,0.0,0.0,0.0,0.0,0.0,0.5,0.0,0.0,0.0,0.0,0.0,0.0,0.0,0.0,0.0,0.0
spkr68_19,0.1935483870967742,0.03225806451612903,0.3548387096774194,0.0,0.0,0.0,0.0,0.0,0.03225806451612903,0.0,0.0,0.0,0.0,0.06451612903225806,0.0,0.0,0.0,0.16129032258064516,0.0,0.0,0.0,0.0,0.0,0.0,0.0,0.0,0.0,0.0
spkr68_2,0.9090909090909091,0.36363636363636365,0.36363636363636365,0.0,0.0,0.0,0.0,0.0,0.36363636363636365,0.0,0.0,0.0,0.0,0.0,0.0,0.0,0.0,0.6363636363636364,0.0,0.0,0.0,0.0,0.09090909090909091,0.0,0.18181818181818182,0.0,0.09090909090909091,0.0
spkr68_20,0.625,0.15384615384615385,0.5,0.0,0.0,0.0,0.0,0.0,0.16666666666666666,0.0,0.0,0.0,0.0,0.0,0.0,0.0,0.0,0.2692307692307692,0.0,0.0,0.0,0.0,0.0,0.0,0.19230769230769232,0.0,0.15384615384615385,0.0
spkr68_21,0.48,0.0,0.4074074074074074,0.0,0.0,0.0,0.0,0.0,0.12,0.0,0.0,0.0,0.0,0.0,0.0,0.0,0.0,0.2222222222222222,0.0,0.0,0.0,0.0,0.0,0.0,0.0,0.0,0.0,0.0
spkr68_22,0.7222222222222222,0.3333333333333333,0.3888888888888889,0.0,0.0,0.1111111111111111,0.0,0.0,0.1111111111111111,0.05555555555555555,0.05555555555555555,0.0,0.0,0.05555555555555555,0.0,0.0,0.1111111111111111,0.6111111111111112,0.0,0.0,0.0,0.05555555555555555,0.16666666666666666,0.1111111111111111,0.1111111111111111,0.05555555555555555,0.05555555555555555,0.05555555555555555
spkr68_23,0.65,0.15,0.5,0.0,0.0,0.0,0.0,0.0,0.15,0.0,0.0,0.0,0.0,0.0,0.0,0.0,0.0,0.4,0.0,0.0,0.0,0.0,0.0,0.0,0.0,0.0,0.0,0.0
spkr68_24,0.5294117647058824,0.15789473684210525,0.3157894736842105,0.0,0.0,0.0,0.0,0.0,0.0,0.0,0.0,0.0,0.0,0.0,0.0,0.0,0.0,0.6842105263157895,0.10526315789473684,0.0,0.0,0.0,0.10526315789473684,0.0,0.10526315789473684,0.0,0.0,0.0
spkr68_26,0.6111111111111112,0.05263157894736842,0.2631578947368421,0.0,0.0,0.0,0.0,0.10526315789473684,0.1111111111111111,0.0,0.0,0.0,0.0,0.0,0.0,0.0,0.10526315789473684,0.47368421052631576,0.0,0.0,0.0,0.0,0.3157894736842105,0.0,0.0,0.0,0.0,0.0
spkr68_28,0.6,0.11764705882352941,0.4117647058823529,0.0,0.0,0.0,0.0,0.0,0.0,0.0,0.0,0.0,0.0,0.0,0.0,0.058823529411764705,0.0,0.5882352941176471,0.0,0.0,0.0,0.0,0.0,0.0,0.0,0.0,0.0,0.0
spkr68_29,1.0,0.6666666666666666,0.6666666666666666,0.4666666666666667,0.0,0.0,0.0,0.0,0.9333333333333333,0.06666666666666667,0.0,0.0,0.0,0.13333333333333333,0.0,0.9333333333333333,0.0,0.7333333333333333,0.26666666666666666,0.0,0.4,0.0,0.2,0.0,0.13333333333333333,0.0,0.06666666666666667,0.06666666666666667
spkr68_30,0.3333333333333333,0.26666666666666666,0.4,0.26666666666666666,0.0,0.0,0.0,0.13333333333333333,0.13333333333333333,0.06666666666666667,0.13333333333333333,0.13333333333333333,0.0,0.0,0.0,0.0,0.13333333333333333,0.26666666666666666,0.13333333333333333,0.13333333333333333,0.13333333333333333,0.13333333333333333,0.13333333333333333,0.13333333333333333,0.13333333333333333,0.0,0.13333333333333333,0.13333333333333333
spkr68_31,0.7368421052631579,0.21052631578947367,0.5263157894736842,0.0,0.0,0.0,0.0,0.10526315789473684,0.10526315789473684,0.0,0.10526315789473684,0.0,0.0,0.10526315789473684,0.0,0.0,0.10526315789473684,0.5789473684210527,0.0,0.0,0.10526315789473684,0.0,0.0,0.0,0.10526315789473684,0.0,0.10526315789473684,0.05263157894736842
spkr68_33,0.6666666666666666,0.13636363636363635,0.4090909090909091,0.0,0.0,0.0,0.0,0.0,0.23809523809523808,0.045454545454545456,0.09090909090909091,0.0,0.0,0.0,0.0,0.0,0.0,0.7727272727272727,0.0,0.0,0.0,0.0,0.0,0.0,0.0,0.0,0.045454545454545456,0.0
spkr68_34,0.4090909090909091,0.2727272727272727,0.5454545454545454,0.045454545454545456,0.0,0.045454545454545456,0.0,0.045454545454545456,0.3181818181818182,0.045454545454545456,0.09090909090909091,0.09090909090909091,0.0,0.045454545454545456,0.045454545454545456,0.13636363636363635,0.09090909090909091,0.8181818181818182,0.045454545454545456,0.045454545454545456,0.09090909090909091,0.13636363636363635,0.09090909090909091,0.13636363636363635,0.13636363636363635,0.045454545454545456,0.09090909090909091,0.09090909090909091
spkr68_35,0.5714285714285714,0.14285714285714285,0.5,0.0,0.0,0.0,0.0,0.0,0.07142857142857142,0.0,0.14285714285714285,0.21428571428571427,0.0,0.0,0.0,0.0,0.0,0.6428571428571429,0.0,0.07142857142857142,0.0,0.0,0.2857142857142857,0.07142857142857142,0.0,0.0,0.0,0.0
spkr68_36,0.6666666666666666,0.05,0.7,0.0,0.0,0.0,0.0,0.0,0.1111111111111111,0.0,0.0,0.0,0.0,0.0,0.0,0.0,0.0,0.95,0.0,0.0,0.0,0.0,0.0,0.0,0.0,0.0,0.0,0.0
spkr68_37,0.6428571428571429,0.0,0.6,0.0,0.0,0.0,0.0,0.0,0.07142857142857142,0.0,0.0,0.0,0.0,0.0,0.0,0.0,0.0,0.9333333333333333,0.0,0.0,0.0,0.0,0.0,0.0,0.0,0.0,0.06666666666666667,0.06666666666666667
spkr68_38,0.75,0.0,0.7333333333333333,0.0,0.0,0.0,0.0,0.0,0.0625,0.0,0.0,0.0,0.0,0.0,0.0,0.0,0.0,0.7333333333333333,0.0,0.0,0.13333333333333333,0.0,0.13333333333333333,0.0,0.0,0.0,0.0,0.0
spkr68_4,0.7142857142857143,0.07692307692307693,0.6923076923076923,0.0,0.0,0.0,0.0,0.0,0.0,0.0,0.0,0.0,0.0,0.0,0.0,0.0,0.0,0.5384615384615384,0.0,0.0,0.0,0.0,0.0,0.0,0.0,0.0,0.0,0.0
spkr68_40,0.42857142857142855,0.13333333333333333,0.26666666666666666,0.0,0.0,0.0,0.0,0.0,0.0,0.0,0.0,0.0,0.0,0.0,0.0,0.0,0.0,0.4,0.0,0.0,0.0,0.0,0.06666666666666667,0.0,0.0,0.0,0.0,0.0
spkr68_42,0.6363636363636364,0.18181818181818182,0.8181818181818182,0.09090909090909091,0.0,0.0,0.0,0.09090909090909091,0.18181818181818182,0.0,0.0,0.18181818181818182,0.0,0.0,0.0,0.0,0.09090909090909091,0.5454545454545454,0.18181818181818182,0.36363636363636365,0.2727272727272727,0.0,0.5454545454545454,0.18181818181818182,0.0,0.0,0.18181818181818182,0.18181818181818182
spkr68_43,0.6923076923076923,0.46153846153846156,0.6153846153846154,0.0,0.0,0.0,0.0,0.0,0.5384615384615384,0.15384615384615385,0.0,0.46153846153846156,0.0,0.23076923076923078,0.0,0.15384615384615385,0.0,0.5384615384615384,0.38461538461538464,0.46153846153846156,0.46153846153846156,0.15384615384615385,0.15384615384615385,0.0,0.15384615384615385,0.23076923076923078,0.07692307692307693,0.0
spkr68_44,0.5,0.1875,0.375,0.125,0.125,0.1875,0.125,0.125,0.25,0.125,0.125,0.0625,0.1875,0.1875,0.125,0.1875,0.125,0.5625,0.1875,0.125,0.125,0.125,0.125,0.1875,0.125,0.125,0.125,0.125
spkr68_45,0.8,0.8181818181818182,0.9090909090909091,0.0,0.6363636363636364,0.0,0.0,0.0,0.8,0.0,0.0,0.8181818181818182,0.0,0.0,0.0,0.0,0.0,1.0,0.0,0.0,0.0,0.0,0.6363636363636364,0.0,0.6363636363636364,0.0,0.36363636363636365,0.0
spkr68_46,0.7333333333333333,0.13333333333333333,0.6,0.0,0.0,0.0,0.0,0.0,0.13333333333333333,0.0,0.0,0.0,0.0,0.0,0.0,0.0,0.0,0.3333333333333333,0.0,0.0,0.06666666666666667,0.0,0.0,0.0,0.0,0.0,0.06666666666666667,0.0
spkr68_5,0.6666666666666666,0.4666666666666667,0.5333333333333333,0.0,0.0,0.0,0.0,0.0,0.06666666666666667,0.0,0.0,0.0,0.0,0.0,0.0,0.0,0.0,0.4666666666666667,0.0,0.0,0.4,0.0,0.0,0.0,0.13333333333333333,0.0,0.06666666666666667,0.0
spkr68_50,0.6666666666666666,0.2903225806451613,0.5161290322580645,0.0,0.0,0.0,0.0,0.0,0.1,0.0,0.06451612903225806,0.0,0.0,0.12903225806451613,0.0,0.0,0.0,0.6129032258064516,0.12903225806451613,0.1935483870967742,0.0,0.0,0.0,0.0,0.25806451612903225,0.0,0.0,0.0
spkr68_51,0.6428571428571429,0.07142857142857142,0.42857142857142855,0.0,0.07142857142857142,0.0,0.0,0.07142857142857142,0.21428571428571427,0.14285714285714285,0.14285714285714285,0.0,0.0,0.14285714285714285,0.0,0.07142857142857142,0.0,0.0,0.07142857142857142,0.07142857142857142,0.07142857142857142,0.14285714285714285,0.07142857142857142,0.07142857142857142,0.14285714285714285,0.07142857142857142,0.07142857142857142,0.07142857142857142
spkr68_52,0.5454545454545454,0.36363636363636365,0.6363636363636364,0.0,0.0,0.0,0.0,0.0,0.09090909090909091,0.09090909090909091,0.0,0.0,0.0,0.0,0.0,0.0,0.0,0.6363636363636364,0.0,0.0,0.0,0.09090909090909091,0.0,0.0,0.09090909090909091,0.0,0.18181818181818182,0.0
spkr68_53,0.4,0.06666666666666667,0.4666666666666667,0.06666666666666667,0.06666666666666667,0.06666666666666667,0.06666666666666667,0.06666666666666667,0.13333333333333333,0.0,0.06666666666666667,0.0,0.0,0.06666666666666667,0.0,0.06666666666666667,0.06666666666666667,0.26666666666666666,0.06666666666666667,0.06666666666666667,0.06666666666666667,0.0,0.06666666666666667,0.06666666666666667,0.13333333333333333,0.06666666666666667,0.06666666666666667,0.06666666666666667
spkr68_54,1.0,0.14285714285714285,0.5714285714285714,0.0,0.0,0.0,0.0,0.14285714285714285,0.6666666666666666,0.14285714285714285,0.0,0.0,0.14285714285714285,0.0,0.14285714285714285,0.0,0.0,0.42857142857142855,0.14285714285714285,0.0,0.0,0.14285714285714285,0.7142857142857143,0.2857142857142857,0.5714285714285714,0.2857142857142857,0.7142857142857143,0.14285714285714285
spkr68_55,0.6666666666666666,0.058823529411764705,0.5882352941176471,0.0,0.0,0.0,0.0,0.0,0.13333333333333333,0.0,0.0,0.0,0.0,0.058823529411764705,0.0,0.0,0.0,0.8823529411764706,0.0,0.0,0.11764705882352941,0.0,0.0,0.0,0.058823529411764705,0.0,0.11764705882352941,0.0
spkr68_56,0.8,0.0,0.4,0.3,0.0,0.2,0.3,0.2,0.4,0.2,0.2,0.2,0.2,0.4,0.0,0.1,0.3,0.7,0.3,0.5,0.5,0.1,0.6,0.3,0.2,0.4,0.4,0.2
spkr68_57,0.9333333333333333,0.35294117647058826,0.6470588235294118,0.058823529411764705,0.0,0.0,0.0,0.0,0.26666666666666666,0.11764705882352941,0.0,0.058823529411764705,0.0,0.11764705882352941,0.0,0.0,0.0,0.23529411764705882,0.0,0.058823529411764705,0.058823529411764705,0.058823529411764705,0.11764705882352941,0.17647058823529413,0.23529411764705882,0.058823529411764705,0.29411764705882354,0.058823529411764705
spkr68_58,0.7142857142857143,0.09090909090909091,0.7272727272727273,0.0,0.0,0.0,0.0,0.0,0.2857142857142857,0.0,0.0,0.0,0.0,0.0,0.0,0.0,0.0,1.0,0.0,0.0,0.0,0.0,0.18181818181818182,0.0,0.0,0.0,0.18181818181818182,0.0
spkr68_59,0.8181818181818182,0.0,0.8181818181818182,0.0,0.0,0.0,0.0,0.0,0.0,0.0,0.36363636363636365,0.0,0.0,0.18181818181818182,0.0,0.0,0.0,1.0,0.0,0.36363636363636365,0.0,0.0,0.0,0.2727272727272727,0.18181818181818182,0.0,0.18181818181818182,0.18181818181818182
spkr68_6,0.9166666666666666,0.5,0.75,0.5833333333333334,0.16666666666666666,0.0,0.16666666666666666,0.5833333333333334,0.4166666666666667,0.16666666666666666,0.16666666666666666,0.4166666666666667,0.0,0.25,0.5,0.25,0.4166666666666667,0.75,0.5,0.3333333333333333,0.0,0.16666666666666666,0.4166666666666667,0.3333333333333333,0.3333333333333333,0.25,0.16666666666666666,0.16666666666666666
spkr68_60,0.875,0.11764705882352941,0.7058823529411765,0.11764705882352941,0.0,0.0,0.0,0.0,0.1875,0.0,0.058823529411764705,0.0,0.0,0.058823529411764705,0.0,0.0,0.0,0.47058823529411764,0.23529411764705882,0.0,0.11764705882352941,0.0,0.058823529411764705,0.0,0.0,0.0,0.0,0.11764705882352941
spkr68_61,0.8333333333333334,0.3333333333333333,0.5,0.16666666666666666,0.0,0.0,0.0,0.0,0.3333333333333333,0.05555555555555555,0.1111111111111111,0.05555555555555555,0.0,0.05555555555555555,0.0,0.0,0.05555555555555555,0.6111111111111112,0.1111111111111111,0.0,0.0,0.05555555555555555,0.2222222222222222,0.05555555555555555,0.16666666666666666,0.05555555555555555,0.2222222222222222,0.2222222222222222
spkr68_62,0.7,0.0,0.09090909090909091,0.0,0.0,0.0,0.0,0.0,0.2,0.0,0.0,0.0,0.0,0.0,0.0,0.0,0.0,0.8181818181818182,0.0,0.0,0.0,0.0,0.0,0.0,0.0,0.0,0.0,0.0
spkr68_63,0.6,0.3,0.3,0.0,0.0,0.0,0.0,0.0,0.0,0.0,0.0,0.0,0.0,0.0,0.0,0.0,0.0,0.4,0.0,0.0,0.1,0.0,0.0,0.0,0.2,0.0,0.0,0.0
spkr68_64,0.6470588235294118,0.17647058823529413,0.8235294117647058,0.11764705882352941,0.0,0.0,0.0,0.0,0.058823529411764705,0.0,0.11764705882352941,0.0,0.0,0.0,0.0,0.0,0.0,0.7647058823529411,0.0,0.0,0.0,0.0,0.11764705882352941,0.11764705882352941,0.11764705882352941,0.0,0.11764705882352941,0.11764705882352941
spkr68_65,0.6086956521739131,0.30434782608695654,0.6086956521739131,0.0,0.0,0.0,0.0,0.0,0.08695652173913043,0.0,0.0,0.0,0.0,0.0,0.0,0.0,0.0,0.6086956521739131,0.0,0.0,0.21739130434782608,0.0,0.08695652173913043,0.043478260869565216,0.043478260869565216,0.0,0.043478260869565216,0.17391304347826086
spkr68_66,0.8823529411764706,0.0,0.3888888888888889,0.0,0.0,0.0,0.0,0.0,0.0,0.16666666666666666,0.1111111111111111,0.0,0.0,0.0,0.05555555555555555,0.0,0.0,0.4444444444444444,0.0,0.0,0.05555555555555555,0.0,0.05555555555555555,0.0,0.0,0.1111111111111111,0.16666666666666666,0.0
spkr68_67,0.5714285714285714,0.0,0.5714285714285714,0.0,0.0,0.0,0.0,0.0,0.0,0.0,0.0,0.0,0.0,0.0,0.0,0.0,0.0,0.42857142857142855,0.14285714285714285,0.0,0.0,0.0,0.14285714285714285,0.0,0.0,0.0,0.14285714285714285,0.07142857142857142
spkr68_68,0.75,0.6153846153846154,0.5384615384615384,0.46153846153846156,0.0,0.07692307692307693,0.0,0.0,0.3333333333333333,0.0,0.15384615384615385,0.23076923076923078,0.0,0.0,0.0,0.0,0.0,0.38461538461538464,0.15384615384615385,0.15384615384615385,0.0,0.0,0.23076923076923078,0.0,0.15384615384615385,0.07692307692307693,0.15384615384615385,0.07692307692307693
spkr68_69,0.8888888888888888,0.16666666666666666,0.5,0.0,0.0,0.0,0.0,0.0,0.05555555555555555,0.0,0.0,0.16666666666666666,0.0,0.0,0.0,0.0,0.0,0.8333333333333334,0.0,0.0,0.0,0.0,0.0,0.0,0.0,0.0,0.0,0.1111111111111111
spkr68_7,0.6,0.3125,0.4375,0.0,0.0,0.0,0.0,0.0,0.2,0.0,0.0,0.0,0.0,0.0,0.0,0.0,0.0,0.75,0.0625,0.125,0.0625,0.125,0.125,0.0,0.0625,0.0,0.0625,0.0
spkr68_70,0.5,0.3125,0.4375,0.125,0.0,0.0,0.125,0.125,0.125,0.1875,0.125,0.125,0.0,0.125,0.125,0.0,0.25,0.75,0.125,0.125,0.125,0.1875,0.125,0.0625,0.1875,0.125,0.125,0.125
spkr68_71,0.5555555555555556,0.05263157894736842,0.15789473684210525,0.0,0.0,0.0,0.0,0.0,0.2777777777777778,0.0,0.0,0.0,0.0,0.0,0.05263157894736842,0.0,0.0,1.0,0.05263157894736842,0.0,0.0,0.0,0.0,0.0,0.0,0.0,0.0,0.0
spkr68_72,0.42105263157894735,0.2777777777777778,0.7222222222222222,0.0,0.0,0.0,0.0,0.0,0.21052631578947367,0.2777777777777778,0.0,0.0,0.0,0.2777777777777778,0.0,0.0,0.0,0.6666666666666666,0.0,0.0,0.2777777777777778,0.2222222222222222,0.0,0.2222222222222222,0.2777777777777778,0.2222222222222222,0.3333333333333333,0.2222222222222222
spkr68_73,0.7272727272727273,0.18181818181818182,0.2727272727272727,0.0,0.0,0.0,0.0,0.0,0.2727272727272727,0.09090909090909091,0.0,0.0,0.0,0.09090909090909091,0.0,0.0,0.0,0.5454545454545454,0.0,0.0,0.0,0.0,0.0,0.09090909090909091,0.09090909090909091,0.09090909090909091,0.09090909090909091,0.0
spkr68_74,0.5714285714285714,0.14285714285714285,0.5,0.0,0.0,0.0,0.0,0.0,0.14285714285714285,0.0,0.0,0.0,0.0,0.0,0.0,0.0,0.0,0.35714285714285715,0.0,0.0,0.2857142857142857,0.0,0.0,0.07142857142857142,0.14285714285714285,0.14285714285714285,0.21428571428571427,0.0
spkr68_75,0.47058823529411764,0.29411764705882354,0.47058823529411764,0.23529411764705882,0.0,0.0,0.0,0.0,0.29411764705882354,0.17647058823529413,0.058823529411764705,0.0,0.0,0.29411764705882354,0.0,0.0,0.0,0.7647058823529411,0.0,0.11764705882352941,0.29411764705882354,0.23529411764705882,0.23529411764705882,0.17647058823529413,0.17647058823529413,0.17647058823529413,0.11764705882352941,0.17647058823529413
spkr68_8,0.75,0.625,0.4375,0.125,0.0,0.0,0.0,0.125,0.5,0.1875,0.0625,0.125,0.0,0.125,0.25,0.0,0.0,0.5,0.125,0.0,0.0,0.1875,0.625,0.0,0.5,0.1875,0.375,0.0625
spkr68_9,0.42857142857142855,0.14285714285714285,0.42857142857142855,0.07142857142857142,0.07142857142857142,0.07142857142857142,0.07142857142857142,0.07142857142857142,0.07142857142857142,0.0,0.07142857142857142,0.07142857142857142,0.07142857142857142,0.07142857142857142,0.07142857142857142,0.07142857142857142,0.07142857142857142,0.7857142857142857,0.0,0.0,0.0,0.0,0.07142857142857142,0.0,0.0,0.0,0.14285714285714285,0.0
spkr69_1,0.8,0.2,0.7,0.0,0.0,0.0,0.0,0.0,0.2,0.0,0.2,0.0,0.0,0.0,0.0,0.2,0.0,1.0,0.0,0.0,0.2,0.0,0.0,0.0,0.2,0.0,0.0,0.0
spkr69_10,0.35294117647058826,0.0,0.47058823529411764,0.0,0.0,0.0,0.0,0.0,0.0,0.0,0.058823529411764705,0.0,0.0,0.058823529411764705,0.0,0.0,0.0,0.47058823529411764,0.0,0.0,0.0,0.0,0.11764705882352941,0.0,0.0,0.0,0.0,0.0
spkr69_11,0.5,0.7857142857142857,0.5,0.0,0.0,0.07142857142857142,0.0,0.0,0.42857142857142855,0.07142857142857142,0.07142857142857142,0.0,0.0,0.2857142857142857,0.0,0.0,0.0,0.9285714285714286,0.2857142857142857,0.21428571428571427,0.07142857142857142,0.5,0.14285714285714285,0.14285714285714285,0.14285714285714285,0.14285714285714285,0.14285714285714285,0.07142857142857142
spkr69_12,0.5294117647058824,0.0,0.7058823529411765,0.0,0.0,0.0,0.0,0.0,0.058823529411764705,0.0,0.0,0.11764705882352941,0.0,0.0,0.0,0.0,0.0,0.5294117647058824,0.0,0.0,0.11764705882352941,0.0,0.0,0.0,0.23529411764705882,0.0,0.058823529411764705,0.0
spkr69_13,0.5,0.0,0.4117647058823529,0.0,0.0,0.0,0.0,0.0,0.125,0.0,0.0,0.0,0.0,0.0,0.0,0.0,0.0,0.5882352941176471,0.0,0.0,0.0,0.0,0.058823529411764705,0.0,0.0,0.0,0.058823529411764705,0.11764705882352941
spkr69_14,0.5294117647058824,0.29411764705882354,0.5882352941176471,0.0,0.0,0.0,0.0,0.0,0.0,0.0,0.0,0.0,0.0,0.0,0.0,0.0,0.0,0.6470588235294118,0.0,0.0,0.0,0.0,0.0,0.0,0.058823529411764705,0.0,0.0,0.0
spkr69_15,0.7058823529411765,0.47058823529411764,0.7058823529411765,0.0,0.0,0.0,0.0,0.0,0.6470588235294118,0.058823529411764705,0.0,0.0,0.0,0.0,0.0,0.0,0.0,1.0,0.0,0.11764705882352941,0.29411764705882354,0.17647058823529413,0.4117647058823529,0.0,0.0,0.0,0.29411764705882354,0.0
spkr69_18,0.6153846153846154,0.0,0.5384615384615384,0.0,0.0,0.0,0.0,0.0,0.07692307692307693,0.0,0.0,0.0,0.0,0.0,0.0,0.0,0.0,0.23076923076923078,0.0,0.0,0.07692307692307693,0.0,0.0,0.0,0.0,0.0,0.0,0.0
spkr69_19,0.25806451612903225,0.0,0.41935483870967744,0.0,0.0,0.0,0.0,0.0,0.0967741935483871,0.0,0.0,0.0,0.0,0.0,0.0,0.0,0.0,0.0,0.0,0.0,0.0,0.0,0.03225806451612903,0.0,0.03225806451612903,0.03225806451612903,0.0,0.0
spkr69_2,0.8181818181818182,0.18181818181818182,0.36363636363636365,0.18181818181818182,0.0,0.0,0.0,0.0,0.09090909090909091,0.0,0.0,0.0,0.0,0.0,0.0,0.0,0.0,0.8181818181818182,0.2727272727272727,0.18181818181818182,0.0,0.0,0.0,0.0,0.18181818181818182,0.0,0.36363636363636365,0.0
spkr69_20,0.5416666666666666,0.11538461538461539,0.38461538461538464,0.0,0.0,0.0,0.0,0.0,0.125,0.0,0.0,0.0,0.0,0.0,0.0,0.0,0.0,0.5,0.0,0.0,0.0,0.0,0.11538461538461539,0.0,0.11538461538461539,0.0,0.11538461538461539,0.0
spkr69_21,0.44,0.14814814814814814,0.25925925925925924,0.0,0.0,0.0,0.0,0.0,0.08,0.0,0.037037037037037035,0.037037037037037035,0.0,0.037037037037037035,0.0,0.037037037037037035,0.0,0.25925925925925924,0.0,0.0,0.0,0.0,0.037037037037037035,0.07407407407407407,0.037037037037037035,0.037037037037037035,0.07407407407407407,0.07407407407407407
spkr69_22,0.8333333333333334,0.1111111111111111,0.16666666666666666,0.0,0.0,0.0,0.0,0.0,0.1111111111111111,0.0,0.0,0.0,0.0,0.0,0.0,0.0,0.0,0.0,0.0,0.0,0.0,0.0,0.0,0.0,0.0,0.0,0.05555555555555555,0.0
spkr69_23,0.7,0.0,0.45,0.0,0.0,0.0,0.0,0.0,0.05,0.0,0.0,0.0,0.0,0.0,0.0,0.0,0.0,0.5,0.0,0.0,0.0,0.0,0.0,0.0,0.0,0.0,0.0,0.0
spkr69_24,0.8235294117647058,0.2631578947368421,0.3684210526315789,0.3684210526315789,0.05263157894736842,0.0,0.05263157894736842,0.10526315789473684,0.058823529411764705,0.3684210526315789,0.05263157894736842,0.0,0.05263157894736842,0.05263157894736842,0.0,0.0,0.0,1.0,0.21052631578947367,0.3157894736842105,0.6842105263157895,0.05263157894736842,0.2631578947368421,0.05263157894736842,0.05263157894736842,0.05263157894736842,0.3157894736842105,0.05263157894736842
spkr69_26,0.6111111111111112,0.15789473684210525,0.47368421052631576,0.10526315789473684,0.0,0.0,0.0,0.0,0.2222222222222222,0.0,0.0,0.0,0.0,0.0,0.0,0.0,0.0,0.2631578947368421,0.21052631578947367,0.2631578947368421,0.10526315789473684,0.15789473684210525,0.0,0.0,0.0,0.0,0.10526315789473684,0.0
spkr69_28,0.7333333333333333,0.0,0.35294117647058826,0.0,0.0,0.0,0.0,0.0,0.0,0.058823529411764705,0.0,0.0,0.0,0.0,0.0,0.0,0.0,0.29411764705882354,0.058823529411764705,0.0,0.0,0.058823529411764705,0.058823529411764705,0.058823529411764705,0.058823529411764705,0.0,0.0,0.0
spkr69_29,0.8,0.3333333333333333,0.6,0.0,0.0,0.0,0.0,0.0,0.2,0.0,0.0,0.0,0.0,0.0,0.0,0.0,0.0,0.7333333333333333,0.0,0.0,0.2,0.0,0.0,0.0,0.0,0.0,0.0,0.0
spkr69_30,0.4,0.13333333333333333,0.3333333333333333,0.0,0.0,0.0,0.0,0.0,0.06666666666666667,0.06666666666666667,0.0,0.0,0.0,0.0,0.0,0.0,0.0,0.4,0.0,0.0,0.0,0.0,0.0,0.0,0.06666666666666667,0.0,0.06666666666666667,0.0
spkr69_31,0.631578947368421,0.21052631578947367,0.3684210526315789,0.0,0.0,0.0,0.0,0.0,0.0,0.0,0.0,0.0,0.0,0.0,0.0,0.0,0.0,1.0,0.0,0.0,0.0,0.0,0.0,0.0,0.0,0.0,0.05263157894736842,0.0
spkr69_33,0.6666666666666666,0.18181818181818182,0.4090909090909091,0.0,0.0,0.0,0.0,0.0,0.2857142857142857,0.0,0.0,0.0,0.0,0.0,0.0,0.0,0.0,0.5909090909090909,0.0,0.0,0.09090909090909091,0.0,0.045454545454545456,0.0,0.0,0.0,0.13636363636363635,0.0
spkr69_34,0.4090909090909091,0.22727272727272727,0.2727272727272727,0.2727272727272727,0.0,0.09090909090909091,0.22727272727272727,0.2727272727272727,0.22727272727272727,0.18181818181818182,0.3181818181818182,0.3181818181818182,0.2727272727272727,0.3181818181818182,0.045454545454545456,0.13636363636363635,0.09090909090909091,0.8181818181818182,0.3181818181818182,0.22727272727272727,0.3181818181818182,0.2727272727272727,0.36363636363636365,0.2727272727272727,0.09090909090909091,0.36363636363636365,0.13636363636363635,0.2727272727272727
spkr69_35,0.6428571428571429,0.14285714285714285,0.5,0.14285714285714285,0.0,0.0,0.0,0.0,0.07142857142857142,0.0,0.14285714285714285,1.0,0.14285714285714285,0.14285714285714285,0.0,0.0,0.14285714285714285,0.35714285714285715,0.2857142857142857,0.14285714285714285,0.14285714285714285,0.14285714285714285,0.0,0.0,0.14285714285714285,0.0,0.2857142857142857,0.0
spkr69_36,0.4444444444444444,0.05,0.4,0.0,0.0,0.0,0.0,0.0,0.16666666666666666,0.0,0.0,0.05,0.0,0.05,0.0,0.0,0.0,0.65,0.0,0.0,0.0,0.0,0.0,0.05,0.0,0.0,0.05,0.05
spkr69_37,0.8571428571428571,0.13333333333333333,0.6,0.0,0.0,0.0,0.0,0.0,0.0,0.0,0.0,0.0,0.0,0.0,0.0,0.0,0.0,0.4,0.0,0.0,0.0,0.0,0.0,0.0,0.13333333333333333,0.0,0.0,0.0
spkr69_38,0.5,0.0,0.3333333333333333,0.0,0.0,0.0,0.0,0.0,0.125,0.0,0.0,0.0,0.0,0.0,0.0,0.0,0.0,0.8666666666666667,0.0,0.0,0.0,0.0,0.13333333333333333,0.0,0.0,0.0,0.13333333333333333,0.0
spkr69_4,0.7142857142857143,0.0,0.3076923076923077,0.0,0.0,0.0,0.0,0.0,0.0,0.15384615384615385,0.0,0.0,0.0,0.0,0.0,0.0,0.0,1.0,0.0,0.0,0.38461538461538464,0.0,0.0,0.0,0.23076923076923078,0.15384615384615385,0.15384615384615385,0.0
spkr69_40,0.42857142857142855,0.2,0.4666666666666667,0.0,0.0,0.0,0.0,0.0,0.0,0.2,0.13333333333333333,1.0,0.0,0.0,0.0,0.06666666666666667,0.0,0.6666666666666666,0.0,0.0,0.4,0.0,0.2,0.0,0.2,0.2,0.13333333333333333,0.2
spkr69_42,0.8181818181818182,0.2727272727272727,0.45454545454545453,0.18181818181818182,0.18181818181818182,0.0,0.18181818181818182,0.18181818181818182,0.2727272727272727,0.5454545454545454,0.0,0.18181818181818182,0.18181818181818182,0.09090909090909091,0.0,0.0,0.18181818181818182,1.0,0.18181818181818182,0.2727272727272727,0.36363636363636365,0.2727272727272727,0.36363636363636365,0.09090909090909091,0.36363636363636365,0.2727272727272727,0.36363636363636365,0.45454545454545453
spkr69_43,0.5384615384615384,0.38461538461538464,0.3076923076923077,0.0,0.0,0.0,0.0,0.0,0.3076923076923077,0.0,0.0,0.0,0.0,0.0,0.0,0.0,0.0,0.6153846153846154,0.0,0.0,0.0,0.0,0.15384615384615385,0.0,0.15384615384615385,0.07692307692307693,0.0,0.0
spkr69_44,0.75,0.375,0.5625,0.0625,0.0625,0.0625,0.0625,0.0625,0.3125,0.0625,0.1875,0.0625,0.0625,0.25,0.3125,0.0625,0.0625,0.9375,0.1875,0.125,0.0625,0.1875,0.125,0.125,0.125,0.0625,0.125,0.125
spkr69_45,0.9,0.09090909090909091,0.5454545454545454,0.0,0.0,0.0,0.0,0.09090909090909091,0.6,0.0,0.0,0.0,0.0,0.0,0.0,0.0,0.0,1.0,0.0,0.0,0.09090909090909091,0.0,0.0,0.0,0.5454545454545454,0.0,0.0,0.0
spkr69_46,0.7333333333333333,0.13333333333333333,0.6,0.0,0.0,0.0,0.0,0.0,0.26666666666666666,0.0,0.0,0.13333333333333333,0.0,0.0,0.0,0.0,0.0,0.7333333333333333,0.13333333333333333,0.13333333333333333,0.06666666666666667,0.13333333333333333,0.13333333333333333,0.13333333333333333,0.13333333333333333,0.13333333333333333,0.06666666666666667,0.0
spkr69_5,0.7333333333333333,0.13333333333333333,0.4,0.0,0.0,0.0,0.0,0.0,0.0,0.0,0.0,1.0,0.0,0.0,0.0,0.0,0.0,0.4,0.0,0.0,0.0,0.0,0.0,0.0,0.06666666666666667,0.0,0.06666666666666667,0.0
spkr69_50,0.7,0.1935483870967742,0.5483870967741935,0.0,0.0,0.0,0.0,0.0,0.06666666666666667,0.0,0.0,0.0,0.0,0.0,0.0,0.0,0.0,0.6129032258064516,0.0,0.0,0.0967741935483871,0.0,0.0,0.0,0.16129032258064516,0.0,0.12903225806451613,0.0
spkr69_51,0.7142857142857143,0.14285714285714285,0.07142857142857142,0.21428571428571427,0.14285714285714285,0.0,0.0,0.21428571428571427,0.21428571428571427,0.0,0.14285714285714285,0.07142857142857142,0.07142857142857142,0.07142857142857142,0.0,0.14285714285714285,0.14285714285714285,0.0,0.21428571428571427,0.07142857142857142,0.0,0.14285714285714285,0.14285714285714285,0.07142857142857142,0.0,0.14285714285714285,0.07142857142857142,0.07142857142857142
spkr69_52,0.7272727272727273,0.36363636363636365,0.6363636363636364,0.18181818181818182,0.36363636363636365,0.09090909090909091,0.36363636363636365,0.0,0.18181818181818182,0.2727272727272727,0.2727272727272727,0.18181818181818182,0.18181818181818182,0.18181818181818182,0.0,0.0,0.18181818181818182,1.0,0.0,0.45454545454545453,0.36363636363636365,0.18181818181818182,0.45454545454545453,0.18181818181818182,0.2727272727272727,0.2727272727272727,0.36363636363636365,0.18181818181818182
spkr69_53,0.6666666666666666,0.2,0.6666666666666666,0.13333333333333333,0.06666666666666667,0.06666666666666667,0.13333333333333333,0.13333333333333333,0.2,0.2,0.13333333333333333,0.13333333333333333,0.13333333333333333,0.13333333333333333,0.06666666666666667,0.9333333333333333,0.13333333333333333,1.0,0.06666666666666667,0.06666666666666667,0.2,0.2,0.13333333333333333,0.13333333333333333,0.13333333333333333,0.2,0.2,0.06666666666666667
spkr69_54,0.8333333333333334,0.2857142857142857,0.5714285714285714,0.0,0.14285714285714285,0.14285714285714285,0.14285714285714285,0.14285714285714285,0.5,0.0,0.0,1.0,0.14285714285714285,0.0,0.0,0.0,0.0,0.42857142857142855,0.0,0.0,0.0,0.0,0.14285714285714285,0.2857142857142857,0.0,0.0,0.2857142857142857,0.2857142857142857
spkr69_55,0.8666666666666667,0.11764705882352941,0.5294117647058824,0.0,0.0,0.0,0.0,0.0,0.26666666666666666,0.058823529411764705,0.0,0.0,0.0,0.0,0.0,0.0,0.0,0.8235294117647058,0.0,0.0,0.0,0.17647058823529413,0.11764705882352941,0.0,0.11764705882352941,0.0,0.11764705882352941,0.0
spkr69_56,0.7,0.3,0.3,0.0,0.0,0.0,0.1,0.3,0.2,0.3,0.2,0.1,0.0,0.3,0.0,0.1,0.1,0.6,0.1,0.2,0.3,0.4,0.5,0.4,0.0,0.2,0.2,0.2
spkr69_57,0.8,0.35294117647058826,0.6470588235294118,0.23529411764705882,0.11764705882352941,0.0,0.0,0.0,0.4666666666666667,0.058823529411764705,0.0,0.23529411764705882,0.23529411764705882,0.0,0.23529411764705882,0.0,0.0,0.8235294117647058,0.23529411764705882,0.23529411764705882,0.23529411764705882,0.0,0.0,0.4117647058823529,0.058823529411764705,0.0,0.17647058823529413,0.058823529411764705
spkr69_58,0.8571428571428571,0.09090909090909091,0.4090909090909091,0.0,0.0,0.0,0.0,0.0,0.23809523809523808,0.0,0.0,0.0,0.0,0.0,0.0,0.0,0.0,0.6363636363636364,0.0,0.0,0.0,0.0,0.0,0.0,0.0,0.0,0.13636363636363635,0.0
spkr69_59,0.9090909090909091,0.0,0.6363636363636364,0.0,0.0,0.0,0.0,0.0,0.09090909090909091,0.0,0.2727272727272727,0.45454545454545453,0.0,0.0,0.0,0.0,0.0,1.0,0.45454545454545453,0.45454545454545453,0.0,0.36363636363636365,0.0,0.18181818181818182,0.0,0.0,0.0,0.2727272727272727
spkr69_6,1.0,0.25,0.6666666666666666,0.0,0.0,0.0,0.16666666666666666,0.0,0.08333333333333333,0.0,0.0,0.0,0.0,0.0,0.3333333333333333,0.0,0.16666666666666666,0.8333333333333334,0.0,0.0,0.0,0.25,0.0,0.16666666666666666,0.0,0.0,0.16666666666666666,0.25
spkr69_60,0.625,0.11764705882352941,0.29411764705882354,0.11764705882352941,0.0,0.0,0.0,0.0,0.1875,0.0,0.0,0.11764705882352941,0.0,0.0,0.0,0.0,0.0,0.5882352941176471,0.11764705882352941,0.0,0.11764705882352941,0.0,0.23529411764705882,0.058823529411764705,0.11764705882352941,0.0,0.11764705882352941,0.11764705882352941
spkr69_61,0.5,0.0,0.3888888888888889,0.0,0.0,0.0,0.0,0.0,0.1111111111111111,0.0,0.0,0.0,0.0,0.0,0.0,0.0,0.0,0.3888888888888889,0.0,0.0,0.0,0.0,0.0,0.0,0.0,0.0,0.0,0.0
spkr69_62,0.7,0.0,0.09090909090909091,0.0,0.0,0.0,0.0,0.0,0.2,0.0,0.0,1.0,0.0,0.0,0.0,0.0,0.0,0.5454545454545454,0.0,0.0,0.0,0.0,0.0,0.0,0.0,0.0,0.0,0.0
spkr69_63,0.6,0.0,0.1,0.0,0.0,0.0,0.0,0.0,0.0,0.0,0.0,0.0,0.0,0.2,0.0,0.0,0.0,0.2,0.3,0.0,0.0,0.0,0.0,0.0,0.3,0.0,0.0,0.0
spkr69_64,0.5882352941176471,0.23529411764705882,0.4117647058823529,0.0,0.0,0.0,0.0,0.0,0.17647058823529413,0.0,0.0,0.0,0.0,0.17647058823529413,0.0,0.0,0.0,0.7058823529411765,0.0,0.0,0.0,0.0,0.0,0.0,0.0,0.0,0.0,0.0
spkr69_65,0.391304347826087,0.30434782608695654,0.4782608695652174,0.043478260869565216,0.043478260869565216,0.043478260869565216,0.043478260869565216,0.043478260869565216,0.13043478260869565,0.043478260869565216,0.043478260869565216,0.043478260869565216,0.043478260869565216,0.043478260869565216,0.0,0.043478260869565216,0.043478260869565216,0.6956521739130435,0.08695652173913043,0.043478260869565216,0.21739130434782608,0.043478260869565216,0.17391304347826086,0.043478260869565216,0.13043478260869565,0.043478260869565216,0.043478260869565216,0.043478260869565216
spkr69_66,0.6470588235294118,0.05555555555555555,0.16666666666666666,0.05555555555555555,0.05555555555555555,0.05555555555555555,0.05555555555555555,0.05555555555555555,0.11764705882352941,0.05555555555555555,0.05555555555555555,0.05555555555555555,0.05555555555555555,0.05555555555555555,0.05555555555555555,0.05555555555555555,0.05555555555555555,0.8888888888888888,0.05555555555555555,0.05555555555555555,0.05555555555555555,0.05555555555555555,0.05555555555555555,0.05555555555555555,0.05555555555555555,0.05555555555555555,0.05555555555555555,0.05555555555555555
spkr69_67,0.42857142857142855,0.0,0.6428571428571429,0.0,0.0,0.0,0.0,0.0,0.0,0.0,0.0,0.0,0.0,0.0,0.0,0.0,0.0,1.0,0.0,0.0,0.07142857142857142,0.0,0.0,0.0,0.0,0.0,0.0,0.0
spkr69_68,0.75,0.15384615384615385,0.38461538461538464,0.0,0.0,0.0,0.0,0.0,0.16666666666666666,0.0,0.0,0.0,0.0,0.0,0.0,0.0,0.0,0.5384615384615384,0.0,0.0,0.0,0.0,0.23076923076923078,0.0,0.0,0.15384615384615385,0.07692307692307693,0.07692307692307693
spkr69_69,0.5,0.4444444444444444,0.5555555555555556,0.0,0.0,0.0,0.05555555555555555,0.1111111111111111,0.16666666666666666,0.0,0.0,0.2222222222222222,0.0,0.2222222222222222,0.05555555555555555,0.0,0.1111111111111111,0.3888888888888889,0.05555555555555555,0.05555555555555555,0.1111111111111111,0.1111111111111111,0.1111111111111111,0.1111111111111111,0.1111111111111111,0.16666666666666666,0.2777777777777778,0.05555555555555555
spkr69_7,0.5333333333333333,0.1875,0.6875,0.0625,0.0625,0.0625,0.0625,0.0625,0.06666666666666667,0.0625,0.0625,0.0625,0.0625,0.0625,0.0625,0.0,0.0625,0.75,0.0625,0.0625,0.0625,0.0625,0.0625,0.0625,0.0625,0.0625,0.25,0.0625
spkr69_70,0.6875,0.375,0.4375,0.0,0.0,0.0,0.0,0.0,0.375,0.25,0.125,0.4375,0.0,0.125,0.0,0.0,0.0,0.625,0.0,0.0,0.0625,0.3125,0.125,0.125,0.5,0.0,0.3125,0.1875
spkr69_71,0.6111111111111112,0.15789473684210525,0.21052631578947367,0.0,0.0,0.0,0.0,0.0,0.3888888888888889,0.0,0.0,0.0,0.0,0.05263157894736842,0.21052631578947367,0.0,0.0,0.9473684210526315,0.0,0.0,0.0,0.10526315789473684,0.15789473684210525,0.10526315789473684,0.21052631578947367,0.0,0.15789473684210525,0.10526315789473684
spkr69_72,0.5789473684210527,0.5555555555555556,0.5,0.0,0.0,0.0,0.0,0.0,0.21052631578947367,0.1111111111111111,0.0,0.0,0.0,0.0,0.0,0.0,0.0,1.0,0.0,0.0,0.0,0.1111111111111111,0.2222222222222222,0.0,0.1111111111111111,0.1111111111111111,0.1111111111111111,0.0
spkr69_73,1.0,0.18181818181818182,0.5454545454545454,0.0,0.0,0.0,0.0,0.0,0.5454545454545454,0.36363636363636365,0.0,0.0,0.0,0.0,0.0,0.0,0.0,0.6363636363636364,0.2727272727272727,0.0,0.0,0.0,0.0,0.0,0.36363636363636365,0.18181818181818182,0.36363636363636365,0.0
spkr69_74,0.7142857142857143,0.07142857142857142,0.5714285714285714,0.0,0.0,0.0,0.0,0.0,0.14285714285714285,0.0,0.0,0.0,0.0,0.0,0.0,0.0,0.0,0.7857142857142857,0.0,0.0,0.0,0.0,0.0,0.0,0.0,0.0,0.14285714285714285,0.0
spkr69_75,0.7058823529411765,0.11764705882352941,0.5294117647058824,0.0,0.0,0.0,0.0,0.0,0.35294117647058826,0.0,0.0,0.0,0.0,0.0,0.0,0.0,0.0,0.9411764705882353,0.17647058823529413,0.0,0.0,0.17647058823529413,0.29411764705882354,0.17647058823529413,0.29411764705882354,0.29411764705882354,0.5294117647058824,0.23529411764705882
spkr69_8,0.875,0.5625,0.3125,0.0,0.0,0.0,0.0,0.0,0.5625,0.1875,0.0,0.0,0.0,0.0,0.75,0.0,0.0,0.9375,0.0,0.0,0.25,0.4375,0.375,0.0,0.25,0.125,0.125,0.0
spkr69_9,0.6428571428571429,0.0,0.6428571428571429,0.0,0.07142857142857142,0.0,0.07142857142857142,0.0,0.0,0.0,0.07142857142857142,0.0,0.07142857142857142,0.07142857142857142,0.07142857142857142,0.07142857142857142,0.07142857142857142,0.6428571428571429,0.2857142857142857,0.0,0.0,0.0,0.07142857142857142,0.0,0.0,0.0,0.21428571428571427,0.0
spkr70_1,0.6,0.0,0.6,0.0,0.0,0.0,0.0,0.0,0.1,0.0,0.0,1.0,0.0,0.0,0.0,0.0,0.0,0.5,0.0,0.0,0.1,0.0,0.0,0.0,0.0,0.0,0.0,0.0
spkr70_10,0.6470588235294118,0.0,0.35294117647058826,0.0,0.0,0.0,0.0,0.0,0.0,0.0,0.058823529411764705,0.0,0.0,0.058823529411764705,0.0,0.0,0.0,0.7647058823529411,0.0,0.0,0.0,0.0,0.0,0.0,0.0,0.0,0.0,0.0
spkr70_11,0.8571428571428571,0.6428571428571429,0.6428571428571429,0.0,0.0,0.0,0.0,0.0,0.21428571428571427,0.07142857142857142,0.14285714285714285,0.0,0.0,0.14285714285714285,0.0,0.0,0.0,0.7142857142857143,0.0,0.42857142857142855,0.2857142857142857,0.07142857142857142,0.42857142857142855,0.14285714285714285,0.14285714285714285,0.14285714285714285,0.21428571428571427,0.07142857142857142
spkr70_12,0.8235294117647058,0.058823529411764705,0.6470588235294118,0.0,0.0,0.0,0.0,0.0,0.058823529411764705,0.0,0.0,0.058823529411764705,0.0,0.0,0.0,0.0,0.0,0.7647058823529411,0.0,0.058823529411764705,0.0,0.0,0.47058823529411764,0.0,0.0,0.0,0.058823529411764705,0.0
spkr70_13,0.5,0.0,0.5294117647058824,0.0,0.0,0.0,0.0,0.0,0.0625,0.0,0.0,0.0,0.0,0.0,0.0,0.0,0.0,0.23529411764705882,0.0,0.0,0.0,0.0,0.058823529411764705,0.0,0.0,0.0,0.17647058823529413,0.0
spkr70_14,0.6470588235294118,0.17647058823529413,0.47058823529411764,0.0,0.0,0.0,0.0,0.0,0.0,0.0,0.0,0.0,0.0,0.0,0.0,0.0,0.0,0.5294117647058824,0.0,0.0,0.0,0.0,0.0,0.0,0.0,0.0,0.11764705882352941,0.0
spkr70_15,0.7058823529411765,0.29411764705882354,0.6470588235294118,0.0,0.0,0.0,0.0,0.0,0.17647058823529413,0.0,0.23529411764705882,0.0,0.0,0.17647058823529413,0.0,0.0,0.0,0.8823529411764706,0.23529411764705882,0.47058823529411764,0.11764705882352941,0.0,0.29411764705882354,0.17647058823529413,0.17647058823529413,0.0,0.17647058823529413,0.0
spkr70_19,0.45161290322580644,0.03225806451612903,0.3225806451612903,0.03225806451612903,0.03225806451612903,0.03225806451612903,0.03225806451612903,0.03225806451612903,0.0967741935483871,0.03225806451612903,0.0,0.03225806451612903,0.0,0.03225806451612903,0.0,0.0,0.03225806451612903,0.41935483870967744,0.03225806451612903,0.03225806451612903,0.03225806451612903,0.03225806451612903,0.03225806451612903,0.03225806451612903,0.03225806451612903,0.03225806451612903,0.03225806451612903,0.03225806451612903
spkr70_2,0.9090909090909091,0.5454545454545454,0.6363636363636364,0.0,0.0,0.0,0.0,0.0,0.6363636363636364,0.0,0.09090909090909091,1.0,0.0,0.0,0.0,0.0,0.0,0.9090909090909091,0.2727272727272727,0.0,0.0,0.0,0.09090909090909091,0.0,0.09090909090909091,0.0,0.09090909090909091,0.0
spkr70_20,0.7916666666666666,0.23076923076923078,0.5,0.0,0.0,0.0,0.0,0.0,0.25,0.0,0.038461538461538464,0.0,0.0,0.23076923076923078,0.0,0.0,0.0,0.2692307692307692,0.0,0.0,0.2692307692307692,0.0,0.15384615384615385,0.0,0.15384615384615385,0.11538461538461539,0.07692307692307693,0.2692307692307692
spkr70_21,0.84,0.037037037037037035,0.4074074074074074,0.0,0.0,0.0,0.0,0.0,0.08,0.0,0.037037037037037035,1.0,0.0,0.0,0.0,0.0,0.0,0.6666666666666666,0.0,0.0,0.0,0.0,0.0,0.0,0.1111111111111111,0.0,0.0,0.0
spkr70_22,0.5555555555555556,0.05555555555555555,0.4444444444444444,0.0,0.0,0.0,0.0,0.0,0.0,0.0,0.0,0.0,0.0,0.0,0.0,0.0,0.0,0.5,0.0,0.0,0.0,0.0,0.0,0.05555555555555555,0.0,0.0,0.05555555555555555,0.0
spkr70_23,0.7,0.25,0.55,0.0,0.0,0.0,0.0,0.05,0.3,0.0,0.0,0.05,0.0,0.15,0.0,0.0,0.0,0.6,0.0,0.3,0.2,0.0,0.1,0.0,0.05,0.0,0.1,0.1
spkr70_24,0.5882352941176471,0.10526315789473684,0.5263157894736842,0.0,0.0,0.0,0.0,0.0,0.0,0.0,0.0,0.0,0.0,0.0,0.0,0.0,0.0,0.3157894736842105,0.0,0.0,0.0,0.0,0.10526315789473684,0.0,0.0,0.0,0.0,0.0
spkr70_26,0.7777777777777778,0.05263157894736842,0.3157894736842105,0.05263157894736842,0.0,0.0,0.0,0.0,0.2222222222222222,0.0,0.15789473684210525,0.05263157894736842,0.0,0.10526315789473684,0.0,0.0,0.0,0.7894736842105263,0.2631578947368421,0.0,0.15789473684210525,0.0,0.15789473684210525,0.0,0.10526315789473684,0.0,0.10526315789473684,0.0
spkr70_28,0.6,0.058823529411764705,0.5882352941176471,0.0,0.0,0.0,0.0,0.0,0.0,0.0,0.0,0.0,0.0,0.0,0.0,0.0,0.0,0.7058823529411765,0.0,0.0,0.0,0.0,0.0,0.0,0.0,0.0,0.0,0.0
spkr70_29,0.8,0.7333333333333333,0.6666666666666666,0.0,0.0,0.0,0.0,0.0,0.2,0.0,0.0,0.0,0.0,0.0,0.0,0.0,0.0,0.4,0.0,0.0,0.06666666666666667,0.0,0.0,0.0,0.13333333333333333,0.0,0.2,0.0
spkr70_30,0.4666666666666667,0.26666666666666666,0.6,0.0,0.0,0.0,0.0,0.0,0.2,0.2,0.0,0.0,0.0,0.0,0.0,0.0,0.0,0.8666666666666667,0.0,0.0,0.0,0.0,0.2,0.0,0.0,0.06666666666666667,0.26666666666666666,0.2
spkr70_31,0.47368421052631576,0.05263157894736842,0.3684210526315789,0.0,0.0,0.0,0.0,0.0,0.05263157894736842,0.0,0.0,1.0,0.0,0.0,0.0,0.0,0.0,0.8421052631578947,0.0,0.0,0.0,0.0,0.0,0.0,0.0,0.0,0.0,0.0
spkr70_33,0.7142857142857143,0.09090909090909091,0.22727272727272727,0.0,0.0,0.0,0.0,0.0,0.09523809523809523,0.0,0.09090909090909091,0.0,0.0,0.09090909090909091,0.0,0.0,0.0,0.5,0.0,0.0,0.0,0.0,0.0,0.0,0.09090909090909091,0.0,0.045454545454545456,0.0
spkr70_34,0.36363636363636365,0.18181818181818182,0.36363636363636365,0.09090909090909091,0.0,0.09090909090909091,0.09090909090909091,0.09090909090909091,0.36363636363636365,0.18181818181818182,0.18181818181818182,0.09090909090909091,0.09090909090909091,0.09090909090909091,0.13636363636363635,0.09090909090909091,0.09090909090909091,0.5454545454545454,0.09090909090909091,0.09090909090909091,0.13636363636363635,0.09090909090909091,0.13636363636363635,0.09090909090909091,0.09090909090909091,0.09090909090909091,0.22727272727272727,0.09090909090909091
spkr70_35,0.5714285714285714,0.0,0.5714285714285714,0.0,0.0,0.0,0.0,0.0,0.07142857142857142,0.0,0.0,1.0,0.0,0.0,0.0,0.0,0.0,0.42857142857142855,0.0,0.0,0.0,0.0,0.14285714285714285,0.0,0.0,0.0,0.0,0.0
spkr70_36,0.6666666666666666,0.0,0.3,0.0,0.0,0.0,0.0,0.0,0.1111111111111111,0.0,0.05,0.0,0.0,0.0,0.0,0.0,0.0,0.8,0.0,0.0,0.05,0.0,0.0,0.0,0.0,0.0,0.0,0.0
spkr70_37,0.7142857142857143,0.26666666666666666,0.6,0.0,0.0,0.0,0.0,0.0,0.07142857142857142,0.0,0.0,0.0,0.0,0.0,0.0,0.0,0.0,0.8,0.13333333333333333,0.0,0.13333333333333333,0.0,0.13333333333333333,0.06666666666666667,0.3333333333333333,0.13333333333333333,0.0,0.0
spkr70_38,0.625,0.26666666666666666,0.6,0.0,0.0,0.0,0.0,0.0,0.0625,0.0,0.0,0.0,0.0,0.0,0.0,0.0,0.0,0.4666666666666667,0.0,0.0,0.0,0.0,0.0,0.0,0.0,0.0,0.06666666666666667,0.13333333333333333
spkr70_4,0.8571428571428571,0.0,0.5384615384615384,0.0,0.0,0.0,0.0,0.0,0.0,0.0,0.0,1.0,0.0,0.0,0.0,0.0,0.0,0.9230769230769231,0.0,0.0,0.38461538461538464,0.0,0.0,0.0,0.0,0.0,0.0,0.0
spkr70_40,0.6428571428571429,0.0,0.3333333333333333,0.0,0.0,0.0,0.0,0.0,0.0,0.0,0.0,0.0,0.0,0.0,0.0,0.0,0.0,0.7333333333333333,0.0,0.0,0.0,0.0,0.3333333333333333,0.0,0.0,0.0,0.06666666666666667,0.0
spkr70_42,0.5454545454545454,0.2727272727272727,0.6363636363636364,0.09090909090909091,0.0,0.0,0.0,0.18181818181818182,0.0,0.0,0.0,0.18181818181818182,0.0,0.0,0.0,0.0,0.0,0.8181818181818182,0.2727272727272727,0.36363636363636365,0.36363636363636365,0.0,0.36363636363636365,0.09090909090909091,0.0,0.0,0.0,0.0
spkr70_43,0.8461538461538461,0.46153846153846156,0.3076923076923077,0.0,0.0,0.0,0.0,0.0,0.3076923076923077,0.0,0.0,0.0,0.0,0.0,0.0,0.0,0.0,0.7692307692307693,0.0,0.0,0.15384615384615385,0.0,0.0,0.0,0.07692307692307693,0.0,0.0,0.0
spkr70_44,0.6875,0.125,0.25,0.0625,0.0625,0.0625,0.0625,0.0625,0.25,0.0625,0.0625,0.0625,0.0625,0.0625,0.0625,0.0625,0.0625,1.0,0.0625,0.0625,0.0625,0.0625,0.125,0.125,0.25,0.0625,0.125,0.1875
spkr70_45,0.7,0.0,0.8181818181818182,0.0,0.09090909090909091,0.09090909090909091,0.09090909090909091,0.0,0.4,0.09090909090909091,0.0,0.0,0.09090909090909091,0.18181818181818182,0.0,0.0,0.0,0.9090909090909091,0.09090909090909091,0.0,0.18181818181818182,0.0,0.09090909090909091,0.09090909090909091,0.0,0.0,0.09090909090909091,0.09090909090909091
spkr70_46,1.0,0.13333333333333333,0.4666666666666667,0.0,0.0,0.0,0.0,0.0,0.2,0.0,0.0,0.0,0.0,0.0,0.0,0.0,0.0,0.4,0.0,0.0,0.0,0.0,0.0,0.0,0.0,0.0,0.06666666666666667,0.0
spkr70_5,0.6,0.2,0.4,0.0,0.26666666666666666,0.0,0.0,0.0,0.26666666666666666,0.13333333333333333,0.06666666666666667,0.13333333333333333,0.0,0.26666666666666666,0.0,0.13333333333333333,0.0,0.9333333333333333,0.0,0.0,0.13333333333333333,0.13333333333333333,0.26666666666666666,0.13333333333333333,0.2,0.13333333333333333,0.13333333333333333,0.2
spkr70_50,0.5333333333333333,0.25806451612903225,0.4838709677419355,0.0967741935483871,0.0,0.0,0.0,0.0,0.1,0.12903225806451613,0.03225806451612903,0.0,0.0,0.0,0.0,0.0,0.0,0.8064516129032258,0.1935483870967742,0.0967741935483871,0.12903225806451613,0.16129032258064516,0.03225806451612903,0.0,0.22580645161290322,0.0,0.16129032258064516,0.03225806451612903
spkr70_51,1.0,0.42857142857142855,0.2857142857142857,0.07142857142857142,0.07142857142857142,0.0,0.0,0.35714285714285715,0.5,0.42857142857142855,0.07142857142857142,0.0,0.07142857142857142,0.14285714285714285,0.2857142857142857,0.0,0.0,0.7142857142857143,0.07142857142857142,0.35714285714285715,0.14285714285714285,0.35714285714285715,0.21428571428571427,0.14285714285714285,0.5,0.21428571428571427,0.6428571428571429,0.14285714285714285
spkr70_52,0.9090909090909091,0.36363636363636365,0.6363636363636364,0.2727272727272727,0.0,0.0,0.0,0.0,0.09090909090909091,0.09090909090909091,0.0,0.0,0.0,0.0,0.0,0.0,0.0,0.9090909090909091,0.0,0.2727272727272727,0.0,0.09090909090909091,0.0,0.0,0.18181818181818182,0.18181818181818182,0.18181818181818182,0.0
spkr70_53,0.6,0.2,0.6,0.06666666666666667,0.13333333333333333,0.06666666666666667,0.06666666666666667,0.06666666666666667,0.4666666666666667,0.13333333333333333,0.5333333333333333,1.0,0.13333333333333333,0.3333333333333333,0.06666666666666667,0.13333333333333333,0.13333333333333333,0.7333333333333333,0.13333333333333333,0.06666666666666667,0.06666666666666667,0.13333333333333333,0.13333333333333333,0.2,0.3333333333333333,0.13333333333333333,0.2,0.13333333333333333
spkr70_54,0.8333333333333334,0.5714285714285714,0.5714285714285714,0.0,0.0,0.0,0.0,0.0,1.0,0.0,0.0,0.2857142857142857,0.0,0.0,0.0,0.0,0.0,0.7142857142857143,0.0,0.0,0.0,0.0,0.2857142857142857,0.2857142857142857,0.0,0.0,0.2857142857142857,0.2857142857142857
spkr70_55,0.6,0.23529411764705882,0.35294117647058826,0.0,0.0,0.0,0.0,0.0,0.13333333333333333,0.058823529411764705,0.0,0.0,0.0,0.0,0.0,0.0,0.0,0.7647058823529411,0.0,0.058823529411764705,0.058823529411764705,0.0,0.0,0.0,0.058823529411764705,0.0,0.058823529411764705,0.0
spkr70_56,0.9,0.2,0.3,0.2,0.2,0.2,0.2,0.2,0.3,0.1,0.2,0.2,0.2,0.1,0.0,0.2,0.2,0.9,0.3,0.2,0.2,0.2,0.2,0.2,0.4,0.2,0.1,0.2
spkr70_57,0.8,0.29411764705882354,0.5294117647058824,0.0,0.0,0.0,0.0,0.0,0.3333333333333333,0.0,0.0,0.0,0.0,0.0,0.0,0.0,0.0,0.8235294117647058,0.17647058823529413,0.0,0.0,0.0,0.11764705882352941,0.17647058823529413,0.29411764705882354,0.0,0.29411764705882354,0.058823529411764705
spkr70_58,0.6190476190476191,0.09090909090909091,0.2727272727272727,0.0,0.0,0.0,0.0,0.0,0.23809523809523808,0.0,0.0,0.0,0.0,0.0,0.0,0.0,0.0,0.8181818181818182,0.0,0.0,0.0,0.0,0.09090909090909091,0.0,0.0,0.0,0.045454545454545456,0.0
spkr70_59,0.5454545454545454,0.18181818181818182,0.5454545454545454,0.0,0.0,0.0,0.0,0.2727272727272727,0.2727272727272727,0.09090909090909091,0.2727272727272727,0.2727272727272727,0.0,0.2727272727272727,0.0,0.0,0.0,1.0,0.2727272727272727,0.2727272727272727,0.0,0.2727272727272727,0.0,0.2727272727272727,0.18181818181818182,0.0,0.0,0.2727272727272727
spkr70_6,0.9166666666666666,0.6666666666666666,0.5833333333333334,0.25,0.0,0.0,0.0,0.8333333333333334,0.8333333333333334,0.16666666666666666,0.4166666666666667,0.0,0.0,0.5,0.3333333333333333,0.0,0.4166666666666667,0.6666666666666666,0.0,0.0,0.0,0.5,0.5833333333333334,0.25,0.25,0.25,0.16666666666666666,0.25
spkr70_60,0.75,0.29411764705882354,0.5294117647058824,0.0,0.0,0.0,0.0,0.0,0.25,0.0,0.0,0.0,0.0,0.0,0.0,0.0,0.0,0.8823529411764706,0.0,0.0,0.35294117647058826,0.0,0.11764705882352941,0.0,0.058823529411764705,0.0,0.0,0.0
spkr70_61,0.7777777777777778,0.1111111111111111,0.4444444444444444,0.0,0.0,0.0,0.0,0.0,0.16666666666666666,0.0,0.0,0.0,0.0,0.0,0.0,0.0,0.0,0.6666666666666666,0.0,0.0,0.0,0.0,0.0,0.0,0.0,0.0,0.16666666666666666,0.0
spkr70_62,0.9,0.2727272727272727,0.2727272727272727,0.0,0.0,0.0,0.0,0.0,0.3,0.0,0.0,0.09090909090909091,0.0,0.18181818181818182,0.0,0.2727272727272727,0.0,1.0,0.0,0.0,0.0,0.0,0.18181818181818182,0.0,0.18181818181818182,0.0,0.0,0.0
spkr70_63,0.8,0.3,0.5,0.5,0.0,0.0,0.0,0.3,0.1,0.1,0.2,0.3,0.0,0.3,0.0,0.0,0.3,0.7,0.5,0.5,0.2,0.1,0.1,0.0,0.1,0.1,0.3,0.0
spkr70_64,0.7058823529411765,0.11764705882352941,0.7058823529411765,0.0,0.0,0.0,0.0,0.0,0.11764705882352941,0.0,0.0,0.0,0.0,0.0,0.0,0.0,0.0,0.8235294117647058,0.0,0.0,0.0,0.0,0.0,0.0,0.11764705882352941,0.0,0.058823529411764705,0.0
spkr70_65,0.4782608695652174,0.391304347826087,0.6521739130434783,0.043478260869565216,0.043478260869565216,0.043478260869565216,0.043478260869565216,0.043478260869565216,0.21739130434782608,0.043478260869565216,0.043478260869565216,0.13043478260869565,0.043478260869565216,0.043478260869565216,0.043478260869565216,0.0,0.043478260869565216,0.5652173913043478,0.08695652173913043,0.043478260869565216,0.43478260869565216,0.043478260869565216,0.08695652173913043,0.043478260869565216,0.43478260869565216,0.043478260869565216,0.08695652173913043,0.043478260869565216
spkr70_66,0.6470588235294118,0.0,0.1111111111111111,0.0,0.0,0.0,0.0,0.0,0.0,0.0,0.0,0.0,0.0,0.0,0.0,0.0,0.0,0.8888888888888888,0.0,0.0,0.0,0.0,0.0,0.0,0.0,0.0,0.0,0.0
spkr70_67,0.6428571428571429,0.7857142857142857,0.6428571428571429,0.35714285714285715,0.0,0.0,0.0,0.0,0.5,0.07142857142857142,0.0,0.0,0.0,0.0,0.0,0.0,0.0,0.7142857142857143,0.35714285714285715,0.35714285714285715,0.07142857142857142,0.0,0.42857142857142855,0.0,0.14285714285714285,0.14285714285714285,0.35714285714285715,0.2857142857142857
spkr70_68,0.6666666666666666,0.15384615384615385,0.38461538461538464,0.0,0.0,0.0,0.0,0.0,0.25,0.0,0.0,0.0,0.0,0.0,0.0,0.0,0.0,0.38461538461538464,0.38461538461538464,0.5384615384615384,0.0,0.0,0.46153846153846156,0.0,0.0,0.07692307692307693,0.07692307692307693,0.07692307692307693
spkr70_69,0.7777777777777778,0.16666666666666666,0.3888888888888889,0.0,0.0,0.0,0.0,0.0,0.1111111111111111,0.0,0.0,0.0,0.0,0.0,0.0,0.0,0.0,0.7777777777777778,0.0,0.05555555555555555,0.0,0.0,0.0,0.0,0.0,0.0,0.0,0.0
spkr70_7,0.7333333333333333,0.4375,0.8125,0.0,0.0,0.125,0.0,0.0,0.13333333333333333,0.0,0.0,0.0,0.0,0.0,0.0,0.0,0.0,0.8125,0.0,0.125,0.125,0.125,0.0,0.0,0.125,0.0,0.25,0.0
spkr70_71,0.8888888888888888,0.10526315789473684,0.42105263157894735,0.0,0.0,0.05263157894736842,0.05263157894736842,0.0,0.3333333333333333,0.0,0.0,0.15789473684210525,0.0,0.05263157894736842,0.05263157894736842,0.0,0.0,0.7368421052631579,0.10526315789473684,0.10526315789473684,0.21052631578947367,0.05263157894736842,0.10526315789473684,0.0,0.0,0.0,0.10526315789473684,0.0
spkr70_72,0.5789473684210527,0.2777777777777778,0.4444444444444444,0.0,0.0,0.0,0.0,0.0,0.15789473684210525,0.1111111111111111,0.0,0.0,0.0,0.0,0.0,0.0,0.0,0.7222222222222222,0.0,0.0,0.2222222222222222,0.1111111111111111,0.2222222222222222,0.0,0.2222222222222222,0.2222222222222222,0.2222222222222222,0.2222222222222222
spkr70_73,0.6363636363636364,0.18181818181818182,0.6363636363636364,0.0,0.0,0.0,0.0,0.0,0.18181818181818182,0.09090909090909091,0.0,0.0,0.0,0.0,0.0,0.45454545454545453,0.0,0.18181818181818182,0.0,0.0,0.0,0.18181818181818182,0.0,0.0,0.18181818181818182,0.0,0.2727272727272727,0.0
spkr70_74,0.7857142857142857,0.2857142857142857,0.5714285714285714,0.0,0.0,0.0,0.0,0.0,0.2857142857142857,0.0,0.0,0.0,0.0,0.0,0.0,0.0,0.0,0.5714285714285714,0.0,0.5714285714285714,0.2857142857142857,0.0,0.14285714285714285,0.0,0.0,0.0,0.07142857142857142,0.0
spkr70_75,0.5294117647058824,0.29411764705882354,0.5294117647058824,0.0,0.0,0.0,0.0,0.0,0.29411764705882354,0.23529411764705882,0.0,0.0,0.0,0.058823529411764705,0.0,0.0,0.0,1.0,0.0,0.23529411764705882,0.17647058823529413,0.23529411764705882,0.29411764705882354,0.29411764705882354,0.23529411764705882,0.35294117647058826,0.35294117647058826,0.29411764705882354
spkr70_8,0.8125,0.3125,0.375,0.0,0.0,0.0,0.0,0.0,0.5625,0.5625,0.0,0.0,0.0,0.0,0.75,0.0,0.0,0.75,0.0,0.0,0.375,0.625,0.5,0.0,0.75,0.5625,0.0,0.0625
spkr70_9,0.6428571428571429,0.2857142857142857,0.6428571428571429,0.07142857142857142,0.07142857142857142,0.07142857142857142,0.07142857142857142,0.0,0.6428571428571429,0.21428571428571427,0.07142857142857142,0.07142857142857142,0.07142857142857142,0.07142857142857142,0.07142857142857142,0.07142857142857142,0.07142857142857142,0.7142857142857143,0.0,0.14285714285714285,0.0,0.07142857142857142,0.14285714285714285,0.07142857142857142,0.2857142857142857,0.21428571428571427,0.07142857142857142,0.21428571428571427
spkr71_1,0.9,0.3,0.8,0.2,0.0,0.3,0.3,0.2,0.4,0.1,0.2,0.2,0.0,0.2,0.0,0.2,0.2,1.0,0.2,0.2,0.5,0.1,0.2,0.0,0.6,0.0,0.1,0.1
spkr71_10,0.4117647058823529,0.0,0.35294117647058826,0.0,0.0,0.0,0.058823529411764705,0.0,0.0,0.0,0.058823529411764705,0.0,0.0,0.11764705882352941,0.0,0.0,0.0,1.0,0.0,0.0,0.11764705882352941,0.0,0.0,0.0,0.0,0.0,0.0,0.0
spkr71_11,1.0,0.9285714285714286,0.5714285714285714,0.35714285714285715,0.14285714285714285,0.14285714285714285,0.14285714285714285,0.14285714285714285,0.35714285714285715,0.2857142857142857,0.07142857142857142,0.14285714285714285,0.14285714285714285,0.21428571428571427,0.14285714285714285,0.21428571428571427,0.14285714285714285,0.9285714285714286,0.21428571428571427,0.35714285714285715,0.2857142857142857,0.21428571428571427,0.35714285714285715,0.35714285714285715,0.21428571428571427,0.42857142857142855,0.35714285714285715,0.35714285714285715
spkr71_12,0.7647058823529411,0.7058823529411765,0.6470588235294118,0.17647058823529413,0.0,0.11764705882352941,0.11764705882352941,0.0,0.5882352941176471,0.0,0.17647058823529413,0.0,0.0,0.17647058823529413,0.0,0.0,0.17647058823529413,0.7058823529411765,0.17647058823529413,0.17647058823529413,0.17647058823529413,0.17647058823529413,0.35294117647058826,0.058823529411764705,0.17647058823529413,0.058823529411764705,0.23529411764705882,0.17647058823529413
spkr71_13,1.0,0.4117647058823529,0.7058823529411765,0.11764705882352941,0.0,0.0,0.23529411764705882,0.0,0.8125,0.17647058823529413,0.11764705882352941,0.0,0.0,0.4117647058823529,0.0,0.0,0.11764705882352941,0.5882352941176471,0.29411764705882354,0.7647058823529411,0.7058823529411765,0.35294117647058826,0.7058823529411765,0.47058823529411764,0.4117647058823529,0.35294117647058826,0.29411764705882354,0.29411764705882354
spkr71_14,0.6470588235294118,0.5882352941176471,0.47058823529411764,0.17647058823529413,0.17647058823529413,0.23529411764705882,0.35294117647058826,0.23529411764705882,0.29411764705882354,0.4117647058823529,0.35294117647058826,0.29411764705882354,0.11764705882352941,0.29411764705882354,0.23529411764705882,0.23529411764705882,0.17647058823529413,0.8823529411764706,0.17647058823529413,0.29411764705882354,0.4117647058823529,0.35294117647058826,0.23529411764705882,0.29411764705882354,0.35294117647058826,0.17647058823529413,0.29411764705882354,0.29411764705882354
spkr71_15,0.6470588235294118,0.47058823529411764,0.6470588235294118,0.0,0.0,0.0,0.11764705882352941,0.058823529411764705,0.4117647058823529,0.11764705882352941,0.17647058823529413,0.0,0.0,0.058823529411764705,0.0,0.0,0.058823529411764705,0.9411764705882353,0.47058823529411764,0.0,0.29411764705882354,0.17647058823529413,0.29411764705882354,0.23529411764705882,0.35294117647058826,0.11764705882352941,0.4117647058823529,0.11764705882352941
spkr71_18,0.6923076923076923,0.19230769230769232,0.4230769230769231,0.07692307692307693,0.0,0.07692307692307693,0.11538461538461539,0.38461538461538464,0.23076923076923078,0.15384615384615385,0.11538461538461539,0.0,0.0,0.11538461538461539,0.0,0.2692307692307692,0.0,0.5,0.11538461538461539,0.11538461538461539,0.19230769230769232,0.23076923076923078,0.23076923076923078,0.11538461538461539,0.23076923076923078,0.11538461538461539,0.15384615384615385,0.11538461538461539
spkr71_19,0.9032258064516129,0.41935483870967744,0.45161290322580644,0.06451612903225806,0.12903225806451613,0.06451612903225806,0.06451612903225806,0.06451612903225806,0.16129032258064516,0.12903225806451613,0.12903225806451613,1.0,0.06451612903225806,0.12903225806451613,0.12903225806451613,0.06451612903225806,0.06451612903225806,0.7741935483870968,0.0967741935483871,0.0967741935483871,0.12903225806451613,0.06451612903225806,0.12903225806451613,0.06451612903225806,0.12903225806451613,0.12903225806451613,0.12903225806451613,0.06451612903225806
spkr71_2,1.0,0.18181818181818182,0.7272727272727273,0.45454545454545453,0.0,0.0,0.0,0.0,0.5454545454545454,0.0,0.0,0.18181818181818182,0.0,0.0,0.0,0.0,0.0,0.9090909090909091,0.7272727272727273,0.8181818181818182,0.09090909090909091,0.0,0.6363636363636364,0.0,0.5454545454545454,0.0,0.36363636363636365,0.0
spkr71_20,0.5416666666666666,0.5769230769230769,0.5769230769230769,0.23076923076923078,0.0,0.0,0.0,0.0,0.2916666666666667,0.15384615384615385,0.11538461538461539,0.0,0.0,0.0,0.0,0.0,0.0,0.8076923076923077,0.38461538461538464,0.23076923076923078,0.11538461538461539,0.19230769230769232,0.2692307692307692,0.07692307692307693,0.2692307692307692,0.34615384615384615,0.4230769230769231,0.0
spkr71_21,0.48,0.2222222222222222,0.18518518518518517,0.1111111111111111,0.0,0.037037037037037035,0.1111111111111111,0.0,0.24,0.1111111111111111,0.14814814814814814,0.18518518518518517,0.1111111111111111,0.1111111111111111,0.037037037037037035,0.0,0.0,0.6296296296296297,0.0,0.1111111111111111,0.3333333333333333,0.1111111111111111,0.14814814814814814,0.07407407407407407,0.14814814814814814,0.1111111111111111,0.07407407407407407,0.2222222222222222
spkr71_22,0.6666666666666666,0.05555555555555555,0.6111111111111112,0.0,0.0,0.0,0.0,0.0,0.16666666666666666,0.0,0.0,0.0,0.0,0.05555555555555555,0.0,0.0,0.0,0.6111111111111112,0.0,0.16666666666666666,0.16666666666666666,0.1111111111111111,0.1111111111111111,0.0,0.1111111111111111,0.0,0.16666666666666666,0.0
spkr71_23,0.85,0.35,0.35,0.0,0.0,0.0,0.0,0.0,0.25,0.0,0.0,0.0,0.0,0.05,0.0,0.0,0.0,0.6,0.0,0.0,0.0,0.0,0.1,0.2,0.2,0.1,0.1,0.2
spkr71_24,0.6470588235294118,0.42105263157894735,0.42105263157894735,0.21052631578947367,0.15789473684210525,0.0,0.0,0.15789473684210525,0.35294117647058826,0.10526315789473684,0.2631578947368421,0.15789473684210525,0.0,0.21052631578947367,0.0,0.0,0.15789473684210525,1.0,0.21052631578947367,0.21052631578947367,0.21052631578947367,0.05263157894736842,0.3684210526315789,0.10526315789473684,0.2631578947368421,0.0,0.0,0.3157894736842105
spkr71_26,0.7777777777777778,0.2631578947368421,0.42105263157894735,0.3157894736842105,0.0,0.0,0.21052631578947367,0.0,0.7777777777777778,0.15789473684210525,0.15789473684210525,0.42105263157894735,0.0,0.21052631578947367,0.0,0.0,0.0,0.7368421052631579,0.21052631578947367,0.5789473684210527,0.3684210526315789,0.47368421052631576,0.6842105263157895,0.2631578947368421,0.42105263157894735,0.15789473684210525,0.3157894736842105,0.10526315789473684
spkr71_28,0.7333333333333333,0.29411764705882354,0.7058823529411765,0.058823529411764705,0.17647058823529413,0.058823529411764705,0.23529411764705882,0.058823529411764705,0.26666666666666666,0.23529411764705882,0.29411764705882354,0.17647058823529413,0.17647058823529413,0.17647058823529413,0.058823529411764705,0.058823529411764705,0.058823529411764705,0.8235294117647058,0.058823529411764705,0.17647058823529413,0.29411764705882354,0.23529411764705882,0.35294117647058826,0.11764705882352941,0.4117647058823529,0.23529411764705882,0.17647058823529413,0.29411764705882354
spkr71_29,0.7333333333333333,0.7333333333333333,0.7333333333333333,0.13333333333333333,0.0,0.13333333333333333,0.13333333333333333,0.13333333333333333,0.4,0.13333333333333333,0.06666666666666667,0.13333333333333333,0.0,0.0,0.0,0.0,0.13333333333333333,0.3333333333333333,0.13333333333333333,0.13333333333333333,0.13333333333333333,0.13333333333333333,0.13333333333333333,0.13333333333333333,0.13333333333333333,0.13333333333333333,0.13333333333333333,0.13333333333333333
spkr71_30,0.5333333333333333,0.3333333333333333,0.5333333333333333,0.0,0.0,0.0,0.0,0.0,0.06666666666666667,0.0,0.0,0.0,0.0,0.0,0.0,0.0,0.0,0.7333333333333333,0.0,0.0,0.0,0.0,0.06666666666666667,0.0,0.13333333333333333,0.0,0.06666666666666667,0.0
spkr71_31,0.6842105263157895,0.05263157894736842,0.42105263157894735,0.0,0.0,0.0,0.0,0.0,0.0,0.0,0.0,0.0,0.0,0.0,0.0,0.0,0.0,0.5263157894736842,0.0,0.0,0.0,0.0,0.0,0.0,0.0,0.0,0.0,0.0
spkr71_33,0.6666666666666666,0.22727272727272727,0.45454545454545453,0.0,0.0,0.0,0.0,0.0,0.6190476190476191,0.0,0.0,0.0,0.0,0.0,0.0,0.0,0.0,0.8181818181818182,0.36363636363636365,0.0,0.18181818181818182,0.0,0.09090909090909091,0.0,0.0,0.0,0.36363636363636365,0.0
spkr71_34,0.6363636363636364,0.2727272727272727,0.45454545454545453,0.2727272727272727,0.22727272727272727,0.36363636363636365,0.4090909090909091,0.2727272727272727,0.4090909090909091,0.45454545454545453,0.36363636363636365,0.22727272727272727,0.22727272727272727,0.36363636363636365,0.0,0.3181818181818182,0.2727272727272727,0.7727272727272727,0.2727272727272727,0.3181818181818182,0.5454545454545454,0.45454545454545453,0.2727272727272727,0.36363636363636365,0.36363636363636365,0.3181818181818182,0.3181818181818182,0.4090909090909091
spkr71_35,0.6428571428571429,0.14285714285714285,0.7142857142857143,0.0,0.21428571428571427,0.21428571428571427,0.0,0.14285714285714285,0.2857142857142857,0.21428571428571427,0.14285714285714285,0.21428571428571427,0.14285714285714285,0.21428571428571427,0.0,0.21428571428571427,0.0,0.7142857142857143,0.0,0.14285714285714285,0.14285714285714285,0.14285714285714285,0.21428571428571427,0.07142857142857142,0.14285714285714285,0.21428571428571427,0.21428571428571427,0.21428571428571427
spkr71_36,0.7777777777777778,0.15,0.4,0.0,0.15,0.0,0.15,0.0,0.5555555555555556,0.05,0.15,0.35,0.0,0.2,0.0,0.0,0.0,0.85,0.15,0.35,0.15,0.25,0.25,0.05,0.45,0.0,0.3,0.15
spkr71_37,0.7857142857142857,0.4,0.6,0.0,0.0,0.0,0.0,0.13333333333333333,0.14285714285714285,0.13333333333333333,0.0,0.0,0.0,0.13333333333333333,0.0,0.0,0.06666666666666667,1.0,0.06666666666666667,0.06666666666666667,0.06666666666666667,0.13333333333333333,0.2,0.0,0.2,0.13333333333333333,0.06666666666666667,0.13333333333333333
spkr71_38,0.9375,0.4666666666666667,0.4,0.3333333333333333,0.0,0.13333333333333333,0.13333333333333333,0.13333333333333333,0.3125,0.26666666666666666,0.4666666666666667,0.4,0.0,0.4,0.0,0.0,0.4,1.0,0.6666666666666666,0.3333333333333333,0.4,0.3333333333333333,0.26666666666666666,0.4,0.4666666666666667,0.4,0.3333333333333333,0.26666666666666666
spkr71_4,0.9285714285714286,0.0,0.5384615384615384,0.0,0.0,0.0,0.0,0.0,0.0,0.0,0.0,0.0,0.0,0.0,0.0,0.0,0.0,0.8461538461538461,0.0,0.0,0.0,0.0,0.0,0.0,0.0,0.0,0.0,0.0
spkr71_40,0.5714285714285714,0.13333333333333333,0.5333333333333333,0.13333333333333333,0.0,0.0,0.0,0.0,0.21428571428571427,0.06666666666666667,0.06666666666666667,0.0,0.0,0.06666666666666667,0.0,0.0,0.0,0.7333333333333333,0.2,0.13333333333333333,0.5333333333333333,0.13333333333333333,0.3333333333333333,0.2,0.13333333333333333,0.13333333333333333,0.13333333333333333,0.0
spkr71_42,0.7272727272727273,0.2727272727272727,0.45454545454545453,0.2727272727272727,0.18181818181818182,0.18181818181818182,0.18181818181818182,0.36363636363636365,0.09090909090909091,0.2727272727272727,0.09090909090909091,0.18181818181818182,0.09090909090909091,0.09090909090909091,0.18181818181818182,0.0,0.18181818181818182,0.8181818181818182,0.5454545454545454,0.18181818181818182,0.18181818181818182,0.18181818181818182,0.09090909090909091,0.18181818181818182,0.18181818181818182,0.18181818181818182,0.09090909090909091,0.18181818181818182
spkr71_43,0.8461538461538461,0.5384615384615384,0.46153846153846156,0.0,0.0,0.0,0.0,0.0,0.15384615384615385,0.07692307692307693,0.15384615384615385,0.23076923076923078,0.0,0.3076923076923077,0.0,0.3076923076923077,0.0,0.7692307692307693,0.0,0.23076923076923078,0.6923076923076923,0.0,0.23076923076923078,0.23076923076923078,0.3076923076923077,0.07692307692307693,0.07692307692307693,0.0
spkr71_44,1.0,0.3125,0.5625,0.25,0.125,0.3125,0.25,0.25,0.5,0.25,0.3125,0.25,0.25,0.3125,0.1875,0.25,0.25,0.8125,0.25,0.25,0.5,0.1875,0.3125,0.3125,0.25,0.25,0.3125,0.25
spkr71_45,0.8,0.9090909090909091,0.8181818181818182,0.2727272727272727,0.0,0.0,0.18181818181818182,0.09090909090909091,0.7,0.09090909090909091,0.09090909090909091,1.0,0.09090909090909091,0.2727272727272727,0.0,1.0,0.18181818181818182,0.9090909090909091,0.2727272727272727,0.2727272727272727,0.45454545454545453,0.18181818181818182,0.45454545454545453,0.09090909090909091,0.6363636363636364,0.09090909090909091,0.09090909090909091,0.5454545454545454
spkr71_46,1.0,0.2,0.4666666666666667,0.06666666666666667,0.0,0.0,0.0,0.0,0.13333333333333333,0.0,0.0,0.06666666666666667,0.0,0.06666666666666667,0.0,0.0,0.0,0.3333333333333333,0.06666666666666667,0.06666666666666667,0.3333333333333333,0.0,0.2,0.06666666666666667,0.06666666666666667,0.0,0.06666666666666667,0.2
spkr71_5,0.6666666666666666,0.4,0.4666666666666667,0.13333333333333333,0.0,0.0,0.0,0.2,0.4666666666666667,0.13333333333333333,0.13333333333333333,0.26666666666666666,0.13333333333333333,0.13333333333333333,0.26666666666666666,0.3333333333333333,0.13333333333333333,0.8,0.0,0.2,0.26666666666666666,0.2,0.2,0.13333333333333333,0.2,0.13333333333333333,0.2,0.13333333333333333
spkr71_50,0.7,0.41935483870967744,0.5483870967741935,0.0,0.0,0.0,0.0,0.12903225806451613,0.5333333333333333,0.1935483870967742,0.12903225806451613,0.06451612903225806,0.0,0.1935483870967742,0.0,0.12903225806451613,0.22580645161290322,0.8064516129032258,0.45161290322580644,0.3225806451612903,0.3870967741935484,0.0,0.2903225806451613,0.12903225806451613,0.3225806451612903,0.25806451612903225,0.1935483870967742,0.12903225806451613
spkr71_51,0.7142857142857143,0.2857142857142857,0.5,0.35714285714285715,0.0,0.0,0.0,0.0,0.14285714285714285,0.14285714285714285,0.07142857142857142,0.0,0.07142857142857142,0.07142857142857142,0.0,0.2857142857142857,0.0,0.07142857142857142,0.5714285714285714,0.21428571428571427,0.35714285714285715,0.14285714285714285,0.2857142857142857,0.07142857142857142,0.2857142857142857,0.07142857142857142,0.21428571428571427,0.0
spkr71_52,0.6363636363636364,0.2727272727272727,0.5454545454545454,0.0,0.0,0.0,0.0,0.0,0.09090909090909091,0.09090909090909091,0.0,0.0,0.0,0.0,0.0,0.0,0.0,0.7272727272727273,0.0,0.0,0.0,0.18181818181818182,0.2727272727272727,0.0,0.18181818181818182,0.0,0.09090909090909091,0.0
spkr71_53,0.6,0.2,0.6666666666666666,0.06666666666666667,0.06666666666666667,0.06666666666666667,0.13333333333333333,0.06666666666666667,0.13333333333333333,0.13333333333333333,0.06666666666666667,0.0,0.06666666666666667,0.13333333333333333,0.06666666666666667,0.4,0.13333333333333333,0.9333333333333333,0.06666666666666667,0.06666666666666667,0.4,0.06666666666666667,0.13333333333333333,0.06666666666666667,0.13333333333333333,0.13333333333333333,0.13333333333333333,0.13333333333333333
spkr71_54,0.8333333333333334,0.8571428571428571,0.8571428571428571,0.0,0.0,0.0,0.0,0.0,0.8333333333333334,0.14285714285714285,0.0,0.42857142857142855,0.0,0.2857142857142857,0.0,0.0,0.0,0.8571428571428571,0.42857142857142855,0.0,0.2857142857142857,0.2857142857142857,0.42857142857142855,0.2857142857142857,0.5714285714285714,0.14285714285714285,0.8571428571428571,0.2857142857142857
spkr71_55,0.8,0.17647058823529413,0.5294117647058824,0.23529411764705882,0.058823529411764705,0.17647058823529413,0.17647058823529413,0.058823529411764705,0.2,0.11764705882352941,0.11764705882352941,0.23529411764705882,0.17647058823529413,0.17647058823529413,0.17647058823529413,0.17647058823529413,0.11764705882352941,0.8823529411764706,0.17647058823529413,0.23529411764705882,0.058823529411764705,0.29411764705882354,0.23529411764705882,0.058823529411764705,0.11764705882352941,0.11764705882352941,0.11764705882352941,0.058823529411764705
spkr71_56,0.8,0.5,0.7,0.4,0.2,0.2,0.2,0.2,0.7,0.3,0.5,0.6,0.3,0.6,0.0,0.3,0.3,0.6,0.3,0.5,0.1,0.5,0.5,0.4,0.5,0.3,0.5,0.2
spkr71_57,1.0,0.29411764705882354,0.6470588235294118,0.0,0.0,0.0,0.0,0.0,0.3333333333333333,0.058823529411764705,0.0,0.17647058823529413,0.0,0.0,0.0,0.0,0.0,0.8823529411764706,0.0,0.0,0.0,0.058823529411764705,0.11764705882352941,0.0,0.5294117647058824,0.058823529411764705,0.11764705882352941,0.0
spkr71_58,0.8095238095238095,0.09090909090909091,0.6363636363636364,0.0,0.0,0.0,0.0,0.0,0.3333333333333333,0.0,0.0,0.0,0.0,0.0,0.0,0.0,0.0,0.8636363636363636,0.0,0.0,0.0,0.0,0.045454545454545456,0.0,0.0,0.0,0.09090909090909091,0.0
spkr71_59,0.6363636363636364,0.5454545454545454,0.6363636363636364,0.5454545454545454,0.18181818181818182,0.2727272727272727,0.09090909090909091,0.45454545454545453,0.6363636363636364,0.45454545454545453,0.0,0.36363636363636365,0.09090909090909091,0.6363636363636364,0.0,0.0,0.45454545454545453,1.0,0.45454545454545453,0.45454545454545453,0.0,0.5454545454545454,0.9090909090909091,0.36363636363636365,0.6363636363636364,0.9090909090909091,0.09090909090909091,0.45454545454545453
spkr71_6,0.6666666666666666,0.6666666666666666,0.75,0.6666666666666666,0.0,0.0,0.0,0.6666666666666666,0.25,0.08333333333333333,0.5833333333333334,0.5833333333333334,0.0,0.6666666666666666,0.3333333333333333,0.0,0.5833333333333334,1.0,0.4166666666666667,0.4166666666666667,0.5833333333333334,0.4166666666666667,0.5,0.5,0.3333333333333333,0.5,0.6666666666666666,0.5
spkr71_60,1.0,0.7647058823529411,0.8235294117647058,0.17647058823529413,0.0,0.0,0.0,0.0,0.25,0.0,0.11764705882352941,0.17647058823529413,0.0,0.058823529411764705,0.0,0.0,0.0,0.5882352941176471,0.17647058823529413,0.17647058823529413,0.35294117647058826,0.0,0.47058823529411764,0.11764705882352941,0.0,0.0,0.23529411764705882,0.11764705882352941
spkr71_61,0.8333333333333334,0.2777777777777778,0.5555555555555556,0.0,0.0,0.0,0.0,0.0,0.4444444444444444,0.1111111111111111,0.05555555555555555,0.1111111111111111,0.0,0.1111111111111111,0.0,0.0,0.0,0.8888888888888888,0.2777777777777778,0.0,0.16666666666666666,0.0,0.05555555555555555,0.0,0.05555555555555555,0.1111111111111111,0.2777777777777778,0.1111111111111111
spkr71_62,1.0,0.2727272727272727,0.18181818181818182,0.0,0.0,0.0,0.0,0.0,0.6,0.18181818181818182,0.0,0.0,0.0,0.0,0.0,0.0,0.0,1.0,0.0,0.0,0.0,0.5454545454545454,0.45454545454545453,0.0,0.6363636363636364,0.18181818181818182,0.0,0.0
spkr71_63,0.9,0.5,0.9,0.3,0.0,0.0,0.0,0.3,0.0,0.3,0.0,0.0,0.0,0.2,0.0,0.0,0.3,0.5,0.3,0.3,0.7,0.3,0.3,0.0,0.4,0.2,0.0,0.0
spkr71_64,0.4117647058823529,0.11764705882352941,0.5294117647058824,0.11764705882352941,0.0,0.0,0.11764705882352941,0.0,0.11764705882352941,0.11764705882352941,0.0,0.0,0.0,0.23529411764705882,0.0,0.0,0.0,0.9411764705882353,0.0,0.11764705882352941,0.11764705882352941,0.11764705882352941,0.0,0.11764705882352941,0.11764705882352941,0.0,0.35294117647058826,0.0
spkr71_65,0.9130434782608695,0.5652173913043478,0.782608695652174,0.08695652173913043,0.30434782608695654,0.0,0.043478260869565216,0.08695652173913043,0.5652173913043478,0.30434782608695654,0.2608695652173913,0.30434782608695654,0.34782608695652173,0.0,0.0,0.0,0.34782608695652173,0.7391304347826086,0.21739130434782608,0.34782608695652173,0.30434782608695654,0.391304347826087,0.34782608695652173,0.0,0.30434782608695654,0.0,0.21739130434782608,0.17391304347826086
spkr71_66,0.7647058823529411,0.2777777777777778,0.3888888888888889,0.2222222222222222,0.2222222222222222,0.2222222222222222,0.2222222222222222,0.2222222222222222,0.35294117647058826,0.2222222222222222,0.2222222222222222,0.0,0.0,0.3333333333333333,0.05555555555555555,0.2222222222222222,0.2222222222222222,0.5555555555555556,0.2222222222222222,0.2222222222222222,0.3333333333333333,0.3333333333333333,0.2222222222222222,0.05555555555555555,0.16666666666666666,0.2777777777777778,0.3888888888888889,0.16666666666666666
spkr71_67,0.8571428571428571,0.6428571428571429,0.5,0.14285714285714285,0.0,0.0,0.0,0.0,0.2857142857142857,0.0,0.0,0.0,0.0,0.0,0.0,0.0,0.0,0.9285714285714286,0.14285714285714285,0.0,0.21428571428571427,0.0,0.2857142857142857,0.0,0.21428571428571427,0.0,0.0,0.21428571428571427
spkr71_68,0.8333333333333334,0.6153846153846154,0.6923076923076923,0.5384615384615384,0.5384615384615384,0.38461538461538464,0.6923076923076923,0.5384615384615384,0.5,0.38461538461538464,0.38461538461538464,0.5384615384615384,0.5384615384615384,0.5384615384615384,0.6923076923076923,0.5384615384615384,0.5384615384615384,0.8461538461538461,0.5384615384615384,0.8461538461538461,0.46153846153846156,0.46153846153846156,0.46153846153846156,0.38461538461538464,0.6923076923076923,0.46153846153846156,0.6153846153846154,0.38461538461538464
spkr71_69,0.6111111111111112,0.3888888888888889,0.6111111111111112,0.0,0.0,0.0,0.0,0.0,0.3888888888888889,0.0,0.0,0.0,0.0,0.05555555555555555,0.0,0.0,0.0,0.7222222222222222,0.0,0.0,0.0,0.0,0.5555555555555556,0.16666666666666666,0.3888888888888889,0.0,0.05555555555555555,0.2777777777777778
spkr71_7,0.8,0.1875,0.75,0.0,0.0,0.0,0.0,0.0625,0.3333333333333333,0.1875,0.125,0.125,0.0,0.25,0.0625,0.0,0.0,0.9375,0.25,0.3125,0.3125,0.125,0.125,0.1875,0.125,0.125,0.1875,0.125
spkr71_70,0.625,0.3125,0.5,0.125,0.0,0.0,0.0,0.125,0.25,0.0,0.0,0.125,0.0,0.0,0.0,0.0,0.125,0.9375,0.125,0.125,0.0625,0.0,0.1875,0.0,0.375,0.0,0.0,0.0
spkr71_71,0.8888888888888888,0.21052631578947367,0.42105263157894735,0.15789473684210525,0.0,0.0,0.10526315789473684,0.15789473684210525,0.3888888888888889,0.15789473684210525,0.21052631578947367,0.21052631578947367,0.10526315789473684,0.15789473684210525,0.10526315789473684,0.15789473684210525,0.10526315789473684,1.0,0.10526315789473684,0.15789473684210525,0.2631578947368421,0.21052631578947367,0.15789473684210525,0.10526315789473684,0.21052631578947367,0.21052631578947367,0.21052631578947367,0.10526315789473684
spkr71_72,0.7368421052631579,0.6111111111111112,0.6666666666666666,0.0,0.0,0.0,0.0,0.0,0.5263157894736842,0.2777777777777778,0.2222222222222222,0.0,0.0,0.1111111111111111,0.0,0.0,0.0,0.8888888888888888,0.0,0.2222222222222222,0.3333333333333333,0.2222222222222222,0.2222222222222222,0.2222222222222222,0.2222222222222222,0.2222222222222222,0.5,0.2222222222222222
spkr71_73,0.9090909090909091,0.18181818181818182,0.45454545454545453,0.0,0.0,0.0,0.0,0.0,0.45454545454545453,0.09090909090909091,0.0,0.0,0.0,0.0,0.0,0.0,0.0,0.9090909090909091,0.0,0.0,0.0,0.8181818181818182,0.0,0.0,0.5454545454545454,0.2727272727272727,0.18181818181818182,0.0
spkr71_74,0.5714285714285714,0.5,0.5714285714285714,0.0,0.0,0.0,0.0,0.0,0.14285714285714285,0.0,0.0,0.0,0.0,0.35714285714285715,0.0,0.0,0.0,1.0,0.42857142857142855,0.2857142857142857,0.35714285714285715,0.0,0.2857142857142857,0.0,0.14285714285714285,0.0,0.2857142857142857,0.14285714285714285
spkr71_75,0.5882352941176471,0.17647058823529413,0.4117647058823529,0.0,0.0,0.0,0.0,0.0,0.29411764705882354,0.23529411764705882,0.0,0.0,0.0,0.0,0.0,0.0,0.0,1.0,0.0,0.17647058823529413,0.17647058823529413,0.0,0.5294117647058824,0.058823529411764705,0.23529411764705882,0.23529411764705882,0.4117647058823529,0.29411764705882354
spkr71_8,1.0,0.1875,0.5625,0.0,0.0,0.0,0.0,0.0,0.375,0.125,0.1875,0.0,0.0,0.0,0.75,0.0,0.0,0.875,0.0,0.0,0.1875,0.0,0.25,0.0,0.4375,0.125,0.125,0.0
spkr71_9,0.6428571428571429,0.7857142857142857,0.5714285714285714,0.21428571428571427,0.07142857142857142,0.14285714285714285,0.21428571428571427,0.07142857142857142,0.14285714285714285,0.21428571428571427,0.14285714285714285,0.07142857142857142,0.07142857142857142,0.21428571428571427,0.07142857142857142,0.21428571428571427,0.07142857142857142,0.7142857142857143,0.07142857142857142,0.07142857142857142,0.2857142857142857,0.14285714285714285,0.07142857142857142,0.21428571428571427,0.21428571428571427,0.07142857142857142,0.2857142857142857,0.07142857142857142
spkr82_1,0.6,0.1,0.6,0.0,0.0,0.0,0.0,0.0,0.1,0.0,0.0,0.0,0.0,0.0,0.0,0.0,0.0,1.0,0.0,0.0,0.0,0.0,0.0,0.0,0.2,0.1,0.1,0.0
spkr82_10,0.29411764705882354,0.0,0.47058823529411764,0.0,0.0,0.0,0.0,0.0,0.0,0.0,0.058823529411764705,0.0,0.0,0.058823529411764705,0.0,0.0,0.0,0.5294117647058824,0.0,0.0,0.0,0.0,0.0,0.0,0.0,0.0,0.0,0.0
spkr82_11,0.5,0.21428571428571427,0.5714285714285714,0.14285714285714285,0.0,0.07142857142857142,0.07142857142857142,0.14285714285714285,0.07142857142857142,0.07142857142857142,0.07142857142857142,0.14285714285714285,0.0,0.21428571428571427,0.0,0.0,0.14285714285714285,0.6428571428571429,0.14285714285714285,0.35714285714285715,0.14285714285714285,0.07142857142857142,0.35714285714285715,0.07142857142857142,0.21428571428571427,0.14285714285714285,0.14285714285714285,0.07142857142857142
spkr82_12,0.7647058823529411,0.058823529411764705,0.6470588235294118,0.0,0.0,0.0,0.0,0.0,0.0,0.0,0.0,0.0,0.0,0.0,0.0,0.0,0.0,0.4117647058823529,0.0,0.058823529411764705,0.11764705882352941,0.0,0.0,0.0,0.0,0.0,0.058823529411764705,0.0
spkr82_13,0.625,0.058823529411764705,0.47058823529411764,0.0,0.0,0.0,0.0,0.0,0.125,0.0,0.0,0.0,0.0,0.0,0.0,0.0,0.0,0.35294117647058826,0.0,0.0,0.058823529411764705,0.0,0.058823529411764705,0.0,0.0,0.0,0.058823529411764705,0.058823529411764705
spkr82_14,0.5294117647058824,0.4117647058823529,0.4117647058823529,0.0,0.0,0.0,0.0,0.0,0.058823529411764705,0.0,0.0,0.0,0.23529411764705882,0.23529411764705882,0.0,0.0,0.0,0.4117647058823529,0.0,0.0,0.23529411764705882,0.0,0.0,0.0,0.058823529411764705,0.0,0.0,0.0
spkr82_15,0.6470588235294118,0.23529411764705882,0.4117647058823529,0.0,0.0,0.0,0.0,0.0,0.29411764705882354,0.35294117647058826,0.0,0.0,0.058823529411764705,0.0,0.0,0.0,0.0,0.6470588235294118,0.0,0.0,0.0,0.058823529411764705,0.0,0.058823529411764705,0.35294117647058826,0.058823529411764705,0.5294117647058824,0.17647058823529413
spkr82_18,0.7692307692307693,0.11538461538461539,0.5,0.0,0.0,0.0,0.0,0.0,0.07692307692307693,0.0,0.0,0.0,0.0,0.0,0.0,0.0,0.0,0.0,0.0,0.0,0.0,0.0,0.07692307692307693,0.0,0.15384615384615385,0.0,0.0,0.0
spkr82_19,0.3225806451612903,0.03225806451612903,0.25806451612903225,0.0,0.0,0.0,0.0,0.0,0.0,0.0,0.0,0.0,0.0,0.0,0.0,0.0,0.0,0.5161290322580645,0.0,0.0,0.0,0.0,0.0,0.0,0.0,0.0,0.0,0.0
spkr82_2,0.7272727272727273,0.45454545454545453,0.45454545454545453,0.09090909090909091,0.0,0.0,0.0,0.0,0.2727272727272727,0.0,0.0,0.0,0.0,0.0,0.0,0.0,0.0,1.0,0.0,0.6363636363636364,0.0,0.5454545454545454,0.09090909090909091,0.0,0.18181818181818182,0.0,0.2727272727272727,0.0
spkr82_20,0.7083333333333334,0.19230769230769232,0.5384615384615384,0.0,0.0,0.0,0.0,0.0,0.20833333333333334,0.0,0.0,0.0,0.0,0.0,0.0,0.0,0.0,0.3076923076923077,0.0,0.0,0.0,0.0,0.0,0.0,0.11538461538461539,0.0,0.19230769230769232,0.11538461538461539
spkr82_21,0.52,0.18518518518518517,0.3333333333333333,0.0,0.0,0.0,0.0,0.0,0.08,0.07407407407407407,0.037037037037037035,0.037037037037037035,0.0,0.0,0.0,0.0,0.0,0.4074074074074074,0.0,0.037037037037037035,0.0,0.037037037037037035,0.1111111111111111,0.0,0.1111111111111111,0.1111111111111111,0.1111111111111111,0.0
spkr82_22,0.8333333333333334,0.05555555555555555,0.3888888888888889,0.0,0.0,0.0,0.0,0.0,0.05555555555555555,0.0,0.0,0.0,0.05555555555555555,0.1111111111111111,0.0,0.0,0.0,0.3888888888888889,0.0,0.0,0.0,0.0,0.0,0.0,0.0,0.0,0.0,0.0
spkr82_23,0.5,0.05,0.4,0.0,0.0,0.0,0.0,0.0,0.05,0.0,0.0,0.0,0.0,0.0,0.0,0.0,0.0,0.45,0.0,0.0,0.0,0.0,0.0,0.0,0.0,0.0,0.0,0.0
spkr82_24,0.7058823529411765,0.3157894736842105,0.3684210526315789,0.0,0.0,0.0,0.0,0.10526315789473684,0.11764705882352941,0.10526315789473684,0.05263157894736842,0.10526315789473684,0.0,0.05263157894736842,0.0,0.0,0.0,0.5789473684210527,0.10526315789473684,0.05263157894736842,0.0,0.05263157894736842,0.10526315789473684,0.05263157894736842,0.10526315789473684,0.10526315789473684,0.0,0.05263157894736842
spkr82_26,0.7222222222222222,0.0,0.15789473684210525,0.0,0.0,0.0,0.0,0.0,0.1111111111111111,0.0,0.0,0.0,0.0,0.0,0.0,0.0,0.0,0.21052631578947367,0.0,0.21052631578947367,0.0,0.0,0.0,0.0,0.0,0.0,0.10526315789473684,0.0
spkr82_28,0.6,0.058823529411764705,0.35294117647058826,0.0,0.0,0.0,0.0,0.0,0.0,0.0,0.0,0.0,0.0,0.0,0.0,0.0,0.0,0.29411764705882354,0.0,0.0,0.0,0.0,0.0,0.0,0.058823529411764705,0.0,0.0,0.0
spkr82_29,0.3333333333333333,0.26666666666666666,0.3333333333333333,0.0,0.0,0.0,0.0,0.0,0.06666666666666667,0.0,0.0,0.0,0.0,0.0,0.0,0.0,0.0,0.13333333333333333,0.0,0.0,0.2,0.0,0.06666666666666667,0.0,0.0,0.0,0.0,0.0
spkr82_30,0.6,0.2,0.6666666666666666,0.0,0.0,0.0,0.0,0.0,0.13333333333333333,0.06666666666666667,0.0,0.06666666666666667,0.0,0.13333333333333333,0.0,0.0,0.0,0.3333333333333333,0.0,0.0,0.0,0.13333333333333333,0.13333333333333333,0.0,0.13333333333333333,0.13333333333333333,0.2,0.0
spkr82_31,0.5789473684210527,0.21052631578947367,0.3157894736842105,0.0,0.0,0.0,0.0,0.0,0.05263157894736842,0.0,0.0,0.0,0.0,0.0,0.0,0.0,0.0,0.15789473684210525,0.0,0.0,0.0,0.0,0.0,0.0,0.15789473684210525,0.0,0.10526315789473684,0.0
spkr82_33,0.5714285714285714,0.13636363636363635,0.45454545454545453,0.0,0.0,0.0,0.0,0.0,0.19047619047619047,0.0,0.0,0.0,0.0,0.09090909090909091,0.0,0.0,0.0,0.6818181818181818,0.0,0.0,0.0,0.0,0.045454545454545456,0.0,0.0,0.0,0.045454545454545456,0.0
spkr82_34,0.45454545454545453,0.18181818181818182,0.4090909090909091,0.09090909090909091,0.0,0.09090909090909091,0.09090909090909091,0.2727272727272727,0.2727272727272727,0.3181818181818182,0.09090909090909091,0.09090909090909091,0.3181818181818182,0.09090909090909091,0.13636363636363635,0.09090909090909091,0.09090909090909091,0.45454545454545453,0.13636363636363635,0.22727272727272727,0.36363636363636365,0.2727272727272727,0.22727272727272727,0.22727272727272727,0.09090909090909091,0.22727272727272727,0.09090909090909091,0.13636363636363635
spkr82_35,0.5714285714285714,0.0,0.35714285714285715,0.0,0.0,0.0,0.0,0.0,0.07142857142857142,0.0,0.0,0.0,0.0,0.0,0.0,0.14285714285714285,0.0,0.0,0.07142857142857142,0.14285714285714285,0.0,0.0,0.14285714285714285,0.0,0.0,0.0,0.0,0.0
spkr82_36,0.8888888888888888,0.0,0.4,0.0,0.0,0.0,0.0,0.0,0.2222222222222222,0.0,0.0,0.0,0.0,0.0,0.0,0.0,0.0,0.2,0.0,0.0,0.0,0.0,0.0,0.0,0.0,0.0,0.0,0.0
spkr82_37,0.7857142857142857,0.13333333333333333,0.4666666666666667,0.0,0.0,0.0,0.0,0.0,0.0,0.0,0.0,0.0,0.0,0.0,0.0,0.0,0.0,1.0,0.0,0.0,0.0,0.0,0.0,0.0,0.0,0.0,0.0,0.06666666666666667
spkr82_38,0.5625,0.26666666666666666,0.6666666666666666,0.0,0.0,0.0,0.0,0.0,0.125,0.0,0.06666666666666667,0.0,0.0,0.0,0.0,0.0,0.0,0.13333333333333333,0.06666666666666667,0.06666666666666667,0.0,0.0,0.0,0.0,0.13333333333333333,0.0,0.0,0.0
spkr82_4,0.6428571428571429,0.0,0.38461538461538464,0.0,0.0,0.0,0.0,0.0,0.07142857142857142,0.0,0.0,0.0,0.0,0.0,0.0,0.0,0.0,0.15384615384615385,0.0,0.0,0.38461538461538464,0.0,0.0,0.0,0.0,0.0,0.07692307692307693,0.0
spkr82_40,0.7142857142857143,0.3333333333333333,0.6,0.0,0.0,0.0,0.0,0.0,0.07142857142857142,0.0,0.13333333333333333,0.0,0.0,0.0,0.0,0.0,0.2,0.2,0.0,0.0,0.26666666666666666,0.0,0.2,0.0,0.2,0.0,0.13333333333333333,0.2
spkr82_42,0.8181818181818182,0.18181818181818182,0.6363636363636364,0.36363636363636365,0.0,0.0,0.0,0.0,0.09090909090909091,0.0,0.0,0.0,0.0,0.0,0.0,0.0,0.0,0.36363636363636365,0.36363636363636365,0.36363636363636365,0.5454545454545454,0.0,0.18181818181818182,0.0,0.0,0.0,0.0,0.09090909090909091
spkr82_43,0.46153846153846156,0.23076923076923078,0.38461538461538464,0.0,0.0,0.0,0.0,0.0,0.07692307692307693,0.0,0.0,0.0,0.0,0.07692307692307693,0.0,0.3076923076923077,0.0,0.23076923076923078,0.07692307692307693,0.0,0.38461538461538464,0.07692307692307693,0.07692307692307693,0.0,0.07692307692307693,0.07692307692307693,0.15384615384615385,0.07692307692307693
spkr82_44,0.4375,0.1875,0.3125,0.0625,0.0625,0.0625,0.0625,0.0625,0.1875,0.0625,0.0625,0.0625,0.0625,0.0625,0.0625,0.0625,0.0625,0.1875,0.0625,0.125,0.0625,0.0625,0.0625,0.0625,0.0625,0.0625,0.0625,0.0625
spkr82_45,0.8,0.18181818181818182,0.36363636363636365,0.0,0.0,0.0,0.09090909090909091,0.09090909090909091,0.3,0.0,0.0,0.18181818181818182,0.0,0.0,0.0,0.0,0.0,0.7272727272727273,0.09090909090909091,0.0,0.18181818181818182,0.09090909090909091,0.36363636363636365,0.0,0.0,0.0,0.0,0.0
spkr82_46,0.6666666666666666,0.13333333333333333,0.4,0.0,0.0,0.0,0.0,0.0,0.06666666666666667,0.0,0.0,0.0,0.0,0.0,0.0,0.0,0.0,0.0,0.0,0.0,0.0,0.0,0.0,0.0,0.0,0.0,0.06666666666666667,0.0
spkr82_5,0.6,0.26666666666666666,0.4666666666666667,0.0,0.0,0.0,0.0,0.0,0.06666666666666667,0.0,0.06666666666666667,0.0,0.0,0.0,0.0,0.06666666666666667,0.06666666666666667,0.4,0.0,0.06666666666666667,0.3333333333333333,0.06666666666666667,0.4,0.0,0.5333333333333333,0.06666666666666667,0.13333333333333333,0.06666666666666667
spkr82_50,0.7333333333333333,0.0,0.45161290322580644,0.0,0.0,0.0,0.0,0.0,0.03333333333333333,0.0,0.0,0.0,0.0,0.0,0.0,0.0,0.0,0.3225806451612903,0.0,0.0,0.16129032258064516,0.0,0.0,0.0,0.0,0.0,0.0,0.0
spkr82_51,1.0,0.2857142857142857,0.21428571428571427,0.0,0.0,0.0,0.0,0.07142857142857142,0.21428571428571427,0.0,0.0,0.0,0.0,0.0,0.07142857142857142,0.0,0.0,0.8571428571428571,0.35714285714285715,0.2857142857142857,0.07142857142857142,0.07142857142857142,0.14285714285714285,0.07142857142857142,0.0,0.07142857142857142,0.14285714285714285,0.0
spkr82_52,0.6363636363636364,0.18181818181818182,0.7272727272727273,0.0,0.0,0.0,0.0,0.0,0.09090909090909091,0.09090909090909091,0.0,0.0,0.0,0.0,0.0,0.0,0.0,0.7272727272727273,0.0,0.0,0.0,0.09090909090909091,0.0,0.0,0.09090909090909091,0.0,0.09090909090909091,0.0
spkr82_53,0.4666666666666667,0.13333333333333333,0.4666666666666667,0.2,0.13333333333333333,0.06666666666666667,0.13333333333333333,0.2,0.13333333333333333,0.06666666666666667,0.06666666666666667,0.2,0.13333333333333333,0.13333333333333333,0.06666666666666667,0.8666666666666667,0.2,0.4,0.2,0.2,0.2,0.2,0.2,0.13333333333333333,0.06666666666666667,0.06666666666666667,0.13333333333333333,0.13333333333333333
spkr82_54,1.0,0.5714285714285714,0.8571428571428571,0.0,0.0,0.0,0.0,0.0,0.6666666666666666,0.0,0.0,0.14285714285714285,0.0,0.0,0.0,0.0,0.0,0.7142857142857143,0.2857142857142857,0.0,0.0,0.2857142857142857,0.0,0.2857142857142857,0.42857142857142855,0.2857142857142857,0.42857142857142855,0.0
spkr82_55,0.6666666666666666,0.35294117647058826,0.5882352941176471,0.17647058823529413,0.0,0.0,0.17647058823529413,0.17647058823529413,0.4,0.0,0.058823529411764705,0.17647058823529413,0.0,0.058823529411764705,0.0,0.0,0.17647058823529413,0.29411764705882354,0.47058823529411764,0.17647058823529413,0.058823529411764705,0.058823529411764705,0.29411764705882354,0.0,0.11764705882352941,0.058823529411764705,0.17647058823529413,0.058823529411764705
spkr82_56,0.6,0.3,0.4,0.0,0.0,0.0,0.0,0.0,0.0,0.0,0.0,0.0,0.0,0.1,0.0,0.0,0.0,0.7,0.0,0.3,0.2,0.0,0.3,0.0,0.5,0.0,0.0,0.0
spkr82_57,0.7333333333333333,0.23529411764705882,0.5882352941176471,0.0,0.0,0.0,0.0,0.0,0.3333333333333333,0.0,0.0,0.0,0.0,0.11764705882352941,0.0,0.0,0.0,0.23529411764705882,0.0,0.0,0.0,0.0,0.058823529411764705,0.058823529411764705,0.058823529411764705,0.058823529411764705,0.11764705882352941,0.11764705882352941
spkr82_58,0.5238095238095238,0.13636363636363635,0.2727272727272727,0.0,0.0,0.0,0.0,0.0,0.23809523809523808,0.0,0.0,0.0,0.0,0.0,0.0,0.0,0.0,0.22727272727272727,0.0,0.0,0.0,0.0,0.09090909090909091,0.0,0.0,0.0,0.0,0.0
spkr82_59,0.45454545454545453,0.0,0.5454545454545454,0.0,0.0,0.0,0.0,0.0,0.0,0.0,0.2727272727272727,0.0,0.0,0.0,0.0,0.0,0.0,0.0,0.0,0.0,0.0,0.0,0.18181818181818182,0.2727272727272727,0.2727272727272727,0.0,0.18181818181818182,0.18181818181818182
spkr82_6,0.5833333333333334,0.5,0.5,0.3333333333333333,0.0,0.0,0.0,0.0,0.08333333333333333,0.0,0.16666666666666666,0.08333333333333333,0.0,0.25,0.3333333333333333,0.0,0.0,0.5,0.0,0.3333333333333333,0.0,0.0,0.25,0.16666666666666666,0.16666666666666666,0.0,0.16666666666666666,0.16666666666666666
spkr82_60,0.625,0.35294117647058826,0.47058823529411764,0.0,0.0,0.0,0.0,0.0,0.25,0.0,0.11764705882352941,0.0,0.0,0.0,0.0,0.0,0.0,0.5294117647058824,0.0,0.0,0.23529411764705882,0.0,0.0,0.0,0.058823529411764705,0.0,0.0,0.0
spkr82_61,0.6666666666666666,0.3333333333333333,0.4444444444444444,0.0,0.0,0.0,0.0,0.0,0.1111111111111111,0.05555555555555555,0.16666666666666666,0.0,0.0,0.0,0.0,0.0,0.0,0.5,0.0,0.05555555555555555,0.0,0.05555555555555555,0.1111111111111111,0.05555555555555555,0.05555555555555555,0.05555555555555555,0.05555555555555555,0.05555555555555555
spkr82_62,1.0,0.2727272727272727,0.18181818181818182,0.0,0.0,0.0,0.0,0.0,0.2,0.0,0.0,0.0,0.0,0.09090909090909091,0.0,0.0,0.0,0.0,0.0,0.0,0.0,0.0,0.0,0.0,0.0,0.0,0.0,0.0
spkr82_63,0.7,0.1,0.8,0.0,0.0,0.0,0.0,0.0,0.0,0.0,0.0,0.0,0.0,0.0,0.0,0.0,0.0,0.0,0.0,0.0,0.1,0.0,0.0,0.0,0.3,0.0,0.0,0.0
spkr82_64,0.47058823529411764,0.11764705882352941,0.8235294117647058,0.0,0.0,0.0,0.0,0.0,0.058823529411764705,0.0,0.0,0.0,0.0,0.0,0.0,0.0,0.0,0.23529411764705882,0.0,0.0,0.0,0.0,0.0,0.0,0.0,0.0,0.0,0.0
spkr82_65,0.30434782608695654,0.30434782608695654,0.43478260869565216,0.0,0.0,0.0,0.0,0.0,0.08695652173913043,0.0,0.0,0.0,0.0,0.0,0.0,0.0,0.0,0.6956521739130435,0.17391304347826086,0.08695652173913043,0.0,0.2608695652173913,0.391304347826087,0.0,0.17391304347826086,0.0,0.043478260869565216,0.0
spkr82_66,0.5294117647058824,0.0,0.2777777777777778,0.0,0.0,0.0,0.0,0.0,0.0,0.1111111111111111,0.1111111111111111,0.0,0.0,0.1111111111111111,0.0,0.0,0.0,0.16666666666666666,0.0,0.0,0.16666666666666666,0.0,0.2222222222222222,0.05555555555555555,0.05555555555555555,0.0,0.05555555555555555,0.0
spkr82_67,0.42857142857142855,0.0,0.2857142857142857,0.0,0.0,0.0,0.0,0.0,0.0,0.0,0.0,0.0,0.0,0.0,0.0,0.0,0.0,0.5714285714285714,0.0,0.0,0.07142857142857142,0.0,0.0,0.0,0.0,0.0,0.0,0.07142857142857142
spkr82_68,0.6666666666666666,0.3076923076923077,0.38461538461538464,0.0,0.0,0.0,0.0,0.0,0.16666666666666666,0.15384615384615385,0.0,0.0,0.0,0.0,0.0,0.0,0.0,0.3076923076923077,0.6153846153846154,0.6153846153846154,0.0,0.23076923076923078,0.46153846153846156,0.0,0.3076923076923077,0.15384615384615385,0.0,0.07692307692307693
spkr82_69,0.5,0.16666666666666666,0.3888888888888889,0.0,0.0,0.0,0.0,0.0,0.05555555555555555,0.0,0.0,0.0,0.0,0.1111111111111111,0.0,0.0,0.0,0.4444444444444444,0.05555555555555555,0.05555555555555555,0.0,0.0,0.0,0.0,0.2222222222222222,0.0,0.0,0.0
spkr82_7,0.8,0.1875,0.5625,0.0,0.125,0.1875,0.0,0.1875,0.3333333333333333,0.1875,0.1875,0.25,0.0,0.125,0.125,0.1875,0.1875,0.8125,0.1875,0.1875,0.1875,0.1875,0.3125,0.1875,0.1875,0.125,0.125,0.125
spkr82_70,0.625,0.375,0.5625,0.0625,0.0,0.0,0.0,0.0625,0.3125,0.0625,0.0625,0.25,0.0,0.0625,0.0,0.0,0.0,0.75,0.0625,0.0625,0.0625,0.25,0.125,0.0625,0.0625,0.0625,0.0,0.0
spkr82_71,0.6666666666666666,0.05263157894736842,0.2631578947368421,0.0,0.0,0.0,0.0,0.0,0.3333333333333333,0.0,0.0,0.0,0.0,0.0,0.0,0.0,0.0,0.42105263157894735,0.0,0.0,0.0,0.0,0.0,0.0,0.0,0.0,0.0,0.0
spkr82_72,0.47368421052631576,0.2222222222222222,0.7222222222222222,0.0,0.0,0.0,0.0,0.0,0.21052631578947367,0.05555555555555555,0.0,0.0,0.0,0.0,0.0,0.0,0.0,0.3333333333333333,0.0,0.0,0.0,0.0,0.2222222222222222,0.0,0.2222222222222222,0.2222222222222222,0.05555555555555555,0.2222222222222222
spkr82_73,0.8181818181818182,0.18181818181818182,0.2727272727272727,0.0,0.0,0.0,0.0,0.0,0.2727272727272727,0.0,0.0,0.0,0.0,0.0,0.0,0.0,0.0,0.0,0.0,0.0,0.0,0.0,0.0,0.0,0.0,0.09090909090909091,0.36363636363636365,0.0
spkr82_74,0.6428571428571429,0.14285714285714285,0.5,0.0,0.0,0.0,0.0,0.0,0.14285714285714285,0.0,0.0,0.0,0.0,0.0,0.0,0.0,0.0,0.14285714285714285,0.0,0.0,0.2857142857142857,0.0,0.0,0.0,0.0,0.0,0.21428571428571427,0.0
spkr82_75,0.5882352941176471,0.23529411764705882,0.47058823529411764,0.23529411764705882,0.0,0.0,0.0,0.23529411764705882,0.29411764705882354,0.35294117647058826,0.0,0.23529411764705882,0.0,0.35294117647058826,0.0,0.0,0.0,0.8235294117647058,0.29411764705882354,0.0,0.29411764705882354,0.29411764705882354,0.4117647058823529,0.17647058823529413,0.17647058823529413,0.17647058823529413,0.23529411764705882,0.17647058823529413
spkr82_8,0.75,0.25,0.375,0.0,0.0,0.0,0.0,0.0,0.1875,0.1875,0.0,0.0,0.0,0.0,0.0,0.0,0.0,0.75,0.0,0.0,0.125,0.25,0.0,0.0,0.1875,0.0625,0.1875,0.0
spkr82_9,0.2857142857142857,0.0,0.35714285714285715,0.07142857142857142,0.07142857142857142,0.07142857142857142,0.07142857142857142,0.07142857142857142,0.07142857142857142,0.0,0.07142857142857142,0.07142857142857142,0.07142857142857142,0.07142857142857142,0.07142857142857142,0.07142857142857142,0.07142857142857142,0.21428571428571427,0.07142857142857142,0.07142857142857142,0.07142857142857142,0.0,0.0,0.07142857142857142,0.0,0.0,0.07142857142857142,0.0
spkr83_1,0.8,0.0,0.7,0.0,0.0,0.0,0.0,0.0,0.3,0.0,0.0,0.1,0.0,0.1,0.0,0.0,0.0,1.0,0.1,0.0,0.0,0.0,0.4,0.0,0.0,0.0,0.0,0.0
spkr83_10,0.7058823529411765,0.058823529411764705,0.5882352941176471,0.058823529411764705,0.0,0.0,0.0,0.0,0.058823529411764705,0.11764705882352941,0.11764705882352941,0.0,0.0,0.0,0.0,0.0,0.0,0.7058823529411765,0.0,0.058823529411764705,0.058823529411764705,0.11764705882352941,0.058823529411764705,0.0,0.11764705882352941,0.0,0.11764705882352941,0.058823529411764705
spkr83_11,0.42857142857142855,0.2857142857142857,0.5,0.0,0.0,0.14285714285714285,0.07142857142857142,0.14285714285714285,0.07142857142857142,0.14285714285714285,0.07142857142857142,0.0,0.07142857142857142,0.07142857142857142,0.0,0.0,0.14285714285714285,0.8571428571428571,0.14285714285714285,0.14285714285714285,0.14285714285714285,0.07142857142857142,0.07142857142857142,0.07142857142857142,0.14285714285714285,0.07142857142857142,0.14285714285714285,0.07142857142857142
spkr83_12,0.7058823529411765,0.23529411764705882,0.4117647058823529,0.23529411764705882,0.0,0.0,0.17647058823529413,0.23529411764705882,0.29411764705882354,0.17647058823529413,0.23529411764705882,0.23529411764705882,0.0,0.35294117647058826,0.0,0.0,0.23529411764705882,0.8235294117647058,0.23529411764705882,0.47058823529411764,0.29411764705882354,0.17647058823529413,0.11764705882352941,0.17647058823529413,0.23529411764705882,0.29411764705882354,0.17647058823529413,0.23529411764705882
spkr83_13,0.6875,0.29411764705882354,0.5882352941176471,0.17647058823529413,0.0,0.058823529411764705,0.058823529411764705,0.058823529411764705,0.25,0.17647058823529413,0.058823529411764705,0.058823529411764705,0.0,0.058823529411764705,0.058823529411764705,0.058823529411764705,0.058823529411764705,0.7647058823529411,0.058823529411764705,0.058823529411764705,0.058823529411764705,0.0,0.29411764705882354,0.11764705882352941,0.17647058823529413,0.17647058823529413,0.47058823529411764,0.23529411764705882
spkr83_14,0.5882352941176471,0.47058823529411764,0.6470588235294118,0.0,0.0,0.0,0.0,0.0,0.058823529411764705,0.0,0.0,0.0,0.0,0.0,0.0,0.0,0.0,0.8235294117647058,0.11764705882352941,0.0,0.11764705882352941,0.0,0.0,0.0,0.4117647058823529,0.0,0.23529411764705882,0.0
spkr83_15,0.5294117647058824,0.23529411764705882,0.47058823529411764,0.0,0.0,0.0,0.0,0.0,0.17647058823529413,0.0,0.0,0.0,0.058823529411764705,0.11764705882352941,0.0,0.0,0.0,1.0,0.0,0.0,0.23529411764705882,0.058823529411764705,0.0,0.058823529411764705,0.17647058823529413,0.0,0.23529411764705882,0.0
spkr83_18,0.7307692307692307,0.11538461538461539,0.5384615384615384,0.0,0.0,0.0,0.0,0.0,0.07692307692307693,0.0,0.0,0.0,0.0,0.0,0.0,0.0,0.0,0.38461538461538464,0.0,0.0,0.11538461538461539,0.0,0.0,0.07692307692307693,0.11538461538461539,0.0,0.07692307692307693,0.0
spkr83_19,0.1935483870967742,0.03225806451612903,0.6129032258064516,0.0,0.0,0.0,0.0,0.0,0.0,0.0,0.0,0.0,0.0,0.0,0.0,0.0,0.0,0.8387096774193549,0.0,0.0,0.0,0.0,0.0,0.0,0.0,0.0,0.03225806451612903,0.0
spkr83_2,0.8181818181818182,0.09090909090909091,0.5454545454545454,0.0,0.0,0.0,0.0,0.0,0.0,0.0,0.0,0.0,0.0,0.0,0.0,0.0,0.0,0.9090909090909091,0.0,0.0,0.0,0.0,0.09090909090909091,0.0,0.18181818181818182,0.0,0.09090909090909091,0.0
spkr83_20,0.625,0.23076923076923078,0.5384615384615384,0.0,0.0,0.0,0.0,0.0,0.20833333333333334,0.0,0.0,0.0,0.0,0.19230769230769232,0.0,0.0,0.0,0.6538461538461539,0.0,0.0,0.0,0.0,0.19230769230769232,0.0,0.23076923076923078,0.038461538461538464,0.11538461538461539,0.038461538461538464
spkr83_21,0.52,0.0,0.3333333333333333,0.0,0.0,0.0,0.0,0.0,0.08,0.0,0.0,0.0,0.0,0.037037037037037035,0.0,0.0,0.0,0.4444444444444444,0.0,0.0,0.0,0.0,0.037037037037037035,0.0,0.07407407407407407,0.0,0.0,0.0
spkr83_22,0.3333333333333333,0.0,0.3333333333333333,0.0,0.0,0.0,0.0,0.0,0.0,0.0,0.0,0.0,0.0,0.0,0.0,0.0,0.0,0.8333333333333334,0.0,0.0,0.0,0.0,0.0,0.0,0.0,0.0,0.0,0.0
spkr83_23,0.85,0.25,0.6,0.0,0.0,0.0,0.0,0.0,0.05,0.0,0.0,0.0,0.0,0.0,0.0,0.0,0.0,0.85,0.1,0.0,0.0,0.0,0.0,0.0,0.1,0.0,0.0,0.0
spkr83_24,0.7058823529411765,0.21052631578947367,0.47368421052631576,0.0,0.0,0.0,0.0,0.0,0.11764705882352941,0.0,0.0,0.2631578947368421,0.0,0.0,0.0,0.0,0.0,1.0,0.0,0.0,0.0,0.0,0.2631578947368421,0.0,0.3684210526315789,0.0,0.10526315789473684,0.0
spkr83_26,0.7777777777777778,0.0,0.47368421052631576,0.0,0.0,0.0,0.0,0.0,0.05555555555555555,0.0,0.0,0.10526315789473684,0.0,0.0,0.0,0.0,0.0,0.47368421052631576,0.21052631578947367,0.21052631578947367,0.0,0.0,0.0,0.0,0.10526315789473684,0.0,0.0,0.0
spkr83_28,0.6666666666666666,0.0,0.4117647058823529,0.0,0.0,0.0,0.0,0.0,0.13333333333333333,0.0,0.0,0.0,0.0,0.0,0.0,0.0,0.0,1.0,0.0,0.0,0.4117647058823529,0.058823529411764705,0.0,0.0,0.058823529411764705,0.058823529411764705,0.0,0.0
spkr83_29,0.8,0.4,0.7333333333333333,0.0,0.0,0.0,0.0,0.0,0.0,0.0,0.0,0.0,0.0,0.13333333333333333,0.0,0.0,0.0,1.0,0.0,0.0,0.4,0.0,0.26666666666666666,0.13333333333333333,0.13333333333333333,0.0,0.06666666666666667,0.0
spkr83_30,0.3333333333333333,0.2,0.6,0.0,0.0,0.0,0.13333333333333333,0.0,0.13333333333333333,0.13333333333333333,0.0,0.13333333333333333,0.0,0.0,0.0,0.13333333333333333,0.0,0.6666666666666666,0.0,0.0,0.06666666666666667,0.13333333333333333,0.0,0.0,0.0,0.0,0.0,0.0
spkr83_31,0.47368421052631576,0.15789473684210525,0.5789473684210527,0.0,0.0,0.0,0.0,0.0,0.0,0.05263157894736842,0.0,0.0,0.0,0.0,0.0,0.0,0.0,0.8947368421052632,0.0,0.0,0.0,0.0,0.0,0.0,0.15789473684210525,0.0,0.05263157894736842,0.0
spkr83_33,0.5714285714285714,0.22727272727272727,0.45454545454545453,0.09090909090909091,0.0,0.0,0.0,0.0,0.19047619047619047,0.0,0.0,0.09090909090909091,0.0,0.0,0.0,0.0,0.0,0.7272727272727273,0.09090909090909091,0.0,0.0,0.0,0.0,0.0,0.0,0.0,0.13636363636363635,0.045454545454545456
spkr83_34,0.5,0.18181818181818182,0.22727272727272727,0.0,0.0,0.09090909090909091,0.0,0.09090909090909091,0.2727272727272727,0.09090909090909091,0.09090909090909091,0.13636363636363635,0.09090909090909091,0.09090909090909091,0.13636363636363635,0.09090909090909091,0.09090909090909091,1.0,0.13636363636363635,0.18181818181818182,0.36363636363636365,0.09090909090909091,0.09090909090909091,0.09090909090909091,0.18181818181818182,0.22727272727272727,0.09090909090909091,0.09090909090909091
spkr83_35,0.6428571428571429,0.14285714285714285,0.5714285714285714,0.0,0.0,0.0,0.0,0.0,0.07142857142857142,0.0,0.07142857142857142,0.0,0.0,0.0,0.0,0.0,0.0,0.6428571428571429,0.0,0.0,0.42857142857142855,0.0,0.07142857142857142,0.0,0.07142857142857142,0.0,0.14285714285714285,0.0
spkr83_36,0.5555555555555556,0.0,0.4,0.0,0.0,0.0,0.0,0.0,0.16666666666666666,0.0,0.0,0.0,0.0,0.0,0.0,0.0,0.0,0.7,0.0,0.0,0.0,0.0,0.0,0.0,0.0,0.0,0.0,0.0
spkr83_37,0.5714285714285714,0.13333333333333333,0.5333333333333333,0.0,0.0,0.0,0.0,0.0,0.0,0.0,0.0,0.0,0.0,0.0,0.0,0.0,0.0,0.9333333333333333,0.0,0.2,0.0,0.0,0.13333333333333333,0.0,0.06666666666666667,0.0,0.2,0.0
spkr83_38,0.8125,0.13333333333333333,0.6666666666666666,0.0,0.0,0.0,0.0,0.0,0.0,0.0,0.0,0.0,0.0,0.0,0.0,0.0,0.0,1.0,0.0,0.0,0.0,0.0,0.0,0.0,0.0,0.0,0.0,0.0
spkr83_4,0.7857142857142857,0.0,0.46153846153846156,0.0,0.0,0.0,0.0,0.0,0.0,0.0,0.0,0.0,0.0,0.0,0.0,0.0,0.0,0.46153846153846156,0.0,0.0,0.0,0.0,0.0,0.0,0.0,0.0,0.0,0.0
spkr83_40,0.5714285714285714,0.0,0.2,0.0,0.0,0.0,0.0,0.0,0.0,0.0,0.0,0.0,0.0,0.0,0.0,0.0,0.0,0.26666666666666666,0.0,0.0,0.0,0.0,0.0,0.0,0.2,0.0,0.0,0.0
spkr83_42,0.5454545454545454,0.2727272727272727,0.5454545454545454,0.09090909090909091,0.0,0.0,0.0,0.09090909090909091,0.09090909090909091,0.09090909090909091,0.0,0.18181818181818182,0.0,0.0,0.0,0.0,0.09090909090909091,0.9090909090909091,0.18181818181818182,0.2727272727272727,0.2727272727272727,0.2727272727272727,0.18181818181818182,0.09090909090909091,0.36363636363636365,0.09090909090909091,0.09090909090909091,0.09090909090909091
spkr83_43,0.9230769230769231,0.07692307692307693,0.6923076923076923,0.0,0.0,0.0,0.0,0.0,0.07692307692307693,0.0,0.23076923076923078,0.0,0.0,0.23076923076923078,0.0,0.0,0.0,1.0,0.0,0.0,0.23076923076923078,0.23076923076923078,0.0,0.0,0.0,0.0,0.0,0.0
spkr83_44,0.4375,0.125,0.5625,0.0625,0.0625,0.0625,0.0625,0.0625,0.25,0.0625,0.0625,0.0625,0.0625,0.0625,0.0625,0.0625,0.0625,0.5625,0.125,0.0625,0.0625,0.0625,0.0625,0.0625,0.25,0.0625,0.0,0.0625
spkr83_45,0.8,0.18181818181818182,0.5454545454545454,0.0,0.0,0.0,0.0,0.0,0.4,0.0,0.0,0.0,0.0,0.0,0.0,0.0,0.0,1.0,0.0,0.0,0.18181818181818182,0.0,0.0,0.09090909090909091,0.09090909090909091,0.0,0.09090909090909091,0.09090909090909091
spkr83_46,0.6,0.13333333333333333,0.5333333333333333,0.0,0.0,0.0,0.0,0.0,0.0,0.0,0.0,0.0,0.0,0.0,0.0,0.0,0.0,1.0,0.0,0.0,0.06666666666666667,0.0,0.0,0.0,0.0,0.0,0.06666666666666667,0.0
spkr83_5,0.4666666666666667,0.2,0.6666666666666666,0.0,0.0,0.0,0.0,0.0,0.06666666666666667,0.0,0.26666666666666666,0.26666666666666666,0.26666666666666666,0.06666666666666667,0.26666666666666666,0.0,0.0,0.8666666666666667,0.0,0.0,0.4,0.26666666666666666,0.0,0.26666666666666666,0.4666666666666667,0.0,0.06666666666666667,0.0
spkr83_50,0.5666666666666667,0.12903225806451613,0.5806451612903226,0.0,0.0,0.0,0.0,0.0,0.03333333333333333,0.0,0.0,0.0,0.0,0.0,0.0,0.0,0.0,0.7419354838709677,0.0,0.0,0.0,0.0,0.06451612903225806,0.0,0.0,0.0,0.0,0.0
spkr83_51,0.5714285714285714,0.14285714285714285,0.07142857142857142,0.0,0.0,0.0,0.0,0.07142857142857142,0.21428571428571427,0.14285714285714285,0.14285714285714285,0.0,0.0,0.14285714285714285,0.07142857142857142,0.0,0.0,0.7142857142857143,0.07142857142857142,0.0,0.0,0.14285714285714285,0.07142857142857142,0.0,0.14285714285714285,0.14285714285714285,0.14285714285714285,0.07142857142857142
spkr83_52,0.6363636363636364,0.2727272727272727,0.8181818181818182,0.0,0.0,0.0,0.0,0.0,0.18181818181818182,0.0,0.0,0.18181818181818182,0.0,0.0,0.0,0.0,0.0,0.6363636363636364,0.0,0.0,0.0,0.09090909090909091,0.18181818181818182,0.0,0.09090909090909091,0.0,0.09090909090909091,0.18181818181818182
spkr83_53,0.4,0.13333333333333333,0.6,0.2,0.06666666666666667,0.06666666666666667,0.13333333333333333,0.13333333333333333,0.13333333333333333,0.06666666666666667,0.13333333333333333,0.13333333333333333,0.06666666666666667,0.13333333333333333,0.06666666666666667,0.13333333333333333,0.13333333333333333,1.0,0.06666666666666667,0.13333333333333333,0.06666666666666667,0.06666666666666667,0.06666666666666667,0.06666666666666667,0.13333333333333333,0.13333333333333333,0.13333333333333333,0.06666666666666667
spkr83_54,1.0,0.8571428571428571,0.2857142857142857,0.14285714285714285,0.14285714285714285,0.14285714285714285,0.14285714285714285,0.14285714285714285,0.5,0.14285714285714285,0.14285714285714285,0.14285714285714285,0.14285714285714285,0.14285714285714285,0.14285714285714285,0.14285714285714285,0.14285714285714285,1.0,0.14285714285714285,0.14285714285714285,0.2857142857142857,0.14285714285714285,0.42857142857142855,0.42857142857142855,0.2857142857142857,0.14285714285714285,0.14285714285714285,0.42857142857142855
spkr83_55,0.8666666666666667,0.17647058823529413,0.6470588235294118,0.0,0.0,0.0,0.0,0.17647058823529413,0.2,0.0,0.0,0.17647058823529413,0.0,0.0,0.0,0.17647058823529413,0.0,0.47058823529411764,0.17647058823529413,0.0,0.0,0.0,0.0,0.0,0.058823529411764705,0.0,0.058823529411764705,0.058823529411764705
spkr83_56,0.9,0.2,0.5,0.2,0.1,0.1,0.1,0.2,0.1,0.1,0.0,0.1,0.2,0.2,0.1,0.3,0.1,0.4,0.1,0.1,0.0,0.0,0.2,0.0,0.1,0.1,0.0,0.1
spkr83_57,0.7333333333333333,0.4117647058823529,0.6470588235294118,0.0,0.0,0.0,0.0,0.0,0.2,0.0,0.0,0.0,0.0,0.0,0.0,0.0,0.0,0.8235294117647058,0.0,0.0,0.0,0.0,0.0,0.0,0.11764705882352941,0.0,0.058823529411764705,0.0
spkr83_58,0.6190476190476191,0.09090909090909091,0.3181818181818182,0.0,0.0,0.0,0.0,0.0,0.19047619047619047,0.0,0.09090909090909091,0.0,0.0,0.0,0.0,0.0,0.0,0.8181818181818182,0.0,0.0,0.0,0.0,0.18181818181818182,0.0,0.045454545454545456,0.0,0.2727272727272727,0.0
spkr83_59,0.45454545454545453,0.0,0.6363636363636364,0.0,0.0,0.0,0.0,0.0,0.18181818181818182,0.0,0.0,0.0,0.0,0.09090909090909091,0.0,0.0,0.0,1.0,0.0,0.0,0.0,0.0,0.0,0.2727272727272727,0.2727272727272727,0.0,0.0,0.0
spkr83_6,0.4166666666666667,0.25,0.6666666666666666,0.4166666666666667,0.0,0.0,0.0,0.0,0.08333333333333333,0.25,0.0,0.25,0.0,0.4166666666666667,0.0,0.16666666666666666,0.0,0.9166666666666666,0.25,0.75,0.25,0.16666666666666666,0.0,0.0,0.08333333333333333,0.0,0.0,0.0
spkr83_60,0.6875,0.4117647058823529,0.5294117647058824,0.23529411764705882,0.11764705882352941,0.0,0.0,0.11764705882352941,0.375,0.0,0.23529411764705882,0.35294117647058826,0.0,0.11764705882352941,0.0,0.0,0.0,0.8823529411764706,0.17647058823529413,0.11764705882352941,0.35294117647058826,0.0,0.17647058823529413,0.0,0.11764705882352941,0.0,0.11764705882352941,0.0
spkr83_61,0.7777777777777778,0.1111111111111111,0.3888888888888889,0.0,0.0,0.0,0.0,0.0,0.16666666666666666,0.0,0.0,0.2222222222222222,0.0,0.0,0.0,0.0,0.0,1.0,0.0,0.1111111111111111,0.0,0.16666666666666666,0.3333333333333333,0.0,0.16666666666666666,0.16666666666666666,0.2777777777777778,0.0
spkr83_62,0.7,0.09090909090909091,0.18181818181818182,0.0,0.0,0.0,0.0,0.0,0.2,0.0,0.0,0.0,0.0,0.0,0.0,0.0,0.0,0.6363636363636364,0.0,0.0,0.0,0.09090909090909091,0.0,0.0,0.0,0.0,0.0,0.0
spkr83_63,0.7,0.2,0.4,0.0,0.0,0.0,0.0,0.0,0.0,0.0,0.0,0.0,0.0,0.0,0.0,0.0,0.0,0.5,0.0,0.0,0.2,0.0,0.0,0.0,0.2,0.0,0.1,0.1
spkr83_64,0.5294117647058824,0.23529411764705882,0.6470588235294118,0.47058823529411764,0.0,0.0,0.29411764705882354,0.0,0.11764705882352941,0.17647058823529413,0.4117647058823529,0.0,0.0,0.35294117647058826,0.29411764705882354,0.0,0.0,0.9411764705882353,0.0,0.0,0.5294117647058824,0.17647058823529413,0.11764705882352941,0.35294117647058826,0.35294117647058826,0.11764705882352941,0.35294117647058826,0.17647058823529413
spkr83_65,0.34782608695652173,0.13043478260869565,0.2608695652173913,0.0,0.0,0.0,0.0,0.0,0.043478260869565216,0.0,0.0,0.0,0.0,0.0,0.0,0.0,0.0,0.6956521739130435,0.0,0.0,0.21739130434782608,0.0,0.0,0.0,0.043478260869565216,0.0,0.0,0.043478260869565216
spkr83_66,0.7647058823529411,0.0,0.1111111111111111,0.0,0.0,0.0,0.0,0.0,0.058823529411764705,0.05555555555555555,0.0,0.0,0.0,0.0,0.0,0.0,0.0,0.8888888888888888,0.3333333333333333,0.3888888888888889,0.16666666666666666,0.0,0.05555555555555555,0.0,0.0,0.0,0.0,0.0
spkr83_67,0.5,0.0,0.42857142857142855,0.0,0.0,0.0,0.0,0.0,0.0,0.0,0.0,0.0,0.0,0.0,0.0,0.0,0.0,0.5,0.0,0.0,0.0,0.0,0.0,0.0,0.0,0.0,0.0,0.0
spkr83_68,0.75,0.15384615384615385,0.6153846153846154,0.0,0.0,0.0,0.0,0.0,0.16666666666666666,0.0,0.0,0.0,0.0,0.0,0.0,0.0,0.0,0.23076923076923078,0.0,0.3076923076923077,0.15384615384615385,0.0,0.23076923076923078,0.0,0.0,0.15384615384615385,0.07692307692307693,0.07692307692307693
spkr83_69,0.3333333333333333,0.16666666666666666,0.6111111111111112,0.2222222222222222,0.0,0.0,0.0,0.0,0.05555555555555555,0.0,0.0,0.1111111111111111,0.0,0.0,0.0,0.0,0.0,0.2777777777777778,0.2222222222222222,0.0,0.0,0.0,0.3333333333333333,0.05555555555555555,0.0,0.1111111111111111,0.0,0.05555555555555555
spkr83_7,0.6666666666666666,0.1875,0.625,0.0,0.1875,0.125,0.1875,0.25,0.2,0.125,0.125,0.0,0.1875,0.0625,0.0,0.1875,0.25,0.875,0.25,0.0,0.1875,0.125,0.25,0.125,0.1875,0.125,0.25,0.125
spkr83_70,0.625,0.1875,0.625,0.125,0.0,0.125,0.125,0.0,0.25,0.125,0.125,0.125,0.125,0.0625,0.0,0.0,0.0,0.8125,0.1875,0.0,0.1875,0.0625,0.125,0.0625,0.0625,0.0625,0.0,0.0
spkr83_71,0.6666666666666666,0.05263157894736842,0.3684210526315789,0.0,0.0,0.0,0.0,0.0,0.3333333333333333,0.0,0.0,0.0,0.0,0.0,0.0,0.0,0.0,0.9473684210526315,0.0,0.0,0.0,0.0,0.05263157894736842,0.0,0.0,0.0,0.0,0.0
spkr83_72,0.631578947368421,0.2777777777777778,0.5555555555555556,0.2777777777777778,0.0,0.0,0.0,0.0,0.10526315789473684,0.2222222222222222,0.0,0.0,0.0,0.0,0.0,0.0,0.0,1.0,0.0,0.0,0.0,0.0,0.2222222222222222,0.0,0.2222222222222222,0.2222222222222222,0.2222222222222222,0.0
spkr83_73,0.6363636363636364,0.18181818181818182,0.5454545454545454,0.0,0.0,0.0,0.0,0.0,0.18181818181818182,0.18181818181818182,0.0,0.0,0.0,0.0,0.0,0.0,0.0,0.5454545454545454,0.0,0.0,0.0,0.2727272727272727,0.0,0.0,0.18181818181818182,0.09090909090909091,0.18181818181818182,0.0
spkr83_74,0.42857142857142855,0.07142857142857142,0.5714285714285714,0.0,0.0,0.0,0.0,0.0,0.14285714285714285,0.0,0.0,0.0,0.0,0.0,0.0,0.0,0.0,0.8571428571428571,0.0,0.0,0.07142857142857142,0.0,0.0,0.0,0.2857142857142857,0.0,0.07142857142857142,0.0
spkr83_75,0.4117647058823529,0.17647058823529413,0.7058823529411765,0.23529411764705882,0.0,0.0,0.0,0.0,0.23529411764705882,0.29411764705882354,0.0,0.0,0.0,0.0,0.0,0.0,0.0,0.8235294117647058,0.0,0.11764705882352941,0.23529411764705882,0.11764705882352941,0.11764705882352941,0.11764705882352941,0.23529411764705882,0.29411764705882354,0.29411764705882354,0.11764705882352941
spkr83_8,0.8125,0.3125,0.4375,0.0,0.0,0.0,0.0,0.0,0.375,0.1875,0.0,0.0,0.0,0.0,0.0,0.0,0.0,0.75,0.0,0.1875,0.0,0.1875,0.125,0.0,0.375,0.125,0.0,0.0
spkr83_9,0.2857142857142857,0.2857142857142857,0.6428571428571429,0.07142857142857142,0.07142857142857142,0.0,0.07142857142857142,0.07142857142857142,0.21428571428571427,0.07142857142857142,0.07142857142857142,0.07142857142857142,0.07142857142857142,0.07142857142857142,0.07142857142857142,0.07142857142857142,0.07142857142857142,0.5714285714285714,0.0,0.07142857142857142,0.07142857142857142,0.0,0.0,0.0,0.07142857142857142,0.0,0.07142857142857142,0.0
spkr90_1,0.7,0.1,0.7,0.0,0.0,0.0,0.0,0.0,0.1,0.0,0.0,0.0,0.0,0.0,0.0,0.0,0.0,1.0,0.0,0.0,0.0,0.0,0.4,0.0,0.0,0.0,0.1,0.0
spkr90_10,0.23529411764705882,0.0,0.29411764705882354,0.0,0.0,0.0,0.0,0.0,0.0,0.0,0.058823529411764705,0.0,0.0,0.058823529411764705,0.0,0.0,0.0,0.4117647058823529,0.0,0.0,0.0,0.0,0.0,0.0,0.0,0.0,0.0,0.0
spkr90_11,1.0,0.5,0.6428571428571429,0.0,0.0,0.0,0.0,0.0,0.2857142857142857,0.21428571428571427,0.14285714285714285,0.0,0.0,0.07142857142857142,0.0,0.0,0.0,0.07142857142857142,0.21428571428571427,0.14285714285714285,0.0,0.07142857142857142,0.21428571428571427,0.14285714285714285,0.07142857142857142,0.21428571428571427,0.21428571428571427,0.07142857142857142
spkr90_12,0.8235294117647058,0.11764705882352941,0.7058823529411765,0.058823529411764705,0.0,0.0,0.0,0.0,0.0,0.0,0.0,0.0,0.0,0.11764705882352941,0.0,0.0,0.0,0.6470588235294118,0.058823529411764705,0.058823529411764705,0.23529411764705882,0.0,0.11764705882352941,0.0,0.0,0.0,0.058823529411764705,0.0
spkr90_13,0.5625,0.0,0.47058823529411764,0.0,0.0,0.0,0.0,0.0,0.1875,0.0,0.0,0.17647058823529413,0.0,0.23529411764705882,0.0,0.0,0.0,0.35294117647058826,0.0,0.0,0.0,0.0,0.058823529411764705,0.0,0.0,0.0,0.0,0.0
spkr90_14,0.6470588235294118,0.35294117647058826,0.5882352941176471,0.0,0.0,0.0,0.0,0.0,0.0,0.0,0.0,0.0,0.0,0.0,0.0,0.0,0.0,0.23529411764705882,0.11764705882352941,0.0,0.0,0.0,0.11764705882352941,0.0,0.0,0.0,0.11764705882352941,0.0
spkr90_15,0.4117647058823529,0.058823529411764705,0.47058823529411764,0.0,0.0,0.0,0.0,0.0,0.17647058823529413,0.0,0.0,0.0,0.0,0.0,0.0,0.0,0.0,0.11764705882352941,0.0,0.0,0.0,0.0,0.0,0.0,0.0,0.0,0.058823529411764705,0.0
spkr90_18,0.6153846153846154,0.0,0.6153846153846154,0.0,0.0,0.0,0.0,0.0,0.11538461538461539,0.0,0.0,0.0,0.0,0.0,0.0,0.0,0.0,0.11538461538461539,0.0,0.0,0.0,0.0,0.0,0.0,0.0,0.0,0.0,0.0
spkr90_19,0.4838709677419355,0.03225806451612903,0.3870967741935484,0.0,0.0,0.0,0.0,0.0,0.06451612903225806,0.0,0.0,0.0,0.0,0.0,0.0,0.0,0.0,0.5806451612903226,0.0,0.0,0.0,0.0,0.0,0.0,0.0,0.0,0.0,0.0
spkr90_2,0.7272727272727273,0.09090909090909091,0.45454545454545453,0.18181818181818182,0.0,0.0,0.0,0.0,0.0,0.0,0.0,0.2727272727272727,0.0,0.0,0.0,0.0,0.0,1.0,0.36363636363636365,0.0,0.0,0.0,0.36363636363636365,0.0,0.45454545454545453,0.0,0.09090909090909091,0.0
spkr90_20,0.625,0.038461538461538464,0.4230769230769231,0.0,0.0,0.0,0.0,0.0,0.125,0.0,0.0,0.0,0.0,0.0,0.0,0.0,0.0,0.0,0.07692307692307693,0.07692307692307693,0.0,0.0,0.0,0.0,0.0,0.0,0.0,0.11538461538461539
spkr90_21,0.44,0.25925925925925924,0.4074074074074074,0.07407407407407407,0.0,0.0,0.0,0.0,0.16,0.037037037037037035,0.037037037037037035,0.0,0.0,0.0,0.0,0.037037037037037035,0.0,0.18518518518518517,0.14814814814814814,0.07407407407407407,0.0,0.07407407407407407,0.0,0.0,0.14814814814814814,0.037037037037037035,0.07407407407407407,0.07407407407407407
spkr90_22,0.5555555555555556,0.0,0.6111111111111112,0.0,0.0,0.0,0.0,0.0,0.05555555555555555,0.0,0.0,0.0,0.0,0.1111111111111111,0.0,0.0,0.0,0.0,0.0,0.0,0.0,0.0,0.16666666666666666,0.0,0.0,0.0,0.1111111111111111,0.0
spkr90_23,0.5,0.15,0.35,0.0,0.0,0.0,0.0,0.0,0.05,0.0,0.2,0.0,0.0,0.1,0.0,0.0,0.0,0.3,0.15,0.0,0.0,0.0,0.0,0.1,0.05,0.0,0.0,0.05
spkr90_24,0.7058823529411765,0.05263157894736842,0.42105263157894735,0.0,0.0,0.0,0.0,0.0,0.058823529411764705,0.0,0.0,0.0,0.0,0.0,0.0,0.0,0.0,0.2631578947368421,0.05263157894736842,0.0,0.21052631578947367,0.0,0.0,0.0,0.0,0.0,0.0,0.0
spkr90_26,0.8888888888888888,0.3157894736842105,0.3684210526315789,0.10526315789473684,0.0,0.0,0.0,0.0,0.2222222222222222,0.10526315789473684,0.0,0.3157894736842105,0.0,0.0,0.0,0.0,0.0,0.21052631578947367,0.0,0.0,0.10526315789473684,0.10526315789473684,0.47368421052631576,0.0,0.10526315789473684,0.10526315789473684,0.2631578947368421,0.0
spkr90_28,0.5333333333333333,0.0,0.23529411764705882,0.058823529411764705,0.0,0.0,0.0,0.058823529411764705,0.0,0.058823529411764705,0.0,0.058823529411764705,0.058823529411764705,0.0,0.0,0.0,0.058823529411764705,0.23529411764705882,0.058823529411764705,0.058823529411764705,0.0,0.058823529411764705,0.058823529411764705,0.058823529411764705,0.058823529411764705,0.058823529411764705,0.058823529411764705,0.058823529411764705
spkr90_29,0.4,0.3333333333333333,0.6666666666666666,0.0,0.0,0.0,0.0,0.0,0.13333333333333333,0.0,0.0,0.0,0.0,0.0,0.0,0.0,0.0,0.5333333333333333,0.06666666666666667,0.2,0.13333333333333333,0.0,0.0,0.0,0.0,0.0,0.0,0.0
spkr90_30,0.26666666666666666,0.4,0.6,0.0,0.0,0.0,0.0,0.0,0.26666666666666666,0.0,0.0,0.0,0.0,0.0,0.0,0.13333333333333333,0.0,0.06666666666666667,0.0,0.0,0.06666666666666667,0.2,0.0,0.0,0.13333333333333333,0.0,0.13333333333333333,0.0
spkr90_31,0.631578947368421,0.05263157894736842,0.3684210526315789,0.0,0.0,0.0,0.0,0.0,0.2631578947368421,0.0,0.05263157894736842,0.0,0.0,0.05263157894736842,0.0,0.0,0.0,0.10526315789473684,0.0,0.0,0.0,0.0,0.0,0.05263157894736842,0.05263157894736842,0.21052631578947367,0.05263157894736842,0.05263157894736842
spkr90_33,0.5714285714285714,0.2727272727272727,0.5,0.0,0.0,0.0,0.0,0.0,0.2857142857142857,0.0,0.0,0.0,0.0,0.09090909090909091,0.0,0.0,0.0,0.8636363636363636,0.0,0.0,0.13636363636363635,0.0,0.0,0.0,0.0,0.0,0.09090909090909091,0.0
spkr90_34,0.45454545454545453,0.4090909090909091,0.36363636363636365,0.09090909090909091,0.0,0.36363636363636365,0.09090909090909091,0.09090909090909091,0.6363636363636364,0.18181818181818182,0.22727272727272727,0.045454545454545456,0.09090909090909091,0.13636363636363635,0.13636363636363635,0.13636363636363635,0.0,0.5909090909090909,0.36363636363636365,0.045454545454545456,0.13636363636363635,0.18181818181818182,0.09090909090909091,0.18181818181818182,0.18181818181818182,0.13636363636363635,0.18181818181818182,0.3181818181818182
spkr90_35,0.8571428571428571,0.5,0.7142857142857143,0.0,0.0,0.0,0.0,0.0,0.7857142857142857,0.0,0.0,0.07142857142857142,0.0,0.14285714285714285,0.0,0.0,0.0,0.5,0.0,0.0,0.0,0.0,0.07142857142857142,0.0,0.07142857142857142,0.0,0.0,0.0
spkr90_36,0.5555555555555556,0.0,0.45,0.0,0.0,0.0,0.0,0.0,0.2222222222222222,0.0,0.0,0.0,0.0,0.0,0.0,0.0,0.0,0.0,0.0,0.0,0.0,0.0,0.0,0.0,0.0,0.0,0.05,0.05
spkr90_37,0.7857142857142857,0.3333333333333333,0.6,0.2,0.2,0.2,0.2,0.2,0.14285714285714285,0.2,0.13333333333333333,0.2,0.2,0.13333333333333333,0.2,0.0,0.26666666666666666,0.9333333333333333,0.26666666666666666,0.26666666666666666,0.0,0.2,0.13333333333333333,0.13333333333333333,0.3333333333333333,0.2,0.3333333333333333,0.2
spkr90_38,0.625,0.13333333333333333,0.5333333333333333,0.0,0.0,0.0,0.0,0.0,0.1875,0.26666666666666666,0.0,0.0,0.0,0.13333333333333333,0.0,0.0,0.0,0.6666666666666666,0.0,0.0,0.0,0.13333333333333333,0.0,0.0,0.0,0.13333333333333333,0.13333333333333333,0.0
spkr90_4,0.8571428571428571,0.0,0.38461538461538464,0.0,0.0,0.0,0.0,0.0,0.0,0.0,0.0,0.0,0.0,0.0,0.0,0.0,0.0,0.0,0.38461538461538464,0.0,0.0,0.0,0.5384615384615384,0.0,0.0,0.0,0.15384615384615385,0.0
spkr90_40,0.5714285714285714,0.2,0.4666666666666667,0.3333333333333333,0.0,0.0,0.0,0.0,0.0,0.0,0.06666666666666667,0.0,0.0,0.06666666666666667,0.0,0.4666666666666667,0.0,0.6,0.0,0.0,0.0,0.0,0.06666666666666667,0.0,0.2,0.0,0.0,0.2
spkr90_42,0.7272727272727273,0.5454545454545454,0.5454545454545454,0.2727272727272727,0.09090909090909091,0.09090909090909091,0.18181818181818182,0.09090909090909091,0.18181818181818182,0.09090909090909091,0.09090909090909091,1.0,0.09090909090909091,0.09090909090909091,0.0,0.0,0.18181818181818182,0.5454545454545454,0.2727272727272727,0.18181818181818182,0.2727272727272727,0.09090909090909091,0.2727272727272727,0.09090909090909091,0.09090909090909091,0.09090909090909091,0.09090909090909091,0.09090909090909091
spkr90_43,0.46153846153846156,0.15384615384615385,0.23076923076923078,0.0,0.0,0.0,0.0,0.0,0.15384615384615385,0.23076923076923078,0.07692307692307693,0.0,0.23076923076923078,0.0,0.0,0.3076923076923077,0.0,0.23076923076923078,0.0,0.0,0.3076923076923077,0.07692307692307693,0.23076923076923078,0.0,0.07692307692307693,0.07692307692307693,0.07692307692307693,0.0
spkr90_44,0.5,0.3125,0.375,0.0625,0.0625,0.0625,0.0625,0.0625,0.3125,0.0625,0.0625,0.0625,0.0625,0.0625,0.0625,0.1875,0.0625,0.25,0.0625,0.0625,0.0625,0.0625,0.0625,0.0625,0.125,0.0625,0.0625,0.125
spkr90_45,1.0,0.7272727272727273,0.7272727272727273,0.0,0.0,0.0,0.0,0.09090909090909091,0.8,0.0,0.0,0.7272727272727273,0.0,0.18181818181818182,0.0,0.0,0.0,0.8181818181818182,0.0,0.0,0.7272727272727273,0.0,0.45454545454545453,0.0,0.09090909090909091,0.0,0.8181818181818182,0.0
spkr90_46,0.9333333333333333,0.13333333333333333,0.3333333333333333,0.0,0.0,0.0,0.0,0.0,0.0,0.0,0.0,0.13333333333333333,0.0,0.0,0.0,0.0,0.0,0.13333333333333333,0.0,0.0,0.0,0.0,0.0,0.0,0.0,0.0,0.06666666666666667,0.0
spkr90_5,0.8,0.2,0.3333333333333333,0.0,0.0,0.0,0.0,0.0,0.0,0.0,0.06666666666666667,0.0,0.0,0.0,0.0,0.0,0.0,0.2,0.0,0.0,0.0,0.0,0.06666666666666667,0.0,0.0,0.0,0.13333333333333333,0.0
spkr90_50,0.7,0.25806451612903225,0.45161290322580644,0.0,0.0,0.0,0.0,0.0,0.1,0.03225806451612903,0.0,0.0,0.0,0.0,0.0,0.0,0.0,0.25806451612903225,0.0,0.0967741935483871,0.16129032258064516,0.06451612903225806,0.0,0.0,0.06451612903225806,0.06451612903225806,0.12903225806451613,0.0
spkr90_51,0.7857142857142857,0.2857142857142857,0.21428571428571427,0.07142857142857142,0.07142857142857142,0.0,0.07142857142857142,0.07142857142857142,0.5,0.14285714285714285,0.07142857142857142,0.35714285714285715,0.07142857142857142,0.14285714285714285,0.07142857142857142,0.14285714285714285,0.14285714285714285,0.5,0.07142857142857142,0.07142857142857142,0.07142857142857142,0.2857142857142857,0.5714285714285714,0.14285714285714285,0.14285714285714285,0.21428571428571427,0.07142857142857142,0.07142857142857142
spkr90_52,0.6363636363636364,0.45454545454545453,0.8181818181818182,0.0,0.0,0.0,0.0,0.0,0.09090909090909091,0.09090909090909091,0.0,0.0,0.0,0.0,0.0,0.0,0.0,0.2727272727272727,0.0,0.0,0.0,0.09090909090909091,0.0,0.0,0.09090909090909091,0.0,0.09090909090909091,0.0
spkr90_53,0.4,0.13333333333333333,0.4,0.06666666666666667,0.06666666666666667,0.06666666666666667,0.06666666666666667,0.06666666666666667,0.26666666666666666,0.06666666666666667,0.06666666666666667,0.06666666666666667,0.06666666666666667,0.06666666666666667,0.06666666666666667,0.06666666666666667,0.06666666666666667,0.7333333333333333,0.06666666666666667,0.06666666666666667,0.06666666666666667,0.06666666666666667,0.06666666666666667,0.06666666666666667,0.13333333333333333,0.06666666666666667,0.06666666666666667,0.06666666666666667
spkr90_54,1.0,0.7142857142857143,0.42857142857142855,0.14285714285714285,0.14285714285714285,0.0,0.14285714285714285,0.14285714285714285,1.0,0.2857142857142857,0.2857142857142857,0.14285714285714285,0.14285714285714285,0.14285714285714285,0.14285714285714285,0.14285714285714285,0.14285714285714285,0.0,0.14285714285714285,0.14285714285714285,0.0,0.14285714285714285,0.42857142857142855,0.42857142857142855,0.14285714285714285,0.2857142857142857,0.7142857142857143,0.14285714285714285
spkr90_55,0.7333333333333333,0.35294117647058826,0.6470588235294118,0.11764705882352941,0.0,0.0,0.0,0.0,0.4666666666666667,0.17647058823529413,0.0,0.0,0.0,0.0,0.0,0.0,0.0,0.47058823529411764,0.0,0.17647058823529413,0.0,0.4117647058823529,0.058823529411764705,0.0,0.4117647058823529,0.0,0.058823529411764705,0.0
spkr90_56,0.9,0.7,0.4,0.0,0.0,0.0,0.1,0.2,0.4,0.4,0.2,0.5,0.0,0.3,0.0,0.7,0.2,1.0,0.2,0.2,0.2,0.3,0.3,0.5,0.7,0.4,0.4,0.0
spkr90_57,0.9333333333333333,0.17647058823529413,0.47058823529411764,0.0,0.0,0.0,0.0,0.0,0.4,0.0,0.0,0.0,0.0,0.4117647058823529,0.0,0.0,0.0,0.23529411764705882,0.0,0.0,0.0,0.0,0.0,0.058823529411764705,0.17647058823529413,0.058823529411764705,0.29411764705882354,0.0
spkr90_58,0.47619047619047616,0.09090909090909091,0.2727272727272727,0.0,0.0,0.0,0.0,0.0,0.14285714285714285,0.0,0.0,0.0,0.0,0.0,0.0,0.0,0.0,0.45454545454545453,0.0,0.0,0.0,0.0,0.09090909090909091,0.0,0.0,0.0,0.0,0.0
spkr90_59,0.45454545454545453,0.0,0.45454545454545453,0.0,0.0,0.0,0.0,0.0,0.0,0.0,0.0,0.0,0.0,0.0,0.0,0.0,0.0,0.0,0.0,0.0,0.0,0.0,0.0,0.0,0.0,0.0,0.0,0.2727272727272727
spkr90_6,1.0,0.16666666666666666,0.75,0.0,0.0,0.0,0.0,0.0,0.25,0.25,0.0,0.25,0.0,0.0,0.0,0.0,0.0,1.0,0.0,0.0,0.0,0.0,0.0,0.0,0.0,0.25,0.4166666666666667,0.3333333333333333
spkr90_60,0.625,0.29411764705882354,0.6470588235294118,0.11764705882352941,0.0,0.0,0.0,0.0,0.125,0.0,0.058823529411764705,0.11764705882352941,0.0,0.11764705882352941,0.0,0.0,0.0,0.11764705882352941,0.0,0.0,0.11764705882352941,0.0,0.11764705882352941,0.058823529411764705,0.17647058823529413,0.0,0.23529411764705882,0.11764705882352941
spkr90_61,0.6666666666666666,0.0,0.16666666666666666,0.0,0.0,0.0,0.0,0.0,0.16666666666666666,0.0,0.0,0.0,0.0,0.0,0.0,0.0,0.0,0.0,0.0,0.0,0.0,0.0,0.0,0.0,0.0,0.0,0.0,0.0
spkr90_62,0.9,0.0,0.36363636363636365,0.09090909090909091,0.0,0.0,0.09090909090909091,0.09090909090909091,0.5,0.09090909090909091,0.09090909090909091,0.09090909090909091,0.0,0.0,0.09090909090909091,0.09090909090909091,0.09090909090909091,0.5454545454545454,0.0,0.0,0.0,0.36363636363636365,0.09090909090909091,0.09090909090909091,0.18181818181818182,0.09090909090909091,0.2727272727272727,0.09090909090909091
spkr90_63,0.6,0.4,0.4,0.0,0.0,0.0,0.0,0.3,0.0,0.3,0.0,0.3,0.0,0.4,0.0,0.0,0.3,1.0,0.3,0.1,0.1,0.3,0.4,0.0,0.1,0.1,0.1,0.1
spkr90_64,0.6470588235294118,0.4117647058823529,0.8823529411764706,0.17647058823529413,0.0,0.0,0.058823529411764705,0.058823529411764705,0.29411764705882354,0.11764705882352941,0.11764705882352941,0.47058823529411764,0.0,0.29411764705882354,0.29411764705882354,0.0,0.0,0.17647058823529413,0.23529411764705882,0.23529411764705882,0.35294117647058826,0.11764705882352941,0.29411764705882354,0.17647058823529413,0.23529411764705882,0.29411764705882354,0.29411764705882354,0.23529411764705882
spkr90_65,0.43478260869565216,0.0,0.5652173913043478,0.0,0.0,0.0,0.0,0.0,0.08695652173913043,0.0,0.0,0.0,0.0,0.0,0.0,0.0,0.0,0.391304347826087,0.0,0.043478260869565216,0.0,0.0,0.08695652173913043,0.0,0.0,0.0,0.0,0.0
spkr90_66,0.7058823529411765,0.1111111111111111,0.16666666666666666,0.1111111111111111,0.0,0.0,0.1111111111111111,0.1111111111111111,0.0,0.16666666666666666,0.0,0.1111111111111111,0.0,0.16666666666666666,0.0,0.0,0.1111111111111111,0.5555555555555556,0.1111111111111111,0.1111111111111111,0.1111111111111111,0.0,0.0,0.0,0.0,0.0,0.0,0.0
spkr90_67,0.5714285714285714,0.07142857142857142,0.5714285714285714,0.14285714285714285,0.0,0.0,0.0,0.0,0.0,0.0,0.0,0.0,0.0,0.0,0.0,0.0,0.0,0.42857142857142855,0.0,0.0,0.0,0.0,0.14285714285714285,0.0,0.0,0.0,0.0,0.0
spkr90_68,0.5833333333333334,0.3076923076923077,0.6153846153846154,0.0,0.0,0.0,0.0,0.0,0.16666666666666666,0.23076923076923078,0.0,0.0,0.15384615384615385,0.38461538461538464,0.3076923076923077,0.0,0.0,0.6153846153846154,0.0,0.0,0.23076923076923078,0.15384615384615385,0.46153846153846156,0.23076923076923078,0.38461538461538464,0.15384615384615385,0.07692307692307693,0.3076923076923077
spkr90_69,0.3888888888888889,0.2222222222222222,0.3888888888888889,0.0,0.0,0.0,0.0,0.0,0.05555555555555555,0.05555555555555555,0.0,0.0,0.0,0.05555555555555555,0.0,0.0,0.0,0.1111111111111111,0.05555555555555555,0.0,0.0,0.0,0.0,0.0,0.05555555555555555,0.0,0.05555555555555555,0.0
spkr90_7,0.6,0.25,0.5,0.0,0.0,0.1875,0.1875,0.1875,0.26666666666666666,0.0,0.0,0.0,0.0,0.0,0.1875,0.1875,0.1875,0.875,0.0625,0.0,0.3125,0.1875,0.125,0.0,0.125,0.125,0.0625,0.0
spkr90_70,0.375,0.125,0.5,0.25,0.0,0.0625,0.0,0.0,0.375,0.0,0.25,0.25,0.0,0.0,0.0,0.0,0.0,0.5625,0.125,0.1875,0.0,0.0,0.0,0.0,0.375,0.0,0.125,0.0
spkr90_71,1.0,0.05263157894736842,0.21052631578947367,0.0,0.0,0.0,0.05263157894736842,0.05263157894736842,0.3888888888888889,0.0,0.0,0.05263157894736842,0.0,0.0,0.15789473684210525,0.0,0.05263157894736842,0.7894736842105263,0.05263157894736842,0.0,0.05263157894736842,0.0,0.15789473684210525,0.0,0.0,0.0,0.05263157894736842,0.0
spkr90_72,0.631578947368421,0.4444444444444444,0.5555555555555556,0.0,0.0,0.0,0.0,0.0,0.05263157894736842,0.1111111111111111,0.0,0.05555555555555555,0.0,0.2222222222222222,0.0,0.0,0.0,0.0,0.0,0.0,0.0,0.0,0.2222222222222222,0.0,0.2222222222222222,0.2222222222222222,0.1111111111111111,0.0
spkr90_73,0.7272727272727273,0.18181818181818182,0.2727272727272727,0.0,0.0,0.0,0.0,0.0,0.18181818181818182,0.09090909090909091,0.0,0.0,0.0,0.0,0.0,0.0,0.0,0.0,0.0,0.0,0.0,0.0,0.0,0.09090909090909091,0.09090909090909091,0.09090909090909091,0.09090909090909091,0.0
spkr90_74,0.6428571428571429,0.42857142857142855,0.6428571428571429,0.0,0.0,0.0,0.0,0.0,0.14285714285714285,0.0,0.0,0.14285714285714285,0.0,0.0,0.0,0.0,0.0,0.5714285714285714,0.0,0.0,0.21428571428571427,0.0,0.0,0.0,0.21428571428571427,0.0,0.2857142857142857,0.14285714285714285
spkr90_75,0.5294117647058824,0.4117647058823529,0.4117647058823529,0.0,0.0,0.0,0.0,0.0,0.35294117647058826,0.23529411764705882,0.0,0.11764705882352941,0.0,0.0,0.0,0.0,0.0,0.7647058823529411,0.0,0.17647058823529413,0.0,0.17647058823529413,0.29411764705882354,0.4117647058823529,0.23529411764705882,0.29411764705882354,0.29411764705882354,0.23529411764705882
spkr90_8,0.75,0.3125,0.6875,0.0,0.0,0.0,0.0,0.0,0.5,0.1875,0.0,0.0,0.0,0.0,0.0,0.0,0.0,0.625,0.0,0.1875,0.125,0.3125,0.0625,0.0,0.3125,0.125,0.0,0.0
spkr90_9,0.42857142857142855,0.07142857142857142,0.5714285714285714,0.07142857142857142,0.07142857142857142,0.0,0.07142857142857142,0.07142857142857142,0.0,0.0,0.14285714285714285,0.0,0.07142857142857142,0.14285714285714285,0.07142857142857142,0.07142857142857142,0.21428571428571427,0.6428571428571429,0.0,0.0,0.0,0.0,0.0,0.0,0.0,0.0,0.0,0.0
spkr95_1,0.7,0.2,0.7,0.0,0.0,0.2,0.0,0.0,0.6,0.2,0.3,0.2,0.0,0.2,0.0,0.3,0.0,1.0,0.4,0.0,0.3,0.2,0.2,0.2,0.6,0.0,0.2,0.2
spkr95_10,0.4117647058823529,0.058823529411764705,0.4117647058823529,0.0,0.0,0.0,0.0,0.0,0.11764705882352941,0.058823529411764705,0.058823529411764705,0.0,0.0,0.058823529411764705,0.0,0.0,0.0,1.0,0.0,0.058823529411764705,0.058823529411764705,0.0,0.17647058823529413,0.058823529411764705,0.058823529411764705,0.058823529411764705,0.11764705882352941,0.058823529411764705
spkr95_11,0.7142857142857143,0.8571428571428571,0.6428571428571429,0.21428571428571427,0.0,0.0,0.0,0.0,0.21428571428571427,0.2857142857142857,0.07142857142857142,0.21428571428571427,0.0,0.07142857142857142,0.0,0.0,0.21428571428571427,0.6428571428571429,0.42857142857142855,0.35714285714285715,0.0,0.2857142857142857,0.14285714285714285,0.21428571428571427,0.2857142857142857,0.2857142857142857,0.2857142857142857,0.2857142857142857
spkr95_12,0.8823529411764706,0.47058823529411764,0.5294117647058824,0.058823529411764705,0.0,0.0,0.0,0.058823529411764705,0.6470588235294118,0.0,0.0,0.11764705882352941,0.0,0.0,0.0,0.0,0.058823529411764705,0.6470588235294118,0.058823529411764705,0.058823529411764705,0.11764705882352941,0.0,0.23529411764705882,0.0,0.11764705882352941,0.0,0.058823529411764705,0.058823529411764705
spkr95_13,1.0,0.7647058823529411,0.7647058823529411,0.17647058823529413,0.0,0.0,0.17647058823529413,0.17647058823529413,0.6875,0.17647058823529413,0.11764705882352941,0.0,0.058823529411764705,0.17647058823529413,0.0,0.0,0.17647058823529413,1.0,0.35294117647058826,0.17647058823529413,0.23529411764705882,0.11764705882352941,0.35294117647058826,0.11764705882352941,0.11764705882352941,0.17647058823529413,0.23529411764705882,0.11764705882352941
spkr95_14,0.6470588235294118,0.5294117647058824,0.5882352941176471,0.11764705882352941,0.0,0.0,0.11764705882352941,0.11764705882352941,0.11764705882352941,0.11764705882352941,0.058823529411764705,0.0,0.11764705882352941,0.11764705882352941,0.0,0.0,0.11764705882352941,0.7058823529411765,0.23529411764705882,0.23529411764705882,0.11764705882352941,0.23529411764705882,0.17647058823529413,0.058823529411764705,0.17647058823529413,0.11764705882352941,0.29411764705882354,0.17647058823529413
spkr95_15,0.7058823529411765,0.8823529411764706,0.7058823529411765,0.17647058823529413,0.0,0.058823529411764705,0.0,0.5294117647058824,0.6470588235294118,0.17647058823529413,0.058823529411764705,0.17647058823529413,0.0,0.23529411764705882,0.0,0.11764705882352941,0.23529411764705882,1.0,0.0,0.058823529411764705,0.29411764705882354,0.29411764705882354,0.5882352941176471,0.35294117647058826,0.5294117647058824,0.35294117647058826,0.4117647058823529,0.058823529411764705
spkr95_18,0.6153846153846154,0.07692307692307693,0.5,0.0,0.0,0.0,0.0,0.0,0.23076923076923078,0.0,0.0,0.0,0.0,0.0,0.0,0.0,0.0,0.8076923076923077,0.0,0.0,0.0,0.0,0.038461538461538464,0.0,0.0,0.0,0.19230769230769232,0.0
spkr95_19,0.3548387096774194,0.12903225806451613,0.3870967741935484,0.03225806451612903,0.03225806451612903,0.03225806451612903,0.03225806451612903,0.03225806451612903,0.0967741935483871,0.03225806451612903,0.03225806451612903,0.03225806451612903,0.06451612903225806,0.03225806451612903,0.03225806451612903,0.0,0.03225806451612903,0.3870967741935484,0.03225806451612903,0.03225806451612903,0.03225806451612903,0.03225806451612903,0.06451612903225806,0.03225806451612903,0.03225806451612903,0.03225806451612903,0.03225806451612903,0.03225806451612903
spkr95_2,0.6363636363636364,0.2727272727272727,0.36363636363636365,0.2727272727272727,0.0,0.0,0.18181818181818182,0.18181818181818182,0.45454545454545453,0.09090909090909091,0.0,0.0,0.0,0.0,0.0,0.0,0.0,0.9090909090909091,0.0,0.18181818181818182,0.18181818181818182,0.18181818181818182,0.2727272727272727,0.09090909090909091,0.2727272727272727,0.09090909090909091,0.18181818181818182,0.2727272727272727
spkr95_20,0.8333333333333334,0.19230769230769232,0.6923076923076923,0.0,0.0,0.0,0.0,0.0,0.2916666666666667,0.0,0.0,0.0,0.0,0.0,0.0,0.0,0.0,0.5384615384615384,0.0,0.0,0.0,0.0,0.11538461538461539,0.0,0.11538461538461539,0.038461538461538464,0.11538461538461539,0.19230769230769232
spkr95_21,0.6,0.18518518518518517,0.37037037037037035,0.0,0.0,0.0,0.037037037037037035,0.0,0.12,0.1111111111111111,0.07407407407407407,0.0,0.0,0.0,0.0,0.0,0.0,0.6666666666666666,0.037037037037037035,0.0,0.1111111111111111,0.037037037037037035,0.3333333333333333,0.037037037037037035,0.037037037037037035,0.037037037037037035,0.07407407407407407,0.037037037037037035
spkr95_22,0.8333333333333334,0.1111111111111111,0.5,0.0,0.0,0.0,0.0,0.0,0.16666666666666666,0.0,0.0,0.05555555555555555,0.0,0.05555555555555555,0.0,0.0,0.0,0.8333333333333334,0.0,0.0,0.16666666666666666,0.0,0.0,0.0,0.0,0.0,0.0,0.0
spkr95_23,0.55,0.3,0.25,0.0,0.0,0.0,0.0,0.0,0.15,0.0,0.0,0.0,0.0,0.1,0.0,0.0,0.0,0.5,0.1,0.1,0.1,0.0,0.2,0.15,0.1,0.1,0.2,0.05
spkr95_24,0.6470588235294118,0.3684210526315789,0.5789473684210527,0.05263157894736842,0.05263157894736842,0.05263157894736842,0.05263157894736842,0.05263157894736842,0.29411764705882354,0.05263157894736842,0.3157894736842105,0.05263157894736842,0.05263157894736842,0.15789473684210525,0.05263157894736842,0.15789473684210525,0.05263157894736842,0.631578947368421,0.05263157894736842,0.05263157894736842,0.47368421052631576,0.05263157894736842,0.2631578947368421,0.05263157894736842,0.21052631578947367,0.05263157894736842,0.10526315789473684,0.3684210526315789
spkr95_26,0.8333333333333334,0.42105263157894735,0.5789473684210527,0.21052631578947367,0.21052631578947367,0.15789473684210525,0.21052631578947367,0.21052631578947367,0.4444444444444444,0.3157894736842105,0.21052631578947367,0.21052631578947367,0.21052631578947367,0.21052631578947367,0.2631578947368421,0.21052631578947367,0.21052631578947367,0.5789473684210527,0.21052631578947367,0.21052631578947367,0.42105263157894735,0.3684210526315789,0.5789473684210527,0.42105263157894735,0.5263157894736842,0.3157894736842105,0.2631578947368421,0.15789473684210525
spkr95_28,0.5333333333333333,0.35294117647058826,0.6470588235294118,0.17647058823529413,0.11764705882352941,0.17647058823529413,0.11764705882352941,0.0,0.3333333333333333,0.17647058823529413,0.0,0.17647058823529413,0.17647058823529413,0.11764705882352941,0.0,0.0,0.0,0.47058823529411764,0.23529411764705882,0.0,0.0,0.11764705882352941,0.23529411764705882,0.11764705882352941,0.23529411764705882,0.11764705882352941,0.23529411764705882,0.0
spkr95_29,0.8666666666666667,0.8666666666666667,0.6666666666666666,0.0,0.0,0.0,0.0,0.0,0.8666666666666667,0.0,0.2,0.0,0.0,0.06666666666666667,0.0,0.0,0.0,0.7333333333333333,0.0,0.2,0.26666666666666666,0.0,0.06666666666666667,0.0,0.2,0.0,0.06666666666666667,0.26666666666666666
spkr95_30,0.8,0.4666666666666667,0.4666666666666667,0.0,0.0,0.0,0.0,0.0,0.4,0.0,0.0,0.13333333333333333,0.0,0.0,0.0,0.0,0.0,0.5333333333333333,0.13333333333333333,0.13333333333333333,0.0,0.06666666666666667,0.2,0.06666666666666667,0.13333333333333333,0.06666666666666667,0.06666666666666667,0.06666666666666667
spkr95_31,0.6842105263157895,0.5263157894736842,0.47368421052631576,0.0,0.0,0.0,0.0,0.0,0.47368421052631576,0.15789473684210525,0.0,0.10526315789473684,0.0,0.05263157894736842,0.0,0.0,0.0,0.3684210526315789,0.21052631578947367,0.0,0.15789473684210525,0.2631578947368421,0.3157894736842105,0.3157894736842105,0.21052631578947367,0.2631578947368421,0.2631578947368421,0.10526315789473684
spkr95_33,0.6666666666666666,0.3181818181818182,0.45454545454545453,0.18181818181818182,0.18181818181818182,0.18181818181818182,0.18181818181818182,0.18181818181818182,0.2857142857142857,0.36363636363636365,0.18181818181818182,0.18181818181818182,0.3181818181818182,0.18181818181818182,0.18181818181818182,0.3181818181818182,0.36363636363636365,0.5454545454545454,0.18181818181818182,0.18181818181818182,0.22727272727272727,0.22727272727272727,0.22727272727272727,0.22727272727272727,0.3181818181818182,0.3181818181818182,0.3181818181818182,0.18181818181818182
spkr95_34,0.7272727272727273,0.5,0.5,0.045454545454545456,0.0,0.045454545454545456,0.045454545454545456,0.045454545454545456,0.5,0.18181818181818182,0.13636363636363635,0.045454545454545456,0.0,0.2727272727272727,0.045454545454545456,0.045454545454545456,0.045454545454545456,0.7272727272727273,0.045454545454545456,0.045454545454545456,0.36363636363636365,0.09090909090909091,0.18181818181818182,0.36363636363636365,0.2727272727272727,0.18181818181818182,0.22727272727272727,0.3181818181818182
spkr95_35,0.6428571428571429,0.0,0.7142857142857143,0.0,0.0,0.0,0.0,0.0,0.7142857142857143,0.07142857142857142,0.0,0.0,0.0,0.0,0.07142857142857142,0.0,0.0,0.5,0.0,0.0,0.0,0.0,0.2857142857142857,0.0,0.14285714285714285,0.0,0.14285714285714285,0.21428571428571427
spkr95_36,0.8888888888888888,0.1,0.45,0.0,0.0,0.0,0.0,0.0,0.3333333333333333,0.0,0.05,0.0,0.0,0.15,0.0,0.0,0.0,0.95,0.05,0.0,0.15,0.0,0.25,0.05,0.15,0.0,0.05,0.05
spkr95_37,0.7857142857142857,0.26666666666666666,0.8,0.0,0.0,0.0,0.0,0.3333333333333333,0.14285714285714285,0.26666666666666666,0.0,0.13333333333333333,0.0,0.2,0.2,0.26666666666666666,0.26666666666666666,0.4,0.3333333333333333,0.3333333333333333,0.26666666666666666,0.0,0.3333333333333333,0.2,0.26666666666666666,0.26666666666666666,0.4,0.26666666666666666
spkr95_38,0.8125,0.26666666666666666,0.4666666666666667,0.0,0.0,0.0,0.0,0.0,0.1875,0.13333333333333333,0.13333333333333333,0.0,0.0,0.13333333333333333,0.0,0.0,0.0,1.0,0.3333333333333333,0.0,0.26666666666666666,0.13333333333333333,0.13333333333333333,0.13333333333333333,0.13333333333333333,0.13333333333333333,0.13333333333333333,0.13333333333333333
spkr95_4,0.8571428571428571,0.23076923076923078,0.7692307692307693,0.0,0.0,0.0,0.0,0.0,0.5,0.0,0.0,0.0,0.0,0.15384615384615385,0.0,0.0,0.0,0.7692307692307693,0.0,0.0,0.3076923076923077,0.0,0.38461538461538464,0.0,0.15384615384615385,0.0,0.07692307692307693,0.0
spkr95_40,0.5,0.2,0.4,0.0,0.0,0.0,0.0,0.2,0.2857142857142857,0.3333333333333333,0.13333333333333333,0.26666666666666666,0.2,0.13333333333333333,0.26666666666666666,0.0,0.13333333333333333,0.7333333333333333,0.3333333333333333,0.0,0.13333333333333333,0.3333333333333333,0.4666666666666667,0.0,0.0,0.3333333333333333,0.26666666666666666,0.13333333333333333
spkr95_42,0.9090909090909091,0.36363636363636365,0.8181818181818182,0.2727272727272727,0.18181818181818182,0.18181818181818182,0.18181818181818182,0.18181818181818182,0.6363636363636364,0.36363636363636365,0.18181818181818182,0.36363636363636365,0.09090909090909091,0.09090909090909091,0.09090909090909091,0.0,0.18181818181818182,1.0,0.18181818181818182,0.36363636363636365,0.45454545454545453,0.36363636363636365,0.6363636363636364,0.18181818181818182,0.45454545454545453,0.36363636363636365,0.18181818181818182,0.18181818181818182
spkr95_43,0.6923076923076923,0.6153846153846154,0.5384615384615384,0.0,0.15384615384615385,0.15384615384615385,0.3076923076923077,0.46153846153846156,0.5384615384615384,0.15384615384615385,0.3076923076923077,0.46153846153846156,0.23076923076923078,0.6153846153846154,0.46153846153846156,0.6153846153846154,0.23076923076923078,0.8461538461538461,0.23076923076923078,0.46153846153846156,0.6153846153846154,0.3076923076923077,0.38461538461538464,0.46153846153846156,0.6153846153846154,0.38461538461538464,0.46153846153846156,0.38461538461538464
spkr95_44,0.5,0.1875,0.5,0.1875,0.0625,0.0625,0.0625,0.25,0.5625,0.0625,0.125,0.25,0.0625,0.1875,0.0625,0.0625,0.125,0.875,0.1875,0.6875,0.1875,0.0625,0.5,0.1875,0.1875,0.125,0.375,0.125
spkr95_45,0.8,0.0,0.6363636363636364,0.0,0.0,0.0,0.0,0.0,0.5,0.0,0.0,0.0,0.0,0.0,0.0,0.0,0.0,1.0,0.0,0.0,0.0,0.0,0.0,0.0,0.0,0.0,0.0,0.0
spkr95_46,0.6,0.13333333333333333,0.4666666666666667,0.0,0.0,0.0,0.0,0.0,0.13333333333333333,0.0,0.0,0.0,0.0,0.0,0.0,0.0,0.0,0.5333333333333333,0.0,0.0,0.0,0.0,0.0,0.0,0.06666666666666667,0.0,0.2,0.0
spkr95_5,0.8,0.2,0.4,0.06666666666666667,0.06666666666666667,0.06666666666666667,0.0,0.06666666666666667,0.06666666666666667,0.06666666666666667,0.06666666666666667,0.0,0.0,0.06666666666666667,0.13333333333333333,0.13333333333333333,0.06666666666666667,0.8,0.0,0.0,0.2,0.06666666666666667,0.13333333333333333,0.0,0.2,0.06666666666666667,0.13333333333333333,0.06666666666666667
spkr95_50,0.7666666666666667,0.1935483870967742,0.41935483870967744,0.0,0.0,0.0,0.0,0.0,0.43333333333333335,0.0,0.0,0.0,0.0,0.0,0.0,0.0,0.0,0.6451612903225806,0.0,0.0,0.22580645161290322,0.0,0.12903225806451613,0.0,0.22580645161290322,0.0,0.03225806451612903,0.0967741935483871
spkr95_51,0.7142857142857143,0.21428571428571427,0.07142857142857142,0.07142857142857142,0.07142857142857142,0.0,0.0,0.07142857142857142,0.2857142857142857,0.14285714285714285,0.07142857142857142,0.07142857142857142,0.0,0.14285714285714285,0.07142857142857142,0.0,0.07142857142857142,0.6428571428571429,0.07142857142857142,0.07142857142857142,0.07142857142857142,0.14285714285714285,0.07142857142857142,0.07142857142857142,0.07142857142857142,0.21428571428571427,0.07142857142857142,0.07142857142857142
spkr95_52,0.6363636363636364,0.5454545454545454,0.6363636363636364,0.0,0.0,0.0,0.0,0.0,0.2727272727272727,0.2727272727272727,0.09090909090909091,0.0,0.0,0.0,0.0,0.0,0.0,0.9090909090909091,0.0,0.0,0.2727272727272727,0.2727272727272727,0.0,0.0,0.2727272727272727,0.0,0.45454545454545453,0.09090909090909091
spkr95_53,0.6,0.26666666666666666,0.4666666666666667,0.13333333333333333,0.13333333333333333,0.13333333333333333,0.13333333333333333,0.13333333333333333,0.5333333333333333,0.13333333333333333,0.13333333333333333,0.06666666666666667,0.13333333333333333,0.13333333333333333,0.06666666666666667,0.13333333333333333,0.13333333333333333,0.7333333333333333,0.06666666666666667,0.06666666666666667,0.06666666666666667,0.13333333333333333,0.13333333333333333,0.06666666666666667,0.26666666666666666,0.13333333333333333,0.13333333333333333,0.26666666666666666
spkr95_54,1.0,0.5714285714285714,0.42857142857142855,0.0,0.14285714285714285,0.14285714285714285,0.14285714285714285,0.14285714285714285,1.0,0.0,0.14285714285714285,1.0,0.14285714285714285,0.14285714285714285,1.0,0.14285714285714285,0.0,1.0,0.14285714285714285,0.5714285714285714,0.0,0.0,0.42857142857142855,0.42857142857142855,0.42857142857142855,0.2857142857142857,0.7142857142857143,0.2857142857142857
spkr95_55,0.8666666666666667,0.17647058823529413,0.5882352941176471,0.0,0.0,0.0,0.0,0.0,0.2,0.0,0.058823529411764705,0.0,0.0,0.0,0.0,0.0,0.0,0.7647058823529411,0.0,0.0,0.058823529411764705,0.0,0.0,0.0,0.17647058823529413,0.0,0.11764705882352941,0.0
spkr95_56,0.9,0.4,0.5,0.2,0.2,0.3,0.3,0.2,0.5,0.3,0.2,0.3,0.3,0.1,0.1,0.3,0.2,0.8,0.4,0.4,0.5,0.2,0.5,0.2,0.3,0.2,0.2,0.3
spkr95_57,0.8666666666666667,0.35294117647058826,0.47058823529411764,0.23529411764705882,0.23529411764705882,0.29411764705882354,0.23529411764705882,0.23529411764705882,0.5333333333333333,0.11764705882352941,0.23529411764705882,0.23529411764705882,0.23529411764705882,0.29411764705882354,0.23529411764705882,0.23529411764705882,0.23529411764705882,0.23529411764705882,0.23529411764705882,0.23529411764705882,0.23529411764705882,0.23529411764705882,0.17647058823529413,0.23529411764705882,0.17647058823529413,0.23529411764705882,0.23529411764705882,0.23529411764705882
spkr95_58,0.7142857142857143,0.6363636363636364,0.5454545454545454,0.0,0.0,0.0,0.0,0.0,0.5238095238095238,0.045454545454545456,0.0,0.0,0.0,0.09090909090909091,0.0,0.0,0.0,0.7272727272727273,0.18181818181818182,0.0,0.18181818181818182,0.09090909090909091,0.5,0.0,0.13636363636363635,0.36363636363636365,0.13636363636363635,0.0
spkr95_59,0.6363636363636364,0.0,0.6363636363636364,0.0,0.0,0.0,0.0,0.0,0.2727272727272727,0.2727272727272727,0.7272727272727273,0.0,0.0,0.36363636363636365,0.0,0.0,0.0,1.0,0.18181818181818182,0.0,0.0,0.2727272727272727,0.7272727272727273,0.2727272727272727,0.2727272727272727,0.2727272727272727,0.09090909090909091,0.5454545454545454
spkr95_6,0.5833333333333334,0.25,0.75,0.4166666666666667,0.0,0.3333333333333333,0.3333333333333333,0.25,0.5,0.25,0.5,0.4166666666666667,0.0,0.3333333333333333,0.3333333333333333,0.0,0.3333333333333333,0.75,0.4166666666666667,0.16666666666666666,0.5833333333333334,0.5,0.4166666666666667,0.3333333333333333,0.5,0.3333333333333333,0.4166666666666667,0.3333333333333333
spkr95_60,1.0,0.7058823529411765,0.7058823529411765,0.11764705882352941,0.0,0.0,0.0,0.0,0.375,0.0,0.0,0.11764705882352941,0.0,0.058823529411764705,0.0,0.0,0.0,0.8235294117647058,0.11764705882352941,0.11764705882352941,0.47058823529411764,0.0,0.17647058823529413,0.0,0.11764705882352941,0.0,0.058823529411764705,0.35294117647058826
spkr95_61,0.7222222222222222,0.16666666666666666,0.4444444444444444,0.0,0.0,0.0,0.0,0.0,0.05555555555555555,0.0,0.0,0.0,0.0,0.0,0.0,0.0,0.0,0.4444444444444444,0.0,0.0,0.16666666666666666,0.0,0.0,0.0,0.0,0.0,0.0,0.0
spkr95_62,0.8,0.0,0.2727272727272727,0.09090909090909091,0.0,0.0,0.0,0.09090909090909091,0.4,0.0,0.0,0.09090909090909091,0.0,0.0,0.0,0.0,0.09090909090909091,0.9090909090909091,0.09090909090909091,0.09090909090909091,0.0,0.09090909090909091,0.09090909090909091,0.0,0.0,0.0,0.09090909090909091,0.0
spkr95_63,0.7,0.5,0.3,0.0,0.1,0.0,0.0,0.0,0.1,0.2,0.0,0.3,0.0,0.0,0.0,0.0,0.3,1.0,0.3,0.0,0.0,0.3,0.5,0.0,0.5,0.3,0.4,0.0
spkr95_64,0.6470588235294118,0.47058823529411764,0.47058823529411764,0.0,0.0,0.0,0.0,0.0,0.11764705882352941,0.0,0.11764705882352941,0.058823529411764705,0.0,0.29411764705882354,0.0,0.058823529411764705,0.0,1.0,0.0,0.058823529411764705,0.17647058823529413,0.0,0.058823529411764705,0.17647058823529413,0.17647058823529413,0.11764705882352941,0.17647058823529413,0.0
spkr95_65,0.7391304347826086,0.391304347826087,0.6086956521739131,0.043478260869565216,0.043478260869565216,0.043478260869565216,0.043478260869565216,0.043478260869565216,0.21739130434782608,0.043478260869565216,0.043478260869565216,0.043478260869565216,0.043478260869565216,0.043478260869565216,0.043478260869565216,0.0,0.043478260869565216,0.7391304347826086,0.043478260869565216,0.043478260869565216,0.391304347826087,0.043478260869565216,0.30434782608695654,0.17391304347826086,0.13043478260869565,0.043478260869565216,0.13043478260869565,0.043478260869565216
spkr95_66,0.8235294117647058,0.0,0.2777777777777778,0.0,0.0,0.0,0.0,0.0,0.11764705882352941,0.0,0.0,0.0,0.0,0.0,0.0,0.0,0.0,0.8333333333333334,0.05555555555555555,0.0,0.2222222222222222,0.16666666666666666,0.3333333333333333,0.0,0.2222222222222222,0.0,0.1111111111111111,0.0
spkr95_67,0.8571428571428571,0.6428571428571429,0.6428571428571429,0.35714285714285715,0.0,0.35714285714285715,0.0,0.42857142857142855,0.2857142857142857,0.14285714285714285,0.2857142857142857,0.42857142857142855,0.0,0.35714285714285715,0.0,0.21428571428571427,0.35714285714285715,0.5714285714285714,0.5714285714285714,0.42857142857142855,0.42857142857142855,0.2857142857142857,0.5,0.2857142857142857,0.2857142857142857,0.2857142857142857,0.2857142857142857,0.2857142857142857
spkr95_68,0.75,0.5384615384615384,0.6153846153846154,0.3076923076923077,0.3076923076923077,0.0,0.3076923076923077,0.3076923076923077,0.75,0.23076923076923078,0.3076923076923077,0.6923076923076923,0.23076923076923078,0.3076923076923077,0.3076923076923077,0.6153846153846154,0.3076923076923077,0.7692307692307693,0.3076923076923077,0.3076923076923077,0.3076923076923077,0.3076923076923077,0.46153846153846156,0.46153846153846156,0.46153846153846156,0.3076923076923077,0.3076923076923077,0.5384615384615384
spkr95_69,0.6111111111111112,0.2222222222222222,0.4444444444444444,0.0,0.0,0.0,0.0,0.0,0.2222222222222222,0.0,0.0,0.05555555555555555,0.0,0.05555555555555555,0.0,0.0,0.0,0.7777777777777778,0.05555555555555555,0.0,0.0,0.0,0.0,0.0,0.3333333333333333,0.0,0.7222222222222222,0.0
spkr95_7,0.8666666666666667,0.5625,0.6875,0.125,0.0625,0.125,0.125,0.125,0.3333333333333333,0.0625,0.0625,0.375,0.0625,0.0,0.0625,0.0625,0.125,0.875,0.0,0.0,0.0625,0.0625,0.4375,0.1875,0.25,0.0625,0.5,0.3125
spkr95_70,0.5625,0.1875,0.25,0.0,0.0,0.0,0.0,0.0,0.1875,0.0,0.0625,0.0,0.0,0.0,0.0,0.0,0.0,0.625,0.0,0.0,0.0625,0.0,0.0,0.0625,0.1875,0.0,0.0,0.0
spkr95_71,0.8888888888888888,0.15789473684210525,0.3157894736842105,0.15789473684210525,0.0,0.0,0.0,0.0,0.3888888888888889,0.15789473684210525,0.2631578947368421,0.21052631578947367,0.0,0.2631578947368421,0.0,0.0,0.0,0.8421052631578947,0.0,0.3157894736842105,0.3684210526315789,0.15789473684210525,0.2631578947368421,0.15789473684210525,0.21052631578947367,0.15789473684210525,0.10526315789473684,0.21052631578947367
spkr95_72,0.7894736842105263,0.6111111111111112,0.5555555555555556,0.0,0.0,0.0,0.0,0.0,0.15789473684210525,0.2222222222222222,0.0,0.0,0.0,0.0,0.0,0.0,0.0,0.6111111111111112,0.0,0.0,0.0,0.0,0.2222222222222222,0.0,0.2222222222222222,0.2222222222222222,0.2222222222222222,0.0
spkr95_73,0.9090909090909091,0.5454545454545454,0.36363636363636365,0.0,0.0,0.0,0.0,0.0,0.6363636363636364,0.18181818181818182,0.0,0.0,0.0,0.09090909090909091,0.0,0.0,0.0,0.5454545454545454,0.2727272727272727,0.0,0.0,0.45454545454545453,0.09090909090909091,0.18181818181818182,0.2727272727272727,0.36363636363636365,0.09090909090909091,0.0
spkr95_74,0.42857142857142855,0.07142857142857142,0.7142857142857143,0.0,0.0,0.0,0.0,0.0,0.2857142857142857,0.0,0.0,0.14285714285714285,0.0,0.0,0.14285714285714285,0.0,0.0,0.9285714285714286,0.0,0.0,0.0,0.07142857142857142,0.0,0.0,0.0,0.0,0.07142857142857142,0.14285714285714285
spkr95_75,0.6470588235294118,0.35294117647058826,0.6470588235294118,0.17647058823529413,0.0,0.0,0.0,0.17647058823529413,0.7058823529411765,0.29411764705882354,0.47058823529411764,0.35294117647058826,0.17647058823529413,0.23529411764705882,0.0,0.0,0.29411764705882354,0.7647058823529411,0.17647058823529413,0.47058823529411764,0.4117647058823529,0.23529411764705882,0.5294117647058824,0.29411764705882354,0.35294117647058826,0.29411764705882354,0.35294117647058826,0.5882352941176471
spkr95_8,0.75,0.625,0.5625,0.1875,0.0,0.0,0.0,0.3125,0.625,0.4375,0.0,0.125,0.0,0.0,0.0,0.0,0.1875,0.6875,0.4375,0.1875,0.6875,0.5,0.6875,0.0625,0.5625,0.6875,0.375,0.125
spkr95_9,0.35714285714285715,0.5714285714285714,0.5,0.07142857142857142,0.07142857142857142,0.21428571428571427,0.21428571428571427,0.14285714285714285,0.5714285714285714,0.07142857142857142,0.07142857142857142,0.21428571428571427,0.21428571428571427,0.07142857142857142,0.14285714285714285,0.0,0.07142857142857142,0.9285714285714286,0.07142857142857142,0.07142857142857142,0.0,0.0,0.07142857142857142,0.14285714285714285,0.42857142857142855,0.07142857142857142,0.2857142857142857,0.42857142857142855
