utt_id,allosaurus-eng,atc-w2v2,atc-xlsr,base.en,canary-1b,crisperwhisper,distil-large-v3,distil-small.en,espeak-phone,hubert-large,jasper,moonshine-base,parakeet,quartznet,qwen2audio,seamless-m4t-v2,small.en,sphinx-enus,tiny,tiny.en,vosk-small,w2v2-large-lv60,w2v2-swbd,w2v2-xlsr-cv,wav2vec2-base,wav2vec2-robust,wavlm-large,xlsr-1b-cv
000010011,0.7777777777777778,0.0,0.2,0.2,0.1,0.0,0.2,0.2,0.3333333333333333,0.0,0.2,0.2,0.1,0.2,0.2,0.9,0.2,0.5,0.2,0.2,0.2,0.1,0.4,0.2,0.3,0.1,0.3,0.2
000010035,0.9230769230769231,0.0,0.15384615384615385,0.0,0.0,0.0,0.0,0.0,0.3076923076923077,0.15384615384615385,0.6153846153846154,1.0,0.6153846153846154,0.7692307692307693,0.0,0.0,0.0,0.9230769230769231,0.0,0.0,0.23076923076923078,0.15384615384615385,0.38461538461538464,0.3076923076923077,0.6153846153846154,0.15384615384615385,0.38461538461538464,0.0
000010053,1.0,0.16666666666666666,0.16666666666666666,0.0,0.0,0.0,0.16666666666666666,0.0,0.3333333333333333,0.25,0.16666666666666666,1.0,0.0,0.25,0.0,0.0,0.0,1.0,0.0,0.0,0.25,0.16666666666666666,0.16666666666666666,0.16666666666666666,0.0,0.16666666666666666,0.16666666666666666,0.16666666666666666
000010063,0.6153846153846154,0.3076923076923077,0.6153846153846154,0.0,0.0,0.0,0.0,0.0,0.0,0.0,0.15384615384615385,1.0,0.0,0.23076923076923078,0.15384615384615385,1.0,0.0,1.0,0.0,0.38461538461538464,0.07692307692307693,0.07692307692307693,0.07692307692307693,0.0,0.0,0.07692307692307693,0.07692307692307693,0.0
000010069,0.6666666666666666,0.13333333333333333,0.4666666666666667,0.0,0.13333333333333333,0.0,0.0,0.0,0.2,0.06666666666666667,0.06666666666666667,0.26666666666666666,0.13333333333333333,0.13333333333333333,0.0,0.0,0.13333333333333333,0.9333333333333333,0.0,0.4,0.2,0.06666666666666667,0.4666666666666667,0.0,0.06666666666666667,0.06666666666666667,0.13333333333333333,0.0
000010075,0.8181818181818182,0.09090909090909091,0.5454545454545454,0.0,0.0,0.0,0.0,0.0,0.0,0.0,0.0,0.0,0.0,0.0,0.0,0.0,0.0,0.8181818181818182,0.0,0.0,0.0,0.0,0.0,0.0,0.2727272727272727,0.0,0.0,0.0
000010089,0.5714285714285714,0.2,0.6,0.2,0.0,0.0,0.13333333333333333,0.13333333333333333,0.07142857142857142,0.0,0.0,0.13333333333333333,0.0,0.13333333333333333,0.13333333333333333,0.0,0.2,0.6,0.13333333333333333,0.13333333333333333,0.0,0.06666666666666667,0.13333333333333333,0.0,0.13333333333333333,0.06666666666666667,0.13333333333333333,0.0
000010095,0.46153846153846156,0.38461538461538464,0.5384615384615384,0.23076923076923078,0.0,0.0,0.0,0.0,0.38461538461538464,0.23076923076923078,0.0,0.0,0.15384615384615385,0.23076923076923078,0.0,0.3076923076923077,0.0,0.9230769230769231,0.0,0.0,0.38461538461538464,0.15384615384615385,0.23076923076923078,0.3076923076923077,0.15384615384615385,0.15384615384615385,0.15384615384615385,0.23076923076923078
000010106,0.9166666666666666,0.75,0.8333333333333334,0.0,0.08333333333333333,0.0,0.0,0.16666666666666666,0.75,0.08333333333333333,0.16666666666666666,0.0,0.0,0.16666666666666666,0.0,0.4166666666666667,0.0,0.75,0.4166666666666667,0.16666666666666666,0.25,0.08333333333333333,0.5,0.25,0.25,0.0,0.3333333333333333,0.25
000010113,0.6470588235294118,0.5,0.7222222222222222,0.4444444444444444,0.3333333333333333,0.3333333333333333,0.3333333333333333,0.16666666666666666,0.5294117647058824,0.2777777777777778,0.2777777777777778,0.2222222222222222,0.16666666666666666,0.16666666666666666,0.16666666666666666,0.2777777777777778,0.3888888888888889,0.9444444444444444,0.6111111111111112,0.5555555555555556,0.7222222222222222,0.3333333333333333,0.7222222222222222,0.2777777777777778,0.6666666666666666,0.3888888888888889,0.6111111111111112,0.4444444444444444
000010115,0.47058823529411764,0.11764705882352941,0.6470588235294118,0.0,0.0,0.0,0.0,0.0,0.23529411764705882,0.058823529411764705,0.11764705882352941,0.0,0.11764705882352941,0.11764705882352941,0.0,0.0,0.0,0.5294117647058824,0.0,0.0,0.5294117647058824,0.17647058823529413,0.058823529411764705,0.0,0.35294117647058826,0.0,0.29411764705882354,0.17647058823529413
000010121,0.8125,0.25,0.9375,0.25,0.125,0.25,0.0,0.25,0.5,0.1875,0.25,0.3125,0.1875,0.1875,0.0,0.375,0.3125,0.75,0.125,0.25,0.25,0.25,0.4375,0.125,0.5625,0.4375,0.5,0.1875
000010122,0.42105263157894735,0.0,0.2631578947368421,0.10526315789473684,0.0,0.0,0.10526315789473684,0.0,0.05263157894736842,0.0,0.10526315789473684,0.10526315789473684,0.0,0.21052631578947367,0.0,0.0,0.0,0.3684210526315789,0.0,0.0,0.0,0.0,0.0,0.05263157894736842,0.0,0.0,0.0,0.0
000010133,0.7142857142857143,0.7142857142857143,0.7142857142857143,0.2857142857142857,0.0,0.0,0.14285714285714285,0.42857142857142855,0.7857142857142857,0.42857142857142855,0.35714285714285715,0.14285714285714285,0.0,0.07142857142857142,0.14285714285714285,0.9285714285714286,0.07142857142857142,0.9285714285714286,0.7142857142857143,0.2857142857142857,0.35714285714285715,0.14285714285714285,0.5714285714285714,0.07142857142857142,0.5714285714285714,0.0,0.2857142857142857,0.35714285714285715
000010135,0.8,0.4,0.4666666666666667,0.0,0.06666666666666667,0.06666666666666667,0.06666666666666667,0.0,0.5333333333333333,0.4,0.06666666666666667,0.5333333333333333,0.06666666666666667,0.26666666666666666,0.06666666666666667,0.5333333333333333,0.0,0.8,0.13333333333333333,0.13333333333333333,0.26666666666666666,0.0,0.5333333333333333,0.3333333333333333,0.3333333333333333,0.06666666666666667,0.26666666666666666,0.2
000010140,0.7333333333333333,0.3333333333333333,0.2,0.06666666666666667,0.0,0.0,0.0,0.0,0.13333333333333333,0.0,0.2,0.26666666666666666,0.26666666666666666,0.26666666666666666,0.0,0.5333333333333333,0.0,0.8666666666666667,0.2,0.0,0.2,0.0,0.2,0.06666666666666667,0.13333333333333333,0.06666666666666667,0.3333333333333333,0.2
000010145,0.7142857142857143,0.1875,0.625,0.0,0.0,0.125,0.0,0.0,0.0,0.0,0.0,0.1875,0.0,0.0,0.1875,0.125,0.0,0.8125,0.0,0.0,0.0,0.0,0.0625,0.0,0.0,0.125,0.0625,0.125
000010149,0.7333333333333333,0.4,0.6666666666666666,0.13333333333333333,0.13333333333333333,0.2,0.2,0.3333333333333333,0.26666666666666666,0.2,0.13333333333333333,0.3333333333333333,0.3333333333333333,0.4,0.3333333333333333,0.0,0.4666666666666667,1.0,0.4,0.4,0.4,0.13333333333333333,0.2,0.2,0.13333333333333333,0.13333333333333333,0.4,0.2
000010168,1.0,0.0,0.0,0.0,0.0,0.0,0.0,0.0,0.5,0.0,0.0,0.0,0.0,0.0,0.0,1.0,0.0,1.0,0.0,0.0,0.0,0.0,0.0,0.0,0.0,0.0,0.0,0.0
000010173,1.0,0.5,0.25,0.0,0.0,0.0,0.0,0.0,0.0,0.0,0.0,0.5,0.0,0.5,0.0,0.0,0.0,1.0,0.0,0.0,0.0,0.5,0.0,0.0,0.0,0.0,0.5,0.0
000050003,0.6666666666666666,0.5333333333333333,0.5333333333333333,0.0,0.0,0.0,0.0,0.0,0.06666666666666667,0.0,0.2,0.0,0.0,0.2,0.0,0.0,0.0,1.0,0.13333333333333333,0.13333333333333333,0.6666666666666666,0.0,0.2,0.0,0.4,0.13333333333333333,0.3333333333333333,0.06666666666666667
000050010,0.9,0.6,0.7,0.3,0.1,0.1,0.6,0.4,0.5,0.7,0.4,0.1,0.1,0.2,0.5,1.0,0.3,1.0,1.0,0.8,0.7,0.6,0.1,0.3,0.5,0.9,0.7,0.2
000050024,0.7333333333333333,0.5333333333333333,0.5333333333333333,0.0,0.0,0.0,0.0,0.6666666666666666,0.13333333333333333,0.0,0.4,0.4666666666666667,0.0,0.26666666666666666,0.0,0.2,0.0,1.0,0.2,0.2,0.6666666666666666,0.0,0.5333333333333333,0.2,0.6666666666666666,0.0,0.13333333333333333,0.3333333333333333
000050028,0.5454545454545454,0.0,0.18181818181818182,0.0,0.0,0.0,0.0,0.18181818181818182,0.0,0.0,0.45454545454545453,0.0,0.18181818181818182,0.36363636363636365,0.0,0.0,0.0,0.7272727272727273,0.09090909090909091,0.36363636363636365,0.5454545454545454,0.0,0.0,0.0,0.09090909090909091,0.0,0.36363636363636365,0.0
000050038,0.9166666666666666,0.0,0.0,0.0,0.0,0.35714285714285715,0.0,0.0,0.0,0.0,0.14285714285714285,1.0,0.14285714285714285,0.0,0.0,0.0,0.0,0.8571428571428571,0.0,0.0,0.21428571428571427,0.0,0.14285714285714285,0.14285714285714285,0.14285714285714285,0.0,0.21428571428571427,0.14285714285714285
000050040,0.8461538461538461,0.07692307692307693,0.3076923076923077,0.3076923076923077,0.23076923076923078,0.23076923076923078,0.23076923076923078,0.38461538461538464,0.38461538461538464,0.5384615384615384,0.38461538461538464,0.23076923076923078,0.23076923076923078,0.5384615384615384,0.0,0.0,0.23076923076923078,0.5384615384615384,0.23076923076923078,0.23076923076923078,0.38461538461538464,0.6153846153846154,0.46153846153846156,0.38461538461538464,0.46153846153846156,0.5384615384615384,0.46153846153846156,0.46153846153846156
000050047,0.9,0.2,0.4,0.7,0.0,0.0,0.0,0.7,0.6,0.8,0.7,0.7,0.4,0.5,0.0,0.0,0.7,0.9,0.8,0.8,0.7,0.9,0.5,0.8,0.6,0.8,0.5,0.8
000050049,0.7142857142857143,0.0,0.0,0.2857142857142857,0.0,0.0,0.0,0.0,0.14285714285714285,0.14285714285714285,0.5714285714285714,0.0,0.0,0.5714285714285714,0.0,0.0,0.0,0.0,0.0,0.0,0.0,0.14285714285714285,0.14285714285714285,0.14285714285714285,0.2857142857142857,0.42857142857142855,0.2857142857142857,0.14285714285714285
000050055,0.5,0.25,0.25,0.25,0.125,0.0,0.375,0.125,0.125,0.125,0.5,0.5,0.125,0.25,0.875,0.75,0.375,0.625,0.375,0.375,0.25,0.375,0.125,0.125,0.875,0.125,0.25,0.25
000050078,1.0,0.5555555555555556,0.6666666666666666,0.2777777777777778,0.16666666666666666,0.5,0.3333333333333333,0.5555555555555556,0.6111111111111112,0.3888888888888889,0.5,0.4444444444444444,0.16666666666666666,0.4444444444444444,0.1111111111111111,0.8333333333333334,0.2777777777777778,0.8333333333333334,0.3333333333333333,0.6666666666666666,0.5,0.3888888888888889,0.5555555555555556,0.2777777777777778,0.6666666666666666,0.5555555555555556,0.5555555555555556,0.2777777777777778
000050079,0.5789473684210527,0.631578947368421,0.6842105263157895,0.3684210526315789,0.631578947368421,0.5263157894736842,0.47368421052631576,0.631578947368421,0.5263157894736842,0.42105263157894735,0.47368421052631576,0.7894736842105263,0.5263157894736842,0.3157894736842105,0.3157894736842105,1.0,0.47368421052631576,0.5263157894736842,0.3684210526315789,0.5263157894736842,0.7368421052631579,0.3684210526315789,0.6842105263157895,0.3684210526315789,0.3157894736842105,0.5263157894736842,0.42105263157894735,0.2631578947368421
000050083,1.0,0.6923076923076923,0.8461538461538461,0.9230769230769231,0.7692307692307693,0.7692307692307693,0.6923076923076923,0.9230769230769231,0.7692307692307693,0.6153846153846154,0.46153846153846156,0.9230769230769231,0.7692307692307693,0.6153846153846154,0.6923076923076923,0.6923076923076923,0.8461538461538461,0.7692307692307693,0.6923076923076923,0.9230769230769231,0.8461538461538461,0.5384615384615384,0.8461538461538461,0.6923076923076923,0.8461538461538461,0.6923076923076923,0.6153846153846154,0.9230769230769231
000050095,0.9285714285714286,0.6428571428571429,0.7142857142857143,0.5,0.5714285714285714,0.2857142857142857,0.2857142857142857,0.5,0.7857142857142857,0.42857142857142855,0.35714285714285715,0.2857142857142857,0.6428571428571429,0.5,0.2857142857142857,0.42857142857142855,0.2857142857142857,1.0,0.5714285714285714,0.2857142857142857,0.9285714285714286,0.5,0.5714285714285714,0.5,0.5,0.42857142857142855,0.6428571428571429,0.42857142857142855
000050099,0.6470588235294118,0.7777777777777778,0.7222222222222222,0.3333333333333333,0.1111111111111111,0.16666666666666666,0.16666666666666666,0.7777777777777778,0.6470588235294118,0.4444444444444444,0.1111111111111111,0.1111111111111111,0.1111111111111111,0.16666666666666666,1.0,0.4444444444444444,0.2777777777777778,0.6111111111111112,0.8333333333333334,0.2777777777777778,0.2777777777777778,0.3333333333333333,0.3333333333333333,0.16666666666666666,0.7222222222222222,0.3333333333333333,0.3333333333333333,0.16666666666666666
000050100,0.5,0.8125,0.5625,0.5,0.4375,0.25,0.375,0.3125,0.7142857142857143,0.4375,0.3125,0.375,0.375,0.3125,0.125,0.6875,0.3125,0.8125,0.5625,0.4375,0.5625,0.125,0.625,0.25,0.3125,0.5625,0.5,0.25
000050114,0.6111111111111112,0.5789473684210527,0.6842105263157895,0.2631578947368421,0.3157894736842105,0.21052631578947367,0.2631578947368421,0.3684210526315789,0.4444444444444444,0.42105263157894735,0.5263157894736842,0.5789473684210527,0.3157894736842105,0.5263157894736842,0.21052631578947367,0.5789473684210527,0.42105263157894735,1.0,0.3157894736842105,0.5789473684210527,0.5263157894736842,0.3157894736842105,0.631578947368421,0.42105263157894735,0.5789473684210527,0.631578947368421,0.631578947368421,0.42105263157894735
000050118,0.8235294117647058,0.5882352941176471,0.5882352941176471,0.23529411764705882,0.23529411764705882,0.5294117647058824,0.5294117647058824,0.35294117647058826,0.5882352941176471,0.6470588235294118,0.5882352941176471,0.5294117647058824,0.5882352941176471,0.35294117647058826,0.5882352941176471,0.9411764705882353,0.35294117647058826,0.7058823529411765,0.8235294117647058,0.5882352941176471,0.7058823529411765,0.47058823529411764,0.8823529411764706,0.35294117647058826,0.4117647058823529,0.5294117647058824,0.5294117647058824,0.35294117647058826
000050122,0.7,0.55,0.65,0.65,0.15,0.05,0.1,0.25,0.7,0.35,0.45,0.1,0.45,0.1,0.0,1.0,0.1,0.8,0.5,0.25,0.15,0.15,0.3,0.45,0.3,0.1,0.5,0.2
000050174,0.875,0.875,0.75,0.875,0.5,0.75,0.625,0.25,0.75,0.75,0.5,0.75,0.25,0.5,0.25,0.625,0.25,1.0,0.75,0.875,0.875,0.75,1.0,0.75,0.375,0.625,0.625,0.75
000050175,0.8333333333333334,0.6666666666666666,0.8333333333333334,1.0,0.8333333333333334,0.5,1.0,0.8333333333333334,0.6666666666666666,0.6666666666666666,0.3333333333333333,0.8333333333333334,0.5,0.3333333333333333,0.0,1.0,1.0,1.0,0.8333333333333334,1.0,0.0,0.8333333333333334,1.0,0.5,0.8333333333333334,1.0,0.8333333333333334,0.8333333333333334
000060015,0.5625,0.17647058823529413,0.5882352941176471,0.11764705882352941,0.0,0.11764705882352941,0.11764705882352941,0.11764705882352941,0.125,0.0,0.23529411764705882,0.0,0.11764705882352941,0.11764705882352941,0.058823529411764705,0.0,0.0,0.17647058823529413,0.11764705882352941,0.11764705882352941,0.0,0.0,0.0,0.0,0.11764705882352941,0.11764705882352941,0.058823529411764705,0.0
000060020,0.1111111111111111,0.0,0.2222222222222222,0.0,0.0,0.0,0.0,0.0,0.1111111111111111,0.0,0.0,0.0,0.0,0.0,0.0,0.0,0.0,0.3888888888888889,0.0,0.0,0.0,0.0,0.0,0.0,0.0,0.0,0.0,0.0
000060029,0.26666666666666666,0.0,0.0,0.0,0.0,0.0,0.0,0.0,0.06666666666666667,0.0,0.0,0.0,0.0,0.0,0.0,0.0,0.0,0.8666666666666667,0.0,0.0,0.0,0.0,0.0,0.0,0.13333333333333333,0.0,0.0,0.0
000060031,0.4166666666666667,0.0,0.0,0.0,0.0,0.0,0.0,0.0,0.08333333333333333,0.0,0.0,1.0,0.0,0.0,0.0,0.0,0.0,0.8461538461538461,0.0,0.0,0.0,0.0,0.0,0.0,0.0,0.0,0.0,0.0
000060049,0.9,0.0,0.0,0.0,0.0,0.0,0.0,0.0,0.1,0.0,0.0,0.0,0.0,0.0,0.0,0.0,0.0,0.8,0.0,0.0,0.0,0.0,0.0,0.3,0.0,0.0,0.1,0.0
000060056,0.46153846153846156,0.35714285714285715,0.5714285714285714,0.0,0.0,0.0,0.0,0.0,0.07692307692307693,0.0,0.0,0.14285714285714285,0.0,0.0,0.0,0.0,0.0,0.0,0.0,0.07142857142857142,0.0,0.07142857142857142,0.0,0.07142857142857142,0.0,0.07142857142857142,0.2857142857142857,0.0
000060077,1.0,0.5384615384615384,0.5384615384615384,0.23076923076923078,0.15384615384615385,0.0,0.15384615384615385,0.15384615384615385,0.25,0.15384615384615385,0.23076923076923078,0.15384615384615385,0.0,0.15384615384615385,0.0,0.23076923076923078,0.15384615384615385,1.0,0.23076923076923078,0.23076923076923078,0.38461538461538464,0.23076923076923078,0.15384615384615385,0.07692307692307693,0.15384615384615385,0.07692307692307693,0.3076923076923077,0.15384615384615385
000060081,0.5333333333333333,0.13333333333333333,0.6666666666666666,0.0,0.06666666666666667,0.0,0.06666666666666667,0.0,0.06666666666666667,0.06666666666666667,0.13333333333333333,0.06666666666666667,0.06666666666666667,0.06666666666666667,0.13333333333333333,0.06666666666666667,0.0,0.5333333333333333,0.0,0.06666666666666667,0.0,0.06666666666666667,0.06666666666666667,0.0,0.06666666666666667,0.06666666666666667,0.06666666666666667,0.06666666666666667
000060082,0.4,0.1,0.7,0.0,0.0,0.0,0.0,0.0,0.0,0.0,0.0,0.0,0.0,0.0,0.0,0.0,0.0,0.7,0.0,0.0,0.1,0.0,0.0,0.0,0.0,0.0,0.0,0.0
000060083,0.7142857142857143,0.0625,0.25,0.0,0.0,0.0,0.0,0.0,0.0,0.0,0.0,0.0,0.0,0.0,0.0,0.0,0.0,0.75,0.125,0.0,0.0,0.0,0.0,0.0,0.0,0.0,0.125,0.125
000060094,0.5294117647058824,0.17647058823529413,0.5294117647058824,0.0,0.0,0.0,0.0,0.11764705882352941,0.17647058823529413,0.0,0.0,0.0,0.0,0.11764705882352941,0.0,0.0,0.11764705882352941,0.4117647058823529,0.11764705882352941,0.11764705882352941,0.0,0.0,0.0,0.0,0.058823529411764705,0.0,0.11764705882352941,0.0
000060102,0.6153846153846154,0.3076923076923077,0.6153846153846154,0.0,0.0,0.0,0.0,0.0,0.07692307692307693,0.0,0.07692307692307693,0.0,0.0,0.0,0.0,0.0,0.0,0.8461538461538461,0.0,0.0,0.23076923076923078,0.07692307692307693,0.07692307692307693,0.0,0.23076923076923078,0.07692307692307693,0.07692307692307693,0.0
000060106,0.6666666666666666,0.15789473684210525,0.42105263157894735,0.0,0.0,0.0,0.0,0.0,0.0,0.0,0.0,0.0,0.0,0.0,0.0,0.0,0.0,0.10526315789473684,0.0,0.0,0.0,0.0,0.0,0.0,0.10526315789473684,0.0,0.10526315789473684,0.10526315789473684
000060111,0.17647058823529413,0.0,0.47058823529411764,0.0,0.0,0.0,0.0,0.0,0.0,0.0,0.0,0.0,0.0,0.0,0.0,0.0,0.0,0.35294117647058826,0.0,0.0,0.058823529411764705,0.0,0.0,0.0,0.0,0.0,0.058823529411764705,0.0
000060113,0.8461538461538461,0.15384615384615385,0.38461538461538464,0.0,0.0,0.0,0.0,0.0,0.07692307692307693,0.0,0.0,0.0,0.0,0.07692307692307693,0.0,0.0,0.0,0.3076923076923077,0.0,0.0,0.0,0.07692307692307693,0.0,0.0,0.0,0.0,0.07692307692307693,0.07692307692307693
000060116,0.3888888888888889,0.05263157894736842,0.3157894736842105,0.05263157894736842,0.05263157894736842,0.05263157894736842,0.05263157894736842,0.05263157894736842,0.1111111111111111,0.05263157894736842,0.05263157894736842,0.05263157894736842,0.05263157894736842,0.05263157894736842,0.05263157894736842,0.05263157894736842,0.05263157894736842,0.15789473684210525,0.05263157894736842,0.05263157894736842,0.0,0.05263157894736842,0.05263157894736842,0.05263157894736842,0.05263157894736842,0.05263157894736842,0.05263157894736842,0.05263157894736842
000060124,0.5263157894736842,0.3157894736842105,0.42105263157894735,0.0,0.0,0.0,0.0,0.0,0.15789473684210525,0.0,0.3157894736842105,0.0,0.0,0.0,0.0,0.0,0.0,0.5263157894736842,0.0,0.10526315789473684,0.0,0.10526315789473684,0.05263157894736842,0.0,0.10526315789473684,0.05263157894736842,0.05263157894736842,0.0
000060130,0.75,0.08333333333333333,0.08333333333333333,0.0,0.0,0.0,0.0,0.0,0.0,0.0,0.0,0.0,0.0,0.0,0.0,0.0,0.0,0.08333333333333333,0.0,0.0,0.16666666666666666,0.0,0.0,0.0,0.0,0.0,0.08333333333333333,0.0
000060136,0.9,0.2,0.7,0.2,0.2,0.0,0.2,0.2,0.2,0.0,0.1,0.0,0.0,0.4,0.0,0.2,0.2,0.8,0.0,0.3,0.2,0.4,0.0,0.0,0.1,0.0,0.1,0.0
000060153,0.26666666666666666,0.0,0.3333333333333333,0.0,0.0,0.0,0.0,0.0,0.0,0.0,0.0,0.0,0.0,0.0,0.0,0.0,0.0,0.4,0.0,0.0,0.0,0.0,0.0,0.0,0.0,0.0,0.06666666666666667,0.0
000260001,0.6363636363636364,0.5454545454545454,0.5454545454545454,0.45454545454545453,0.2727272727272727,0.2727272727272727,0.2727272727272727,0.5454545454545454,0.5454545454545454,0.45454545454545453,0.45454545454545453,0.5454545454545454,0.5454545454545454,0.5454545454545454,0.09090909090909091,1.0,0.2727272727272727,0.6363636363636364,0.5454545454545454,0.2727272727272727,0.5454545454545454,0.45454545454545453,0.5454545454545454,0.36363636363636365,0.5454545454545454,0.36363636363636365,0.36363636363636365,0.45454545454545453
000260011,0.2857142857142857,0.2857142857142857,0.2857142857142857,0.14285714285714285,0.0,0.14285714285714285,0.14285714285714285,0.14285714285714285,0.14285714285714285,0.21428571428571427,0.2857142857142857,0.14285714285714285,0.35714285714285715,0.35714285714285715,0.0,0.0,0.14285714285714285,0.8571428571428571,0.2857142857142857,0.14285714285714285,0.14285714285714285,0.0,0.14285714285714285,0.07142857142857142,0.14285714285714285,0.14285714285714285,0.21428571428571427,0.07142857142857142
000260015,0.8,0.26666666666666666,0.6,0.0,0.13333333333333333,0.13333333333333333,0.06666666666666667,0.06666666666666667,0.13333333333333333,0.06666666666666667,0.06666666666666667,0.2,0.2,0.2,0.2,0.2,0.0,0.2,0.13333333333333333,0.0,0.13333333333333333,0.0,0.13333333333333333,0.13333333333333333,0.13333333333333333,0.0,0.13333333333333333,0.13333333333333333
000260032,0.6666666666666666,0.0,0.0,0.0,0.0,0.0,0.0,0.5,0.08333333333333333,0.0,0.25,0.3333333333333333,0.0,0.4166666666666667,0.0,0.0,0.0,0.8333333333333334,0.0,0.0,0.0,0.0,0.0,0.3333333333333333,0.5833333333333334,0.0,0.25,0.0
000260033,0.42857142857142855,0.0,0.14285714285714285,0.0,0.0,0.0,0.0,0.0,0.21428571428571427,0.0,0.0,0.0,0.0,0.14285714285714285,0.0,0.0,0.0,0.5,0.0,0.0,0.35714285714285715,0.0,0.14285714285714285,0.0,0.14285714285714285,0.0,0.35714285714285715,0.0
000260039,1.0,0.0,0.08333333333333333,0.0,0.0,0.0,0.0,0.0,0.16666666666666666,0.4166666666666667,0.5,0.5,0.08333333333333333,0.3333333333333333,0.0,0.0,0.0,0.5833333333333334,0.0,0.8333333333333334,0.08333333333333333,0.5,0.25,0.0,0.6666666666666666,0.4166666666666667,0.25,0.0
000260048,0.7142857142857143,0.0,0.0,0.0,0.0,0.0,0.0,0.0,0.14285714285714285,0.0,0.0,0.0,0.0,0.0,0.0,0.0,0.0,0.5,0.0,0.0,0.0,0.0,0.0,0.0,0.14285714285714285,0.0,0.0,0.0
000260050,0.6666666666666666,0.0,0.0,0.0,0.0,0.0,0.0,0.0,0.16666666666666666,0.0,0.0,0.0,0.0,0.0,0.0,0.0,0.0,0.8333333333333334,0.0,0.0,0.0,0.0,0.0,0.0,0.25,0.0,0.3333333333333333,0.0
000260052,0.4,0.0,0.0,0.0,0.0,0.0,0.26666666666666666,0.0,0.0,0.0,0.0,0.0,0.0,0.0,0.0,0.0,0.0,0.4666666666666667,0.0,0.0,0.0,0.0,0.0,0.06666666666666667,0.0,0.0,0.0,0.0
000260069,0.9333333333333333,0.13333333333333333,0.6,0.13333333333333333,0.0,0.0,0.0,0.0,0.26666666666666666,0.06666666666666667,0.26666666666666666,0.06666666666666667,0.0,0.06666666666666667,0.0,0.0,0.06666666666666667,1.0,0.4666666666666667,0.06666666666666667,0.5333333333333333,0.06666666666666667,0.3333333333333333,0.06666666666666667,0.4666666666666667,0.06666666666666667,0.2,0.06666666666666667
000260075,0.45454545454545453,0.0,0.2727272727272727,0.0,0.0,0.0,0.0,0.0,0.0,0.0,0.0,0.0,0.18181818181818182,0.0,0.0,0.0,0.0,0.7272727272727273,0.09090909090909091,0.0,0.0,0.0,0.0,0.18181818181818182,0.18181818181818182,0.0,0.18181818181818182,0.0
000260091,0.7647058823529411,0.3333333333333333,0.6666666666666666,0.6111111111111112,0.0,0.0,0.05555555555555555,0.0,0.29411764705882354,0.1111111111111111,0.2777777777777778,0.2777777777777778,0.0,0.1111111111111111,0.0,0.0,0.0,0.8333333333333334,0.2777777777777778,0.2222222222222222,0.2222222222222222,0.2777777777777778,0.2777777777777778,0.16666666666666666,0.2222222222222222,0.1111111111111111,0.2777777777777778,0.2222222222222222
000260095,0.8,0.26666666666666666,0.6666666666666666,0.2,0.2,0.2,0.2,0.2,0.2,0.4666666666666667,0.06666666666666667,0.3333333333333333,0.2,0.26666666666666666,0.2,0.2,0.2,0.8666666666666667,0.2,0.4,0.5333333333333333,0.13333333333333333,0.3333333333333333,0.3333333333333333,0.5333333333333333,0.2,0.13333333333333333,0.4666666666666667
000260096,0.6428571428571429,0.2857142857142857,0.7142857142857143,0.0,0.0,0.0,0.0,0.07142857142857142,0.2857142857142857,0.0,0.35714285714285715,0.0,0.21428571428571427,0.35714285714285715,0.0,0.2857142857142857,0.21428571428571427,1.0,0.21428571428571427,0.0,0.0,0.0,0.07142857142857142,0.14285714285714285,0.14285714285714285,0.0,0.0,0.0
000260112,0.2727272727272727,0.13636363636363635,0.36363636363636365,0.0,0.0,0.0,0.0,0.0,0.045454545454545456,0.0,0.0,0.0,0.0,0.045454545454545456,0.0,0.0,0.09090909090909091,0.6363636363636364,0.0,0.0,0.0,0.0,0.0,0.0,0.22727272727272727,0.0,0.045454545454545456,0.09090909090909091
000260115,0.6111111111111112,0.15789473684210525,0.5263157894736842,0.10526315789473684,0.0,0.10526315789473684,0.10526315789473684,0.21052631578947367,0.16666666666666666,0.15789473684210525,0.10526315789473684,0.15789473684210525,0.05263157894736842,0.05263157894736842,0.0,0.3157894736842105,0.05263157894736842,0.6842105263157895,0.3157894736842105,0.2631578947368421,0.21052631578947367,0.21052631578947367,0.21052631578947367,0.10526315789473684,0.2631578947368421,0.21052631578947367,0.15789473684210525,0.05263157894736842
000260121,0.3333333333333333,0.23809523809523808,0.5714285714285714,0.0,0.0,0.0,0.0,0.09523809523809523,0.09523809523809523,0.19047619047619047,0.19047619047619047,0.19047619047619047,0.19047619047619047,0.19047619047619047,0.0,0.09523809523809523,0.09523809523809523,0.6190476190476191,0.19047619047619047,0.047619047619047616,0.3333333333333333,0.09523809523809523,0.047619047619047616,0.09523809523809523,0.09523809523809523,0.047619047619047616,0.09523809523809523,0.09523809523809523
000260126,0.5833333333333334,0.0,0.5,0.0,0.0,0.0,0.0,0.0,0.16666666666666666,0.0,0.0,0.0,0.0,0.08333333333333333,0.0,0.08333333333333333,0.0,0.25,0.0,0.0,0.0,0.0,0.16666666666666666,0.0,0.0,0.0,0.0,0.0
000260133,0.8,0.2,0.6,0.0,0.0,0.0,0.0,0.0,0.26666666666666666,0.0,0.0,0.0,0.0,0.0,0.0,0.0,0.0,0.8,0.13333333333333333,0.0,0.13333333333333333,0.06666666666666667,0.13333333333333333,0.0,0.13333333333333333,0.0,0.4666666666666667,0.2
000260166,0.8,0.0,0.4166666666666667,0.0,0.0,0.0,0.0,0.0,0.3,0.0,0.0,0.0,0.0,0.0,0.0,0.0,0.0,0.5,0.0,0.0,0.0,0.16666666666666666,0.08333333333333333,0.0,0.0,0.0,0.08333333333333333,0.08333333333333333
000360013,0.7368421052631579,0.05,0.45,0.0,0.0,0.0,0.0,0.0,0.15789473684210525,0.15,0.0,0.0,0.0,0.0,0.0,0.0,0.0,0.65,0.0,0.0,0.15,0.0,0.0,0.0,0.15,0.0,0.1,0.1
000360034,0.8148148148148148,0.14814814814814814,0.5925925925925926,0.0,0.0,0.0,0.0,0.0,0.18518518518518517,0.0,0.4074074074074074,0.0,0.0,0.4074074074074074,0.0,0.0,0.0,0.4444444444444444,0.8518518518518519,0.0,0.48148148148148145,0.0,0.0,0.0,0.0,0.14814814814814814,0.07407407407407407,0.0
000360036,0.7857142857142857,0.07142857142857142,0.42857142857142855,0.0,0.0,0.0,0.0,0.0,0.14285714285714285,0.14285714285714285,0.14285714285714285,0.21428571428571427,0.0,0.21428571428571427,0.0,0.0,0.0,0.2857142857142857,0.21428571428571427,0.21428571428571427,0.14285714285714285,0.14285714285714285,0.14285714285714285,0.14285714285714285,0.14285714285714285,0.14285714285714285,0.14285714285714285,0.14285714285714285
000360132,0.65,0.0,0.6,0.0,0.0,0.0,0.0,0.0,0.05,0.0,0.05,0.0,0.0,0.05,0.0,0.0,0.0,0.15,0.0,0.0,0.35,0.0,0.0,0.0,0.0,0.0,0.0,0.0
000360133,0.64,0.11538461538461539,0.4230769230769231,0.038461538461538464,0.038461538461538464,0.038461538461538464,0.038461538461538464,0.038461538461538464,0.08,0.038461538461538464,0.038461538461538464,0.038461538461538464,0.038461538461538464,0.038461538461538464,0.038461538461538464,0.038461538461538464,0.038461538461538464,0.6538461538461539,0.038461538461538464,0.038461538461538464,0.19230769230769232,0.038461538461538464,0.038461538461538464,0.038461538461538464,0.038461538461538464,0.038461538461538464,0.038461538461538464,0.038461538461538464
000360161,0.6666666666666666,0.21052631578947367,0.47368421052631576,0.10526315789473684,0.0,0.0,0.0,0.10526315789473684,0.4444444444444444,0.15789473684210525,0.0,0.10526315789473684,0.0,0.0,0.0,0.0,0.0,0.47368421052631576,0.0,0.10526315789473684,0.10526315789473684,0.21052631578947367,0.15789473684210525,0.10526315789473684,0.21052631578947367,0.10526315789473684,0.21052631578947367,0.10526315789473684
000360190,0.5217391304347826,0.0,0.5416666666666666,0.0,0.0,0.0,0.0,0.0,0.21739130434782608,0.0,0.0,0.0,0.0,0.0,0.0,0.0,0.0,0.625,0.0,0.0,0.125,0.0,0.0,0.0,0.0,0.0,0.041666666666666664,0.0
000360210,0.625,0.2,0.56,0.08,0.04,0.04,0.04,0.04,0.125,0.16,0.08,0.16,0.04,0.04,0.0,0.08,0.04,0.12,0.04,0.04,0.04,0.04,0.0,0.0,0.08,0.0,0.08,0.08
000360223,0.5172413793103449,0.13793103448275862,0.5517241379310345,0.10344827586206896,0.10344827586206896,0.10344827586206896,0.10344827586206896,0.10344827586206896,0.27586206896551724,0.10344827586206896,0.2413793103448276,0.1724137931034483,0.10344827586206896,0.13793103448275862,0.10344827586206896,0.10344827586206896,0.10344827586206896,0.3448275862068966,0.13793103448275862,0.10344827586206896,0.10344827586206896,0.10344827586206896,0.10344827586206896,0.10344827586206896,0.2413793103448276,0.10344827586206896,0.13793103448275862,0.10344827586206896
000360241,0.4444444444444444,0.05555555555555555,0.2222222222222222,0.05555555555555555,0.05555555555555555,0.1111111111111111,0.05555555555555555,0.05555555555555555,0.0,0.0,0.0,0.05555555555555555,0.05555555555555555,0.0,0.05555555555555555,0.05555555555555555,0.05555555555555555,0.16666666666666666,0.05555555555555555,0.05555555555555555,0.05555555555555555,0.1111111111111111,0.0,0.0,0.0,0.1111111111111111,0.2222222222222222,0.0
000360264,0.7666666666666667,0.125,0.40625,0.03125,0.0,0.0,0.03125,0.03125,0.3333333333333333,0.03125,0.09375,0.0,0.0,0.1875,0.03125,0.0,0.03125,0.625,0.1875,0.03125,0.4375,0.0,0.03125,0.03125,0.15625,0.03125,0.09375,0.0625
000360283,1.0,0.45454545454545453,0.8181818181818182,0.18181818181818182,0.18181818181818182,0.09090909090909091,0.2727272727272727,0.09090909090909091,0.45454545454545453,0.18181818181818182,0.09090909090909091,0.18181818181818182,0.0,0.7272727272727273,0.2727272727272727,0.09090909090909091,0.2727272727272727,1.0,0.18181818181818182,0.18181818181818182,0.7272727272727273,0.36363636363636365,0.18181818181818182,0.2727272727272727,0.5454545454545454,0.36363636363636365,0.09090909090909091,0.36363636363636365
000360313,0.38095238095238093,0.42857142857142855,0.47619047619047616,0.14285714285714285,0.0,0.0,0.0,0.047619047619047616,0.14285714285714285,0.0,0.14285714285714285,0.09523809523809523,0.0,0.047619047619047616,0.0,0.0,0.0,0.5714285714285714,0.14285714285714285,0.14285714285714285,0.38095238095238093,0.0,0.38095238095238093,0.047619047619047616,0.19047619047619047,0.047619047619047616,0.047619047619047616,0.09523809523809523
000360314,0.6428571428571429,0.0,0.5714285714285714,0.0,0.0,0.0,0.0,0.0,0.14285714285714285,0.0,0.07142857142857142,0.0,0.0,0.0,0.0,0.0,0.0,0.7142857142857143,0.0,0.0,0.0,0.0,0.0,0.0,0.0,0.0,0.07142857142857142,0.0
000360332,0.4230769230769231,0.3333333333333333,0.4444444444444444,0.0,0.0,0.0,0.2222222222222222,0.14814814814814814,0.07692307692307693,0.18518518518518517,0.2222222222222222,0.0,0.0,0.18518518518518517,0.0,0.0,0.18518518518518517,0.5555555555555556,0.4444444444444444,0.4444444444444444,0.37037037037037035,0.14814814814814814,0.48148148148148145,0.2222222222222222,0.4074074074074074,0.0,0.2962962962962963,0.25925925925925924
000360334,0.5555555555555556,0.3157894736842105,0.47368421052631576,0.0,0.0,0.0,0.0,0.0,0.0,0.0,0.0,0.0,0.0,0.0,0.05263157894736842,0.0,0.0,0.21052631578947367,0.0,0.0,0.0,0.0,0.0,0.0,0.15789473684210525,0.0,0.15789473684210525,0.05263157894736842
000360339,0.75,0.041666666666666664,0.3333333333333333,0.08333333333333333,0.08333333333333333,0.041666666666666664,0.08333333333333333,0.041666666666666664,0.16666666666666666,0.041666666666666664,0.0,0.0,0.08333333333333333,0.08333333333333333,0.0,0.08333333333333333,0.0,0.08333333333333333,0.20833333333333334,0.041666666666666664,0.08333333333333333,0.041666666666666664,0.0,0.041666666666666664,0.08333333333333333,0.0,0.041666666666666664,0.0
000360343,0.5,0.13333333333333333,0.36666666666666664,0.1,0.0,0.0,0.0,0.1,0.03333333333333333,0.1,0.23333333333333334,0.3,0.0,0.16666666666666666,0.0,0.0,0.0,0.5333333333333333,0.2,0.1,0.1,0.0,0.0,0.13333333333333333,0.0,0.0,0.36666666666666664,0.0
000360360,0.5,0.2608695652173913,0.4782608695652174,0.30434782608695654,0.21739130434782608,0.21739130434782608,0.21739130434782608,0.30434782608695654,0.2727272727272727,0.21739130434782608,0.6086956521739131,0.2608695652173913,0.30434782608695654,0.34782608695652173,0.08695652173913043,0.13043478260869565,0.30434782608695654,0.5217391304347826,0.21739130434782608,0.21739130434782608,0.391304347826087,0.21739130434782608,0.2608695652173913,0.2608695652173913,0.43478260869565216,0.21739130434782608,0.2608695652173913,0.17391304347826086
000360378,0.3076923076923077,0.0,0.3076923076923077,0.07692307692307693,0.07692307692307693,0.07692307692307693,0.07692307692307693,0.0,0.23076923076923078,0.07692307692307693,0.07692307692307693,0.07692307692307693,0.07692307692307693,0.07692307692307693,0.07692307692307693,0.07692307692307693,0.07692307692307693,0.15384615384615385,0.0,0.07692307692307693,0.07692307692307693,0.07692307692307693,0.07692307692307693,0.07692307692307693,0.07692307692307693,0.15384615384615385,0.0,0.07692307692307693
000480010,0.5555555555555556,0.8888888888888888,0.6666666666666666,0.8888888888888888,0.8888888888888888,0.7777777777777778,0.8888888888888888,0.8888888888888888,0.3333333333333333,0.6666666666666666,0.2222222222222222,1.0,0.5555555555555556,0.7777777777777778,0.7777777777777778,0.2222222222222222,0.8888888888888888,0.7777777777777778,0.8888888888888888,0.8888888888888888,0.5555555555555556,0.5555555555555556,0.4444444444444444,0.8888888888888888,0.3333333333333333,0.4444444444444444,0.6666666666666666,0.8888888888888888
000480014,0.8461538461538461,0.8461538461538461,0.8461538461538461,1.0,0.3076923076923077,0.6153846153846154,1.0,0.6923076923076923,0.8461538461538461,0.5384615384615384,0.38461538461538464,1.0,0.38461538461538464,0.5384615384615384,1.0,1.0,1.0,0.7692307692307693,1.0,1.0,0.46153846153846156,0.3076923076923077,0.6153846153846154,0.15384615384615385,0.38461538461538464,0.3076923076923077,0.46153846153846156,0.23076923076923078
000480015,0.6818181818181818,0.5454545454545454,0.7272727272727273,0.36363636363636365,0.4090909090909091,0.13636363636363635,0.3181818181818182,0.5454545454545454,0.6818181818181818,0.3181818181818182,0.5909090909090909,0.5454545454545454,0.6818181818181818,0.5909090909090909,1.0,0.8181818181818182,0.22727272727272727,0.7727272727272727,0.7727272727272727,0.5,0.7272727272727273,0.4090909090909091,0.7272727272727273,0.4090909090909091,0.6363636363636364,0.3181818181818182,0.2727272727272727,0.4090909090909091
000480016,0.9230769230769231,0.8461538461538461,0.6923076923076923,0.6923076923076923,0.6923076923076923,0.5384615384615384,0.6153846153846154,0.6923076923076923,0.7692307692307693,0.6153846153846154,0.7692307692307693,0.6153846153846154,0.6923076923076923,1.0,0.9230769230769231,1.0,0.5384615384615384,1.0,0.9230769230769231,1.0,0.8461538461538461,0.38461538461538464,0.8461538461538461,0.6923076923076923,0.9230769230769231,0.5384615384615384,0.6923076923076923,0.6153846153846154
000480019,0.9375,0.8125,0.8125,1.0,0.25,0.625,0.6875,0.8125,0.75,0.4375,0.5625,0.625,0.5,0.5,1.0,0.5625,0.6875,0.875,0.75,1.0,0.625,0.6875,0.8125,0.625,0.6875,0.4375,0.5625,0.6875
000480023,1.0,1.0,0.8461538461538461,0.8461538461538461,0.7692307692307693,0.7692307692307693,1.0,0.9230769230769231,0.7692307692307693,0.6923076923076923,1.0,1.0,0.9230769230769231,0.8461538461538461,1.0,0.8461538461538461,0.9230769230769231,0.7692307692307693,0.8461538461538461,1.0,0.7692307692307693,0.8461538461538461,0.9230769230769231,0.7692307692307693,0.8461538461538461,0.6923076923076923,0.7692307692307693,0.7692307692307693
000480033,1.0,0.9166666666666666,0.8333333333333334,1.0,0.75,1.0,1.0,1.0,1.0,1.0,0.75,1.0,1.0,0.75,0.8333333333333334,1.0,1.0,0.8333333333333334,1.0,1.0,1.0,0.9166666666666666,0.8333333333333334,1.0,1.0,0.8333333333333334,0.75,1.0
000480045,0.6923076923076923,0.7692307692307693,0.9230769230769231,0.8461538461538461,1.0,1.0,0.9230769230769231,0.8461538461538461,0.6923076923076923,0.8461538461538461,0.7692307692307693,1.0,0.6923076923076923,0.8461538461538461,0.46153846153846156,1.0,1.0,0.9230769230769231,1.0,1.0,0.6153846153846154,0.8461538461538461,0.6923076923076923,0.9230769230769231,0.8461538461538461,1.0,0.5384615384615384,0.6923076923076923
000480068,0.9,1.0,0.8,0.6,0.8,0.6,0.6,0.8,0.9,0.6,0.6,1.0,0.6,0.5,0.7,1.0,0.8,0.9,1.0,0.6,0.5,0.7,0.8,0.5,0.7,0.6,0.7,0.5
000480081,1.0,0.9333333333333333,0.7333333333333333,0.8666666666666667,1.0,0.6,0.6,0.7333333333333333,0.6666666666666666,0.7333333333333333,0.8,0.8,0.13333333333333333,0.6666666666666666,0.6666666666666666,0.8,0.7333333333333333,0.8666666666666667,0.7333333333333333,0.8,0.7333333333333333,0.6666666666666666,0.8,0.8666666666666667,0.6,0.7333333333333333,0.7333333333333333,0.7333333333333333
000480089,1.0,0.7857142857142857,0.8571428571428571,1.0,0.5,0.42857142857142855,0.5,0.8571428571428571,0.6428571428571429,0.42857142857142855,0.35714285714285715,1.0,0.21428571428571427,0.5,0.0,1.0,0.7857142857142857,0.9285714285714286,0.6428571428571429,1.0,0.7142857142857143,0.42857142857142855,0.6428571428571429,0.2857142857142857,0.6428571428571429,0.42857142857142855,0.5,0.5
000480090,1.0,0.875,0.75,0.75,0.625,1.0,0.75,0.375,1.0,0.375,0.875,1.0,0.875,0.875,0.875,1.0,0.625,0.75,0.625,0.75,0.875,0.75,0.875,0.75,0.875,0.875,1.0,0.875
000480108,0.9285714285714286,0.8571428571428571,1.0,1.0,0.7857142857142857,0.8571428571428571,1.0,1.0,0.9285714285714286,1.0,0.6428571428571429,1.0,0.21428571428571427,0.7142857142857143,0.9285714285714286,1.0,0.9285714285714286,1.0,0.8571428571428571,1.0,1.0,0.7857142857142857,0.9285714285714286,0.9285714285714286,0.9285714285714286,0.8571428571428571,0.7857142857142857,1.0
000480119,0.75,0.5625,0.5625,0.3125,0.5625,0.25,0.375,0.25,0.625,0.4375,0.375,0.3125,0.25,0.375,0.875,0.75,0.375,0.8125,0.4375,0.5625,0.875,0.375,0.5,0.4375,0.4375,0.4375,0.6875,0.4375
000480125,0.8181818181818182,0.9090909090909091,0.7727272727272727,0.7272727272727273,0.8181818181818182,0.5909090909090909,1.0,0.5,0.8636363636363636,0.8181818181818182,0.6363636363636364,1.0,0.7727272727272727,0.7727272727272727,1.0,1.0,0.8636363636363636,0.7727272727272727,1.0,0.8181818181818182,0.5454545454545454,0.6363636363636364,0.6363636363636364,0.8636363636363636,0.9090909090909091,0.7727272727272727,0.6363636363636364,0.7272727272727273
000480134,0.5714285714285714,0.7142857142857143,0.6428571428571429,0.6428571428571429,0.7142857142857143,0.7142857142857143,0.6428571428571429,0.6428571428571429,0.6428571428571429,0.5714285714285714,0.6428571428571429,1.0,0.7142857142857143,0.6428571428571429,0.5714285714285714,1.0,0.6428571428571429,0.7142857142857143,0.7142857142857143,0.5714285714285714,0.7857142857142857,0.7142857142857143,0.6428571428571429,0.7857142857142857,0.6428571428571429,0.7857142857142857,0.5714285714285714,0.6428571428571429
000480136,0.7058823529411765,0.6470588235294118,0.5882352941176471,0.5882352941176471,0.35294117647058826,0.5882352941176471,0.9411764705882353,0.4117647058823529,0.7058823529411765,0.5294117647058824,0.4117647058823529,0.47058823529411764,0.47058823529411764,0.29411764705882354,1.0,1.0,0.5882352941176471,0.5882352941176471,0.7058823529411765,0.8823529411764706,0.47058823529411764,0.7058823529411765,0.6470588235294118,0.47058823529411764,0.6470588235294118,0.8235294117647058,0.7647058823529411,0.6470588235294118
000480151,0.7272727272727273,1.0,0.7272727272727273,0.9090909090909091,0.7272727272727273,0.6363636363636364,0.5454545454545454,0.5454545454545454,0.5454545454545454,0.5454545454545454,0.8181818181818182,1.0,0.5454545454545454,0.8181818181818182,0.36363636363636365,1.0,0.45454545454545453,0.6363636363636364,0.9090909090909091,0.8181818181818182,0.5454545454545454,0.5454545454545454,0.7272727272727273,0.6363636363636364,0.7272727272727273,0.5454545454545454,0.9090909090909091,1.0
000480158,0.6923076923076923,0.8461538461538461,0.6923076923076923,0.5384615384615384,0.5384615384615384,0.6923076923076923,0.5384615384615384,0.6923076923076923,0.6923076923076923,0.6153846153846154,0.7692307692307693,1.0,0.5384615384615384,0.6923076923076923,1.0,1.0,0.7692307692307693,1.0,0.6153846153846154,0.5384615384615384,0.9230769230769231,0.5384615384615384,0.7692307692307693,0.5384615384615384,0.6923076923076923,0.7692307692307693,0.5384615384615384,0.38461538461538464
000480159,0.9230769230769231,0.5384615384615384,0.6923076923076923,0.9230769230769231,0.15384615384615385,0.8461538461538461,0.9230769230769231,0.6153846153846154,0.6153846153846154,0.5384615384615384,0.6153846153846154,1.0,0.23076923076923078,0.6923076923076923,0.38461538461538464,0.38461538461538464,0.38461538461538464,0.6923076923076923,0.38461538461538464,0.7692307692307693,0.7692307692307693,0.6153846153846154,0.7692307692307693,0.6153846153846154,0.7692307692307693,0.6153846153846154,0.6923076923076923,0.7692307692307693
000530003,0.9411764705882353,0.35294117647058826,0.6470588235294118,0.6470588235294118,0.0,0.0,0.0,0.0,0.23529411764705882,0.17647058823529413,0.35294117647058826,0.5882352941176471,0.0,0.23529411764705882,0.0,0.0,0.0,1.0,0.0,0.23529411764705882,0.47058823529411764,0.17647058823529413,0.4117647058823529,0.11764705882352941,0.35294117647058826,0.0,0.5294117647058824,0.4117647058823529
000530006,0.6666666666666666,0.3333333333333333,0.6,0.13333333333333333,0.2,0.13333333333333333,0.13333333333333333,0.13333333333333333,0.13333333333333333,0.13333333333333333,0.2,1.0,0.2,0.3333333333333333,0.0,0.2,0.13333333333333333,0.8666666666666667,0.2,0.13333333333333333,0.2,0.13333333333333333,0.13333333333333333,0.2,0.3333333333333333,0.13333333333333333,0.3333333333333333,0.2
000530019,1.0,0.875,0.75,0.125,0.0,0.0,0.0,0.25,0.75,0.5,0.1875,0.1875,0.0,0.1875,0.1875,0.5625,0.125,0.6875,0.4375,0.3125,0.375,0.4375,0.8125,0.3125,0.4375,0.5625,0.625,0.5
000530027,0.8888888888888888,0.5555555555555556,0.6666666666666666,0.4444444444444444,0.8888888888888888,0.6666666666666666,0.0,0.2222222222222222,0.6666666666666666,0.7777777777777778,0.6666666666666666,1.0,0.6666666666666666,0.5555555555555556,0.0,1.0,0.4444444444444444,1.0,0.7777777777777778,0.4444444444444444,0.4444444444444444,0.6666666666666666,0.7777777777777778,0.4444444444444444,0.7777777777777778,1.0,0.6666666666666666,0.6666666666666666
000530030,0.7692307692307693,0.0,0.0,0.0,0.0,0.0,0.0,0.0,0.0,0.0,0.0,0.0,0.0,0.0,0.0,0.0,0.0,0.9285714285714286,0.0,0.0,0.5714285714285714,0.0,0.0,0.0,0.0,0.0,0.0,0.07142857142857142
000530037,0.7777777777777778,0.0,0.2727272727272727,0.2727272727272727,0.36363636363636365,0.0,0.0,0.18181818181818182,0.3333333333333333,0.2727272727272727,0.2727272727272727,1.0,0.2727272727272727,0.36363636363636365,0.0,0.36363636363636365,0.0,0.9090909090909091,0.18181818181818182,0.18181818181818182,0.18181818181818182,0.18181818181818182,0.2727272727272727,0.18181818181818182,0.2727272727272727,0.2727272727272727,0.45454545454545453,0.18181818181818182
000530054,0.75,0.0,0.2222222222222222,0.0,0.0,0.0,0.0,0.0,0.0,0.0,0.0,1.0,0.0,0.0,0.0,0.0,0.0,0.8888888888888888,0.0,0.0,0.0,0.0,0.0,0.0,0.0,0.0,0.2222222222222222,0.0
000530055,0.8,0.6,0.6666666666666666,0.13333333333333333,0.06666666666666667,0.06666666666666667,0.0,0.06666666666666667,0.26666666666666666,0.13333333333333333,0.13333333333333333,0.2,0.06666666666666667,0.13333333333333333,0.2,0.26666666666666666,0.06666666666666667,0.6666666666666666,0.13333333333333333,0.13333333333333333,0.13333333333333333,0.2,0.26666666666666666,0.13333333333333333,0.26666666666666666,0.2,0.2,0.2
000530060,0.8125,0.6875,0.625,0.5,0.5625,0.4375,0.375,0.375,0.5,0.6875,0.625,0.5625,0.4375,0.6875,0.8125,0.4375,0.4375,0.875,0.4375,0.5,0.4375,0.5,0.5,0.4375,0.625,0.5625,0.5,0.4375
000530063,0.6923076923076923,0.23076923076923078,0.5384615384615384,0.38461538461538464,0.3076923076923077,0.3076923076923077,0.15384615384615385,0.07692307692307693,0.3076923076923077,0.3076923076923077,0.46153846153846156,0.23076923076923078,0.23076923076923078,0.38461538461538464,0.15384615384615385,1.0,0.23076923076923078,0.9230769230769231,0.23076923076923078,0.3076923076923077,0.23076923076923078,0.23076923076923078,0.38461538461538464,0.3076923076923077,0.23076923076923078,0.3076923076923077,0.15384615384615385,0.23076923076923078
000530076,0.6190476190476191,0.2857142857142857,0.7619047619047619,0.23809523809523808,0.19047619047619047,0.14285714285714285,0.23809523809523808,0.19047619047619047,0.2857142857142857,0.23809523809523808,0.23809523809523808,0.23809523809523808,0.14285714285714285,0.23809523809523808,0.14285714285714285,0.2857142857142857,0.23809523809523808,0.9047619047619048,0.23809523809523808,0.3333333333333333,0.42857142857142855,0.2857142857142857,0.2857142857142857,0.14285714285714285,0.23809523809523808,0.3333333333333333,0.23809523809523808,0.19047619047619047
000530077,1.0,0.6428571428571429,0.9285714285714286,0.0,0.2857142857142857,0.14285714285714285,0.0,0.0,0.46153846153846156,0.2857142857142857,0.35714285714285715,0.14285714285714285,0.07142857142857142,0.5,0.0,0.5714285714285714,0.0,1.0,0.5714285714285714,0.14285714285714285,0.35714285714285715,0.21428571428571427,0.6428571428571429,0.0,0.35714285714285715,0.5,0.5714285714285714,0.07142857142857142
000530094,0.9375,0.7333333333333333,0.6666666666666666,0.6,0.4,0.26666666666666666,0.2,0.4666666666666667,0.6875,0.4,0.2,0.2,0.26666666666666666,0.2,0.13333333333333333,0.3333333333333333,0.3333333333333333,1.0,0.6,0.6666666666666666,0.3333333333333333,0.5333333333333333,0.3333333333333333,0.2,0.4666666666666667,0.3333333333333333,0.5333333333333333,0.4
000530109,0.7857142857142857,0.6428571428571429,0.7142857142857143,0.14285714285714285,0.07142857142857142,0.07142857142857142,0.14285714285714285,0.21428571428571427,0.14285714285714285,0.2857142857142857,0.21428571428571427,1.0,0.0,0.35714285714285715,0.0,1.0,0.21428571428571427,0.7857142857142857,0.5,0.2857142857142857,0.35714285714285715,0.5,0.7857142857142857,0.35714285714285715,0.5714285714285714,0.35714285714285715,0.6428571428571429,0.2857142857142857
000530112,0.7647058823529411,0.6666666666666666,0.6111111111111112,0.16666666666666666,0.0,0.16666666666666666,0.1111111111111111,0.05555555555555555,0.4117647058823529,0.2222222222222222,0.3333333333333333,0.1111111111111111,0.1111111111111111,0.5,0.1111111111111111,0.3333333333333333,0.05555555555555555,0.9444444444444444,0.2222222222222222,0.1111111111111111,0.3333333333333333,0.2222222222222222,0.2222222222222222,0.05555555555555555,0.2222222222222222,0.16666666666666666,0.2777777777777778,0.1111111111111111
000530115,0.8235294117647058,0.3888888888888889,0.5,0.2222222222222222,0.1111111111111111,0.1111111111111111,0.16666666666666666,0.16666666666666666,0.4117647058823529,0.3333333333333333,0.3888888888888889,0.2222222222222222,0.16666666666666666,0.2777777777777778,0.0,0.2222222222222222,0.16666666666666666,0.6666666666666666,0.2777777777777778,0.3333333333333333,0.3333333333333333,0.3333333333333333,0.3888888888888889,0.2777777777777778,0.3333333333333333,0.2222222222222222,0.3333333333333333,0.16666666666666666
000530145,0.68,0.68,0.68,0.28,0.08,0.0,0.0,0.08,0.48,0.52,0.52,0.4,0.24,0.44,0.0,0.4,0.2,0.68,0.08,0.76,0.52,0.2,0.36,0.48,0.32,0.36,0.48,0.24
000530154,0.8181818181818182,0.09090909090909091,0.36363636363636365,0.0,0.09090909090909091,0.0,0.0,0.0,0.18181818181818182,0.0,0.0,0.0,0.0,0.0,0.09090909090909091,0.09090909090909091,0.0,1.0,0.0,0.0,0.36363636363636365,0.0,0.09090909090909091,0.09090909090909091,0.2727272727272727,0.09090909090909091,0.7272727272727273,0.18181818181818182
000530163,1.0,0.5,0.625,0.0,0.0,0.0,0.0,0.0,0.5333333333333333,0.375,0.25,0.6875,0.0,0.1875,0.0,0.0,0.0,0.9375,0.25,0.0,0.75,0.4375,0.8125,0.125,0.375,0.4375,0.625,0.1875
000530174,0.8333333333333334,0.3333333333333333,0.6666666666666666,0.0,0.0,0.0,0.0,0.4166666666666667,0.25,0.0,0.08333333333333333,0.0,0.0,0.0,0.0,0.08333333333333333,0.0,1.0,0.0,0.0,0.25,0.0,0.0,0.0,0.08333333333333333,0.08333333333333333,0.3333333333333333,0.0
000540001,0.36363636363636365,0.16666666666666666,0.5,0.0,0.0,0.08333333333333333,0.0,0.08333333333333333,0.09090909090909091,0.0,0.0,0.08333333333333333,0.0,0.0,0.0,0.25,0.0,0.8333333333333334,0.0,0.0,0.0,0.0,0.08333333333333333,0.0,0.0,0.0,0.08333333333333333,0.0
000540004,0.5,0.5,0.5833333333333334,0.0,0.16666666666666666,0.08333333333333333,0.16666666666666666,0.16666666666666666,0.3,0.0,0.3333333333333333,0.25,0.16666666666666666,0.16666666666666666,0.0,0.5833333333333334,0.0,1.0,0.16666666666666666,0.16666666666666666,0.25,0.5,0.4166666666666667,0.5,0.3333333333333333,0.4166666666666667,0.5,0.5833333333333334
000540014,0.6153846153846154,0.7142857142857143,0.7857142857142857,0.0,0.07142857142857142,0.0,0.07142857142857142,0.5,0.6153846153846154,0.7142857142857143,0.5714285714285714,1.0,0.0,0.5,0.07142857142857142,0.9285714285714286,0.35714285714285715,0.35714285714285715,0.35714285714285715,0.0,0.5,0.35714285714285715,0.21428571428571427,0.2857142857142857,0.42857142857142855,0.07142857142857142,0.35714285714285715,0.14285714285714285
000540018,0.5555555555555556,0.2222222222222222,0.4444444444444444,0.0,0.05555555555555555,0.0,0.0,0.0,0.1111111111111111,0.0,0.16666666666666666,0.0,0.05555555555555555,0.1111111111111111,0.2222222222222222,0.0,0.0,0.7222222222222222,0.0,0.0,0.16666666666666666,0.0,0.1111111111111111,0.0,0.2222222222222222,0.2222222222222222,0.16666666666666666,0.1111111111111111
000540031,0.5833333333333334,0.0,0.0,0.0,0.0,0.0,0.0,0.0,0.0,0.0,0.23076923076923078,1.0,0.0,0.0,0.0,0.0,0.0,0.6923076923076923,0.0,0.0,0.0,0.0,0.0,0.0,0.0,0.0,0.15384615384615385,0.0
000540054,0.8333333333333334,0.16666666666666666,0.3333333333333333,0.0,0.0,0.0,0.0,0.0,0.08333333333333333,0.08333333333333333,0.25,0.0,0.0,0.08333333333333333,0.0,0.0,0.0,0.8333333333333334,0.0,0.0,0.0,0.0,0.0,0.16666666666666666,0.16666666666666666,0.16666666666666666,0.16666666666666666,0.0
000540055,0.75,0.3333333333333333,0.25,0.25,0.08333333333333333,0.3333333333333333,0.16666666666666666,0.3333333333333333,0.4166666666666667,0.4166666666666667,0.3333333333333333,0.16666666666666666,0.16666666666666666,0.25,0.4166666666666667,1.0,0.16666666666666666,0.5,0.16666666666666666,0.16666666666666666,0.3333333333333333,0.25,0.16666666666666666,0.5,0.25,0.25,0.4166666666666667,0.5833333333333334
000540058,0.6818181818181818,0.4782608695652174,0.6521739130434783,0.5217391304347826,0.21739130434782608,0.13043478260869565,0.17391304347826086,0.391304347826087,0.36363636363636365,0.4782608695652174,0.34782608695652173,0.43478260869565216,0.21739130434782608,0.30434782608695654,0.13043478260869565,0.30434782608695654,0.17391304347826086,0.8695652173913043,0.5652173913043478,0.6086956521739131,0.391304347826087,0.43478260869565216,0.4782608695652174,0.391304347826087,0.5652173913043478,0.43478260869565216,0.4782608695652174,0.34782608695652173
000540062,0.6428571428571429,0.6923076923076923,0.6923076923076923,0.5384615384615384,0.15384615384615385,0.46153846153846156,0.38461538461538464,0.38461538461538464,0.5714285714285714,0.5384615384615384,0.46153846153846156,0.15384615384615385,0.3076923076923077,0.5384615384615384,0.3076923076923077,0.9230769230769231,0.3076923076923077,0.7692307692307693,0.38461538461538464,0.6923076923076923,0.3076923076923077,0.5384615384615384,0.46153846153846156,0.5384615384615384,0.6923076923076923,0.5384615384615384,0.38461538461538464,0.38461538461538464
000540072,0.6875,0.26666666666666666,0.5333333333333333,0.13333333333333333,0.26666666666666666,0.13333333333333333,0.0,0.0,0.6875,0.06666666666666667,0.6,0.13333333333333333,0.13333333333333333,0.13333333333333333,0.2,0.3333333333333333,0.0,1.0,0.13333333333333333,0.4666666666666667,0.26666666666666666,0.3333333333333333,0.4,0.13333333333333333,0.2,0.3333333333333333,0.13333333333333333,0.06666666666666667
000540077,0.5714285714285714,0.5333333333333333,0.4666666666666667,0.4666666666666667,0.3333333333333333,0.3333333333333333,0.2,0.3333333333333333,0.5714285714285714,0.13333333333333333,0.4,0.3333333333333333,0.3333333333333333,0.26666666666666666,0.0,0.26666666666666666,0.3333333333333333,1.0,0.26666666666666666,0.4,0.5333333333333333,0.3333333333333333,0.3333333333333333,0.26666666666666666,0.26666666666666666,0.3333333333333333,0.4666666666666667,0.06666666666666667
000540088,0.6153846153846154,0.23076923076923078,0.38461538461538464,0.3076923076923077,0.0,0.0,0.15384615384615385,0.0,0.3076923076923077,0.0,0.3076923076923077,0.0,0.0,0.23076923076923078,0.0,0.0,0.07692307692307693,0.6153846153846154,0.6923076923076923,0.6923076923076923,0.6153846153846154,0.15384615384615385,0.15384615384615385,0.07692307692307693,0.3076923076923077,0.07692307692307693,0.23076923076923078,0.15384615384615385
000540106,0.6470588235294118,0.8235294117647058,0.6470588235294118,0.35294117647058826,0.29411764705882354,0.5882352941176471,0.29411764705882354,0.6470588235294118,0.5294117647058824,0.5294117647058824,0.47058823529411764,0.6470588235294118,0.47058823529411764,0.5882352941176471,0.4117647058823529,0.4117647058823529,0.47058823529411764,0.7647058823529411,0.23529411764705882,0.4117647058823529,0.5294117647058824,0.6470588235294118,0.5882352941176471,0.47058823529411764,0.5294117647058824,0.5294117647058824,0.5294117647058824,0.5882352941176471
000540111,0.5714285714285714,0.5,0.5,0.14285714285714285,0.14285714285714285,0.0,0.2857142857142857,0.42857142857142855,0.14285714285714285,0.2857142857142857,0.14285714285714285,0.21428571428571427,0.14285714285714285,0.07142857142857142,0.5714285714285714,0.14285714285714285,0.6428571428571429,1.0,0.21428571428571427,0.2857142857142857,0.5,0.14285714285714285,0.35714285714285715,0.07142857142857142,0.42857142857142855,0.14285714285714285,0.5714285714285714,0.2857142857142857
000540117,0.6875,0.4117647058823529,0.47058823529411764,0.5882352941176471,0.23529411764705882,0.23529411764705882,0.11764705882352941,0.29411764705882354,0.625,0.11764705882352941,0.058823529411764705,0.17647058823529413,0.17647058823529413,0.058823529411764705,0.058823529411764705,0.23529411764705882,0.11764705882352941,0.8235294117647058,0.5294117647058824,0.4117647058823529,0.47058823529411764,0.35294117647058826,0.47058823529411764,0.11764705882352941,0.29411764705882354,0.17647058823529413,0.6470588235294118,0.17647058823529413
000540123,0.5,0.14285714285714285,0.47619047619047616,0.3333333333333333,0.14285714285714285,0.09523809523809523,0.14285714285714285,0.19047619047619047,0.35,0.09523809523809523,0.14285714285714285,0.19047619047619047,0.14285714285714285,0.3333333333333333,0.047619047619047616,0.19047619047619047,0.14285714285714285,1.0,0.3333333333333333,0.3333333333333333,0.3333333333333333,0.3333333333333333,0.2857142857142857,0.23809523809523808,0.2857142857142857,0.09523809523809523,0.2857142857142857,0.23809523809523808
000540127,0.5882352941176471,0.75,0.625,0.25,0.1875,0.0,0.0,0.0625,0.47058823529411764,0.3125,0.25,0.0,0.0625,0.1875,0.1875,0.1875,0.0625,0.6875,0.4375,0.0625,0.5,0.3125,0.4375,0.1875,0.375,0.0625,0.25,0.3125
000540130,0.9090909090909091,0.6363636363636364,0.7272727272727273,0.9090909090909091,0.0,0.36363636363636365,0.5454545454545454,0.8181818181818182,1.0,0.6363636363636364,0.2727272727272727,0.7272727272727273,0.2727272727272727,1.0,0.45454545454545453,1.0,0.9090909090909091,0.9090909090909091,0.36363636363636365,0.6363636363636364,0.7272727272727273,0.7272727272727273,0.7272727272727273,0.36363636363636365,0.8181818181818182,0.45454545454545453,0.36363636363636365,0.2727272727272727
000540156,0.7,0.2,0.7,0.1,0.0,0.0,0.0,0.0,0.4,0.0,0.0,0.0,0.0,0.1,0.0,0.6,0.1,0.2,0.1,0.1,0.0,0.0,0.0,0.0,0.0,0.0,0.0,0.0
000540163,0.7272727272727273,0.09090909090909091,0.6363636363636364,0.09090909090909091,0.09090909090909091,0.09090909090909091,0.09090909090909091,0.09090909090909091,0.18181818181818182,0.09090909090909091,0.09090909090909091,0.09090909090909091,0.09090909090909091,0.09090909090909091,0.09090909090909091,0.09090909090909091,0.09090909090909091,1.0,0.0,0.09090909090909091,0.09090909090909091,0.09090909090909091,0.36363636363636365,0.09090909090909091,0.09090909090909091,0.09090909090909091,0.09090909090909091,0.09090909090909091
000560016,0.7368421052631579,0.2631578947368421,0.5263157894736842,0.05263157894736842,0.2631578947368421,0.15789473684210525,0.05263157894736842,0.05263157894736842,0.21052631578947367,0.21052631578947367,0.10526315789473684,0.05263157894736842,0.05263157894736842,0.3157894736842105,0.05263157894736842,0.0,0.05263157894736842,1.0,0.21052631578947367,0.15789473684210525,0.21052631578947367,0.21052631578947367,0.2631578947368421,0.21052631578947367,0.3157894736842105,0.21052631578947367,0.3157894736842105,0.3157894736842105
000560017,1.0,0.3333333333333333,0.5555555555555556,0.3333333333333333,0.3888888888888889,0.2222222222222222,0.05555555555555555,0.3333333333333333,0.23529411764705882,0.5,0.4444444444444444,0.3333333333333333,0.4444444444444444,0.6666666666666666,0.1111111111111111,0.2222222222222222,0.2777777777777778,0.7777777777777778,0.3888888888888889,0.3333333333333333,0.4444444444444444,0.3333333333333333,0.3888888888888889,0.4444444444444444,0.6666666666666666,0.3333333333333333,0.5,0.2777777777777778
000560026,0.5384615384615384,0.0,0.2857142857142857,0.0,0.0,0.14285714285714285,0.8571428571428571,0.0,0.7692307692307693,0.5714285714285714,0.14285714285714285,1.0,0.35714285714285715,0.6428571428571429,0.0,0.9285714285714286,0.0,0.7857142857142857,0.21428571428571427,0.2857142857142857,0.6428571428571429,0.0,0.5,0.0,0.21428571428571427,0.14285714285714285,0.14285714285714285,0.6428571428571429
000560030,0.9,0.2,0.3,0.0,0.0,0.0,0.0,0.3,0.3,0.4,0.5,0.0,0.3,0.4,0.0,0.0,0.0,1.0,0.0,0.1,0.4,0.3,0.5,0.6,0.4,0.3,0.4,0.4
000560033,0.46153846153846156,0.0,0.0,0.0,0.0,0.0,0.0,0.0,0.07692307692307693,0.0,0.0,1.0,0.0,0.0,0.0,1.0,0.0,0.9230769230769231,0.0,0.0,0.0,0.0,0.0,0.07692307692307693,0.0,0.0,0.15384615384615385,0.3076923076923077
000560038,0.7777777777777778,0.3,0.6,0.4,0.0,0.0,0.4,0.4,0.7777777777777778,0.5,0.4,1.0,0.0,0.4,0.0,1.0,0.4,1.0,1.0,0.4,0.6,0.6,0.6,0.6,0.6,0.4,0.6,0.3
000560058,0.7857142857142857,0.6666666666666666,0.6,0.5333333333333333,0.4,0.3333333333333333,0.5333333333333333,0.4666666666666667,0.5,0.3333333333333333,0.4666666666666667,0.5333333333333333,0.5333333333333333,0.7333333333333333,0.4666666666666667,0.6,0.3333333333333333,1.0,0.5333333333333333,0.4666666666666667,0.4,0.5333333333333333,0.3333333333333333,0.4,0.4,0.3333333333333333,0.5333333333333333,0.4666666666666667
000560068,0.9090909090909091,0.2727272727272727,0.9090909090909091,0.7272727272727273,0.5454545454545454,0.6363636363636364,0.36363636363636365,0.5454545454545454,0.45454545454545453,0.45454545454545453,0.5454545454545454,0.7272727272727273,0.5454545454545454,0.36363636363636365,0.18181818181818182,1.0,0.6363636363636364,1.0,0.45454545454545453,0.7272727272727273,0.36363636363636365,0.36363636363636365,0.6363636363636364,0.36363636363636365,0.7272727272727273,0.36363636363636365,0.36363636363636365,0.36363636363636365
000560074,1.0,0.2727272727272727,0.2727272727272727,0.18181818181818182,0.0,0.36363636363636365,0.36363636363636365,0.36363636363636365,0.3,0.5454545454545454,0.18181818181818182,0.18181818181818182,0.0,0.45454545454545453,0.0,0.36363636363636365,0.2727272727272727,1.0,0.2727272727272727,0.36363636363636365,0.45454545454545453,0.45454545454545453,0.36363636363636365,0.18181818181818182,0.45454545454545453,0.36363636363636365,0.2727272727272727,0.2727272727272727
000560075,0.5333333333333333,0.0625,0.3125,0.0,0.0,0.0,0.0625,0.0625,0.13333333333333333,0.0625,0.4375,0.0,0.0,0.125,0.0625,0.0625,0.0,1.0,0.0,0.25,0.3125,0.0625,0.25,0.125,0.375,0.0625,0.1875,0.25
000560084,0.8571428571428571,0.6428571428571429,0.6428571428571429,0.5714285714285714,0.21428571428571427,0.35714285714285715,0.2857142857142857,0.21428571428571427,0.7142857142857143,0.35714285714285715,0.5,0.21428571428571427,0.21428571428571427,0.5714285714285714,0.42857142857142855,0.6428571428571429,0.21428571428571427,0.8571428571428571,0.5714285714285714,0.5714285714285714,0.7142857142857143,0.35714285714285715,0.7142857142857143,0.21428571428571427,0.35714285714285715,0.5714285714285714,0.6428571428571429,0.2857142857142857
000560086,0.7692307692307693,0.35714285714285715,0.7857142857142857,0.2857142857142857,0.14285714285714285,0.0,0.0,0.07142857142857142,0.7692307692307693,0.14285714285714285,0.2857142857142857,0.21428571428571427,0.21428571428571427,0.2857142857142857,0.07142857142857142,0.35714285714285715,0.14285714285714285,0.9285714285714286,0.2857142857142857,0.14285714285714285,0.42857142857142855,0.2857142857142857,0.21428571428571427,0.14285714285714285,0.35714285714285715,0.14285714285714285,0.5,0.2857142857142857
000560088,0.6666666666666666,0.2857142857142857,0.42857142857142855,0.0,0.0,0.0,0.0,0.0,0.6666666666666666,0.2857142857142857,0.0,1.0,0.0,0.0,0.0,0.0,0.0,0.8571428571428571,0.0,0.0,0.2857142857142857,0.42857142857142855,0.42857142857142855,0.0,0.42857142857142855,0.42857142857142855,0.42857142857142855,0.42857142857142855
000560116,0.7894736842105263,0.35,0.5,0.3,0.2,0.2,0.2,0.2,0.2631578947368421,0.25,0.3,0.3,0.2,0.45,0.2,0.2,0.2,1.0,0.2,0.2,0.5,0.2,0.3,0.25,0.35,0.25,0.35,0.25
000560117,0.64,0.5,0.5769230769230769,0.3076923076923077,0.34615384615384615,0.34615384615384615,0.34615384615384615,0.3076923076923077,0.32,0.3076923076923077,0.46153846153846156,0.3076923076923077,0.34615384615384615,0.2692307692307692,0.23076923076923078,0.34615384615384615,0.46153846153846156,0.9230769230769231,0.3076923076923077,0.34615384615384615,0.2692307692307692,0.3076923076923077,0.3076923076923077,0.23076923076923078,0.2692307692307692,0.3076923076923077,0.4230769230769231,0.34615384615384615
000560134,0.2727272727272727,0.4090909090909091,0.7727272727272727,0.09090909090909091,0.0,0.0,0.0,0.045454545454545456,0.13636363636363635,0.0,0.09090909090909091,0.0,0.0,0.045454545454545456,0.0,0.18181818181818182,0.0,0.9545454545454546,0.13636363636363635,0.18181818181818182,0.13636363636363635,0.0,0.2727272727272727,0.045454545454545456,0.045454545454545456,0.045454545454545456,0.045454545454545456,0.0
000560154,0.8461538461538461,0.38461538461538464,0.6923076923076923,0.15384615384615385,0.23076923076923078,0.23076923076923078,0.15384615384615385,0.07692307692307693,0.3076923076923077,0.46153846153846156,0.23076923076923078,0.07692307692307693,0.0,0.38461538461538464,0.07692307692307693,0.3076923076923077,0.07692307692307693,1.0,0.46153846153846156,0.3076923076923077,0.6923076923076923,0.23076923076923078,0.3076923076923077,0.15384615384615385,0.3076923076923077,0.23076923076923078,0.5384615384615384,0.3076923076923077
000560159,0.8571428571428571,0.5,0.875,0.25,0.25,0.25,0.25,0.25,0.5714285714285714,0.25,0.375,0.25,0.125,0.5,0.25,0.375,0.25,1.0,0.25,0.25,0.25,0.25,0.25,0.125,0.25,0.25,0.25,0.125
000560162,0.6428571428571429,0.42857142857142855,0.5,0.0,0.0,0.0,0.0,0.0,0.21428571428571427,0.14285714285714285,0.14285714285714285,0.0,0.0,0.5,0.0,0.8571428571428571,0.0,1.0,0.0,0.0,0.0,0.21428571428571427,0.42857142857142855,0.14285714285714285,0.5,0.35714285714285715,0.42857142857142855,0.14285714285714285
000560172,0.9090909090909091,0.5833333333333334,0.6666666666666666,0.0,0.16666666666666666,0.16666666666666666,0.0,0.0,0.18181818181818182,0.3333333333333333,0.5,1.0,0.16666666666666666,0.4166666666666667,0.16666666666666666,1.0,0.0,1.0,0.5833333333333334,0.16666666666666666,0.3333333333333333,0.16666666666666666,0.4166666666666667,0.3333333333333333,0.4166666666666667,0.3333333333333333,0.4166666666666667,0.16666666666666666
000700008,0.6875,0.4375,0.5,0.625,0.0,0.125,0.0,0.375,0.375,0.25,0.3125,0.4375,0.5,0.25,0.375,0.0,0.0625,1.0,0.5,0.375,0.125,0.25,0.4375,0.3125,0.375,0.5625,0.0625,0.125
000700010,0.6153846153846154,0.6923076923076923,0.7692307692307693,0.0,0.0,0.0,0.0,0.0,0.6153846153846154,0.0,0.0,0.0,0.0,0.15384615384615385,0.0,0.0,0.0,0.8461538461538461,0.0,0.0,0.15384615384615385,0.0,0.6153846153846154,0.23076923076923078,0.07692307692307693,0.0,0.46153846153846156,0.07692307692307693
000700012,0.9090909090909091,0.75,0.6666666666666666,0.08333333333333333,0.25,0.16666666666666666,0.16666666666666666,0.08333333333333333,0.7272727272727273,0.16666666666666666,0.6666666666666666,0.08333333333333333,0.16666666666666666,0.5,0.5,0.3333333333333333,0.08333333333333333,0.9166666666666666,0.08333333333333333,0.16666666666666666,0.5833333333333334,0.75,0.5833333333333334,0.5833333333333334,0.25,0.5,0.75,0.25
000700015,0.9411764705882353,0.35294117647058826,0.7058823529411765,0.058823529411764705,0.11764705882352941,0.0,0.058823529411764705,0.0,0.17647058823529413,0.23529411764705882,0.17647058823529413,0.29411764705882354,0.0,0.35294117647058826,0.0,0.11764705882352941,0.0,0.9411764705882353,0.058823529411764705,0.35294117647058826,0.058823529411764705,0.17647058823529413,0.058823529411764705,0.17647058823529413,0.4117647058823529,0.11764705882352941,0.23529411764705882,0.23529411764705882
000700019,0.8235294117647058,0.5882352941176471,0.6470588235294118,0.35294117647058826,0.4117647058823529,0.17647058823529413,0.11764705882352941,0.11764705882352941,0.6470588235294118,0.47058823529411764,0.4117647058823529,0.17647058823529413,0.23529411764705882,0.5294117647058824,0.17647058823529413,0.29411764705882354,0.11764705882352941,0.9411764705882353,0.29411764705882354,0.35294117647058826,0.5882352941176471,0.35294117647058826,0.5294117647058824,0.35294117647058826,0.5882352941176471,0.5882352941176471,0.5294117647058824,0.5882352941176471
000700034,0.7692307692307693,0.0,0.2857142857142857,0.0,0.0,0.0,0.0,0.7857142857142857,0.23076923076923078,0.42857142857142855,0.21428571428571427,0.8571428571428571,0.21428571428571427,0.21428571428571427,0.0,0.0,0.8571428571428571,0.7142857142857143,0.7857142857142857,0.5,0.42857142857142855,0.35714285714285715,0.5714285714285714,0.2857142857142857,0.42857142857142855,0.2857142857142857,0.21428571428571427,0.14285714285714285
000700037,0.38461538461538464,0.0,0.07692307692307693,0.0,0.0,0.0,0.0,0.0,0.0,0.0,0.15384615384615385,1.0,0.0,0.0,0.0,0.0,0.0,0.46153846153846156,0.07692307692307693,0.07692307692307693,0.0,0.0,0.07692307692307693,0.07692307692307693,0.07692307692307693,0.0,0.23076923076923078,0.0
000700046,0.7692307692307693,0.0,0.07142857142857142,0.07142857142857142,0.0,0.0,0.0,0.0,0.15384615384615385,0.14285714285714285,0.07142857142857142,1.0,0.0,0.35714285714285715,0.0,0.0,0.0,0.7857142857142857,0.0,0.07142857142857142,0.5,0.14285714285714285,0.5,0.14285714285714285,0.5,0.0,0.35714285714285715,0.21428571428571427
000700048,0.8,0.0,0.3,0.0,0.0,0.0,0.2,0.0,0.2,0.4,0.3,0.0,0.3,0.4,0.0,0.0,0.0,0.4,0.0,0.0,0.1,0.4,0.4,0.2,0.5,0.4,0.4,0.2
000700053,0.7692307692307693,0.0,0.07692307692307693,0.23076923076923078,0.0,0.0,0.0,0.23076923076923078,0.07692307692307693,0.0,0.46153846153846156,1.0,0.0,0.15384615384615385,0.0,0.0,0.0,0.5384615384615384,0.0,0.07692307692307693,0.23076923076923078,0.0,0.15384615384615385,0.15384615384615385,0.15384615384615385,0.0,0.07692307692307693,0.15384615384615385
000700063,0.8333333333333334,0.38461538461538464,0.6923076923076923,0.3076923076923077,0.38461538461538464,0.38461538461538464,0.38461538461538464,0.38461538461538464,0.3333333333333333,0.46153846153846156,0.46153846153846156,1.0,0.38461538461538464,0.38461538461538464,0.38461538461538464,1.0,0.38461538461538464,0.46153846153846156,0.3076923076923077,0.38461538461538464,0.3076923076923077,0.38461538461538464,0.38461538461538464,0.38461538461538464,0.38461538461538464,0.38461538461538464,0.15384615384615385,0.38461538461538464
000700065,0.8,0.7333333333333333,0.6666666666666666,0.3333333333333333,0.2,0.4,0.4,0.4666666666666667,0.5333333333333333,0.6,0.3333333333333333,0.3333333333333333,0.13333333333333333,0.4666666666666667,0.2,1.0,0.4,1.0,0.5333333333333333,0.2,0.8,0.4,0.3333333333333333,0.4,0.5333333333333333,0.4,0.4,0.26666666666666666
000700082,0.8,0.5,0.3,0.1,0.3,0.2,0.1,0.1,0.3,0.1,0.4,0.2,0.3,0.2,0.0,0.0,0.1,0.9,0.3,0.4,0.6,0.3,0.2,0.3,0.3,0.2,0.1,0.2
000700109,0.5714285714285714,0.5,0.7142857142857143,0.42857142857142855,0.35714285714285715,0.0,0.0,0.42857142857142855,0.2857142857142857,0.14285714285714285,0.5714285714285714,0.21428571428571427,0.35714285714285715,0.42857142857142855,0.14285714285714285,0.35714285714285715,0.5,0.7142857142857143,0.21428571428571427,0.21428571428571427,0.35714285714285715,0.21428571428571427,0.42857142857142855,0.35714285714285715,0.21428571428571427,0.07142857142857142,0.21428571428571427,0.21428571428571427
000700120,0.6111111111111112,0.2777777777777778,0.5,0.2222222222222222,0.2777777777777778,0.0,0.0,0.4444444444444444,0.2222222222222222,0.16666666666666666,0.3333333333333333,0.0,0.2777777777777778,0.2222222222222222,0.6666666666666666,0.0,0.16666666666666666,0.6666666666666666,0.3888888888888889,0.2222222222222222,0.4444444444444444,0.1111111111111111,0.3333333333333333,0.0,0.2222222222222222,0.05555555555555555,0.3888888888888889,0.1111111111111111
000700123,0.8260869565217391,0.2608695652173913,0.4782608695652174,0.043478260869565216,0.21739130434782608,0.08695652173913043,0.21739130434782608,0.043478260869565216,0.17391304347826086,0.17391304347826086,0.4782608695652174,0.08695652173913043,0.2608695652173913,0.30434782608695654,0.0,0.30434782608695654,0.0,0.8260869565217391,0.391304347826087,0.2608695652173913,0.13043478260869565,0.2608695652173913,0.08695652173913043,0.13043478260869565,0.08695652173913043,0.13043478260869565,0.30434782608695654,0.21739130434782608
000700130,0.8461538461538461,0.6153846153846154,0.5384615384615384,0.38461538461538464,0.23076923076923078,0.38461538461538464,0.23076923076923078,0.38461538461538464,0.46153846153846156,0.07692307692307693,0.38461538461538464,0.38461538461538464,0.23076923076923078,0.3076923076923077,0.07692307692307693,0.3076923076923077,0.38461538461538464,0.8461538461538461,0.38461538461538464,0.38461538461538464,0.23076923076923078,0.3076923076923077,0.23076923076923078,0.3076923076923077,0.15384615384615385,0.3076923076923077,0.3076923076923077,0.3076923076923077
000700151,0.9230769230769231,0.2857142857142857,0.7142857142857143,0.14285714285714285,0.0,0.0,0.14285714285714285,0.0,0.15384615384615385,0.21428571428571427,0.14285714285714285,0.14285714285714285,0.14285714285714285,0.0,0.14285714285714285,0.14285714285714285,0.14285714285714285,0.2857142857142857,0.14285714285714285,0.14285714285714285,0.21428571428571427,0.21428571428571427,0.2857142857142857,0.14285714285714285,0.21428571428571427,0.14285714285714285,0.14285714285714285,0.21428571428571427
000700156,0.7142857142857143,0.5714285714285714,0.7142857142857143,0.2857142857142857,0.2857142857142857,0.0,0.0,0.42857142857142855,0.42857142857142855,0.2857142857142857,0.14285714285714285,0.0,0.0,0.14285714285714285,0.0,0.8571428571428571,0.0,1.0,0.2857142857142857,0.2857142857142857,0.2857142857142857,0.2857142857142857,0.42857142857142855,0.2857142857142857,0.42857142857142855,0.0,0.2857142857142857,0.2857142857142857
000700174,0.6666666666666666,0.5555555555555556,0.8888888888888888,0.0,0.0,0.0,0.0,0.0,0.3333333333333333,0.0,0.0,0.0,0.0,0.2222222222222222,0.0,0.0,0.0,0.7777777777777778,0.0,0.0,0.0,0.0,0.0,0.0,0.0,0.0,0.5555555555555556,0.5555555555555556
000750005,0.9090909090909091,0.75,0.75,0.5,0.25,0.08333333333333333,0.08333333333333333,0.3333333333333333,0.18181818181818182,0.25,0.08333333333333333,0.5,0.0,0.3333333333333333,0.0,0.3333333333333333,0.3333333333333333,0.9166666666666666,0.5,0.5,0.3333333333333333,0.25,0.16666666666666666,0.25,0.25,0.16666666666666666,0.3333333333333333,0.3333333333333333
000750015,0.7333333333333333,0.3333333333333333,0.6666666666666666,0.8,0.4,0.2,0.26666666666666666,0.6666666666666666,1.0,0.8,0.6666666666666666,0.6666666666666666,0.4,0.6666666666666666,0.13333333333333333,0.2,0.4,0.8666666666666667,0.5333333333333333,0.4666666666666667,0.4666666666666667,0.3333333333333333,0.4,0.4666666666666667,0.5333333333333333,0.4,0.6666666666666666,0.5333333333333333
000750020,0.5833333333333334,0.4583333333333333,0.75,0.25,0.16666666666666666,0.16666666666666666,0.16666666666666666,0.20833333333333334,0.5416666666666666,0.375,0.2916666666666667,0.20833333333333334,0.125,0.25,0.125,0.20833333333333334,0.3333333333333333,0.625,0.25,0.3333333333333333,0.3333333333333333,0.3333333333333333,0.375,0.2916666666666667,0.4583333333333333,0.375,0.4166666666666667,0.25
000750024,0.6153846153846154,0.6923076923076923,0.7692307692307693,0.6153846153846154,0.6153846153846154,0.7692307692307693,0.5384615384615384,0.6153846153846154,0.5384615384615384,0.6153846153846154,0.5384615384615384,0.6153846153846154,0.5384615384615384,0.6923076923076923,0.46153846153846156,0.6153846153846154,0.5384615384615384,1.0,0.6153846153846154,0.6153846153846154,0.7692307692307693,0.38461538461538464,0.46153846153846156,0.46153846153846156,0.6923076923076923,0.5384615384615384,0.5384615384615384,0.46153846153846156
000750026,0.8571428571428571,0.0,0.0,0.0,0.0,0.0,0.2857142857142857,0.21428571428571427,0.35714285714285715,0.2857142857142857,0.42857142857142855,1.0,0.0,0.2857142857142857,0.0,0.21428571428571427,0.2857142857142857,0.7857142857142857,0.2857142857142857,0.2857142857142857,0.2857142857142857,0.2857142857142857,0.21428571428571427,0.2857142857142857,0.2857142857142857,0.2857142857142857,0.14285714285714285,0.2857142857142857
000750029,0.625,0.4375,0.6875,0.3125,0.0,0.0,0.0,0.3125,0.375,0.375,0.0,0.5,0.8125,0.5625,0.0,0.0,0.0,0.75,0.0,0.6875,0.4375,0.0625,0.3125,0.25,0.25,0.375,0.3125,0.5625
000750045,1.0,0.6153846153846154,0.6153846153846154,0.5384615384615384,0.38461538461538464,0.46153846153846156,0.6153846153846154,0.3076923076923077,0.75,0.6153846153846154,0.38461538461538464,1.0,0.15384615384615385,0.7692307692307693,0.9230769230769231,0.0,0.3076923076923077,0.9230769230769231,0.3076923076923077,0.6153846153846154,0.7692307692307693,0.3076923076923077,0.6153846153846154,0.6153846153846154,0.38461538461538464,0.46153846153846156,0.3076923076923077,0.46153846153846156
000750068,0.5384615384615384,0.3076923076923077,0.5384615384615384,0.3076923076923077,0.23076923076923078,0.15384615384615385,0.0,0.0,0.38461538461538464,0.38461538461538464,0.38461538461538464,0.15384615384615385,0.23076923076923078,0.6153846153846154,0.0,0.0,0.23076923076923078,0.46153846153846156,0.38461538461538464,0.46153846153846156,0.46153846153846156,0.07692307692307693,0.15384615384615385,0.23076923076923078,0.3076923076923077,0.07692307692307693,0.3076923076923077,0.15384615384615385
000750080,0.46153846153846156,0.21428571428571427,0.5714285714285714,0.14285714285714285,0.5714285714285714,0.14285714285714285,0.2857142857142857,0.14285714285714285,0.5384615384615384,0.21428571428571427,0.14285714285714285,0.14285714285714285,0.14285714285714285,0.42857142857142855,0.21428571428571427,0.2857142857142857,0.14285714285714285,0.7142857142857143,0.2857142857142857,0.2857142857142857,0.5,0.2857142857142857,0.6428571428571429,0.21428571428571427,0.14285714285714285,0.42857142857142855,0.35714285714285715,0.35714285714285715
000750082,0.6428571428571429,0.5714285714285714,0.5714285714285714,0.7857142857142857,0.5714285714285714,0.5,0.42857142857142855,0.7142857142857143,0.8571428571428571,0.7142857142857143,0.7142857142857143,0.9285714285714286,0.2857142857142857,0.7142857142857143,0.35714285714285715,0.42857142857142855,0.7142857142857143,0.9285714285714286,1.0,0.9285714285714286,0.5714285714285714,0.7857142857142857,0.5714285714285714,0.7142857142857143,0.6428571428571429,0.8571428571428571,0.5,0.6428571428571429
000750085,0.8333333333333334,0.8333333333333334,0.8333333333333334,0.25,0.3333333333333333,0.16666666666666666,0.25,0.3333333333333333,0.5833333333333334,0.25,0.25,0.3333333333333333,0.25,0.25,0.16666666666666666,0.5,0.16666666666666666,0.4166666666666667,0.5833333333333334,0.5833333333333334,0.4166666666666667,0.16666666666666666,0.5833333333333334,0.25,0.3333333333333333,0.4166666666666667,0.5,0.3333333333333333
000750091,0.8333333333333334,0.6666666666666666,0.47619047619047616,0.19047619047619047,0.19047619047619047,0.19047619047619047,0.19047619047619047,0.19047619047619047,0.2777777777777778,0.14285714285714285,0.14285714285714285,0.19047619047619047,0.19047619047619047,0.19047619047619047,0.19047619047619047,0.19047619047619047,0.19047619047619047,0.7619047619047619,0.19047619047619047,0.3333333333333333,0.2857142857142857,0.19047619047619047,0.23809523809523808,0.14285714285714285,0.23809523809523808,0.2857142857142857,0.2857142857142857,0.14285714285714285
000750101,1.0,0.4166666666666667,0.9166666666666666,0.5,0.3333333333333333,0.4166666666666667,0.16666666666666666,0.4166666666666667,0.5833333333333334,0.3333333333333333,0.5833333333333334,0.5,0.3333333333333333,0.4166666666666667,0.3333333333333333,0.4166666666666667,0.4166666666666667,1.0,0.3333333333333333,0.4166666666666667,0.5,0.3333333333333333,0.75,0.5,0.4166666666666667,0.3333333333333333,0.4166666666666667,0.4166666666666667
000750106,0.9285714285714286,0.7857142857142857,0.7142857142857143,0.5714285714285714,0.42857142857142855,0.07142857142857142,0.14285714285714285,0.14285714285714285,0.5714285714285714,0.5,0.42857142857142855,1.0,0.14285714285714285,0.6428571428571429,0.7142857142857143,0.21428571428571427,0.21428571428571427,0.9285714285714286,0.2857142857142857,0.07142857142857142,0.5,0.6428571428571429,0.6428571428571429,0.35714285714285715,0.5,0.5714285714285714,0.35714285714285715,0.35714285714285715
000750108,1.0,0.8181818181818182,0.9090909090909091,0.18181818181818182,0.7272727272727273,0.0,0.18181818181818182,0.18181818181818182,0.9,0.9090909090909091,0.36363636363636365,0.0,0.18181818181818182,0.18181818181818182,0.0,0.18181818181818182,0.36363636363636365,1.0,0.7272727272727273,0.8181818181818182,0.9090909090909091,0.8181818181818182,0.7272727272727273,0.6363636363636364,0.6363636363636364,0.6363636363636364,0.7272727272727273,0.45454545454545453
000750123,0.8235294117647058,0.7777777777777778,0.4444444444444444,0.3888888888888889,0.0,0.05555555555555555,0.05555555555555555,0.3333333333333333,0.6470588235294118,0.2222222222222222,0.2222222222222222,0.2222222222222222,0.05555555555555555,0.5,0.2777777777777778,0.1111111111111111,0.4444444444444444,1.0,0.5555555555555556,0.5555555555555556,0.3888888888888889,0.5,0.5555555555555556,0.05555555555555555,0.3888888888888889,0.2777777777777778,0.2222222222222222,0.05555555555555555
000750128,1.0,0.9166666666666666,0.8333333333333334,0.75,0.75,0.25,0.5833333333333334,0.6666666666666666,0.9090909090909091,0.5833333333333334,0.6666666666666666,0.75,0.8333333333333334,0.6666666666666666,0.8333333333333334,0.9166666666666666,0.6666666666666666,0.75,1.0,1.0,1.0,0.75,1.0,0.5,0.6666666666666666,0.6666666666666666,0.5833333333333334,0.5833333333333334
000750134,0.7777777777777778,0.4444444444444444,0.4444444444444444,0.0,0.1111111111111111,0.2222222222222222,0.2222222222222222,0.0,0.5555555555555556,0.3333333333333333,0.2222222222222222,0.2222222222222222,0.2222222222222222,0.3333333333333333,0.2222222222222222,0.8888888888888888,0.2222222222222222,1.0,0.8888888888888888,0.8888888888888888,0.8888888888888888,0.4444444444444444,0.3333333333333333,0.2222222222222222,0.2222222222222222,0.4444444444444444,0.4444444444444444,0.4444444444444444
000750140,0.7692307692307693,0.7692307692307693,0.5384615384615384,0.8461538461538461,0.6923076923076923,0.38461538461538464,0.38461538461538464,0.38461538461538464,0.8461538461538461,0.38461538461538464,0.38461538461538464,0.5384615384615384,0.46153846153846156,0.8461538461538461,0.15384615384615385,0.5384615384615384,0.6923076923076923,0.6153846153846154,0.6153846153846154,0.8461538461538461,0.6153846153846154,0.8461538461538461,0.5384615384615384,0.46153846153846156,0.5384615384615384,0.38461538461538464,0.6153846153846154,0.6153846153846154
000750149,0.7777777777777778,0.8888888888888888,0.7777777777777778,0.3333333333333333,0.2777777777777778,0.16666666666666666,0.3888888888888889,0.5,0.6666666666666666,0.6111111111111112,0.4444444444444444,0.5,0.3888888888888889,0.6111111111111112,0.2777777777777778,0.4444444444444444,0.3888888888888889,0.8888888888888888,1.0,0.8333333333333334,0.3888888888888889,0.7222222222222222,0.3333333333333333,0.16666666666666666,1.0,0.4444444444444444,0.6111111111111112,0.2777777777777778
001030008,0.4117647058823529,0.17647058823529413,0.35294117647058826,0.0,0.0,0.0,0.0,0.058823529411764705,0.17647058823529413,0.0,0.11764705882352941,0.0,0.0,0.11764705882352941,0.0,0.0,0.0,0.29411764705882354,0.0,0.058823529411764705,0.0,0.0,0.11764705882352941,0.17647058823529413,0.11764705882352941,0.0,0.11764705882352941,0.17647058823529413
001030013,0.6428571428571429,0.6,0.6,0.2,0.4,0.0,0.0,0.4,0.42857142857142855,0.4,0.2,0.3333333333333333,0.4,0.4,0.0,0.4666666666666667,0.0,0.5333333333333333,0.4,0.0,0.3333333333333333,0.4,0.4,0.4,0.26666666666666666,0.4,0.3333333333333333,0.4
001030032,0.6923076923076923,0.07692307692307693,0.23076923076923078,0.0,0.0,0.0,0.0,0.0,0.15384615384615385,0.23076923076923078,0.15384615384615385,0.23076923076923078,0.0,0.23076923076923078,0.0,0.0,0.0,1.0,0.15384615384615385,0.0,0.5384615384615384,0.0,0.3076923076923077,0.23076923076923078,0.23076923076923078,0.07692307692307693,0.3076923076923077,0.0
001030048,1.0,0.2,0.3,0.8,0.3,0.0,0.0,0.1,0.5,0.5,0.8,0.7,0.6,0.7,0.0,0.0,0.0,0.9,0.7,0.8,0.6,0.6,0.8,0.6,0.4,0.5,0.4,0.2
001030053,0.6666666666666666,0.0,0.5,0.0,0.0,0.0,0.0,0.0,0.0,0.0,0.5,1.0,0.0,0.6,0.0,0.0,0.0,1.0,0.0,0.0,0.1,0.0,0.0,0.0,0.0,0.0,0.2,0.0
001030054,0.7777777777777778,0.0,0.2222222222222222,0.0,0.0,0.0,0.0,0.0,0.4444444444444444,0.4444444444444444,0.0,0.0,0.0,0.2222222222222222,0.0,0.0,0.0,0.8888888888888888,0.0,0.0,0.4444444444444444,0.6666666666666666,0.2222222222222222,0.2222222222222222,0.2222222222222222,0.0,0.7777777777777778,0.0
001030060,0.5333333333333333,0.6,0.2,0.2,0.06666666666666667,0.2,0.0,0.4,0.13333333333333333,0.06666666666666667,0.06666666666666667,0.3333333333333333,0.13333333333333333,0.2,0.13333333333333333,0.26666666666666666,0.26666666666666666,1.0,0.13333333333333333,0.13333333333333333,0.26666666666666666,0.6,0.3333333333333333,0.13333333333333333,0.26666666666666666,0.2,0.06666666666666667,0.2
001030061,0.8333333333333334,0.5833333333333334,0.5833333333333334,1.0,0.4166666666666667,0.4166666666666667,0.4166666666666667,0.5,0.16666666666666666,0.3333333333333333,0.4166666666666667,0.4166666666666667,0.16666666666666666,0.3333333333333333,0.0,0.5,0.3333333333333333,0.75,0.3333333333333333,0.3333333333333333,0.5833333333333334,0.5,0.25,0.3333333333333333,0.6666666666666666,0.16666666666666666,0.4166666666666667,0.5
001030065,0.6363636363636364,0.36363636363636365,0.7272727272727273,0.2727272727272727,0.18181818181818182,0.0,0.0,0.0,0.6363636363636364,0.45454545454545453,0.6363636363636364,1.0,0.2727272727272727,0.0,0.09090909090909091,0.5454545454545454,0.0,0.8181818181818182,0.2727272727272727,0.2727272727272727,0.18181818181818182,0.2727272727272727,0.2727272727272727,0.2727272727272727,0.36363636363636365,0.36363636363636365,0.2727272727272727,0.2727272727272727
001030077,1.0,0.6470588235294118,0.5882352941176471,0.47058823529411764,0.5294117647058824,0.35294117647058826,0.35294117647058826,0.47058823529411764,0.3125,0.47058823529411764,0.5294117647058824,0.47058823529411764,0.29411764705882354,0.5294117647058824,0.23529411764705882,0.8823529411764706,0.4117647058823529,1.0,0.47058823529411764,0.5294117647058824,0.7058823529411765,0.29411764705882354,0.47058823529411764,0.5294117647058824,0.47058823529411764,0.29411764705882354,0.47058823529411764,0.4117647058823529
001030078,0.6875,0.5625,0.75,0.25,0.0,0.0,0.0,0.3125,0.0625,0.0,0.125,0.25,0.0,0.0,0.0,0.0,0.0,0.875,0.25,0.4375,0.25,0.0,0.0625,0.0,0.3125,0.0,0.25,0.125
001030090,0.8181818181818182,0.5454545454545454,0.7272727272727273,0.18181818181818182,0.0,0.0,0.0,0.0,0.09090909090909091,0.09090909090909091,0.0,0.0,0.0,0.0,0.0,0.09090909090909091,0.0,1.0,0.5454545454545454,0.2727272727272727,0.36363636363636365,0.0,0.0,0.09090909090909091,0.09090909090909091,0.0,0.09090909090909091,0.09090909090909091
001030099,0.7222222222222222,0.05263157894736842,0.6842105263157895,0.0,0.0,0.0,0.0,0.0,0.16666666666666666,0.0,0.0,0.0,0.0,0.0,0.0,0.0,0.0,0.3684210526315789,0.0,0.0,0.3157894736842105,0.0,0.05263157894736842,0.0,0.05263157894736842,0.0,0.05263157894736842,0.05263157894736842
001030102,0.6666666666666666,0.4,0.4666666666666667,0.3333333333333333,0.0,0.13333333333333333,0.06666666666666667,0.2,0.2,0.2,0.26666666666666666,0.0,0.0,0.26666666666666666,0.0,0.4666666666666667,0.0,0.9333333333333333,0.3333333333333333,0.0,0.26666666666666666,0.13333333333333333,0.13333333333333333,0.3333333333333333,0.3333333333333333,0.3333333333333333,0.3333333333333333,0.4
001030103,0.625,0.625,0.75,0.5,0.3125,0.375,0.375,0.4375,0.3125,0.4375,0.5,0.375,0.375,0.4375,0.1875,0.9375,0.375,0.6875,0.4375,0.5,0.4375,0.5,0.3125,0.375,0.375,0.4375,0.75,0.3125
001030121,0.625,0.375,0.4375,0.0625,0.0625,0.0625,0.0625,0.0625,0.1875,0.125,0.3125,0.0625,0.0625,0.25,0.0625,0.0625,0.0625,0.625,0.0625,0.1875,0.3125,0.125,0.4375,0.0625,0.1875,0.0625,0.25,0.125
001030136,0.625,0.23529411764705882,0.5294117647058824,0.0,0.11764705882352941,0.11764705882352941,0.0,0.0,0.1875,0.17647058823529413,0.17647058823529413,0.23529411764705882,0.058823529411764705,0.17647058823529413,0.058823529411764705,0.11764705882352941,0.0,0.6470588235294118,0.0,0.0,0.11764705882352941,0.058823529411764705,0.058823529411764705,0.058823529411764705,0.058823529411764705,0.058823529411764705,0.17647058823529413,0.058823529411764705
001030143,0.625,0.375,0.6875,0.25,0.0625,0.0,0.125,0.0625,0.125,0.25,0.125,0.25,0.0,0.125,0.0625,0.3125,0.0625,0.875,0.25,0.25,0.1875,0.3125,0.0,0.0625,0.3125,0.0625,0.25,0.125
001030144,0.5263157894736842,0.2,0.55,0.3,0.0,0.0,0.0,0.1,0.21052631578947367,0.05,0.05,0.0,0.0,0.0,0.0,0.0,0.1,0.65,0.05,0.25,0.3,0.0,0.15,0.0,0.15,0.0,0.15,0.1
001030155,0.7,0.1,0.8,0.0,0.0,0.0,0.0,0.0,0.1,0.0,0.0,0.0,0.0,0.0,0.0,0.0,0.0,0.3,0.0,0.0,0.2,0.0,0.0,0.0,0.0,0.0,0.2,0.0
001040022,0.5714285714285714,0.4,0.4,0.26666666666666666,0.0,0.0,0.06666666666666667,0.13333333333333333,0.2857142857142857,0.2,0.4666666666666667,0.2,0.26666666666666666,0.3333333333333333,0.5333333333333333,0.7333333333333333,0.4,0.6,0.4666666666666667,0.6,0.6666666666666666,0.13333333333333333,0.13333333333333333,0.06666666666666667,0.4,0.26666666666666666,0.4666666666666667,0.2
001040026,0.7142857142857143,0.0,0.0,0.0,0.0,0.0,0.0,0.2857142857142857,0.0,0.0,0.0,0.0,0.0,0.0,0.0,0.0,0.0,0.9285714285714286,0.0,0.0,0.35714285714285715,0.0,0.0,0.0,0.14285714285714285,0.0,0.0,0.0
001040038,1.0,0.3333333333333333,0.25,0.0,0.0,0.0,0.0,0.0,0.3333333333333333,0.25,0.5,1.0,0.0,0.5833333333333334,0.0,0.0,0.0,0.75,0.3333333333333333,0.0,0.25,0.5833333333333334,0.5833333333333334,0.08333333333333333,0.5,0.5,0.3333333333333333,0.6666666666666666
001040050,0.8181818181818182,0.0,0.3076923076923077,0.0,0.0,0.0,0.0,0.0,0.2727272727272727,0.07692307692307693,0.15384615384615385,1.0,0.0,0.0,0.0,0.0,0.0,0.5384615384615384,0.0,0.0,0.38461538461538464,0.0,0.0,0.0,0.23076923076923078,0.0,0.3076923076923077,0.0
001040062,0.5833333333333334,0.6153846153846154,0.5384615384615384,0.5384615384615384,0.23076923076923078,0.38461538461538464,0.07692307692307693,0.5384615384615384,0.25,0.15384615384615385,0.23076923076923078,0.38461538461538464,0.23076923076923078,0.38461538461538464,0.15384615384615385,0.7692307692307693,0.5384615384615384,0.6153846153846154,0.3076923076923077,0.15384615384615385,0.3076923076923077,0.07692307692307693,0.5384615384615384,0.3076923076923077,0.15384615384615385,0.23076923076923078,0.23076923076923078,0.46153846153846156
001040067,0.625,0.125,0.375,0.0625,0.0625,0.0625,0.0625,0.0625,0.1875,0.5625,0.125,0.0,0.125,0.0625,0.0625,0.0625,0.0625,1.0,0.0625,0.0625,0.0,0.1875,0.25,0.125,0.0625,0.125,0.5625,0.125
001040069,0.6428571428571429,0.42857142857142855,0.5714285714285714,0.2857142857142857,0.21428571428571427,0.0,0.0,0.0,0.14285714285714285,0.14285714285714285,0.35714285714285715,0.07142857142857142,0.07142857142857142,0.2857142857142857,0.0,1.0,0.07142857142857142,0.8571428571428571,0.35714285714285715,0.07142857142857142,0.5,0.14285714285714285,0.2857142857142857,0.07142857142857142,0.5714285714285714,0.07142857142857142,0.5714285714285714,0.14285714285714285
001040071,0.5384615384615384,0.3076923076923077,0.7692307692307693,0.46153846153846156,0.46153846153846156,0.3076923076923077,0.3076923076923077,0.6923076923076923,0.15384615384615385,0.6923076923076923,0.8461538461538461,0.38461538461538464,0.23076923076923078,0.5384615384615384,0.0,0.46153846153846156,0.38461538461538464,0.8461538461538461,0.5384615384615384,0.38461538461538464,0.6153846153846154,0.5384615384615384,0.5384615384615384,0.46153846153846156,0.46153846153846156,0.38461538461538464,0.5384615384615384,0.3076923076923077
001040073,0.625,0.35294117647058826,0.47058823529411764,0.23529411764705882,0.0,0.0,0.17647058823529413,0.11764705882352941,0.1875,0.17647058823529413,0.17647058823529413,0.0,0.0,0.35294117647058826,0.058823529411764705,0.0,0.11764705882352941,0.7647058823529411,0.23529411764705882,0.23529411764705882,0.4117647058823529,0.0,0.47058823529411764,0.11764705882352941,0.23529411764705882,0.11764705882352941,0.5882352941176471,0.11764705882352941
001040100,0.7058823529411765,0.16666666666666666,0.5555555555555556,0.0,0.05555555555555555,0.0,0.0,0.05555555555555555,0.17647058823529413,0.2222222222222222,0.2777777777777778,0.3333333333333333,0.0,0.1111111111111111,0.0,0.0,0.0,0.8333333333333334,0.0,0.4444444444444444,0.16666666666666666,0.4444444444444444,0.1111111111111111,0.3888888888888889,0.4444444444444444,0.05555555555555555,0.2222222222222222,0.2777777777777778
001040104,0.8333333333333334,0.5833333333333334,0.5,0.5833333333333334,0.5,0.25,0.5833333333333334,0.5,0.5833333333333334,0.6666666666666666,0.6666666666666666,0.5833333333333334,0.75,0.3333333333333333,0.5,0.0,0.9166666666666666,1.0,0.5833333333333334,0.75,0.5833333333333334,0.6666666666666666,0.6666666666666666,0.4166666666666667,0.6666666666666666,0.3333333333333333,0.6666666666666666,0.6666666666666666
001040106,0.6428571428571429,0.35714285714285715,0.6428571428571429,0.42857142857142855,0.35714285714285715,0.42857142857142855,0.42857142857142855,0.42857142857142855,0.7142857142857143,0.42857142857142855,0.35714285714285715,0.42857142857142855,0.42857142857142855,0.42857142857142855,0.21428571428571427,0.21428571428571427,0.35714285714285715,0.6428571428571429,0.42857142857142855,0.42857142857142855,0.5,0.35714285714285715,0.5,0.35714285714285715,0.5,0.35714285714285715,0.7857142857142857,0.35714285714285715
001040108,0.9333333333333333,0.4,0.4666666666666667,0.4,0.4666666666666667,0.3333333333333333,0.4,0.4666666666666667,0.3333333333333333,0.4666666666666667,0.5333333333333333,0.6,0.5333333333333333,0.3333333333333333,0.2,0.3333333333333333,0.4666666666666667,1.0,0.6,0.4,0.6,0.3333333333333333,0.6,0.3333333333333333,0.4666666666666667,0.4,0.4,0.4
001040115,0.6666666666666666,0.3888888888888889,0.4444444444444444,0.1111111111111111,0.16666666666666666,0.1111111111111111,0.1111111111111111,0.2777777777777778,0.4444444444444444,0.2777777777777778,0.3333333333333333,0.6111111111111112,0.4444444444444444,0.4444444444444444,0.3333333333333333,0.2222222222222222,0.2777777777777778,0.8888888888888888,0.16666666666666666,0.7777777777777778,0.2222222222222222,0.3333333333333333,0.3888888888888889,0.3888888888888889,0.3333333333333333,0.3888888888888889,0.5,0.3888888888888889
001040120,0.35294117647058826,0.4444444444444444,0.5,0.1111111111111111,0.0,0.0,0.0,0.0,0.058823529411764705,0.05555555555555555,0.05555555555555555,0.0,0.0,0.05555555555555555,0.0,0.0,0.16666666666666666,0.4444444444444444,0.1111111111111111,0.1111111111111111,0.4444444444444444,0.0,0.1111111111111111,0.05555555555555555,0.2222222222222222,0.0,0.2222222222222222,0.2222222222222222
001040122,0.7647058823529411,0.17647058823529413,0.5294117647058824,0.17647058823529413,0.0,0.0,0.0,0.0,0.17647058823529413,0.0,0.11764705882352941,0.0,0.0,0.35294117647058826,0.0,0.0,0.0,0.5294117647058824,0.11764705882352941,0.17647058823529413,0.11764705882352941,0.0,0.11764705882352941,0.0,0.17647058823529413,0.0,0.11764705882352941,0.0
001040134,0.875,0.5625,0.5,0.25,0.25,0.125,0.0625,0.0,0.375,0.25,0.1875,0.1875,0.125,0.5,0.0625,1.0,0.25,0.75,0.8125,0.6875,0.5,0.25,0.3125,0.4375,0.6875,0.5625,0.375,0.5
001040136,0.8666666666666667,0.4666666666666667,0.4,0.06666666666666667,0.0,0.13333333333333333,0.06666666666666667,0.2,0.3333333333333333,0.13333333333333333,0.4,0.06666666666666667,0.06666666666666667,0.2,0.06666666666666667,0.06666666666666667,0.06666666666666667,1.0,0.26666666666666666,0.3333333333333333,0.3333333333333333,0.13333333333333333,0.3333333333333333,0.13333333333333333,0.13333333333333333,0.0,0.3333333333333333,0.0
001040149,0.7307692307692307,0.696969696969697,0.8181818181818182,0.5151515151515151,0.5454545454545454,0.45454545454545453,0.45454545454545453,0.48484848484848486,0.34615384615384615,0.48484848484848486,0.696969696969697,0.5757575757575758,0.48484848484848486,0.6060606060606061,0.3939393939393939,0.8484848484848485,0.5151515151515151,0.8181818181818182,0.5454545454545454,0.5151515151515151,0.8181818181818182,0.6060606060606061,0.5454545454545454,0.48484848484848486,0.6666666666666666,0.5454545454545454,0.6363636363636364,0.6363636363636364
001040173,0.625,0.0,0.625,0.0,0.0,0.0,0.0,0.0,0.25,0.0,0.0,0.0,0.0,0.0,0.125,0.125,0.0,0.375,0.0,0.0,0.0,0.0,0.0,0.0,0.0,0.0,0.0,0.0
001310020,0.75,0.6470588235294118,0.6470588235294118,0.0,0.29411764705882354,0.0,0.0,0.23529411764705882,0.625,0.17647058823529413,0.29411764705882354,0.0,0.4117647058823529,0.17647058823529413,0.0,0.4117647058823529,0.23529411764705882,0.7647058823529411,0.0,0.0,0.5882352941176471,0.35294117647058826,0.4117647058823529,0.29411764705882354,0.47058823529411764,0.35294117647058826,0.35294117647058826,0.4117647058823529
001310022,0.5714285714285714,0.5714285714285714,0.6428571428571429,0.14285714285714285,0.0,0.0,0.0,0.14285714285714285,0.21428571428571427,0.07142857142857142,0.07142857142857142,0.14285714285714285,0.0,0.07142857142857142,0.0,0.5,0.14285714285714285,1.0,0.14285714285714285,0.14285714285714285,0.21428571428571427,0.0,0.2857142857142857,0.0,0.42857142857142855,0.07142857142857142,0.07142857142857142,0.14285714285714285
001310023,0.7142857142857143,0.35714285714285715,0.5714285714285714,0.0,0.0,0.07142857142857142,0.14285714285714285,0.0,0.07142857142857142,0.14285714285714285,0.0,0.0,0.0,0.0,0.0,0.0,0.0,0.8571428571428571,0.0,0.0,0.21428571428571427,0.07142857142857142,0.0,0.07142857142857142,0.0,0.0,0.0,0.14285714285714285
001310061,1.0,0.21428571428571427,0.5714285714285714,0.0,0.0,0.0,0.0,0.0,0.07142857142857142,0.0,0.07142857142857142,0.0,0.0,0.0,0.0,0.5,0.0,0.7142857142857143,0.2857142857142857,0.0,0.35714285714285715,0.0,0.21428571428571427,0.0,0.14285714285714285,0.0,0.21428571428571427,0.0
001310062,0.7272727272727273,0.36363636363636365,0.5454545454545454,0.18181818181818182,0.0,0.0,0.0,0.0,0.0,0.0,0.0,0.36363636363636365,0.0,0.0,0.0,0.0,0.0,0.8181818181818182,0.36363636363636365,0.36363636363636365,0.18181818181818182,0.0,0.45454545454545453,0.0,0.18181818181818182,0.09090909090909091,0.09090909090909091,0.18181818181818182
001310076,0.7647058823529411,0.1111111111111111,0.5555555555555556,0.0,0.0,0.0,0.0,0.0,0.29411764705882354,0.05555555555555555,0.1111111111111111,0.0,0.0,0.05555555555555555,0.0,0.0,0.0,0.6666666666666666,0.0,0.0,0.2222222222222222,0.05555555555555555,0.2222222222222222,0.0,0.2777777777777778,0.1111111111111111,0.16666666666666666,0.2222222222222222
001310078,0.75,0.4117647058823529,0.29411764705882354,0.17647058823529413,0.0,0.0,0.0,0.0,0.4375,0.17647058823529413,0.11764705882352941,0.0,0.0,0.058823529411764705,0.0,0.0,0.11764705882352941,1.0,0.17647058823529413,0.11764705882352941,0.11764705882352941,0.17647058823529413,0.11764705882352941,0.11764705882352941,0.23529411764705882,0.17647058823529413,0.17647058823529413,0.058823529411764705
001310081,0.6153846153846154,0.38461538461538464,0.38461538461538464,0.38461538461538464,0.3076923076923077,0.0,0.0,0.3076923076923077,0.07692307692307693,0.3076923076923077,0.15384615384615385,0.15384615384615385,0.0,0.38461538461538464,0.23076923076923078,0.0,0.3076923076923077,1.0,0.46153846153846156,0.5384615384615384,0.3076923076923077,0.23076923076923078,0.07692307692307693,0.15384615384615385,0.46153846153846156,0.0,0.15384615384615385,0.15384615384615385
001310096,0.7058823529411765,0.5882352941176471,0.5882352941176471,0.35294117647058826,0.058823529411764705,0.11764705882352941,0.11764705882352941,0.11764705882352941,0.5882352941176471,0.29411764705882354,0.23529411764705882,1.0,0.0,0.23529411764705882,0.23529411764705882,0.0,0.058823529411764705,0.9411764705882353,0.23529411764705882,0.5294117647058824,0.7058823529411765,0.47058823529411764,0.35294117647058826,0.23529411764705882,0.47058823529411764,0.29411764705882354,0.23529411764705882,0.35294117647058826
001310122,0.631578947368421,0.3684210526315789,0.5789473684210527,0.42105263157894735,0.05263157894736842,0.10526315789473684,0.10526315789473684,0.5789473684210527,0.2631578947368421,0.10526315789473684,0.42105263157894735,0.3157894736842105,0.0,0.3684210526315789,0.05263157894736842,0.10526315789473684,0.5263157894736842,1.0,0.2631578947368421,0.3157894736842105,0.5263157894736842,0.2631578947368421,0.42105263157894735,0.0,0.2631578947368421,0.2631578947368421,0.3157894736842105,0.3157894736842105
001310123,0.625,0.48,0.64,0.44,0.16,0.08,0.0,0.2,0.20833333333333334,0.24,0.24,0.44,0.16,0.24,0.0,0.0,0.16,0.72,0.32,0.44,0.28,0.32,0.4,0.28,0.28,0.28,0.44,0.24
001310129,0.9166666666666666,0.0,0.5384615384615384,0.0,0.0,0.0,0.0,0.0,0.08333333333333333,0.0,0.0,0.0,0.0,0.0,0.0,0.0,0.0,0.0,0.0,0.0,0.0,0.0,0.0,0.0,0.23076923076923078,0.0,0.0,0.0
001310144,0.5555555555555556,0.6666666666666666,0.6666666666666666,0.4444444444444444,0.1111111111111111,0.2222222222222222,0.3333333333333333,0.4444444444444444,0.4444444444444444,0.2222222222222222,0.7777777777777778,0.3333333333333333,0.1111111111111111,0.4444444444444444,0.5555555555555556,0.6666666666666666,0.4444444444444444,0.8888888888888888,0.3333333333333333,0.3333333333333333,0.5555555555555556,0.3333333333333333,0.5555555555555556,0.3333333333333333,0.3333333333333333,0.5555555555555556,0.4444444444444444,0.3333333333333333
001310148,1.0,1.0,1.0,1.0,0.3333333333333333,0.6666666666666666,0.6666666666666666,1.0,1.0,0.6666666666666666,1.0,1.0,1.0,1.0,0.0,1.0,1.0,1.0,1.0,1.0,0.6666666666666666,0.6666666666666666,1.0,0.6666666666666666,0.6666666666666666,0.6666666666666666,0.6666666666666666,0.6666666666666666
001310152,0.6666666666666666,0.3333333333333333,0.75,0.0,0.0,0.0,0.0,0.0,0.08333333333333333,0.16666666666666666,0.25,0.0,0.0,0.3333333333333333,0.0,0.16666666666666666,0.0,1.0,0.0,0.0,0.0,0.0,0.3333333333333333,0.0,0.25,0.0,0.5,0.5833333333333334
001310154,0.9,0.0,0.75,0.0,0.0,0.0,0.0,0.0,0.2,0.0,0.0,0.0,0.0,0.0,0.0,0.0,0.0,0.6666666666666666,0.0,0.0,0.4166666666666667,0.25,0.0,0.0,0.0,0.0,0.16666666666666666,0.0
001310155,0.6666666666666666,0.0,0.6666666666666666,0.0,0.0,0.0,0.0,0.0,0.0,0.0,0.0,0.0,0.0,0.0,0.0,0.0,0.0,0.0,0.0,0.0,0.0,0.0,0.0,0.0,0.0,0.0,0.0,0.0
001310162,0.6666666666666666,0.5,0.5,0.0,0.0,0.16666666666666666,0.0,0.16666666666666666,0.3333333333333333,0.16666666666666666,0.0,0.3333333333333333,0.0,0.16666666666666666,0.0,0.0,0.16666666666666666,1.0,0.0,0.0,0.3333333333333333,0.0,0.3333333333333333,0.0,0.16666666666666666,0.16666666666666666,0.16666666666666666,0.16666666666666666
001310165,0.8571428571428571,0.5333333333333333,0.8666666666666667,0.7333333333333333,0.06666666666666667,0.06666666666666667,0.13333333333333333,0.2,0.42857142857142855,0.06666666666666667,0.06666666666666667,0.4,0.06666666666666667,0.26666666666666666,0.06666666666666667,0.06666666666666667,0.06666666666666667,0.8,0.4,0.4,0.5333333333333333,0.26666666666666666,0.13333333333333333,0.06666666666666667,0.26666666666666666,0.06666666666666667,0.4,0.06666666666666667
001310168,0.75,0.1111111111111111,0.5555555555555556,0.0,0.0,0.0,0.0,0.0,0.5,0.0,0.0,0.0,0.0,0.0,0.0,0.0,0.0,0.0,0.2222222222222222,0.0,0.0,0.0,0.0,0.0,0.0,0.0,0.1111111111111111,0.0
001350002,0.4375,0.11764705882352941,0.29411764705882354,0.0,0.0,0.0,0.0,0.0,0.0,0.0,0.0,0.0,0.0,0.058823529411764705,0.0,0.0,0.0,0.23529411764705882,0.0,0.0,0.058823529411764705,0.0,0.058823529411764705,0.17647058823529413,0.11764705882352941,0.0,0.0,0.0
001350091,0.7,0.22580645161290322,0.45161290322580644,0.0,0.12903225806451613,0.06451612903225806,0.22580645161290322,0.0967741935483871,0.13333333333333333,0.16129032258064516,0.12903225806451613,0.0967741935483871,0.0,0.1935483870967742,0.0967741935483871,0.0,0.1935483870967742,0.41935483870967744,0.06451612903225806,0.25806451612903225,0.2903225806451613,0.03225806451612903,0.22580645161290322,0.06451612903225806,0.22580645161290322,0.0,0.03225806451612903,0.06451612903225806
001350119,0.5714285714285714,0.2727272727272727,0.5,0.0,0.0,0.0,0.0,0.09090909090909091,0.09523809523809523,0.0,0.0,0.0,0.0,0.0,0.0,0.0,0.0,0.09090909090909091,0.09090909090909091,0.09090909090909091,0.09090909090909091,0.0,0.13636363636363635,0.0,0.22727272727272727,0.0,0.09090909090909091,0.0
001350124,0.37037037037037035,0.0,0.2857142857142857,0.07142857142857142,0.03571428571428571,0.03571428571428571,0.0,0.03571428571428571,0.07407407407407407,0.07142857142857142,0.0,0.07142857142857142,0.0,0.0,0.0,0.03571428571428571,0.03571428571428571,0.5,0.03571428571428571,0.07142857142857142,0.17857142857142858,0.0,0.10714285714285714,0.0,0.03571428571428571,0.17857142857142858,0.03571428571428571,0.07142857142857142
001350134,0.5,0.3,0.7,0.2,0.0,0.0,0.1,0.0,0.1,0.1,0.1,0.0,0.1,0.0,0.1,0.0,0.1,0.0,0.2,0.2,0.1,0.2,0.2,0.1,0.1,0.0,0.1,0.3
001350163,0.3888888888888889,0.2777777777777778,0.7222222222222222,0.1111111111111111,0.0,0.0,0.0,0.1111111111111111,0.1111111111111111,0.16666666666666666,0.1111111111111111,0.0,0.0,0.05555555555555555,0.1111111111111111,0.1111111111111111,0.1111111111111111,0.0,0.4444444444444444,0.0,0.16666666666666666,0.16666666666666666,0.16666666666666666,0.0,0.1111111111111111,0.16666666666666666,0.16666666666666666,0.16666666666666666
001350174,0.5238095238095238,0.42857142857142855,0.38095238095238093,0.047619047619047616,0.047619047619047616,0.0,0.047619047619047616,0.047619047619047616,0.19047619047619047,0.0,0.0,0.2857142857142857,0.047619047619047616,0.09523809523809523,0.047619047619047616,0.047619047619047616,0.14285714285714285,0.47619047619047616,0.0,0.19047619047619047,0.23809523809523808,0.0,0.14285714285714285,0.0,0.047619047619047616,0.09523809523809523,0.14285714285714285,0.09523809523809523
001350180,0.48148148148148145,0.14814814814814814,0.48148148148148145,0.1111111111111111,0.14814814814814814,0.0,0.1111111111111111,0.1111111111111111,0.18518518518518517,0.2222222222222222,0.14814814814814814,0.1111111111111111,0.14814814814814814,0.1111111111111111,0.14814814814814814,0.14814814814814814,0.1111111111111111,0.1111111111111111,0.18518518518518517,0.1111111111111111,0.1111111111111111,0.1111111111111111,0.1111111111111111,0.25925925925925924,0.2222222222222222,0.1111111111111111,0.14814814814814814,0.2222222222222222
001350194,0.44,0.08,0.6,0.0,0.08,0.0,0.0,0.0,0.24,0.0,0.0,0.0,0.0,0.0,0.0,0.0,0.0,0.12,0.0,0.0,0.0,0.0,0.04,0.0,0.0,0.0,0.0,0.0
001350216,0.5333333333333333,0.0625,0.375,0.1875,0.0,0.0,0.0,0.0,0.0,0.0,0.0,0.0,0.0625,0.0,0.0,0.0,0.0625,0.0,0.0,0.1875,0.1875,0.0,0.0,0.0,0.0,0.0,0.0,0.0
001350219,0.4583333333333333,0.041666666666666664,0.4166666666666667,0.0,0.0,0.0,0.0,0.0,0.125,0.041666666666666664,0.0,0.0,0.0,0.0,0.0,0.0,0.0,0.0,0.125,0.0,0.125,0.041666666666666664,0.0,0.0,0.041666666666666664,0.041666666666666664,0.041666666666666664,0.0
001350243,0.26666666666666666,0.0,0.4,0.0,0.0,0.0,0.0,0.0,0.06666666666666667,0.0,0.0,0.0,0.0,0.13333333333333333,0.0,0.0,0.0,0.0,0.0,0.0,0.0,0.0,0.06666666666666667,0.06666666666666667,0.4666666666666667,0.0,0.0,0.13333333333333333
001350285,0.625,0.16,0.48,0.08,0.0,0.0,0.0,0.0,0.2916666666666667,0.08,0.12,0.0,0.0,0.12,0.0,0.0,0.0,0.12,0.12,0.16,0.16,0.12,0.08,0.12,0.28,0.04,0.24,0.12
001350312,0.45,0.1,0.65,0.0,0.0,0.0,0.0,0.0,0.1,0.0,0.0,0.0,0.0,0.0,0.0,0.0,0.0,0.15,0.0,0.0,0.1,0.0,0.1,0.0,0.0,0.0,0.0,0.0
001350317,0.5,0.4230769230769231,0.6538461538461539,0.2692307692307692,0.11538461538461539,0.19230769230769232,0.07692307692307693,0.23076923076923078,0.19230769230769232,0.2692307692307692,0.23076923076923078,0.38461538461538464,0.34615384615384615,0.38461538461538464,0.2692307692307692,0.19230769230769232,0.2692307692307692,0.6153846153846154,0.23076923076923078,0.2692307692307692,0.38461538461538464,0.15384615384615385,0.34615384615384615,0.2692307692307692,0.34615384615384615,0.11538461538461539,0.23076923076923078,0.15384615384615385
001350318,0.38095238095238093,0.2857142857142857,0.5714285714285714,0.09523809523809523,0.09523809523809523,0.09523809523809523,0.09523809523809523,0.09523809523809523,0.14285714285714285,0.09523809523809523,0.09523809523809523,0.09523809523809523,0.09523809523809523,0.09523809523809523,0.09523809523809523,0.09523809523809523,0.09523809523809523,0.14285714285714285,0.09523809523809523,0.09523809523809523,0.14285714285714285,0.09523809523809523,0.09523809523809523,0.09523809523809523,0.09523809523809523,0.09523809523809523,0.09523809523809523,0.19047619047619047
001350343,0.7368421052631579,0.2,0.5,0.0,0.0,0.0,0.0,0.0,0.0,0.0,0.0,0.0,0.0,0.0,0.0,0.0,0.0,0.1,0.0,0.0,0.0,0.0,0.0,0.0,0.0,0.0,0.0,0.0
001350350,0.2727272727272727,0.0,0.25,0.0,0.0,0.0,0.0,0.0,0.09090909090909091,0.0,0.0,0.0,0.0,0.0,0.0,0.0,0.0,0.0,0.0,0.0,0.0,0.0,0.0,0.0,0.0,0.0,0.0,0.0
001350356,0.5,0.5,0.625,0.0,0.0,0.0625,0.0625,0.0625,0.3125,0.0,0.0,0.25,0.0,0.0625,0.0,0.0,0.0,0.5,0.4375,0.125,0.5,0.0625,0.5625,0.0,0.1875,0.0625,0.25,0.0625
001350375,0.5263157894736842,0.1,0.8,0.0,0.0,0.0,0.0,0.0,0.21052631578947367,0.0,0.0,0.1,0.0,0.0,0.0,0.1,0.0,0.6,0.15,0.1,0.0,0.0,0.1,0.0,0.25,0.0,0.2,0.1
001450037,0.8,0.0,0.2727272727272727,0.0,0.0,0.0,0.2727272727272727,0.2727272727272727,0.5,0.2727272727272727,0.45454545454545453,1.0,0.0,0.6363636363636364,0.0,0.0,0.0,0.8181818181818182,0.0,0.0,0.2727272727272727,0.18181818181818182,0.18181818181818182,0.18181818181818182,0.0,0.09090909090909091,0.36363636363636365,0.18181818181818182
001450043,0.5454545454545454,0.3333333333333333,0.0,0.0,0.0,0.0,0.0,0.25,0.09090909090909091,0.25,0.0,1.0,0.0,0.0,0.0,0.0,0.0,0.3333333333333333,0.0,0.0,0.08333333333333333,0.3333333333333333,0.0,0.0,0.25,0.08333333333333333,0.08333333333333333,0.0
001450049,0.7142857142857143,0.6,0.5,0.2,0.05,0.2,0.25,0.3,0.38095238095238093,0.4,0.4,0.2,0.4,0.3,0.15,0.2,0.25,0.8,0.4,0.4,0.45,0.45,0.4,0.4,0.7,0.4,0.4,0.65
001450051,0.7777777777777778,0.631578947368421,0.6842105263157895,0.42105263157894735,0.5789473684210527,0.5263157894736842,0.6842105263157895,0.5263157894736842,0.5555555555555556,0.631578947368421,0.3157894736842105,0.5263157894736842,0.631578947368421,0.42105263157894735,0.5263157894736842,0.3684210526315789,0.3157894736842105,0.8947368421052632,0.7368421052631579,0.42105263157894735,0.8421052631578947,0.5789473684210527,0.5263157894736842,0.3684210526315789,0.42105263157894735,0.47368421052631576,0.5789473684210527,0.47368421052631576
001450063,0.6363636363636364,0.25,0.6666666666666666,0.4166666666666667,0.25,0.3333333333333333,0.16666666666666666,0.5,0.18181818181818182,0.4166666666666667,0.4166666666666667,0.3333333333333333,0.5,0.3333333333333333,0.5,0.3333333333333333,0.08333333333333333,0.6666666666666666,0.4166666666666667,0.3333333333333333,0.3333333333333333,0.25,0.25,0.3333333333333333,0.3333333333333333,0.3333333333333333,0.3333333333333333,0.3333333333333333
001450070,0.7142857142857143,0.2857142857142857,0.5,0.35714285714285715,0.14285714285714285,0.21428571428571427,0.21428571428571427,0.14285714285714285,0.5,0.5,0.2857142857142857,1.0,0.42857142857142855,0.6428571428571429,0.21428571428571427,0.6428571428571429,0.07142857142857142,0.7142857142857143,0.21428571428571427,0.35714285714285715,0.21428571428571427,0.42857142857142855,0.21428571428571427,0.21428571428571427,0.5,0.21428571428571427,0.42857142857142855,0.2857142857142857
001450083,0.8333333333333334,0.6842105263157895,0.3684210526315789,0.3157894736842105,0.42105263157894735,0.05263157894736842,0.05263157894736842,0.2631578947368421,0.4444444444444444,0.47368421052631576,0.2631578947368421,0.47368421052631576,0.3684210526315789,0.3684210526315789,0.05263157894736842,0.05263157894736842,0.3157894736842105,1.0,0.3157894736842105,0.42105263157894735,0.8421052631578947,0.3684210526315789,0.42105263157894735,0.5263157894736842,0.3684210526315789,0.631578947368421,0.3684210526315789,0.3157894736842105
001450090,0.5263157894736842,0.15789473684210525,0.42105263157894735,0.15789473684210525,0.0,0.05263157894736842,0.05263157894736842,0.05263157894736842,0.21052631578947367,0.15789473684210525,0.3157894736842105,0.15789473684210525,0.15789473684210525,0.21052631578947367,0.05263157894736842,0.0,0.21052631578947367,0.10526315789473684,0.05263157894736842,0.15789473684210525,0.10526315789473684,0.21052631578947367,0.10526315789473684,0.10526315789473684,0.10526315789473684,0.15789473684210525,0.3684210526315789,0.10526315789473684
001450094,0.47058823529411764,0.3888888888888889,0.6111111111111112,0.2777777777777778,0.2777777777777778,0.2777777777777778,0.2777777777777778,0.2777777777777778,0.29411764705882354,0.3888888888888889,0.3333333333333333,0.3888888888888889,0.2777777777777778,0.2222222222222222,0.2777777777777778,0.4444444444444444,0.2777777777777778,0.7222222222222222,0.1111111111111111,0.3333333333333333,0.2777777777777778,0.3888888888888889,0.2222222222222222,0.1111111111111111,0.16666666666666666,0.2777777777777778,0.3333333333333333,0.1111111111111111
001450098,0.631578947368421,0.35,0.65,0.45,0.3,0.35,0.3,0.2,0.15789473684210525,0.35,0.25,0.3,0.3,0.15,0.2,0.6,0.25,0.6,0.45,0.45,0.2,0.3,0.45,0.25,0.25,0.3,0.5,0.25
001450109,1.0,0.5,0.6666666666666666,0.4166666666666667,0.6666666666666666,0.5833333333333334,0.5,0.4166666666666667,0.75,0.5,0.8333333333333334,0.5833333333333334,0.5,0.5833333333333334,0.75,0.6666666666666666,0.3333333333333333,1.0,0.5833333333333334,0.4166666666666667,0.6666666666666666,0.5833333333333334,0.5833333333333334,0.5833333333333334,0.5833333333333334,0.5,0.5,0.5
001450116,0.8421052631578947,0.65,0.75,0.1,0.05,0.1,0.1,0.05,0.5263157894736842,0.4,0.4,0.15,0.05,0.6,0.0,0.25,0.15,0.95,0.05,0.05,0.4,0.35,0.4,0.15,0.4,0.2,0.5,0.2
001450140,0.6,0.6666666666666666,0.7777777777777778,0.3333333333333333,0.6666666666666666,0.5555555555555556,0.3333333333333333,0.3333333333333333,0.6,0.4444444444444444,0.4444444444444444,0.2222222222222222,0.5555555555555556,0.5555555555555556,0.6666666666666666,0.3333333333333333,0.3333333333333333,0.6666666666666666,0.6666666666666666,0.2222222222222222,0.3333333333333333,0.6666666666666666,0.2222222222222222,0.3333333333333333,0.4444444444444444,0.1111111111111111,0.2222222222222222,0.6666666666666666
001450142,0.75,0.75,0.75,0.5,0.25,0.25,0.25,0.75,0.75,0.25,0.5,0.5,0.75,0.75,1.0,1.0,0.5,1.0,0.5,0.5,0.25,0.25,0.25,0.5,0.75,0.75,0.75,0.5
001450146,0.5555555555555556,0.3333333333333333,0.5555555555555556,0.0,0.0,0.0,0.0,0.2222222222222222,0.3333333333333333,0.1111111111111111,0.0,0.0,0.0,0.1111111111111111,0.0,0.1111111111111111,0.2222222222222222,0.5555555555555556,0.0,0.2222222222222222,0.6666666666666666,0.1111111111111111,0.0,0.0,0.1111111111111111,0.0,0.1111111111111111,0.0
001450159,0.7692307692307693,0.23076923076923078,0.5384615384615384,0.23076923076923078,0.38461538461538464,0.23076923076923078,0.23076923076923078,0.3076923076923077,0.46153846153846156,0.15384615384615385,0.38461538461538464,0.46153846153846156,0.38461538461538464,0.3076923076923077,0.23076923076923078,0.23076923076923078,0.23076923076923078,0.7692307692307693,0.5384615384615384,0.23076923076923078,0.38461538461538464,0.23076923076923078,0.46153846153846156,0.46153846153846156,0.38461538461538464,0.38461538461538464,0.38461538461538464,0.3076923076923077
001450170,0.7142857142857143,0.5333333333333333,0.8,0.0,0.13333333333333333,0.0,0.13333333333333333,0.0,0.21428571428571427,0.13333333333333333,0.4666666666666667,1.0,0.13333333333333333,0.5333333333333333,0.06666666666666667,0.4666666666666667,0.13333333333333333,0.7333333333333333,0.06666666666666667,0.0,0.5333333333333333,0.0,0.4666666666666667,0.4666666666666667,0.4,0.13333333333333333,0.4666666666666667,0.6666666666666666
001450171,0.8888888888888888,0.3888888888888889,0.8888888888888888,0.3888888888888889,0.16666666666666666,0.16666666666666666,0.16666666666666666,0.16666666666666666,0.1111111111111111,0.2222222222222222,0.3888888888888889,0.3888888888888889,0.2222222222222222,0.3888888888888889,0.2222222222222222,0.2222222222222222,0.16666666666666666,0.5555555555555556,0.05555555555555555,0.16666666666666666,0.0,0.1111111111111111,0.2777777777777778,0.0,0.2777777777777778,0.05555555555555555,0.2222222222222222,0.16666666666666666
001450172,0.4,0.06666666666666667,0.4666666666666667,0.0,0.0,0.0,0.0,0.13333333333333333,0.2,0.0,0.0,0.0,0.0,0.06666666666666667,0.0,0.0,0.0,0.6,0.0,0.0,0.26666666666666666,0.0,0.06666666666666667,0.0,0.06666666666666667,0.0,0.26666666666666666,0.0
001450173,0.0,0.0,0.25,0.0,0.0,0.0,0.0,0.0,0.0,0.0,0.0,1.0,0.0,0.0,0.0,1.0,0.0,1.0,0.0,0.0,0.0,0.0,0.0,0.0,0.0,0.0,0.0,0.0
004820005,0.6086956521739131,0.08695652173913043,0.6956521739130435,0.13043478260869565,0.0,0.0,0.0,0.13043478260869565,0.043478260869565216,0.0,0.0,0.2608695652173913,0.0,0.043478260869565216,0.0,0.0,0.17391304347826086,0.17391304347826086,0.13043478260869565,0.30434782608695654,0.043478260869565216,0.0,0.08695652173913043,0.043478260869565216,0.0,0.0,0.0,0.0
004820015,0.25,0.0,0.2916666666666667,0.0,0.0,0.0,0.0,0.0,0.0,0.0,0.0,0.0,0.0,0.0,0.0,0.0,0.0,0.5416666666666666,0.0,0.0,0.0,0.0,0.0,0.0,0.0,0.0,0.0,0.0
004820041,0.45161290322580644,0.0,0.46875,0.0,0.0,0.03125,0.0,0.0,0.06451612903225806,0.03125,0.0,0.0,0.0,0.03125,0.0,0.03125,0.0,0.0,0.0,0.0,0.0,0.03125,0.0,0.03125,0.03125,0.03125,0.0,0.0
004820045,0.23076923076923078,0.0,0.23076923076923078,0.0,0.0,0.0,0.0,0.0,0.0,0.0,0.0,0.0,0.0,0.0,0.0,0.0,0.0,0.0,0.23076923076923078,0.15384615384615385,0.0,0.0,0.0,0.0,0.0,0.0,0.0,0.07692307692307693
004820055,0.42105263157894735,0.15789473684210525,0.47368421052631576,0.0,0.0,0.10526315789473684,0.15789473684210525,0.47368421052631576,0.21052631578947367,0.21052631578947367,0.15789473684210525,0.3684210526315789,0.21052631578947367,0.2631578947368421,0.0,0.631578947368421,0.42105263157894735,0.15789473684210525,0.3684210526315789,0.2631578947368421,0.3157894736842105,0.10526315789473684,0.2631578947368421,0.3157894736842105,0.47368421052631576,0.10526315789473684,0.15789473684210525,0.10526315789473684
004820114,0.6333333333333333,0.2903225806451613,0.6451612903225806,0.22580645161290322,0.06451612903225806,0.12903225806451613,0.0967741935483871,0.25806451612903225,0.1,0.03225806451612903,0.2903225806451613,0.25806451612903225,0.06451612903225806,0.3870967741935484,0.3225806451612903,0.0,0.25806451612903225,0.22580645161290322,0.16129032258064516,0.22580645161290322,0.0967741935483871,0.06451612903225806,0.2903225806451613,0.3225806451612903,0.25806451612903225,0.06451612903225806,0.25806451612903225,0.2903225806451613
004820119,0.4583333333333333,0.041666666666666664,0.2916666666666667,0.0,0.0,0.0,0.0,0.041666666666666664,0.0,0.041666666666666664,0.0,0.0,0.08333333333333333,0.041666666666666664,0.041666666666666664,0.0,0.0,0.0,0.125,0.08333333333333333,0.0,0.0,0.125,0.0,0.0,0.041666666666666664,0.041666666666666664,0.08333333333333333
004820144,0.5,0.045454545454545456,0.5454545454545454,0.0,0.0,0.0,0.0,0.0,0.13636363636363635,0.045454545454545456,0.045454545454545456,0.0,0.0,0.0,0.0,0.0,0.0,0.3181818181818182,0.0,0.045454545454545456,0.045454545454545456,0.045454545454545456,0.0,0.0,0.09090909090909091,0.045454545454545456,0.18181818181818182,0.09090909090909091
004820201,0.5384615384615384,0.037037037037037035,0.2962962962962963,0.07407407407407407,0.07407407407407407,0.07407407407407407,0.07407407407407407,0.07407407407407407,0.2692307692307692,0.2222222222222222,0.07407407407407407,0.07407407407407407,0.07407407407407407,0.07407407407407407,0.07407407407407407,0.07407407407407407,0.07407407407407407,0.4074074074074074,0.037037037037037035,0.07407407407407407,0.07407407407407407,0.07407407407407407,0.07407407407407407,0.07407407407407407,0.1111111111111111,0.1111111111111111,0.2222222222222222,0.1111111111111111
004820214,0.3684210526315789,0.0,0.5789473684210527,0.0,0.0,0.0,0.0,0.0,0.15789473684210525,0.10526315789473684,0.0,0.0,0.0,0.0,0.0,0.0,0.0,0.3684210526315789,0.0,0.0,0.0,0.0,0.0,0.0,0.0,0.10526315789473684,0.10526315789473684,0.0
004820220,0.5,0.5714285714285714,0.5714285714285714,0.0,0.0,0.0,0.0,0.0,0.5714285714285714,0.42857142857142855,0.0,0.0,0.0,0.0,0.0,0.0,0.0,0.21428571428571427,0.0,0.0,0.14285714285714285,0.14285714285714285,0.0,0.2857142857142857,0.21428571428571427,0.0,0.42857142857142855,0.2857142857142857
004820239,0.7058823529411765,0.3333333333333333,0.7222222222222222,0.3888888888888889,0.2222222222222222,0.5,0.1111111111111111,0.3333333333333333,0.35294117647058826,0.4444444444444444,0.16666666666666666,0.2777777777777778,0.16666666666666666,0.1111111111111111,0.5555555555555556,0.3333333333333333,0.1111111111111111,0.4444444444444444,0.16666666666666666,0.3333333333333333,0.16666666666666666,0.4444444444444444,0.1111111111111111,0.05555555555555555,0.2777777777777778,0.16666666666666666,0.3888888888888889,0.5
004820258,0.4,0.047619047619047616,0.6190476190476191,0.0,0.0,0.0,0.0,0.0,0.25,0.09523809523809523,0.0,0.0,0.0,0.23809523809523808,0.0,0.09523809523809523,0.0,0.0,0.0,0.0,0.0,0.0,0.09523809523809523,0.0,0.19047619047619047,0.19047619047619047,0.19047619047619047,0.0
004820265,0.64,0.04,0.36,0.0,0.0,0.0,0.0,0.0,0.12,0.04,0.0,0.0,0.0,0.0,0.0,0.0,0.0,0.36,0.0,0.0,0.0,0.0,0.08,0.0,0.08,0.08,0.12,0.08
004820268,0.6666666666666666,0.17647058823529413,0.29411764705882354,0.0,0.0,0.0,0.0,0.17647058823529413,0.5333333333333333,0.0,0.23529411764705882,0.0,0.0,0.0,0.17647058823529413,0.0,0.0,0.8235294117647058,0.23529411764705882,0.0,0.35294117647058826,0.17647058823529413,0.11764705882352941,0.0,0.17647058823529413,0.17647058823529413,0.17647058823529413,0.11764705882352941
004820329,0.45454545454545453,0.0,0.5454545454545454,0.0,0.0,0.0,0.0,0.0,0.045454545454545456,0.0,0.045454545454545456,0.0,0.0,0.22727272727272727,0.0,0.0,0.0,0.4090909090909091,0.0,0.0,0.18181818181818182,0.0,0.0,0.18181818181818182,0.0,0.0,0.09090909090909091,0.0
004820353,0.5652173913043478,0.21739130434782608,0.6521739130434783,0.043478260869565216,0.0,0.0,0.0,0.043478260869565216,0.08695652173913043,0.13043478260869565,0.08695652173913043,0.043478260869565216,0.0,0.043478260869565216,0.0,0.08695652173913043,0.043478260869565216,0.4782608695652174,0.21739130434782608,0.21739130434782608,0.0,0.0,0.0,0.0,0.043478260869565216,0.0,0.13043478260869565,0.0
004820370,0.6470588235294118,0.2222222222222222,0.4444444444444444,0.16666666666666666,0.16666666666666666,0.1111111111111111,0.16666666666666666,0.16666666666666666,0.17647058823529413,0.1111111111111111,0.16666666666666666,0.16666666666666666,0.16666666666666666,0.16666666666666666,0.16666666666666666,0.16666666666666666,0.16666666666666666,0.3888888888888889,0.16666666666666666,0.16666666666666666,0.16666666666666666,0.16666666666666666,0.16666666666666666,0.16666666666666666,0.16666666666666666,0.2222222222222222,0.2222222222222222,0.16666666666666666
004820371,0.5714285714285714,0.09090909090909091,0.5454545454545454,0.13636363636363635,0.045454545454545456,0.0,0.09090909090909091,0.09090909090909091,0.09523809523809523,0.0,0.09090909090909091,0.13636363636363635,0.0,0.09090909090909091,0.045454545454545456,0.09090909090909091,0.09090909090909091,0.8181818181818182,0.18181818181818182,0.22727272727272727,0.045454545454545456,0.13636363636363635,0.045454545454545456,0.09090909090909091,0.045454545454545456,0.045454545454545456,0.045454545454545456,0.13636363636363635
004820378,0.5483870967741935,0.25,0.53125,0.0625,0.0625,0.0,0.09375,0.09375,0.22580645161290322,0.0,0.0,0.0,0.0,0.09375,0.0625,0.0,0.15625,0.15625,0.0625,0.21875,0.0625,0.0,0.125,0.125,0.09375,0.0,0.09375,0.1875
005600015,1.0,0.5,0.6818181818181818,0.18181818181818182,0.22727272727272727,0.0,0.09090909090909091,0.13636363636363635,0.5454545454545454,0.45454545454545453,0.5454545454545454,0.18181818181818182,0.045454545454545456,0.4090909090909091,0.0,0.0,0.22727272727272727,0.8181818181818182,0.5454545454545454,0.3181818181818182,0.18181818181818182,0.2727272727272727,0.6818181818181818,0.45454545454545453,0.4090909090909091,0.3181818181818182,0.5,0.45454545454545453
005600060,0.8235294117647058,0.4375,0.75,0.3125,0.0,0.0,0.0,0.0,0.23529411764705882,0.0,0.0,0.0,0.0,0.5,0.0,0.0,0.0,1.0,0.0,0.0,0.25,0.125,0.125,0.1875,0.1875,0.125,0.0625,0.0
005600065,1.0,0.05555555555555555,0.8888888888888888,0.05555555555555555,0.16666666666666666,0.0,0.0,0.05555555555555555,0.3888888888888889,0.3333333333333333,0.4444444444444444,0.2222222222222222,0.0,0.16666666666666666,0.0,0.0,0.05555555555555555,0.6111111111111112,0.05555555555555555,0.05555555555555555,0.16666666666666666,0.3888888888888889,0.3333333333333333,0.3888888888888889,0.4444444444444444,0.4444444444444444,0.3888888888888889,0.3333333333333333
005600129,0.8333333333333334,0.5833333333333334,0.625,0.125,0.5,0.3333333333333333,0.125,0.5833333333333334,0.875,0.6666666666666666,0.5833333333333334,0.125,0.3333333333333333,0.5416666666666666,0.0,1.0,0.125,0.6666666666666666,0.625,0.3333333333333333,0.5833333333333334,0.7916666666666666,0.4166666666666667,0.4583333333333333,0.8333333333333334,0.7083333333333334,0.7083333333333334,0.5
005600145,0.6666666666666666,0.06666666666666667,0.4,0.0,0.0,0.0,0.0,0.2,0.2,0.0,0.0,0.0,0.0,0.0,0.0,0.0,0.0,0.06666666666666667,0.5333333333333333,0.0,0.06666666666666667,0.06666666666666667,0.0,0.0,0.4,0.0,0.13333333333333333,0.0
005600146,0.5714285714285714,0.25,0.8333333333333334,0.25,0.25,0.25,0.16666666666666666,0.3333333333333333,0.35714285714285715,0.4166666666666667,0.3333333333333333,0.3333333333333333,0.25,0.25,0.25,0.16666666666666666,0.25,0.8333333333333334,0.25,0.25,0.25,0.5,0.3333333333333333,0.25,0.5,0.3333333333333333,0.08333333333333333,0.25
005600153,0.75,0.6666666666666666,0.5833333333333334,0.25,0.16666666666666666,0.16666666666666666,0.16666666666666666,0.75,0.6666666666666666,0.5,0.16666666666666666,0.25,0.25,0.16666666666666666,0.08333333333333333,0.9166666666666666,0.25,1.0,0.25,0.6666666666666666,0.3333333333333333,0.75,0.6666666666666666,0.4166666666666667,0.8333333333333334,0.3333333333333333,0.3333333333333333,0.4166666666666667
005600154,0.9354838709677419,0.5151515151515151,0.696969696969697,0.3333333333333333,0.15151515151515152,0.2727272727272727,0.21212121212121213,0.2727272727272727,0.4838709677419355,0.36363636363636365,0.36363636363636365,0.45454545454545453,0.3333333333333333,0.36363636363636365,0.18181818181818182,0.18181818181818182,0.30303030303030304,0.8484848484848485,0.42424242424242425,0.42424242424242425,0.42424242424242425,0.36363636363636365,0.696969696969697,0.30303030303030304,0.45454545454545453,0.42424242424242425,0.6363636363636364,0.42424242424242425
005600180,0.8461538461538461,0.5714285714285714,0.7142857142857143,0.42857142857142855,0.14285714285714285,0.0,0.0,0.0,0.7692307692307693,0.5714285714285714,0.2857142857142857,0.2857142857142857,0.35714285714285715,0.35714285714285715,0.0,1.0,0.0,0.9285714285714286,0.14285714285714285,0.5,0.5714285714285714,0.5714285714285714,0.5,0.5,0.6428571428571429,0.5,0.7142857142857143,0.5
005600199,0.7857142857142857,0.6428571428571429,0.7142857142857143,0.2857142857142857,0.6428571428571429,0.14285714285714285,0.14285714285714285,0.14285714285714285,0.42857142857142855,0.7142857142857143,0.21428571428571427,0.14285714285714285,0.21428571428571427,0.21428571428571427,0.0,0.8571428571428571,0.14285714285714285,0.5714285714285714,0.14285714285714285,0.2857142857142857,0.21428571428571427,0.35714285714285715,0.21428571428571427,0.2857142857142857,0.2857142857142857,0.21428571428571427,0.35714285714285715,0.14285714285714285
005600205,0.9615384615384616,0.5185185185185185,0.37037037037037035,0.2222222222222222,0.18518518518518517,0.0,0.14814814814814814,0.2222222222222222,0.6538461538461539,0.5185185185185185,0.6296296296296297,0.6296296296296297,0.0,0.5925925925925926,0.0,0.4444444444444444,0.0,1.0,0.48148148148148145,0.25925925925925924,0.7037037037037037,0.6666666666666666,0.5925925925925926,0.5555555555555556,0.7777777777777778,0.6296296296296297,0.5555555555555556,0.4444444444444444
005600212,0.6521739130434783,0.4782608695652174,0.6521739130434783,0.30434782608695654,0.043478260869565216,0.13043478260869565,0.13043478260869565,0.2608695652173913,0.7391304347826086,0.7391304347826086,0.782608695652174,0.30434782608695654,0.13043478260869565,0.4782608695652174,0.0,0.043478260869565216,0.21739130434782608,0.8695652173913043,0.6086956521739131,0.5217391304347826,0.6521739130434783,0.6521739130434783,0.4782608695652174,0.5652173913043478,0.6956521739130435,0.5217391304347826,0.5217391304347826,0.4782608695652174
005600214,0.9375,0.875,1.0,0.4375,0.375,0.0625,0.1875,0.1875,0.5,0.75,0.125,0.4375,0.0625,0.4375,0.0625,0.0,0.0625,0.75,0.625,0.375,0.5625,0.375,0.5,0.5625,0.6875,0.4375,0.625,0.75
005600268,0.7222222222222222,0.42105263157894735,0.5263157894736842,0.2631578947368421,0.15789473684210525,0.05263157894736842,0.2631578947368421,0.47368421052631576,0.3888888888888889,0.3684210526315789,0.2631578947368421,0.5263157894736842,0.2631578947368421,0.3157894736842105,0.0,0.0,0.05263157894736842,0.5789473684210527,0.21052631578947367,0.2631578947368421,0.3684210526315789,0.21052631578947367,0.3684210526315789,0.3157894736842105,0.47368421052631576,0.2631578947368421,0.42105263157894735,0.3684210526315789
005600294,0.9090909090909091,0.7272727272727273,0.5454545454545454,0.9090909090909091,0.45454545454545453,0.6363636363636364,0.6363636363636364,1.0,0.6363636363636364,0.6363636363636364,0.7272727272727273,0.8181818181818182,0.8181818181818182,0.6363636363636364,0.2727272727272727,0.45454545454545453,1.0,0.9090909090909091,0.8181818181818182,0.6363636363636364,0.7272727272727273,0.7272727272727273,0.45454545454545453,0.6363636363636364,0.5454545454545454,0.7272727272727273,0.5454545454545454,0.7272727272727273
005600296,0.8181818181818182,0.6363636363636364,0.7727272727272727,0.4090909090909091,0.45454545454545453,0.8636363636363636,0.5454545454545454,0.36363636363636365,0.7272727272727273,0.6818181818181818,0.8181818181818182,0.36363636363636365,0.45454545454545453,0.8181818181818182,0.045454545454545456,0.2727272727272727,0.45454545454545453,0.7272727272727273,0.7272727272727273,0.8636363636363636,0.5909090909090909,0.5454545454545454,0.7727272727272727,0.45454545454545453,0.7272727272727273,0.5909090909090909,0.5454545454545454,0.4090909090909091
005600298,0.7272727272727273,0.16666666666666666,0.5,0.75,0.3333333333333333,0.3333333333333333,0.16666666666666666,0.4166666666666667,0.6363636363636364,0.5,0.16666666666666666,0.3333333333333333,0.5833333333333334,0.25,0.3333333333333333,0.5,0.25,0.25,0.25,0.3333333333333333,0.3333333333333333,0.16666666666666666,0.16666666666666666,0.4166666666666667,0.4166666666666667,0.3333333333333333,0.16666666666666666,0.16666666666666666
005600318,0.8260869565217391,0.5652173913043478,0.8260869565217391,0.4782608695652174,0.34782608695652173,0.30434782608695654,0.34782608695652173,0.5217391304347826,0.43478260869565216,0.4782608695652174,0.5652173913043478,0.43478260869565216,0.6956521739130435,0.6521739130434783,0.17391304347826086,0.2608695652173913,0.34782608695652173,0.782608695652174,0.34782608695652173,0.5652173913043478,0.6086956521739131,0.2608695652173913,0.6086956521739131,0.5652173913043478,0.4782608695652174,0.43478260869565216,0.4782608695652174,0.43478260869565216
005600365,0.8333333333333334,0.5555555555555556,0.5555555555555556,0.3888888888888889,0.0,0.0,0.0,0.0,0.7777777777777778,0.2777777777777778,0.4444444444444444,0.3888888888888889,0.0,0.6666666666666666,0.2222222222222222,0.0,0.6666666666666666,0.6666666666666666,0.2777777777777778,0.5,0.0,0.3333333333333333,0.4444444444444444,0.6111111111111112,0.5,0.1111111111111111,0.4444444444444444,0.4444444444444444
005600370,0.7619047619047619,0.23809523809523808,0.8095238095238095,0.47619047619047616,0.2857142857142857,0.3333333333333333,0.19047619047619047,0.5714285714285714,0.7142857142857143,0.8571428571428571,1.0,0.5714285714285714,0.23809523809523808,0.7142857142857143,0.14285714285714285,0.3333333333333333,0.2857142857142857,1.0,0.8095238095238095,0.8095238095238095,0.7619047619047619,0.8095238095238095,0.8095238095238095,0.6666666666666666,0.6190476190476191,0.9523809523809523,0.7142857142857143,0.42857142857142855
005750059,0.8,0.6451612903225806,0.7096774193548387,0.25806451612903225,0.06451612903225806,0.0,0.12903225806451613,0.0,0.7333333333333333,0.45161290322580644,0.3225806451612903,0.4838709677419355,0.0,0.3870967741935484,0.12903225806451613,0.0,0.16129032258064516,0.8387096774193549,0.2903225806451613,0.4838709677419355,0.6451612903225806,0.3870967741935484,0.4838709677419355,0.3870967741935484,0.5161290322580645,0.6451612903225806,0.3870967741935484,0.41935483870967744
005750067,0.6363636363636364,0.36363636363636365,0.5454545454545454,0.2727272727272727,0.09090909090909091,0.0,0.3181818181818182,0.36363636363636365,0.6363636363636364,0.3181818181818182,0.2727272727272727,0.09090909090909091,0.0,0.13636363636363635,0.3181818181818182,0.18181818181818182,0.36363636363636365,0.7272727272727273,0.5454545454545454,0.3181818181818182,0.4090909090909091,0.2727272727272727,0.3181818181818182,0.2727272727272727,0.3181818181818182,0.2727272727272727,0.4090909090909091,0.18181818181818182
005750089,0.53125,0.36363636363636365,0.3939393939393939,0.030303030303030304,0.09090909090909091,0.0,0.12121212121212122,0.030303030303030304,0.1875,0.15151515151515152,0.18181818181818182,0.09090909090909091,0.09090909090909091,0.21212121212121213,0.09090909090909091,0.06060606060606061,0.12121212121212122,0.7272727272727273,0.21212121212121213,0.09090909090909091,0.09090909090909091,0.18181818181818182,0.12121212121212122,0.12121212121212122,0.21212121212121213,0.30303030303030304,0.18181818181818182,0.42424242424242425
005750099,0.8333333333333334,0.4375,0.40625,0.0,0.0625,0.21875,0.0625,0.0,0.4,0.3125,0.09375,0.0,0.0,0.0625,0.0625,0.0,0.0625,0.9375,0.125,0.0,0.3125,0.34375,0.46875,0.09375,0.4375,0.1875,0.3125,0.21875
005750150,0.5454545454545454,0.6521739130434783,0.7391304347826086,0.30434782608695654,0.17391304347826086,0.21739130434782608,0.17391304347826086,0.17391304347826086,0.5,0.21739130434782608,0.2608695652173913,0.043478260869565216,0.0,0.17391304347826086,0.0,0.43478260869565216,0.17391304347826086,0.6956521739130435,0.4782608695652174,0.4782608695652174,0.2608695652173913,0.17391304347826086,0.2608695652173913,0.34782608695652173,0.34782608695652173,0.21739130434782608,0.4782608695652174,0.43478260869565216
005750168,0.6470588235294118,0.631578947368421,0.6842105263157895,0.15789473684210525,0.2631578947368421,0.10526315789473684,0.2631578947368421,0.3157894736842105,0.5294117647058824,0.47368421052631576,0.05263157894736842,0.15789473684210525,0.21052631578947367,0.21052631578947367,0.10526315789473684,0.8947368421052632,0.2631578947368421,0.5789473684210527,0.2631578947368421,0.5789473684210527,0.21052631578947367,0.3684210526315789,0.3684210526315789,0.3157894736842105,0.21052631578947367,0.42105263157894735,0.2631578947368421,0.2631578947368421
005750178,0.46153846153846156,0.5,0.5,0.07142857142857142,0.07142857142857142,0.21428571428571427,0.07142857142857142,0.07142857142857142,0.6923076923076923,0.14285714285714285,0.21428571428571427,0.07142857142857142,0.07142857142857142,0.21428571428571427,0.07142857142857142,0.07142857142857142,0.07142857142857142,0.8571428571428571,0.35714285714285715,0.07142857142857142,0.07142857142857142,0.07142857142857142,0.5714285714285714,0.07142857142857142,0.2857142857142857,0.07142857142857142,0.14285714285714285,0.14285714285714285
005750179,0.7647058823529411,0.6666666666666666,0.6666666666666666,0.16666666666666666,0.1111111111111111,0.0,0.05555555555555555,0.0,0.5294117647058824,0.16666666666666666,0.6111111111111112,0.4444444444444444,0.16666666666666666,0.5555555555555556,0.3888888888888889,0.16666666666666666,0.0,0.7777777777777778,0.3333333333333333,0.2777777777777778,0.3888888888888889,0.05555555555555555,0.2222222222222222,0.2777777777777778,0.5555555555555556,0.16666666666666666,0.2222222222222222,0.4444444444444444
005750237,0.625,0.4583333333333333,0.5833333333333334,0.3333333333333333,0.0,0.0,0.125,0.0,0.6666666666666666,0.3333333333333333,0.375,0.3333333333333333,0.125,0.4583333333333333,0.0,0.8333333333333334,0.125,0.875,0.25,0.5833333333333334,0.3333333333333333,0.625,0.4583333333333333,0.4166666666666667,0.4166666666666667,0.5,0.4166666666666667,0.16666666666666666
005750249,0.5789473684210527,0.0,0.5,0.05,0.0,0.0,0.0,0.0,0.15789473684210525,0.05,0.05,0.05,0.0,0.0,0.0,0.0,0.0,0.5,0.05,0.05,0.1,0.0,0.1,0.0,0.1,0.0,0.1,0.0
005750268,0.7368421052631579,0.45,0.4,0.0,0.0,0.0,0.0,0.0,0.6842105263157895,0.1,0.2,0.0,0.0,0.05,0.0,0.0,0.0,0.55,0.25,0.0,0.1,0.2,0.25,0.0,0.25,0.0,0.05,0.2
005750270,0.8695652173913043,0.13043478260869565,0.5217391304347826,0.0,0.0,0.0,0.08695652173913043,0.0,0.21739130434782608,0.17391304347826086,0.21739130434782608,0.0,0.0,0.0,0.0,0.0,0.0,1.0,0.34782608695652173,0.08695652173913043,0.17391304347826086,0.043478260869565216,0.08695652173913043,0.043478260869565216,0.30434782608695654,0.0,0.17391304347826086,0.17391304347826086
005750290,0.875,0.625,0.5,0.625,0.0,0.0,0.8125,0.0625,1.0,0.5625,0.1875,0.5625,0.0,0.3125,0.0,1.0,0.0,0.875,0.875,0.8125,0.4375,0.4375,0.5625,0.4375,0.5625,0.875,0.5,0.375
005750297,0.9130434782608695,0.125,0.375,0.0,0.0,0.0,0.0,0.0,0.5217391304347826,0.0,0.08333333333333333,0.0,0.0,0.0,0.08333333333333333,0.0,0.041666666666666664,0.75,0.25,0.0,0.20833333333333334,0.2916666666666667,0.25,0.08333333333333333,0.2916666666666667,0.0,0.08333333333333333,0.2916666666666667
005750298,1.0,0.5833333333333334,0.75,0.75,0.8333333333333334,0.0,0.0,0.0,1.0,0.25,0.3333333333333333,0.75,0.25,0.75,0.0,0.0,0.4166666666666667,0.9166666666666666,0.8333333333333334,0.5833333333333334,0.6666666666666666,0.16666666666666666,0.8333333333333334,0.5833333333333334,0.3333333333333333,0.25,0.5833333333333334,0.5833333333333334
005750300,0.5,0.25,0.6875,0.25,0.0625,0.0625,0.0625,0.25,0.4375,0.375,0.25,0.3125,0.0625,0.125,0.0625,0.0625,0.0625,0.625,0.0625,0.0625,0.125,0.375,0.375,0.0625,0.4375,0.3125,0.5625,0.4375
005750303,1.0,0.26666666666666666,0.6,0.0,0.0,0.0,0.0,0.0,0.6428571428571429,0.13333333333333333,0.13333333333333333,0.2,0.0,0.26666666666666666,0.0,0.0,0.0,0.8666666666666667,0.0,0.0,0.3333333333333333,0.0,0.4,0.0,0.4666666666666667,0.13333333333333333,0.2,0.5333333333333333
005750321,0.5625,0.0625,0.4375,0.125,0.0625,0.0625,0.0,0.0625,0.125,0.1875,0.375,0.125,0.0,0.3125,0.0,0.0625,0.0625,0.5,0.25,0.125,0.125,0.0,0.0,0.125,0.0,0.375,0.0625,0.125
005750330,0.5,0.03333333333333333,0.5,0.0,0.0,0.0,0.1,0.0,0.16666666666666666,0.0,0.13333333333333333,0.0,0.0,0.13333333333333333,0.0,0.0,0.0,0.6333333333333333,0.0,0.0,0.0,0.0,0.16666666666666666,0.2,0.0,0.0,0.03333333333333333,0.13333333333333333
005750347,0.7142857142857143,0.5333333333333333,0.8333333333333334,0.0,0.1,0.0,0.16666666666666666,0.16666666666666666,0.5714285714285714,0.43333333333333335,0.3333333333333333,0.23333333333333334,0.0,0.23333333333333334,0.0,0.03333333333333333,0.0,0.7666666666666667,0.23333333333333334,0.06666666666666667,0.6666666666666666,0.36666666666666664,0.5666666666666667,0.4666666666666667,0.3333333333333333,0.43333333333333335,0.5,0.43333333333333335
005940019,1.0,0.3333333333333333,0.9523809523809523,0.38095238095238093,0.2857142857142857,0.38095238095238093,0.2857142857142857,0.47619047619047616,0.47619047619047616,0.23809523809523808,0.7142857142857143,0.47619047619047616,0.09523809523809523,0.5714285714285714,0.0,0.2857142857142857,0.42857142857142855,0.5714285714285714,0.38095238095238093,0.47619047619047616,0.7619047619047619,0.09523809523809523,0.38095238095238093,0.2857142857142857,0.8095238095238095,0.23809523809523808,0.42857142857142855,0.42857142857142855
005940025,0.8181818181818182,0.2727272727272727,0.5454545454545454,0.13636363636363635,0.36363636363636365,0.3181818181818182,0.2727272727272727,0.36363636363636365,0.6363636363636364,0.6818181818181818,0.4090909090909091,0.5,0.2727272727272727,0.3181818181818182,0.0,0.45454545454545453,0.2727272727272727,0.9545454545454546,0.6363636363636364,0.2727272727272727,0.5,0.5909090909090909,0.5454545454545454,0.5909090909090909,0.5454545454545454,0.5454545454545454,0.6363636363636364,0.5909090909090909
005940141,0.9444444444444444,0.10526315789473684,0.42105263157894735,0.15789473684210525,0.05263157894736842,0.15789473684210525,0.0,0.10526315789473684,0.16666666666666666,0.15789473684210525,0.10526315789473684,0.2631578947368421,0.10526315789473684,0.15789473684210525,0.0,1.0,0.15789473684210525,0.631578947368421,0.21052631578947367,0.15789473684210525,0.3684210526315789,0.15789473684210525,0.15789473684210525,0.10526315789473684,0.10526315789473684,0.15789473684210525,0.15789473684210525,0.15789473684210525
005940142,1.0,0.5,0.875,0.8125,0.6875,0.3125,0.3125,0.9375,0.8125,0.8125,0.75,0.625,0.0,0.6875,0.125,0.4375,0.6875,0.375,0.625,0.5625,0.5,0.75,0.8125,0.875,0.6875,0.625,0.6875,0.9375
005940164,0.7894736842105263,0.5263157894736842,0.6842105263157895,0.10526315789473684,0.5789473684210527,0.0,0.0,0.10526315789473684,0.7368421052631579,0.3157894736842105,0.15789473684210525,0.5263157894736842,0.3684210526315789,0.42105263157894735,0.0,0.0,0.42105263157894735,0.7894736842105263,0.6842105263157895,0.2631578947368421,0.5263157894736842,0.5263157894736842,0.5789473684210527,0.21052631578947367,0.47368421052631576,0.5789473684210527,0.47368421052631576,0.21052631578947367
005940174,0.6666666666666666,0.20833333333333334,0.625,0.08333333333333333,0.125,0.0,0.08333333333333333,0.125,0.6666666666666666,0.16666666666666666,0.20833333333333334,0.16666666666666666,0.125,0.125,0.0,0.125,0.125,0.875,0.25,0.08333333333333333,0.25,0.16666666666666666,0.20833333333333334,0.16666666666666666,0.4583333333333333,0.125,0.08333333333333333,0.125
005940193,0.8823529411764706,0.17647058823529413,0.5882352941176471,0.058823529411764705,0.0,0.0,0.0,0.0,0.4117647058823529,0.29411764705882354,0.11764705882352941,0.29411764705882354,0.0,0.29411764705882354,0.0,0.0,0.0,0.47058823529411764,0.47058823529411764,0.0,0.29411764705882354,0.23529411764705882,0.29411764705882354,0.0,0.5294117647058824,0.11764705882352941,0.29411764705882354,0.11764705882352941
005940195,0.9230769230769231,0.6923076923076923,0.7692307692307693,0.07692307692307693,0.07692307692307693,0.07692307692307693,0.07692307692307693,0.07692307692307693,0.7692307692307693,0.07692307692307693,0.15384615384615385,0.07692307692307693,0.07692307692307693,0.3076923076923077,0.07692307692307693,0.15384615384615385,0.07692307692307693,0.9230769230769231,0.07692307692307693,0.07692307692307693,0.3076923076923077,0.23076923076923078,0.6153846153846154,0.38461538461538464,0.3076923076923077,0.3076923076923077,0.6153846153846154,0.38461538461538464
005940234,0.7333333333333333,0.5,0.625,0.3125,0.3125,0.3125,0.3125,0.375,0.9333333333333333,0.5625,0.25,0.5625,0.3125,0.25,0.4375,0.625,0.4375,0.875,0.8125,0.3125,0.3125,0.5,0.75,0.6875,0.5,0.5,0.375,0.6875
005940237,0.8421052631578947,0.7368421052631579,0.631578947368421,0.0,0.3684210526315789,0.0,0.0,0.10526315789473684,0.8947368421052632,0.3684210526315789,0.47368421052631576,0.21052631578947367,0.0,0.5789473684210527,0.0,0.9473684210526315,0.10526315789473684,0.6842105263157895,0.3684210526315789,0.3684210526315789,0.7894736842105263,0.5263157894736842,0.5789473684210527,0.21052631578947367,0.631578947368421,0.631578947368421,0.5789473684210527,0.42105263157894735
005940238,0.85,0.25,0.45,0.0,0.0,0.0,0.0,0.0,0.25,0.25,0.35,0.0,0.0,0.15,0.0,0.0,0.0,0.65,0.0,0.15,0.15,0.25,0.3,0.2,0.25,0.2,0.55,0.15
005940252,0.8823529411764706,0.5882352941176471,0.5294117647058824,0.0,0.47058823529411764,0.0,0.0,0.0,0.6470588235294118,0.29411764705882354,0.23529411764705882,0.0,0.0,0.058823529411764705,0.0,0.4117647058823529,0.11764705882352941,0.8235294117647058,0.47058823529411764,0.11764705882352941,0.35294117647058826,0.17647058823529413,0.5882352941176471,0.4117647058823529,0.6470588235294118,0.29411764705882354,0.4117647058823529,0.5294117647058824
005940263,0.8846153846153846,0.34615384615384615,0.3076923076923077,0.11538461538461539,0.11538461538461539,0.11538461538461539,0.11538461538461539,0.19230769230769232,0.5384615384615384,0.23076923076923078,0.07692307692307693,0.11538461538461539,0.0,0.07692307692307693,0.11538461538461539,0.11538461538461539,0.15384615384615385,0.6153846153846154,0.11538461538461539,0.11538461538461539,0.15384615384615385,0.07692307692307693,0.23076923076923078,0.38461538461538464,0.38461538461538464,0.11538461538461539,0.38461538461538464,0.38461538461538464
005940267,0.6190476190476191,0.38095238095238093,0.6190476190476191,0.2857142857142857,0.38095238095238093,0.2857142857142857,0.23809523809523808,0.47619047619047616,0.47619047619047616,0.38095238095238093,0.38095238095238093,0.38095238095238093,0.38095238095238093,0.3333333333333333,0.0,0.23809523809523808,0.47619047619047616,0.7142857142857143,0.2857142857142857,0.23809523809523808,0.42857142857142855,0.42857142857142855,0.38095238095238093,0.3333333333333333,0.42857142857142855,0.3333333333333333,0.5714285714285714,0.42857142857142855
005940271,0.8421052631578947,0.15789473684210525,0.42105263157894735,0.21052631578947367,0.21052631578947367,0.10526315789473684,0.10526315789473684,0.21052631578947367,0.6842105263157895,0.21052631578947367,0.10526315789473684,0.0,0.0,0.05263157894736842,0.0,0.42105263157894735,0.21052631578947367,0.8947368421052632,0.21052631578947367,0.21052631578947367,0.2631578947368421,0.21052631578947367,0.3684210526315789,0.21052631578947367,0.47368421052631576,0.10526315789473684,0.2631578947368421,0.21052631578947367
005940283,0.5882352941176471,0.47058823529411764,0.7647058823529411,0.29411764705882354,0.0,0.0,0.0,0.23529411764705882,0.47058823529411764,0.4117647058823529,0.11764705882352941,0.47058823529411764,0.0,0.35294117647058826,0.0,0.0,0.0,0.6470588235294118,0.4117647058823529,0.35294117647058826,0.0,0.4117647058823529,0.4117647058823529,0.35294117647058826,0.47058823529411764,0.47058823529411764,0.47058823529411764,0.29411764705882354
005940304,0.7222222222222222,0.3333333333333333,0.3888888888888889,0.0,0.1111111111111111,0.16666666666666666,0.05555555555555555,0.05555555555555555,0.7222222222222222,0.0,0.05555555555555555,0.05555555555555555,0.0,0.05555555555555555,0.05555555555555555,0.05555555555555555,0.2222222222222222,0.7222222222222222,0.2777777777777778,0.0,0.16666666666666666,0.2777777777777778,0.05555555555555555,0.05555555555555555,0.2222222222222222,0.05555555555555555,0.16666666666666666,0.2222222222222222
005940318,0.8181818181818182,0.47619047619047616,0.6190476190476191,0.0,0.14285714285714285,0.09523809523809523,0.0,0.0,0.8636363636363636,0.23809523809523808,0.47619047619047616,0.3333333333333333,0.0,0.47619047619047616,0.0,1.0,0.23809523809523808,1.0,0.09523809523809523,0.0,0.5714285714285714,0.23809523809523808,0.7142857142857143,0.38095238095238093,0.6190476190476191,0.6190476190476191,0.38095238095238093,0.2857142857142857
005940373,0.782608695652174,0.5,0.6363636363636364,0.13636363636363635,0.045454545454545456,0.045454545454545456,0.09090909090909091,0.09090909090909091,0.2608695652173913,0.18181818181818182,0.09090909090909091,0.09090909090909091,0.045454545454545456,0.09090909090909091,0.045454545454545456,0.18181818181818182,0.18181818181818182,0.7272727272727273,0.18181818181818182,0.13636363636363635,0.09090909090909091,0.09090909090909091,0.09090909090909091,0.09090909090909091,0.09090909090909091,0.0,0.18181818181818182,0.13636363636363635
005940380,1.0,0.56,0.56,0.48,0.52,0.24,0.48,0.44,0.9166666666666666,0.48,0.52,0.76,0.28,0.28,0.08,0.48,0.44,1.0,0.36,0.32,0.48,0.32,0.72,0.44,0.64,0.36,0.28,0.56
007390013,0.8947368421052632,0.6666666666666666,0.5714285714285714,0.047619047619047616,0.2857142857142857,0.0,0.0,0.0,0.5263157894736842,0.5714285714285714,0.3333333333333333,0.7142857142857143,0.047619047619047616,0.38095238095238093,0.0,0.0,0.2857142857142857,0.8095238095238095,0.6190476190476191,0.38095238095238093,0.5714285714285714,0.5238095238095238,0.5238095238095238,0.42857142857142855,0.6666666666666666,0.5238095238095238,0.3333333333333333,0.6190476190476191
007390019,1.0,0.6666666666666666,0.8571428571428571,0.23809523809523808,0.09523809523809523,0.14285714285714285,0.09523809523809523,0.19047619047619047,0.47619047619047616,0.5714285714285714,0.2857142857142857,0.3333333333333333,0.09523809523809523,0.2857142857142857,0.09523809523809523,0.09523809523809523,0.09523809523809523,1.0,0.7142857142857143,0.8095238095238095,0.8095238095238095,0.42857142857142855,0.7142857142857143,0.38095238095238093,0.8571428571428571,0.47619047619047616,0.5238095238095238,0.47619047619047616
007390062,0.9545454545454546,0.45454545454545453,0.5909090909090909,0.13636363636363635,0.3181818181818182,0.13636363636363635,0.13636363636363635,0.13636363636363635,0.5909090909090909,0.36363636363636365,0.22727272727272727,0.45454545454545453,0.3181818181818182,0.2727272727272727,0.09090909090909091,0.5,0.18181818181818182,0.7727272727272727,0.36363636363636365,0.3181818181818182,0.6818181818181818,0.36363636363636365,0.3181818181818182,0.36363636363636365,0.5909090909090909,0.3181818181818182,0.5909090909090909,0.4090909090909091
007390070,0.7631578947368421,0.358974358974359,0.6153846153846154,0.02564102564102564,0.07692307692307693,0.0,0.0,0.0,0.631578947368421,0.28205128205128205,0.23076923076923078,0.2564102564102564,0.05128205128205128,0.23076923076923078,0.0,0.07692307692307693,0.0,0.5641025641025641,0.02564102564102564,0.15384615384615385,0.48717948717948717,0.10256410256410256,0.3333333333333333,0.3333333333333333,0.4358974358974359,0.28205128205128205,0.2564102564102564,0.3076923076923077
007390072,0.6875,0.5625,0.5625,0.5625,0.0,0.0,0.0,0.625,0.625,0.0,0.375,0.4375,0.0,0.5,0.0,0.0,0.625,1.0,0.625,0.5,0.25,0.0,0.3125,0.625,0.375,0.25,0.375,0.5625
007390092,0.6875,0.5625,0.5625,0.125,0.375,0.375,0.125,0.125,0.6875,0.4375,0.1875,0.5,0.3125,0.25,0.25,0.3125,0.1875,1.0,0.1875,0.3125,0.4375,0.4375,0.5,0.5,0.6875,0.5,0.4375,0.375
007390119,0.5909090909090909,0.18181818181818182,0.4090909090909091,0.0,0.0,0.0,0.0,0.0,0.2727272727272727,0.045454545454545456,0.09090909090909091,0.0,0.0,0.22727272727272727,0.0,0.0,0.0,0.4090909090909091,0.0,0.0,0.0,0.0,0.13636363636363635,0.09090909090909091,0.2727272727272727,0.13636363636363635,0.045454545454545456,0.0
007390120,0.75,0.0,0.4117647058823529,0.0,0.0,0.0,0.0,0.0,0.0,0.0,0.0,0.0,0.0,0.0,0.0,0.0,0.0,0.7647058823529411,0.0,0.0,0.0,0.0,0.0,0.0,0.058823529411764705,0.0,0.0,0.0
007390139,0.6086956521739131,0.391304347826087,0.5217391304347826,0.391304347826087,0.0,0.0,0.0,0.17391304347826086,0.2608695652173913,0.21739130434782608,0.2608695652173913,0.34782608695652173,0.0,0.13043478260869565,0.0,0.30434782608695654,0.21739130434782608,0.6956521739130435,0.13043478260869565,0.17391304347826086,0.2608695652173913,0.17391304347826086,0.13043478260869565,0.13043478260869565,0.34782608695652173,0.13043478260869565,0.391304347826087,0.17391304347826086
007390160,0.75,0.32,0.56,0.2,0.12,0.08,0.08,0.2,0.5833333333333334,0.28,0.32,0.32,0.08,0.36,0.08,0.08,0.08,0.52,0.4,0.28,0.24,0.32,0.28,0.24,0.32,0.24,0.24,0.24
007390195,0.7777777777777778,0.17857142857142858,0.8214285714285714,0.10714285714285714,0.03571428571428571,0.14285714285714285,0.07142857142857142,0.10714285714285714,0.25925925925925924,0.14285714285714285,0.17857142857142858,0.10714285714285714,0.03571428571428571,0.10714285714285714,0.10714285714285714,0.03571428571428571,0.10714285714285714,0.7142857142857143,0.17857142857142858,0.10714285714285714,0.2857142857142857,0.17857142857142858,0.2857142857142857,0.14285714285714285,0.25,0.10714285714285714,0.21428571428571427,0.17857142857142858
007390197,0.6470588235294118,0.5882352941176471,0.5882352941176471,0.11764705882352941,0.11764705882352941,0.11764705882352941,0.11764705882352941,0.11764705882352941,0.6470588235294118,0.23529411764705882,0.11764705882352941,0.11764705882352941,0.11764705882352941,0.11764705882352941,0.11764705882352941,0.11764705882352941,0.11764705882352941,0.7647058823529411,0.11764705882352941,0.11764705882352941,0.11764705882352941,0.11764705882352941,0.29411764705882354,0.11764705882352941,0.23529411764705882,0.23529411764705882,0.5882352941176471,0.058823529411764705
007390208,0.75,0.3,0.5,0.2,0.0,0.0,0.0,0.0,0.6,0.5,0.35,0.25,0.0,0.3,0.0,0.05,0.0,1.0,0.1,0.55,0.6,0.3,0.65,0.5,0.6,0.45,0.55,0.45
007390211,0.7333333333333333,0.5714285714285714,0.7857142857142857,0.21428571428571427,0.07142857142857142,0.0,0.0,0.0,0.4,0.21428571428571427,0.5714285714285714,0.42857142857142855,0.0,0.5714285714285714,0.0,1.0,0.0,0.7142857142857143,0.2857142857142857,0.14285714285714285,0.5,0.0,0.2857142857142857,0.21428571428571427,0.35714285714285715,0.21428571428571427,0.35714285714285715,0.35714285714285715
007390220,0.6206896551724138,0.6206896551724138,0.6206896551724138,0.0,0.0,0.0,0.0,0.0,0.3103448275862069,0.06896551724137931,0.10344827586206896,0.0,0.0,0.06896551724137931,0.0,0.0,0.0,0.7586206896551724,0.10344827586206896,0.0,0.1724137931034483,0.06896551724137931,0.4827586206896552,0.10344827586206896,0.3103448275862069,0.06896551724137931,0.27586206896551724,0.1724137931034483
007390228,0.7222222222222222,0.5,0.8333333333333334,0.16666666666666666,0.1111111111111111,0.2222222222222222,0.2222222222222222,0.2222222222222222,0.4444444444444444,0.16666666666666666,0.2777777777777778,0.4444444444444444,0.16666666666666666,0.4444444444444444,0.1111111111111111,0.3333333333333333,0.16666666666666666,0.6111111111111112,0.16666666666666666,0.3333333333333333,0.2777777777777778,0.2777777777777778,0.3888888888888889,0.2222222222222222,0.16666666666666666,0.2777777777777778,0.2222222222222222,0.3333333333333333
007390238,0.65,0.3333333333333333,0.6666666666666666,0.23809523809523808,0.09523809523809523,0.09523809523809523,0.0,0.09523809523809523,0.35,0.14285714285714285,0.0,0.14285714285714285,0.0,0.09523809523809523,1.0,0.09523809523809523,0.0,0.6666666666666666,0.14285714285714285,0.19047619047619047,0.2857142857142857,0.14285714285714285,0.19047619047619047,0.23809523809523808,0.42857142857142855,0.047619047619047616,0.2857142857142857,0.09523809523809523
007390281,0.7368421052631579,0.6842105263157895,0.7368421052631579,0.3157894736842105,0.3684210526315789,0.10526315789473684,0.15789473684210525,0.3684210526315789,0.3684210526315789,0.3684210526315789,0.3684210526315789,0.5789473684210527,0.10526315789473684,0.42105263157894735,0.15789473684210525,1.0,0.42105263157894735,1.0,0.3157894736842105,0.6842105263157895,0.8421052631578947,0.15789473684210525,0.631578947368421,0.15789473684210525,0.7894736842105263,0.5263157894736842,0.5789473684210527,0.3157894736842105
007390294,0.7142857142857143,0.35714285714285715,0.5714285714285714,0.2857142857142857,0.21428571428571427,0.07142857142857142,0.21428571428571427,0.21428571428571427,0.42857142857142855,0.35714285714285715,0.14285714285714285,0.21428571428571427,0.2857142857142857,0.2857142857142857,0.0,0.0,0.21428571428571427,1.0,0.7857142857142857,0.2857142857142857,0.35714285714285715,0.42857142857142855,0.42857142857142855,0.0,0.2857142857142857,0.2857142857142857,0.2857142857142857,0.2857142857142857
007390355,0.8620689655172413,0.7142857142857143,0.5714285714285714,0.35714285714285715,0.0,0.0,0.2857142857142857,0.25,0.41379310344827586,0.39285714285714285,0.5714285714285714,0.32142857142857145,0.0,0.35714285714285715,0.0,0.14285714285714285,0.07142857142857142,1.0,0.5,0.5357142857142857,0.4642857142857143,0.21428571428571427,0.4642857142857143,0.25,0.39285714285714285,0.25,0.4642857142857143,0.2857142857142857
008130061,0.5185185185185185,0.2222222222222222,0.7037037037037037,0.1111111111111111,0.07407407407407407,0.0,0.0,0.0,0.1111111111111111,0.07407407407407407,0.0,0.0,0.0,0.07407407407407407,0.0,0.0,0.07407407407407407,0.2222222222222222,0.07407407407407407,0.1111111111111111,0.18518518518518517,0.0,0.18518518518518517,0.1111111111111111,0.14814814814814814,0.07407407407407407,0.25925925925925924,0.07407407407407407
008130081,0.6785714285714286,0.2413793103448276,0.5517241379310345,0.034482758620689655,0.0,0.0,0.0,0.13793103448275862,0.07142857142857142,0.06896551724137931,0.06896551724137931,0.0,0.0,0.20689655172413793,0.0,0.10344827586206896,0.13793103448275862,0.13793103448275862,0.06896551724137931,0.13793103448275862,0.13793103448275862,0.10344827586206896,0.10344827586206896,0.0,0.034482758620689655,0.06896551724137931,0.10344827586206896,0.0
008130091,0.2894736842105263,0.07894736842105263,0.3157894736842105,0.0,0.0,0.0,0.0,0.0,0.02631578947368421,0.02631578947368421,0.0,0.05263157894736842,0.0,0.0,0.0,0.0,0.0,0.39473684210526316,0.0,0.0,0.13157894736842105,0.0,0.05263157894736842,0.02631578947368421,0.07894736842105263,0.02631578947368421,0.10526315789473684,0.02631578947368421
008130100,0.4782608695652174,0.0,0.5217391304347826,0.30434782608695654,0.0,0.0,0.0,0.13043478260869565,0.043478260869565216,0.0,0.0,0.0,0.0,0.0,0.0,0.0,0.13043478260869565,0.2608695652173913,0.13043478260869565,0.0,0.0,0.0,0.0,0.0,0.0,0.0,0.043478260869565216,0.0
008130153,0.13333333333333333,0.2,0.4,0.0,0.0,0.0,0.0,0.0,0.0,0.13333333333333333,0.0,0.0,0.0,0.13333333333333333,0.0,0.0,0.0,0.9333333333333333,0.0,0.0,0.0,0.0,0.2,0.13333333333333333,0.13333333333333333,0.13333333333333333,0.26666666666666666,0.0
008130196,0.4666666666666667,0.0625,0.3125,0.0,0.0,0.0,0.0,0.0,0.26666666666666666,0.0,0.0,0.0,0.0,0.1875,0.0,0.0,0.0,0.125,0.125,0.0,0.0,0.0,0.1875,0.0,0.0,0.0,0.0,0.0
008130222,0.42105263157894735,0.05263157894736842,0.3684210526315789,0.0,0.05263157894736842,0.05263157894736842,0.05263157894736842,0.0,0.3157894736842105,0.05263157894736842,0.05263157894736842,0.05263157894736842,0.05263157894736842,0.0,0.0,0.05263157894736842,0.0,0.5789473684210527,0.05263157894736842,0.15789473684210525,0.0,0.21052631578947367,0.05263157894736842,0.21052631578947367,0.15789473684210525,0.05263157894736842,0.10526315789473684,0.21052631578947367
008130233,0.4117647058823529,0.05555555555555555,0.16666666666666666,0.0,0.0,0.0,0.0,0.0,0.11764705882352941,0.0,0.0,0.0,0.0,0.0,0.0,0.0,0.0,0.3888888888888889,0.1111111111111111,0.2222222222222222,0.2222222222222222,0.0,0.3333333333333333,0.0,0.05555555555555555,0.0,0.2777777777777778,0.0
008130257,0.7142857142857143,0.5,0.5,0.21428571428571427,0.21428571428571427,0.14285714285714285,0.0,0.0,0.5714285714285714,0.0,0.14285714285714285,0.14285714285714285,0.21428571428571427,0.14285714285714285,0.14285714285714285,0.14285714285714285,0.0,0.7142857142857143,0.21428571428571427,0.14285714285714285,0.35714285714285715,0.0,0.14285714285714285,0.0,0.14285714285714285,0.14285714285714285,0.07142857142857142,0.14285714285714285
008130271,0.5217391304347826,0.13043478260869565,0.43478260869565216,0.0,0.0,0.0,0.0,0.0,0.2608695652173913,0.0,0.0,0.0,0.0,0.08695652173913043,0.0,0.0,0.0,0.4782608695652174,0.0,0.0,0.21739130434782608,0.0,0.08695652173913043,0.0,0.13043478260869565,0.0,0.0,0.17391304347826086
008130281,0.2857142857142857,0.15,0.4,0.0,0.0,0.0,0.1,0.0,0.19047619047619047,0.0,0.0,0.0,0.0,0.1,0.0,0.0,0.0,0.0,0.0,0.05,0.15,0.05,0.05,0.0,0.05,0.05,0.1,0.0
008130282,0.6666666666666666,0.1935483870967742,0.41935483870967744,0.06451612903225806,0.03225806451612903,0.0,0.03225806451612903,0.0967741935483871,0.2,0.0967741935483871,0.06451612903225806,0.0967741935483871,0.03225806451612903,0.16129032258064516,0.0,0.0,0.03225806451612903,0.45161290322580644,0.0967741935483871,0.0967741935483871,0.0967741935483871,0.0967741935483871,0.0967741935483871,0.12903225806451613,0.1935483870967742,0.12903225806451613,0.12903225806451613,0.12903225806451613
008130283,0.64,0.15384615384615385,0.5384615384615384,0.19230769230769232,0.0,0.19230769230769232,0.19230769230769232,0.19230769230769232,0.28,0.23076923076923078,0.0,0.11538461538461539,0.0,0.15384615384615385,0.0,0.0,0.0,0.19230769230769232,0.19230769230769232,0.3076923076923077,0.19230769230769232,0.23076923076923078,0.2692307692307692,0.3076923076923077,0.34615384615384615,0.3076923076923077,0.4230769230769231,0.3076923076923077
008130288,0.4642857142857143,0.0,0.4827586206896552,0.0,0.0,0.0,0.0,0.0,0.10714285714285714,0.0,0.20689655172413793,0.0,0.0,0.10344827586206896,0.0,0.0,0.0,0.10344827586206896,0.10344827586206896,0.20689655172413793,0.20689655172413793,0.0,0.0,0.0,0.13793103448275862,0.0,0.0,0.0
008130301,0.5789473684210527,0.3157894736842105,0.6842105263157895,0.0,0.0,0.0,0.10526315789473684,0.10526315789473684,0.3157894736842105,0.15789473684210525,0.0,0.0,0.0,0.0,0.0,0.0,0.10526315789473684,0.47368421052631576,0.10526315789473684,0.10526315789473684,0.5789473684210527,0.15789473684210525,0.3157894736842105,0.3157894736842105,0.21052631578947367,0.15789473684210525,0.15789473684210525,0.3684210526315789
008130339,0.3333333333333333,0.0,0.5555555555555556,0.05555555555555555,0.0,0.0,0.0,0.0,0.1111111111111111,0.05555555555555555,0.0,0.16666666666666666,0.0,0.0,0.0,0.0,0.0,0.2777777777777778,0.0,0.0,0.16666666666666666,0.05555555555555555,0.05555555555555555,0.05555555555555555,0.05555555555555555,0.05555555555555555,0.05555555555555555,0.0
008130340,0.631578947368421,0.25,0.5,0.15,0.0,0.15,0.15,0.3,0.21052631578947367,0.1,0.0,0.15,0.0,0.25,0.0,0.0,0.25,0.4,0.15,0.15,0.25,0.3,0.2,0.25,0.15,0.3,0.25,0.25
008130346,0.5,0.7777777777777778,0.6111111111111112,0.3333333333333333,0.0,0.0,0.0,0.0,0.05555555555555555,0.0,0.1111111111111111,0.0,0.0,0.0,0.0,0.0,0.0,0.6111111111111112,0.0,0.3888888888888889,0.2777777777777778,0.0,0.1111111111111111,0.0,0.2777777777777778,0.0,0.16666666666666666,0.1111111111111111
008130356,0.4375,0.125,0.5,0.0,0.0,0.0,0.0,0.0,0.0,0.0,0.0,0.0,0.0,0.0,0.0,0.0,0.0,0.125,0.0625,0.0,0.0,0.0,0.0625,0.0,0.0,0.0,0.0,0.0
008130380,0.6190476190476191,0.047619047619047616,0.6666666666666666,0.19047619047619047,0.0,0.0,0.23809523809523808,0.19047619047619047,0.047619047619047616,0.23809523809523808,0.0,0.23809523809523808,0.047619047619047616,0.14285714285714285,0.0,0.0,0.19047619047619047,0.8571428571428571,0.23809523809523808,0.23809523809523808,0.2857142857142857,0.047619047619047616,0.19047619047619047,0.19047619047619047,0.047619047619047616,0.09523809523809523,0.19047619047619047,0.14285714285714285
009600062,1.0,0.9411764705882353,1.0,0.8235294117647058,0.8823529411764706,0.17647058823529413,0.4117647058823529,0.7058823529411765,1.0,1.0,1.0,0.7058823529411765,0.8823529411764706,0.7647058823529411,0.17647058823529413,0.23529411764705882,0.5882352941176471,1.0,1.0,1.0,0.29411764705882354,0.7647058823529411,0.9411764705882353,1.0,1.0,0.8823529411764706,1.0,1.0
009600113,0.9142857142857143,0.6285714285714286,0.8285714285714286,0.6857142857142857,0.2,0.08571428571428572,0.05714285714285714,0.5428571428571428,0.8,0.6,0.6285714285714286,0.9428571428571428,0.02857142857142857,0.8285714285714286,0.0,0.11428571428571428,0.45714285714285713,1.0,0.8285714285714286,0.6,0.8,0.4857142857142857,0.6285714285714286,0.7428571428571429,0.5714285714285714,0.4,0.4857142857142857,0.5428571428571428
009600118,0.6923076923076923,0.7777777777777778,0.8148148148148148,0.2962962962962963,0.14814814814814814,0.14814814814814814,0.0,0.4074074074074074,0.6153846153846154,0.7407407407407407,0.5555555555555556,0.4074074074074074,0.0,0.48148148148148145,0.07407407407407407,0.0,0.48148148148148145,0.9259259259259259,0.9259259259259259,0.3333333333333333,0.5555555555555556,0.5185185185185185,0.7037037037037037,0.6296296296296297,0.6666666666666666,0.48148148148148145,0.5555555555555556,0.5555555555555556
009600120,0.6428571428571429,0.42857142857142855,0.5714285714285714,0.14285714285714285,0.14285714285714285,0.14285714285714285,0.0,0.14285714285714285,0.6428571428571429,0.35714285714285715,0.35714285714285715,0.14285714285714285,0.0,0.14285714285714285,0.0,0.7142857142857143,0.0,0.2857142857142857,0.42857142857142855,0.14285714285714285,0.35714285714285715,0.21428571428571427,0.2857142857142857,0.35714285714285715,0.5714285714285714,0.2857142857142857,0.35714285714285715,0.35714285714285715
009600127,0.8181818181818182,0.6363636363636364,0.6818181818181818,0.45454545454545453,0.45454545454545453,0.0,0.22727272727272727,0.4090909090909091,0.7727272727272727,0.7727272727272727,0.5454545454545454,0.6363636363636364,0.13636363636363635,0.5454545454545454,0.2727272727272727,1.0,0.4090909090909091,0.6818181818181818,0.36363636363636365,0.5,0.6363636363636364,0.6363636363636364,0.6818181818181818,0.6818181818181818,0.5,0.3181818181818182,0.6363636363636364,0.6363636363636364
009600129,0.75,0.5238095238095238,0.7142857142857143,0.0,0.09523809523809523,0.0,0.0,0.0,0.5,0.09523809523809523,0.09523809523809523,0.09523809523809523,0.0,0.19047619047619047,0.0,0.0,0.0,0.5714285714285714,0.09523809523809523,0.09523809523809523,0.19047619047619047,0.047619047619047616,0.3333333333333333,0.0,0.3333333333333333,0.23809523809523808,0.19047619047619047,0.09523809523809523
009600133,0.7878787878787878,0.35294117647058826,0.6764705882352942,0.23529411764705882,0.14705882352941177,0.11764705882352941,0.029411764705882353,0.11764705882352941,0.45454545454545453,0.38235294117647056,0.38235294117647056,0.4117647058823529,0.14705882352941177,0.5,0.029411764705882353,0.23529411764705882,0.23529411764705882,0.8823529411764706,0.38235294117647056,0.3235294117647059,0.29411764705882354,0.38235294117647056,0.6176470588235294,0.4117647058823529,0.3235294117647059,0.4117647058823529,0.2647058823529412,0.35294117647058826
009600140,0.7777777777777778,0.16666666666666666,0.8333333333333334,0.2222222222222222,0.0,0.0,0.0,0.0,0.6666666666666666,0.2777777777777778,0.2222222222222222,0.16666666666666666,0.0,0.3888888888888889,0.0,0.0,0.16666666666666666,1.0,0.3888888888888889,0.4444444444444444,0.2222222222222222,0.2777777777777778,0.4444444444444444,0.2777777777777778,0.2222222222222222,0.16666666666666666,0.6111111111111112,0.2222222222222222
009600186,1.0,0.5263157894736842,0.7368421052631579,0.42105263157894735,0.10526315789473684,0.15789473684210525,0.5263157894736842,0.42105263157894735,0.5555555555555556,0.631578947368421,0.6842105263157895,0.5263157894736842,0.15789473684210525,0.5789473684210527,0.10526315789473684,0.15789473684210525,0.631578947368421,0.9473684210526315,0.8947368421052632,0.7894736842105263,0.5789473684210527,0.7894736842105263,0.631578947368421,0.631578947368421,0.6842105263157895,0.5263157894736842,0.5789473684210527,0.631578947368421
009600190,0.9583333333333334,0.6666666666666666,0.7916666666666666,0.2916666666666667,0.08333333333333333,0.08333333333333333,0.0,0.4166666666666667,0.8333333333333334,0.625,0.5,0.625,0.2916666666666667,0.25,0.0,0.16666666666666666,0.2916666666666667,1.0,0.20833333333333334,0.5,0.7916666666666666,0.75,0.7916666666666666,0.5833333333333334,0.5,0.625,0.5833333333333334,0.5833333333333334
009600205,0.9259259259259259,0.2857142857142857,0.4642857142857143,0.42857142857142855,0.07142857142857142,0.07142857142857142,0.0,0.42857142857142855,0.48148148148148145,0.4642857142857143,0.5714285714285714,0.2857142857142857,0.07142857142857142,0.39285714285714285,0.0,0.07142857142857142,0.35714285714285715,0.75,0.0,0.4642857142857143,0.4642857142857143,0.2857142857142857,0.4642857142857143,0.35714285714285715,0.39285714285714285,0.39285714285714285,0.35714285714285715,0.2857142857142857
009600215,0.5833333333333334,0.5,0.5,0.6666666666666666,0.5833333333333334,0.4166666666666667,0.16666666666666666,0.75,1.0,0.5,0.5833333333333334,0.5,0.4166666666666667,0.5833333333333334,0.08333333333333333,0.75,0.75,0.75,0.5,0.3333333333333333,0.5833333333333334,0.5,0.4166666666666667,0.5,0.8333333333333334,0.3333333333333333,0.5833333333333334,0.5
009600262,0.6923076923076923,0.38461538461538464,0.9230769230769231,0.07692307692307693,0.15384615384615385,0.07692307692307693,0.07692307692307693,0.07692307692307693,0.7692307692307693,0.3076923076923077,0.6153846153846154,0.07692307692307693,0.07692307692307693,0.3076923076923077,0.07692307692307693,0.07692307692307693,0.07692307692307693,1.0,0.15384615384615385,0.3076923076923077,0.5384615384615384,0.3076923076923077,0.46153846153846156,0.23076923076923078,0.6923076923076923,0.5384615384615384,0.6153846153846154,0.23076923076923078
009600267,0.9444444444444444,0.15,0.45,0.15,0.1,0.0,0.0,0.05,0.3888888888888889,0.15,0.0,0.0,0.0,0.2,0.0,0.0,0.05,0.65,0.05,0.1,0.05,0.15,0.25,0.3,0.3,0.2,0.35,0.15
009600270,0.34615384615384615,0.34615384615384615,0.38461538461538464,0.07692307692307693,0.07692307692307693,0.07692307692307693,0.07692307692307693,0.07692307692307693,0.23076923076923078,0.11538461538461539,0.19230769230769232,0.19230769230769232,0.07692307692307693,0.19230769230769232,0.0,0.07692307692307693,0.07692307692307693,0.11538461538461539,0.19230769230769232,0.11538461538461539,0.11538461538461539,0.11538461538461539,0.19230769230769232,0.15384615384615385,0.19230769230769232,0.11538461538461539,0.15384615384615385,0.11538461538461539
009600287,0.9333333333333333,0.13333333333333333,0.8666666666666667,0.06666666666666667,0.0,0.06666666666666667,0.0,0.2,0.6666666666666666,0.0,0.06666666666666667,0.06666666666666667,0.0,0.26666666666666666,0.0,0.0,0.06666666666666667,0.3333333333333333,0.06666666666666667,0.4,0.3333333333333333,0.06666666666666667,0.13333333333333333,0.2,0.06666666666666667,0.06666666666666667,0.06666666666666667,0.06666666666666667
009600335,0.9,0.65625,0.71875,0.375,0.5,0.1875,0.21875,0.28125,0.7,0.90625,0.5,0.71875,0.1875,0.5625,0.0,0.1875,0.65625,0.75,0.40625,0.3125,0.8125,0.53125,0.75,0.78125,0.78125,0.65625,0.625,0.5
009600337,0.8888888888888888,0.5263157894736842,0.7894736842105263,0.3157894736842105,0.0,0.21052631578947367,0.15789473684210525,0.5789473684210527,0.7222222222222222,0.5789473684210527,0.7368421052631579,0.3157894736842105,0.0,0.5789473684210527,0.0,0.2631578947368421,0.47368421052631576,0.7894736842105263,0.631578947368421,0.47368421052631576,0.7368421052631579,0.5263157894736842,0.5263157894736842,0.47368421052631576,0.47368421052631576,0.5263157894736842,0.47368421052631576,0.5789473684210527
009600338,0.9166666666666666,0.6,0.84,0.72,0.2,0.0,0.0,0.44,0.625,0.44,0.84,0.76,0.0,0.88,0.0,0.16,0.36,0.92,0.8,0.84,0.6,0.4,0.4,0.6,0.6,0.48,0.6,0.64
009600343,0.6153846153846154,0.6153846153846154,0.5384615384615384,0.3076923076923077,0.15384615384615385,0.15384615384615385,0.15384615384615385,0.15384615384615385,0.6153846153846154,0.5384615384615384,0.6923076923076923,0.15384615384615385,0.15384615384615385,0.46153846153846156,0.15384615384615385,0.15384615384615385,0.15384615384615385,0.7692307692307693,0.38461538461538464,0.3076923076923077,0.38461538461538464,0.38461538461538464,0.3076923076923077,0.38461538461538464,0.38461538461538464,0.5384615384615384,0.38461538461538464,0.38461538461538464
010120008,0.4375,0.11764705882352941,0.35294117647058826,0.0,0.0,0.0,0.0,0.0,0.125,0.0,0.0,0.0,0.0,0.0,0.0,0.0,0.0,0.23529411764705882,0.0,0.0,0.11764705882352941,0.0,0.11764705882352941,0.0,0.11764705882352941,0.11764705882352941,0.11764705882352941,0.11764705882352941
010120059,0.6176470588235294,0.09090909090909091,0.2727272727272727,0.09090909090909091,0.06060606060606061,0.06060606060606061,0.0,0.09090909090909091,0.11764705882352941,0.15151515151515152,0.15151515151515152,0.06060606060606061,0.06060606060606061,0.12121212121212122,0.06060606060606061,0.06060606060606061,0.09090909090909091,0.3333333333333333,0.06060606060606061,0.2727272727272727,0.2727272727272727,0.2727272727272727,0.15151515151515152,0.12121212121212122,0.12121212121212122,0.12121212121212122,0.15151515151515152,0.09090909090909091
010120071,0.52,0.08,0.44,0.0,0.08,0.08,0.08,0.08,0.12,0.08,0.08,0.08,0.08,0.16,0.08,0.08,0.08,0.76,0.08,0.08,0.32,0.08,0.32,0.12,0.2,0.08,0.08,0.2
010120128,0.5789473684210527,0.7777777777777778,0.7222222222222222,0.16666666666666666,0.0,0.0,0.0,0.16666666666666666,0.47368421052631576,0.05555555555555555,0.0,0.16666666666666666,0.0,0.0,0.16666666666666666,0.05555555555555555,0.0,0.4444444444444444,0.16666666666666666,0.16666666666666666,0.1111111111111111,0.05555555555555555,0.5,0.05555555555555555,0.0,0.0,0.05555555555555555,0.1111111111111111
010120148,0.32142857142857145,0.17857142857142858,0.6071428571428571,0.10714285714285714,0.0,0.07142857142857142,0.0,0.0,0.10714285714285714,0.07142857142857142,0.07142857142857142,0.0,0.0,0.25,0.07142857142857142,0.0,0.0,0.6785714285714286,0.07142857142857142,0.0,0.25,0.10714285714285714,0.21428571428571427,0.07142857142857142,0.32142857142857145,0.10714285714285714,0.14285714285714285,0.21428571428571427
010120166,0.45454545454545453,0.045454545454545456,0.36363636363636365,0.0,0.0,0.0,0.0,0.0,0.09090909090909091,0.0,0.09090909090909091,0.0,0.0,0.0,0.0,0.0,0.0,0.0,0.0,0.0,0.22727272727272727,0.0,0.0,0.045454545454545456,0.0,0.0,0.045454545454545456,0.0
010120180,0.6666666666666666,0.5,0.5833333333333334,0.0,0.0,0.0,0.0,0.08333333333333333,0.3333333333333333,0.0,0.0,0.0,0.0,0.16666666666666666,0.08333333333333333,0.0,0.0,0.9166666666666666,0.0,0.0,0.0,0.0,0.25,0.0,0.0,0.0,0.0,0.16666666666666666
010120193,0.5333333333333333,0.3333333333333333,0.3333333333333333,0.06666666666666667,0.0,0.06666666666666667,0.0,0.0,0.7333333333333333,0.26666666666666666,0.13333333333333333,0.06666666666666667,0.0,0.13333333333333333,0.0,0.0,0.06666666666666667,0.0,0.0,0.0,0.4,0.0,0.3333333333333333,0.06666666666666667,0.0,0.0,0.13333333333333333,0.3333333333333333
010120200,0.7647058823529411,0.7058823529411765,0.6470588235294118,0.11764705882352941,0.0,0.0,0.0,0.0,0.47058823529411764,0.17647058823529413,0.11764705882352941,0.11764705882352941,0.0,0.29411764705882354,0.0,0.0,0.0,0.5294117647058824,0.11764705882352941,0.11764705882352941,0.4117647058823529,0.47058823529411764,0.6470588235294118,0.058823529411764705,0.4117647058823529,0.29411764705882354,0.23529411764705882,0.35294117647058826
010120208,0.4583333333333333,0.20833333333333334,0.375,0.25,0.041666666666666664,0.0,0.08333333333333333,0.0,0.125,0.125,0.08333333333333333,0.0,0.08333333333333333,0.08333333333333333,0.0,0.041666666666666664,0.0,0.3333333333333333,0.0,0.0,0.0,0.041666666666666664,0.08333333333333333,0.0,0.125,0.08333333333333333,0.125,0.16666666666666666
010120212,0.85,0.15,0.75,0.45,0.25,0.15,0.25,0.35,0.25,0.25,0.4,0.45,0.25,0.55,0.25,0.45,0.15,0.75,0.35,0.4,0.25,0.25,0.35,0.5,0.3,0.25,0.3,0.55
010120219,0.5,0.0,0.4090909090909091,0.09090909090909091,0.0,0.09090909090909091,0.09090909090909091,0.0,0.09090909090909091,0.09090909090909091,0.0,0.09090909090909091,0.0,0.0,0.0,0.0,0.0,0.36363636363636365,0.09090909090909091,0.0,0.09090909090909091,0.13636363636363635,0.09090909090909091,0.0,0.13636363636363635,0.13636363636363635,0.09090909090909091,0.0
010120243,0.4375,0.03125,0.40625,0.0625,0.0625,0.0625,0.0,0.0625,0.15625,0.0,0.0625,0.0625,0.0625,0.0625,0.0625,0.0625,0.0625,0.3125,0.125,0.125,0.0625,0.0625,0.03125,0.125,0.09375,0.0,0.0625,0.0
010120255,0.3181818181818182,0.09090909090909091,0.2727272727272727,0.045454545454545456,0.045454545454545456,0.045454545454545456,0.045454545454545456,0.045454545454545456,0.09090909090909091,0.0,0.045454545454545456,0.09090909090909091,0.045454545454545456,0.045454545454545456,0.045454545454545456,0.045454545454545456,0.0,0.045454545454545456,0.13636363636363635,0.045454545454545456,0.045454545454545456,0.045454545454545456,0.045454545454545456,0.045454545454545456,0.0,0.0,0.0,0.13636363636363635
010120265,0.7222222222222222,0.21052631578947367,0.3157894736842105,0.15789473684210525,0.15789473684210525,0.21052631578947367,0.10526315789473684,0.15789473684210525,0.5555555555555556,0.3157894736842105,0.21052631578947367,0.3157894736842105,0.15789473684210525,0.3157894736842105,0.15789473684210525,0.15789473684210525,0.15789473684210525,0.7894736842105263,0.2631578947368421,0.2631578947368421,0.42105263157894735,0.2631578947368421,0.47368421052631576,0.15789473684210525,0.3684210526315789,0.3157894736842105,0.42105263157894735,0.3157894736842105
010120269,0.42857142857142855,0.23809523809523808,0.47619047619047616,0.2857142857142857,0.0,0.0,0.0,0.14285714285714285,0.19047619047619047,0.14285714285714285,0.14285714285714285,0.2857142857142857,0.047619047619047616,0.19047619047619047,0.0,0.0,0.14285714285714285,0.23809523809523808,0.09523809523809523,0.14285714285714285,0.14285714285714285,0.047619047619047616,0.047619047619047616,0.09523809523809523,0.23809523809523808,0.09523809523809523,0.14285714285714285,0.14285714285714285
010120303,0.25806451612903225,0.28125,0.6875,0.0,0.0,0.0,0.0,0.0,0.0967741935483871,0.0,0.0,0.09375,0.0,0.0,0.0,0.0,0.0,0.28125,0.0,0.0,0.03125,0.0625,0.21875,0.0,0.15625,0.0625,0.0,0.03125
010120334,0.375,0.20833333333333334,0.4583333333333333,0.16666666666666666,0.16666666666666666,0.16666666666666666,0.16666666666666666,0.16666666666666666,0.20833333333333334,0.16666666666666666,0.16666666666666666,0.16666666666666666,0.16666666666666666,0.16666666666666666,0.20833333333333334,0.16666666666666666,0.16666666666666666,0.20833333333333334,0.2916666666666667,0.125,0.25,0.125,0.20833333333333334,0.16666666666666666,0.16666666666666666,0.16666666666666666,0.125,0.16666666666666666
010120335,0.3793103448275862,0.13793103448275862,0.5517241379310345,0.0,0.0,0.0,0.0,0.0,0.10344827586206896,0.0,0.06896551724137931,0.0,0.0,0.0,0.0,0.0,0.0,0.20689655172413793,0.06896551724137931,0.0,0.10344827586206896,0.0,0.0,0.034482758620689655,0.06896551724137931,0.0,0.0,0.0
010120374,0.5882352941176471,0.5555555555555556,0.5555555555555556,0.0,0.0,0.0,0.0,0.0,0.17647058823529413,0.0,0.1111111111111111,0.0,0.0,0.1111111111111111,0.0,0.0,0.0,0.1111111111111111,0.3333333333333333,0.0,0.1111111111111111,0.0,0.2222222222222222,0.1111111111111111,0.16666666666666666,0.0,0.0,0.0
010270117,0.06666666666666667,0.13333333333333333,0.4,0.0,0.06666666666666667,0.2,0.13333333333333333,0.06666666666666667,0.26666666666666666,0.26666666666666666,0.06666666666666667,0.13333333333333333,0.13333333333333333,0.2,0.26666666666666666,0.0,0.2,0.2,0.4,0.13333333333333333,0.13333333333333333,0.13333333333333333,0.13333333333333333,0.2,0.26666666666666666,0.13333333333333333,0.2,0.13333333333333333
010270124,0.5263157894736842,0.0,0.15789473684210525,0.0,0.0,0.0,0.0,0.0,0.0,0.0,0.0,0.0,0.0,0.0,0.0,0.0,0.0,0.0,0.0,0.0,0.0,0.0,0.0,0.0,0.0,0.0,0.0,0.0
010270131,0.6153846153846154,0.0,0.46153846153846156,0.0,0.0,0.0,0.15384615384615385,0.0,0.0,0.0,0.0,0.0,0.0,0.0,0.0,0.0,0.0,0.0,0.0,0.0,0.0,0.0,0.0,0.0,0.0,0.0,0.0,0.0
010270140,0.7272727272727273,0.08695652173913043,0.34782608695652173,0.08695652173913043,0.08695652173913043,0.08695652173913043,0.08695652173913043,0.08695652173913043,0.2727272727272727,0.08695652173913043,0.08695652173913043,0.08695652173913043,0.08695652173913043,0.08695652173913043,0.08695652173913043,0.08695652173913043,0.08695652173913043,0.34782608695652173,0.08695652173913043,0.08695652173913043,0.08695652173913043,0.08695652173913043,0.08695652173913043,0.08695652173913043,0.08695652173913043,0.08695652173913043,0.08695652173913043,0.08695652173913043
010270170,0.3333333333333333,0.05263157894736842,0.10526315789473684,0.0,0.0,0.0,0.10526315789473684,0.10526315789473684,0.05555555555555555,0.0,0.0,0.0,0.0,0.0,0.0,0.10526315789473684,0.0,0.0,0.0,0.0,0.0,0.0,0.10526315789473684,0.10526315789473684,0.0,0.0,0.0,0.10526315789473684
010270198,0.3333333333333333,0.2608695652173913,0.391304347826087,0.0,0.0,0.0,0.0,0.0,0.14285714285714285,0.0,0.0,0.0,0.0,0.0,0.0,0.0,0.0,0.30434782608695654,0.0,0.0,0.0,0.0,0.0,0.0,0.0,0.0,0.0,0.0
010270226,0.4117647058823529,0.05555555555555555,0.3888888888888889,0.05555555555555555,0.05555555555555555,0.05555555555555555,0.05555555555555555,0.05555555555555555,0.058823529411764705,0.05555555555555555,0.05555555555555555,0.05555555555555555,0.05555555555555555,0.05555555555555555,0.05555555555555555,0.05555555555555555,0.05555555555555555,0.16666666666666666,0.05555555555555555,0.05555555555555555,0.0,0.05555555555555555,0.05555555555555555,0.05555555555555555,0.05555555555555555,0.05555555555555555,0.05555555555555555,0.05555555555555555
010270238,0.4375,0.0625,0.4375,0.0,0.0,0.0,0.0,0.0,0.0625,0.0,0.0,0.0,0.0,0.0,0.0,0.0,0.0,0.25,0.0,0.1875,0.125,0.0,0.0,0.0,0.0,0.0,0.0,0.125
010270265,0.36363636363636365,0.18181818181818182,0.45454545454545453,0.0,0.0,0.0,0.0,0.0,0.18181818181818182,0.0,0.045454545454545456,0.0,0.0,0.0,0.0,0.0,0.0,0.45454545454545453,0.0,0.3181818181818182,0.0,0.0,0.0,0.0,0.0,0.0,0.045454545454545456,0.0
010270268,0.5333333333333333,0.0,0.4375,0.0,0.0,0.0,0.0,0.0,0.1,0.0,0.0,0.0,0.0,0.0,0.0,0.0,0.0,0.15625,0.0,0.0,0.0,0.0,0.0,0.0,0.0,0.0,0.0,0.0
010270294,0.5,0.0,0.3125,0.0,0.0,0.0,0.0,0.0,0.0625,0.0,0.0,0.0,0.0,0.0,0.0,0.0,0.0,0.25,0.0,0.0,0.0,0.0,0.0,0.0,0.0,0.0,0.0625,0.0
010270301,0.42105263157894735,0.0,0.10526315789473684,0.0,0.0,0.0,0.0,0.0,0.0,0.0,0.0,0.0,0.0,0.0,0.0,0.0,0.0,0.10526315789473684,0.0,0.0,0.0,0.0,0.0,0.0,0.0,0.0,0.0,0.0
010270306,0.3333333333333333,0.1111111111111111,0.4444444444444444,0.0,0.0,0.0,0.0,0.0,0.1388888888888889,0.0,0.0,0.0,0.0,0.08333333333333333,0.0,0.0,0.0,0.1388888888888889,0.0,0.0,0.0,0.0,0.05555555555555555,0.0,0.0,0.0,0.08333333333333333,0.1111111111111111
010270314,0.3888888888888889,0.0,0.3333333333333333,0.0,0.0,0.0,0.0,0.2222222222222222,0.2777777777777778,0.0,0.0,0.0,0.0,0.0,0.0,0.2222222222222222,0.0,0.0,0.2222222222222222,0.0,0.0,0.2222222222222222,0.2222222222222222,0.1111111111111111,0.1111111111111111,0.1111111111111111,0.1111111111111111,0.0
010270349,0.4166666666666667,0.16,0.36,0.0,0.0,0.0,0.0,0.0,0.125,0.0,0.0,0.0,0.0,0.0,0.0,0.0,0.0,0.12,0.0,0.0,0.0,0.0,0.0,0.12,0.0,0.0,0.12,0.0
010270354,0.5294117647058824,0.058823529411764705,0.47058823529411764,0.0,0.0,0.0,0.0,0.0,0.11764705882352941,0.0,0.0,0.0,0.0,0.0,0.0,0.0,0.0,0.29411764705882354,0.0,0.0,0.0,0.0,0.0,0.0,0.0,0.0,0.0,0.0
010270356,0.6818181818181818,0.0,0.32,0.0,0.0,0.0,0.0,0.0,0.09090909090909091,0.0,0.0,0.0,0.0,0.0,0.0,0.0,0.0,0.28,0.0,0.0,0.0,0.0,0.0,0.0,0.08,0.0,0.04,0.0
010270366,0.5,0.0,0.4782608695652174,0.0,0.0,0.0,0.0,0.0,0.08333333333333333,0.0,0.0,0.0,0.0,0.0,0.0,0.0,0.0,0.30434782608695654,0.0,0.0,0.0,0.0,0.0,0.0,0.0,0.0,0.0,0.0
010270368,0.8095238095238095,0.0,0.5652173913043478,0.0,0.0,0.0,0.0,0.0,0.09523809523809523,0.0,0.0,0.0,0.0,0.0,0.0,0.0,0.0,0.0,0.0,0.0,0.0,0.0,0.0,0.0,0.0,0.0,0.0,0.0
010270377,0.25806451612903225,0.030303030303030304,0.18181818181818182,0.0,0.0,0.0,0.0,0.0,0.06451612903225806,0.0,0.0,0.0,0.0,0.0,0.0,0.0,0.0,0.21212121212121213,0.06060606060606061,0.0,0.030303030303030304,0.0,0.0,0.0,0.0,0.0,0.0,0.0
010290003,0.5882352941176471,0.1111111111111111,0.5555555555555556,0.1111111111111111,0.0,0.0,0.0,0.0,0.4117647058823529,0.0,0.1111111111111111,0.0,0.1111111111111111,0.2222222222222222,0.0,0.1111111111111111,0.0,0.5555555555555556,0.5555555555555556,0.16666666666666666,0.1111111111111111,0.1111111111111111,0.2222222222222222,0.1111111111111111,0.0,0.1111111111111111,0.05555555555555555,0.0
010290066,0.4230769230769231,0.0,0.4230769230769231,0.07692307692307693,0.0,0.07692307692307693,0.07692307692307693,0.07692307692307693,0.07692307692307693,0.038461538461538464,0.0,0.07692307692307693,0.0,0.07692307692307693,0.0,0.0,0.07692307692307693,0.2692307692307692,0.07692307692307693,0.07692307692307693,0.0,0.0,0.07692307692307693,0.07692307692307693,0.07692307692307693,0.07692307692307693,0.07692307692307693,0.07692307692307693
010290094,0.7142857142857143,0.07142857142857142,0.5,0.0,0.0,0.0,0.0,0.0,0.42857142857142855,0.0,0.0,0.0,0.0,0.0,0.0,0.0,0.0,0.0,0.0,0.0,0.0,0.0,0.0,0.0,0.0,0.0,0.07142857142857142,0.0
010290096,0.32,0.12,0.48,0.04,0.04,0.0,0.0,0.0,0.12,0.12,0.04,0.0,0.0,0.04,0.0,0.0,0.0,0.32,0.0,0.04,0.0,0.04,0.04,0.08,0.16,0.0,0.12,0.08
010290123,0.5416666666666666,0.12,0.36,0.08,0.0,0.0,0.0,0.16,0.16666666666666666,0.04,0.04,0.28,0.0,0.0,0.0,0.0,0.08,0.28,0.0,0.08,0.12,0.08,0.04,0.0,0.2,0.0,0.04,0.04
010290152,0.43333333333333335,0.0,0.3333333333333333,0.0,0.0,0.0,0.0,0.0,0.16666666666666666,0.0,0.0,0.0,0.0,0.0,0.0,0.0,0.0,0.0,0.0,0.0,0.0,0.0,0.0,0.0,0.0,0.0,0.0,0.0
010290179,0.4666666666666667,0.35294117647058826,0.17647058823529413,0.0,0.0,0.0,0.0,0.0,0.2,0.0,0.0,0.0,0.0,0.11764705882352941,0.0,0.0,0.0,0.7647058823529411,0.0,0.0,0.0,0.0,0.11764705882352941,0.0,0.058823529411764705,0.0,0.11764705882352941,0.23529411764705882
010290189,0.5294117647058824,0.11764705882352941,0.5294117647058824,0.0,0.0,0.0,0.0,0.0,0.23529411764705882,0.0,0.0,0.0,0.0,0.0,0.0,0.0,0.0,0.47058823529411764,0.11764705882352941,0.0,0.11764705882352941,0.0,0.0,0.0,0.11764705882352941,0.0,0.29411764705882354,0.0
010290229,0.75,0.5294117647058824,0.5294117647058824,0.0,0.0,0.0,0.0,0.11764705882352941,0.25,0.058823529411764705,0.35294117647058826,0.0,0.0,0.11764705882352941,0.0,0.0,0.0,0.8235294117647058,0.23529411764705882,0.0,0.058823529411764705,0.11764705882352941,0.11764705882352941,0.058823529411764705,0.11764705882352941,0.11764705882352941,0.11764705882352941,0.11764705882352941
010290236,0.5714285714285714,0.23809523809523808,0.23809523809523808,0.0,0.0,0.0,0.0,0.0,0.23809523809523808,0.09523809523809523,0.23809523809523808,0.19047619047619047,0.0,0.0,0.09523809523809523,0.19047619047619047,0.0,0.47619047619047616,0.0,0.0,0.19047619047619047,0.14285714285714285,0.0,0.047619047619047616,0.09523809523809523,0.19047619047619047,0.2857142857142857,0.09523809523809523
010290252,0.5555555555555556,0.27586206896551724,0.6551724137931034,0.1724137931034483,0.034482758620689655,0.034482758620689655,0.10344827586206896,0.20689655172413793,0.4074074074074074,0.3103448275862069,0.10344827586206896,0.3448275862068966,0.10344827586206896,0.034482758620689655,0.034482758620689655,0.2413793103448276,0.10344827586206896,0.3448275862068966,0.13793103448275862,0.1724137931034483,0.10344827586206896,0.1724137931034483,0.10344827586206896,0.27586206896551724,0.2413793103448276,0.2413793103448276,0.3103448275862069,0.3103448275862069
010290260,0.3333333333333333,0.2,0.6,0.0,0.0,0.0,0.0,0.0,0.06666666666666667,0.2,0.0,0.0,0.2,0.13333333333333333,0.0,0.0,0.06666666666666667,0.0,0.0,0.0,0.13333333333333333,0.06666666666666667,0.3333333333333333,0.2,0.3333333333333333,0.26666666666666666,0.13333333333333333,0.13333333333333333
010290276,0.8,0.0,0.8,0.2,0.0,0.0,0.0,0.0,0.06666666666666667,0.0,0.0,0.0,0.0,0.0,0.0,0.0,0.13333333333333333,0.6666666666666666,0.2,0.0,0.13333333333333333,0.0,0.0,0.0,0.0,0.0,0.13333333333333333,0.2
010290287,0.3684210526315789,0.0,0.42105263157894735,0.0,0.10526315789473684,0.0,0.0,0.0,0.0,0.0,0.0,0.0,0.0,0.0,0.0,0.0,0.0,0.10526315789473684,0.0,0.0,0.0,0.10526315789473684,0.0,0.0,0.0,0.0,0.10526315789473684,0.0
010290294,0.17647058823529413,0.11764705882352941,0.4117647058823529,0.0,0.0,0.0,0.0,0.0,0.058823529411764705,0.0,0.0,0.0,0.0,0.0,0.0,0.0,0.0,0.4117647058823529,0.0,0.0,0.0,0.0,0.058823529411764705,0.0,0.0,0.0,0.0,0.0
010290320,0.4230769230769231,0.0,0.46153846153846156,0.0,0.0,0.0,0.0,0.0,0.0,0.0,0.0,0.0,0.0,0.0,0.0,0.0,0.0,0.5,0.0,0.0,0.23076923076923078,0.0,0.038461538461538464,0.0,0.0,0.0,0.0,0.038461538461538464
010290330,0.5416666666666666,0.125,0.5,0.08333333333333333,0.0,0.0,0.0,0.08333333333333333,0.20833333333333334,0.0,0.08333333333333333,0.08333333333333333,0.0,0.0,0.0,0.0,0.08333333333333333,0.20833333333333334,0.25,0.16666666666666666,0.25,0.08333333333333333,0.16666666666666666,0.0,0.08333333333333333,0.0,0.0,0.125
010290341,0.3333333333333333,0.20588235294117646,0.5588235294117647,0.0,0.0,0.0,0.17647058823529413,0.08823529411764706,0.06060606060606061,0.058823529411764705,0.14705882352941177,0.0,0.0,0.058823529411764705,0.08823529411764706,0.0,0.14705882352941177,0.38235294117647056,0.0,0.08823529411764706,0.08823529411764706,0.0,0.058823529411764705,0.20588235294117646,0.08823529411764706,0.0,0.08823529411764706,0.11764705882352941
010290361,0.5416666666666666,0.44,0.52,0.2,0.2,0.16,0.08,0.24,0.20833333333333334,0.0,0.16,0.2,0.24,0.24,0.0,0.0,0.2,0.56,0.28,0.2,0.16,0.2,0.32,0.0,0.08,0.16,0.2,0.2
010290362,0.35294117647058826,0.058823529411764705,0.47058823529411764,0.0,0.0,0.0,0.0,0.0,0.058823529411764705,0.0,0.0,0.0,0.0,0.0,0.0,0.0,0.0,0.0,0.0,0.0,0.0,0.0,0.0,0.0,0.0,0.0,0.058823529411764705,0.0
010330026,0.44,0.1111111111111111,0.37037037037037035,0.037037037037037035,0.037037037037037035,0.037037037037037035,0.037037037037037035,0.037037037037037035,0.04,0.07407407407407407,0.1111111111111111,0.037037037037037035,0.037037037037037035,0.0,0.037037037037037035,0.037037037037037035,0.037037037037037035,0.25925925925925924,0.037037037037037035,0.037037037037037035,0.07407407407407407,0.14814814814814814,0.2222222222222222,0.037037037037037035,0.07407407407407407,0.037037037037037035,0.14814814814814814,0.2222222222222222
010330033,0.8571428571428571,0.4666666666666667,0.5333333333333333,0.26666666666666666,0.0,0.2,0.2,0.4,0.21428571428571427,0.2,0.26666666666666666,0.26666666666666666,0.0,0.2,0.2,0.0,0.0,0.4666666666666667,0.3333333333333333,0.2,0.0,0.0,0.2,0.2,0.2,0.0,0.3333333333333333,0.2
010330035,0.4782608695652174,0.08,0.56,0.0,0.0,0.0,0.08,0.0,0.08695652173913043,0.0,0.0,0.0,0.0,0.0,0.0,0.0,0.0,0.04,0.0,0.04,0.0,0.0,0.08,0.08,0.08,0.0,0.12,0.0
010330052,0.6551724137931034,0.13333333333333333,0.3333333333333333,0.3333333333333333,0.26666666666666666,0.1,0.2,0.2,0.1724137931034483,0.13333333333333333,0.1,0.2,0.2,0.2,0.2,0.2,0.2,0.23333333333333334,0.43333333333333335,0.43333333333333335,0.4,0.13333333333333333,0.3,0.13333333333333333,0.23333333333333334,0.13333333333333333,0.23333333333333334,0.16666666666666666
010330053,0.36,0.0,0.72,0.0,0.0,0.0,0.0,0.0,0.12,0.0,0.0,0.0,0.0,0.0,0.0,0.0,0.0,0.32,0.0,0.0,0.0,0.0,0.0,0.0,0.0,0.0,0.0,0.0
010330085,0.4166666666666667,0.041666666666666664,0.25,0.0,0.0,0.0,0.0,0.0,0.041666666666666664,0.08333333333333333,0.0,0.0,0.0,0.0,0.0,0.0,0.0,0.25,0.0,0.0,0.041666666666666664,0.0,0.0,0.0,0.0,0.0,0.0,0.041666666666666664
010330103,0.36,0.04,0.56,0.04,0.04,0.04,0.04,0.04,0.12,0.04,0.04,0.04,0.04,0.04,0.04,0.04,0.04,0.44,0.04,0.04,0.0,0.04,0.04,0.04,0.04,0.04,0.04,0.04
010330129,0.5416666666666666,0.16,0.52,0.0,0.0,0.0,0.0,0.0,0.16666666666666666,0.0,0.0,0.0,0.0,0.0,0.0,0.0,0.0,0.44,0.0,0.0,0.0,0.0,0.0,0.0,0.0,0.0,0.08,0.0
010330139,0.6176470588235294,0.05555555555555555,0.3333333333333333,0.027777777777777776,0.027777777777777776,0.027777777777777776,0.027777777777777776,0.027777777777777776,0.058823529411764705,0.1111111111111111,0.05555555555555555,0.027777777777777776,0.08333333333333333,0.1388888888888889,0.05555555555555555,0.05555555555555555,0.08333333333333333,0.16666666666666666,0.08333333333333333,0.1111111111111111,0.05555555555555555,0.1111111111111111,0.05555555555555555,0.05555555555555555,0.1111111111111111,0.1111111111111111,0.19444444444444445,0.19444444444444445
010330147,0.375,0.5,0.625,0.125,0.0,0.0,0.125,0.1875,0.75,0.125,0.125,0.125,0.0625,0.125,0.125,1.0,0.1875,0.125,0.0625,0.125,0.1875,0.0,0.0625,0.0625,0.0,0.0,0.0625,0.5625
010330197,0.36363636363636365,0.34375,0.53125,0.0,0.0,0.0,0.0,0.0,0.12121212121212122,0.0,0.0,0.0,0.0,0.0,0.0,0.0,0.0,0.21875,0.0,0.0,0.0625,0.0,0.0,0.0,0.09375,0.0625,0.375,0.0
010330206,0.4473684210526316,0.1282051282051282,0.5384615384615384,0.10256410256410256,0.10256410256410256,0.07692307692307693,0.10256410256410256,0.10256410256410256,0.23684210526315788,0.15384615384615385,0.10256410256410256,0.10256410256410256,0.10256410256410256,0.10256410256410256,0.07692307692307693,0.10256410256410256,0.10256410256410256,0.48717948717948717,0.10256410256410256,0.10256410256410256,0.1282051282051282,0.10256410256410256,0.2564102564102564,0.1282051282051282,0.10256410256410256,0.10256410256410256,0.23076923076923078,0.23076923076923078
010330235,0.5333333333333333,0.4666666666666667,0.5333333333333333,0.5333333333333333,0.4,0.4,0.3333333333333333,0.4,0.3333333333333333,0.13333333333333333,0.4666666666666667,0.4,0.13333333333333333,0.4,0.13333333333333333,0.4,0.4,0.6,0.4,0.4666666666666667,0.4666666666666667,0.3333333333333333,0.4666666666666667,0.26666666666666666,0.3333333333333333,0.4,0.5333333333333333,0.4666666666666667
010330241,0.875,0.3125,0.5,0.0,0.125,0.125,0.125,0.0,0.0625,0.125,0.0,0.0,0.0,0.0,0.0,0.0,0.0,0.25,0.0625,0.0,0.0625,0.0625,0.25,0.125,0.0625,0.125,0.125,0.125
010330257,0.7391304347826086,0.0,0.4166666666666667,0.0,0.0,0.0,0.0,0.0,0.13043478260869565,0.16666666666666666,0.041666666666666664,0.0,0.0,0.0,0.0,0.0,0.0,0.08333333333333333,0.0,0.0,0.0,0.0,0.0,0.0,0.0,0.0,0.0,0.0
010330268,0.42857142857142855,0.0,0.47619047619047616,0.0,0.0,0.0,0.0,0.0,0.0,0.0,0.0,0.047619047619047616,0.0,0.0,0.0,0.0,0.0,0.047619047619047616,0.047619047619047616,0.0,0.047619047619047616,0.0,0.0,0.0,0.0,0.0,0.0,0.0
010330277,0.4,0.0,0.72,0.24,0.0,0.0,0.0,0.0,0.04,0.0,0.0,0.0,0.0,0.0,0.0,0.0,0.0,0.24,0.0,0.0,0.0,0.0,0.04,0.0,0.0,0.0,0.04,0.04
010330325,0.4230769230769231,0.15384615384615385,0.5769230769230769,0.15384615384615385,0.15384615384615385,0.15384615384615385,0.15384615384615385,0.15384615384615385,0.15384615384615385,0.11538461538461539,0.15384615384615385,0.15384615384615385,0.11538461538461539,0.19230769230769232,0.07692307692307693,0.11538461538461539,0.15384615384615385,0.23076923076923078,0.15384615384615385,0.15384615384615385,0.15384615384615385,0.07692307692307693,0.15384615384615385,0.11538461538461539,0.11538461538461539,0.07692307692307693,0.11538461538461539,0.11538461538461539
010330345,0.47058823529411764,0.0,0.5294117647058824,0.0,0.0,0.0,0.0,0.0,0.0,0.0,0.0,0.0,0.0,0.0,0.0,0.0,0.0,0.0,0.0,0.0,0.0,0.0,0.0,0.0,0.0,0.0,0.0,0.0
010330346,0.14285714285714285,0.03571428571428571,0.4642857142857143,0.0,0.0,0.0,0.0,0.0,0.07142857142857142,0.03571428571428571,0.0,0.0,0.10714285714285714,0.0,0.0,0.0,0.0,0.32142857142857145,0.0,0.0,0.0,0.0,0.0,0.0,0.10714285714285714,0.07142857142857142,0.03571428571428571,0.0
010420022,0.7142857142857143,0.7142857142857143,0.6428571428571429,0.21428571428571427,0.5714285714285714,0.2857142857142857,0.14285714285714285,0.2857142857142857,0.35714285714285715,0.2857142857142857,0.42857142857142855,0.2857142857142857,0.7857142857142857,0.35714285714285715,0.2857142857142857,0.42857142857142855,0.2857142857142857,1.0,0.6428571428571429,0.6428571428571429,0.35714285714285715,0.42857142857142855,0.5,0.2857142857142857,1.0,0.2857142857142857,0.5,0.21428571428571427
010420023,0.9375,0.5882352941176471,0.7647058823529411,0.17647058823529413,0.29411764705882354,0.0,0.0,0.0,0.5625,0.29411764705882354,0.29411764705882354,0.29411764705882354,0.29411764705882354,0.35294117647058826,0.0,0.0,0.0,1.0,0.17647058823529413,0.17647058823529413,0.11764705882352941,0.29411764705882354,0.11764705882352941,0.17647058823529413,0.5882352941176471,0.11764705882352941,0.35294117647058826,0.17647058823529413
010420025,0.6,0.4,0.6666666666666666,0.3333333333333333,0.2,0.2,0.2,0.3333333333333333,0.4,0.5333333333333333,0.4,0.4,0.2,0.3333333333333333,0.2,0.2,0.3333333333333333,0.5333333333333333,0.5333333333333333,0.6666666666666666,0.3333333333333333,0.4,0.4,0.2,0.5333333333333333,0.2,0.4,0.2
010420034,0.7142857142857143,0.21428571428571427,0.21428571428571427,0.0,0.0,0.0,0.0,0.21428571428571427,0.35714285714285715,0.21428571428571427,0.2857142857142857,1.0,0.21428571428571427,0.0,0.0,0.0,0.21428571428571427,0.5714285714285714,0.21428571428571427,0.14285714285714285,0.21428571428571427,0.21428571428571427,0.5,0.2857142857142857,0.14285714285714285,0.21428571428571427,0.07142857142857142,0.21428571428571427
010420040,0.6666666666666666,0.46153846153846156,0.15384615384615385,0.15384615384615385,0.0,0.0,0.0,0.15384615384615385,0.16666666666666666,0.0,0.23076923076923078,0.0,0.0,0.23076923076923078,0.0,0.0,0.15384615384615385,0.6923076923076923,0.15384615384615385,0.0,0.15384615384615385,0.0,0.15384615384615385,0.15384615384615385,0.0,0.0,0.38461538461538464,0.23076923076923078
010420047,1.0,0.0,0.0,0.0,0.0,0.0,0.2857142857142857,0.0,0.2857142857142857,0.0,0.0,1.0,0.0,0.14285714285714285,0.0,0.0,0.0,0.7142857142857143,0.14285714285714285,0.0,0.2857142857142857,0.14285714285714285,0.5714285714285714,0.0,0.0,0.0,0.2857142857142857,0.0
010420059,0.9333333333333333,0.8666666666666667,0.7333333333333333,0.3333333333333333,0.26666666666666666,0.2,0.2,0.3333333333333333,0.4666666666666667,0.4,0.26666666666666666,0.26666666666666666,0.13333333333333333,0.2,0.6,1.0,0.4,1.0,0.5333333333333333,0.4666666666666667,0.4666666666666667,0.4666666666666667,0.2,0.5333333333333333,0.6,0.4,0.4,0.4
010420060,0.9285714285714286,0.14285714285714285,0.5,0.21428571428571427,0.0,0.0,0.2857142857142857,0.07142857142857142,0.35714285714285715,0.42857142857142855,0.21428571428571427,0.0,0.0,0.07142857142857142,0.0,1.0,0.0,0.9285714285714286,0.35714285714285715,0.42857142857142855,0.07142857142857142,0.21428571428571427,0.5,0.2857142857142857,0.42857142857142855,0.21428571428571427,0.35714285714285715,0.2857142857142857
010420064,0.7857142857142857,0.6428571428571429,0.7142857142857143,0.6428571428571429,0.5,0.35714285714285715,0.7857142857142857,0.6428571428571429,0.6428571428571429,0.6428571428571429,0.2857142857142857,0.5,0.07142857142857142,0.21428571428571427,0.0,1.0,0.7142857142857143,1.0,0.42857142857142855,0.5,0.5714285714285714,0.2857142857142857,0.6428571428571429,0.5,0.8571428571428571,0.6428571428571429,0.6428571428571429,0.5
010420102,0.6470588235294118,0.6111111111111112,0.6111111111111112,0.6111111111111112,0.4444444444444444,0.5,0.6111111111111112,0.5,0.8823529411764706,0.3888888888888889,0.3333333333333333,0.4444444444444444,0.5,0.3333333333333333,0.3888888888888889,0.5,0.4444444444444444,0.9444444444444444,0.6666666666666666,0.6111111111111112,0.4444444444444444,0.2777777777777778,0.6666666666666666,0.5,0.4444444444444444,0.3333333333333333,0.5555555555555556,0.5
010420105,0.25,0.125,0.3125,0.0625,0.0625,0.125,0.125,0.0625,0.125,0.125,0.125,0.0625,0.125,0.0625,0.0625,0.0625,0.0625,0.4375,0.125,0.0,0.0,0.0,0.125,0.125,0.0,0.0625,0.0625,0.0625
010420107,0.8095238095238095,0.19047619047619047,0.3333333333333333,0.38095238095238093,0.23809523809523808,0.047619047619047616,0.047619047619047616,0.23809523809523808,0.5238095238095238,0.09523809523809523,0.2857142857142857,0.19047619047619047,0.42857142857142855,0.23809523809523808,0.047619047619047616,0.19047619047619047,0.2857142857142857,0.7142857142857143,0.14285714285714285,0.7619047619047619,0.47619047619047616,0.5238095238095238,0.09523809523809523,0.19047619047619047,0.47619047619047616,0.38095238095238093,0.3333333333333333,0.19047619047619047
010420129,0.6666666666666666,0.6,0.6666666666666666,0.0,0.0,0.0,0.2,0.3333333333333333,0.26666666666666666,0.13333333333333333,0.4,0.26666666666666666,0.13333333333333333,0.4,0.3333333333333333,0.2,0.0,0.6666666666666666,0.2,0.0,0.26666666666666666,0.0,0.3333333333333333,0.2,0.26666666666666666,0.13333333333333333,0.26666666666666666,0.13333333333333333
010420133,1.0,0.5714285714285714,0.7142857142857143,0.5714285714285714,0.6428571428571429,0.42857142857142855,0.2857142857142857,0.35714285714285715,0.9230769230769231,0.7857142857142857,0.6428571428571429,0.7857142857142857,0.8571428571428571,1.0,0.14285714285714285,0.0,0.42857142857142855,1.0,0.5,0.35714285714285715,0.5,0.7857142857142857,0.5714285714285714,0.6428571428571429,0.8571428571428571,0.5,0.8571428571428571,0.8571428571428571
010420134,0.625,0.1875,0.4375,0.0625,0.0625,0.0,0.0625,0.0625,0.3125,0.125,0.1875,0.0625,0.0625,0.125,0.0625,0.8125,0.0625,0.8125,0.0625,0.25,0.25,0.125,0.125,0.125,0.3125,0.0,0.0625,0.1875
010420143,0.6153846153846154,0.48,0.44,0.28,0.12,0.0,0.16,0.44,0.34615384615384615,0.2,0.68,0.12,0.0,0.36,0.04,0.04,0.16,0.88,0.28,0.52,0.4,0.04,0.44,0.24,0.2,0.08,0.48,0.24
010420151,0.8,0.0,0.6363636363636364,0.0,0.0,0.0,0.0,0.0,0.1,0.0,0.0,0.0,0.36363636363636365,0.0,0.2727272727272727,0.18181818181818182,0.0,0.6363636363636364,0.0,0.0,0.0,0.0,0.0,0.0,0.0,0.0,0.0,0.0
010420157,0.7142857142857143,0.5333333333333333,0.5333333333333333,0.2,0.2,0.0,0.0,0.2,0.2857142857142857,0.06666666666666667,0.5333333333333333,0.0,0.2,0.13333333333333333,0.2,0.2,0.2,0.5333333333333333,0.0,0.0,0.4666666666666667,0.0,0.0,0.0,0.2,0.2,0.26666666666666666,0.4666666666666667
010420167,1.0,0.0,0.5,0.21428571428571427,0.0,0.0,0.0,0.14285714285714285,0.21428571428571427,0.42857142857142855,0.2857142857142857,0.0,0.0,0.07142857142857142,0.0,0.0,0.35714285714285715,0.7857142857142857,0.0,0.21428571428571427,0.2857142857142857,0.21428571428571427,0.5,0.5,0.42857142857142855,0.21428571428571427,0.14285714285714285,0.21428571428571427
010420175,0.7272727272727273,0.18181818181818182,0.09090909090909091,0.0,0.18181818181818182,0.0,0.18181818181818182,0.18181818181818182,0.18181818181818182,0.0,0.0,0.0,0.0,0.18181818181818182,0.0,0.18181818181818182,0.0,0.8181818181818182,0.18181818181818182,0.18181818181818182,0.18181818181818182,0.09090909090909091,0.18181818181818182,0.18181818181818182,0.18181818181818182,0.18181818181818182,0.18181818181818182,0.18181818181818182
010440006,0.4444444444444444,0.21052631578947367,0.47368421052631576,0.10526315789473684,0.15789473684210525,0.15789473684210525,0.10526315789473684,0.10526315789473684,0.16666666666666666,0.21052631578947367,0.10526315789473684,0.15789473684210525,0.05263157894736842,0.21052631578947367,0.05263157894736842,0.21052631578947367,0.10526315789473684,0.2631578947368421,0.21052631578947367,0.15789473684210525,0.10526315789473684,0.21052631578947367,0.21052631578947367,0.15789473684210525,0.21052631578947367,0.15789473684210525,0.15789473684210525,0.21052631578947367
010440008,0.42105263157894735,0.15789473684210525,0.5263157894736842,0.0,0.0,0.0,0.0,0.0,0.10526315789473684,0.10526315789473684,0.0,0.0,0.0,0.10526315789473684,0.0,0.0,0.0,0.3684210526315789,0.0,0.0,0.3684210526315789,0.0,0.15789473684210525,0.0,0.15789473684210525,0.10526315789473684,0.10526315789473684,0.0
010440012,0.5714285714285714,0.38095238095238093,0.2857142857142857,0.0,0.047619047619047616,0.0,0.0,0.0,0.19047619047619047,0.19047619047619047,0.047619047619047616,0.09523809523809523,0.047619047619047616,0.14285714285714285,0.14285714285714285,0.0,0.0,0.42857142857142855,0.09523809523809523,0.09523809523809523,0.3333333333333333,0.19047619047619047,0.19047619047619047,0.09523809523809523,0.19047619047619047,0.19047619047619047,0.19047619047619047,0.09523809523809523
010440017,0.4,0.13333333333333333,0.6666666666666666,0.13333333333333333,0.06666666666666667,0.0,0.0,0.13333333333333333,0.06666666666666667,0.06666666666666667,0.06666666666666667,0.13333333333333333,0.06666666666666667,0.06666666666666667,0.0,0.06666666666666667,0.13333333333333333,0.2,0.13333333333333333,0.06666666666666667,0.06666666666666667,0.0,0.06666666666666667,0.2,0.26666666666666666,0.06666666666666667,0.0,0.06666666666666667
010440038,0.25,0.0,0.0,0.0,0.0,0.0,0.0,0.0,0.08333333333333333,0.0,0.0,0.0,0.0,0.0,0.0,0.0,0.0,0.7692307692307693,0.0,0.0,0.0,0.0,0.0,0.0,0.0,0.0,0.0,0.0
010440039,0.2857142857142857,0.0,0.13333333333333333,0.0,0.0,0.0,0.0,0.0,0.07142857142857142,0.0,0.0,0.0,0.0,0.06666666666666667,0.0,0.0,0.0,0.6666666666666666,0.0,0.0,0.0,0.0,0.0,0.0,0.0,0.0,0.13333333333333333,0.0
010440053,0.4838709677419355,0.22580645161290322,0.45161290322580644,0.0,0.0,0.0,0.0,0.0,0.25806451612903225,0.22580645161290322,0.0,0.0,0.0,0.06451612903225806,0.0,0.0,0.0,0.45161290322580644,0.0,0.0,0.25806451612903225,0.0,0.06451612903225806,0.0,0.16129032258064516,0.06451612903225806,0.1935483870967742,0.0
010440064,0.6875,0.5294117647058824,0.6470588235294118,0.17647058823529413,0.0,0.0,0.0,0.0,0.375,0.17647058823529413,0.35294117647058826,0.058823529411764705,0.0,0.11764705882352941,0.0,0.0,0.0,0.5882352941176471,0.29411764705882354,0.4117647058823529,0.4117647058823529,0.35294117647058826,0.35294117647058826,0.11764705882352941,0.29411764705882354,0.35294117647058826,0.5294117647058824,0.29411764705882354
010440077,0.6923076923076923,0.42857142857142855,0.5,0.0,0.2857142857142857,0.21428571428571427,0.0,0.21428571428571427,0.3076923076923077,0.0,0.21428571428571427,0.14285714285714285,0.0,0.0,0.0,0.21428571428571427,0.0,0.7142857142857143,0.2857142857142857,0.14285714285714285,0.42857142857142855,0.0,0.35714285714285715,0.14285714285714285,0.2857142857142857,0.0,0.35714285714285715,0.21428571428571427
010440093,0.5714285714285714,0.5,0.5714285714285714,0.14285714285714285,0.2857142857142857,0.2857142857142857,0.21428571428571427,0.2857142857142857,0.2857142857142857,0.5714285714285714,0.21428571428571427,0.21428571428571427,0.07142857142857142,0.14285714285714285,0.21428571428571427,0.35714285714285715,0.2857142857142857,0.8571428571428571,0.14285714285714285,0.14285714285714285,0.21428571428571427,0.5,0.2857142857142857,0.2857142857142857,0.5,0.21428571428571427,0.5,0.2857142857142857
010440099,0.6666666666666666,0.2,0.2,0.5,0.2,0.2,0.2,0.2,0.3333333333333333,0.2,0.3,0.2,0.3,0.2,0.2,0.2,0.2,0.9,0.5,0.2,0.3,0.2,0.2,0.2,0.4,0.2,0.2,0.2
010440106,0.5555555555555556,0.2222222222222222,0.3333333333333333,0.0,0.0,0.0,0.0,0.0,0.16666666666666666,0.05555555555555555,0.16666666666666666,0.05555555555555555,0.0,0.0,0.0,0.0,0.0,0.7777777777777778,0.1111111111111111,0.05555555555555555,0.0,0.16666666666666666,0.1111111111111111,0.1111111111111111,0.16666666666666666,0.05555555555555555,0.16666666666666666,0.05555555555555555
010440107,0.5789473684210527,0.2,0.5,0.1,0.1,0.1,0.1,0.1,0.15789473684210525,0.2,0.2,0.1,0.1,0.1,0.1,0.1,0.1,0.6,0.1,0.1,0.2,0.1,0.0,0.1,0.2,0.1,0.2,0.1
010440117,0.47058823529411764,0.2222222222222222,0.5,0.0,0.0,0.0,0.0,0.0,0.23529411764705882,0.1111111111111111,0.1111111111111111,0.0,0.0,0.0,0.0,0.1111111111111111,0.0,0.5555555555555556,0.0,0.0,0.2222222222222222,0.1111111111111111,0.16666666666666666,0.0,0.1111111111111111,0.0,0.1111111111111111,0.0
010440119,0.631578947368421,0.5789473684210527,0.6842105263157895,0.0,0.0,0.0,0.0,0.0,0.3157894736842105,0.2631578947368421,0.0,0.0,0.0,0.21052631578947367,0.0,0.15789473684210525,0.0,0.5789473684210527,0.21052631578947367,0.15789473684210525,0.21052631578947367,0.2631578947368421,0.3684210526315789,0.21052631578947367,0.3157894736842105,0.2631578947368421,0.3684210526315789,0.21052631578947367
010440120,0.7692307692307693,0.14285714285714285,0.5714285714285714,0.0,0.0,0.0,0.0,0.07142857142857142,0.15384615384615385,0.07142857142857142,0.0,0.07142857142857142,0.0,0.0,0.07142857142857142,1.0,0.07142857142857142,0.2857142857142857,0.0,0.21428571428571427,0.0,0.07142857142857142,0.0,0.07142857142857142,0.21428571428571427,0.07142857142857142,0.21428571428571427,0.0
010440127,0.2857142857142857,0.2857142857142857,0.2857142857142857,0.14285714285714285,0.21428571428571427,0.21428571428571427,0.21428571428571427,0.21428571428571427,0.35714285714285715,0.5,0.21428571428571427,0.21428571428571427,0.42857142857142855,0.2857142857142857,0.21428571428571427,0.0,0.2857142857142857,0.5714285714285714,0.21428571428571427,0.2857142857142857,0.14285714285714285,0.2857142857142857,0.21428571428571427,0.21428571428571427,0.5,0.14285714285714285,0.5,0.21428571428571427
010440149,0.9,0.0,0.45454545454545453,0.0,0.0,0.0,0.0,0.0,0.3,0.0,0.0,0.0,0.0,0.0,0.0,0.0,0.0,0.2727272727272727,0.0,0.0,0.0,0.0,0.0,0.0,0.0,0.0,0.0,0.0
010440150,0.6923076923076923,0.0,0.46153846153846156,0.0,0.0,0.0,0.0,0.0,0.07692307692307693,0.0,0.0,0.0,0.0,0.0,0.0,0.0,0.0,0.9230769230769231,0.0,0.0,0.38461538461538464,0.0,0.07692307692307693,0.0,0.15384615384615385,0.0,0.07692307692307693,0.0
010440154,0.9,0.0,0.18181818181818182,0.0,0.0,0.18181818181818182,0.0,0.0,0.0,0.0,0.0,0.0,0.0,0.0,0.18181818181818182,0.18181818181818182,0.0,0.2727272727272727,0.0,0.0,0.0,0.0,0.0,0.0,0.0,0.0,0.0,0.0
010640005,0.34782608695652173,0.36,0.44,0.36,0.08,0.16,0.24,0.12,0.21739130434782608,0.12,0.04,0.24,0.2,0.12,0.08,0.28,0.24,0.68,0.12,0.04,0.04,0.36,0.16,0.16,0.28,0.24,0.24,0.08
010640017,0.5185185185185185,0.6428571428571429,0.7857142857142857,0.5714285714285714,0.35714285714285715,0.21428571428571427,0.25,0.07142857142857142,0.48148148148148145,0.39285714285714285,0.32142857142857145,0.5,0.25,0.42857142857142855,0.07142857142857142,0.07142857142857142,0.4642857142857143,0.5357142857142857,0.35714285714285715,0.2857142857142857,0.39285714285714285,0.21428571428571427,0.4642857142857143,0.39285714285714285,0.6071428571428571,0.5,0.5,0.42857142857142855
010640028,0.5555555555555556,0.25925925925925924,0.5555555555555556,0.07407407407407407,0.0,0.07407407407407407,0.0,0.07407407407407407,0.18518518518518517,0.18518518518518517,0.3333333333333333,0.07407407407407407,0.07407407407407407,0.25925925925925924,0.07407407407407407,0.07407407407407407,0.3333333333333333,0.7777777777777778,0.5925925925925926,0.14814814814814814,0.2222222222222222,0.07407407407407407,0.037037037037037035,0.18518518518518517,0.25925925925925924,0.1111111111111111,0.2222222222222222,0.18518518518518517
010640034,0.7619047619047619,0.5454545454545454,0.5,0.2727272727272727,0.22727272727272727,0.09090909090909091,0.22727272727272727,0.36363636363636365,0.47619047619047616,0.5,0.5,0.6363636363636364,0.18181818181818182,0.5,0.18181818181818182,0.2727272727272727,0.45454545454545453,0.45454545454545453,0.6363636363636364,0.5454545454545454,0.5,0.5909090909090909,0.5454545454545454,0.3181818181818182,0.4090909090909091,0.45454545454545453,0.5,0.45454545454545453
010640036,0.5185185185185185,0.10714285714285714,0.42857142857142855,0.10714285714285714,0.0,0.0,0.10714285714285714,0.10714285714285714,0.2222222222222222,0.10714285714285714,0.10714285714285714,0.10714285714285714,0.0,0.10714285714285714,0.10714285714285714,0.10714285714285714,0.10714285714285714,0.5357142857142857,0.10714285714285714,0.10714285714285714,0.17857142857142858,0.10714285714285714,0.10714285714285714,0.10714285714285714,0.10714285714285714,0.10714285714285714,0.17857142857142858,0.10714285714285714
010640056,0.6129032258064516,0.3548387096774194,0.5161290322580645,0.1935483870967742,0.1935483870967742,0.1935483870967742,0.22580645161290322,0.22580645161290322,0.3870967741935484,0.2903225806451613,0.45161290322580644,0.3225806451612903,0.12903225806451613,0.45161290322580644,0.25806451612903225,0.1935483870967742,0.1935483870967742,0.5161290322580645,0.3870967741935484,0.41935483870967744,0.41935483870967744,0.3548387096774194,0.45161290322580644,0.3870967741935484,0.3870967741935484,0.3870967741935484,0.3870967741935484,0.3548387096774194
010640082,0.8571428571428571,0.6666666666666666,0.9333333333333333,0.2,0.2,0.0,0.4,0.0,0.7857142857142857,0.6,0.6666666666666666,0.26666666666666666,0.6666666666666666,0.7333333333333333,0.0,0.13333333333333333,0.0,0.8666666666666667,0.4666666666666667,0.2,0.5333333333333333,0.6666666666666666,0.6666666666666666,0.13333333333333333,0.7333333333333333,0.5333333333333333,0.6,0.2
010640098,0.9285714285714286,0.3333333333333333,0.6666666666666666,0.0,0.0,0.0,0.0,0.0,0.2857142857142857,0.5333333333333333,0.0,0.26666666666666666,0.0,0.0,0.0,0.0,0.0,1.0,0.26666666666666666,0.26666666666666666,0.26666666666666666,0.0,0.5333333333333333,0.0,0.5333333333333333,0.0,0.26666666666666666,0.4
010640166,0.6923076923076923,0.5357142857142857,0.6428571428571429,0.10714285714285714,0.10714285714285714,0.10714285714285714,0.10714285714285714,0.10714285714285714,0.3076923076923077,0.35714285714285715,0.5,0.42857142857142855,0.10714285714285714,0.25,0.0,0.10714285714285714,0.10714285714285714,0.14285714285714285,0.10714285714285714,0.2857142857142857,0.42857142857142855,0.10714285714285714,0.5,0.2857142857142857,0.4642857142857143,0.14285714285714285,0.42857142857142855,0.32142857142857145
010640210,0.7272727272727273,0.34782608695652173,0.391304347826087,0.08695652173913043,0.2608695652173913,0.21739130434782608,0.0,0.0,0.36363636363636365,0.30434782608695654,0.391304347826087,0.0,0.21739130434782608,0.30434782608695654,0.08695652173913043,0.08695652173913043,0.17391304347826086,0.4782608695652174,0.21739130434782608,0.0,0.21739130434782608,0.17391304347826086,0.30434782608695654,0.17391304347826086,0.17391304347826086,0.2608695652173913,0.34782608695652173,0.34782608695652173
010640212,0.8333333333333334,0.15789473684210525,0.5263157894736842,0.15789473684210525,0.21052631578947367,0.0,0.10526315789473684,0.10526315789473684,0.3888888888888889,0.3157894736842105,0.3684210526315789,0.21052631578947367,0.0,0.2631578947368421,0.15789473684210525,0.2631578947368421,0.2631578947368421,0.47368421052631576,0.2631578947368421,0.15789473684210525,0.15789473684210525,0.15789473684210525,0.2631578947368421,0.3157894736842105,0.47368421052631576,0.21052631578947367,0.3684210526315789,0.2631578947368421
010640242,0.35714285714285715,0.07142857142857142,0.42857142857142855,0.0,0.0,0.0,0.0,0.0,0.0,0.0,0.0,0.0,0.0,0.0,0.0,0.0,0.0,0.42857142857142855,0.0,0.0,0.0,0.0,0.0,0.0,0.0,0.0,0.07142857142857142,0.0
010640250,0.5294117647058824,0.4117647058823529,0.35294117647058826,0.0,0.23529411764705882,0.0,0.0,0.058823529411764705,0.23529411764705882,0.17647058823529413,0.35294117647058826,0.17647058823529413,0.11764705882352941,0.058823529411764705,0.17647058823529413,0.0,0.058823529411764705,0.6470588235294118,0.11764705882352941,0.17647058823529413,0.23529411764705882,0.4117647058823529,0.29411764705882354,0.0,0.17647058823529413,0.29411764705882354,0.11764705882352941,0.35294117647058826
010640277,0.8666666666666667,0.4666666666666667,0.4666666666666667,0.4666666666666667,0.4,0.26666666666666666,0.26666666666666666,0.26666666666666666,0.6666666666666666,0.4666666666666667,0.4,0.26666666666666666,0.3333333333333333,0.26666666666666666,0.13333333333333333,0.2,0.3333333333333333,0.9333333333333333,0.3333333333333333,0.4666666666666667,0.7333333333333333,0.4666666666666667,0.4,0.26666666666666666,0.3333333333333333,0.4,0.5333333333333333,0.5333333333333333
010640280,0.9642857142857143,0.6785714285714286,0.6428571428571429,0.35714285714285715,0.2857142857142857,0.17857142857142858,0.17857142857142858,0.2857142857142857,0.39285714285714285,0.2857142857142857,0.7857142857142857,0.42857142857142855,0.25,0.75,0.5714285714285714,0.39285714285714285,0.17857142857142858,0.7142857142857143,0.7142857142857143,0.42857142857142855,0.7142857142857143,0.5,0.35714285714285715,0.25,0.6428571428571429,0.5714285714285714,0.6428571428571429,0.25
010640284,0.8666666666666667,0.3333333333333333,0.4666666666666667,0.2,0.26666666666666666,0.13333333333333333,0.2,0.26666666666666666,0.6,0.26666666666666666,0.4666666666666667,0.13333333333333333,0.26666666666666666,0.5333333333333333,0.13333333333333333,0.26666666666666666,0.26666666666666666,0.4,0.26666666666666666,0.4,0.2,0.2,0.3333333333333333,0.13333333333333333,0.2,0.2,0.2,0.13333333333333333
010640286,0.5555555555555556,0.6666666666666666,0.7222222222222222,0.2222222222222222,0.1111111111111111,0.3333333333333333,0.1111111111111111,0.2222222222222222,0.2777777777777778,0.5,0.05555555555555555,0.2777777777777778,0.1111111111111111,0.2777777777777778,0.1111111111111111,0.1111111111111111,0.05555555555555555,0.3333333333333333,0.0,0.1111111111111111,0.5,0.2222222222222222,0.2222222222222222,0.3888888888888889,0.2222222222222222,0.2222222222222222,0.2777777777777778,0.5555555555555556
010640297,0.7142857142857143,0.09090909090909091,0.3181818181818182,0.0,0.0,0.0,0.0,0.0,0.3333333333333333,0.0,0.18181818181818182,0.0,0.0,0.13636363636363635,0.0,0.0,0.0,0.5454545454545454,0.0,0.0,0.36363636363636365,0.0,0.0,0.045454545454545456,0.13636363636363635,0.0,0.09090909090909091,0.09090909090909091
010640314,0.8095238095238095,0.23809523809523808,0.5714285714285714,0.2857142857142857,0.19047619047619047,0.47619047619047616,0.42857142857142855,0.3333333333333333,0.6666666666666666,0.3333333333333333,0.42857142857142855,1.0,0.42857142857142855,0.38095238095238093,0.3333333333333333,1.0,0.09523809523809523,0.7142857142857143,0.6666666666666666,0.47619047619047616,0.42857142857142855,0.09523809523809523,0.5714285714285714,0.38095238095238093,0.6190476190476191,0.3333333333333333,0.6666666666666666,0.3333333333333333
010640366,0.64,0.5,0.5357142857142857,0.35714285714285715,0.21428571428571427,0.07142857142857142,0.32142857142857145,0.25,0.44,0.35714285714285715,0.25,0.39285714285714285,0.2857142857142857,0.2857142857142857,0.4642857142857143,0.14285714285714285,0.2857142857142857,0.5357142857142857,0.42857142857142855,0.35714285714285715,0.5357142857142857,0.5,0.5,0.17857142857142858,0.39285714285714285,0.2857142857142857,0.5714285714285714,0.17857142857142858
010920012,0.4375,0.3125,0.4375,0.1875,0.0625,0.0,0.0,0.3125,0.8125,0.3125,0.625,1.0,0.25,0.3125,0.0,1.0,0.25,0.6875,0.8125,0.5,0.375,0.25,0.4375,0.0,0.25,0.4375,0.25,0.125
010920024,0.8125,0.8125,0.8125,1.0,0.6875,0.125,0.25,0.9375,0.625,0.5,0.5625,1.0,0.5,1.0,0.125,1.0,0.8125,1.0,0.6875,0.875,0.8125,0.5,0.8125,0.375,0.75,0.75,0.5625,0.125
010920025,0.7,0.75,0.8,0.65,0.5,0.5,0.65,0.75,0.9,0.8,0.65,0.6,0.45,0.7,0.75,0.75,0.55,0.85,0.9,0.75,0.8,0.5,0.8,0.55,0.65,0.6,0.35,0.5
010920030,1.0,0.5,0.7,0.8,1.0,0.7,0.2,0.8,1.0,1.0,1.0,1.0,0.9,1.0,0.0,0.0,1.0,1.0,0.7,1.0,0.7,0.9,0.9,1.0,1.0,1.0,1.0,1.0
010920032,0.625,0.25,0.5,0.125,0.5,0.3125,0.1875,0.3125,0.625,0.25,0.25,0.375,0.3125,0.25,0.3125,0.25,0.1875,0.875,0.25,0.25,0.3125,0.1875,0.25,0.3125,0.625,0.5625,0.4375,0.4375
010920033,0.9090909090909091,0.45454545454545453,0.6363636363636364,0.2727272727272727,0.0,0.0,0.09090909090909091,0.0,0.6363636363636364,0.7272727272727273,0.6363636363636364,1.0,0.2727272727272727,0.2727272727272727,0.0,1.0,0.0,0.45454545454545453,0.09090909090909091,0.5454545454545454,0.36363636363636365,0.36363636363636365,0.5454545454545454,0.36363636363636365,0.6363636363636364,0.36363636363636365,0.5454545454545454,0.5454545454545454
010920043,0.8571428571428571,0.06666666666666667,0.26666666666666666,0.4,0.0,0.0,0.0,0.4666666666666667,0.9285714285714286,0.26666666666666666,0.4,0.8,0.5333333333333333,0.6666666666666666,0.26666666666666666,0.4,0.2,0.8,0.6,0.4,0.4666666666666667,0.5333333333333333,0.5333333333333333,0.6,0.8,0.8,0.3333333333333333,0.3333333333333333
010920044,0.6363636363636364,0.16666666666666666,0.16666666666666666,0.0,0.0,0.0,0.0,0.16666666666666666,0.7272727272727273,0.4166666666666667,0.16666666666666666,0.16666666666666666,0.25,0.16666666666666666,0.3333333333333333,0.0,0.0,0.9166666666666666,0.0,0.16666666666666666,0.4166666666666667,0.5,0.4166666666666667,0.75,0.16666666666666666,0.25,0.4166666666666667,0.25
010920065,0.9333333333333333,0.5,0.9375,0.5625,0.1875,0.3125,0.6875,0.5,0.4666666666666667,0.375,0.5625,0.6875,0.25,0.5625,0.375,0.5625,0.6875,0.875,0.75,0.625,0.625,0.375,0.4375,0.375,0.6875,0.5,0.75,0.4375
010920070,0.8235294117647058,0.7058823529411765,0.8823529411764706,0.8823529411764706,0.8235294117647058,0.5882352941176471,0.4117647058823529,0.7647058823529411,0.7647058823529411,0.8823529411764706,0.8235294117647058,1.0,0.5294117647058824,0.5294117647058824,0.29411764705882354,1.0,0.6470588235294118,1.0,0.8235294117647058,0.7058823529411765,0.8235294117647058,0.7647058823529411,0.8823529411764706,0.8235294117647058,0.8235294117647058,0.8823529411764706,0.7647058823529411,0.7647058823529411
010920075,0.9230769230769231,0.6923076923076923,0.38461538461538464,0.46153846153846156,0.15384615384615385,0.15384615384615385,1.0,0.38461538461538464,0.7692307692307693,0.5384615384615384,0.6153846153846154,1.0,0.07692307692307693,0.0,1.0,1.0,0.5384615384615384,0.6153846153846154,0.3076923076923077,0.46153846153846156,0.46153846153846156,0.46153846153846156,0.46153846153846156,0.38461538461538464,0.5384615384615384,1.0,0.5384615384615384,0.5384615384615384
010920101,0.8571428571428571,0.5714285714285714,0.5,0.6428571428571429,0.6428571428571429,0.6428571428571429,0.7142857142857143,0.5714285714285714,0.7857142857142857,0.6428571428571429,0.7142857142857143,0.8571428571428571,0.6428571428571429,0.9285714285714286,0.7142857142857143,1.0,0.7142857142857143,0.5,0.8571428571428571,0.7857142857142857,0.7857142857142857,0.42857142857142855,1.0,0.42857142857142855,0.7142857142857143,0.5714285714285714,0.6428571428571429,0.6428571428571429
010920105,0.9473684210526315,0.6,0.65,1.0,0.25,0.45,1.0,0.8,0.8947368421052632,0.55,0.55,0.75,0.45,0.55,0.7,0.95,0.95,0.85,1.0,0.85,0.85,0.6,0.7,0.8,0.65,0.5,0.6,0.85
010920125,0.9090909090909091,0.36363636363636365,0.5909090909090909,0.36363636363636365,0.18181818181818182,0.18181818181818182,0.22727272727272727,0.5454545454545454,0.8636363636363636,0.4090909090909091,0.5454545454545454,0.6818181818181818,0.45454545454545453,0.5,0.18181818181818182,0.9090909090909091,0.36363636363636365,0.8636363636363636,1.0,0.7272727272727273,0.8636363636363636,0.6363636363636364,0.6818181818181818,0.7272727272727273,0.5454545454545454,0.6363636363636364,0.7272727272727273,0.5
010920126,0.8,0.2,0.65,0.35,0.45,0.15,0.1,0.45,0.6,0.4,0.35,0.4,0.3,0.3,0.05,0.2,0.1,0.95,0.55,0.45,0.6,0.4,0.55,0.6,0.45,0.3,0.4,0.4
010920138,0.8095238095238095,0.6190476190476191,0.6666666666666666,0.47619047619047616,0.6190476190476191,0.3333333333333333,0.3333333333333333,0.3333333333333333,0.6190476190476191,0.7142857142857143,0.47619047619047616,0.9047619047619048,0.5238095238095238,0.47619047619047616,0.2857142857142857,1.0,0.42857142857142855,0.8571428571428571,0.7142857142857143,0.3333333333333333,1.0,0.6190476190476191,0.6190476190476191,0.6666666666666666,0.6190476190476191,0.6190476190476191,0.6666666666666666,0.5714285714285714
010920141,0.8333333333333334,0.3333333333333333,0.7222222222222222,0.2222222222222222,0.3333333333333333,0.3333333333333333,0.1111111111111111,0.7777777777777778,0.5,0.5555555555555556,0.5,0.16666666666666666,0.5,0.5555555555555556,0.0,0.8888888888888888,0.5,0.9444444444444444,0.3333333333333333,0.5,0.5555555555555556,0.6666666666666666,0.5,0.6111111111111112,0.5,0.3888888888888889,0.5555555555555556,0.6666666666666666
010920153,1.0,0.6666666666666666,0.4444444444444444,1.0,0.7777777777777778,0.7777777777777778,0.8888888888888888,0.7777777777777778,1.0,0.6666666666666666,0.6666666666666666,0.7777777777777778,0.7777777777777778,0.8888888888888888,0.3333333333333333,1.0,0.2222222222222222,1.0,0.6666666666666666,0.8888888888888888,1.0,1.0,0.7777777777777778,0.8888888888888888,0.5555555555555556,0.6666666666666666,0.4444444444444444,0.3333333333333333
010920159,0.631578947368421,0.5,0.8888888888888888,0.0,0.16666666666666666,0.0,0.0,0.0,0.15789473684210525,0.05555555555555555,0.3888888888888889,0.0,0.16666666666666666,0.2777777777777778,0.0,0.0,0.0,0.7777777777777778,0.0,0.2777777777777778,0.4444444444444444,0.1111111111111111,0.4444444444444444,0.0,0.5,0.16666666666666666,0.3333333333333333,0.0
010920165,1.0,0.625,0.75,0.0,0.125,0.125,0.0,0.0,0.75,0.375,0.75,0.125,0.125,0.75,0.0,0.875,0.25,1.0,0.375,0.375,0.75,0.125,0.625,0.75,0.75,0.375,0.25,0.625
011970004,0.9230769230769231,0.7857142857142857,0.8571428571428571,0.2857142857142857,0.6428571428571429,0.42857142857142855,0.07142857142857142,0.2857142857142857,0.8461538461538461,0.2857142857142857,0.42857142857142855,1.0,0.42857142857142855,0.42857142857142855,0.21428571428571427,0.6428571428571429,0.7142857142857143,0.7857142857142857,0.2857142857142857,0.5,0.5714285714285714,0.7142857142857143,0.5714285714285714,0.35714285714285715,0.7142857142857143,0.42857142857142855,0.6428571428571429,0.35714285714285715
011970006,0.8095238095238095,0.6190476190476191,0.6666666666666666,0.38095238095238093,0.19047619047619047,0.047619047619047616,0.14285714285714285,0.2857142857142857,0.42857142857142855,0.38095238095238093,0.6190476190476191,0.14285714285714285,0.14285714285714285,0.38095238095238093,0.14285714285714285,0.09523809523809523,0.3333333333333333,0.9523809523809523,0.42857142857142855,0.42857142857142855,0.6190476190476191,0.38095238095238093,0.42857142857142855,0.2857142857142857,0.3333333333333333,0.38095238095238093,0.38095238095238093,0.47619047619047616
011970019,0.7142857142857143,0.4666666666666667,0.6,0.3333333333333333,0.06666666666666667,0.06666666666666667,0.06666666666666667,0.13333333333333333,0.42857142857142855,0.4,0.26666666666666666,0.2,0.0,0.4,0.06666666666666667,0.6666666666666666,0.13333333333333333,0.8,0.2,0.26666666666666666,0.26666666666666666,0.26666666666666666,0.3333333333333333,0.3333333333333333,0.4,0.4666666666666667,0.13333333333333333,0.26666666666666666
011970023,0.4782608695652174,0.391304347826087,0.5217391304347826,0.13043478260869565,0.30434782608695654,0.13043478260869565,0.17391304347826086,0.17391304347826086,0.30434782608695654,0.30434782608695654,0.391304347826087,0.13043478260869565,0.13043478260869565,0.5652173913043478,0.13043478260869565,0.13043478260869565,0.13043478260869565,0.782608695652174,0.30434782608695654,0.2608695652173913,0.34782608695652173,0.2608695652173913,0.43478260869565216,0.30434782608695654,0.5217391304347826,0.2608695652173913,0.391304347826087,0.21739130434782608
011970036,0.5,0.1,0.2,0.0,0.0,0.0,0.0,0.0,0.2,0.0,0.1,0.2,0.0,0.0,0.0,0.0,0.0,0.4,0.0,0.0,0.2,0.0,0.2,0.1,0.0,0.2,0.5,0.2
011970042,0.42857142857142855,0.35714285714285715,0.5,0.07142857142857142,0.0,0.0,0.0,0.2857142857142857,0.14285714285714285,0.07142857142857142,0.0,1.0,0.0,0.0,0.0,0.6428571428571429,0.0,0.7857142857142857,0.0,0.07142857142857142,0.21428571428571427,0.0,0.0,0.0,0.0,0.0,0.2857142857142857,0.14285714285714285
011970075,0.42857142857142855,0.21428571428571427,0.5,0.0,0.0,0.0,0.0,0.0,0.14285714285714285,0.07142857142857142,0.0,0.0,0.0,0.0,0.0,0.5714285714285714,0.0,0.8571428571428571,0.35714285714285715,0.0,0.07142857142857142,0.14285714285714285,0.07142857142857142,0.07142857142857142,0.14285714285714285,0.0,0.14285714285714285,0.07142857142857142
011970081,0.75,0.6666666666666666,0.8333333333333334,0.08333333333333333,0.08333333333333333,0.5833333333333334,0.08333333333333333,0.08333333333333333,0.6666666666666666,0.25,0.4166666666666667,0.08333333333333333,0.08333333333333333,0.08333333333333333,0.4166666666666667,1.0,0.08333333333333333,1.0,0.08333333333333333,0.08333333333333333,0.4166666666666667,0.25,0.3333333333333333,0.08333333333333333,0.16666666666666666,0.16666666666666666,0.25,0.08333333333333333
011970087,1.0,0.8571428571428571,0.9285714285714286,0.6428571428571429,0.6428571428571429,0.5714285714285714,0.6428571428571429,0.6428571428571429,0.6153846153846154,1.0,0.5,0.42857142857142855,0.6428571428571429,0.5714285714285714,0.6428571428571429,1.0,0.6428571428571429,0.9285714285714286,0.6428571428571429,0.8571428571428571,0.42857142857142855,0.6428571428571429,0.7142857142857143,0.6428571428571429,0.8571428571428571,0.9285714285714286,0.7857142857142857,0.6428571428571429
011970088,0.5714285714285714,0.8571428571428571,0.7142857142857143,0.6428571428571429,0.2857142857142857,0.2857142857142857,0.2857142857142857,0.42857142857142855,0.6428571428571429,0.5714285714285714,0.5714285714285714,0.5,0.2857142857142857,0.5,0.21428571428571427,0.6428571428571429,0.2857142857142857,1.0,0.6428571428571429,0.5714285714285714,0.7857142857142857,0.6428571428571429,0.7857142857142857,0.42857142857142855,0.5714285714285714,0.7142857142857143,0.6428571428571429,0.42857142857142855
011970092,0.38461538461538464,0.3076923076923077,0.38461538461538464,0.0,0.0,0.0,0.0,0.0,0.15384615384615385,0.07692307692307693,0.23076923076923078,0.23076923076923078,0.15384615384615385,0.15384615384615385,0.0,0.23076923076923078,0.0,0.7692307692307693,0.0,0.0,0.46153846153846156,0.6153846153846154,0.23076923076923078,0.07692307692307693,0.15384615384615385,0.07692307692307693,0.5384615384615384,0.07692307692307693
011970095,0.5882352941176471,0.2777777777777778,0.5555555555555556,0.16666666666666666,0.05555555555555555,0.0,0.0,0.16666666666666666,0.23529411764705882,0.16666666666666666,0.1111111111111111,0.16666666666666666,0.0,0.1111111111111111,0.0,0.0,0.16666666666666666,0.9444444444444444,0.16666666666666666,0.6111111111111112,0.2222222222222222,0.05555555555555555,0.2222222222222222,0.05555555555555555,0.3333333333333333,0.05555555555555555,0.5,0.16666666666666666
011970107,0.8181818181818182,0.45454545454545453,0.6818181818181818,0.45454545454545453,0.0,0.0,0.0,0.0,0.36363636363636365,0.2727272727272727,0.2727272727272727,0.13636363636363635,0.0,0.4090909090909091,0.0,0.0,0.0,0.7272727272727273,0.5909090909090909,0.5909090909090909,0.4090909090909091,0.18181818181818182,0.3181818181818182,0.0,0.3181818181818182,0.3181818181818182,0.2727272727272727,0.13636363636363635
011970132,0.7,0.6,0.75,0.4,0.3,0.3,0.3,0.1,0.45,0.4,0.4,0.6,0.1,0.65,0.35,0.45,0.1,1.0,0.25,0.45,0.8,0.4,0.4,0.2,0.6,0.45,0.5,0.45
011970141,0.47368421052631576,0.4444444444444444,0.6666666666666666,0.2222222222222222,0.0,0.16666666666666666,0.16666666666666666,0.2222222222222222,0.47368421052631576,0.2777777777777778,0.2222222222222222,0.2222222222222222,0.05555555555555555,0.3333333333333333,0.16666666666666666,0.2777777777777778,0.2222222222222222,1.0,0.16666666666666666,0.2222222222222222,0.3888888888888889,0.2777777777777778,0.2222222222222222,0.16666666666666666,0.2222222222222222,0.16666666666666666,0.2222222222222222,0.2222222222222222
011970142,0.6111111111111112,0.4117647058823529,0.5294117647058824,0.11764705882352941,0.0,0.0,0.0,0.0,0.4444444444444444,0.23529411764705882,0.058823529411764705,0.0,0.0,0.17647058823529413,0.0,0.0,0.0,1.0,0.0,0.0,0.4117647058823529,0.11764705882352941,0.23529411764705882,0.058823529411764705,0.4117647058823529,0.058823529411764705,0.47058823529411764,0.058823529411764705
011970145,0.4782608695652174,0.5833333333333334,0.6666666666666666,0.125,0.041666666666666664,0.041666666666666664,0.0,0.0,0.17391304347826086,0.041666666666666664,0.041666666666666664,0.0,0.0,0.041666666666666664,0.0,0.0,0.0,1.0,0.0,0.25,0.375,0.041666666666666664,0.2916666666666667,0.041666666666666664,0.25,0.16666666666666666,0.125,0.041666666666666664
011970165,0.9090909090909091,0.3333333333333333,0.75,0.08333333333333333,0.0,0.0,0.08333333333333333,0.08333333333333333,0.7272727272727273,0.3333333333333333,0.4166666666666667,0.08333333333333333,0.25,0.3333333333333333,0.0,0.0,0.08333333333333333,0.9166666666666666,0.08333333333333333,0.0,0.4166666666666667,0.08333333333333333,0.3333333333333333,0.16666666666666666,0.25,0.4166666666666667,0.5833333333333334,0.08333333333333333
011970173,0.7777777777777778,0.4,0.4,0.1,0.0,0.0,0.1,0.1,1.0,0.2,0.4,0.2,0.0,0.3,0.0,0.1,0.1,0.6,0.4,0.3,0.8,0.8,0.9,0.3,0.5,0.2,0.6,0.5
011970175,0.7777777777777778,0.2631578947368421,0.47368421052631576,0.47368421052631576,0.21052631578947367,0.0,0.0,0.47368421052631576,0.3333333333333333,0.42105263157894735,0.42105263157894735,1.0,0.0,0.42105263157894735,0.0,0.0,0.21052631578947367,0.42105263157894735,0.15789473684210525,0.47368421052631576,0.3684210526315789,0.21052631578947367,0.3684210526315789,0.0,0.05263157894736842,0.05263157894736842,0.21052631578947367,0.21052631578947367
012030007,1.0,0.9333333333333333,0.6,0.8,0.5333333333333333,0.2,0.0,0.3333333333333333,0.6,0.6666666666666666,0.7333333333333333,0.8,0.6666666666666666,0.8,0.0,1.0,0.4,1.0,0.6666666666666666,0.6666666666666666,0.6666666666666666,0.4,0.6,0.3333333333333333,0.7333333333333333,0.6,0.5333333333333333,0.6
012030010,0.7368421052631579,0.6842105263157895,0.5263157894736842,0.3157894736842105,0.05263157894736842,0.10526315789473684,0.05263157894736842,0.0,0.3157894736842105,0.05263157894736842,0.3157894736842105,0.2631578947368421,0.3157894736842105,0.3157894736842105,0.0,0.0,0.3684210526315789,0.8947368421052632,0.3157894736842105,0.3157894736842105,0.6842105263157895,0.10526315789473684,0.631578947368421,0.0,0.5789473684210527,0.10526315789473684,0.7368421052631579,0.21052631578947367
012030013,0.5882352941176471,0.6470588235294118,0.5294117647058824,0.7647058823529411,0.29411764705882354,0.23529411764705882,0.23529411764705882,0.4117647058823529,0.8235294117647058,0.47058823529411764,0.35294117647058826,0.5882352941176471,0.29411764705882354,0.29411764705882354,0.058823529411764705,0.7647058823529411,0.35294117647058826,0.7647058823529411,0.5294117647058824,0.6470588235294118,0.47058823529411764,0.47058823529411764,0.6470588235294118,0.47058823529411764,0.7058823529411765,0.47058823529411764,0.5294117647058824,0.4117647058823529
012030024,0.6428571428571429,0.35714285714285715,0.5714285714285714,0.0,0.0,0.0,0.0,0.0,0.07142857142857142,0.0,0.0,0.0,0.0,0.07142857142857142,0.0,1.0,0.0,0.7142857142857143,0.0,0.0,0.21428571428571427,0.0,0.2857142857142857,0.0,0.21428571428571427,0.0,0.14285714285714285,0.0
012030027,0.6363636363636364,0.45454545454545453,0.45454545454545453,0.045454545454545456,0.045454545454545456,0.0,0.09090909090909091,0.0,0.45454545454545453,0.13636363636363635,0.22727272727272727,0.22727272727272727,0.0,0.2727272727272727,0.045454545454545456,0.0,0.0,0.8181818181818182,0.045454545454545456,0.045454545454545456,0.5909090909090909,0.3181818181818182,0.5454545454545454,0.3181818181818182,0.45454545454545453,0.4090909090909091,0.09090909090909091,0.3181818181818182
012030031,0.8,0.0,0.5454545454545454,0.18181818181818182,0.0,0.0,0.0,0.0,0.7,0.45454545454545453,0.18181818181818182,0.45454545454545453,0.0,0.0,0.0,0.0,0.0,0.5454545454545454,0.0,0.09090909090909091,0.09090909090909091,0.2727272727272727,0.2727272727272727,0.5454545454545454,0.45454545454545453,0.0,0.36363636363636365,0.2727272727272727
012030032,0.75,0.25,0.25,0.16666666666666666,0.0,0.0,0.0,0.0,0.16666666666666666,0.25,0.0,0.0,0.0,0.08333333333333333,0.0,0.0,0.0,0.8333333333333334,0.0,0.0,0.5833333333333334,0.0,0.0,0.16666666666666666,0.08333333333333333,0.16666666666666666,0.25,0.16666666666666666
012030036,1.0,0.16666666666666666,0.3333333333333333,1.0,0.0,0.0,0.0,0.0,0.5833333333333334,0.16666666666666666,0.8333333333333334,0.0,0.25,0.5,0.0,0.0,0.0,0.8333333333333334,0.5,1.0,0.8333333333333334,0.3333333333333333,0.6666666666666666,0.25,0.5833333333333334,0.08333333333333333,0.4166666666666667,0.4166666666666667
012030043,0.5,0.0,0.0,0.0,0.0,0.0,0.0,0.0,0.0,0.0,0.0,0.0,0.0,0.0,0.0,0.0,0.0,0.625,0.0,0.0,0.0,0.0,0.0,0.0,0.0,0.0,0.0,0.0
012030044,0.5333333333333333,0.0,0.06666666666666667,0.0,0.0,0.0,0.0,0.3333333333333333,0.06666666666666667,0.0,0.0,0.0,0.0,0.0,0.0,0.0,0.0,0.7333333333333333,0.0,0.0,0.2,0.0,0.0,0.0,0.0,0.0,0.13333333333333333,0.06666666666666667
012030053,0.6,0.45,0.6,0.2,0.25,0.2,0.2,0.35,0.3,0.35,0.3,0.25,0.25,0.2,0.1,0.05,0.2,0.8,0.2,0.2,0.3,0.15,0.25,0.3,0.25,0.2,0.2,0.2
012030055,0.782608695652174,0.30434782608695654,0.6086956521739131,0.17391304347826086,0.0,0.0,0.0,0.21739130434782608,0.13043478260869565,0.0,0.30434782608695654,0.2608695652173913,0.0,0.17391304347826086,0.0,0.0,0.0,0.5652173913043478,0.0,0.0,0.0,0.043478260869565216,0.2608695652173913,0.17391304347826086,0.08695652173913043,0.0,0.08695652173913043,0.13043478260869565
012030058,0.6153846153846154,0.6428571428571429,0.6428571428571429,0.21428571428571427,0.42857142857142855,0.35714285714285715,0.21428571428571427,0.0,0.6153846153846154,0.35714285714285715,0.5714285714285714,0.14285714285714285,0.5714285714285714,0.5714285714285714,0.07142857142857142,0.14285714285714285,0.21428571428571427,1.0,0.07142857142857142,0.2857142857142857,0.42857142857142855,0.5714285714285714,0.21428571428571427,0.2857142857142857,0.5714285714285714,0.5,0.5,0.21428571428571427
012030072,0.7,0.3,0.6,0.1,0.1,0.0,0.0,0.1,0.1,0.1,0.1,0.1,0.0,0.1,0.0,0.1,0.1,1.0,0.1,0.1,0.1,0.1,0.1,0.1,0.1,0.0,0.1,0.1
012030078,0.5555555555555556,0.7777777777777778,0.6666666666666666,1.0,0.2222222222222222,0.4444444444444444,0.2222222222222222,0.8888888888888888,0.6666666666666666,0.5555555555555556,0.5555555555555556,0.7777777777777778,0.2222222222222222,0.6666666666666666,0.3333333333333333,1.0,0.6666666666666666,1.0,0.2222222222222222,1.0,1.0,0.5555555555555556,0.7777777777777778,0.5555555555555556,0.5555555555555556,0.4444444444444444,0.3333333333333333,0.5555555555555556
012030083,0.8666666666666667,0.4375,0.4375,0.375,0.4375,0.5,0.1875,0.4375,0.4,0.3125,0.25,0.5625,0.3125,0.4375,0.25,0.5,0.3125,1.0,0.375,0.3125,0.5625,0.375,0.25,0.3125,0.5625,0.375,0.375,0.4375
012030093,0.8461538461538461,0.5,0.6428571428571429,0.42857142857142855,0.42857142857142855,0.2857142857142857,0.21428571428571427,0.35714285714285715,0.38461538461538464,0.14285714285714285,0.21428571428571427,0.2857142857142857,0.14285714285714285,0.35714285714285715,0.21428571428571427,0.14285714285714285,0.2857142857142857,0.7857142857142857,0.42857142857142855,0.2857142857142857,0.42857142857142855,0.14285714285714285,0.2857142857142857,0.35714285714285715,0.5,0.21428571428571427,0.42857142857142855,0.14285714285714285
012030097,0.7692307692307693,0.15384615384615385,0.6153846153846154,0.38461538461538464,0.5384615384615384,0.15384615384615385,0.3076923076923077,0.38461538461538464,0.38461538461538464,0.5384615384615384,0.5384615384615384,0.15384615384615385,0.5384615384615384,0.5384615384615384,0.23076923076923078,0.9230769230769231,0.3076923076923077,0.46153846153846156,0.23076923076923078,0.38461538461538464,0.38461538461538464,0.46153846153846156,0.38461538461538464,0.38461538461538464,0.5384615384615384,0.46153846153846156,0.46153846153846156,0.46153846153846156
012030116,0.9545454545454546,0.34782608695652173,0.5652173913043478,0.13043478260869565,0.08695652173913043,0.08695652173913043,0.08695652173913043,0.08695652173913043,0.22727272727272727,0.08695652173913043,0.17391304347826086,0.08695652173913043,0.08695652173913043,0.13043478260869565,0.08695652173913043,0.08695652173913043,0.08695652173913043,0.6521739130434783,0.5652173913043478,0.08695652173913043,0.4782608695652174,0.08695652173913043,0.5652173913043478,0.043478260869565216,0.34782608695652173,0.30434782608695654,0.34782608695652173,0.08695652173913043
012030138,0.6923076923076923,0.5714285714285714,0.35714285714285715,0.42857142857142855,0.35714285714285715,0.42857142857142855,0.35714285714285715,0.2857142857142857,0.46153846153846156,0.42857142857142855,0.5714285714285714,0.42857142857142855,0.7142857142857143,0.35714285714285715,0.35714285714285715,1.0,0.2857142857142857,0.6428571428571429,0.21428571428571427,0.35714285714285715,0.42857142857142855,0.7857142857142857,0.6428571428571429,0.5714285714285714,0.2857142857142857,0.6428571428571429,0.7142857142857143,0.6428571428571429
012600017,0.8695652173913043,0.5416666666666666,0.6666666666666666,0.16666666666666666,0.25,0.041666666666666664,0.041666666666666664,0.041666666666666664,0.34782608695652173,0.2916666666666667,0.2916666666666667,0.25,0.25,0.375,0.041666666666666664,0.125,0.041666666666666664,0.625,0.20833333333333334,0.20833333333333334,0.2916666666666667,0.3333333333333333,0.3333333333333333,0.20833333333333334,0.375,0.3333333333333333,0.375,0.4166666666666667
012600072,0.5238095238095238,0.2857142857142857,0.2857142857142857,0.0,0.0,0.0,0.0,0.0,0.19047619047619047,0.09523809523809523,0.0,0.0,0.0,0.0,0.0,0.0,0.0,0.19047619047619047,0.0,0.0,0.0,0.0,0.14285714285714285,0.23809523809523808,0.047619047619047616,0.09523809523809523,0.09523809523809523,0.09523809523809523
012600082,0.5483870967741935,0.2903225806451613,0.3870967741935484,0.16129032258064516,0.03225806451612903,0.06451612903225806,0.03225806451612903,0.0967741935483871,0.16129032258064516,0.06451612903225806,0.06451612903225806,0.22580645161290322,0.03225806451612903,0.12903225806451613,0.03225806451612903,0.03225806451612903,0.0967741935483871,0.16129032258064516,0.1935483870967742,0.12903225806451613,0.22580645161290322,0.06451612903225806,0.1935483870967742,0.06451612903225806,0.1935483870967742,0.06451612903225806,0.16129032258064516,0.12903225806451613
012600129,0.85,0.25,0.75,0.15,0.0,0.0,0.0,0.0,0.25,0.1,0.15,0.0,0.0,0.15,0.0,0.0,0.0,0.8,0.2,0.15,0.1,0.0,0.05,0.0,0.3,0.05,0.1,0.1
012600131,1.0,0.45,0.7,0.05,0.15,0.0,0.0,0.1,0.2631578947368421,0.4,0.3,0.0,0.15,0.15,0.0,0.0,0.05,0.6,0.15,0.05,0.2,0.25,0.3,0.3,0.3,0.15,0.4,0.25
012600177,0.6,0.0,0.7333333333333333,0.0,0.0,0.0,0.0,0.0,0.26666666666666666,0.0,0.13333333333333333,0.0,0.0,0.06666666666666667,0.06666666666666667,0.06666666666666667,0.0,1.0,0.0,0.2,0.4666666666666667,0.06666666666666667,0.3333333333333333,0.13333333333333333,0.26666666666666666,0.06666666666666667,0.26666666666666666,0.13333333333333333
012600186,0.8421052631578947,0.8421052631578947,0.7368421052631579,0.47368421052631576,0.21052631578947367,0.7894736842105263,0.15789473684210525,0.7368421052631579,0.5789473684210527,0.5789473684210527,0.8421052631578947,0.6842105263157895,0.47368421052631576,0.47368421052631576,0.0,0.21052631578947367,0.5789473684210527,0.8947368421052632,0.5263157894736842,0.6842105263157895,0.5789473684210527,0.42105263157894735,0.8421052631578947,0.42105263157894735,0.631578947368421,0.5789473684210527,0.47368421052631576,0.3684210526315789
012600210,0.8666666666666667,0.5806451612903226,0.6774193548387096,0.5161290322580645,0.0967741935483871,0.1935483870967742,0.06451612903225806,0.06451612903225806,0.5,0.5483870967741935,0.25806451612903225,0.3870967741935484,0.1935483870967742,0.41935483870967744,0.0967741935483871,0.1935483870967742,0.1935483870967742,1.0,0.5161290322580645,0.1935483870967742,0.3225806451612903,0.5483870967741935,0.6451612903225806,0.45161290322580644,0.4838709677419355,0.5483870967741935,0.5483870967741935,0.3225806451612903
012600219,0.7333333333333333,0.5,0.3125,0.0,0.0,0.3125,0.4375,0.125,0.26666666666666666,0.25,0.5,0.25,0.0,0.5625,0.0,0.375,0.125,0.9375,0.4375,0.5625,0.4375,0.25,0.375,0.4375,0.0625,0.3125,0.375,0.375
012600224,0.6153846153846154,0.15384615384615385,0.5384615384615384,0.23076923076923078,0.23076923076923078,0.23076923076923078,0.23076923076923078,0.23076923076923078,0.3076923076923077,0.38461538461538464,0.23076923076923078,0.23076923076923078,0.3076923076923077,0.3076923076923077,0.23076923076923078,0.23076923076923078,0.23076923076923078,0.6923076923076923,0.23076923076923078,0.23076923076923078,0.15384615384615385,0.3076923076923077,0.15384615384615385,0.23076923076923078,0.3076923076923077,0.23076923076923078,0.23076923076923078,0.23076923076923078
012600251,0.8461538461538461,0.7692307692307693,0.6923076923076923,0.5384615384615384,0.3076923076923077,0.3076923076923077,0.46153846153846156,0.5384615384615384,0.7692307692307693,0.3076923076923077,0.23076923076923078,0.9230769230769231,0.38461538461538464,0.23076923076923078,0.0,0.0,0.3076923076923077,0.6923076923076923,0.5384615384615384,0.5384615384615384,0.5384615384615384,0.23076923076923078,0.6153846153846154,0.46153846153846156,0.38461538461538464,0.38461538461538464,0.7692307692307693,0.38461538461538464
012600252,0.7777777777777778,0.3333333333333333,0.5555555555555556,0.0,0.0,0.0,0.0,0.0,0.2222222222222222,0.16666666666666666,0.16666666666666666,0.0,0.0,0.0,0.0,0.0,0.0,0.5555555555555556,0.0,0.0,0.6111111111111112,0.2222222222222222,0.6111111111111112,0.05555555555555555,0.4444444444444444,0.05555555555555555,0.0,0.0
012600263,0.6666666666666666,0.2222222222222222,0.5,0.0,0.05555555555555555,0.0,0.0,0.0,0.05555555555555555,0.16666666666666666,0.2222222222222222,0.0,0.0,0.16666666666666666,0.05555555555555555,0.05555555555555555,0.0,0.7222222222222222,0.0,0.0,0.05555555555555555,0.2222222222222222,0.2777777777777778,0.05555555555555555,0.16666666666666666,0.2777777777777778,0.1111111111111111,0.0
012600281,0.6363636363636364,0.5,0.5909090909090909,0.18181818181818182,0.09090909090909091,0.0,0.0,0.0,0.6363636363636364,0.22727272727272727,0.13636363636363635,0.2727272727272727,0.0,0.4090909090909091,0.0,0.2727272727272727,0.0,0.6363636363636364,0.5454545454545454,0.36363636363636365,0.18181818181818182,0.5454545454545454,0.4090909090909091,0.45454545454545453,0.6363636363636364,0.13636363636363635,0.45454545454545453,0.3181818181818182
012600295,0.5333333333333333,0.3333333333333333,0.4666666666666667,0.13333333333333333,0.13333333333333333,0.13333333333333333,0.13333333333333333,0.13333333333333333,0.2,0.13333333333333333,0.13333333333333333,0.13333333333333333,0.13333333333333333,0.2,0.26666666666666666,0.13333333333333333,0.13333333333333333,0.8666666666666667,0.13333333333333333,0.26666666666666666,0.26666666666666666,0.13333333333333333,0.26666666666666666,0.13333333333333333,0.3333333333333333,0.26666666666666666,0.26666666666666666,0.13333333333333333
012600330,0.7857142857142857,0.4,0.7333333333333333,0.0,0.0,0.0,0.0,0.0,0.21428571428571427,0.0,0.0,0.0,0.0,0.0,0.0,0.0,0.0,0.4,0.0,0.0,0.2,0.2,0.2,0.0,0.13333333333333333,0.0,0.26666666666666666,0.0
012600338,1.0,0.3333333333333333,0.25,0.0,0.0,0.0,0.16666666666666666,0.0,0.25,0.16666666666666666,0.16666666666666666,0.0,0.0,0.25,0.0,0.8333333333333334,0.16666666666666666,0.5833333333333334,0.0,0.16666666666666666,0.3333333333333333,0.0,0.5,0.25,0.16666666666666666,0.0,0.4166666666666667,0.5
012600345,0.5333333333333333,0.3548387096774194,0.5161290322580645,0.03225806451612903,0.03225806451612903,0.03225806451612903,0.03225806451612903,0.03225806451612903,0.23333333333333334,0.0967741935483871,0.12903225806451613,0.03225806451612903,0.0,0.0967741935483871,0.03225806451612903,0.0,0.03225806451612903,0.6774193548387096,0.03225806451612903,0.16129032258064516,0.25806451612903225,0.03225806451612903,0.12903225806451613,0.03225806451612903,0.1935483870967742,0.03225806451612903,0.03225806451612903,0.03225806451612903
012600357,0.47619047619047616,0.3181818181818182,0.6818181818181818,0.22727272727272727,0.0,0.0,0.0,0.0,0.09523809523809523,0.0,0.13636363636363635,0.09090909090909091,0.0,0.09090909090909091,0.0,0.0,0.0,0.5,0.22727272727272727,0.09090909090909091,0.22727272727272727,0.13636363636363635,0.22727272727272727,0.09090909090909091,0.36363636363636365,0.0,0.3181818181818182,0.0
012600368,0.8,0.25,0.7,0.15,0.05,0.05,0.05,0.05,0.1,0.05,0.2,0.05,0.05,0.1,0.0,0.0,0.05,0.65,0.05,0.1,0.2,0.0,0.65,0.05,0.5,0.05,0.5,0.05
013090018,0.7058823529411765,0.16666666666666666,0.4444444444444444,0.0,0.0,0.0,0.0,0.0,0.0,0.0,0.16666666666666666,0.0,0.0,0.0,0.0,0.0,0.0,0.0,0.0,0.0,0.0,0.0,0.0,0.0,0.05555555555555555,0.0,0.0,0.0
013090027,0.2608695652173913,0.13043478260869565,0.2608695652173913,0.0,0.0,0.0,0.0,0.0,0.13043478260869565,0.0,0.0,0.0,0.0,0.0,0.0,0.08695652173913043,0.0,0.0,0.0,0.0,0.0,0.0,0.0,0.0,0.0,0.0,0.0,0.0
013090041,0.5,0.32142857142857145,0.39285714285714285,0.0,0.0,0.0,0.0,0.0,0.11538461538461539,0.03571428571428571,0.0,0.0,0.0,0.07142857142857142,0.0,0.0,0.0,0.0,0.0,0.0,0.0,0.0,0.0,0.0,0.03571428571428571,0.03571428571428571,0.14285714285714285,0.03571428571428571
013090051,0.4583333333333333,0.20833333333333334,0.5,0.0,0.0,0.0,0.0,0.0,0.08333333333333333,0.08333333333333333,0.16666666666666666,0.0,0.0,0.08333333333333333,0.0,0.0,0.0,0.625,0.0,0.0,0.20833333333333334,0.125,0.25,0.125,0.125,0.125,0.16666666666666666,0.08333333333333333
013090076,0.5,0.0,0.391304347826087,0.0,0.0,0.0,0.0,0.0,0.125,0.0,0.0,0.0,0.0,0.0,0.0,0.0,0.0,0.17391304347826086,0.0,0.13043478260869565,0.0,0.0,0.17391304347826086,0.0,0.0,0.13043478260869565,0.0,0.0
013090105,0.4666666666666667,0.2,0.6666666666666666,0.0,0.0,0.0,0.0,0.0,0.2,0.2,0.0,0.0,0.0,0.0,0.0,0.0,0.0,0.0,0.0,0.0,0.0,0.0,0.0,0.0,0.0,0.0,0.06666666666666667,0.2
013090128,0.4782608695652174,0.16666666666666666,0.5416666666666666,0.0,0.0,0.0,0.0,0.0,0.043478260869565216,0.041666666666666664,0.08333333333333333,0.0,0.0,0.0,0.0,0.0,0.0,0.2916666666666667,0.0,0.08333333333333333,0.041666666666666664,0.16666666666666666,0.041666666666666664,0.08333333333333333,0.125,0.20833333333333334,0.041666666666666664,0.08333333333333333
013090147,0.6153846153846154,0.037037037037037035,0.5555555555555556,0.0,0.0,0.0,0.0,0.0,0.11538461538461539,0.037037037037037035,0.07407407407407407,0.0,0.0,0.0,0.0,0.0,0.0,0.2222222222222222,0.0,0.0,0.25925925925925924,0.037037037037037035,0.0,0.0,0.0,0.037037037037037035,0.0,0.0
013090148,0.6,0.2,0.4,0.2,0.06666666666666667,0.13333333333333333,0.06666666666666667,0.06666666666666667,0.06666666666666667,0.06666666666666667,0.06666666666666667,0.06666666666666667,0.06666666666666667,0.06666666666666667,0.13333333333333333,0.2,0.06666666666666667,0.3333333333333333,0.2,0.2,0.13333333333333333,0.0,0.0,0.2,0.4666666666666667,0.13333333333333333,0.13333333333333333,0.06666666666666667
013090160,0.391304347826087,0.0,0.34782608695652173,0.0,0.0,0.0,0.0,0.0,0.0,0.0,0.0,0.0,0.0,0.0,0.0,0.30434782608695654,0.0,0.043478260869565216,0.0,0.0,0.043478260869565216,0.0,0.0,0.043478260869565216,0.043478260869565216,0.0,0.0,0.0
013090179,0.6086956521739131,0.08695652173913043,0.4782608695652174,0.0,0.0,0.0,0.0,0.0,0.043478260869565216,0.0,0.17391304347826086,0.0,0.08695652173913043,0.13043478260869565,0.0,0.0,0.0,0.13043478260869565,0.0,0.08695652173913043,0.0,0.0,0.043478260869565216,0.21739130434782608,0.043478260869565216,0.17391304347826086,0.0,0.043478260869565216
013090181,0.23529411764705882,0.16666666666666666,0.3888888888888889,0.0,0.0,0.0,0.0,0.0,0.058823529411764705,0.0,0.05555555555555555,0.0,0.0,0.0,0.0,0.0,0.0,0.0,0.0,0.0,0.0,0.0,0.0,0.0,0.0,0.0,0.0,0.0
013090184,0.6470588235294118,0.5555555555555556,0.4444444444444444,0.6111111111111112,0.16666666666666666,0.0,0.0,0.0,0.29411764705882354,0.2777777777777778,0.5555555555555556,0.5,0.2222222222222222,0.7222222222222222,0.1111111111111111,0.05555555555555555,0.4444444444444444,0.6666666666666666,0.1111111111111111,0.7222222222222222,0.1111111111111111,0.0,0.5,0.2777777777777778,0.6111111111111112,0.16666666666666666,0.6666666666666666,0.05555555555555555
013090185,0.55,0.35,0.5,0.2,0.1,0.1,0.1,0.1,0.25,0.2,0.15,0.2,0.1,0.15,0.0,0.0,0.1,0.7,0.1,0.1,0.1,0.1,0.1,0.1,0.2,0.1,0.1,0.1
013090202,0.5714285714285714,0.3333333333333333,0.5333333333333333,0.13333333333333333,0.06666666666666667,0.06666666666666667,0.06666666666666667,0.06666666666666667,0.14285714285714285,0.06666666666666667,0.26666666666666666,0.06666666666666667,0.0,0.06666666666666667,0.06666666666666667,0.0,0.13333333333333333,0.6666666666666666,0.26666666666666666,0.06666666666666667,0.06666666666666667,0.06666666666666667,0.06666666666666667,0.06666666666666667,0.06666666666666667,0.06666666666666667,0.06666666666666667,0.06666666666666667
013090232,0.5882352941176471,0.0,0.42105263157894735,0.0,0.0,0.0,0.0,0.0,0.11764705882352941,0.0,0.0,0.0,0.0,0.05263157894736842,0.0,0.0,0.0,0.0,0.0,0.0,0.0,0.0,0.0,0.0,0.0,0.0,0.0,0.0
013090267,0.3333333333333333,0.0967741935483871,0.41935483870967744,0.0,0.0,0.0,0.0,0.0,0.06666666666666667,0.03225806451612903,0.0,0.0,0.0,0.0,0.0,0.0,0.0,0.0967741935483871,0.0,0.06451612903225806,0.0,0.0,0.03225806451612903,0.0,0.0,0.03225806451612903,0.0,0.0
013090287,0.46153846153846156,0.15384615384615385,0.38461538461538464,0.0,0.23076923076923078,0.0,0.0,0.0,0.46153846153846156,0.3076923076923077,0.0,0.23076923076923078,0.07692307692307693,0.07692307692307693,0.23076923076923078,0.6923076923076923,0.23076923076923078,0.0,0.23076923076923078,0.07692307692307693,0.23076923076923078,0.3076923076923077,0.07692307692307693,0.0,0.3076923076923077,0.23076923076923078,0.38461538461538464,0.3076923076923077
013090339,0.6190476190476191,0.09523809523809523,0.3333333333333333,0.09523809523809523,0.09523809523809523,0.0,0.0,0.09523809523809523,0.14285714285714285,0.0,0.09523809523809523,0.09523809523809523,0.09523809523809523,0.09523809523809523,0.0,0.09523809523809523,0.0,0.3333333333333333,0.09523809523809523,0.09523809523809523,0.0,0.0,0.09523809523809523,0.09523809523809523,0.09523809523809523,0.09523809523809523,0.0,0.09523809523809523
013090364,0.35714285714285715,0.0,0.39285714285714285,0.0,0.0,0.0,0.0,0.0,0.03571428571428571,0.0,0.0,0.0,0.0,0.0,0.0,0.0,0.0,0.6071428571428571,0.03571428571428571,0.03571428571428571,0.17857142857142858,0.0,0.0,0.0,0.0,0.0,0.0,0.0
013360001,0.6060606060606061,0.4375,0.625,0.34375,0.09375,0.15625,0.09375,0.1875,0.3939393939393939,0.21875,0.40625,0.21875,0.3125,0.4375,0.0,0.15625,0.1875,0.875,0.28125,0.21875,0.28125,0.25,0.25,0.3125,0.40625,0.3125,0.28125,0.25
013360002,0.7142857142857143,0.2,0.6666666666666666,0.0,0.0,0.0,0.0,0.0,0.35714285714285715,0.3333333333333333,0.0,0.0,0.0,0.0,0.2,0.0,0.0,0.2,0.0,0.0,0.2,0.26666666666666666,0.13333333333333333,0.2,0.2,0.2,0.26666666666666666,0.2
013360016,0.5789473684210527,0.10526315789473684,0.3684210526315789,0.0,0.10526315789473684,0.0,0.0,0.0,0.6842105263157895,0.3684210526315789,0.3684210526315789,0.0,0.0,0.42105263157894735,0.0,0.0,0.0,0.42105263157894735,0.0,0.3684210526315789,0.47368421052631576,0.15789473684210525,0.47368421052631576,0.2631578947368421,0.21052631578947367,0.21052631578947367,0.2631578947368421,0.3157894736842105
013360082,0.8787878787878788,0.5588235294117647,0.5294117647058824,0.058823529411764705,0.0,0.0,0.0,0.0,0.12121212121212122,0.058823529411764705,0.08823529411764706,0.0,0.0,0.058823529411764705,0.0,0.0,0.029411764705882353,0.8529411764705882,0.0,0.0,0.2647058823529412,0.058823529411764705,0.058823529411764705,0.0,0.14705882352941177,0.0,0.08823529411764706,0.0
013360123,0.9166666666666666,0.4166666666666667,0.75,0.0,0.0,0.0,0.0,0.0,0.4166666666666667,0.25,0.16666666666666666,0.0,0.0,0.16666666666666666,0.16666666666666666,0.0,0.0,0.8333333333333334,0.0,0.0,0.16666666666666666,0.08333333333333333,0.4166666666666667,0.5833333333333334,0.25,0.16666666666666666,0.16666666666666666,0.25
013360130,0.8260869565217391,0.0,0.5,0.0,0.0,0.0,0.0,0.0,0.30434782608695654,0.08333333333333333,0.0,0.0,0.0,0.25,0.0,0.0,0.0,0.75,0.0,0.0,0.5416666666666666,0.0,0.0,0.0,0.2916666666666667,0.0,0.0,0.0
013360140,0.8666666666666667,0.125,0.5625,0.125,0.0625,0.125,0.125,0.125,0.4,0.0625,0.0,0.125,0.125,0.25,0.125,0.125,0.125,0.5625,0.1875,0.125,0.1875,0.1875,0.25,0.1875,0.125,0.1875,0.3125,0.1875
013360145,0.8571428571428571,0.8571428571428571,0.5,0.5714285714285714,0.07142857142857142,0.07142857142857142,0.07142857142857142,0.07142857142857142,0.6428571428571429,0.21428571428571427,0.07142857142857142,0.07142857142857142,0.07142857142857142,0.07142857142857142,0.07142857142857142,0.07142857142857142,0.07142857142857142,1.0,0.5,0.14285714285714285,0.21428571428571427,0.21428571428571427,0.21428571428571427,0.07142857142857142,0.21428571428571427,0.42857142857142855,0.21428571428571427,0.14285714285714285
013360146,0.6666666666666666,0.4,0.4,0.13333333333333333,0.13333333333333333,0.0,0.0,0.0,0.26666666666666666,0.2,0.0,0.26666666666666666,0.13333333333333333,0.2,0.0,0.06666666666666667,0.0,0.5333333333333333,0.0,0.13333333333333333,0.0,0.2,0.2,0.2,0.26666666666666666,0.2,0.2,0.0
013360161,0.8260869565217391,0.375,0.6666666666666666,0.3333333333333333,0.0,0.0,0.08333333333333333,0.16666666666666666,0.5652173913043478,0.2916666666666667,0.4166666666666667,0.08333333333333333,0.0,0.3333333333333333,0.0,0.08333333333333333,0.0,0.625,0.16666666666666666,0.25,0.20833333333333334,0.2916666666666667,0.4583333333333333,0.125,0.4166666666666667,0.2916666666666667,0.2916666666666667,0.20833333333333334
013360162,0.8125,0.625,0.8125,0.0,0.0,0.0,0.0,0.0,0.5,0.4375,0.5,0.3125,0.0,0.4375,0.0,0.0,0.0,0.75,0.625,0.5625,0.0,0.3125,0.6875,0.625,0.75,0.4375,0.5,0.75
013360171,0.4782608695652174,0.21739130434782608,0.4782608695652174,0.21739130434782608,0.13043478260869565,0.0,0.0,0.17391304347826086,0.30434782608695654,0.21739130434782608,0.21739130434782608,0.17391304347826086,0.08695652173913043,0.21739130434782608,0.0,0.0,0.13043478260869565,0.391304347826087,0.13043478260869565,0.21739130434782608,0.2608695652173913,0.21739130434782608,0.34782608695652173,0.17391304347826086,0.2608695652173913,0.21739130434782608,0.2608695652173913,0.21739130434782608
013360226,0.6111111111111112,0.1111111111111111,0.3888888888888889,0.0,0.2222222222222222,0.0,0.0,0.0,0.5555555555555556,0.3888888888888889,0.0,0.05555555555555555,0.2222222222222222,0.16666666666666666,0.0,0.0,0.0,0.4444444444444444,0.6666666666666666,0.2222222222222222,0.3888888888888889,0.16666666666666666,0.05555555555555555,0.1111111111111111,0.16666666666666666,0.1111111111111111,0.4444444444444444,0.1111111111111111
013360234,0.8148148148148148,0.21428571428571427,0.6071428571428571,0.25,0.0,0.0,0.0,0.0,0.4074074074074074,0.10714285714285714,0.25,0.07142857142857142,0.0,0.17857142857142858,0.0,0.0,0.0,0.4642857142857143,0.07142857142857142,0.07142857142857142,0.0,0.10714285714285714,0.17857142857142858,0.03571428571428571,0.03571428571428571,0.14285714285714285,0.14285714285714285,0.07142857142857142
013360235,0.4666666666666667,0.7333333333333333,0.6,0.0,0.0,0.0,0.0,0.0,0.6,0.0,0.2,0.0,0.0,0.13333333333333333,0.0,0.0,0.0,0.2,0.0,0.06666666666666667,0.3333333333333333,0.4,0.6,0.3333333333333333,0.5333333333333333,0.13333333333333333,0.13333333333333333,0.5333333333333333
013360257,0.8461538461538461,0.23076923076923078,0.23076923076923078,0.15384615384615385,0.0,0.0,0.0,0.0,0.6923076923076923,0.15384615384615385,0.15384615384615385,0.0,0.0,0.0,0.3076923076923077,0.0,0.15384615384615385,0.38461538461538464,0.15384615384615385,0.0,0.07692307692307693,0.0,0.15384615384615385,0.0,0.38461538461538464,0.15384615384615385,0.7692307692307693,0.6153846153846154
013360263,0.8666666666666667,0.6428571428571429,0.7142857142857143,0.07142857142857142,0.07142857142857142,0.07142857142857142,0.07142857142857142,0.07142857142857142,0.26666666666666666,0.07142857142857142,0.14285714285714285,0.07142857142857142,0.07142857142857142,0.21428571428571427,0.0,0.07142857142857142,0.07142857142857142,0.7857142857142857,0.35714285714285715,0.21428571428571427,0.21428571428571427,0.07142857142857142,0.6428571428571429,0.07142857142857142,0.2857142857142857,0.42857142857142855,0.42857142857142855,0.21428571428571427
013360268,0.6666666666666666,0.13333333333333333,0.4,0.26666666666666666,0.0,0.0,0.0,0.13333333333333333,0.26666666666666666,0.06666666666666667,0.2,0.13333333333333333,0.0,0.4,0.0,0.13333333333333333,0.13333333333333333,0.7333333333333333,0.13333333333333333,0.26666666666666666,0.13333333333333333,0.2,0.4,0.2,0.13333333333333333,0.06666666666666667,0.2,0.06666666666666667
013360360,0.4375,0.35294117647058826,0.5882352941176471,0.17647058823529413,0.17647058823529413,0.0,0.17647058823529413,0.17647058823529413,0.3125,0.058823529411764705,0.17647058823529413,0.17647058823529413,0.17647058823529413,0.17647058823529413,0.0,0.17647058823529413,0.17647058823529413,0.17647058823529413,0.0,0.17647058823529413,0.17647058823529413,0.17647058823529413,0.17647058823529413,0.0,0.23529411764705882,0.17647058823529413,0.058823529411764705,0.23529411764705882
013360363,0.5555555555555556,0.3333333333333333,0.5555555555555556,0.0,0.0,0.0,0.0,0.0,0.16666666666666666,0.05555555555555555,0.16666666666666666,0.0,0.0,0.05555555555555555,0.0,0.0,0.0,0.4444444444444444,0.05555555555555555,0.0,0.16666666666666666,0.0,0.1111111111111111,0.0,0.16666666666666666,0.0,0.0,0.1111111111111111
013620027,0.875,0.1875,0.375,0.25,0.0,0.0,0.0,0.0625,0.1875,0.25,0.4375,0.4375,0.0625,0.125,0.0625,0.1875,0.0625,1.0,0.1875,0.3125,0.5625,0.0625,0.4375,0.1875,0.4375,0.25,0.3125,0.25
013620030,0.5185185185185185,0.5384615384615384,0.38461538461538464,0.15384615384615385,0.07692307692307693,0.11538461538461539,0.038461538461538464,0.2692307692307692,0.25925925925925924,0.19230769230769232,0.19230769230769232,0.19230769230769232,0.038461538461538464,0.23076923076923078,0.11538461538461539,0.23076923076923078,0.3076923076923077,0.8461538461538461,0.2692307692307692,0.34615384615384615,0.6538461538461539,0.19230769230769232,0.19230769230769232,0.23076923076923078,0.34615384615384615,0.19230769230769232,0.38461538461538464,0.2692307692307692
013620106,0.32,0.1111111111111111,0.37037037037037035,0.037037037037037035,0.07407407407407407,0.1111111111111111,0.07407407407407407,0.037037037037037035,0.2,0.1111111111111111,0.07407407407407407,0.25925925925925924,0.07407407407407407,0.14814814814814814,0.07407407407407407,0.07407407407407407,0.0,0.6666666666666666,0.37037037037037035,0.14814814814814814,0.14814814814814814,0.1111111111111111,0.07407407407407407,0.07407407407407407,0.2222222222222222,0.07407407407407407,0.4444444444444444,0.07407407407407407
013620108,0.7272727272727273,0.08695652173913043,0.4782608695652174,0.0,0.0,0.0,0.0,0.0,0.18181818181818182,0.08695652173913043,0.13043478260869565,0.0,0.0,0.0,0.0,0.0,0.0,0.9130434782608695,0.0,0.0,0.43478260869565216,0.13043478260869565,0.13043478260869565,0.08695652173913043,0.08695652173913043,0.0,0.043478260869565216,0.0
013620128,0.9166666666666666,0.25,0.4166666666666667,0.0,0.08333333333333333,0.0,0.08333333333333333,0.08333333333333333,1.0,0.3333333333333333,0.75,0.0,0.0,0.6666666666666666,0.0,0.08333333333333333,0.08333333333333333,0.5,0.75,0.5833333333333334,0.4166666666666667,0.16666666666666666,0.5,0.25,0.6666666666666666,0.16666666666666666,0.3333333333333333,0.16666666666666666
013620137,0.5,0.1,0.3,0.1,0.3,0.1,0.1,0.1,0.35,0.3,0.3,0.2,0.1,0.2,0.1,0.1,0.1,0.95,0.3,0.1,0.25,0.1,0.25,0.2,0.2,0.2,0.25,0.2
013620140,0.8421052631578947,0.21052631578947367,0.3157894736842105,0.10526315789473684,0.10526315789473684,0.10526315789473684,0.05263157894736842,0.10526315789473684,0.5263157894736842,0.3157894736842105,0.3684210526315789,0.3157894736842105,0.10526315789473684,0.10526315789473684,0.0,0.3684210526315789,0.10526315789473684,0.5263157894736842,0.42105263157894735,0.10526315789473684,0.47368421052631576,0.21052631578947367,0.15789473684210525,0.21052631578947367,0.3157894736842105,0.3157894736842105,0.2631578947368421,0.21052631578947367
013620143,0.7619047619047619,0.14285714285714285,0.7619047619047619,0.3333333333333333,0.19047619047619047,0.09523809523809523,0.09523809523809523,0.19047619047619047,0.3333333333333333,0.3333333333333333,0.23809523809523808,0.23809523809523808,0.09523809523809523,0.2857142857142857,0.0,0.09523809523809523,0.09523809523809523,0.2857142857142857,0.3333333333333333,0.3333333333333333,0.14285714285714285,0.3333333333333333,0.3333333333333333,0.2857142857142857,0.3333333333333333,0.2857142857142857,0.2857142857142857,0.2857142857142857
013620146,1.0,0.3333333333333333,0.3333333333333333,0.4166666666666667,0.08333333333333333,0.3333333333333333,0.16666666666666666,0.3333333333333333,0.45454545454545453,0.0,0.16666666666666666,0.5833333333333334,0.0,0.16666666666666666,0.0,0.0,0.0,1.0,0.25,0.0,0.25,0.25,0.5,0.08333333333333333,0.08333333333333333,0.0,0.16666666666666666,0.25
013620162,0.6923076923076923,0.0,0.5714285714285714,0.0,0.0,0.0,0.0,0.0,0.07692307692307693,0.0,0.0,0.35714285714285715,0.0,0.0,0.0,0.0,0.0,0.5714285714285714,0.0,0.35714285714285715,0.0,0.0,0.0,0.0,0.21428571428571427,0.0,0.2857142857142857,0.14285714285714285
013620175,0.8636363636363636,0.22727272727272727,0.4090909090909091,0.0,0.0,0.0,0.0,0.045454545454545456,0.5909090909090909,0.18181818181818182,0.5454545454545454,0.7272727272727273,0.0,0.045454545454545456,0.0,0.0,0.0,0.7727272727272727,0.0,0.0,0.36363636363636365,0.13636363636363635,0.22727272727272727,0.45454545454545453,0.36363636363636365,0.22727272727272727,0.2727272727272727,0.22727272727272727
013620184,0.75,0.4375,0.6875,0.0,0.0,0.125,0.0,0.0,0.5,0.125,0.3125,0.0,0.0,0.375,0.0,0.1875,0.0,0.875,0.125,0.1875,0.125,0.3125,0.6875,0.25,0.625,0.125,0.375,0.375
013620185,0.9166666666666666,0.5,0.7083333333333334,0.041666666666666664,0.125,0.041666666666666664,0.125,0.08333333333333333,0.375,0.2916666666666667,0.5416666666666666,0.5,0.125,0.4166666666666667,0.08333333333333333,0.08333333333333333,0.125,0.875,0.125,0.2916666666666667,0.6666666666666666,0.25,0.375,0.16666666666666666,0.75,0.25,0.4583333333333333,0.3333333333333333
013620210,0.7916666666666666,0.08,0.56,0.0,0.0,0.0,0.0,0.0,0.25,0.12,0.32,0.04,0.0,0.24,0.0,0.0,0.0,1.0,0.04,0.0,0.4,0.04,0.2,0.12,0.04,0.08,0.08,0.2
013620241,0.7857142857142857,0.21428571428571427,0.2857142857142857,0.21428571428571427,0.14285714285714285,0.0,0.0,0.35714285714285715,0.5,0.5714285714285714,0.21428571428571427,0.21428571428571427,0.0,0.35714285714285715,0.0,0.0,0.21428571428571427,0.35714285714285715,0.0,0.2857142857142857,0.35714285714285715,0.5,0.42857142857142855,0.5714285714285714,0.5714285714285714,0.5714285714285714,0.2857142857142857,0.42857142857142855
013620257,0.6111111111111112,0.1111111111111111,0.8333333333333334,0.05555555555555555,0.2222222222222222,0.1111111111111111,0.1111111111111111,0.1111111111111111,0.3888888888888889,0.2777777777777778,0.16666666666666666,0.2777777777777778,0.05555555555555555,0.16666666666666666,0.0,0.0,0.0,0.8333333333333334,0.05555555555555555,0.3333333333333333,0.6111111111111112,0.2222222222222222,0.6666666666666666,0.16666666666666666,0.4444444444444444,0.3333333333333333,0.3333333333333333,0.2777777777777778
013620258,0.75,0.08333333333333333,0.5833333333333334,0.0,0.0,0.0,0.0,0.0,0.8333333333333334,0.3333333333333333,0.0,0.0,0.0,0.16666666666666666,0.0,0.6666666666666666,0.0,1.0,0.0,0.0,0.0,0.4166666666666667,0.4166666666666667,0.0,0.3333333333333333,0.3333333333333333,0.25,0.4166666666666667
013620292,0.7647058823529411,0.6470588235294118,0.7647058823529411,0.5882352941176471,0.35294117647058826,0.29411764705882354,0.17647058823529413,0.4117647058823529,0.5294117647058824,0.29411764705882354,0.4117647058823529,0.4117647058823529,0.0,0.5294117647058824,0.0,0.29411764705882354,0.5294117647058824,0.6470588235294118,0.5294117647058824,0.6470588235294118,0.6470588235294118,0.4117647058823529,0.7058823529411765,0.29411764705882354,0.4117647058823529,0.6470588235294118,0.5294117647058824,0.35294117647058826
013620361,1.0,0.14285714285714285,0.7857142857142857,0.35714285714285715,0.14285714285714285,0.07142857142857142,0.14285714285714285,0.35714285714285715,0.35714285714285715,0.21428571428571427,0.35714285714285715,0.35714285714285715,0.0,0.35714285714285715,0.0,0.14285714285714285,0.14285714285714285,1.0,0.35714285714285715,0.14285714285714285,0.7142857142857143,0.21428571428571427,0.6428571428571429,0.07142857142857142,0.21428571428571427,0.21428571428571427,0.6428571428571429,0.21428571428571427
013620366,0.9230769230769231,0.42857142857142855,0.5,0.35714285714285715,0.14285714285714285,0.0,0.07142857142857142,0.14285714285714285,0.9230769230769231,0.35714285714285715,0.14285714285714285,0.35714285714285715,0.0,0.2857142857142857,0.0,1.0,0.21428571428571427,0.5,1.0,0.35714285714285715,0.2857142857142857,0.07142857142857142,0.5,0.07142857142857142,0.2857142857142857,0.21428571428571427,0.35714285714285715,0.2857142857142857
013720023,0.8333333333333334,0.0,0.5,0.0,0.0,0.0,0.0,0.0,0.0,0.16666666666666666,0.0,0.0,0.0,0.0,0.0,0.0,0.0,0.0,0.0,0.0,0.0,0.0,0.25,0.0,0.16666666666666666,0.16666666666666666,0.16666666666666666,0.25
013720051,0.6538461538461539,0.14814814814814814,0.5925925925925926,0.07407407407407407,0.07407407407407407,0.07407407407407407,0.07407407407407407,0.07407407407407407,0.19230769230769232,0.07407407407407407,0.14814814814814814,0.07407407407407407,0.07407407407407407,0.07407407407407407,0.07407407407407407,0.07407407407407407,0.07407407407407407,0.25925925925925924,0.07407407407407407,0.07407407407407407,0.0,0.07407407407407407,0.1111111111111111,0.1111111111111111,0.037037037037037035,0.07407407407407407,0.14814814814814814,0.07407407407407407
013720070,0.47619047619047616,0.09090909090909091,0.3181818181818182,0.0,0.0,0.0,0.0,0.0,0.0,0.0,0.0,0.0,0.0,0.0,0.0,0.0,0.0,0.36363636363636365,0.0,0.0,0.045454545454545456,0.0,0.0,0.0,0.0,0.0,0.045454545454545456,0.0
013720082,0.6363636363636364,0.0,0.34782608695652173,0.0,0.0,0.0,0.0,0.0,0.09090909090909091,0.0,0.0,0.0,0.0,0.0,0.0,0.0,0.0,0.43478260869565216,0.0,0.0,0.0,0.0,0.0,0.0,0.0,0.0,0.0,0.0
013720140,0.38095238095238093,0.1,0.4,0.05,0.1,0.1,0.05,0.05,0.19047619047619047,0.1,0.05,0.05,0.1,0.1,0.2,0.1,0.1,0.75,0.15,0.05,0.25,0.2,0.05,0.05,0.05,0.1,0.15,0.1
013720152,0.95,0.05,0.5,0.0,0.0,0.0,0.0,0.0,0.3,0.1,0.2,0.0,0.0,0.3,0.0,0.0,0.0,0.8,0.15,0.1,0.1,0.1,0.05,0.05,0.35,0.1,0.15,0.1
013720153,0.75,0.25,0.4,0.0,0.15,0.0,0.0,0.0,0.45,0.15,0.1,0.1,0.0,0.15,0.0,0.0,0.0,0.75,0.1,0.0,0.25,0.0,0.25,0.15,0.4,0.25,0.1,0.4
013720167,0.6666666666666666,0.375,0.5,0.0,0.125,0.125,0.125,0.125,0.4,0.25,0.375,0.125,0.0,0.3125,0.0,0.0,0.125,0.5625,0.125,0.25,0.125,0.1875,0.25,0.25,0.1875,0.125,0.125,0.25
013720182,0.4166666666666667,0.041666666666666664,0.375,0.0,0.0,0.0,0.0,0.0,0.08333333333333333,0.0,0.0,0.0,0.0,0.0,0.0,0.0,0.0,0.4583333333333333,0.0,0.0,0.0,0.0,0.0,0.0,0.125,0.0,0.041666666666666664,0.0
013720189,0.56,0.16,0.52,0.08,0.0,0.0,0.0,0.0,0.36,0.16,0.12,0.0,0.0,0.08,0.0,0.0,0.0,0.64,0.08,0.08,0.24,0.0,0.0,0.16,0.16,0.0,0.08,0.16
013720198,0.6111111111111112,0.3888888888888889,0.2777777777777778,0.1111111111111111,0.1111111111111111,0.16666666666666666,0.1111111111111111,0.1111111111111111,0.3333333333333333,0.3333333333333333,0.2222222222222222,0.1111111111111111,0.16666666666666666,0.16666666666666666,0.1111111111111111,0.1111111111111111,0.16666666666666666,0.4444444444444444,0.16666666666666666,0.2777777777777778,0.3888888888888889,0.3333333333333333,0.3333333333333333,0.3333333333333333,0.3333333333333333,0.16666666666666666,0.16666666666666666,0.3333333333333333
013720199,0.6666666666666666,0.2857142857142857,0.5714285714285714,0.19047619047619047,0.047619047619047616,0.0,0.0,0.19047619047619047,0.2857142857142857,0.14285714285714285,0.047619047619047616,0.047619047619047616,0.0,0.0,0.0,0.0,0.0,0.6666666666666666,0.0,0.14285714285714285,0.0,0.047619047619047616,0.09523809523809523,0.23809523809523808,0.14285714285714285,0.047619047619047616,0.14285714285714285,0.14285714285714285
013720201,0.55,0.3,0.5,0.15,0.15,0.0,0.15,0.15,0.5,0.15,0.15,0.15,0.0,0.45,0.0,0.15,0.15,0.3,0.45,0.15,0.25,0.15,0.65,0.15,0.4,0.15,0.35,0.15
013720215,0.6923076923076923,0.07142857142857142,0.6428571428571429,0.0,0.0,0.0,0.0,0.0,0.23076923076923078,0.0,0.0,0.0,0.0,0.0,0.0,0.0,0.0,0.6428571428571429,0.0,0.0,0.0,0.0,0.0,0.07142857142857142,0.0,0.0,0.0,0.2857142857142857
013720233,0.5,0.0,0.5,0.0,0.0,0.0,0.0,0.0,0.125,0.0,0.0,0.0,0.0,0.0,0.0,0.0,0.0,0.625,0.0,0.0,0.0,0.0,0.0625,0.0,0.0,0.0,0.0,0.0
013720256,0.631578947368421,0.21052631578947367,0.3157894736842105,0.05263157894736842,0.10526315789473684,0.0,0.0,0.0,0.15789473684210525,0.10526315789473684,0.0,0.05263157894736842,0.10526315789473684,0.0,0.0,0.05263157894736842,0.05263157894736842,0.2631578947368421,0.0,0.05263157894736842,0.10526315789473684,0.0,0.21052631578947367,0.15789473684210525,0.10526315789473684,0.0,0.21052631578947367,0.2631578947368421
013720274,0.76,0.37037037037037035,0.4074074074074074,0.0,0.037037037037037035,0.037037037037037035,0.037037037037037035,0.07407407407407407,0.56,0.48148148148148145,0.18518518518518517,0.1111111111111111,0.037037037037037035,0.18518518518518517,0.0,0.0,0.037037037037037035,0.25925925925925924,0.18518518518518517,0.1111111111111111,0.2222222222222222,0.4074074074074074,0.3333333333333333,0.4074074074074074,0.5185185185185185,0.2962962962962963,0.4444444444444444,0.48148148148148145
013720275,0.65,0.2,0.55,0.4,0.0,0.0,0.0,0.55,0.6,0.15,0.4,0.5,0.0,0.25,0.0,0.0,0.3,0.6,0.45,0.35,0.3,0.3,0.35,0.2,0.65,0.3,0.35,0.4
013720311,0.7,0.38095238095238093,0.5714285714285714,0.23809523809523808,0.0,0.0,0.0,0.0,0.45,0.0,0.23809523809523808,0.14285714285714285,0.0,0.23809523809523808,0.0,0.0,0.0,0.6190476190476191,0.3333333333333333,0.2857142857142857,0.09523809523809523,0.0,0.0,0.09523809523809523,0.0,0.0,0.19047619047619047,0.14285714285714285
013720360,0.631578947368421,0.1,0.25,0.15,0.0,0.0,0.0,0.0,0.47368421052631576,0.0,0.2,0.15,0.0,0.2,0.0,0.0,0.0,1.0,0.0,0.15,0.3,0.0,0.1,0.1,0.2,0.0,0.1,0.2
014070040,0.7916666666666666,0.2,0.52,0.0,0.0,0.0,0.0,0.0,0.16666666666666666,0.16,0.12,0.16,0.16,0.04,0.0,0.12,0.0,0.44,0.16,0.0,0.44,0.0,0.16,0.24,0.2,0.2,0.04,0.0
014070080,0.3157894736842105,0.75,0.6,0.0,0.0,0.0,0.0,0.0,0.0,0.0,0.0,0.0,0.0,0.15,0.0,0.0,0.0,0.55,0.0,0.0,0.0,0.0,0.1,0.0,0.4,0.0,0.25,0.1
014070092,0.5,0.4583333333333333,0.5,0.0,0.0,0.0,0.0,0.16666666666666666,0.5,0.16666666666666666,0.0,0.16666666666666666,0.0,0.25,0.041666666666666664,0.0,0.0,0.625,0.125,0.125,0.5833333333333334,0.5416666666666666,0.5416666666666666,0.125,0.4166666666666667,0.041666666666666664,0.5416666666666666,0.041666666666666664
014070101,0.56,0.08,0.64,0.0,0.0,0.0,0.0,0.0,0.24,0.08,0.04,0.0,0.0,0.0,0.0,0.0,0.0,0.48,0.0,0.0,0.12,0.08,0.2,0.0,0.36,0.08,0.08,0.08
014070159,1.0,0.4166666666666667,0.5833333333333334,0.0,0.0,0.0,0.0,0.0,0.25,0.0,0.0,0.0,0.0,0.0,0.0,0.0,0.0,0.6666666666666666,0.0,0.0,0.0,0.0,0.0,0.0,0.0,0.0,0.0,0.0
014070207,0.391304347826087,0.17391304347826086,0.5652173913043478,0.0,0.0,0.0,0.0,0.0,0.5217391304347826,0.30434782608695654,0.13043478260869565,0.0,0.0,0.391304347826087,0.043478260869565216,0.0,0.0,1.0,0.0,0.0,0.6086956521739131,0.391304347826087,0.21739130434782608,0.2608695652173913,0.34782608695652173,0.391304347826087,0.34782608695652173,0.5217391304347826
014070217,0.46153846153846156,0.6923076923076923,0.7692307692307693,0.07692307692307693,0.38461538461538464,0.0,0.0,0.38461538461538464,0.38461538461538464,0.38461538461538464,0.46153846153846156,0.38461538461538464,0.15384615384615385,0.38461538461538464,0.0,0.23076923076923078,0.07692307692307693,0.46153846153846156,0.07692307692307693,0.07692307692307693,0.5384615384615384,0.38461538461538464,0.6153846153846154,0.6153846153846154,0.5384615384615384,0.46153846153846156,0.6923076923076923,0.07692307692307693
014070239,0.5263157894736842,0.4,0.6,0.1,0.2,0.0,0.1,0.0,0.21052631578947367,0.2,0.15,0.2,0.0,0.1,0.1,0.1,0.1,0.65,0.15,0.05,0.4,0.2,0.2,0.25,0.25,0.1,0.25,0.25
014070248,0.7142857142857143,0.0,0.35714285714285715,0.21428571428571427,0.0,0.0,0.0,0.0,0.6428571428571429,0.0,0.21428571428571427,0.07142857142857142,0.0,0.5,0.0,0.0,0.0,0.9285714285714286,0.0,0.35714285714285715,0.0,0.5,0.0,0.0,0.21428571428571427,0.0,0.0,0.07142857142857142
014070265,0.8235294117647058,0.47058823529411764,0.5882352941176471,0.47058823529411764,0.47058823529411764,0.23529411764705882,0.11764705882352941,0.35294117647058826,0.47058823529411764,0.35294117647058826,0.5294117647058824,0.35294117647058826,0.23529411764705882,0.5294117647058824,0.11764705882352941,0.11764705882352941,0.4117647058823529,1.0,0.47058823529411764,0.4117647058823529,0.29411764705882354,0.35294117647058826,0.47058823529411764,0.4117647058823529,0.4117647058823529,0.35294117647058826,0.5294117647058824,0.29411764705882354
014070270,0.625,0.0625,0.625,0.1875,0.25,0.1875,0.1875,0.25,0.25,0.125,0.25,0.125,0.0,0.1875,0.125,0.125,0.125,0.1875,0.25,0.125,0.125,0.0625,0.1875,0.3125,0.3125,0.1875,0.125,0.0625
014070281,0.56,0.52,0.84,0.08,0.08,0.08,0.08,0.08,0.52,0.2,0.08,0.32,0.08,0.12,0.08,0.08,0.08,0.64,0.08,0.16,0.16,0.44,0.48,0.2,0.36,0.32,0.24,0.24
014070297,0.7666666666666667,0.5,0.5,0.0,0.15625,0.03125,0.0,0.09375,0.36666666666666664,0.1875,0.34375,0.15625,0.125,0.28125,0.0,0.0,0.0,0.28125,0.0,0.125,0.34375,0.25,0.3125,0.1875,0.375,0.21875,0.40625,0.25
014070304,0.625,0.3333333333333333,0.625,0.4166666666666667,0.20833333333333334,0.0,0.0,0.08333333333333333,0.25,0.16666666666666666,0.16666666666666666,0.125,0.0,0.375,0.0,0.08333333333333333,0.2916666666666667,0.7916666666666666,0.16666666666666666,0.20833333333333334,0.16666666666666666,0.25,0.4583333333333333,0.16666666666666666,0.25,0.16666666666666666,0.25,0.25
014070308,0.7142857142857143,0.4642857142857143,0.7857142857142857,0.21428571428571427,0.07142857142857142,0.07142857142857142,0.07142857142857142,0.10714285714285714,0.39285714285714285,0.14285714285714285,0.4642857142857143,0.0,0.07142857142857142,0.35714285714285715,0.07142857142857142,0.07142857142857142,0.03571428571428571,0.8571428571428571,0.2857142857142857,0.25,0.35714285714285715,0.0,0.35714285714285715,0.14285714285714285,0.17857142857142858,0.07142857142857142,0.07142857142857142,0.10714285714285714
014070336,0.7083333333333334,0.28,0.72,0.08,0.16,0.08,0.12,0.12,0.5833333333333334,0.12,0.08,0.24,0.24,0.36,0.16,0.2,0.12,0.6,0.12,0.32,0.44,0.24,0.32,0.36,0.48,0.36,0.28,0.52
014070341,0.475,0.1951219512195122,0.6585365853658537,0.12195121951219512,0.07317073170731707,0.0,0.07317073170731707,0.12195121951219512,0.175,0.17073170731707318,0.34146341463414637,0.1951219512195122,0.0,0.3170731707317073,0.07317073170731707,0.12195121951219512,0.14634146341463414,0.7317073170731707,0.1951219512195122,0.12195121951219512,0.34146341463414637,0.024390243902439025,0.2926829268292683,0.0975609756097561,0.36585365853658536,0.17073170731707318,0.24390243902439024,0.14634146341463414
014070343,0.7272727272727273,0.5217391304347826,0.4782608695652174,0.13043478260869565,0.13043478260869565,0.34782608695652173,0.043478260869565216,0.08695652173913043,0.6818181818181818,0.43478260869565216,0.391304347826087,0.4782608695652174,0.13043478260869565,0.2608695652173913,0.043478260869565216,0.0,0.5652173913043478,0.5217391304347826,0.34782608695652173,0.6956521739130435,0.5217391304347826,0.043478260869565216,0.6086956521739131,0.43478260869565216,0.391304347826087,0.34782608695652173,0.5217391304347826,0.4782608695652174
014070349,0.6333333333333333,0.4666666666666667,0.6666666666666666,0.06666666666666667,0.1,0.06666666666666667,0.03333333333333333,0.06666666666666667,0.4,0.06666666666666667,0.2,0.23333333333333334,0.1,0.23333333333333334,0.1,0.1,0.06666666666666667,0.8666666666666667,0.16666666666666666,0.16666666666666666,0.26666666666666666,0.2,0.3333333333333333,0.06666666666666667,0.23333333333333334,0.23333333333333334,0.26666666666666666,0.26666666666666666
014070358,0.5,0.18181818181818182,0.5909090909090909,0.18181818181818182,0.045454545454545456,0.09090909090909091,0.0,0.045454545454545456,0.13636363636363635,0.0,0.0,0.22727272727272727,0.0,0.0,0.09090909090909091,0.0,0.0,0.18181818181818182,0.045454545454545456,0.22727272727272727,0.045454545454545456,0.0,0.0,0.09090909090909091,0.045454545454545456,0.0,0.045454545454545456,0.045454545454545456
014180002,0.5416666666666666,0.4583333333333333,0.5833333333333334,0.16666666666666666,0.16666666666666666,0.16666666666666666,0.0,0.125,0.2916666666666667,0.16666666666666666,0.375,0.0,0.125,0.2916666666666667,0.08333333333333333,0.25,0.08333333333333333,0.5416666666666666,0.20833333333333334,0.2916666666666667,0.3333333333333333,0.08333333333333333,0.16666666666666666,0.125,0.25,0.08333333333333333,0.16666666666666666,0.16666666666666666
014180008,0.5882352941176471,0.8235294117647058,0.8235294117647058,0.23529411764705882,0.17647058823529413,0.23529411764705882,0.11764705882352941,0.23529411764705882,0.4117647058823529,0.29411764705882354,0.11764705882352941,0.23529411764705882,0.23529411764705882,0.23529411764705882,0.17647058823529413,0.23529411764705882,0.23529411764705882,0.8235294117647058,0.23529411764705882,0.23529411764705882,0.35294117647058826,0.23529411764705882,0.8235294117647058,0.47058823529411764,0.4117647058823529,0.35294117647058826,0.35294117647058826,0.4117647058823529
014180011,0.9166666666666666,0.75,0.75,0.6666666666666666,0.4166666666666667,0.16666666666666666,0.08333333333333333,1.0,0.6666666666666666,0.9166666666666666,0.0,0.3333333333333333,0.08333333333333333,0.25,1.0,1.0,0.75,0.8333333333333334,0.5,0.75,0.5,0.75,0.16666666666666666,0.3333333333333333,0.6666666666666666,0.6666666666666666,0.5,0.5
014180013,0.6153846153846154,0.15384615384615385,0.3076923076923077,0.07692307692307693,0.15384615384615385,0.07692307692307693,0.07692307692307693,0.07692307692307693,0.07692307692307693,0.15384615384615385,0.07692307692307693,0.07692307692307693,0.07692307692307693,0.15384615384615385,0.07692307692307693,0.0,0.07692307692307693,0.5384615384615384,0.07692307692307693,0.07692307692307693,0.15384615384615385,0.07692307692307693,0.7692307692307693,0.15384615384615385,0.07692307692307693,0.07692307692307693,0.46153846153846156,0.0
014180044,0.6153846153846154,0.0,0.2857142857142857,0.0,0.0,0.0,0.0,0.0,0.07692307692307693,0.14285714285714285,0.07142857142857142,0.2857142857142857,0.0,0.0,0.0,0.0,0.0,0.8571428571428571,0.0,0.0,0.14285714285714285,0.14285714285714285,0.14285714285714285,0.14285714285714285,0.35714285714285715,0.14285714285714285,0.2857142857142857,0.14285714285714285
014180051,0.75,0.3125,0.5625,0.0,0.125,0.0,0.0,0.0,0.25,0.1875,0.125,0.0,0.125,0.125,0.0,0.0,0.0,0.75,0.1875,0.1875,0.1875,0.1875,0.4375,0.125,0.4375,0.1875,0.5625,0.4375
014180063,0.7272727272727273,0.5454545454545454,0.7272727272727273,0.18181818181818182,0.18181818181818182,0.36363636363636365,0.09090909090909091,0.2727272727272727,0.5454545454545454,0.5454545454545454,0.2727272727272727,0.2727272727272727,0.18181818181818182,0.2727272727272727,0.36363636363636365,0.18181818181818182,0.0,0.8181818181818182,0.5454545454545454,0.36363636363636365,0.5454545454545454,0.5454545454545454,0.45454545454545453,0.2727272727272727,0.8181818181818182,0.8181818181818182,0.5454545454545454,0.36363636363636365
014180077,0.8461538461538461,0.5384615384615384,0.6153846153846154,0.07692307692307693,0.3076923076923077,0.15384615384615385,0.15384615384615385,0.15384615384615385,0.46153846153846156,0.46153846153846156,0.38461538461538464,0.3076923076923077,0.6923076923076923,0.15384615384615385,0.6923076923076923,1.0,0.15384615384615385,1.0,0.5384615384615384,0.3076923076923077,0.6923076923076923,0.46153846153846156,0.46153846153846156,0.5384615384615384,0.46153846153846156,0.38461538461538464,0.6923076923076923,0.23076923076923078
014180084,0.9444444444444444,0.2631578947368421,0.3684210526315789,0.15789473684210525,0.15789473684210525,0.15789473684210525,0.05263157894736842,0.05263157894736842,0.5,0.3684210526315789,0.21052631578947367,0.2631578947368421,0.3157894736842105,0.2631578947368421,0.21052631578947367,0.42105263157894735,0.05263157894736842,0.8421052631578947,0.21052631578947367,0.10526315789473684,0.631578947368421,0.3684210526315789,0.47368421052631576,0.15789473684210525,0.3157894736842105,0.10526315789473684,0.21052631578947367,0.15789473684210525
014180088,0.5,0.5,0.6666666666666666,0.3333333333333333,0.5,0.3333333333333333,0.25,0.5,0.5,0.5,0.3333333333333333,0.16666666666666666,0.6666666666666666,0.5833333333333334,0.25,0.6666666666666666,0.3333333333333333,1.0,0.75,0.4166666666666667,0.3333333333333333,0.4166666666666667,0.3333333333333333,0.6666666666666666,0.5,0.5833333333333334,0.4166666666666667,0.16666666666666666
014180100,0.8,0.7333333333333333,0.7333333333333333,0.6,0.4,0.13333333333333333,0.13333333333333333,0.4,0.8666666666666667,0.4,0.2,0.3333333333333333,0.3333333333333333,0.3333333333333333,0.06666666666666667,1.0,0.3333333333333333,0.6666666666666666,0.4666666666666667,0.4666666666666667,0.4,0.6,0.6,0.4,0.7333333333333333,0.4,0.9333333333333333,0.6666666666666666
014180131,0.8421052631578947,0.47368421052631576,0.5789473684210527,0.21052631578947367,0.21052631578947367,0.0,0.3157894736842105,0.21052631578947367,0.42105263157894735,0.3157894736842105,0.3684210526315789,0.10526315789473684,0.2631578947368421,0.2631578947368421,0.10526315789473684,0.42105263157894735,0.2631578947368421,1.0,0.10526315789473684,0.3684210526315789,0.3684210526315789,0.3684210526315789,0.42105263157894735,0.3157894736842105,0.47368421052631576,0.3157894736842105,0.631578947368421,0.21052631578947367
014180139,0.4782608695652174,0.2608695652173913,0.391304347826087,0.21739130434782608,0.08695652173913043,0.13043478260869565,0.13043478260869565,0.13043478260869565,0.17391304347826086,0.08695652173913043,0.34782608695652173,0.17391304347826086,0.13043478260869565,0.30434782608695654,0.13043478260869565,0.13043478260869565,0.13043478260869565,0.5652173913043478,0.4782608695652174,0.043478260869565216,0.17391304347826086,0.043478260869565216,0.2608695652173913,0.08695652173913043,0.17391304347826086,0.08695652173913043,0.17391304347826086,0.043478260869565216
014180143,0.8260869565217391,0.5217391304347826,0.5652173913043478,0.6086956521739131,0.5652173913043478,0.5217391304347826,0.5652173913043478,0.6956521739130435,0.6956521739130435,0.43478260869565216,0.5652173913043478,0.5217391304347826,0.5652173913043478,0.6521739130434783,0.4782608695652174,0.8695652173913043,0.5217391304347826,0.9565217391304348,0.391304347826087,0.4782608695652174,0.6521739130434783,0.30434782608695654,0.391304347826087,0.2608695652173913,0.6521739130434783,0.391304347826087,0.5217391304347826,0.43478260869565216
014180150,0.7333333333333333,0.0,0.17647058823529413,0.0,0.0,0.0,0.0,0.0,0.06666666666666667,0.29411764705882354,0.0,0.0,0.0,0.058823529411764705,0.0,0.0,0.0,0.4117647058823529,0.0,0.0,0.0,0.0,0.0,0.0,0.11764705882352941,0.0,0.11764705882352941,0.0
014180155,0.7777777777777778,0.0,0.5,0.0,0.0,0.0,0.0,0.0,0.7777777777777778,0.2,0.0,0.0,0.0,0.0,0.0,0.0,0.0,0.0,0.0,0.5,0.0,0.0,0.0,0.0,0.0,0.0,0.0,0.0
014180158,0.875,0.3333333333333333,0.3333333333333333,0.0,0.0,0.0,0.1111111111111111,0.0,0.875,0.1111111111111111,0.0,0.1111111111111111,0.0,0.0,0.0,0.5555555555555556,0.3333333333333333,0.7777777777777778,0.3333333333333333,0.1111111111111111,0.0,0.1111111111111111,0.1111111111111111,0.0,0.0,0.0,0.0,0.0
014180160,0.7777777777777778,0.0,0.0,0.0,0.0,0.0,0.0,0.0,0.1111111111111111,0.0,0.0,0.0,0.0,0.0,0.0,0.0,0.0,0.2222222222222222,0.0,0.0,0.0,0.0,0.0,0.0,0.0,0.0,0.0,0.0
014180165,0.5833333333333334,0.25,0.5833333333333334,0.16666666666666666,0.16666666666666666,0.16666666666666666,0.16666666666666666,0.25,0.3333333333333333,0.16666666666666666,0.16666666666666666,0.25,0.25,0.25,0.16666666666666666,0.3333333333333333,0.25,0.3333333333333333,0.16666666666666666,0.25,0.16666666666666666,0.25,0.16666666666666666,0.16666666666666666,0.16666666666666666,0.16666666666666666,0.16666666666666666,0.16666666666666666
014180166,0.7272727272727273,0.18181818181818182,0.18181818181818182,0.0,0.0,0.0,0.0,0.0,0.0,0.0,0.18181818181818182,0.18181818181818182,0.0,0.09090909090909091,0.0,0.0,0.0,1.0,0.45454545454545453,0.0,0.7272727272727273,0.0,0.0,0.0,0.0,0.0,0.0,0.36363636363636365
014190006,0.47058823529411764,0.35294117647058826,0.5882352941176471,0.058823529411764705,0.29411764705882354,0.058823529411764705,0.058823529411764705,0.058823529411764705,0.35294117647058826,0.23529411764705882,0.29411764705882354,0.058823529411764705,0.23529411764705882,0.29411764705882354,0.9411764705882353,0.23529411764705882,0.058823529411764705,0.5882352941176471,0.29411764705882354,0.058823529411764705,0.058823529411764705,0.058823529411764705,0.23529411764705882,0.17647058823529413,0.23529411764705882,0.17647058823529413,0.17647058823529413,0.29411764705882354
014190025,0.7727272727272727,0.45454545454545453,0.5454545454545454,0.22727272727272727,0.13636363636363635,0.0,0.0,0.13636363636363635,0.36363636363636365,0.45454545454545453,0.36363636363636365,0.0,0.0,0.2727272727272727,0.13636363636363635,0.0,0.36363636363636365,0.7272727272727273,0.18181818181818182,0.0,0.36363636363636365,0.0,0.18181818181818182,0.0,0.36363636363636365,0.0,0.5454545454545454,0.22727272727272727
014190027,0.75,0.5625,0.5625,0.4375,0.1875,0.0,0.125,0.125,0.9375,0.375,0.4375,0.5625,0.3125,0.375,0.6875,0.625,0.125,1.0,0.125,0.6875,0.4375,0.5,0.5625,0.125,0.875,0.4375,0.3125,0.1875
014190030,0.8333333333333334,0.3333333333333333,0.3333333333333333,0.0,0.5,0.0,0.5833333333333334,0.0,0.5833333333333334,0.6666666666666666,0.5833333333333334,1.0,0.5833333333333334,0.5833333333333334,0.3333333333333333,1.0,0.0,0.6666666666666666,0.0,0.0,0.5,0.08333333333333333,0.4166666666666667,0.5833333333333334,0.5833333333333334,0.25,0.6666666666666666,0.5
014190055,0.7894736842105263,0.5789473684210527,0.42105263157894735,0.3684210526315789,0.10526315789473684,0.10526315789473684,0.15789473684210525,0.3684210526315789,0.7368421052631579,0.3684210526315789,0.21052631578947367,0.42105263157894735,0.15789473684210525,0.3157894736842105,0.05263157894736842,0.2631578947368421,0.3684210526315789,0.5263157894736842,0.21052631578947367,0.10526315789473684,0.2631578947368421,0.3684210526315789,0.5263157894736842,0.3157894736842105,0.3684210526315789,0.2631578947368421,0.47368421052631576,0.5263157894736842
014190059,0.7692307692307693,0.42857142857142855,0.2857142857142857,0.14285714285714285,0.0,0.0,0.0,0.0,0.0,0.0,0.5,0.14285714285714285,0.0,0.2857142857142857,0.0,0.14285714285714285,0.07142857142857142,0.8571428571428571,0.14285714285714285,0.14285714285714285,0.5,0.0,0.21428571428571427,0.0,0.21428571428571427,0.0,0.35714285714285715,0.0
014190060,0.4,0.4,0.3,0.4,0.3,0.2,0.3,0.4,0.4,0.4,0.2,1.0,0.4,0.2,0.3,0.5,0.2,0.7,0.3,0.5,0.3,0.4,0.3,0.3,0.3,0.4,0.5,0.4
014190062,0.8333333333333334,0.4166666666666667,0.5833333333333334,0.75,0.75,0.25,0.25,0.5833333333333334,0.6666666666666666,0.6666666666666666,0.9166666666666666,1.0,0.4166666666666667,0.4166666666666667,0.16666666666666666,1.0,0.3333333333333333,1.0,0.9166666666666666,0.75,0.75,0.5,0.5,0.5833333333333334,0.75,0.5833333333333334,0.5833333333333334,0.4166666666666667
014190064,0.7647058823529411,0.4117647058823529,0.47058823529411764,0.058823529411764705,0.17647058823529413,0.17647058823529413,0.17647058823529413,0.35294117647058826,0.7058823529411765,0.5294117647058824,0.11764705882352941,0.5882352941176471,0.17647058823529413,0.29411764705882354,0.17647058823529413,0.29411764705882354,0.17647058823529413,0.8235294117647058,0.5882352941176471,0.7058823529411765,0.8823529411764706,0.7647058823529411,0.6470588235294118,0.5882352941176471,0.7058823529411765,0.35294117647058826,0.6470588235294118,0.6470588235294118
014190071,1.0,0.42857142857142855,0.42857142857142855,0.2857142857142857,0.14285714285714285,0.2857142857142857,0.2857142857142857,0.2857142857142857,0.2857142857142857,0.2857142857142857,0.2857142857142857,0.2857142857142857,0.14285714285714285,0.42857142857142855,0.2857142857142857,0.14285714285714285,0.2857142857142857,0.8571428571428571,0.2857142857142857,0.2857142857142857,0.2857142857142857,0.2857142857142857,0.2857142857142857,0.2857142857142857,0.2857142857142857,0.2857142857142857,0.2857142857142857,0.2857142857142857
014190073,1.0,0.7142857142857143,0.6428571428571429,0.42857142857142855,0.5714285714285714,0.2857142857142857,0.6428571428571429,0.42857142857142855,0.9230769230769231,0.7857142857142857,0.6428571428571429,0.5714285714285714,0.2857142857142857,0.5,0.9285714285714286,1.0,0.35714285714285715,1.0,0.7142857142857143,0.5714285714285714,0.8571428571428571,0.5714285714285714,0.7857142857142857,0.7857142857142857,0.7857142857142857,0.8571428571428571,0.6428571428571429,0.42857142857142855
014190081,0.6153846153846154,0.8571428571428571,0.6428571428571429,0.42857142857142855,0.21428571428571427,0.07142857142857142,0.21428571428571427,0.42857142857142855,0.5384615384615384,0.6428571428571429,0.2857142857142857,0.42857142857142855,0.5714285714285714,0.2857142857142857,0.5714285714285714,1.0,0.6428571428571429,0.5714285714285714,0.6428571428571429,0.7142857142857143,0.6428571428571429,0.6428571428571429,0.7142857142857143,0.42857142857142855,0.7142857142857143,0.7142857142857143,0.6428571428571429,0.42857142857142855
014190088,0.8,0.3181818181818182,0.36363636363636365,0.22727272727272727,0.4090909090909091,0.13636363636363635,0.0,0.0,0.45,0.3181818181818182,0.36363636363636365,0.3181818181818182,0.3181818181818182,0.3181818181818182,0.18181818181818182,0.2727272727272727,0.0,0.45454545454545453,0.45454545454545453,0.22727272727272727,0.4090909090909091,0.22727272727272727,0.22727272727272727,0.3181818181818182,0.45454545454545453,0.45454545454545453,0.3181818181818182,0.36363636363636365
014190095,1.0,0.14285714285714285,0.7857142857142857,0.42857142857142855,0.2857142857142857,0.07142857142857142,0.35714285714285715,0.35714285714285715,0.6428571428571429,0.35714285714285715,0.42857142857142855,0.35714285714285715,0.42857142857142855,0.5714285714285714,0.07142857142857142,0.9285714285714286,0.42857142857142855,0.8571428571428571,0.7857142857142857,0.42857142857142855,0.2857142857142857,0.42857142857142855,0.35714285714285715,0.5714285714285714,0.7857142857142857,0.42857142857142855,0.5714285714285714,0.35714285714285715
014190098,0.9473684210526315,0.45,0.4,0.15,0.0,0.35,0.15,0.0,0.7894736842105263,0.6,0.15,0.15,0.25,0.2,0.2,0.15,0.2,0.65,0.15,0.3,0.3,0.15,0.55,0.35,0.2,0.3,0.75,0.75
014190107,0.7619047619047619,0.3333333333333333,0.42857142857142855,0.23809523809523808,0.09523809523809523,0.0,0.0,0.23809523809523808,0.14285714285714285,0.047619047619047616,0.14285714285714285,0.09523809523809523,0.09523809523809523,0.3333333333333333,0.0,0.0,0.047619047619047616,0.47619047619047616,0.09523809523809523,0.23809523809523808,0.23809523809523808,0.0,0.14285714285714285,0.047619047619047616,0.14285714285714285,0.047619047619047616,0.19047619047619047,0.14285714285714285
014190108,0.631578947368421,0.3684210526315789,0.631578947368421,0.21052631578947367,0.15789473684210525,0.05263157894736842,0.10526315789473684,0.21052631578947367,0.42105263157894735,0.3157894736842105,0.05263157894736842,0.21052631578947367,0.05263157894736842,0.3157894736842105,0.15789473684210525,0.2631578947368421,0.21052631578947367,0.6842105263157895,0.2631578947368421,0.21052631578947367,0.3157894736842105,0.3157894736842105,0.15789473684210525,0.21052631578947367,0.3157894736842105,0.3157894736842105,0.2631578947368421,0.3157894736842105
014190114,0.875,0.5625,0.8125,0.25,0.5,0.4375,0.375,0.1875,0.5625,0.5,0.5,0.0625,0.4375,0.5625,0.5625,1.0,0.1875,0.625,0.625,0.25,0.5625,0.3125,0.6875,0.4375,0.3125,0.375,0.5625,0.6875
014190128,0.8181818181818182,0.6363636363636364,0.6363636363636364,0.36363636363636365,0.6363636363636364,0.36363636363636365,0.6363636363636364,0.45454545454545453,0.6363636363636364,0.8181818181818182,0.2727272727272727,0.36363636363636365,0.2727272727272727,0.2727272727272727,0.6363636363636364,0.45454545454545453,0.2727272727272727,1.0,0.45454545454545453,0.45454545454545453,0.2727272727272727,0.6363636363636364,0.7272727272727273,0.7272727272727273,0.5454545454545454,0.5454545454545454,0.45454545454545453,0.6363636363636364
014190172,0.8,0.3,0.3,0.4,0.0,0.0,0.3,0.4,0.3,0.2,0.0,1.0,0.0,0.3,0.0,0.1,0.3,0.5,0.4,0.3,0.0,0.2,0.2,0.4,0.3,0.2,0.0,0.0
014350004,0.6842105263157895,0.2631578947368421,0.5263157894736842,0.05263157894736842,0.05263157894736842,0.0,0.0,0.0,0.2631578947368421,0.0,0.10526315789473684,0.15789473684210525,0.0,0.15789473684210525,0.0,0.15789473684210525,0.0,0.5789473684210527,0.10526315789473684,0.10526315789473684,0.10526315789473684,0.0,0.15789473684210525,0.10526315789473684,0.15789473684210525,0.0,0.15789473684210525,0.47368421052631576
014350012,0.8333333333333334,0.7222222222222222,0.6666666666666666,0.2222222222222222,0.3333333333333333,0.1111111111111111,0.1111111111111111,0.2222222222222222,0.3888888888888889,0.5,0.16666666666666666,0.2222222222222222,0.1111111111111111,0.3888888888888889,0.1111111111111111,0.1111111111111111,0.2222222222222222,0.2777777777777778,0.3333333333333333,0.2222222222222222,0.3333333333333333,0.1111111111111111,0.3888888888888889,0.2222222222222222,0.4444444444444444,0.2777777777777778,0.4444444444444444,0.5
014350016,0.8421052631578947,0.47368421052631576,0.5789473684210527,0.2631578947368421,0.21052631578947367,0.15789473684210525,0.15789473684210525,0.21052631578947367,0.21052631578947367,0.21052631578947367,0.3157894736842105,0.21052631578947367,0.10526315789473684,0.15789473684210525,0.2631578947368421,0.15789473684210525,0.15789473684210525,0.3684210526315789,0.3157894736842105,0.3684210526315789,0.3157894736842105,0.2631578947368421,0.3157894736842105,0.2631578947368421,0.5263157894736842,0.3157894736842105,0.47368421052631576,0.2631578947368421
014350017,0.8421052631578947,0.47368421052631576,0.47368421052631576,0.3684210526315789,0.21052631578947367,0.21052631578947367,0.21052631578947367,0.15789473684210525,0.21052631578947367,0.2631578947368421,0.47368421052631576,0.21052631578947367,0.3157894736842105,0.47368421052631576,0.21052631578947367,0.15789473684210525,0.21052631578947367,0.6842105263157895,0.15789473684210525,0.3157894736842105,0.47368421052631576,0.21052631578947367,0.3157894736842105,0.21052631578947367,0.3684210526315789,0.3684210526315789,0.42105263157894735,0.21052631578947367
014350018,0.7222222222222222,0.2222222222222222,0.6111111111111112,0.2777777777777778,0.16666666666666666,0.1111111111111111,0.1111111111111111,0.2222222222222222,0.4444444444444444,0.16666666666666666,0.4444444444444444,0.2777777777777778,0.16666666666666666,0.2777777777777778,0.2222222222222222,0.16666666666666666,0.3333333333333333,0.5555555555555556,0.5,0.3888888888888889,0.5555555555555556,0.16666666666666666,0.3333333333333333,0.16666666666666666,0.2777777777777778,0.3333333333333333,0.2222222222222222,0.2222222222222222
014350020,0.6875,0.29411764705882354,0.29411764705882354,0.17647058823529413,0.17647058823529413,0.11764705882352941,0.11764705882352941,0.11764705882352941,0.1875,0.11764705882352941,0.23529411764705882,0.11764705882352941,0.0,0.23529411764705882,0.17647058823529413,0.0,0.17647058823529413,0.5294117647058824,0.11764705882352941,0.11764705882352941,0.17647058823529413,0.11764705882352941,0.11764705882352941,0.058823529411764705,0.29411764705882354,0.058823529411764705,0.17647058823529413,0.11764705882352941
014350022,0.4117647058823529,0.2777777777777778,0.6111111111111112,0.2222222222222222,0.0,0.0,0.05555555555555555,0.16666666666666666,0.29411764705882354,0.0,0.1111111111111111,0.1111111111111111,0.1111111111111111,0.1111111111111111,0.0,0.16666666666666666,0.16666666666666666,0.7222222222222222,0.3888888888888889,0.05555555555555555,0.1111111111111111,0.1111111111111111,0.2222222222222222,0.0,0.16666666666666666,0.05555555555555555,0.2222222222222222,0.0
014350028,0.6923076923076923,0.0,0.07692307692307693,0.0,0.0,0.15384615384615385,0.0,0.0,0.38461538461538464,0.07692307692307693,0.3076923076923077,0.0,0.0,0.15384615384615385,0.0,0.0,0.0,0.6923076923076923,0.0,0.0,0.6153846153846154,0.07692307692307693,0.3076923076923077,0.07692307692307693,0.07692307692307693,0.07692307692307693,0.15384615384615385,0.3076923076923077
014350085,0.5,0.13043478260869565,0.6521739130434783,0.17391304347826086,0.08695652173913043,0.0,0.08695652173913043,0.043478260869565216,0.45454545454545453,0.043478260869565216,0.043478260869565216,0.0,0.043478260869565216,0.17391304347826086,0.08695652173913043,0.08695652173913043,0.08695652173913043,0.5217391304347826,0.0,0.17391304347826086,0.43478260869565216,0.13043478260869565,0.2608695652173913,0.043478260869565216,0.21739130434782608,0.0,0.30434782608695654,0.043478260869565216
014350094,0.7777777777777778,0.3333333333333333,0.6666666666666666,0.0,0.0,0.1111111111111111,0.0,0.0,0.05555555555555555,0.0,0.2222222222222222,0.0,0.1111111111111111,0.16666666666666666,0.0,0.16666666666666666,0.0,0.4444444444444444,0.0,0.0,0.0,0.05555555555555555,0.16666666666666666,0.1111111111111111,0.4444444444444444,0.0,0.16666666666666666,0.16666666666666666
014350103,0.5,0.7142857142857143,0.8571428571428571,0.7142857142857143,0.35714285714285715,0.35714285714285715,0.42857142857142855,0.42857142857142855,0.6428571428571429,0.42857142857142855,0.5714285714285714,0.2857142857142857,0.5,0.42857142857142855,0.35714285714285715,0.9285714285714286,0.5714285714285714,0.5,0.2857142857142857,0.7142857142857143,0.2857142857142857,0.7142857142857143,0.5,0.35714285714285715,0.35714285714285715,0.6428571428571429,0.5714285714285714,0.5
014350110,0.8947368421052632,0.3684210526315789,0.5263157894736842,0.21052631578947367,0.5263157894736842,0.10526315789473684,0.3684210526315789,0.21052631578947367,0.15789473684210525,0.21052631578947367,0.5789473684210527,0.2631578947368421,0.10526315789473684,0.42105263157894735,0.15789473684210525,0.21052631578947367,0.42105263157894735,0.5789473684210527,0.3157894736842105,0.42105263157894735,0.47368421052631576,0.10526315789473684,0.5263157894736842,0.10526315789473684,0.5263157894736842,0.21052631578947367,0.3157894736842105,0.10526315789473684
014350127,0.7368421052631579,0.7894736842105263,0.631578947368421,0.5789473684210527,0.42105263157894735,0.2631578947368421,0.3684210526315789,0.3157894736842105,0.47368421052631576,0.42105263157894735,0.5263157894736842,0.5263157894736842,0.5789473684210527,0.5789473684210527,0.42105263157894735,0.5263157894736842,0.3157894736842105,0.8421052631578947,0.5789473684210527,0.5789473684210527,0.3684210526315789,0.5263157894736842,0.42105263157894735,0.42105263157894735,0.2631578947368421,0.47368421052631576,0.5263157894736842,0.3684210526315789
014350133,1.0,0.5,0.7142857142857143,0.7142857142857143,0.5714285714285714,0.5714285714285714,0.5714285714285714,0.42857142857142855,1.0,0.7142857142857143,0.5,0.6428571428571429,0.35714285714285715,0.6428571428571429,1.0,1.0,0.5714285714285714,1.0,0.42857142857142855,0.6428571428571429,0.8571428571428571,0.42857142857142855,0.7142857142857143,0.5,0.6428571428571429,0.5714285714285714,0.7857142857142857,0.5
014350146,0.75,0.5357142857142857,0.5357142857142857,0.4642857142857143,0.5,0.4642857142857143,0.42857142857142855,0.39285714285714285,0.5,0.42857142857142855,0.6428571428571429,0.42857142857142855,0.4642857142857143,0.35714285714285715,0.32142857142857145,0.32142857142857145,0.39285714285714285,0.7857142857142857,1.0,0.4642857142857143,0.42857142857142855,0.4642857142857143,0.4642857142857143,0.35714285714285715,0.42857142857142855,0.4642857142857143,0.5714285714285714,0.35714285714285715
014350153,0.9,0.5,0.6,0.0,0.0,0.0,0.8,0.0,0.6,0.6,0.7,1.0,0.4,0.2,0.0,0.5,0.0,1.0,0.7,0.7,0.5,0.5,0.7,0.2,0.7,0.4,0.4,0.6
014350157,0.6666666666666666,0.0,0.3,0.0,0.0,0.0,0.0,0.0,0.3333333333333333,0.2,0.0,0.1,0.0,0.0,0.0,0.0,0.0,0.6,0.0,0.0,0.0,0.0,0.1,0.0,0.1,0.0,0.0,0.0
014350158,0.7272727272727273,0.0,0.6666666666666666,0.16666666666666666,0.0,0.0,0.16666666666666666,0.25,0.5454545454545454,0.0,0.3333333333333333,0.0,0.16666666666666666,0.16666666666666666,0.0,0.5833333333333334,0.25,0.4166666666666667,0.25,0.0,0.3333333333333333,0.0,0.25,0.0,0.3333333333333333,0.0,0.4166666666666667,0.0
014350163,0.6,0.5,0.6,0.4,0.0,0.1,0.1,0.0,0.8,0.5,0.3,0.9,0.2,0.6,0.8,1.0,0.0,0.5,0.4,0.1,0.4,0.3,0.3,0.4,0.3,0.0,0.5,0.2
014350165,0.6923076923076923,0.14285714285714285,0.14285714285714285,0.14285714285714285,0.21428571428571427,0.07142857142857142,0.14285714285714285,0.14285714285714285,0.38461538461538464,0.21428571428571427,0.21428571428571427,0.14285714285714285,0.07142857142857142,0.42857142857142855,0.0,0.07142857142857142,0.14285714285714285,1.0,0.14285714285714285,0.07142857142857142,0.14285714285714285,0.14285714285714285,0.21428571428571427,0.0,0.21428571428571427,0.14285714285714285,0.21428571428571427,0.21428571428571427
014390008,1.0,0.0625,0.5625,0.125,0.0,0.0625,0.0625,0.0625,0.3125,0.625,0.25,0.25,0.1875,0.25,0.0,0.0,0.0625,1.0,0.0,0.375,0.125,0.0625,0.375,0.0625,0.5,0.6875,0.375,0.25
014390009,0.8,0.9,0.9,0.25,0.25,0.5,0.25,0.6,0.45,0.35,0.7,0.25,0.0,0.45,0.0,0.0,0.6,1.0,0.65,0.65,1.0,0.25,0.7,0.4,0.7,0.7,0.4,0.3
014390045,0.8571428571428571,0.7857142857142857,0.9285714285714286,0.0,0.5,0.7142857142857143,0.7142857142857143,0.42857142857142855,0.7142857142857143,0.6428571428571429,0.5714285714285714,1.0,0.7857142857142857,0.5,0.0,0.0,0.0,1.0,0.5714285714285714,0.7857142857142857,0.8571428571428571,0.8571428571428571,0.5,0.5,0.7142857142857143,0.8571428571428571,0.5714285714285714,0.42857142857142855
014390051,0.6153846153846154,0.6923076923076923,0.5,0.23076923076923078,0.11538461538461539,0.11538461538461539,0.11538461538461539,0.11538461538461539,0.4230769230769231,0.3076923076923077,0.3076923076923077,0.15384615384615385,0.15384615384615385,0.23076923076923078,0.23076923076923078,0.11538461538461539,0.19230769230769232,1.0,0.2692307692307692,0.4230769230769231,0.5,0.3076923076923077,0.3076923076923077,0.46153846153846156,0.6153846153846154,0.23076923076923078,0.5384615384615384,0.38461538461538464
014390052,0.9166666666666666,0.3333333333333333,0.7083333333333334,0.125,0.0,0.0,0.0,0.08333333333333333,0.3333333333333333,0.375,0.5416666666666666,0.0,0.0,0.3333333333333333,0.0,0.125,0.0,0.875,0.2916666666666667,0.25,0.5,0.16666666666666666,0.2916666666666667,0.4166666666666667,0.5416666666666666,0.3333333333333333,0.5,0.3333333333333333
014390057,0.7647058823529411,0.7647058823529411,0.7647058823529411,0.8823529411764706,0.17647058823529413,0.17647058823529413,0.23529411764705882,0.0,0.5882352941176471,0.35294117647058826,0.7058823529411765,0.17647058823529413,0.17647058823529413,0.5294117647058824,0.35294117647058826,0.17647058823529413,0.11764705882352941,1.0,0.47058823529411764,0.47058823529411764,0.7647058823529411,0.5882352941176471,0.5882352941176471,0.5294117647058824,0.5882352941176471,0.7647058823529411,0.5882352941176471,0.35294117647058826
014390064,0.7857142857142857,0.42857142857142855,0.9285714285714286,0.42857142857142855,0.0,0.0,0.35714285714285715,0.35714285714285715,0.5,0.0,0.2857142857142857,0.35714285714285715,0.0,0.0,0.0,0.0,0.35714285714285715,1.0,0.21428571428571427,0.35714285714285715,0.35714285714285715,0.2857142857142857,0.42857142857142855,0.5,0.07142857142857142,0.35714285714285715,0.42857142857142855,0.2857142857142857
014390068,0.7368421052631579,0.47368421052631576,0.7894736842105263,0.3157894736842105,0.0,0.21052631578947367,0.15789473684210525,0.15789473684210525,0.5263157894736842,0.10526315789473684,0.21052631578947367,0.15789473684210525,0.0,0.21052631578947367,0.0,0.15789473684210525,0.15789473684210525,1.0,0.21052631578947367,0.3684210526315789,0.3684210526315789,0.10526315789473684,0.21052631578947367,0.15789473684210525,0.3684210526315789,0.05263157894736842,0.47368421052631576,0.15789473684210525
014390076,0.7692307692307693,0.38461538461538464,0.6153846153846154,0.3076923076923077,0.23076923076923078,0.23076923076923078,0.07692307692307693,0.38461538461538464,0.46153846153846156,0.38461538461538464,0.3076923076923077,0.3076923076923077,0.46153846153846156,0.3076923076923077,0.23076923076923078,0.15384615384615385,0.46153846153846156,1.0,0.07692307692307693,0.3076923076923077,0.5384615384615384,0.38461538461538464,0.3076923076923077,0.3076923076923077,0.38461538461538464,0.3076923076923077,0.38461538461538464,0.3076923076923077
014390086,0.9473684210526315,0.5,0.75,0.3,0.1,0.1,0.2,0.15,0.42105263157894735,0.1,0.25,0.15,0.1,0.1,0.05,0.1,0.1,1.0,0.25,0.15,0.75,0.35,0.25,0.1,0.3,0.15,0.2,0.15
014390090,0.8666666666666667,0.5333333333333333,0.8,0.5333333333333333,0.06666666666666667,0.26666666666666666,0.2,0.26666666666666666,0.26666666666666666,0.3333333333333333,0.3333333333333333,0.26666666666666666,0.06666666666666667,0.3333333333333333,0.3333333333333333,0.06666666666666667,0.2,1.0,0.0,0.06666666666666667,0.26666666666666666,0.13333333333333333,0.3333333333333333,0.2,0.2,0.13333333333333333,0.3333333333333333,0.3333333333333333
014390117,0.6086956521739131,0.5652173913043478,0.6086956521739131,0.5652173913043478,0.13043478260869565,0.30434782608695654,0.2608695652173913,0.17391304347826086,0.6086956521739131,0.21739130434782608,0.5652173913043478,0.34782608695652173,0.2608695652173913,0.6521739130434783,0.17391304347826086,0.6521739130434783,0.17391304347826086,1.0,0.43478260869565216,0.30434782608695654,0.6086956521739131,0.4782608695652174,0.43478260869565216,0.4782608695652174,0.5652173913043478,0.4782608695652174,0.5217391304347826,0.34782608695652173
014390124,1.0,0.6,0.7333333333333333,0.26666666666666666,0.5333333333333333,0.26666666666666666,0.26666666666666666,0.26666666666666666,0.7857142857142857,0.3333333333333333,0.6666666666666666,0.26666666666666666,0.26666666666666666,0.6,0.13333333333333333,1.0,0.2,1.0,0.4,0.26666666666666666,0.7333333333333333,0.26666666666666666,0.13333333333333333,0.4666666666666667,0.6,0.2,0.6666666666666666,0.4666666666666667
014390133,1.0,0.7391304347826086,0.782608695652174,0.43478260869565216,0.30434782608695654,0.21739130434782608,0.0,0.08695652173913043,0.782608695652174,0.391304347826087,0.6086956521739131,0.6086956521739131,0.17391304347826086,0.6086956521739131,0.0,1.0,0.17391304347826086,1.0,1.0,0.782608695652174,0.8260869565217391,0.2608695652173913,0.43478260869565216,0.17391304347826086,0.5652173913043478,0.30434782608695654,0.4782608695652174,0.34782608695652173
014390134,0.782608695652174,0.8695652173913043,0.8695652173913043,0.5652173913043478,0.2608695652173913,0.21739130434782608,0.043478260869565216,0.13043478260869565,0.5652173913043478,0.21739130434782608,0.5652173913043478,0.17391304347826086,0.2608695652173913,0.4782608695652174,0.17391304347826086,0.34782608695652173,0.17391304347826086,1.0,0.782608695652174,0.6521739130434783,0.6086956521739131,0.43478260869565216,0.6521739130434783,0.43478260869565216,0.5652173913043478,0.43478260869565216,0.34782608695652173,0.2608695652173913
014390135,0.9047619047619048,0.5714285714285714,0.5714285714285714,0.47619047619047616,0.38095238095238093,0.6666666666666666,0.3333333333333333,0.2857142857142857,0.5238095238095238,0.5238095238095238,0.5238095238095238,0.2857142857142857,0.3333333333333333,0.47619047619047616,0.19047619047619047,0.3333333333333333,0.3333333333333333,0.8571428571428571,0.6190476190476191,0.42857142857142855,0.7619047619047619,0.42857142857142855,0.42857142857142855,0.6666666666666666,0.5714285714285714,0.47619047619047616,0.5714285714285714,0.23809523809523808
014390143,0.8571428571428571,0.7619047619047619,0.7619047619047619,0.19047619047619047,0.5714285714285714,0.0,0.9523809523809523,0.7142857142857143,0.5714285714285714,0.5238095238095238,0.38095238095238093,1.0,0.19047619047619047,0.5238095238095238,0.047619047619047616,0.42857142857142855,0.8095238095238095,0.9523809523809523,0.19047619047619047,0.6666666666666666,0.7619047619047619,0.5238095238095238,0.6666666666666666,0.23809523809523808,0.7619047619047619,0.47619047619047616,0.7619047619047619,0.19047619047619047
014390154,0.9090909090909091,0.0,0.5454545454545454,0.0,0.0,0.0,0.0,0.0,0.2727272727272727,0.18181818181818182,0.2727272727272727,1.0,0.0,0.0,0.0,0.0,0.0,0.18181818181818182,0.0,0.0,0.0,0.0,0.2727272727272727,0.09090909090909091,0.18181818181818182,0.18181818181818182,0.2727272727272727,0.0
014390156,1.0,0.21428571428571427,0.5,0.14285714285714285,0.0,0.0,0.0,0.14285714285714285,0.23076923076923078,0.5,0.2857142857142857,0.14285714285714285,0.2857142857142857,0.5,0.21428571428571427,0.14285714285714285,0.14285714285714285,1.0,0.0,0.0,0.5714285714285714,0.14285714285714285,0.6428571428571429,0.42857142857142855,0.5714285714285714,0.0,0.42857142857142855,0.14285714285714285
014390163,0.7857142857142857,0.5,0.7142857142857143,0.0,0.0,0.0,0.0,0.35714285714285715,0.21428571428571427,0.0,0.2857142857142857,0.0,0.0,0.0,0.0,1.0,0.0,1.0,0.9285714285714286,0.0,0.5,0.0,0.35714285714285715,0.0,0.2857142857142857,0.21428571428571427,0.5,0.0
014470007,0.7058823529411765,0.5882352941176471,0.7647058823529411,0.5294117647058824,0.6470588235294118,0.47058823529411764,0.47058823529411764,0.35294117647058826,0.47058823529411764,0.35294117647058826,0.5294117647058824,0.35294117647058826,0.6470588235294118,0.5882352941176471,0.35294117647058826,0.35294117647058826,0.35294117647058826,1.0,0.5294117647058824,0.35294117647058826,0.5294117647058824,0.17647058823529413,0.5294117647058824,0.5882352941176471,0.4117647058823529,0.47058823529411764,0.5294117647058824,0.4117647058823529
014470017,0.7647058823529411,0.5,0.4444444444444444,0.4444444444444444,0.3888888888888889,0.2222222222222222,0.2222222222222222,0.7777777777777778,0.5294117647058824,0.4444444444444444,0.4444444444444444,0.3333333333333333,0.3333333333333333,0.5555555555555556,0.2222222222222222,0.5,0.3333333333333333,1.0,0.7222222222222222,0.5555555555555556,0.7777777777777778,0.6111111111111112,0.6111111111111112,0.5,0.4444444444444444,0.5,0.5555555555555556,0.6111111111111112
014470026,0.6923076923076923,0.46153846153846156,0.6923076923076923,0.46153846153846156,0.15384615384615385,0.15384615384615385,0.15384615384615385,0.15384615384615385,0.6153846153846154,0.3076923076923077,0.3076923076923077,1.0,0.15384615384615385,0.6153846153846154,0.15384615384615385,0.15384615384615385,0.15384615384615385,0.7692307692307693,0.46153846153846156,0.38461538461538464,0.5384615384615384,0.5384615384615384,0.6923076923076923,0.3076923076923077,0.38461538461538464,0.38461538461538464,0.3076923076923077,0.3076923076923077
014470028,0.9230769230769231,0.3076923076923077,0.6923076923076923,0.0,0.0,0.0,0.0,0.0,0.5384615384615384,0.7692307692307693,0.7692307692307693,1.0,0.0,0.6153846153846154,0.0,0.0,0.0,1.0,0.0,0.5384615384615384,0.7692307692307693,0.7692307692307693,0.6153846153846154,0.7692307692307693,0.7692307692307693,0.6923076923076923,0.46153846153846156,0.38461538461538464
014470031,1.0,0.0,0.0,0.0,0.0,0.5714285714285714,0.42857142857142855,0.2857142857142857,0.42857142857142855,0.0,0.14285714285714285,1.0,0.0,0.0,0.0,0.0,0.0,1.0,0.0,0.5714285714285714,0.8571428571428571,0.0,0.0,0.42857142857142855,0.42857142857142855,0.0,0.0,0.0
014470038,1.0,0.0,0.2,0.0,0.0,0.0,0.2,0.0,0.4444444444444444,0.0,0.1,1.0,0.0,0.0,0.0,0.0,0.0,0.6,0.0,0.0,0.4,0.0,0.2,0.4,0.0,0.0,0.2,0.0
014470039,0.7272727272727273,0.0,0.0,0.08333333333333333,0.0,0.0,0.0,0.08333333333333333,0.36363636363636365,0.16666666666666666,0.25,0.0,0.0,0.3333333333333333,0.0,0.25,0.0,0.9166666666666666,0.0,0.25,0.25,0.0,0.16666666666666666,0.3333333333333333,0.16666666666666666,0.0,0.4166666666666667,0.08333333333333333
014470048,0.38461538461538464,0.6153846153846154,0.6153846153846154,0.46153846153846156,0.0,0.0,0.15384615384615385,0.15384615384615385,0.46153846153846156,0.23076923076923078,0.23076923076923078,0.3076923076923077,0.15384615384615385,0.38461538461538464,0.0,0.3076923076923077,0.46153846153846156,0.8461538461538461,0.6923076923076923,0.8461538461538461,0.5384615384615384,0.38461538461538464,0.46153846153846156,0.5384615384615384,0.7692307692307693,0.38461538461538464,0.5384615384615384,0.46153846153846156
014470053,0.6923076923076923,0.3076923076923077,0.6153846153846154,0.23076923076923078,0.38461538461538464,0.0,0.07692307692307693,0.0,0.15384615384615385,0.07692307692307693,0.3076923076923077,0.0,0.46153846153846156,0.23076923076923078,0.0,0.5384615384615384,0.0,1.0,0.38461538461538464,0.38461538461538464,1.0,0.38461538461538464,0.8461538461538461,0.3076923076923077,0.6923076923076923,0.38461538461538464,0.46153846153846156,0.23076923076923078
014470060,0.5555555555555556,0.3333333333333333,0.5555555555555556,0.0,0.4444444444444444,0.0,0.0,0.0,0.1111111111111111,0.2222222222222222,0.0,0.0,0.1111111111111111,0.1111111111111111,0.1111111111111111,1.0,0.0,1.0,0.2222222222222222,0.4444444444444444,0.4444444444444444,0.1111111111111111,0.0,0.2222222222222222,0.2222222222222222,0.2222222222222222,0.2222222222222222,0.2222222222222222
014470063,0.8571428571428571,0.21428571428571427,0.6428571428571429,0.7142857142857143,0.0,0.0,0.0,0.07142857142857142,0.2857142857142857,0.2857142857142857,0.42857142857142855,0.21428571428571427,0.0,0.5714285714285714,0.07142857142857142,0.5,0.0,0.7857142857142857,0.42857142857142855,0.35714285714285715,0.7142857142857143,0.14285714285714285,0.5,0.2857142857142857,0.5714285714285714,0.21428571428571427,0.5714285714285714,0.2857142857142857
014470072,0.9230769230769231,0.3076923076923077,0.6923076923076923,0.7692307692307693,0.38461538461538464,0.38461538461538464,0.46153846153846156,0.46153846153846156,0.5384615384615384,0.3076923076923077,0.7692307692307693,0.7692307692307693,0.38461538461538464,0.38461538461538464,0.3076923076923077,0.46153846153846156,0.46153846153846156,1.0,0.7692307692307693,0.9230769230769231,0.38461538461538464,0.46153846153846156,0.6923076923076923,0.6153846153846154,0.46153846153846156,0.38461538461538464,0.38461538461538464,0.38461538461538464
014470084,0.8888888888888888,0.10526315789473684,0.7368421052631579,0.05263157894736842,0.15789473684210525,0.05263157894736842,0.05263157894736842,0.05263157894736842,0.3333333333333333,0.05263157894736842,0.10526315789473684,0.05263157894736842,0.05263157894736842,0.10526315789473684,0.15789473684210525,0.05263157894736842,0.05263157894736842,1.0,0.05263157894736842,0.05263157894736842,0.42105263157894735,0.05263157894736842,0.10526315789473684,0.15789473684210525,0.05263157894736842,0.05263157894736842,0.47368421052631576,0.15789473684210525
014470100,1.0,0.6470588235294118,0.5882352941176471,0.0,0.0,0.0,0.0,0.0,0.6875,0.5294117647058824,0.058823529411764705,0.058823529411764705,0.0,0.4117647058823529,0.0,0.0,0.0,0.7647058823529411,0.35294117647058826,0.35294117647058826,0.7058823529411765,0.5294117647058824,0.7058823529411765,0.058823529411764705,0.7058823529411765,0.29411764705882354,0.6470588235294118,0.35294117647058826
014470109,0.7619047619047619,0.5,0.7272727272727273,0.5,0.13636363636363635,0.045454545454545456,0.2727272727272727,0.2727272727272727,0.5238095238095238,0.22727272727272727,0.3181818181818182,0.3181818181818182,0.5454545454545454,0.13636363636363635,0.0,0.09090909090909091,0.2727272727272727,0.9090909090909091,0.6818181818181818,0.6818181818181818,0.5454545454545454,0.22727272727272727,0.36363636363636365,0.18181818181818182,0.36363636363636365,0.18181818181818182,0.36363636363636365,0.3181818181818182
014470124,0.7333333333333333,0.8666666666666667,0.8,0.2,0.26666666666666666,0.2,0.26666666666666666,0.2,0.6666666666666666,0.4,0.4666666666666667,0.4666666666666667,0.5333333333333333,0.4,0.2,0.4,0.3333333333333333,1.0,0.6,0.26666666666666666,0.6666666666666666,0.26666666666666666,0.4,0.4666666666666667,0.4666666666666667,0.4666666666666667,0.4666666666666667,0.6
014470140,0.8333333333333334,0.3870967741935484,0.3870967741935484,0.22580645161290322,0.0,0.22580645161290322,0.0,0.0,0.36666666666666664,0.12903225806451613,0.0967741935483871,0.0967741935483871,0.0,0.16129032258064516,0.0,0.16129032258064516,0.0,0.9354838709677419,0.0,0.0,0.41935483870967744,0.2903225806451613,0.12903225806451613,0.3870967741935484,0.2903225806451613,0.1935483870967742,0.16129032258064516,0.06451612903225806
014470141,0.9130434782608695,0.6818181818181818,0.5,0.3181818181818182,0.0,0.0,0.0,0.09090909090909091,0.391304347826087,0.09090909090909091,0.2727272727272727,0.09090909090909091,0.0,0.3181818181818182,0.0,0.0,0.0,1.0,0.22727272727272727,0.09090909090909091,0.2727272727272727,0.13636363636363635,0.0,0.22727272727272727,0.45454545454545453,0.09090909090909091,0.22727272727272727,0.045454545454545456
014470149,0.8888888888888888,0.7,0.7,0.5,0.6,0.5,0.8,0.9,0.7777777777777778,0.8,0.7,0.6,0.4,0.9,0.4,0.8,0.8,1.0,0.7,0.7,1.0,0.7,1.0,0.7,0.7,0.7,0.6,0.4
014470150,1.0,0.2,1.0,0.3,0.2,0.2,0.2,0.3,0.3,0.2,0.3,0.2,0.2,0.3,0.3,0.2,0.5,1.0,0.6,0.3,0.4,0.3,0.3,0.2,0.7,0.2,0.2,0.2
020220021,0.4411764705882353,0.09090909090909091,0.3939393939393939,0.06060606060606061,0.0,0.0,0.0,0.0,0.14705882352941177,0.030303030303030304,0.0,0.030303030303030304,0.0,0.030303030303030304,0.0,0.0,0.030303030303030304,0.5151515151515151,0.06060606060606061,0.06060606060606061,0.18181818181818182,0.0,0.030303030303030304,0.030303030303030304,0.12121212121212122,0.030303030303030304,0.06060606060606061,0.030303030303030304
020220023,0.71875,0.030303030303030304,0.6060606060606061,0.0,0.0,0.0,0.0,0.0,0.125,0.0,0.0,0.030303030303030304,0.0,0.0,0.0,0.0,0.0,0.3939393939393939,0.3333333333333333,0.18181818181818182,0.21212121212121213,0.0,0.06060606060606061,0.0,0.06060606060606061,0.0,0.0,0.09090909090909091
020220033,0.625,0.12903225806451613,0.8064516129032258,0.22580645161290322,0.03225806451612903,0.0967741935483871,0.03225806451612903,0.16129032258064516,0.3125,0.22580645161290322,0.0967741935483871,0.1935483870967742,0.03225806451612903,0.1935483870967742,0.1935483870967742,0.03225806451612903,0.25806451612903225,0.3870967741935484,0.03225806451612903,0.1935483870967742,0.22580645161290322,0.1935483870967742,0.0967741935483871,0.12903225806451613,0.22580645161290322,0.1935483870967742,0.1935483870967742,0.03225806451612903
020220048,1.0,0.0,0.2727272727272727,0.0,0.0,0.0,0.0,0.0,0.0,0.0,0.0,0.0,0.0,0.0,0.0,0.0,0.0,0.0,0.0,0.0,0.18181818181818182,0.0,0.0,0.0,0.0,0.0,0.0,0.0
020220056,0.47058823529411764,0.2777777777777778,0.5,0.0,0.1111111111111111,0.0,0.0,0.0,0.23529411764705882,0.1111111111111111,0.0,0.0,0.0,0.1111111111111111,0.0,0.0,0.0,0.1111111111111111,0.0,0.0,0.1111111111111111,0.1111111111111111,0.1111111111111111,0.1111111111111111,0.2777777777777778,0.1111111111111111,0.2222222222222222,0.1111111111111111
020220060,1.0,0.0,0.5714285714285714,0.0,0.0,0.0,0.0,0.0,0.21428571428571427,0.0,0.0,0.0,0.0,0.0,0.0,0.0,0.0,0.0,0.0,0.0,0.0,0.0,0.0,0.0,0.21428571428571427,0.0,0.21428571428571427,0.14285714285714285
020220072,0.6875,0.0625,0.5625,0.0,0.0625,0.0,0.0,0.0,0.0625,0.0,0.0,0.0,0.0,0.125,0.0,0.0,0.0,0.4375,0.0,0.0,0.0,0.0,0.0625,0.0,0.0,0.0,0.0,0.0
020220091,0.4,0.07692307692307693,0.5769230769230769,0.0,0.0,0.0,0.0,0.0,0.2,0.19230769230769232,0.0,0.19230769230769232,0.0,0.07692307692307693,0.0,0.0,0.0,0.11538461538461539,0.15384615384615385,0.19230769230769232,0.19230769230769232,0.11538461538461539,0.07692307692307693,0.11538461538461539,0.038461538461538464,0.11538461538461539,0.0,0.15384615384615385
020220120,0.6190476190476191,0.23809523809523808,0.6190476190476191,0.0,0.0,0.0,0.0,0.0,0.2857142857142857,0.047619047619047616,0.0,0.0,0.0,0.09523809523809523,0.0,0.0,0.0,0.42857142857142855,0.0,0.0,0.2857142857142857,0.23809523809523808,0.2857142857142857,0.0,0.3333333333333333,0.2857142857142857,0.38095238095238093,0.047619047619047616
020220122,0.7857142857142857,0.07142857142857142,0.6428571428571429,0.0,0.0,0.0,0.21428571428571427,0.0,0.7857142857142857,0.5714285714285714,0.0,0.0,0.0,0.0,0.0,0.07142857142857142,0.0,0.0,0.0,0.0,0.0,0.0,0.21428571428571427,0.07142857142857142,0.14285714285714285,0.21428571428571427,0.21428571428571427,0.14285714285714285
020220139,0.55,0.05,0.35,0.0,0.4,0.1,0.0,0.0,0.5,0.2,0.0,0.25,0.45,0.15,0.0,0.2,0.0,0.45,0.45,0.0,0.15,0.1,0.0,0.2,0.05,0.15,0.0,0.1
020220141,0.8461538461538461,0.46153846153846156,0.38461538461538464,0.0,0.0,0.38461538461538464,0.38461538461538464,0.15384615384615385,0.5384615384615384,0.3076923076923077,0.0,0.38461538461538464,0.0,0.15384615384615385,0.0,0.23076923076923078,0.15384615384615385,0.3076923076923077,0.15384615384615385,0.0,0.6153846153846154,0.38461538461538464,0.38461538461538464,0.38461538461538464,0.46153846153846156,0.3076923076923077,0.38461538461538464,0.5384615384615384
020220176,0.7777777777777778,0.2631578947368421,0.5263157894736842,0.3684210526315789,0.05263157894736842,0.05263157894736842,0.15789473684210525,0.05263157894736842,0.4444444444444444,0.42105263157894735,0.10526315789473684,0.5263157894736842,0.05263157894736842,0.3684210526315789,0.0,0.05263157894736842,0.05263157894736842,0.47368421052631576,0.15789473684210525,0.2631578947368421,0.05263157894736842,0.21052631578947367,0.47368421052631576,0.21052631578947367,0.42105263157894735,0.5263157894736842,0.47368421052631576,0.3684210526315789
020220200,0.375,0.125,0.3333333333333333,0.16666666666666666,0.08333333333333333,0.08333333333333333,0.16666666666666666,0.16666666666666666,0.25,0.125,0.08333333333333333,0.3333333333333333,0.0,0.08333333333333333,0.16666666666666666,0.16666666666666666,0.08333333333333333,0.25,0.16666666666666666,0.16666666666666666,0.08333333333333333,0.08333333333333333,0.2916666666666667,0.08333333333333333,0.4166666666666667,0.16666666666666666,0.2916666666666667,0.2916666666666667
020220221,0.6470588235294118,0.35294117647058826,0.47058823529411764,0.058823529411764705,0.0,0.0,0.0,0.058823529411764705,0.11764705882352941,0.058823529411764705,0.0,0.058823529411764705,0.058823529411764705,0.0,0.0,0.0,0.0,0.7647058823529411,0.058823529411764705,0.058823529411764705,0.11764705882352941,0.0,0.23529411764705882,0.17647058823529413,0.0,0.0,0.058823529411764705,0.0
020220232,0.6,0.26666666666666666,0.6666666666666666,0.0,0.06666666666666667,0.06666666666666667,0.06666666666666667,0.0,0.4,0.4,0.06666666666666667,0.06666666666666667,0.13333333333333333,0.06666666666666667,0.0,0.0,0.06666666666666667,0.0,0.06666666666666667,0.06666666666666667,0.2,0.4,0.3333333333333333,0.2,0.2,0.4666666666666667,0.3333333333333333,0.2
020220259,0.6111111111111112,0.42105263157894735,0.631578947368421,0.0,0.0,0.0,0.0,0.0,0.3888888888888889,0.0,0.0,0.0,0.0,0.10526315789473684,0.0,0.0,0.0,0.10526315789473684,0.10526315789473684,0.0,0.21052631578947367,0.0,0.10526315789473684,0.0,0.2631578947368421,0.0,0.10526315789473684,0.0
020220264,0.43478260869565216,0.19230769230769232,0.5769230769230769,0.15384615384615385,0.07692307692307693,0.0,0.0,0.0,0.17391304347826086,0.07692307692307693,0.3076923076923077,0.0,0.07692307692307693,0.19230769230769232,0.038461538461538464,0.0,0.15384615384615385,0.8076923076923077,0.11538461538461539,0.19230769230769232,0.19230769230769232,0.15384615384615385,0.46153846153846156,0.11538461538461539,0.19230769230769232,0.19230769230769232,0.23076923076923078,0.15384615384615385
020220295,0.5789473684210527,0.3157894736842105,0.7894736842105263,0.05263157894736842,0.10526315789473684,0.15789473684210525,0.0,0.05263157894736842,0.42105263157894735,0.42105263157894735,0.05263157894736842,0.0,0.0,0.21052631578947367,0.0,0.05263157894736842,0.05263157894736842,0.3157894736842105,0.0,0.05263157894736842,0.10526315789473684,0.2631578947368421,0.10526315789473684,0.2631578947368421,0.2631578947368421,0.10526315789473684,0.21052631578947367,0.10526315789473684
020220366,1.0,0.0,0.3076923076923077,0.07692307692307693,0.0,0.0,0.0,0.0,0.15384615384615385,0.0,0.0,0.0,0.0,0.0,0.0,0.0,0.0,0.38461538461538464,0.0,0.0,0.0,0.0,0.0,0.0,0.0,0.0,0.0,0.0
020340016,0.631578947368421,0.2631578947368421,0.5263157894736842,0.21052631578947367,0.21052631578947367,0.2631578947368421,0.21052631578947367,0.15789473684210525,0.21052631578947367,0.21052631578947367,0.2631578947368421,0.15789473684210525,0.2631578947368421,0.2631578947368421,0.21052631578947367,0.2631578947368421,0.21052631578947367,0.3684210526315789,0.15789473684210525,0.15789473684210525,0.21052631578947367,0.21052631578947367,0.2631578947368421,0.21052631578947367,0.2631578947368421,0.21052631578947367,0.21052631578947367,0.3157894736842105
020340019,0.5,0.5625,0.25,0.3125,0.3125,0.25,0.25,0.3125,0.3125,0.25,0.3125,0.125,0.25,0.3125,0.3125,0.375,0.3125,0.375,0.3125,0.25,0.25,0.25,0.4375,0.1875,0.25,0.1875,0.1875,0.3125
020340029,0.4166666666666667,0.0,0.0,0.0,0.0,0.0,0.0,0.0,0.0,0.16666666666666666,0.08333333333333333,0.0,0.0,0.0,0.0,0.0,0.0,0.3333333333333333,0.0,0.08333333333333333,0.08333333333333333,0.0,0.16666666666666666,0.0,0.0,0.0,0.08333333333333333,0.0
020340043,0.4444444444444444,0.4444444444444444,0.1111111111111111,0.1111111111111111,0.2222222222222222,0.1111111111111111,0.4444444444444444,0.2222222222222222,0.1111111111111111,0.3333333333333333,0.0,0.4444444444444444,0.1111111111111111,0.3333333333333333,0.0,0.0,0.4444444444444444,0.8888888888888888,0.2222222222222222,0.2222222222222222,0.4444444444444444,0.2222222222222222,0.2222222222222222,0.2222222222222222,0.5555555555555556,0.2222222222222222,0.5555555555555556,0.1111111111111111
020340055,0.47058823529411764,0.11764705882352941,0.4117647058823529,0.0,0.058823529411764705,0.0,0.0,0.11764705882352941,0.17647058823529413,0.058823529411764705,0.17647058823529413,0.058823529411764705,0.058823529411764705,0.058823529411764705,0.0,0.35294117647058826,0.11764705882352941,0.9411764705882353,0.17647058823529413,0.29411764705882354,0.23529411764705882,0.17647058823529413,0.17647058823529413,0.058823529411764705,0.11764705882352941,0.11764705882352941,0.058823529411764705,0.11764705882352941
020340056,0.6818181818181818,0.4782608695652174,0.6521739130434783,0.30434782608695654,0.13043478260869565,0.08695652173913043,0.0,0.391304347826087,0.36363636363636365,0.21739130434782608,0.2608695652173913,0.391304347826087,0.08695652173913043,0.34782608695652173,0.08695652173913043,0.4782608695652174,0.17391304347826086,0.8260869565217391,0.21739130434782608,0.30434782608695654,0.17391304347826086,0.34782608695652173,0.30434782608695654,0.21739130434782608,0.30434782608695654,0.13043478260869565,0.2608695652173913,0.21739130434782608
020340063,0.75,0.4166666666666667,0.6666666666666666,0.16666666666666666,0.5,0.5,0.5,0.6666666666666666,0.3333333333333333,0.5833333333333334,0.6666666666666666,0.9166666666666666,0.5,0.6666666666666666,0.16666666666666666,0.16666666666666666,0.5,0.8333333333333334,0.3333333333333333,0.6666666666666666,0.5,0.4166666666666667,0.4166666666666667,0.5,0.75,0.4166666666666667,0.4166666666666667,0.5
020340065,0.6923076923076923,0.38461538461538464,0.38461538461538464,0.46153846153846156,0.3076923076923077,0.5384615384615384,0.23076923076923078,0.23076923076923078,0.38461538461538464,0.5384615384615384,0.38461538461538464,0.23076923076923078,0.3076923076923077,0.38461538461538464,0.3076923076923077,0.46153846153846156,0.3076923076923077,0.38461538461538464,0.38461538461538464,0.3076923076923077,0.38461538461538464,0.38461538461538464,0.46153846153846156,0.15384615384615385,0.46153846153846156,0.38461538461538464,0.3076923076923077,0.3076923076923077
020340071,0.8461538461538461,0.7692307692307693,0.8461538461538461,0.0,0.0,0.0,0.0,0.0,0.38461538461538464,0.15384615384615385,0.0,0.0,0.23076923076923078,0.46153846153846156,0.46153846153846156,0.0,0.0,1.0,0.0,0.0,0.5384615384615384,0.6923076923076923,0.7692307692307693,0.0,0.7692307692307693,0.5384615384615384,0.6923076923076923,0.38461538461538464
020340096,0.7,0.2,0.35,0.15,0.1,0.1,0.1,0.1,0.25,0.1,0.1,0.15,0.1,0.1,0.1,0.25,0.1,0.55,0.1,0.2,0.1,0.15,0.1,0.15,0.25,0.15,0.3,0.15
020340098,0.47619047619047616,0.2727272727272727,0.45454545454545453,0.045454545454545456,0.09090909090909091,0.09090909090909091,0.09090909090909091,0.09090909090909091,0.047619047619047616,0.045454545454545456,0.09090909090909091,0.045454545454545456,0.09090909090909091,0.045454545454545456,0.13636363636363635,0.18181818181818182,0.09090909090909091,0.36363636363636365,0.18181818181818182,0.045454545454545456,0.09090909090909091,0.09090909090909091,0.13636363636363635,0.045454545454545456,0.045454545454545456,0.09090909090909091,0.22727272727272727,0.045454545454545456
020340109,0.4444444444444444,0.34615384615384615,0.6923076923076923,0.3076923076923077,0.0,0.0,0.19230769230769232,0.34615384615384615,0.37037037037037035,0.4230769230769231,0.23076923076923078,0.19230769230769232,0.0,0.19230769230769232,0.19230769230769232,0.0,0.23076923076923078,0.8846153846153846,0.3076923076923077,0.19230769230769232,0.6538461538461539,0.19230769230769232,0.4230769230769231,0.34615384615384615,0.34615384615384615,0.23076923076923078,0.46153846153846156,0.3076923076923077
020340113,0.5185185185185185,0.3076923076923077,0.5,0.19230769230769232,0.34615384615384615,0.2692307692307692,0.15384615384615385,0.2692307692307692,0.37037037037037035,0.4230769230769231,0.34615384615384615,0.38461538461538464,0.3076923076923077,0.34615384615384615,0.34615384615384615,0.19230769230769232,0.2692307692307692,0.6538461538461539,0.15384615384615385,0.2692307692307692,0.4230769230769231,0.2692307692307692,0.34615384615384615,0.34615384615384615,0.38461538461538464,0.38461538461538464,0.4230769230769231,0.34615384615384615
020340124,0.3888888888888889,0.16666666666666666,0.5,0.1111111111111111,0.0,0.0,0.1111111111111111,0.2777777777777778,0.2777777777777778,0.16666666666666666,0.2222222222222222,0.0,0.0,0.2222222222222222,0.0,0.2222222222222222,0.1111111111111111,0.7777777777777778,0.2777777777777778,0.3888888888888889,0.1111111111111111,0.2222222222222222,0.2222222222222222,0.16666666666666666,0.3333333333333333,0.2777777777777778,0.16666666666666666,0.2777777777777778
020340140,0.5,0.18181818181818182,0.2727272727272727,0.45454545454545453,0.45454545454545453,0.0,0.0,0.45454545454545453,0.3,0.2727272727272727,0.0,0.09090909090909091,0.0,0.18181818181818182,0.2727272727272727,0.18181818181818182,0.45454545454545453,0.18181818181818182,0.6363636363636364,0.18181818181818182,0.2727272727272727,0.18181818181818182,0.09090909090909091,0.2727272727272727,0.2727272727272727,0.18181818181818182,0.18181818181818182,0.2727272727272727
020340144,0.5652173913043478,0.13043478260869565,0.391304347826087,0.17391304347826086,0.043478260869565216,0.043478260869565216,0.08695652173913043,0.043478260869565216,0.08695652173913043,0.08695652173913043,0.043478260869565216,0.043478260869565216,0.043478260869565216,0.13043478260869565,0.043478260869565216,0.13043478260869565,0.17391304347826086,0.2608695652173913,0.043478260869565216,0.13043478260869565,0.13043478260869565,0.13043478260869565,0.08695652173913043,0.08695652173913043,0.08695652173913043,0.08695652173913043,0.17391304347826086,0.043478260869565216
020340156,0.5,0.16666666666666666,0.16666666666666666,0.0,0.2222222222222222,0.0,0.0,0.16666666666666666,0.375,0.1111111111111111,0.0,0.0,0.0,0.16666666666666666,0.0,0.0,0.0,0.8333333333333334,0.0,0.0,0.3333333333333333,0.2222222222222222,0.2777777777777778,0.1111111111111111,0.05555555555555555,0.2222222222222222,0.3333333333333333,0.3888888888888889
020340162,0.6153846153846154,0.3333333333333333,0.5333333333333333,0.06666666666666667,0.06666666666666667,0.06666666666666667,0.3333333333333333,0.06666666666666667,0.3076923076923077,0.06666666666666667,0.06666666666666667,0.3333333333333333,0.06666666666666667,0.06666666666666667,0.3333333333333333,0.5333333333333333,0.06666666666666667,0.8666666666666667,0.06666666666666667,0.06666666666666667,0.13333333333333333,0.13333333333333333,0.5333333333333333,0.2,0.2,0.13333333333333333,0.13333333333333333,0.13333333333333333
020340166,0.6666666666666666,0.0,0.46153846153846156,0.0,0.0,0.0,0.0,0.5384615384615384,0.3333333333333333,0.07692307692307693,0.23076923076923078,0.23076923076923078,0.0,0.0,0.0,1.0,0.15384615384615385,0.6923076923076923,0.23076923076923078,0.0,0.23076923076923078,0.0,0.15384615384615385,0.0,0.07692307692307693,0.0,0.23076923076923078,0.07692307692307693
020340169,0.75,0.0,0.058823529411764705,0.0,0.0,0.0,0.0,0.0,0.125,0.0,0.0,0.0,0.0,0.0,0.0,0.0,0.0,0.0,0.0,0.0,0.0,0.0,0.0,0.0,0.0,0.0,0.0,0.0
020360017,0.35714285714285715,0.0,0.2857142857142857,0.0,0.0,0.0,0.0,0.0,0.0,0.0,0.0,0.0,0.0,0.0,0.0,0.0,0.0,0.2857142857142857,0.0,0.0,0.0,0.0,0.0,0.0,0.0,0.0,0.07142857142857142,0.0
020360019,0.75,0.25,0.65,0.0,0.0,0.0,0.0,0.2,0.1,0.15,0.1,0.0,0.0,0.1,0.0,0.0,0.0,0.5,0.35,0.0,0.15,0.0,0.55,0.1,0.15,0.2,0.15,0.15
020360036,0.7058823529411765,0.16666666666666666,0.4444444444444444,0.0,0.05555555555555555,0.05555555555555555,0.0,0.0,0.0,0.05555555555555555,0.05555555555555555,0.0,0.05555555555555555,0.05555555555555555,0.05555555555555555,0.0,0.05555555555555555,0.5555555555555556,0.05555555555555555,0.0,0.05555555555555555,0.05555555555555555,0.05555555555555555,0.05555555555555555,0.0,0.16666666666666666,0.0,0.05555555555555555
020360055,0.6896551724137931,0.034482758620689655,0.27586206896551724,0.0,0.0,0.0,0.0,0.0,0.034482758620689655,0.0,0.0,0.0,0.0,0.0,0.0,0.0,0.0,0.41379310344827586,0.0,0.0,0.034482758620689655,0.0,0.0,0.0,0.034482758620689655,0.0,0.034482758620689655,0.0
020360089,0.7666666666666667,0.1875,0.28125,0.03125,0.0,0.0,0.0,0.0,0.06666666666666667,0.0,0.0,0.0,0.0,0.0,0.0,0.0,0.0,0.375,0.0,0.0,0.0,0.03125,0.03125,0.03125,0.03125,0.03125,0.03125,0.0
020360097,0.6,0.3333333333333333,0.7619047619047619,0.0,0.0,0.0,0.0,0.0,0.2,0.0,0.0,0.0,0.0,0.09523809523809523,0.0,0.0,0.0,0.3333333333333333,0.0,0.0,0.2857142857142857,0.0,0.19047619047619047,0.19047619047619047,0.09523809523809523,0.0,0.14285714285714285,0.09523809523809523
020360100,0.7272727272727273,0.2727272727272727,0.6363636363636364,0.045454545454545456,0.0,0.0,0.0,0.0,0.045454545454545456,0.045454545454545456,0.0,0.0,0.0,0.0,0.0,0.0,0.0,0.6818181818181818,0.045454545454545456,0.045454545454545456,0.0,0.0,0.18181818181818182,0.0,0.0,0.0,0.09090909090909091,0.0
020360131,0.4117647058823529,0.11764705882352941,0.17647058823529413,0.0,0.0,0.0,0.0,0.0,0.20588235294117646,0.14705882352941177,0.058823529411764705,0.058823529411764705,0.0,0.029411764705882353,0.0,0.0,0.0,0.35294117647058826,0.058823529411764705,0.0,0.029411764705882353,0.11764705882352941,0.14705882352941177,0.08823529411764706,0.17647058823529413,0.11764705882352941,0.08823529411764706,0.08823529411764706
020360136,1.0,0.0,0.5384615384615384,0.0,0.0,0.0,0.0,0.0,0.07692307692307693,0.0,0.0,0.0,0.0,0.0,0.0,0.0,0.0,1.0,0.0,0.0,0.0,0.0,0.0,0.0,0.0,0.0,0.0,0.0
020360143,0.8571428571428571,0.25,0.5625,0.25,0.25,0.25,0.25,0.25,0.14285714285714285,0.25,0.3125,0.25,0.25,0.375,0.25,0.25,0.25,1.0,0.25,0.25,0.4375,0.3125,0.25,0.25,0.25,0.25,0.375,0.25
020360202,0.7058823529411765,0.058823529411764705,0.5882352941176471,0.0,0.0,0.0,0.0,0.0,0.17647058823529413,0.058823529411764705,0.0,0.0,0.0,0.058823529411764705,0.0,0.0,0.0,0.17647058823529413,0.0,0.0,0.11764705882352941,0.0,0.0,0.11764705882352941,0.17647058823529413,0.058823529411764705,0.23529411764705882,0.0
020360211,0.7777777777777778,0.0,0.7777777777777778,0.1111111111111111,0.1111111111111111,0.16666666666666666,0.16666666666666666,0.0,0.2222222222222222,0.1111111111111111,0.1111111111111111,0.05555555555555555,0.16666666666666666,0.16666666666666666,0.16666666666666666,0.1111111111111111,0.16666666666666666,0.6111111111111112,0.16666666666666666,0.16666666666666666,0.0,0.16666666666666666,0.0,0.1111111111111111,0.3888888888888889,0.1111111111111111,0.16666666666666666,0.05555555555555555
020360220,0.5,0.125,0.4375,0.125,0.125,0.125,0.125,0.125,0.1875,0.25,0.25,0.125,0.125,0.25,0.125,0.125,0.125,0.125,0.125,0.125,0.125,0.125,0.25,0.25,0.25,0.125,0.125,0.125
020360228,0.8181818181818182,0.0,0.9090909090909091,0.0,0.0,0.0,0.0,0.0,0.18181818181818182,0.0,0.18181818181818182,0.0,0.0,0.18181818181818182,0.0,0.0,0.0,0.0,0.0,0.0,0.0,0.0,0.0,0.0,0.18181818181818182,0.0,0.18181818181818182,0.18181818181818182
020360245,0.8235294117647058,0.23529411764705882,0.5882352941176471,0.058823529411764705,0.058823529411764705,0.17647058823529413,0.058823529411764705,0.058823529411764705,0.23529411764705882,0.058823529411764705,0.058823529411764705,0.058823529411764705,0.058823529411764705,0.17647058823529413,0.17647058823529413,0.17647058823529413,0.058823529411764705,0.47058823529411764,0.058823529411764705,0.058823529411764705,0.17647058823529413,0.17647058823529413,0.058823529411764705,0.058823529411764705,0.17647058823529413,0.058823529411764705,0.11764705882352941,0.17647058823529413
020360299,0.3793103448275862,0.03333333333333333,0.5666666666666667,0.0,0.0,0.0,0.0,0.0,0.20689655172413793,0.0,0.06666666666666667,0.0,0.0,0.06666666666666667,0.0,0.0,0.0,0.5666666666666667,0.03333333333333333,0.0,0.0,0.0,0.06666666666666667,0.03333333333333333,0.1,0.0,0.1,0.0
020360301,0.8,0.0,0.2,0.0,0.0,0.0,0.0,0.0,0.0,0.0,0.0,0.0,0.0,0.0,0.0,0.0,0.0,0.0,0.0,0.0,0.0,0.0,0.0,0.0,0.0,0.0,0.0,0.0
020360302,0.6818181818181818,0.22727272727272727,0.5909090909090909,0.0,0.0,0.0,0.0,0.0,0.13636363636363635,0.045454545454545456,0.0,0.09090909090909091,0.0,0.045454545454545456,0.0,0.0,0.0,0.3181818181818182,0.13636363636363635,0.0,0.0,0.045454545454545456,0.0,0.0,0.045454545454545456,0.045454545454545456,0.045454545454545456,0.0
020360312,0.38461538461538464,0.15384615384615385,0.46153846153846156,0.0,0.0,0.0,0.0,0.0,0.05128205128205128,0.0,0.0,0.0,0.0,0.0,0.0,0.0,0.0,0.358974358974359,0.0,0.0,0.07692307692307693,0.02564102564102564,0.1282051282051282,0.0,0.1282051282051282,0.0,0.07692307692307693,0.10256410256410256
020360329,1.0,0.3125,0.3125,0.0,0.0625,0.0625,0.0,0.0625,0.0,0.0625,0.0625,0.1875,0.0625,0.0625,0.0625,0.0625,0.0625,1.0,0.0,0.0,0.0,0.0625,0.125,0.125,0.125,0.1875,0.125,0.125
020590022,0.3333333333333333,0.15,0.5,0.15,0.15,0.15,0.15,0.15,0.19047619047619047,0.15,0.15,0.15,0.15,0.15,0.15,0.15,0.15,0.75,0.15,0.15,0.1,0.15,0.15,0.1,0.1,0.15,0.0,0.0
020590026,0.7037037037037037,0.3333333333333333,0.4074074074074074,0.037037037037037035,0.037037037037037035,0.0,0.037037037037037035,0.07407407407407407,0.2222222222222222,0.07407407407407407,0.14814814814814814,0.14814814814814814,0.037037037037037035,0.14814814814814814,0.0,0.14814814814814814,0.037037037037037035,0.7777777777777778,0.0,0.0,0.0,0.0,0.14814814814814814,0.1111111111111111,0.07407407407407407,0.1111111111111111,0.1111111111111111,0.1111111111111111
020590047,0.8461538461538461,0.0,0.14285714285714285,0.0,0.0,0.0,0.0,0.0,0.0,0.0,0.0,0.0,0.0,0.0,0.0,0.0,0.0,0.5,0.0,0.0,0.0,0.0,0.0,0.0,0.0,0.0,0.07142857142857142,0.0
020590077,0.525,0.023809523809523808,0.5,0.0,0.0,0.0,0.0,0.0,0.15,0.0,0.0,0.0,0.0,0.047619047619047616,0.0,0.0,0.0,0.23809523809523808,0.0,0.0,0.0,0.0,0.0,0.0,0.0,0.0,0.023809523809523808,0.0
020590103,0.8095238095238095,0.36363636363636365,0.45454545454545453,0.0,0.13636363636363635,0.0,0.13636363636363635,0.13636363636363635,0.23809523809523808,0.13636363636363635,0.13636363636363635,0.13636363636363635,0.13636363636363635,0.3181818181818182,0.0,0.0,0.0,0.8181818181818182,0.13636363636363635,0.0,0.13636363636363635,0.13636363636363635,0.45454545454545453,0.13636363636363635,0.45454545454545453,0.13636363636363635,0.13636363636363635,0.22727272727272727
020590121,0.7368421052631579,0.15,0.35,0.05,0.0,0.0,0.0,0.0,0.3157894736842105,0.1,0.0,0.0,0.0,0.0,0.0,0.0,0.0,0.45,0.0,0.05,0.0,0.25,0.1,0.05,0.1,0.1,0.15,0.1
020590122,0.7333333333333333,0.5625,0.5625,0.125,0.0,0.0625,0.0625,0.0625,0.13333333333333333,0.0625,0.0625,0.5,0.0625,0.0625,0.0625,0.0625,0.0625,0.4375,0.375,0.3125,0.1875,0.0625,0.375,0.1875,0.5,0.0625,0.625,0.0625
020590123,0.5,0.0,0.35714285714285715,0.0,0.0,0.0,0.0,0.0,0.2857142857142857,0.0,0.0,0.14285714285714285,0.0,0.14285714285714285,0.0,0.0,0.0,0.5714285714285714,0.42857142857142855,0.14285714285714285,0.2857142857142857,0.0,0.0,0.21428571428571427,0.0,0.0,0.0,0.14285714285714285
020590144,0.7916666666666666,0.3333333333333333,0.3333333333333333,0.0,0.0,0.0,0.08333333333333333,0.0,0.625,0.08333333333333333,0.25,0.0,0.0,0.20833333333333334,0.0,0.0,0.0,0.75,0.125,0.125,0.20833333333333334,0.0,0.25,0.041666666666666664,0.375,0.08333333333333333,0.0,0.125
020590151,0.7272727272727273,0.0,0.18181818181818182,0.09090909090909091,0.0,0.09090909090909091,0.0,0.0,0.09090909090909091,0.09090909090909091,0.09090909090909091,0.09090909090909091,0.0,0.0,0.0,0.0,0.0,0.2727272727272727,0.09090909090909091,0.09090909090909091,0.18181818181818182,0.0,0.18181818181818182,0.09090909090909091,0.09090909090909091,0.09090909090909091,0.18181818181818182,0.18181818181818182
020590164,0.9285714285714286,0.07142857142857142,0.5714285714285714,0.0,0.0,0.0,0.0,0.0,0.0,0.0,0.0,0.0,0.0,0.21428571428571427,0.0,0.0,0.0,0.0,0.0,0.0,0.0,0.0,0.0,0.0,0.07142857142857142,0.0,0.0,0.0
020590181,0.5263157894736842,0.25,0.25,0.2,0.0,0.0,0.0,0.0,0.2631578947368421,0.1,0.3,0.35,0.0,0.05,0.0,0.05,0.0,0.85,0.1,0.0,0.1,0.05,0.1,0.2,0.1,0.1,0.0,0.2
020590228,0.43478260869565216,0.34782608695652173,0.43478260869565216,0.21739130434782608,0.21739130434782608,0.13043478260869565,0.17391304347826086,0.13043478260869565,0.2608695652173913,0.13043478260869565,0.21739130434782608,0.2608695652173913,0.21739130434782608,0.08695652173913043,0.08695652173913043,0.2608695652173913,0.17391304347826086,0.9130434782608695,0.17391304347826086,0.17391304347826086,0.43478260869565216,0.17391304347826086,0.17391304347826086,0.17391304347826086,0.2608695652173913,0.13043478260869565,0.30434782608695654,0.13043478260869565
020590265,0.42105263157894735,0.05,0.45,0.0,0.05,0.0,0.0,0.0,0.0,0.0,0.0,0.0,0.0,0.0,0.05,0.0,0.0,0.8,0.0,0.0,0.05,0.0,0.0,0.0,0.0,0.0,0.0,0.0
020590274,0.5833333333333334,0.16,0.64,0.0,0.08,0.0,0.0,0.0,0.125,0.0,0.08,0.0,0.08,0.04,0.0,0.0,0.0,0.76,0.0,0.0,0.28,0.0,0.0,0.04,0.16,0.0,0.0,0.08
020590276,0.6,0.0,0.3333333333333333,0.0,0.0,0.0,0.0,0.0,0.2,0.037037037037037035,0.25925925925925924,0.0,0.0,0.2222222222222222,0.0,0.0,0.0,0.14814814814814814,0.0,0.0,0.2222222222222222,0.037037037037037035,0.0,0.0,0.18518518518518517,0.037037037037037035,0.2222222222222222,0.2222222222222222
020590290,0.5333333333333333,0.0625,0.0625,0.0,0.0,0.0,0.0,0.0,0.2,0.0,0.0,0.0,0.0,0.0,0.0,0.0,0.0,0.0,0.0,0.0,0.0,0.0,0.0,0.0625,0.0,0.0,0.0,0.0
020590322,0.5555555555555556,0.0,0.46153846153846156,0.15384615384615385,0.0,0.0,0.0,0.0,0.18518518518518517,0.0,0.0,0.0,0.0,0.11538461538461539,0.0,0.0,0.0,0.34615384615384615,0.15384615384615385,0.15384615384615385,0.07692307692307693,0.0,0.0,0.0,0.0,0.0,0.07692307692307693,0.0
020590359,0.9230769230769231,0.2857142857142857,1.0,0.0,0.0,0.0,0.0,0.0,0.3076923076923077,0.0,0.0,0.42857142857142855,0.0,0.0,0.0,0.0,0.0,0.5714285714285714,0.21428571428571427,0.14285714285714285,0.21428571428571427,0.0,0.0,0.14285714285714285,0.2857142857142857,0.0,0.21428571428571427,0.0
020590376,0.25,0.32,0.48,0.0,0.0,0.0,0.0,0.0,0.16666666666666666,0.04,0.0,0.0,0.0,0.08,0.0,0.0,0.0,0.72,0.0,0.0,0.0,0.04,0.08,0.0,0.16,0.0,0.0,0.0
020610010,0.6923076923076923,0.07692307692307693,0.3076923076923077,0.0,0.0,0.0,0.15384615384615385,0.15384615384615385,0.07692307692307693,0.0,0.0,0.0,0.0,0.15384615384615385,0.0,0.0,0.0,0.5384615384615384,0.15384615384615385,0.15384615384615385,0.15384615384615385,0.0,0.15384615384615385,0.0,0.15384615384615385,0.15384615384615385,0.23076923076923078,0.15384615384615385
020610014,0.5714285714285714,0.2857142857142857,1.0,0.07142857142857142,0.07142857142857142,0.0,0.0,0.07142857142857142,0.14285714285714285,0.07142857142857142,0.0,0.0,0.0,0.07142857142857142,0.0,0.0,0.0,0.35714285714285715,0.07142857142857142,0.07142857142857142,0.21428571428571427,0.07142857142857142,0.07142857142857142,0.21428571428571427,0.14285714285714285,0.07142857142857142,0.42857142857142855,0.07142857142857142
020610061,0.41935483870967744,0.2903225806451613,0.4838709677419355,0.1935483870967742,0.0,0.0,0.0,0.12903225806451613,0.3225806451612903,0.16129032258064516,0.0,0.1935483870967742,0.0,0.0,0.0,0.0,0.12903225806451613,0.3870967741935484,0.22580645161290322,0.3548387096774194,0.22580645161290322,0.0,0.12903225806451613,0.0,0.12903225806451613,0.12903225806451613,0.03225806451612903,0.0
020610090,0.5333333333333333,0.0,0.5333333333333333,0.0,0.0,0.06666666666666667,0.06666666666666667,0.0,0.0,0.0,0.0,0.0,0.0,0.06666666666666667,0.0,0.0,0.0,0.6666666666666666,0.0,0.0,0.0,0.0,0.0,0.0,0.0,0.0,0.06666666666666667,0.0
020610122,0.65,0.0,0.6666666666666666,0.0,0.0,0.0,0.0,0.0,0.05,0.0,0.0,0.0,0.0,0.0,0.0,0.0,0.0,0.5714285714285714,0.0,0.0,0.0,0.0,0.0,0.0,0.0,0.0,0.0,0.0
020610134,0.7692307692307693,0.38461538461538464,0.5384615384615384,0.0,0.0,0.0,0.0,0.0,0.15384615384615385,0.0,0.0,0.0,0.0,0.0,0.0,0.0,0.0,0.0,0.0,0.0,0.0,0.0,0.0,0.0,0.0,0.0,0.0,0.0
020610166,0.5625,0.0,0.4375,0.0,0.0,0.0,0.0,0.0,0.0625,0.0,0.0,0.0,0.0,0.0,0.0,0.0,0.0,0.625,0.0,0.0,0.0,0.0,0.25,0.0,0.0625,0.0,0.125,0.0
020610168,0.6666666666666666,0.08,0.72,0.0,0.0,0.0,0.0,0.0,0.20833333333333334,0.0,0.0,0.0,0.0,0.0,0.0,0.0,0.0,0.8,0.16,0.04,0.04,0.0,0.2,0.04,0.04,0.0,0.04,0.04
020610174,0.7368421052631579,0.42105263157894735,0.5789473684210527,0.10526315789473684,0.10526315789473684,0.10526315789473684,0.10526315789473684,0.10526315789473684,0.3157894736842105,0.15789473684210525,0.42105263157894735,0.2631578947368421,0.10526315789473684,0.2631578947368421,0.2631578947368421,0.10526315789473684,0.10526315789473684,0.47368421052631576,0.10526315789473684,0.10526315789473684,0.3684210526315789,0.3157894736842105,0.15789473684210525,0.10526315789473684,0.3684210526315789,0.3684210526315789,0.3157894736842105,0.21052631578947367
020610175,0.5,0.11764705882352941,0.35294117647058826,0.0,0.0,0.0,0.0,0.0,0.125,0.0,0.11764705882352941,0.0,0.0,0.29411764705882354,0.0,0.11764705882352941,0.0,0.35294117647058826,0.11764705882352941,0.0,0.11764705882352941,0.29411764705882354,0.11764705882352941,0.17647058823529413,0.0,0.0,0.0,0.058823529411764705
020610194,0.2727272727272727,0.045454545454545456,0.18181818181818182,0.0,0.0,0.0,0.0,0.0,0.09090909090909091,0.0,0.0,0.0,0.0,0.0,0.0,0.0,0.0,0.0,0.0,0.0,0.0,0.0,0.0,0.0,0.0,0.0,0.0,0.045454545454545456
020610201,0.9333333333333333,0.1875,0.3125,0.0,0.0,0.0,0.0,0.0,0.3333333333333333,0.0,0.1875,0.0,0.0,0.25,0.0,0.0,0.0,0.375,0.0,0.0,0.4375,0.1875,0.1875,0.1875,0.0625,0.0625,0.0,0.0
020610206,0.6470588235294118,0.29411764705882354,0.5882352941176471,0.11764705882352941,0.23529411764705882,0.0,0.0,0.058823529411764705,0.23529411764705882,0.058823529411764705,0.0,0.17647058823529413,0.0,0.23529411764705882,0.0,0.0,0.17647058823529413,0.17647058823529413,0.11764705882352941,0.11764705882352941,0.0,0.058823529411764705,0.23529411764705882,0.0,0.11764705882352941,0.0,0.058823529411764705,0.0
020610207,0.3333333333333333,0.05555555555555555,0.5,0.1111111111111111,0.1111111111111111,0.0,0.1111111111111111,0.16666666666666666,0.05555555555555555,0.0,0.1111111111111111,0.1111111111111111,0.16666666666666666,0.16666666666666666,0.1111111111111111,0.16666666666666666,0.16666666666666666,0.3333333333333333,0.0,0.16666666666666666,0.0,0.0,0.1111111111111111,0.1111111111111111,0.05555555555555555,0.0,0.0,0.05555555555555555
020610291,0.5714285714285714,0.0,0.42857142857142855,0.0,0.0,0.0,0.0,0.0,0.0,0.0,0.0,0.0,0.0,0.0,0.0,0.0,0.0,0.9285714285714286,0.0,0.0,0.0,0.0,0.0,0.0,0.0,0.0,0.07142857142857142,0.0
020610302,0.6842105263157895,0.0,0.35,0.0,0.0,0.0,0.0,0.0,0.10526315789473684,0.0,0.0,0.0,0.0,0.0,0.0,0.0,0.0,0.5,0.0,0.0,0.0,0.0,0.0,0.0,0.1,0.0,0.1,0.1
020610316,0.4782608695652174,0.0,0.21739130434782608,0.0,0.0,0.0,0.0,0.0,0.0,0.0,0.0,0.0,0.0,0.0,0.0,0.0,0.0,0.6086956521739131,0.0,0.0,0.0,0.0,0.0,0.0,0.0,0.0,0.0,0.0
020610328,0.5,0.2857142857142857,0.7142857142857143,0.07142857142857142,0.07142857142857142,0.07142857142857142,0.07142857142857142,0.07142857142857142,0.2857142857142857,0.07142857142857142,0.07142857142857142,0.07142857142857142,0.07142857142857142,0.07142857142857142,0.0,0.07142857142857142,0.14285714285714285,0.5714285714285714,0.07142857142857142,0.07142857142857142,0.07142857142857142,0.07142857142857142,0.07142857142857142,0.0,0.14285714285714285,0.07142857142857142,0.07142857142857142,0.07142857142857142
020610341,0.5925925925925926,0.18518518518518517,0.5555555555555556,0.14814814814814814,0.07407407407407407,0.07407407407407407,0.07407407407407407,0.07407407407407407,0.2222222222222222,0.07407407407407407,0.18518518518518517,0.07407407407407407,0.0,0.14814814814814814,0.07407407407407407,0.1111111111111111,0.07407407407407407,0.4444444444444444,0.07407407407407407,0.2222222222222222,0.14814814814814814,0.07407407407407407,0.14814814814814814,0.07407407407407407,0.2222222222222222,0.1111111111111111,0.07407407407407407,0.07407407407407407
020610343,0.43333333333333335,0.0,0.5666666666666667,0.0,0.0,0.0,0.0,0.0,0.06666666666666667,0.03333333333333333,0.0,0.0,0.0,0.0,0.06666666666666667,0.0,0.0,0.3,0.0,0.0,0.0,0.0,0.06666666666666667,0.03333333333333333,0.0,0.0,0.06666666666666667,0.0
020890003,0.5,0.0,0.3939393939393939,0.0,0.0,0.0,0.0,0.0,0.09375,0.0,0.0,0.0,0.0,0.0,0.0,0.0,0.0,0.2727272727272727,0.0,0.0,0.0,0.0,0.0,0.0,0.06060606060606061,0.0,0.0,0.0
020890037,0.6923076923076923,0.06666666666666667,0.06666666666666667,0.0,0.0,0.0,0.0,0.0,0.5384615384615384,0.0,0.0,0.0,0.0,0.0,0.0,0.0,0.0,0.6,0.0,0.0,0.0,0.0,0.0,0.0,0.0,0.0,0.0,0.0
020890112,0.65,0.09523809523809523,0.47619047619047616,0.0,0.0,0.0,0.0,0.0,0.15,0.0,0.0,0.0,0.0,0.0,0.0,0.0,0.0,0.47619047619047616,0.0,0.0,0.0,0.0,0.0,0.0,0.0,0.09523809523809523,0.0,0.0
020890134,0.8571428571428571,0.2857142857142857,0.5714285714285714,0.0,0.0,0.14285714285714285,0.0,0.0,0.35714285714285715,0.07142857142857142,0.0,0.2857142857142857,0.0,0.14285714285714285,0.0,0.0,0.0,0.6428571428571429,0.2857142857142857,0.2857142857142857,0.0,0.14285714285714285,0.14285714285714285,0.14285714285714285,0.14285714285714285,0.2857142857142857,0.0,0.07142857142857142
020890156,0.75,0.3125,0.5625,0.4375,0.125,0.3125,0.0,0.125,0.0625,0.1875,0.3125,0.4375,0.0,0.3125,0.125,0.125,0.125,0.625,0.3125,0.3125,0.3125,0.4375,0.5625,0.25,0.5,0.4375,0.375,0.4375
020890165,0.47619047619047616,0.09090909090909091,0.36363636363636365,0.045454545454545456,0.045454545454545456,0.045454545454545456,0.045454545454545456,0.045454545454545456,0.14285714285714285,0.045454545454545456,0.13636363636363635,0.045454545454545456,0.045454545454545456,0.045454545454545456,0.13636363636363635,0.045454545454545456,0.045454545454545456,0.6363636363636364,0.045454545454545456,0.13636363636363635,0.045454545454545456,0.045454545454545456,0.09090909090909091,0.045454545454545456,0.045454545454545456,0.045454545454545456,0.045454545454545456,0.045454545454545456
020890206,0.625,0.08333333333333333,0.4583333333333333,0.0,0.0,0.0,0.0,0.0,0.16666666666666666,0.08333333333333333,0.08333333333333333,0.0,0.041666666666666664,0.08333333333333333,0.0,0.0,0.0,0.125,0.0,0.0,0.20833333333333334,0.041666666666666664,0.08333333333333333,0.08333333333333333,0.125,0.0,0.041666666666666664,0.0
020890207,0.875,0.5,0.625,0.0,0.0,0.0,0.0,0.0,0.125,0.0,0.0,0.0,0.0,0.25,0.1875,0.0,0.0,1.0,0.3125,0.1875,0.0,0.0,0.0,0.125,0.0,0.0,0.5,0.0
020890215,0.8181818181818182,0.4090909090909091,0.6363636363636364,0.09090909090909091,0.0,0.2727272727272727,0.2727272727272727,0.2727272727272727,0.36363636363636365,0.18181818181818182,0.09090909090909091,0.22727272727272727,0.0,0.0,0.0,0.09090909090909091,0.09090909090909091,0.6818181818181818,0.09090909090909091,0.2727272727272727,0.18181818181818182,0.2727272727272727,0.22727272727272727,0.09090909090909091,0.22727272727272727,0.18181818181818182,0.2727272727272727,0.09090909090909091
020890219,0.8,0.2,0.6666666666666666,0.0,0.13333333333333333,0.13333333333333333,0.13333333333333333,0.0,0.2,0.13333333333333333,0.13333333333333333,0.13333333333333333,0.0,0.0,0.0,0.0,0.0,0.8666666666666667,0.0,0.0,0.0,0.0,0.13333333333333333,0.3333333333333333,0.2,0.13333333333333333,0.26666666666666666,0.2
020890259,0.5789473684210527,0.0,0.5,0.0,0.0,0.1,0.0,0.0,0.10526315789473684,0.0,0.1,0.0,0.0,0.15,0.0,0.0,0.1,0.75,0.0,0.1,0.0,0.0,0.1,0.1,0.0,0.05,0.0,0.05
020890260,0.8,0.5,0.5,0.07692307692307693,0.07692307692307693,0.0,0.07692307692307693,0.038461538461538464,0.24,0.038461538461538464,0.038461538461538464,0.15384615384615385,0.07692307692307693,0.2692307692307692,0.0,0.2692307692307692,0.0,0.38461538461538464,0.2692307692307692,0.38461538461538464,0.0,0.07692307692307693,0.19230769230769232,0.07692307692307693,0.038461538461538464,0.038461538461538464,0.3076923076923077,0.15384615384615385
020890267,0.5294117647058824,0.2777777777777778,0.5555555555555556,0.05555555555555555,0.0,0.05555555555555555,0.0,0.2777777777777778,0.11764705882352941,0.05555555555555555,0.2777777777777778,0.0,0.05555555555555555,0.2777777777777778,0.0,0.2777777777777778,0.3333333333333333,0.5555555555555556,0.16666666666666666,0.05555555555555555,0.05555555555555555,0.0,0.1111111111111111,0.1111111111111111,0.16666666666666666,0.05555555555555555,0.05555555555555555,0.0
020890274,0.6363636363636364,0.4090909090909091,0.7272727272727273,0.18181818181818182,0.13636363636363635,0.09090909090909091,0.09090909090909091,0.09090909090909091,0.3181818181818182,0.22727272727272727,0.0,0.18181818181818182,0.18181818181818182,0.0,0.0,0.18181818181818182,0.18181818181818182,0.9545454545454546,0.18181818181818182,0.18181818181818182,0.18181818181818182,0.09090909090909091,0.2727272727272727,0.22727272727272727,0.18181818181818182,0.09090909090909091,0.18181818181818182,0.09090909090909091
020890306,0.5789473684210527,0.05,0.5,0.05,0.15,0.05,0.05,0.05,0.15789473684210525,0.05,0.0,0.05,0.15,0.15,0.05,0.15,0.0,0.4,0.0,0.05,0.0,0.05,0.05,0.05,0.0,0.05,0.0,0.05
020890313,0.8333333333333334,0.0,0.6111111111111112,0.0,0.0,0.0,0.0,0.0,0.16666666666666666,0.0,0.05555555555555555,0.0,0.0,0.05555555555555555,0.0,0.1111111111111111,0.0,0.5555555555555556,0.0,0.0,0.16666666666666666,0.0,0.0,0.0,0.0,0.0,0.0,0.0
020890326,0.5714285714285714,0.0,0.39285714285714285,0.0,0.0,0.07142857142857142,0.03571428571428571,0.0,0.07142857142857142,0.0,0.07142857142857142,0.0,0.0,0.03571428571428571,0.0,0.0,0.0,0.2857142857142857,0.03571428571428571,0.0,0.10714285714285714,0.07142857142857142,0.0,0.03571428571428571,0.0,0.0,0.0,0.03571428571428571
020890340,0.36,0.0,0.56,0.0,0.0,0.0,0.0,0.0,0.04,0.0,0.0,0.0,0.0,0.0,0.0,0.0,0.0,0.28,0.0,0.08,0.16,0.0,0.0,0.0,0.2,0.0,0.0,0.08
020890346,0.8260869565217391,0.75,0.7083333333333334,0.0,0.0,0.0,0.0,0.0,0.17391304347826086,0.08333333333333333,0.0,0.0,0.0,0.20833333333333334,0.0,0.0,0.0,0.5416666666666666,0.0,0.0,0.0,0.08333333333333333,0.0,0.0,0.3333333333333333,0.125,0.25,0.0
020890371,0.75,0.0,0.3333333333333333,0.0,0.0,0.0,0.0,0.0,0.125,0.0,0.0,0.0,0.0,0.0,0.0,0.0,0.0,0.4444444444444444,0.0,0.0,0.0,0.0,0.0,0.0,0.0,0.0,0.1111111111111111,0.0
021290009,0.3333333333333333,0.0,0.16666666666666666,0.0,0.05555555555555555,0.0,0.05555555555555555,0.1111111111111111,0.1111111111111111,0.05555555555555555,0.05555555555555555,0.0,0.05555555555555555,0.05555555555555555,0.0,0.0,0.0,0.2222222222222222,0.0,0.05555555555555555,0.0,0.0,0.05555555555555555,0.05555555555555555,0.0,0.0,0.05555555555555555,0.05555555555555555
021290011,0.3181818181818182,0.0,0.3181818181818182,0.0,0.0,0.0,0.0,0.0,0.0,0.0,0.0,0.0,0.0,0.0,0.0,0.0,0.0,0.0,0.0,0.0,0.0,0.0,0.0,0.0,0.0,0.0,0.0,0.0
021290068,0.5185185185185185,0.037037037037037035,0.48148148148148145,0.0,0.0,0.0,0.0,0.0,0.07407407407407407,0.0,0.0,0.0,0.0,0.0,0.0,0.0,0.0,0.4444444444444444,0.0,0.0,0.14814814814814814,0.037037037037037035,0.18518518518518517,0.0,0.0,0.037037037037037035,0.0,0.0
021290121,0.3333333333333333,0.0,0.2222222222222222,0.0,0.0,0.0,0.0,0.0,0.0,0.0,0.0,0.0,0.0,0.0,0.0,0.0,0.0,0.2777777777777778,0.0,0.0,0.0,0.0,0.0,0.0,0.0,0.0,0.05555555555555555,0.0
021290134,0.4666666666666667,0.0,0.06666666666666667,0.0,0.0,0.0,0.0,0.0,0.06666666666666667,0.0,0.0,0.0,0.0,0.0,0.0,0.0,0.0,0.2,0.0,0.13333333333333333,0.0,0.0,0.0,0.0,0.0,0.0,0.0,0.0
021290144,0.4230769230769231,0.07142857142857142,0.2857142857142857,0.0,0.0,0.0,0.0,0.0,0.19230769230769232,0.0,0.03571428571428571,0.0,0.0,0.07142857142857142,0.0,0.0,0.0,0.2857142857142857,0.03571428571428571,0.0,0.03571428571428571,0.03571428571428571,0.03571428571428571,0.0,0.03571428571428571,0.0,0.0,0.0
021290148,0.6,0.14285714285714285,0.2857142857142857,0.0,0.0,0.0,0.0,0.0,0.2,0.047619047619047616,0.0,0.0,0.0,0.0,0.0,0.0,0.0,0.0,0.0,0.0,0.0,0.047619047619047616,0.0,0.0,0.0,0.0,0.047619047619047616,0.0
021290160,0.3333333333333333,0.0,0.4166666666666667,0.0,0.0,0.0,0.0,0.0,0.041666666666666664,0.0,0.0,0.0,0.0,0.0,0.0,0.0,0.0,0.0,0.0,0.0,0.0,0.0,0.0,0.0,0.0,0.0,0.08333333333333333,0.0
021290169,0.5263157894736842,0.15789473684210525,0.5263157894736842,0.0,0.0,0.0,0.0,0.0,0.10526315789473684,0.10526315789473684,0.10526315789473684,0.21052631578947367,0.0,0.05263157894736842,0.05263157894736842,0.0,0.0,0.2631578947368421,0.0,0.10526315789473684,0.05263157894736842,0.10526315789473684,0.15789473684210525,0.21052631578947367,0.15789473684210525,0.15789473684210525,0.3157894736842105,0.10526315789473684
021290173,0.3125,0.17647058823529413,0.23529411764705882,0.058823529411764705,0.0,0.0,0.0,0.058823529411764705,0.125,0.23529411764705882,0.0,0.058823529411764705,0.0,0.0,0.0,0.0,0.058823529411764705,0.29411764705882354,0.0,0.17647058823529413,0.0,0.058823529411764705,0.058823529411764705,0.0,0.058823529411764705,0.0,0.058823529411764705,0.0
021290200,0.391304347826087,0.08333333333333333,0.3333333333333333,0.041666666666666664,0.041666666666666664,0.041666666666666664,0.041666666666666664,0.041666666666666664,0.08695652173913043,0.041666666666666664,0.041666666666666664,0.041666666666666664,0.041666666666666664,0.041666666666666664,0.041666666666666664,0.041666666666666664,0.041666666666666664,0.041666666666666664,0.041666666666666664,0.041666666666666664,0.041666666666666664,0.041666666666666664,0.041666666666666664,0.041666666666666664,0.08333333333333333,0.041666666666666664,0.08333333333333333,0.041666666666666664
021290209,0.28,0.04,0.72,0.0,0.0,0.0,0.0,0.0,0.04,0.0,0.0,0.0,0.0,0.0,0.0,0.0,0.0,0.0,0.0,0.0,0.0,0.0,0.0,0.0,0.0,0.0,0.0,0.0
021290235,0.6428571428571429,0.03571428571428571,0.2857142857142857,0.0,0.0,0.0,0.0,0.0,0.07142857142857142,0.0,0.0,0.0,0.0,0.03571428571428571,0.10714285714285714,0.0,0.0,0.0,0.0,0.0,0.0,0.0,0.0,0.0,0.0,0.0,0.0,0.0
021290261,0.3888888888888889,0.0,0.42105263157894735,0.0,0.0,0.0,0.0,0.0,0.05555555555555555,0.0,0.0,0.0,0.0,0.0,0.0,0.0,0.0,0.8947368421052632,0.0,0.0,0.0,0.0,0.0,0.0,0.0,0.0,0.0,0.0
021290282,0.45454545454545453,0.22727272727272727,0.22727272727272727,0.0,0.0,0.0,0.0,0.0,0.36363636363636365,0.09090909090909091,0.0,0.0,0.0,0.18181818181818182,0.0,0.0,0.0,0.4090909090909091,0.0,0.0,0.09090909090909091,0.045454545454545456,0.0,0.22727272727272727,0.13636363636363635,0.0,0.045454545454545456,0.18181818181818182
021290291,0.7058823529411765,0.0,0.47368421052631576,0.0,0.0,0.0,0.0,0.0,0.29411764705882354,0.0,0.0,0.0,0.0,0.0,0.0,0.0,0.0,0.0,0.0,0.0,0.0,0.0,0.0,0.0,0.0,0.0,0.10526315789473684,0.0
021290319,0.4090909090909091,0.0,0.4782608695652174,0.0,0.0,0.0,0.0,0.0,0.045454545454545456,0.0,0.0,0.0,0.0,0.0,0.0,0.0,0.0,0.5217391304347826,0.0,0.0,0.043478260869565216,0.0,0.0,0.0,0.0,0.0,0.0,0.0
021290324,0.3333333333333333,0.05555555555555555,0.2777777777777778,0.0,0.0,0.0,0.0,0.0,0.0,0.0,0.0,0.0,0.0,0.0,0.0,0.0,0.0,0.2222222222222222,0.2777777777777778,0.0,0.0,0.0,0.0,0.0,0.0,0.0,0.0,0.0
021290326,0.5,0.1875,0.5,0.0625,0.0625,0.0625,0.125,0.125,0.0625,0.0625,0.125,0.0625,0.125,0.0625,0.1875,0.0625,0.125,0.0,0.0625,0.125,0.0,0.1875,0.0625,0.0625,0.0625,0.0625,0.125,0.0625
021290371,0.47058823529411764,0.0,0.3684210526315789,0.0,0.0,0.0,0.0,0.0,0.17647058823529413,0.0,0.0,0.0,0.0,0.0,0.0,0.0,0.0,0.2631578947368421,0.0,0.0,0.0,0.0,0.0,0.0,0.0,0.0,0.0,0.0
021680007,0.875,0.0,0.375,0.0625,0.0,0.0,0.0,0.0,0.1875,0.0,0.0,0.0,0.0,0.0625,0.0,0.0,0.0,0.1875,0.25,0.0625,0.0,0.0,0.0,0.0,0.0,0.0,0.0,0.0
021680016,0.95,0.0,0.5909090909090909,0.0,0.0,0.0,0.0,0.0,0.3,0.0,0.0,0.0,0.0,0.0,0.0,0.09090909090909091,0.0,0.6363636363636364,0.18181818181818182,0.22727272727272727,0.09090909090909091,0.045454545454545456,0.045454545454545456,0.0,0.045454545454545456,0.045454545454545456,0.045454545454545456,0.0
021680048,0.6060606060606061,0.08823529411764706,0.4411764705882353,0.0,0.0,0.0,0.0,0.0,0.09090909090909091,0.029411764705882353,0.0,0.0,0.0,0.0,0.0,0.0,0.0,0.6470588235294118,0.08823529411764706,0.0,0.08823529411764706,0.0,0.029411764705882353,0.058823529411764705,0.11764705882352941,0.058823529411764705,0.0,0.0
021680052,0.38461538461538464,0.08,0.64,0.0,0.0,0.0,0.0,0.0,0.0,0.0,0.0,0.0,0.0,0.0,0.0,0.0,0.0,0.72,0.08,0.08,0.0,0.0,0.0,0.0,0.04,0.0,0.08,0.0
021680122,0.7142857142857143,0.09523809523809523,0.5238095238095238,0.0,0.0,0.0,0.0,0.0,0.09523809523809523,0.0,0.0,0.0,0.0,0.0,0.0,0.0,0.0,0.8095238095238095,0.0,0.0,0.0,0.0,0.14285714285714285,0.0,0.0,0.0,0.047619047619047616,0.0
021680154,0.631578947368421,0.25,0.7,0.0,0.0,0.0,0.0,0.3,0.15789473684210525,0.1,0.1,0.0,0.0,0.1,0.0,0.2,0.0,0.6,0.1,0.1,0.0,0.05,0.0,0.0,0.15,0.0,0.0,0.0
021680169,0.8235294117647058,0.11764705882352941,0.5882352941176471,0.0,0.0,0.0,0.0,0.0,0.23529411764705882,0.058823529411764705,0.11764705882352941,0.0,0.0,0.0,0.0,0.0,0.0,0.7647058823529411,0.0,0.0,0.0,0.058823529411764705,0.0,0.0,0.17647058823529413,0.058823529411764705,0.058823529411764705,0.0
021680190,0.6388888888888888,0.2222222222222222,0.4722222222222222,0.0,0.0,0.0,0.0,0.08333333333333333,0.1388888888888889,0.08333333333333333,0.0,0.0,0.0,0.027777777777777776,0.08333333333333333,0.0,0.08333333333333333,0.2222222222222222,0.08333333333333333,0.08333333333333333,0.05555555555555555,0.027777777777777776,0.0,0.08333333333333333,0.1388888888888889,0.0,0.05555555555555555,0.0
021680237,0.48148148148148145,0.07142857142857142,0.5,0.0,0.0,0.0,0.0,0.0,0.037037037037037035,0.0,0.07142857142857142,0.0,0.0,0.10714285714285714,0.0,0.0,0.0,0.5,0.0,0.0,0.0,0.0,0.0,0.07142857142857142,0.07142857142857142,0.0,0.14285714285714285,0.14285714285714285
021680246,0.8125,0.26666666666666666,0.4666666666666667,0.0,0.0,0.06666666666666667,0.0,0.0,0.25,0.0,0.2,0.0,0.0,0.06666666666666667,0.06666666666666667,0.06666666666666667,0.0,0.7333333333333333,0.0,0.13333333333333333,0.26666666666666666,0.3333333333333333,0.13333333333333333,0.13333333333333333,0.06666666666666667,0.06666666666666667,0.2,0.0
021680249,0.875,0.0,0.52,0.0,0.0,0.0,0.0,0.0,0.125,0.0,0.0,0.0,0.0,0.08,0.0,0.0,0.0,0.16,0.24,0.08,0.16,0.0,0.08,0.0,0.04,0.0,0.0,0.0
021680251,0.7058823529411765,0.29411764705882354,0.5294117647058824,0.0,0.0,0.0,0.0,0.0,0.29411764705882354,0.11764705882352941,0.0,0.0,0.0,0.0,0.0,0.0,0.0,0.5882352941176471,0.0,0.0,0.11764705882352941,0.11764705882352941,0.058823529411764705,0.058823529411764705,0.23529411764705882,0.11764705882352941,0.23529411764705882,0.0
021680266,0.9,0.2,0.5,0.0,0.0,0.0,0.0,0.0,0.1,0.0,0.2,0.0,0.15,0.2,0.0,0.1,0.2,0.75,0.2,0.2,0.0,0.1,0.15,0.2,0.1,0.15,0.15,0.2
021680288,0.7666666666666667,0.36666666666666664,0.5666666666666667,0.06666666666666667,0.06666666666666667,0.0,0.0,0.0,0.0,0.03333333333333333,0.06666666666666667,0.06666666666666667,0.06666666666666667,0.06666666666666667,0.0,0.06666666666666667,0.0,0.5333333333333333,0.06666666666666667,0.13333333333333333,0.06666666666666667,0.03333333333333333,0.0,0.0,0.23333333333333334,0.03333333333333333,0.06666666666666667,0.0
021680297,0.9130434782608695,0.28,0.68,0.0,0.12,0.0,0.0,0.04,0.2608695652173913,0.04,0.0,0.04,0.04,0.04,0.0,0.0,0.0,0.56,0.0,0.0,0.12,0.12,0.16,0.2,0.16,0.12,0.08,0.04
021680318,0.8421052631578947,0.05,0.5,0.1,0.0,0.0,0.05,0.15,0.10526315789473684,0.0,0.0,0.1,0.0,0.0,0.0,0.1,0.1,0.9,0.1,0.1,0.0,0.0,0.0,0.1,0.0,0.0,0.0,0.05
021680332,0.8125,0.6875,0.6875,0.3125,0.3125,0.3125,0.375,0.3125,0.3125,0.25,0.375,0.125,0.1875,0.25,0.1875,0.1875,0.3125,0.75,0.125,0.125,0.125,0.1875,0.375,0.375,0.375,0.375,0.1875,0.25
021680369,0.8461538461538461,0.46153846153846156,0.5384615384615384,0.15384615384615385,0.0,0.0,0.15384615384615385,0.15384615384615385,0.3076923076923077,0.0,0.0,0.0,0.0,0.0,0.0,0.0,0.15384615384615385,0.7692307692307693,0.15384615384615385,0.0,0.0,0.0,0.23076923076923078,0.0,0.0,0.0,0.0,0.0
021680379,0.8333333333333334,0.2,0.64,0.0,0.0,0.0,0.08,0.0,0.125,0.0,0.0,0.0,0.0,0.04,0.0,0.0,0.0,0.72,0.0,0.0,0.04,0.08,0.0,0.0,0.0,0.0,0.08,0.08
021680380,0.6,0.02857142857142857,0.42857142857142855,0.0,0.0,0.0,0.0,0.0,0.14285714285714285,0.0,0.0,0.0,0.0,0.02857142857142857,0.0,0.0,0.0,0.7428571428571429,0.0,0.0,0.0,0.0,0.0,0.02857142857142857,0.0,0.0,0.0,0.0
021700029,0.782608695652174,0.08333333333333333,0.5416666666666666,0.0,0.08333333333333333,0.0,0.08333333333333333,0.0,0.17391304347826086,0.125,0.08333333333333333,0.0,0.08333333333333333,0.0,0.041666666666666664,0.08333333333333333,0.08333333333333333,0.4583333333333333,0.0,0.0,0.20833333333333334,0.041666666666666664,0.0,0.08333333333333333,0.08333333333333333,0.08333333333333333,0.125,0.08333333333333333
021700034,0.7,0.6875,0.75,0.0625,0.0625,0.0,0.0625,0.0625,0.36666666666666664,0.09375,0.0,0.4375,0.0,0.0,0.0625,0.0,0.0625,0.65625,0.28125,0.3125,0.0625,0.125,0.375,0.125,0.5,0.28125,0.15625,0.125
021700062,0.7083333333333334,0.2,0.44,0.16,0.08,0.08,0.08,0.28,0.25,0.12,0.16,0.2,0.08,0.16,0.08,0.0,0.0,0.6,0.32,0.24,0.36,0.12,0.4,0.24,0.2,0.24,0.36,0.28
021700077,0.8333333333333334,0.4166666666666667,0.4166666666666667,0.25,0.25,0.25,0.25,0.16666666666666666,0.3333333333333333,0.25,0.25,0.25,0.25,0.16666666666666666,0.25,0.25,0.16666666666666666,0.25,0.25,0.25,0.16666666666666666,0.25,0.16666666666666666,0.25,0.25,0.25,0.25,0.25
021700120,0.42424242424242425,0.15151515151515152,0.5454545454545454,0.06060606060606061,0.0,0.06060606060606061,0.06060606060606061,0.0,0.06060606060606061,0.0,0.0,0.06060606060606061,0.0,0.06060606060606061,0.06060606060606061,0.0,0.06060606060606061,0.45454545454545453,0.15151515151515152,0.06060606060606061,0.0,0.0,0.06060606060606061,0.06060606060606061,0.15151515151515152,0.06060606060606061,0.12121212121212122,0.06060606060606061
021700131,0.6875,0.4375,0.875,0.0,0.0,0.0,0.0,0.0,0.625,0.0,0.0,0.0,0.0,0.0,0.0,0.0,0.0,0.875,0.1875,0.0,0.5625,0.375,0.0,0.375,0.0,0.6875,0.0625,0.375
021700139,0.8571428571428571,0.6190476190476191,0.6666666666666666,0.47619047619047616,0.47619047619047616,0.3333333333333333,0.42857142857142855,0.47619047619047616,0.2857142857142857,0.47619047619047616,0.38095238095238093,0.23809523809523808,0.23809523809523808,0.23809523809523808,0.23809523809523808,0.47619047619047616,0.3333333333333333,0.6666666666666666,0.42857142857142855,0.3333333333333333,0.5714285714285714,0.23809523809523808,0.3333333333333333,0.42857142857142855,0.38095238095238093,0.47619047619047616,0.42857142857142855,0.42857142857142855
021700153,0.29411764705882354,0.029411764705882353,0.38235294117647056,0.0,0.0,0.0,0.0,0.0,0.058823529411764705,0.0,0.0,0.0,0.0,0.0,0.0,0.0,0.0,0.08823529411764706,0.0,0.0,0.0,0.0,0.0,0.0,0.0,0.0,0.029411764705882353,0.0
021700176,0.7,0.4,1.0,0.5,0.2,0.2,0.2,0.3,0.4,0.2,0.3,0.3,0.2,0.3,0.2,0.2,0.3,1.0,0.5,0.5,0.1,0.3,0.3,0.2,0.2,0.3,0.2,0.3
021700211,0.8,0.35,0.85,0.0,0.0,0.0,0.0,0.0,0.0,0.0,0.0,0.0,0.0,0.4,0.0,0.0,0.0,0.75,0.0,0.35,0.2,0.0,0.0,0.0,0.25,0.0,0.0,0.0
021700224,0.7727272727272727,0.22727272727272727,0.5909090909090909,0.36363636363636365,0.36363636363636365,0.09090909090909091,0.18181818181818182,0.09090909090909091,0.3181818181818182,0.09090909090909091,0.36363636363636365,0.36363636363636365,0.09090909090909091,0.36363636363636365,0.2727272727272727,0.0,0.36363636363636365,0.8181818181818182,0.09090909090909091,0.36363636363636365,0.09090909090909091,0.36363636363636365,0.22727272727272727,0.3181818181818182,0.5909090909090909,0.36363636363636365,0.2727272727272727,0.36363636363636365
021700232,0.7692307692307693,0.2222222222222222,0.5555555555555556,0.07407407407407407,0.0,0.07407407407407407,0.18518518518518517,0.18518518518518517,0.15384615384615385,0.07407407407407407,0.07407407407407407,0.07407407407407407,0.1111111111111111,0.0,0.25925925925925924,0.07407407407407407,0.07407407407407407,0.5555555555555556,0.0,0.2222222222222222,0.14814814814814814,0.07407407407407407,0.07407407407407407,0.07407407407407407,0.18518518518518517,0.14814814814814814,0.25925925925925924,0.14814814814814814
021700236,0.8,0.3870967741935484,0.5483870967741935,0.25806451612903225,0.0,0.0,0.22580645161290322,0.0,0.6666666666666666,0.3870967741935484,0.5161290322580645,0.3225806451612903,0.0,0.1935483870967742,0.0,0.0,0.1935483870967742,0.8064516129032258,0.45161290322580644,0.4838709677419355,0.3225806451612903,0.3548387096774194,0.3870967741935484,0.25806451612903225,0.4838709677419355,0.3548387096774194,0.25806451612903225,0.06451612903225806
021700240,0.59375,0.0625,0.125,0.0,0.0,0.0,0.0,0.0,0.09375,0.0,0.09375,0.0,0.0,0.0,0.0,0.0,0.0,0.78125,0.0,0.0,0.0,0.0,0.03125,0.0,0.1875,0.0,0.0625,0.0
021700277,0.5,0.1,0.7,0.0,0.0,0.0,0.0,0.0,0.05,0.0,0.1,0.0,0.0,0.1,0.0,0.1,0.0,0.55,0.0,0.0,0.05,0.05,0.15,0.0,0.05,0.0,0.0,0.05
021700287,0.875,0.47058823529411764,0.8235294117647058,0.058823529411764705,0.058823529411764705,0.058823529411764705,0.058823529411764705,0.058823529411764705,0.0625,0.058823529411764705,0.058823529411764705,0.058823529411764705,0.0,0.11764705882352941,0.17647058823529413,0.058823529411764705,0.058823529411764705,0.5294117647058824,0.058823529411764705,0.17647058823529413,0.058823529411764705,0.058823529411764705,0.058823529411764705,0.058823529411764705,0.29411764705882354,0.058823529411764705,0.17647058823529413,0.058823529411764705
021700291,0.6875,0.125,0.5,0.0,0.0,0.0,0.0,0.0,0.0,0.0,0.0625,0.0,0.0,0.0,0.0,0.0,0.0,0.1875,0.0,0.0,0.0,0.0,0.0,0.0,0.0,0.0,0.0,0.0
021700300,0.8181818181818182,0.7727272727272727,0.7727272727272727,0.5,0.2727272727272727,0.36363636363636365,0.3181818181818182,0.2727272727272727,0.6818181818181818,0.36363636363636365,0.5909090909090909,0.8181818181818182,0.8181818181818182,0.5454545454545454,0.2727272727272727,0.36363636363636365,0.2727272727272727,0.7272727272727273,0.6818181818181818,0.6818181818181818,0.5909090909090909,0.45454545454545453,0.6818181818181818,0.5454545454545454,0.6363636363636364,0.5,0.5454545454545454,0.5
021700362,0.8,1.0,0.7142857142857143,0.0,0.0,0.0,0.0,0.0,0.7333333333333333,0.0,0.35714285714285715,0.0,0.0,0.21428571428571427,0.0,0.0,0.0,0.0,0.0,0.7142857142857143,0.14285714285714285,0.42857142857142855,0.0,0.07142857142857142,0.6428571428571429,0.21428571428571427,0.07142857142857142,0.0
021700379,0.5714285714285714,0.6363636363636364,0.6363636363636364,0.0,0.09090909090909091,0.045454545454545456,0.0,0.13636363636363635,0.09523809523809523,0.0,0.13636363636363635,0.0,0.09090909090909091,0.13636363636363635,0.0,0.0,0.13636363636363635,0.7727272727272727,0.36363636363636365,0.0,0.18181818181818182,0.0,0.13636363636363635,0.0,0.18181818181818182,0.0,0.22727272727272727,0.045454545454545456
021790008,0.7222222222222222,0.5882352941176471,0.5882352941176471,0.0,0.0,0.058823529411764705,0.0,0.0,0.4444444444444444,0.0,0.5882352941176471,0.058823529411764705,0.0,0.29411764705882354,0.0,0.058823529411764705,0.058823529411764705,0.9411764705882353,0.4117647058823529,0.058823529411764705,0.29411764705882354,0.0,0.29411764705882354,0.23529411764705882,0.058823529411764705,0.0,0.35294117647058826,0.0
021790025,0.375,0.0625,0.5625,0.0,0.0,0.125,0.0,0.0625,0.25,0.1875,0.125,0.25,0.0,0.125,0.25,0.0,0.0,0.875,0.0,0.0625,0.375,0.0625,0.1875,0.0625,0.375,0.1875,0.125,0.1875
021790030,0.8888888888888888,0.0,0.0,0.0,0.0,0.0,0.0,0.2,0.1111111111111111,0.0,0.0,0.0,0.0,0.0,0.0,0.0,0.0,0.9,0.0,0.0,0.0,0.0,0.0,0.0,0.0,0.0,0.1,0.0
021790035,0.23076923076923078,0.0,0.0,0.0,0.0,0.0,0.0,0.0,0.0,0.0,0.15384615384615385,0.0,0.0,0.23076923076923078,0.0,0.0,0.0,0.8461538461538461,0.0,0.0,0.0,0.0,0.0,0.0,0.15384615384615385,0.0,0.0,0.0
021790039,0.4666666666666667,0.26666666666666666,0.0,0.0,0.0,0.0,0.0,0.0,0.2,0.06666666666666667,0.0,1.0,0.0,0.0,0.0,0.0,0.0,1.0,0.0,0.0,0.2,0.06666666666666667,0.06666666666666667,0.0,0.06666666666666667,0.06666666666666667,0.2,0.0
021790040,0.38461538461538464,0.0,0.38461538461538464,0.0,0.0,0.0,0.0,0.0,0.07692307692307693,0.23076923076923078,0.15384615384615385,0.0,0.0,0.0,0.0,0.0,0.0,0.6923076923076923,0.0,0.0,0.0,0.0,0.0,0.0,0.15384615384615385,0.0,0.0,0.0
021790043,0.6666666666666666,0.0,0.25,0.0,0.0,0.0,0.0,0.0,0.16666666666666666,0.0,0.0,1.0,0.0,0.16666666666666666,0.0,0.0,0.0,1.0,0.3333333333333333,0.0,0.16666666666666666,0.0,0.0,0.16666666666666666,0.08333333333333333,0.0,0.08333333333333333,0.0
021790055,0.631578947368421,0.6,0.75,0.1,0.1,0.1,0.1,0.1,0.2631578947368421,0.1,0.3,0.35,0.1,0.15,0.3,0.1,0.1,0.65,0.65,0.0,0.55,0.1,0.5,0.4,0.3,0.3,0.45,0.35
021790075,0.8461538461538461,0.5384615384615384,0.46153846153846156,0.07692307692307693,0.07692307692307693,0.0,0.07692307692307693,0.07692307692307693,0.8461538461538461,0.3076923076923077,0.15384615384615385,0.3076923076923077,0.15384615384615385,0.23076923076923078,0.0,0.38461538461538464,0.07692307692307693,0.8461538461538461,0.46153846153846156,0.46153846153846156,0.38461538461538464,0.0,0.6153846153846154,0.07692307692307693,0.23076923076923078,0.15384615384615385,0.38461538461538464,0.3076923076923077
021790081,0.65,0.05,0.4,0.05,0.05,0.0,0.0,0.0,0.15,0.0,0.4,0.15,0.0,0.25,0.1,0.05,0.05,1.0,0.0,0.05,0.05,0.05,0.35,0.05,0.05,0.05,0.25,0.15
021790083,0.4444444444444444,0.05555555555555555,0.8333333333333334,0.05555555555555555,0.0,0.0,0.0,0.0,0.05555555555555555,0.0,0.0,0.0,0.05555555555555555,0.0,0.0,0.0,0.0,0.6666666666666666,0.0,0.05555555555555555,0.2222222222222222,0.0,0.05555555555555555,0.05555555555555555,0.0,0.0,0.1111111111111111,0.0
021790084,0.8125,0.4117647058823529,0.7647058823529411,0.35294117647058826,0.35294117647058826,0.17647058823529413,0.17647058823529413,0.35294117647058826,0.5,0.29411764705882354,0.35294117647058826,0.35294117647058826,0.35294117647058826,0.17647058823529413,0.17647058823529413,0.35294117647058826,0.35294117647058826,0.9411764705882353,0.47058823529411764,0.47058823529411764,0.11764705882352941,0.29411764705882354,0.4117647058823529,0.17647058823529413,0.35294117647058826,0.4117647058823529,0.29411764705882354,0.17647058823529413
021790108,0.76,0.038461538461538464,0.34615384615384615,0.0,0.0,0.0,0.0,0.0,0.12,0.0,0.0,0.0,0.0,0.19230769230769232,0.0,0.0,0.0,0.6538461538461539,0.0,0.0,0.2692307692307692,0.0,0.11538461538461539,0.0,0.0,0.0,0.19230769230769232,0.0
021790112,0.8,0.5,0.8,0.2,0.0,0.0,0.0,0.0,0.8,0.1,0.1,0.0,0.2,0.2,0.0,1.0,0.0,1.0,0.0,0.0,0.1,0.5,0.6,0.2,0.5,0.5,0.6,0.1
021790125,0.8,0.0,0.7647058823529411,0.0,0.0,0.0,0.0,0.0,0.26666666666666666,0.0,0.0,0.0,0.0,0.0,0.0,0.0,0.0,1.0,0.0,0.0,0.11764705882352941,0.0,0.0,0.0,0.0,0.0,0.11764705882352941,0.0
021790149,0.9166666666666666,0.16666666666666666,0.6666666666666666,0.0,0.0,0.0,0.0,0.0,0.08333333333333333,0.08333333333333333,0.0,0.0,0.0,0.0,0.0,0.0,0.0,1.0,0.0,0.0,0.5833333333333334,0.08333333333333333,0.0,0.0,0.0,0.0,0.16666666666666666,0.0
021790152,0.7692307692307693,0.38461538461538464,0.3076923076923077,0.07692307692307693,0.07692307692307693,0.07692307692307693,0.07692307692307693,0.07692307692307693,0.23076923076923078,0.07692307692307693,0.15384615384615385,0.07692307692307693,0.07692307692307693,0.07692307692307693,0.07692307692307693,0.07692307692307693,0.07692307692307693,1.0,0.07692307692307693,0.15384615384615385,0.23076923076923078,0.07692307692307693,0.07692307692307693,0.15384615384615385,0.07692307692307693,0.23076923076923078,0.07692307692307693,0.23076923076923078
021790168,0.9473684210526315,0.3684210526315789,0.7368421052631579,0.15789473684210525,0.2631578947368421,0.3157894736842105,0.15789473684210525,0.3157894736842105,0.2631578947368421,0.15789473684210525,0.3157894736842105,0.15789473684210525,0.2631578947368421,0.3157894736842105,0.47368421052631576,0.15789473684210525,0.3157894736842105,1.0,0.3157894736842105,0.0,0.3157894736842105,0.2631578947368421,0.15789473684210525,0.42105263157894735,0.3157894736842105,0.21052631578947367,0.05263157894736842,0.15789473684210525
021790169,0.8,0.6,0.5333333333333333,0.6,0.3333333333333333,0.4666666666666667,0.3333333333333333,0.3333333333333333,0.6,0.3333333333333333,0.4,0.6,0.3333333333333333,0.6,0.3333333333333333,0.4,0.5333333333333333,0.8666666666666667,0.6,0.6,0.5333333333333333,0.6,0.6666666666666666,0.6,0.6,0.6666666666666666,0.4666666666666667,0.4
021790173,0.75,0.0,0.5882352941176471,0.0,0.0,0.0,0.0,0.0,0.125,0.0,0.0,0.0,0.0,0.0,0.0,0.0,0.0,0.8823529411764706,0.0,0.0,0.058823529411764705,0.0,0.0,0.11764705882352941,0.0,0.0,0.0,0.11764705882352941
022080028,1.0,0.3,0.6,0.0,0.0,0.0,0.0,0.0,0.0,0.0,0.0,0.0,0.0,0.0,0.0,0.0,0.0,0.75,0.0,0.0,0.0,0.0,0.1,0.0,0.15,0.0,0.0,0.0
022080038,0.5454545454545454,0.0,0.45454545454545453,0.0,0.0,0.0,0.0,0.0,0.0,0.18181818181818182,0.0,0.13636363636363635,0.0,0.0,0.0,0.0,0.0,0.7727272727272727,0.0,0.0,0.0,0.0,0.13636363636363635,0.0,0.09090909090909091,0.13636363636363635,0.0,0.18181818181818182
022080085,0.8095238095238095,0.5,0.8181818181818182,0.0,0.0,0.09090909090909091,0.0,0.0,0.3333333333333333,0.045454545454545456,0.3181818181818182,0.5,0.0,0.18181818181818182,0.09090909090909091,0.0,0.0,0.45454545454545453,0.09090909090909091,0.0,0.18181818181818182,0.09090909090909091,0.2727272727272727,0.045454545454545456,0.2727272727272727,0.18181818181818182,0.09090909090909091,0.0
022080100,0.631578947368421,0.42105263157894735,0.5263157894736842,0.15789473684210525,0.10526315789473684,0.10526315789473684,0.15789473684210525,0.15789473684210525,0.42105263157894735,0.3684210526315789,0.47368421052631576,0.3157894736842105,0.3684210526315789,0.5263157894736842,0.10526315789473684,0.47368421052631576,0.10526315789473684,0.8947368421052632,0.5789473684210527,0.5263157894736842,0.47368421052631576,0.42105263157894735,0.42105263157894735,0.21052631578947367,0.3157894736842105,0.3684210526315789,0.3684210526315789,0.2631578947368421
022080116,0.7272727272727273,0.22727272727272727,0.6363636363636364,0.0,0.13636363636363635,0.22727272727272727,0.0,0.18181818181818182,0.8636363636363636,0.0,0.22727272727272727,0.0,0.18181818181818182,0.13636363636363635,0.0,0.0,0.18181818181818182,0.6363636363636364,0.5454545454545454,0.18181818181818182,0.09090909090909091,0.0,0.18181818181818182,0.09090909090909091,0.5,0.0,0.18181818181818182,0.0
022080124,0.7857142857142857,0.10714285714285714,0.5714285714285714,0.0,0.10714285714285714,0.14285714285714285,0.0,0.0,0.35714285714285715,0.21428571428571427,0.14285714285714285,0.14285714285714285,0.0,0.35714285714285715,0.14285714285714285,0.0,0.0,0.5357142857142857,0.0,0.10714285714285714,0.14285714285714285,0.14285714285714285,0.32142857142857145,0.21428571428571427,0.32142857142857145,0.14285714285714285,0.39285714285714285,0.14285714285714285
022080146,0.8947368421052632,0.4,0.7,0.0,0.0,0.0,0.0,0.0,0.3157894736842105,0.1,0.0,0.0,0.0,0.0,0.0,0.0,0.0,0.65,0.0,0.0,0.0,0.0,0.1,0.05,0.35,0.35,0.2,0.0
022080179,0.6333333333333333,0.2903225806451613,0.3548387096774194,0.0,0.0,0.0,0.0,0.0,0.3,0.2903225806451613,0.2903225806451613,0.22580645161290322,0.0,0.1935483870967742,0.12903225806451613,0.06451612903225806,0.0,0.3225806451612903,0.3225806451612903,0.3870967741935484,0.06451612903225806,0.1935483870967742,0.2903225806451613,0.25806451612903225,0.3225806451612903,0.1935483870967742,0.12903225806451613,0.25806451612903225
022080181,0.75,0.0,0.35,0.2,0.0,0.0,0.0,0.2,0.3,0.2,0.2,0.2,0.0,0.2,0.0,0.0,0.2,0.7,0.15,0.15,0.3,0.2,0.2,0.2,0.35,0.0,0.15,0.2
022080186,1.0,0.6,0.8,0.06666666666666667,0.06666666666666667,0.06666666666666667,0.2,0.0,0.8571428571428571,0.4666666666666667,0.6,0.26666666666666666,0.06666666666666667,0.26666666666666666,0.06666666666666667,0.9333333333333333,0.0,0.7333333333333333,0.26666666666666666,0.06666666666666667,0.4666666666666667,0.4666666666666667,0.3333333333333333,0.2,0.4666666666666667,0.26666666666666666,0.4,0.26666666666666666
022080187,0.7222222222222222,0.0,0.7222222222222222,0.0,0.0,0.0,0.0,0.0,0.2777777777777778,0.0,0.0,0.0,0.0,0.0,0.0,0.0,0.0,0.0,0.1111111111111111,0.0,0.0,0.0,0.2222222222222222,0.0,0.0,0.0,0.4444444444444444,0.0
022080189,1.0,0.21428571428571427,0.6428571428571429,0.2857142857142857,0.2857142857142857,0.21428571428571427,0.2857142857142857,0.2857142857142857,0.21428571428571427,0.2857142857142857,0.0,0.21428571428571427,0.0,0.07142857142857142,0.07142857142857142,0.8571428571428571,0.2857142857142857,0.7142857142857143,0.07142857142857142,0.07142857142857142,0.07142857142857142,0.21428571428571427,0.42857142857142855,0.0,0.21428571428571427,0.21428571428571427,0.14285714285714285,0.07142857142857142
022080192,0.6842105263157895,0.7,0.85,0.0,0.0,0.0,0.0,0.15,0.631578947368421,0.15,0.0,0.1,0.0,0.0,0.0,0.0,0.0,0.65,0.2,0.3,0.45,0.0,0.35,0.3,0.55,0.0,0.2,0.1
022080202,0.9285714285714286,0.4666666666666667,0.8,0.13333333333333333,0.13333333333333333,0.2,0.2,0.2,0.42857142857142855,0.13333333333333333,0.2,0.13333333333333333,0.13333333333333333,0.3333333333333333,0.13333333333333333,0.13333333333333333,0.2,0.6,0.13333333333333333,0.13333333333333333,0.13333333333333333,0.13333333333333333,0.2,0.13333333333333333,0.26666666666666666,0.13333333333333333,0.26666666666666666,0.13333333333333333
022080204,0.9375,0.5294117647058824,0.8823529411764706,0.35294117647058826,0.6470588235294118,0.0,0.11764705882352941,0.7058823529411765,0.6875,0.47058823529411764,0.7058823529411765,0.7647058823529411,0.11764705882352941,0.47058823529411764,0.11764705882352941,0.9411764705882353,0.7058823529411765,0.8823529411764706,0.6470588235294118,0.5882352941176471,0.5294117647058824,0.6470588235294118,0.5882352941176471,0.5882352941176471,0.7058823529411765,0.5882352941176471,0.7647058823529411,0.47058823529411764
022080210,0.9333333333333333,0.375,0.78125,0.34375,0.25,0.0625,0.0625,0.21875,0.3333333333333333,0.28125,0.25,0.28125,0.25,0.28125,0.0625,0.0625,0.125,0.75,0.21875,0.28125,0.3125,0.34375,0.21875,0.21875,0.46875,0.28125,0.53125,0.28125
022080294,0.5,0.25,0.8333333333333334,0.5,0.25,0.0,0.0,0.0,0.5,0.0,0.08333333333333333,0.08333333333333333,0.0,0.25,0.3333333333333333,0.0,0.0,0.6666666666666666,0.75,0.0,0.75,0.0,0.4166666666666667,0.08333333333333333,0.3333333333333333,0.08333333333333333,0.5,0.08333333333333333
022080299,0.6428571428571429,0.4482758620689655,0.5172413793103449,0.0,0.0,0.0,0.0,0.0,0.7142857142857143,0.10344827586206896,0.3103448275862069,0.06896551724137931,0.0,0.4482758620689655,0.0,0.06896551724137931,0.0,0.6896551724137931,0.0,0.0,0.27586206896551724,0.2413793103448276,0.13793103448275862,0.3103448275862069,0.41379310344827586,0.20689655172413793,0.1724137931034483,0.10344827586206896
022080340,0.6,0.3333333333333333,0.7333333333333333,0.0,0.0,0.0,0.0,0.16666666666666666,0.4,0.0,0.06666666666666667,0.0,0.0,0.13333333333333333,0.0,0.1,0.0,0.3333333333333333,0.0,0.2,0.1,0.13333333333333333,0.23333333333333334,0.13333333333333333,0.13333333333333333,0.03333333333333333,0.2,0.13333333333333333
022080341,0.8947368421052632,0.3157894736842105,0.6842105263157895,0.21052631578947367,0.0,0.15789473684210525,0.0,0.15789473684210525,0.42105263157894735,0.05263157894736842,0.21052631578947367,0.2631578947368421,0.0,0.3684210526315789,0.10526315789473684,0.3157894736842105,0.15789473684210525,0.9473684210526315,0.21052631578947367,0.21052631578947367,0.2631578947368421,0.10526315789473684,0.7368421052631579,0.21052631578947367,0.2631578947368421,0.10526315789473684,0.21052631578947367,0.21052631578947367
022360092,0.84,0.44,0.6,0.52,0.24,0.0,0.24,0.28,0.16,0.32,0.36,0.64,0.44,0.24,0.0,0.24,0.52,0.68,0.56,0.6,0.52,0.12,0.36,0.16,0.4,0.48,0.44,0.2
022360126,0.84,0.08,0.36,0.08,0.08,0.08,0.08,0.08,0.08,0.08,0.08,0.08,0.08,0.08,0.08,0.08,0.08,0.12,0.08,0.08,0.08,0.08,0.08,0.08,0.08,0.08,0.08,0.08
022360147,0.75,0.07692307692307693,0.3076923076923077,0.0,0.15384615384615385,0.15384615384615385,0.15384615384615385,0.0,0.4166666666666667,0.15384615384615385,0.0,0.15384615384615385,0.15384615384615385,0.0,0.0,0.15384615384615385,0.15384615384615385,0.5384615384615384,0.15384615384615385,0.15384615384615385,0.3076923076923077,0.15384615384615385,0.15384615384615385,0.15384615384615385,0.0,0.15384615384615385,0.23076923076923078,0.15384615384615385
022360159,0.9285714285714286,0.125,0.875,0.125,0.125,0.125,0.125,0.125,0.21428571428571427,0.125,0.125,0.125,0.125,0.25,0.125,0.125,0.125,0.25,0.375,0.125,0.125,0.125,0.0625,0.125,0.125,0.125,0.375,0.125
022360185,0.8333333333333334,0.0,0.6111111111111112,0.0,0.0,0.0,0.0,0.0,0.16666666666666666,0.05555555555555555,0.4444444444444444,0.0,0.0,0.2777777777777778,0.0,0.0,0.0,0.3333333333333333,0.5,0.0,0.0,0.0,0.05555555555555555,0.0,0.05555555555555555,0.05555555555555555,0.2222222222222222,0.2222222222222222
022360186,0.6428571428571429,0.42857142857142855,0.9285714285714286,1.0,0.7142857142857143,0.9285714285714286,0.7857142857142857,1.0,0.7857142857142857,0.7857142857142857,0.42857142857142855,0.7142857142857143,1.0,0.6428571428571429,0.07142857142857142,0.21428571428571427,1.0,0.7857142857142857,1.0,0.9285714285714286,0.6428571428571429,0.6428571428571429,0.7142857142857143,0.5714285714285714,0.7857142857142857,0.8571428571428571,0.7142857142857143,0.5714285714285714
022360221,0.6470588235294118,0.6470588235294118,0.6470588235294118,0.11764705882352941,0.35294117647058826,0.11764705882352941,0.11764705882352941,0.11764705882352941,0.47058823529411764,0.11764705882352941,0.35294117647058826,0.11764705882352941,0.11764705882352941,0.4117647058823529,0.0,0.11764705882352941,0.11764705882352941,0.47058823529411764,0.11764705882352941,0.5294117647058824,0.5294117647058824,0.23529411764705882,0.4117647058823529,0.058823529411764705,0.5294117647058824,0.35294117647058826,0.17647058823529413,0.47058823529411764
022360222,0.6875,0.7647058823529411,0.6470588235294118,0.11764705882352941,0.17647058823529413,0.4117647058823529,0.23529411764705882,0.11764705882352941,0.75,0.35294117647058826,0.4117647058823529,0.4117647058823529,0.0,0.4117647058823529,0.11764705882352941,0.6470588235294118,0.11764705882352941,0.7647058823529411,0.4117647058823529,0.29411764705882354,0.29411764705882354,0.47058823529411764,0.17647058823529413,0.4117647058823529,0.35294117647058826,0.35294117647058826,0.23529411764705882,0.17647058823529413
022360227,0.4666666666666667,0.6,0.6,0.0,0.0,0.0,0.13333333333333333,0.13333333333333333,0.6666666666666666,0.4666666666666667,0.0,0.0,0.4,0.0,0.13333333333333333,0.06666666666666667,0.0,0.8,0.0,0.0,0.06666666666666667,0.6666666666666666,0.2,0.0,0.4,0.13333333333333333,0.5333333333333333,0.4666666666666667
022360231,0.5909090909090909,0.36363636363636365,0.6363636363636364,0.22727272727272727,0.4090909090909091,0.2727272727272727,0.3181818181818182,0.22727272727272727,0.45454545454545453,0.45454545454545453,0.22727272727272727,0.3181818181818182,0.22727272727272727,0.2727272727272727,0.3181818181818182,0.3181818181818182,0.22727272727272727,0.0,0.13636363636363635,0.22727272727272727,0.36363636363636365,0.5,0.3181818181818182,0.3181818181818182,0.36363636363636365,0.3181818181818182,0.45454545454545453,0.2727272727272727
022360253,0.7241379310344828,0.16666666666666666,0.43333333333333335,0.23333333333333334,0.06666666666666667,0.06666666666666667,0.0,0.16666666666666666,0.1724137931034483,0.06666666666666667,0.3,0.1,0.06666666666666667,0.16666666666666666,0.06666666666666667,0.0,0.0,0.5666666666666667,0.36666666666666664,0.6333333333333333,0.36666666666666664,0.1,0.26666666666666666,0.1,0.16666666666666666,0.16666666666666666,0.1,0.26666666666666666
022360259,0.7647058823529411,0.5263157894736842,0.631578947368421,0.05263157894736842,0.3157894736842105,0.0,0.05263157894736842,0.05263157894736842,0.29411764705882354,0.21052631578947367,0.05263157894736842,0.5263157894736842,0.0,0.21052631578947367,0.0,0.2631578947368421,0.10526315789473684,0.8421052631578947,0.05263157894736842,0.3157894736842105,0.05263157894736842,0.3157894736842105,0.2631578947368421,0.21052631578947367,0.2631578947368421,0.3157894736842105,0.5789473684210527,0.21052631578947367
022360262,0.7692307692307693,0.5714285714285714,0.5,0.07142857142857142,0.14285714285714285,0.14285714285714285,0.14285714285714285,0.42857142857142855,0.7692307692307693,0.35714285714285715,0.14285714285714285,0.07142857142857142,0.14285714285714285,0.14285714285714285,0.14285714285714285,0.21428571428571427,0.14285714285714285,0.5714285714285714,0.14285714285714285,0.5,0.42857142857142855,0.35714285714285715,0.5,0.2857142857142857,0.5,0.2857142857142857,0.35714285714285715,0.42857142857142855
022360265,0.8,0.23809523809523808,0.6190476190476191,0.0,0.0,0.19047619047619047,0.19047619047619047,0.2857142857142857,0.9,0.5238095238095238,0.14285714285714285,0.38095238095238093,0.0,0.0,0.0,0.09523809523809523,0.0,0.5714285714285714,0.2857142857142857,0.38095238095238093,0.19047619047619047,0.3333333333333333,0.42857142857142855,0.19047619047619047,0.47619047619047616,0.5714285714285714,0.42857142857142855,0.2857142857142857
022360293,0.7222222222222222,0.16666666666666666,0.7777777777777778,0.0,0.0,0.0,0.0,0.0,0.0,0.0,0.0,0.0,0.0,0.1111111111111111,0.0,0.0,0.0,0.5555555555555556,0.0,0.0,0.16666666666666666,0.0,0.0,0.0,0.0,0.0,0.0,0.0
022360310,0.6296296296296297,0.18518518518518517,0.7777777777777778,0.0,0.0,0.0,0.0,0.1111111111111111,0.1111111111111111,0.0,0.2222222222222222,0.0,0.0,0.1111111111111111,0.0,0.07407407407407407,0.1111111111111111,0.3333333333333333,0.0,0.0,0.037037037037037035,0.18518518518518517,0.2962962962962963,0.037037037037037035,0.037037037037037035,0.0,0.0,0.0
022360311,0.625,0.25,0.4375,0.0,0.0,0.0,0.0,0.1875,0.25,0.25,0.0,0.0,0.0,0.0,0.0,0.0,0.0,0.4375,0.25,0.25,0.1875,0.25,0.0,0.125,0.25,0.0,0.25,0.1875
022360321,0.65,0.5238095238095238,0.8095238095238095,0.23809523809523808,0.023809523809523808,0.2619047619047619,0.23809523809523808,0.21428571428571427,0.225,0.21428571428571427,0.23809523809523808,0.23809523809523808,0.047619047619047616,0.16666666666666666,0.023809523809523808,0.023809523809523808,0.19047619047619047,0.5,0.19047619047619047,0.23809523809523808,0.4523809523809524,0.21428571428571427,0.2857142857142857,0.23809523809523808,0.30952380952380953,0.23809523809523808,0.30952380952380953,0.2857142857142857
022360326,0.7647058823529411,0.29411764705882354,0.7058823529411765,0.11764705882352941,0.058823529411764705,0.058823529411764705,0.058823529411764705,0.058823529411764705,0.0,0.17647058823529413,0.29411764705882354,0.17647058823529413,0.058823529411764705,0.23529411764705882,0.058823529411764705,0.058823529411764705,0.058823529411764705,0.7058823529411765,0.35294117647058826,0.4117647058823529,0.29411764705882354,0.17647058823529413,0.17647058823529413,0.058823529411764705,0.058823529411764705,0.11764705882352941,0.058823529411764705,0.11764705882352941
022360350,0.8235294117647058,0.23529411764705882,0.4117647058823529,0.11764705882352941,0.11764705882352941,0.0,0.0,0.0,0.11764705882352941,0.0,0.11764705882352941,0.11764705882352941,0.0,0.0,0.0,0.11764705882352941,0.0,0.5882352941176471,0.0,0.11764705882352941,0.11764705882352941,0.0,0.11764705882352941,0.0,0.29411764705882354,0.0,0.11764705882352941,0.11764705882352941
022420015,0.6923076923076923,0.23076923076923078,0.5384615384615384,0.0,0.0,0.0,0.0,0.0,0.07692307692307693,0.0,0.0,0.0,0.0,0.0,0.0,0.0,0.0,0.15384615384615385,0.0,0.0,0.0,0.0,0.0,0.0,0.0,0.0,0.07692307692307693,0.0
022420045,0.75,0.5238095238095238,0.6666666666666666,0.047619047619047616,0.0,0.0,0.0,0.0,0.1,0.0,0.0,0.0,0.0,0.047619047619047616,0.047619047619047616,0.0,0.0,0.6190476190476191,0.0,0.047619047619047616,0.09523809523809523,0.0,0.0,0.0,0.047619047619047616,0.0,0.0,0.0
022420067,0.6111111111111112,0.2222222222222222,0.6111111111111112,0.1111111111111111,0.1111111111111111,0.1111111111111111,0.1111111111111111,0.1111111111111111,0.2777777777777778,0.1111111111111111,0.1111111111111111,0.1111111111111111,0.1111111111111111,0.1111111111111111,0.1111111111111111,0.0,0.1111111111111111,0.2777777777777778,0.1111111111111111,0.1111111111111111,0.1111111111111111,0.1111111111111111,0.3888888888888889,0.2222222222222222,0.2222222222222222,0.1111111111111111,0.2777777777777778,0.3888888888888889
022420073,0.7619047619047619,0.09523809523809523,0.2857142857142857,0.0,0.0,0.0,0.09523809523809523,0.14285714285714285,0.19047619047619047,0.14285714285714285,0.14285714285714285,0.0,0.0,0.14285714285714285,0.0,0.0,0.0,0.47619047619047616,0.0,0.14285714285714285,0.23809523809523808,0.0,0.14285714285714285,0.09523809523809523,0.19047619047619047,0.09523809523809523,0.19047619047619047,0.0
022420086,0.40625,0.28125,0.375,0.0,0.09375,0.0,0.0,0.0,0.09375,0.03125,0.0625,0.03125,0.0,0.0,0.03125,0.1875,0.0,0.21875,0.09375,0.0,0.125,0.0,0.15625,0.0,0.15625,0.0,0.15625,0.03125
022420106,0.5555555555555556,0.16666666666666666,0.3888888888888889,0.0,0.0,0.0,0.0,0.0,0.05555555555555555,0.05555555555555555,0.0,0.0,0.0,0.0,0.0,0.0,0.0,0.5555555555555556,0.0,0.0,0.0,0.0,0.05555555555555555,0.0,0.1111111111111111,0.0,0.05555555555555555,0.0
022420129,0.9285714285714286,0.2,0.4666666666666667,0.0,0.0,0.0,0.0,0.0,0.07142857142857142,0.0,0.0,0.0,0.0,0.0,0.0,0.0,0.0,0.5333333333333333,0.0,0.0,0.0,0.0,0.3333333333333333,0.0,0.0,0.0,0.06666666666666667,0.0
022420138,0.7333333333333333,0.0,0.4,0.0,0.0,0.0,0.0,0.0,0.0,0.0,0.0,0.0,0.0,0.0,0.0,0.0,0.0,0.0,0.0,0.0,0.0,0.0,0.13333333333333333,0.0,0.06666666666666667,0.0,0.0,0.0
022420146,0.3684210526315789,0.45,0.55,0.0,0.0,0.0,0.0,0.0,0.05263157894736842,0.2,0.0,0.0,0.0,0.0,0.0,0.0,0.0,0.3,0.0,0.0,0.1,0.15,0.2,0.0,0.15,0.1,0.2,0.2
022420164,0.42857142857142855,0.0,0.5714285714285714,0.0,0.0,0.0,0.0,0.0,0.2857142857142857,0.0,0.0,0.0,0.0,0.0,0.0,0.0,0.0,0.19047619047619047,0.19047619047619047,0.0,0.14285714285714285,0.0,0.0,0.0,0.0,0.0,0.09523809523809523,0.0
022420168,0.7916666666666666,0.041666666666666664,0.25,0.0,0.0,0.0,0.0,0.0,0.041666666666666664,0.0,0.0,0.0,0.0,0.0,0.0,0.0,0.0,0.0,0.041666666666666664,0.0,0.08333333333333333,0.0,0.041666666666666664,0.041666666666666664,0.125,0.041666666666666664,0.041666666666666664,0.041666666666666664
022420172,0.5,0.0,0.21428571428571427,0.0,0.0,0.0,0.0,0.0,0.0,0.0,0.0,0.0,0.0,0.0,0.0,0.0,0.0,0.14285714285714285,0.0,0.0,0.0,0.0,0.0,0.0,0.0,0.0,0.0,0.0
022420273,0.75,0.045454545454545456,0.45454545454545453,0.045454545454545456,0.045454545454545456,0.045454545454545456,0.045454545454545456,0.045454545454545456,0.25,0.045454545454545456,0.045454545454545456,0.18181818181818182,0.045454545454545456,0.045454545454545456,0.045454545454545456,0.045454545454545456,0.045454545454545456,0.5,0.22727272727272727,0.045454545454545456,0.13636363636363635,0.09090909090909091,0.045454545454545456,0.045454545454545456,0.045454545454545456,0.09090909090909091,0.09090909090909091,0.045454545454545456
022420288,0.4444444444444444,0.0,0.05555555555555555,0.0,0.0,0.0,0.0,0.0,0.0,0.0,0.0,0.0,0.0,0.0,0.0,0.0,0.0,0.3333333333333333,0.0,0.0,0.0,0.0,0.1111111111111111,0.0,0.2777777777777778,0.05555555555555555,0.0,0.0
022420292,0.6666666666666666,0.1875,0.1875,0.0,0.0,0.0,0.0,0.0,0.0,0.0,0.0,0.0,0.0,0.0,0.0,0.0,0.0,0.5,0.0,0.0,0.0,0.0,0.0,0.0,0.0,0.0,0.0,0.0
022420306,1.0,0.16666666666666666,0.2777777777777778,0.1111111111111111,0.0,0.0,0.0,0.1111111111111111,0.1111111111111111,0.1111111111111111,0.0,0.0,0.0,0.0,0.1111111111111111,0.0,0.1111111111111111,0.2222222222222222,0.0,0.1111111111111111,0.16666666666666666,0.0,0.16666666666666666,0.1111111111111111,0.05555555555555555,0.0,0.1111111111111111,0.1111111111111111
022420342,0.7142857142857143,0.2857142857142857,0.35714285714285715,0.0,0.0,0.0,0.0,0.0,0.0,0.0,0.0,0.0,0.0,0.0,0.0,0.0,0.0,0.21428571428571427,0.0,0.0,0.0,0.0,0.14285714285714285,0.0,0.14285714285714285,0.0,0.5,0.0
022420346,0.6363636363636364,0.0,0.19047619047619047,0.0,0.0,0.0,0.0,0.0,0.13636363636363635,0.0,0.0,0.0,0.0,0.09523809523809523,0.0,0.0,0.0,0.3333333333333333,0.0,0.0,0.0,0.0,0.0,0.0,0.0,0.0,0.0,0.0
022420348,0.88,0.15384615384615385,0.6923076923076923,0.0,0.0,0.0,0.0,0.11538461538461539,0.08,0.15384615384615385,0.038461538461538464,0.07692307692307693,0.0,0.15384615384615385,0.0,0.0,0.0,0.0,0.0,0.0,0.07692307692307693,0.0,0.19230769230769232,0.11538461538461539,0.11538461538461539,0.15384615384615385,0.07692307692307693,0.11538461538461539
022420362,0.7272727272727273,0.18181818181818182,0.5,0.18181818181818182,0.13636363636363635,0.13636363636363635,0.13636363636363635,0.13636363636363635,0.2727272727272727,0.45454545454545453,0.0,0.18181818181818182,0.13636363636363635,0.13636363636363635,0.045454545454545456,0.13636363636363635,0.13636363636363635,0.5909090909090909,0.13636363636363635,0.18181818181818182,0.045454545454545456,0.13636363636363635,0.13636363636363635,0.18181818181818182,0.13636363636363635,0.18181818181818182,0.2727272727272727,0.36363636363636365
022440038,0.5294117647058824,0.15151515151515152,0.42424242424242425,0.0,0.0,0.0,0.0,0.0,0.08823529411764706,0.030303030303030304,0.0,0.0,0.0,0.0,0.0,0.0,0.0,0.42424242424242425,0.0,0.0,0.12121212121212122,0.0,0.15151515151515152,0.0,0.12121212121212122,0.0,0.0,0.0
022440039,0.6,0.0,0.36666666666666664,0.0,0.0,0.0,0.0,0.0,0.1,0.0,0.0,0.0,0.0,0.0,0.0,0.0,0.0,0.16666666666666666,0.0,0.0,0.0,0.0,0.0,0.0,0.0,0.0,0.0,0.0
022440062,0.5,0.029411764705882353,0.4411764705882353,0.0,0.0,0.0,0.0,0.0,0.0,0.0,0.0,0.0,0.0,0.0,0.0,0.0,0.0,0.11764705882352941,0.0,0.058823529411764705,0.08823529411764706,0.0,0.029411764705882353,0.0,0.029411764705882353,0.0,0.029411764705882353,0.0
022440073,0.5806451612903226,0.03225806451612903,0.6451612903225806,0.0,0.0,0.0,0.0,0.0,0.0,0.0,0.0967741935483871,0.0,0.0,0.0967741935483871,0.0,0.0,0.0,0.6129032258064516,0.0,0.06451612903225806,0.0,0.0,0.0,0.06451612903225806,0.0,0.0,0.06451612903225806,0.06451612903225806
022440126,0.5833333333333334,0.0,0.08333333333333333,0.0,0.0,0.0,0.0,0.0,0.16666666666666666,0.0,0.0,0.0,0.0,0.0,0.0,0.0,0.0,0.0,0.0,0.0,0.0,0.0,0.0,0.0,0.16666666666666666,0.0,0.0,0.0
022440134,0.5238095238095238,0.17391304347826086,0.6521739130434783,0.0,0.0,0.0,0.0,0.0,0.09523809523809523,0.0,0.17391304347826086,0.0,0.0,0.17391304347826086,0.0,0.0,0.0,0.043478260869565216,0.0,0.0,0.13043478260869565,0.0,0.0,0.13043478260869565,0.13043478260869565,0.0,0.08695652173913043,0.043478260869565216
022440139,0.6923076923076923,0.46153846153846156,0.38461538461538464,0.07692307692307693,0.07692307692307693,0.07692307692307693,0.07692307692307693,0.0,0.23076923076923078,0.15384615384615385,0.23076923076923078,0.0,0.07692307692307693,0.07692307692307693,0.0,0.0,0.0,0.7692307692307693,0.07692307692307693,0.0,0.15384615384615385,0.15384615384615385,0.07692307692307693,0.15384615384615385,0.23076923076923078,0.07692307692307693,0.07692307692307693,0.46153846153846156
022440144,0.7692307692307693,0.0,0.5333333333333333,0.0,0.0,0.0,0.0,0.0,0.15384615384615385,0.2,0.0,0.0,0.0,0.0,0.0,0.0,0.0,0.8666666666666667,0.0,0.0,0.0,0.0,0.0,0.13333333333333333,0.0,0.2,0.13333333333333333,0.26666666666666666
022440165,0.6818181818181818,0.045454545454545456,0.4090909090909091,0.0,0.0,0.0,0.0,0.0,0.0,0.0,0.22727272727272727,0.0,0.0,0.13636363636363635,0.09090909090909091,0.13636363636363635,0.0,0.6363636363636364,0.18181818181818182,0.0,0.22727272727272727,0.0,0.13636363636363635,0.13636363636363635,0.13636363636363635,0.13636363636363635,0.09090909090909091,0.09090909090909091
022440180,0.5909090909090909,0.2727272727272727,0.6818181818181818,0.0,0.0,0.0,0.0,0.0,0.18181818181818182,0.0,0.22727272727272727,0.0,0.0,0.045454545454545456,0.0,0.0,0.0,0.3181818181818182,0.0,0.0,0.3181818181818182,0.0,0.045454545454545456,0.0,0.0,0.0,0.09090909090909091,0.0
022440189,0.7037037037037037,0.35714285714285715,0.5357142857142857,0.25,0.0,0.0,0.0,0.25,0.18518518518518517,0.10714285714285714,0.0,0.21428571428571427,0.0,0.0,0.0,0.0,0.25,0.39285714285714285,0.21428571428571427,0.25,0.35714285714285715,0.07142857142857142,0.17857142857142858,0.10714285714285714,0.21428571428571427,0.14285714285714285,0.17857142857142858,0.21428571428571427
022440215,0.4444444444444444,0.0,0.6666666666666666,0.0,0.0,0.0,0.0,0.0,0.16666666666666666,0.0,0.0,0.0,0.0,0.0,0.0,0.0,0.0,0.6111111111111112,0.0,0.0,0.0,0.0,0.0,0.0,0.16666666666666666,0.0,0.0,0.0
022440277,0.5294117647058824,0.17647058823529413,0.47058823529411764,0.0,0.0,0.0,0.0,0.0,0.23529411764705882,0.0,0.0,0.0,0.0,0.0,0.0,0.0,0.0,0.0,0.058823529411764705,0.0,0.0,0.17647058823529413,0.058823529411764705,0.0,0.35294117647058826,0.0,0.23529411764705882,0.11764705882352941
022440286,0.6538461538461539,0.15384615384615385,0.5,0.0,0.0,0.0,0.038461538461538464,0.0,0.2692307692307692,0.07692307692307693,0.0,0.0,0.0,0.07692307692307693,0.038461538461538464,0.0,0.0,0.19230769230769232,0.19230769230769232,0.07692307692307693,0.23076923076923078,0.15384615384615385,0.19230769230769232,0.07692307692307693,0.07692307692307693,0.038461538461538464,0.3076923076923077,0.15384615384615385
022440312,0.8125,0.375,0.625,0.0,0.0,0.0,0.0,0.125,0.1875,0.1875,0.5,0.0,0.0,0.5,0.0,0.125,0.125,0.9375,0.125,0.125,0.5,0.375,0.25,0.125,0.25,0.1875,0.1875,0.1875
022440337,0.7058823529411765,0.23529411764705882,0.47058823529411764,0.23529411764705882,0.0,0.17647058823529413,0.29411764705882354,0.17647058823529413,0.23529411764705882,0.23529411764705882,0.29411764705882354,0.29411764705882354,0.0,0.29411764705882354,0.0,0.29411764705882354,0.17647058823529413,0.5882352941176471,0.11764705882352941,0.17647058823529413,0.0,0.29411764705882354,0.23529411764705882,0.29411764705882354,0.0,0.23529411764705882,0.11764705882352941,0.17647058823529413
022440340,0.4090909090909091,0.5,0.5,0.0,0.09090909090909091,0.0,0.0,0.0,0.0,0.0,0.09090909090909091,0.0,0.09090909090909091,0.0,0.09090909090909091,0.0,0.0,0.6363636363636364,0.09090909090909091,0.0,0.0,0.0,0.0,0.0,0.45454545454545453,0.0,0.0,0.0
022440352,0.9473684210526315,0.4,0.5,0.0,0.0,0.0,0.0,0.0,0.21052631578947367,0.0,0.25,0.0,0.0,0.0,0.0,0.0,0.0,0.75,0.2,0.0,0.3,0.0,0.1,0.15,0.2,0.0,0.4,0.15
022440361,0.5833333333333334,0.12,0.64,0.0,0.0,0.0,0.0,0.0,0.041666666666666664,0.0,0.0,0.0,0.0,0.0,0.0,0.0,0.0,0.2,0.0,0.0,0.0,0.0,0.08,0.0,0.12,0.0,0.16,0.0
022440362,0.55,0.0,0.4,0.0,0.0,0.0,0.05,0.05,0.1,0.0,0.0,0.0,0.0,0.15,0.0,0.05,0.05,0.65,0.0,0.0,0.05,0.05,0.0,0.05,0.0,0.05,0.0,0.0
022510066,0.6111111111111112,0.0,0.5,0.1111111111111111,0.0,0.0,0.0,0.0,0.1111111111111111,0.0,0.0,0.1111111111111111,0.0,0.0,0.0,0.0,0.0,0.5,0.1111111111111111,0.1111111111111111,0.2777777777777778,0.1111111111111111,0.1111111111111111,0.1111111111111111,0.16666666666666666,0.1111111111111111,0.16666666666666666,0.1111111111111111
022510069,0.6842105263157895,0.2,0.45,0.0,0.0,0.0,0.0,0.0,0.10526315789473684,0.0,0.0,0.0,0.0,0.0,0.0,0.0,0.0,0.45,0.0,0.0,0.3,0.0,0.0,0.05,0.0,0.0,0.05,0.0
022510089,0.9166666666666666,0.4444444444444444,0.6666666666666666,0.0,0.0,0.0,0.0,0.0,0.08333333333333333,0.0,0.0,0.0,0.0,0.0,0.037037037037037035,0.0,0.0,0.6296296296296297,0.0,0.0,0.07407407407407407,0.0,0.07407407407407407,0.0,0.0,0.0,0.0,0.0
022510093,0.7272727272727273,0.13636363636363635,0.45454545454545453,0.0,0.0,0.045454545454545456,0.0,0.0,0.045454545454545456,0.0,0.2727272727272727,0.0,0.0,0.36363636363636365,0.0,0.09090909090909091,0.0,0.18181818181818182,0.0,0.0,0.045454545454545456,0.0,0.045454545454545456,0.045454545454545456,0.0,0.0,0.0,0.0
022510095,0.55,0.05,0.55,0.25,0.0,0.0,0.0,0.0,0.05,0.0,0.05,0.0,0.0,0.0,0.0,0.0,0.0,0.55,0.0,0.0,0.0,0.0,0.0,0.0,0.0,0.0,0.05,0.0
022510122,0.6666666666666666,0.0,0.5333333333333333,0.0,0.0,0.0,0.0,0.0,0.13333333333333333,0.26666666666666666,0.0,0.0,0.0,0.0,0.0,0.0,0.0,0.4666666666666667,0.0,0.0,0.0,0.2,0.3333333333333333,0.2,0.2,0.0,0.3333333333333333,0.0
022510152,0.5652173913043478,0.125,0.7083333333333334,0.0,0.0,0.0,0.08333333333333333,0.08333333333333333,0.2608695652173913,0.125,0.20833333333333334,0.16666666666666666,0.0,0.25,0.08333333333333333,0.08333333333333333,0.08333333333333333,0.5833333333333334,0.16666666666666666,0.16666666666666666,0.16666666666666666,0.16666666666666666,0.20833333333333334,0.2916666666666667,0.375,0.16666666666666666,0.16666666666666666,0.16666666666666666
022510166,0.5,0.09523809523809523,0.6666666666666666,0.0,0.0,0.0,0.0,0.0,0.1,0.0,0.0,0.0,0.0,0.0,0.0,0.0,0.0,0.38095238095238093,0.0,0.0,0.0,0.0,0.047619047619047616,0.0,0.0,0.0,0.09523809523809523,0.19047619047619047
022510190,0.6842105263157895,0.047619047619047616,0.47619047619047616,0.0,0.0,0.0,0.0,0.0,0.21052631578947367,0.0,0.0,0.0,0.0,0.09523809523809523,0.0,0.0,0.0,0.3333333333333333,0.0,0.0,0.0,0.0,0.0,0.0,0.0,0.0,0.0,0.0
022510211,1.0,0.058823529411764705,0.5294117647058824,0.0,0.0,0.0,0.0,0.0,0.23529411764705882,0.0,0.17647058823529413,0.35294117647058826,0.0,0.17647058823529413,0.0,0.0,0.0,0.5294117647058824,0.11764705882352941,0.11764705882352941,0.17647058823529413,0.0,0.29411764705882354,0.17647058823529413,0.29411764705882354,0.11764705882352941,0.058823529411764705,0.11764705882352941
022510230,0.625,0.56,0.6,0.0,0.04,0.0,0.0,0.0,0.16666666666666666,0.36,0.16,0.0,0.04,0.0,0.04,0.04,0.0,0.64,0.0,0.0,0.12,0.0,0.2,0.0,0.04,0.04,0.12,0.04
022510237,0.45454545454545453,0.0,0.7272727272727273,0.09090909090909091,0.0,0.0,0.0,0.0,0.045454545454545456,0.0,0.0,0.0,0.0,0.0,0.0,0.0,0.0,0.5,0.09090909090909091,0.0,0.0,0.0,0.18181818181818182,0.0,0.13636363636363635,0.0,0.0,0.0
022510255,0.6666666666666666,0.3076923076923077,0.6153846153846154,0.0,0.0,0.0,0.0,0.0,0.3333333333333333,0.0,0.0,0.0,0.0,0.0,0.0,0.0,0.0,0.6923076923076923,0.0,0.0,0.0,0.3076923076923077,0.0,0.0,0.07692307692307693,0.0,0.3076923076923077,0.07692307692307693
022510266,0.75,0.25,0.3,0.0,0.0,0.0,0.0,0.0,0.05,0.15,0.15,0.0,0.0,0.2,0.0,0.0,0.0,0.2,0.2,0.0,0.2,0.2,0.1,0.0,0.2,0.1,0.2,0.0
022510276,0.9,0.23809523809523808,0.9047619047619048,0.0,0.0,0.0,0.0,0.0,0.15,0.0,0.23809523809523808,0.0,0.0,0.0,0.047619047619047616,0.0,0.0,0.09523809523809523,0.0,0.0,0.09523809523809523,0.0,0.0,0.0,0.0,0.0,0.047619047619047616,0.0
022510291,0.6923076923076923,0.13333333333333333,0.3333333333333333,0.13333333333333333,0.0,0.0,0.0,0.0,0.23076923076923078,0.13333333333333333,0.06666666666666667,0.0,0.0,0.2,0.0,0.0,0.0,0.4666666666666667,0.0,0.0,0.0,0.0,0.0,0.0,0.13333333333333333,0.0,0.0,0.0
022510300,1.0,0.16666666666666666,0.5833333333333334,0.0,0.0,0.0,0.0,0.0,0.0,0.0,0.0,0.0,0.0,0.0,0.0,0.0,0.0,0.5833333333333334,0.0,0.0,0.0,0.0,0.5833333333333334,0.0,0.0,0.08333333333333333,0.0,0.5
022510320,0.55,0.0,0.25,0.05,0.0,0.0,0.0,0.0,0.0,0.0,0.05,0.0,0.0,0.05,0.0,0.0,0.0,0.4,0.0,0.05,0.0,0.0,0.0,0.05,0.0,0.0,0.0,0.1
022510323,0.6,0.06666666666666667,0.5333333333333333,0.0,0.0,0.0,0.0,0.0,0.2,0.0,0.0,0.0,0.0,0.13333333333333333,0.0,0.0,0.0,0.26666666666666666,0.0,0.0,0.2,0.0,0.0,0.06666666666666667,0.13333333333333333,0.2,0.2,0.0
022510368,0.7,0.2,0.65,0.0,0.0,0.0,0.0,0.0,0.2,0.0,0.05,0.0,0.0,0.0,0.0,0.0,0.0,0.55,0.1,0.0,0.1,0.0,0.0,0.05,0.05,0.0,0.0,0.05
022820020,0.6333333333333333,0.4838709677419355,0.5483870967741935,0.1935483870967742,0.16129032258064516,0.06451612903225806,0.16129032258064516,0.25806451612903225,0.16666666666666666,0.16129032258064516,0.2903225806451613,0.3225806451612903,0.12903225806451613,0.1935483870967742,0.06451612903225806,0.0,0.3225806451612903,0.16129032258064516,0.2903225806451613,0.2903225806451613,0.2903225806451613,0.06451612903225806,0.25806451612903225,0.12903225806451613,0.1935483870967742,0.0,0.1935483870967742,0.1935483870967742
022820021,0.75,0.75,0.6,0.1,0.1,0.0,0.0,0.0,0.05,0.15,0.2,0.0,0.0,0.1,0.0,0.0,0.15,0.55,0.1,0.15,0.4,0.0,0.15,0.1,0.15,0.15,0.2,0.1
022820026,0.6666666666666666,0.6111111111111112,0.6111111111111112,0.3888888888888889,0.3333333333333333,0.16666666666666666,0.16666666666666666,0.16666666666666666,0.3888888888888889,0.4444444444444444,0.16666666666666666,0.3333333333333333,0.2777777777777778,0.16666666666666666,0.16666666666666666,0.0,0.16666666666666666,0.4444444444444444,0.5,0.2777777777777778,0.2777777777777778,0.3333333333333333,0.4444444444444444,0.2222222222222222,0.5555555555555556,0.2222222222222222,0.2777777777777778,0.2777777777777778
022820042,0.5428571428571428,0.6571428571428571,0.6285714285714286,0.02857142857142857,0.08571428571428572,0.02857142857142857,0.08571428571428572,0.08571428571428572,0.2857142857142857,0.17142857142857143,0.17142857142857143,0.2571428571428571,0.08571428571428572,0.14285714285714285,0.02857142857142857,0.0,0.14285714285714285,0.6285714285714286,0.02857142857142857,0.2571428571428571,0.14285714285714285,0.14285714285714285,0.2571428571428571,0.05714285714285714,0.2571428571428571,0.14285714285714285,0.22857142857142856,0.22857142857142856
022820062,0.48717948717948717,0.7435897435897436,0.6153846153846154,0.05128205128205128,0.05128205128205128,0.0,0.0,0.05128205128205128,0.3076923076923077,0.23076923076923078,0.28205128205128205,0.05128205128205128,0.20512820512820512,0.05128205128205128,0.0,0.0,0.05128205128205128,0.5641025641025641,0.1794871794871795,0.05128205128205128,0.1282051282051282,0.358974358974359,0.41025641025641024,0.05128205128205128,0.358974358974359,0.1794871794871795,0.3333333333333333,0.3076923076923077
022820072,0.8275862068965517,0.6,0.7,0.23333333333333334,0.16666666666666666,0.0,0.0,0.0,0.4827586206896552,0.16666666666666666,0.16666666666666666,0.3333333333333333,0.0,0.23333333333333334,0.0,0.0,0.13333333333333333,1.0,0.16666666666666666,0.0,0.03333333333333333,0.2,0.43333333333333335,0.1,0.6333333333333333,0.16666666666666666,0.4666666666666667,0.36666666666666664
022820079,0.6666666666666666,0.18518518518518517,0.5555555555555556,0.14814814814814814,0.14814814814814814,0.14814814814814814,0.14814814814814814,0.14814814814814814,0.18518518518518517,0.14814814814814814,0.18518518518518517,0.14814814814814814,0.14814814814814814,0.14814814814814814,0.14814814814814814,0.14814814814814814,0.14814814814814814,0.6296296296296297,0.14814814814814814,0.14814814814814814,0.14814814814814814,0.07407407407407407,0.14814814814814814,0.14814814814814814,0.1111111111111111,0.2222222222222222,0.14814814814814814,0.14814814814814814
022820106,0.7916666666666666,0.4166666666666667,0.7083333333333334,0.125,0.125,0.125,0.16666666666666666,0.041666666666666664,0.125,0.125,0.16666666666666666,0.125,0.125,0.125,0.125,0.0,0.125,0.7083333333333334,0.16666666666666666,0.0,0.3333333333333333,0.08333333333333333,0.16666666666666666,0.125,0.125,0.08333333333333333,0.041666666666666664,0.20833333333333334
022820107,0.6190476190476191,0.3333333333333333,0.3333333333333333,0.0,0.0,0.0,0.0,0.0,0.14285714285714285,0.0,0.09523809523809523,0.14285714285714285,0.09523809523809523,0.0,0.0,0.0,0.0,0.2857142857142857,0.0,0.0,0.047619047619047616,0.0,0.047619047619047616,0.0,0.0,0.0,0.047619047619047616,0.0
022820121,0.8947368421052632,0.7,0.7,0.8,0.0,0.3,0.3,0.05,0.631578947368421,0.2,0.55,0.3,0.25,0.4,0.0,0.0,0.2,0.45,0.8,0.5,0.0,0.5,0.4,0.2,0.5,0.35,0.55,0.45
022820134,0.7777777777777778,0.3684210526315789,0.631578947368421,0.15789473684210525,0.3684210526315789,0.0,0.0,0.0,0.2777777777777778,0.10526315789473684,0.3684210526315789,0.0,0.0,0.0,0.0,0.0,0.0,0.7368421052631579,0.0,0.42105263157894735,0.0,0.15789473684210525,0.47368421052631576,0.3684210526315789,0.47368421052631576,0.3157894736842105,0.10526315789473684,0.21052631578947367
022820142,0.9285714285714286,0.8571428571428571,0.5714285714285714,0.0,0.5,0.0,0.0,0.21428571428571427,0.42857142857142855,0.0,0.21428571428571427,0.7142857142857143,0.0,0.21428571428571427,0.0,0.0,0.21428571428571427,0.8571428571428571,0.2857142857142857,0.5714285714285714,0.0,0.0,0.0,0.0,0.6428571428571429,0.0,0.07142857142857142,0.21428571428571427
022820155,0.9444444444444444,0.0,0.5,0.0,0.0,0.0,0.0,0.0,0.1111111111111111,0.0,0.0,0.0,0.0,0.0,0.0,0.0,0.0,0.6111111111111112,0.16666666666666666,0.0,0.0,0.0,0.0,0.0,0.0,0.0,0.0,0.0
022820191,0.5882352941176471,0.6470588235294118,0.5882352941176471,0.0,0.0,0.0,0.0,0.0,0.11764705882352941,0.0,0.0,0.0,0.0,0.0,0.0,0.0,0.0,0.23529411764705882,0.0,0.0,0.058823529411764705,0.17647058823529413,0.17647058823529413,0.058823529411764705,0.0,0.058823529411764705,0.058823529411764705,0.11764705882352941
022820197,1.0,0.5625,0.8125,0.1875,0.0,0.0,0.0,0.4375,0.4,0.4375,0.4375,0.4375,0.0,0.4375,0.0,0.0,0.1875,1.0,0.4375,0.4375,0.4375,0.125,0.375,0.125,0.75,0.1875,0.5,0.4375
022820281,0.45454545454545453,0.09090909090909091,0.45454545454545453,0.2727272727272727,0.0,0.09090909090909091,0.0,0.0,0.2727272727272727,0.2727272727272727,0.09090909090909091,0.0,0.09090909090909091,0.09090909090909091,0.09090909090909091,0.0,0.36363636363636365,0.6363636363636364,0.0,0.0,0.0,0.36363636363636365,0.18181818181818182,0.0,0.18181818181818182,0.09090909090909091,0.2727272727272727,0.09090909090909091
022820291,0.75,0.6875,0.5625,0.0625,0.0625,0.0625,0.0625,0.0,0.5,0.1875,0.0,0.0625,0.0625,0.0,0.0,0.0,0.0,0.5625,0.0,0.0625,0.1875,0.375,0.0625,0.25,0.1875,0.0625,0.0,0.3125
022820293,0.8333333333333334,0.7222222222222222,0.5,0.05555555555555555,0.2777777777777778,0.1111111111111111,0.1111111111111111,0.1111111111111111,0.3888888888888889,0.1111111111111111,0.16666666666666666,0.16666666666666666,0.16666666666666666,0.2777777777777778,0.16666666666666666,0.1111111111111111,0.1111111111111111,0.8333333333333334,0.05555555555555555,0.05555555555555555,0.2777777777777778,0.1111111111111111,0.05555555555555555,0.1111111111111111,0.1111111111111111,0.05555555555555555,0.1111111111111111,0.3333333333333333
022820317,0.7368421052631579,0.631578947368421,0.6842105263157895,0.2631578947368421,0.2631578947368421,0.0,0.10526315789473684,0.15789473684210525,0.3157894736842105,0.10526315789473684,0.15789473684210525,0.15789473684210525,0.0,0.10526315789473684,0.0,0.0,0.0,0.3684210526315789,0.15789473684210525,0.3157894736842105,0.21052631578947367,0.15789473684210525,0.15789473684210525,0.2631578947368421,0.21052631578947367,0.15789473684210525,0.10526315789473684,0.15789473684210525
022820357,0.5789473684210527,0.8,0.65,0.0,0.05,0.25,0.1,0.05,0.2631578947368421,0.05,0.05,0.15,0.05,0.1,0.1,0.2,0.0,0.3,0.2,0.05,0.35,0.15,0.3,0.15,0.3,0.0,0.3,0.0
023800015,0.5294117647058824,0.0,0.4117647058823529,0.0,0.0,0.0,0.0,0.0,0.058823529411764705,0.0,0.0,0.0,0.0,0.0,0.058823529411764705,0.0,0.0,0.0,0.0,0.0,0.0,0.0,0.0,0.0,0.0,0.0,0.0,0.0
023800042,0.4827586206896552,0.06896551724137931,0.6206896551724138,0.0,0.0,0.0,0.0,0.0,0.20689655172413793,0.0,0.0,0.0,0.0,0.0,0.0,0.0,0.0,0.13793103448275862,0.0,0.0,0.0,0.0,0.10344827586206896,0.0,0.06896551724137931,0.1724137931034483,0.0,0.0
023800056,0.47368421052631576,0.0,0.45,0.0,0.0,0.0,0.0,0.0,0.15789473684210525,0.0,0.0,0.0,0.0,0.0,0.0,0.0,0.0,0.5,0.0,0.0,0.0,0.0,0.15,0.0,0.0,0.0,0.0,0.0
023800093,0.5416666666666666,0.08333333333333333,0.2916666666666667,0.0,0.0,0.041666666666666664,0.0,0.0,0.125,0.041666666666666664,0.0,0.041666666666666664,0.041666666666666664,0.041666666666666664,0.041666666666666664,0.0,0.0,0.041666666666666664,0.041666666666666664,0.041666666666666664,0.08333333333333333,0.041666666666666664,0.041666666666666664,0.041666666666666664,0.041666666666666664,0.041666666666666664,0.08333333333333333,0.041666666666666664
023800114,0.5142857142857142,0.21621621621621623,0.5675675675675675,0.05405405405405406,0.02702702702702703,0.0,0.0,0.0,0.17142857142857143,0.0,0.08108108108108109,0.05405405405405406,0.02702702702702703,0.05405405405405406,0.0,0.02702702702702703,0.0,0.05405405405405406,0.0,0.05405405405405406,0.05405405405405406,0.0,0.0,0.0,0.0,0.0,0.0,0.02702702702702703
023800124,0.391304347826087,0.0,0.32,0.0,0.0,0.0,0.0,0.0,0.043478260869565216,0.0,0.0,0.0,0.0,0.0,0.0,0.0,0.0,0.0,0.0,0.0,0.0,0.0,0.0,0.0,0.0,0.0,0.0,0.0
023800160,0.4375,0.1875,0.375,0.0,0.0,0.0,0.0625,0.0625,0.0625,0.25,0.0,0.0,0.0,0.0,0.0625,0.0,0.0625,0.375,0.0,0.0,0.0625,0.0625,0.0,0.0625,0.0,0.0,0.0,0.0625
023800186,0.75,0.25,0.4375,0.5,0.1875,0.1875,0.1875,0.1875,0.5625,0.1875,0.3125,0.1875,0.1875,0.375,0.1875,0.1875,0.1875,0.1875,0.1875,0.1875,0.1875,0.1875,0.3125,0.1875,0.4375,0.3125,0.5,0.1875
023800242,0.43478260869565216,0.0,0.28,0.0,0.0,0.0,0.0,0.0,0.13043478260869565,0.0,0.12,0.0,0.0,0.0,0.0,0.0,0.0,0.24,0.12,0.0,0.0,0.0,0.0,0.0,0.0,0.0,0.08,0.0
023800260,0.5238095238095238,0.0,0.14285714285714285,0.0,0.0,0.0,0.0,0.0,0.0,0.0,0.0,0.0,0.0,0.0,0.0,0.0,0.0,0.0,0.0,0.0,0.0,0.0,0.0,0.0,0.0,0.0,0.0,0.0
023800277,0.7333333333333333,0.1875,0.375,0.0,0.0,0.0,0.25,0.0,0.13333333333333333,0.375,0.375,0.0,0.0,0.375,0.0,0.25,0.0,0.125,0.0,0.0,0.25,0.1875,0.375,0.25,0.0625,0.25,0.125,0.0625
023800278,0.48484848484848486,0.0,0.38235294117647056,0.0,0.0,0.0,0.0,0.0,0.06060606060606061,0.0,0.0,0.0,0.0,0.0,0.0,0.0,0.0,0.0,0.0,0.0,0.058823529411764705,0.0,0.0,0.0,0.0,0.0,0.0,0.0
023800280,0.7058823529411765,0.058823529411764705,0.5882352941176471,0.0,0.058823529411764705,0.0,0.0,0.0,0.0,0.0,0.0,0.0,0.0,0.0,0.0,0.0,0.058823529411764705,0.4117647058823529,0.0,0.0,0.058823529411764705,0.058823529411764705,0.058823529411764705,0.0,0.0,0.058823529411764705,0.0,0.0
023800298,0.43478260869565216,0.0,0.34782608695652173,0.0,0.043478260869565216,0.0,0.0,0.0,0.043478260869565216,0.0,0.13043478260869565,0.0,0.0,0.043478260869565216,0.043478260869565216,0.0,0.0,0.2608695652173913,0.0,0.0,0.0,0.0,0.043478260869565216,0.043478260869565216,0.0,0.0,0.043478260869565216,0.0
023800326,0.21739130434782608,0.0,0.6086956521739131,0.0,0.0,0.0,0.0,0.0,0.17391304347826086,0.0,0.0,0.0,0.0,0.0,0.043478260869565216,0.0,0.0,0.21739130434782608,0.08695652173913043,0.08695652173913043,0.0,0.0,0.0,0.0,0.0,0.0,0.13043478260869565,0.0
023800330,0.47058823529411764,0.0,0.2857142857142857,0.0,0.0,0.0,0.0,0.0,0.058823529411764705,0.0,0.0,0.05714285714285714,0.0,0.0,0.0,0.0,0.0,0.05714285714285714,0.0,0.0,0.05714285714285714,0.0,0.0,0.0,0.0,0.0,0.0,0.0
023800338,0.36,0.2,0.6,0.08,0.08,0.08,0.08,0.08,0.12,0.08,0.08,0.08,0.12,0.08,0.08,0.08,0.08,0.4,0.08,0.08,0.12,0.08,0.08,0.12,0.12,0.08,0.12,0.12
023800352,0.45,0.0,0.5238095238095238,0.0,0.0,0.0,0.0,0.0,0.0,0.0,0.0,0.0,0.0,0.0,0.0,0.0,0.0,0.23809523809523808,0.0,0.0,0.0,0.0,0.14285714285714285,0.0,0.0,0.0,0.09523809523809523,0.0
023800363,0.3888888888888889,0.2,0.75,0.0,0.0,0.0,0.0,0.0,0.16666666666666666,0.0,0.0,0.0,0.0,0.0,0.0,0.0,0.0,0.0,0.0,0.0,0.0,0.0,0.0,0.0,0.0,0.0,0.0,0.0
023800368,0.375,0.3125,0.25,0.125,0.125,0.0,0.125,0.0,0.125,0.0,0.0,0.125,0.0,0.0,0.0,0.125,0.0,0.3125,0.125,0.125,0.25,0.0,0.125,0.0,0.125,0.0,0.0,0.125
024020047,0.45454545454545453,0.13043478260869565,0.6086956521739131,0.0,0.0,0.0,0.0,0.0,0.0,0.0,0.0,0.0,0.0,0.0,0.0,0.0,0.0,0.17391304347826086,0.0,0.13043478260869565,0.0,0.0,0.0,0.0,0.13043478260869565,0.0,0.17391304347826086,0.13043478260869565
024020051,0.5357142857142857,0.10344827586206896,0.6551724137931034,0.0,0.034482758620689655,0.10344827586206896,0.034482758620689655,0.034482758620689655,0.07142857142857142,0.06896551724137931,0.034482758620689655,0.10344827586206896,0.0,0.06896551724137931,0.10344827586206896,0.0,0.034482758620689655,0.7241379310344828,0.1724137931034483,0.0,0.10344827586206896,0.06896551724137931,0.10344827586206896,0.06896551724137931,0.06896551724137931,0.10344827586206896,0.034482758620689655,0.06896551724137931
024020053,0.4666666666666667,0.2,0.3333333333333333,0.0,0.13333333333333333,0.0,0.0,0.0,0.06666666666666667,0.13333333333333333,0.13333333333333333,0.0,0.0,0.0,0.0,0.13333333333333333,0.0,0.5333333333333333,0.13333333333333333,0.0,0.13333333333333333,0.13333333333333333,0.13333333333333333,0.0,0.13333333333333333,0.13333333333333333,0.2,0.13333333333333333
024020069,0.6071428571428571,0.0,0.3870967741935484,0.03225806451612903,0.0967741935483871,0.03225806451612903,0.0,0.0,0.14285714285714285,0.06451612903225806,0.03225806451612903,0.0967741935483871,0.0,0.0,0.03225806451612903,0.06451612903225806,0.03225806451612903,0.5161290322580645,0.12903225806451613,0.03225806451612903,0.16129032258064516,0.03225806451612903,0.0967741935483871,0.03225806451612903,0.12903225806451613,0.06451612903225806,0.12903225806451613,0.0967741935483871
024020084,0.47058823529411764,0.47058823529411764,0.6470588235294118,0.11764705882352941,0.058823529411764705,0.11764705882352941,0.17647058823529413,0.17647058823529413,0.11764705882352941,0.058823529411764705,0.11764705882352941,0.17647058823529413,0.11764705882352941,0.11764705882352941,0.0,0.11764705882352941,0.17647058823529413,0.7058823529411765,0.11764705882352941,0.11764705882352941,0.0,0.058823529411764705,0.11764705882352941,0.11764705882352941,0.058823529411764705,0.058823529411764705,0.17647058823529413,0.17647058823529413
024020142,0.6052631578947368,0.0,0.23684210526315788,0.07894736842105263,0.0,0.0,0.0,0.0,0.15789473684210525,0.05263157894736842,0.05263157894736842,0.07894736842105263,0.0,0.05263157894736842,0.0,0.05263157894736842,0.0,0.5263157894736842,0.0,0.0,0.05263157894736842,0.0,0.15789473684210525,0.05263157894736842,0.18421052631578946,0.05263157894736842,0.15789473684210525,0.0
024020158,0.5,0.19047619047619047,0.19047619047619047,0.047619047619047616,0.0,0.0,0.0,0.047619047619047616,0.05,0.047619047619047616,0.0,0.047619047619047616,0.09523809523809523,0.047619047619047616,0.0,0.047619047619047616,0.047619047619047616,0.14285714285714285,0.047619047619047616,0.047619047619047616,0.047619047619047616,0.047619047619047616,0.0,0.047619047619047616,0.047619047619047616,0.0,0.09523809523809523,0.19047619047619047
024020175,0.6,0.35,0.4,0.2,0.0,0.2,0.2,0.2,0.25,0.2,0.2,0.2,0.0,0.2,0.0,0.0,0.2,0.4,0.2,0.25,0.25,0.2,0.3,0.25,0.3,0.2,0.2,0.3
024020176,0.32,0.07692307692307693,0.38461538461538464,0.0,0.0,0.0,0.0,0.0,0.12,0.11538461538461539,0.07692307692307693,0.0,0.0,0.07692307692307693,0.0,0.0,0.0,0.7307692307692307,0.0,0.0,0.0,0.038461538461538464,0.07692307692307693,0.0,0.11538461538461539,0.038461538461538464,0.038461538461538464,0.07692307692307693
024020205,0.9285714285714286,0.35714285714285715,0.5714285714285714,0.0,0.0,0.0,0.0,0.0,0.14285714285714285,0.0,0.0,0.0,0.0,0.0,0.0,0.0,0.0,0.2857142857142857,0.0,0.07142857142857142,0.0,0.35714285714285715,0.0,0.0,0.0,0.0,0.0,0.0
024020233,0.5416666666666666,0.0,0.4583333333333333,0.0,0.0,0.0,0.0,0.0,0.2916666666666667,0.0,0.0,0.0,0.0,0.0,0.0,0.0,0.0,0.2916666666666667,0.0,0.0,0.0,0.0,0.125,0.041666666666666664,0.25,0.041666666666666664,0.16666666666666666,0.16666666666666666
024020238,0.4090909090909091,0.22727272727272727,0.8636363636363636,0.045454545454545456,0.0,0.0,0.0,0.0,0.18181818181818182,0.0,0.0,0.13636363636363635,0.0,0.09090909090909091,0.0,0.0,0.0,0.18181818181818182,0.045454545454545456,0.0,0.13636363636363635,0.0,0.13636363636363635,0.0,0.0,0.0,0.22727272727272727,0.13636363636363635
024020253,0.36363636363636365,0.19444444444444445,0.3888888888888889,0.16666666666666666,0.0,0.0,0.0,0.0,0.15151515151515152,0.0,0.0,0.0,0.0,0.08333333333333333,0.0,0.0,0.16666666666666666,0.2222222222222222,0.19444444444444445,0.1388888888888889,0.19444444444444445,0.0,0.2222222222222222,0.0,0.2222222222222222,0.1388888888888889,0.16666666666666666,0.1111111111111111
024020256,0.5333333333333333,0.2,0.5333333333333333,0.0,0.0,0.0,0.0,0.0,0.0,0.13333333333333333,0.06666666666666667,0.0,0.0,0.0,0.0,0.0,0.0,0.4,0.0,0.0,0.0,0.13333333333333333,0.13333333333333333,0.0,0.2,0.13333333333333333,0.13333333333333333,0.0
024020260,0.5909090909090909,0.36363636363636365,0.5,0.09090909090909091,0.18181818181818182,0.18181818181818182,0.2727272727272727,0.09090909090909091,0.3181818181818182,0.18181818181818182,0.09090909090909091,0.45454545454545453,0.09090909090909091,0.36363636363636365,0.18181818181818182,0.09090909090909091,0.36363636363636365,0.5,0.18181818181818182,0.45454545454545453,0.18181818181818182,0.09090909090909091,0.2727272727272727,0.22727272727272727,0.3181818181818182,0.22727272727272727,0.36363636363636365,0.18181818181818182
024020265,0.8571428571428571,0.21428571428571427,0.6428571428571429,0.2857142857142857,0.14285714285714285,0.2857142857142857,0.21428571428571427,0.2857142857142857,0.5,0.2857142857142857,0.14285714285714285,0.2857142857142857,0.2857142857142857,0.21428571428571427,0.0,0.35714285714285715,0.2857142857142857,0.7142857142857143,0.35714285714285715,0.5,0.2857142857142857,0.2857142857142857,0.2857142857142857,0.2857142857142857,0.2857142857142857,0.2857142857142857,0.6428571428571429,0.2857142857142857
024020291,0.5862068965517241,0.16666666666666666,0.7,0.0,0.0,0.0,0.0,0.0,0.1724137931034483,0.0,0.0,0.0,0.0,0.0,0.0,0.0,0.0,0.8,0.0,0.0,0.0,0.0,0.03333333333333333,0.0,0.03333333333333333,0.0,0.1,0.06666666666666667
024020321,0.5384615384615384,0.23076923076923078,0.07692307692307693,0.0,0.0,0.0,0.0,0.0,0.07692307692307693,0.0,0.0,0.0,0.0,0.0,0.0,0.0,0.0,0.15384615384615385,0.0,0.0,0.0,0.0,0.0,0.0,0.0,0.0,0.0,0.0
024020328,0.43243243243243246,0.02631578947368421,0.39473684210526316,0.15789473684210525,0.0,0.02631578947368421,0.15789473684210525,0.21052631578947367,0.02702702702702703,0.0,0.02631578947368421,0.02631578947368421,0.0,0.0,0.02631578947368421,0.02631578947368421,0.15789473684210525,0.0,0.15789473684210525,0.15789473684210525,0.13157894736842105,0.05263157894736842,0.02631578947368421,0.0,0.02631578947368421,0.0,0.02631578947368421,0.02631578947368421
024020337,0.5,0.11538461538461539,0.5384615384615384,0.0,0.0,0.0,0.0,0.0,0.11538461538461539,0.038461538461538464,0.07692307692307693,0.0,0.0,0.038461538461538464,0.0,0.0,0.0,0.4230769230769231,0.0,0.0,0.19230769230769232,0.0,0.0,0.038461538461538464,0.038461538461538464,0.0,0.11538461538461539,0.07692307692307693
024270011,0.4642857142857143,0.16129032258064516,0.1935483870967742,0.0967741935483871,0.0,0.0,0.0,0.0967741935483871,0.07142857142857142,0.0,0.0967741935483871,0.0967741935483871,0.0,0.12903225806451613,0.0,0.0967741935483871,0.0,0.3548387096774194,0.0967741935483871,0.0967741935483871,0.0967741935483871,0.0,0.16129032258064516,0.12903225806451613,0.06451612903225806,0.0,0.06451612903225806,0.12903225806451613
024270019,0.36363636363636365,0.2727272727272727,0.4090909090909091,0.0,0.0,0.0,0.0,0.0,0.045454545454545456,0.0,0.0,0.0,0.0,0.0,0.0,0.0,0.0,0.0,0.0,0.0,0.0,0.0,0.0,0.0,0.0,0.0,0.045454545454545456,0.0
024270028,0.5925925925925926,0.06666666666666667,0.16666666666666666,0.0,0.0,0.0,0.0,0.0,0.1111111111111111,0.03333333333333333,0.0,0.0,0.0,0.0,0.0,0.0,0.0,0.2,0.1,0.0,0.06666666666666667,0.03333333333333333,0.0,0.0,0.03333333333333333,0.03333333333333333,0.03333333333333333,0.0
024270051,0.7142857142857143,0.17391304347826086,0.5217391304347826,0.0,0.0,0.0,0.0,0.0,0.047619047619047616,0.0,0.0,0.0,0.0,0.0,0.0,0.0,0.0,0.43478260869565216,0.0,0.0,0.0,0.0,0.08695652173913043,0.0,0.0,0.0,0.0,0.0
024270053,0.5625,0.11764705882352941,0.29411764705882354,0.0,0.0,0.0,0.0,0.0,0.0,0.0,0.0,0.0,0.0,0.11764705882352941,0.11764705882352941,0.0,0.0,0.7647058823529411,0.0,0.0,0.0,0.0,0.0,0.0,0.0,0.0,0.0,0.0
024270057,0.65,0.047619047619047616,0.6190476190476191,0.0,0.0,0.0,0.0,0.0,0.0,0.0,0.0,0.0,0.0,0.0,0.0,0.0,0.0,0.14285714285714285,0.0,0.0,0.0,0.0,0.0,0.0,0.0,0.0,0.0,0.0
024270077,0.5,0.0,0.5833333333333334,0.0,0.0,0.0,0.0,0.0,0.08333333333333333,0.0,0.0,0.0,0.0,0.0,0.0,0.0,0.0,0.75,0.0,0.0,0.0,0.0,0.0,0.0,0.0,0.0,0.0,0.0
024270127,0.5294117647058824,0.29411764705882354,0.4117647058823529,0.0,0.0,0.0,0.0,0.0,0.11764705882352941,0.058823529411764705,0.0,0.0,0.0,0.0,0.0,0.0,0.0,0.0,0.0,0.0,0.0,0.23529411764705882,0.0,0.0,0.058823529411764705,0.0,0.058823529411764705,0.0
024270155,0.45,0.1,0.45,0.05,0.1,0.0,0.1,0.1,0.0,0.1,0.1,0.1,0.0,0.2,0.1,0.0,0.1,0.35,0.2,0.2,0.0,0.0,0.1,0.0,0.2,0.0,0.1,0.1
024270168,0.4666666666666667,0.0,0.4375,0.0,0.0,0.0,0.0,0.0,0.06666666666666667,0.0,0.0,0.0,0.0,0.0,0.0,0.0,0.0,0.0,0.0,0.0,0.0,0.0,0.0,0.0,0.0,0.0,0.0,0.0
024270176,0.2857142857142857,0.09523809523809523,0.47619047619047616,0.0,0.0,0.0,0.0,0.0,0.23809523809523808,0.0,0.0,0.0,0.0,0.0,0.0,0.0,0.0,0.09523809523809523,0.0,0.0,0.0,0.0,0.0,0.0,0.047619047619047616,0.0,0.0,0.09523809523809523
024270178,0.4375,0.1875,0.25,0.1875,0.0,0.0625,0.0625,0.0625,0.125,0.0625,0.0625,0.0625,0.0625,0.0625,0.1875,0.0625,0.1875,0.125,0.0,0.1875,0.1875,0.0625,0.0625,0.0625,0.1875,0.0625,0.25,0.0625
024270183,0.36363636363636365,0.22727272727272727,0.4090909090909091,0.09090909090909091,0.0,0.0,0.0,0.0,0.22727272727272727,0.09090909090909091,0.045454545454545456,0.0,0.0,0.0,0.0,0.0,0.0,0.13636363636363635,0.0,0.045454545454545456,0.0,0.09090909090909091,0.09090909090909091,0.045454545454545456,0.09090909090909091,0.09090909090909091,0.045454545454545456,0.09090909090909091
024270197,0.2857142857142857,0.047619047619047616,0.5238095238095238,0.0,0.0,0.0,0.0,0.0,0.047619047619047616,0.0,0.0,0.0,0.0,0.0,0.0,0.0,0.0,0.42857142857142855,0.0,0.0,0.0,0.0,0.0,0.0,0.0,0.0,0.14285714285714285,0.0
024270206,0.5,0.42857142857142855,0.5238095238095238,0.09523809523809523,0.09523809523809523,0.09523809523809523,0.0,0.09523809523809523,0.1111111111111111,0.14285714285714285,0.09523809523809523,0.09523809523809523,0.09523809523809523,0.19047619047619047,0.0,0.09523809523809523,0.09523809523809523,0.6190476190476191,0.3333333333333333,0.19047619047619047,0.19047619047619047,0.23809523809523808,0.047619047619047616,0.09523809523809523,0.14285714285714285,0.047619047619047616,0.14285714285714285,0.09523809523809523
024270245,0.4782608695652174,0.08695652173913043,0.43478260869565216,0.08695652173913043,0.043478260869565216,0.043478260869565216,0.043478260869565216,0.0,0.13043478260869565,0.13043478260869565,0.043478260869565216,0.043478260869565216,0.043478260869565216,0.043478260869565216,0.0,0.043478260869565216,0.043478260869565216,0.2608695652173913,0.08695652173913043,0.0,0.0,0.043478260869565216,0.043478260869565216,0.043478260869565216,0.08695652173913043,0.043478260869565216,0.13043478260869565,0.043478260869565216
024270270,0.391304347826087,0.043478260869565216,0.34782608695652173,0.0,0.0,0.0,0.0,0.0,0.17391304347826086,0.0,0.0,0.0,0.0,0.0,0.043478260869565216,0.0,0.0,0.17391304347826086,0.0,0.0,0.0,0.0,0.0,0.0,0.0,0.0,0.08695652173913043,0.0
024270292,0.5263157894736842,0.0,0.55,0.0,0.0,0.0,0.0,0.0,0.3157894736842105,0.0,0.1,0.0,0.0,0.2,0.0,0.0,0.0,0.25,0.0,0.0,0.0,0.0,0.0,0.15,0.05,0.0,0.05,0.15
024270313,0.46153846153846156,0.38461538461538464,0.8461538461538461,0.0,0.0,0.0,0.0,0.0,0.0,0.0,0.0,0.0,0.0,0.0,0.0,0.0,0.0,0.15384615384615385,0.0,0.0,0.0,0.0,0.0,0.0,0.0,0.0,0.0,0.0
024270336,0.6153846153846154,0.07692307692307693,0.46153846153846156,0.0,0.0,0.0,0.07692307692307693,0.0,0.07692307692307693,0.0,0.07692307692307693,0.0,0.0,0.07692307692307693,0.0,0.0,0.0,0.15384615384615385,0.0,0.0,0.0,0.0,0.07692307692307693,0.07692307692307693,0.07692307692307693,0.0,0.07692307692307693,0.07692307692307693
024300001,0.75,0.0,0.47619047619047616,0.0,0.0,0.0,0.0,0.0,0.1,0.0,0.0,0.0,0.0,0.0,0.0,0.0,0.0,0.19047619047619047,0.0,0.0,0.0,0.0,0.0,0.0,0.0,0.0,0.0,0.0
024300052,0.4782608695652174,0.2608695652173913,0.2608695652173913,0.13043478260869565,0.13043478260869565,0.13043478260869565,0.13043478260869565,0.13043478260869565,0.17391304347826086,0.13043478260869565,0.13043478260869565,0.13043478260869565,0.13043478260869565,0.08695652173913043,0.043478260869565216,0.13043478260869565,0.13043478260869565,0.391304347826087,0.0,0.13043478260869565,0.30434782608695654,0.17391304347826086,0.2608695652173913,0.21739130434782608,0.17391304347826086,0.13043478260869565,0.21739130434782608,0.2608695652173913
024300061,0.7692307692307693,0.5,0.8571428571428571,0.35714285714285715,0.0,0.0,0.0,0.21428571428571427,0.5384615384615384,0.21428571428571427,0.0,0.0,0.0,0.21428571428571427,0.0,0.0,0.21428571428571427,0.5714285714285714,0.21428571428571427,0.21428571428571427,0.21428571428571427,0.42857142857142855,0.6428571428571429,0.21428571428571427,0.35714285714285715,0.42857142857142855,0.5,0.2857142857142857
024300063,0.4444444444444444,0.15789473684210525,0.3157894736842105,0.10526315789473684,0.0,0.0,0.0,0.0,0.2777777777777778,0.10526315789473684,0.10526315789473684,0.10526315789473684,0.0,0.10526315789473684,0.0,0.05263157894736842,0.0,0.5789473684210527,0.10526315789473684,0.10526315789473684,0.15789473684210525,0.10526315789473684,0.2631578947368421,0.05263157894736842,0.0,0.0,0.3157894736842105,0.42105263157894735
024300065,0.88,0.35714285714285715,0.6071428571428571,0.03571428571428571,0.0,0.0,0.03571428571428571,0.03571428571428571,0.56,0.0,0.03571428571428571,0.0,0.03571428571428571,0.10714285714285714,0.0,0.0,0.03571428571428571,0.5,0.17857142857142858,0.03571428571428571,0.25,0.03571428571428571,0.4642857142857143,0.03571428571428571,0.03571428571428571,0.17857142857142858,0.25,0.10714285714285714
024300068,0.6285714285714286,0.3055555555555556,0.3333333333333333,0.19444444444444445,0.05555555555555555,0.08333333333333333,0.1111111111111111,0.05555555555555555,0.34285714285714286,0.3333333333333333,0.25,0.19444444444444445,0.05555555555555555,0.4166666666666667,0.05555555555555555,0.05555555555555555,0.05555555555555555,0.6666666666666666,0.1388888888888889,0.05555555555555555,0.3333333333333333,0.19444444444444445,0.2777777777777778,0.3611111111111111,0.25,0.19444444444444445,0.3888888888888889,0.25
024300080,0.7,0.5,0.4,0.2,0.4,0.0,0.4,0.4,0.3,0.4,0.3,0.2,0.2,0.3,0.4,0.2,0.2,0.2,0.5,0.5,0.4,0.3,0.4,0.2,0.1,0.3,0.2,0.2
024300082,0.5517241379310345,0.5333333333333333,0.6,0.06666666666666667,0.0,0.0,0.0,0.0,0.3793103448275862,0.2,0.06666666666666667,0.2,0.0,0.13333333333333333,0.03333333333333333,0.13333333333333333,0.0,0.43333333333333335,0.23333333333333334,0.1,0.43333333333333335,0.2,0.3,0.16666666666666666,0.26666666666666666,0.16666666666666666,0.36666666666666664,0.16666666666666666
024300093,0.3870967741935484,0.12903225806451613,0.7096774193548387,0.0,0.0,0.0,0.0,0.0,0.0967741935483871,0.0,0.0,0.0,0.0,0.03225806451612903,0.0,0.0,0.0,0.3225806451612903,0.0,0.0,0.06451612903225806,0.0,0.06451612903225806,0.0,0.12903225806451613,0.0,0.16129032258064516,0.0
024300099,0.5714285714285714,0.13636363636363635,0.4090909090909091,0.0,0.0,0.0,0.0,0.0,0.23809523809523808,0.13636363636363635,0.13636363636363635,0.09090909090909091,0.0,0.045454545454545456,0.0,0.0,0.09090909090909091,0.6363636363636364,0.13636363636363635,0.09090909090909091,0.09090909090909091,0.22727272727272727,0.2727272727272727,0.0,0.18181818181818182,0.22727272727272727,0.18181818181818182,0.13636363636363635
024300118,0.5,0.2727272727272727,0.7727272727272727,0.0,0.0,0.0,0.0,0.0,0.13636363636363635,0.2727272727272727,0.045454545454545456,0.0,0.0,0.09090909090909091,0.0,0.0,0.0,0.6363636363636364,0.045454545454545456,0.0,0.13636363636363635,0.18181818181818182,0.22727272727272727,0.22727272727272727,0.22727272727272727,0.18181818181818182,0.2727272727272727,0.22727272727272727
024300131,0.7368421052631579,0.42105263157894735,0.5263157894736842,0.05263157894736842,0.21052631578947367,0.21052631578947367,0.21052631578947367,0.2631578947368421,0.2631578947368421,0.3684210526315789,0.15789473684210525,0.21052631578947367,0.21052631578947367,0.15789473684210525,0.05263157894736842,0.42105263157894735,0.21052631578947367,0.5263157894736842,0.3157894736842105,0.3684210526315789,0.3684210526315789,0.15789473684210525,0.42105263157894735,0.05263157894736842,0.10526315789473684,0.3157894736842105,0.3157894736842105,0.3684210526315789
024300132,0.375,0.0,0.20833333333333334,0.0,0.0,0.0,0.0,0.0,0.125,0.0,0.0,0.0,0.0,0.0,0.0,0.0,0.0,0.5416666666666666,0.0,0.0,0.4166666666666667,0.0,0.0,0.0,0.0,0.0,0.0,0.0
024300135,0.5384615384615384,0.0,0.34615384615384615,0.0,0.0,0.0,0.0,0.0,0.11538461538461539,0.0,0.0,0.0,0.0,0.0,0.0,0.0,0.0,0.4230769230769231,0.0,0.0,0.0,0.0,0.07692307692307693,0.0,0.0,0.0,0.0,0.038461538461538464
024300189,0.631578947368421,0.6842105263157895,0.7368421052631579,0.42105263157894735,0.47368421052631576,0.3684210526315789,0.47368421052631576,0.47368421052631576,0.42105263157894735,0.3684210526315789,0.42105263157894735,0.42105263157894735,0.5789473684210527,0.5789473684210527,0.5263157894736842,0.2631578947368421,0.15789473684210525,0.7368421052631579,0.42105263157894735,0.3684210526315789,0.3684210526315789,0.2631578947368421,0.47368421052631576,0.5789473684210527,0.6842105263157895,0.2631578947368421,0.631578947368421,0.7368421052631579
024300221,0.6428571428571429,0.14285714285714285,0.5,0.0,0.0,0.0,0.0,0.0,0.14285714285714285,0.0,0.21428571428571427,0.0,0.14285714285714285,0.14285714285714285,0.14285714285714285,0.0,0.0,0.7857142857142857,0.14285714285714285,0.21428571428571427,0.35714285714285715,0.14285714285714285,0.14285714285714285,0.0,0.21428571428571427,0.07142857142857142,0.21428571428571427,0.35714285714285715
024300270,0.35714285714285715,0.0,0.5714285714285714,0.0,0.0,0.0,0.0,0.0,0.0,0.0,0.0,0.0,0.0,0.14285714285714285,0.0,0.0,0.0,0.7857142857142857,0.0,0.0,0.14285714285714285,0.0,0.2857142857142857,0.0,0.0,0.0,0.0,0.0
024300330,0.5,0.16666666666666666,0.5555555555555556,0.0,0.0,0.0,0.0,0.0,0.0,0.0,0.05555555555555555,0.0,0.0,0.0,0.0,0.0,0.0,0.4444444444444444,0.2777777777777778,0.0,0.0,0.0,0.2222222222222222,0.1111111111111111,0.0,0.0,0.3333333333333333,0.0
024300345,0.6,0.0,0.5,0.0,0.0,0.0,0.0,0.0,0.0,0.15,0.0,0.0,0.0,0.0,0.0,0.0,0.0,0.4,0.0,0.0,0.15,0.0,0.1,0.0,0.0,0.0,0.1,0.0
024300360,0.7,0.25,0.5,0.35,0.25,0.2,0.25,0.35,0.25,0.4,0.2,0.3,0.1,0.4,0.1,0.45,0.35,0.45,0.35,0.4,0.5,0.4,0.45,0.45,0.2,0.4,0.4,0.25
024500006,0.3125,0.23529411764705882,0.5294117647058824,0.17647058823529413,0.23529411764705882,0.11764705882352941,0.11764705882352941,0.11764705882352941,0.0625,0.058823529411764705,0.0,0.17647058823529413,0.0,0.11764705882352941,0.0,0.0,0.0,0.47058823529411764,0.0,0.23529411764705882,0.4117647058823529,0.0,0.058823529411764705,0.0,0.29411764705882354,0.058823529411764705,0.23529411764705882,0.4117647058823529
024500021,0.42424242424242425,0.029411764705882353,0.5588235294117647,0.058823529411764705,0.0,0.0,0.0,0.0,0.06060606060606061,0.0,0.0,0.08823529411764706,0.0,0.0,0.0,0.0,0.0,0.29411764705882354,0.0,0.0,0.0,0.0,0.08823529411764706,0.0,0.08823529411764706,0.0,0.08823529411764706,0.058823529411764705
024500033,0.47368421052631576,0.35,0.55,0.0,0.0,0.0,0.05,0.05,0.15789473684210525,0.3,0.05,0.15,0.0,0.1,0.0,0.0,0.0,0.5,0.15,0.1,0.15,0.05,0.1,0.1,0.15,0.1,0.1,0.05
024500095,0.5909090909090909,0.18181818181818182,0.4090909090909091,0.18181818181818182,0.0,0.0,0.09090909090909091,0.09090909090909091,0.18181818181818182,0.13636363636363635,0.0,0.0,0.0,0.045454545454545456,0.0,0.0,0.09090909090909091,0.7272727272727273,0.18181818181818182,0.18181818181818182,0.2727272727272727,0.18181818181818182,0.22727272727272727,0.18181818181818182,0.3181818181818182,0.13636363636363635,0.22727272727272727,0.13636363636363635
024500126,0.5833333333333334,0.0,0.3076923076923077,0.0,0.0,0.0,0.0,0.0,0.25,0.0,0.0,0.0,0.0,0.0,0.0,0.0,0.0,0.3076923076923077,0.0,0.0,0.0,0.0,0.0,0.0,0.0,0.0,0.0,0.0
024500139,0.75,0.0,0.3076923076923077,0.0,0.0,0.0,0.0,0.0,0.08333333333333333,0.0,0.0,0.0,0.0,0.0,0.0,0.0,0.0,0.0,0.0,0.0,0.0,0.0,0.0,0.0,0.0,0.0,0.0,0.0
024500141,0.42105263157894735,0.10526315789473684,0.6842105263157895,0.0,0.0,0.0,0.0,0.0,0.5263157894736842,0.0,0.0,0.0,0.0,0.0,0.0,0.0,0.0,0.3157894736842105,0.3157894736842105,0.0,0.0,0.0,0.05263157894736842,0.0,0.0,0.0,0.3157894736842105,0.0
024500147,0.36363636363636365,0.0,0.4090909090909091,0.0,0.0,0.0,0.0,0.0,0.0,0.0,0.0,0.0,0.0,0.0,0.0,0.0,0.0,0.0,0.0,0.0,0.0,0.0,0.0,0.0,0.09090909090909091,0.0,0.0,0.0
024500151,0.3888888888888889,0.05263157894736842,0.47368421052631576,0.0,0.0,0.0,0.0,0.0,0.05555555555555555,0.15789473684210525,0.10526315789473684,0.0,0.0,0.0,0.0,0.0,0.0,0.7894736842105263,0.0,0.0,0.0,0.0,0.0,0.0,0.05263157894736842,0.15789473684210525,0.05263157894736842,0.0
024500156,0.4,0.0,0.3333333333333333,0.06666666666666667,0.0,0.06666666666666667,0.06666666666666667,0.06666666666666667,0.06666666666666667,0.06666666666666667,0.0,0.06666666666666667,0.06666666666666667,0.0,0.06666666666666667,0.06666666666666667,0.06666666666666667,0.3333333333333333,0.06666666666666667,0.06666666666666667,0.06666666666666667,0.06666666666666667,0.06666666666666667,0.0,0.2,0.0,0.2,0.2
024500164,0.6,0.13333333333333333,0.13333333333333333,0.0,0.0,0.0,0.0,0.13333333333333333,0.06666666666666667,0.0,0.0,0.0,0.0,0.0,0.0,0.0,0.0,0.26666666666666666,0.13333333333333333,0.0,0.3333333333333333,0.0,0.0,0.13333333333333333,0.13333333333333333,0.0,0.13333333333333333,0.06666666666666667
024500228,0.4782608695652174,0.0,0.4166666666666667,0.0,0.041666666666666664,0.041666666666666664,0.041666666666666664,0.0,0.08695652173913043,0.08333333333333333,0.0,0.0,0.041666666666666664,0.0,0.041666666666666664,0.041666666666666664,0.0,0.08333333333333333,0.0,0.0,0.0,0.0,0.125,0.0,0.0,0.0,0.0,0.041666666666666664
024500250,0.47619047619047616,0.0,0.45,0.0,0.0,0.1,0.0,0.0,0.09523809523809523,0.1,0.0,0.0,0.1,0.1,0.0,0.0,0.0,0.3,0.0,0.0,0.1,0.0,0.0,0.0,0.15,0.0,0.0,0.0
024500268,0.5652173913043478,0.08695652173913043,0.8260869565217391,0.08695652173913043,0.0,0.0,0.043478260869565216,0.08695652173913043,0.17391304347826086,0.08695652173913043,0.0,0.08695652173913043,0.0,0.08695652173913043,0.08695652173913043,0.0,0.0,0.6521739130434783,0.13043478260869565,0.08695652173913043,0.17391304347826086,0.043478260869565216,0.21739130434782608,0.08695652173913043,0.17391304347826086,0.08695652173913043,0.08695652173913043,0.17391304347826086
024500284,0.7407407407407407,0.2222222222222222,0.5555555555555556,0.037037037037037035,0.037037037037037035,0.0,0.037037037037037035,0.14814814814814814,0.25925925925925924,0.037037037037037035,0.037037037037037035,0.14814814814814814,0.0,0.1111111111111111,0.0,0.0,0.037037037037037035,0.5185185185185185,0.18518518518518517,0.037037037037037035,0.2962962962962963,0.037037037037037035,0.18518518518518517,0.1111111111111111,0.2222222222222222,0.1111111111111111,0.2962962962962963,0.25925925925925924
024500317,0.8235294117647058,0.0,0.4117647058823529,0.11764705882352941,0.0,0.0,0.0,0.0,0.17647058823529413,0.0,0.0,0.4117647058823529,0.0,0.0,0.0,0.0,0.0,0.6470588235294118,0.23529411764705882,0.0,0.17647058823529413,0.0,0.23529411764705882,0.47058823529411764,0.29411764705882354,0.11764705882352941,0.0,0.23529411764705882
024500327,0.6,0.4666666666666667,0.6,0.6,0.26666666666666666,0.13333333333333333,0.13333333333333333,0.4666666666666667,0.3333333333333333,0.4666666666666667,0.13333333333333333,0.13333333333333333,0.26666666666666666,0.13333333333333333,0.13333333333333333,0.4666666666666667,0.13333333333333333,0.6666666666666666,0.4666666666666667,0.26666666666666666,0.5333333333333333,0.4666666666666667,0.4,0.4,0.4666666666666667,0.4,0.4,0.4
024500333,0.46153846153846156,0.2,0.8,0.0,0.0,0.0,0.2,0.0,0.38461538461538464,0.2,0.26666666666666666,0.2,0.0,0.06666666666666667,0.0,0.0,0.0,0.3333333333333333,0.2,0.0,0.4,0.2,0.2,0.2,0.26666666666666666,0.26666666666666666,0.4,0.4666666666666667
024500350,0.5555555555555556,0.21052631578947367,0.3684210526315789,0.10526315789473684,0.15789473684210525,0.0,0.15789473684210525,0.10526315789473684,0.16666666666666666,0.0,0.10526315789473684,0.10526315789473684,0.15789473684210525,0.15789473684210525,0.0,0.05263157894736842,0.10526315789473684,0.6842105263157895,0.15789473684210525,0.15789473684210525,0.21052631578947367,0.10526315789473684,0.15789473684210525,0.05263157894736842,0.15789473684210525,0.10526315789473684,0.10526315789473684,0.10526315789473684
024500363,0.5217391304347826,0.2916666666666667,0.4166666666666667,0.0,0.0,0.0,0.0,0.0,0.17391304347826086,0.041666666666666664,0.041666666666666664,0.0,0.0,0.041666666666666664,0.0,0.0,0.0,0.4583333333333333,0.16666666666666666,0.125,0.0,0.0,0.041666666666666664,0.041666666666666664,0.25,0.041666666666666664,0.20833333333333334,0.0
026210005,0.5,0.3,0.4,0.0,0.0,0.0,0.0,0.0,0.3,0.0,0.15,0.0,0.0,0.15,0.0,0.0,0.0,0.3,0.0,0.25,0.0,0.0,0.1,0.1,0.0,0.0,0.2,0.15
026210047,0.45161290322580644,0.0967741935483871,0.5161290322580645,0.0,0.0,0.0,0.03225806451612903,0.03225806451612903,0.0967741935483871,0.12903225806451613,0.03225806451612903,0.0,0.0,0.12903225806451613,0.03225806451612903,0.0,0.0,0.45161290322580644,0.03225806451612903,0.0,0.03225806451612903,0.06451612903225806,0.0,0.06451612903225806,0.0,0.0,0.1935483870967742,0.0
026210096,0.5,0.05555555555555555,0.2777777777777778,0.0,0.05555555555555555,0.0,0.05555555555555555,0.05555555555555555,0.2222222222222222,0.05555555555555555,0.05555555555555555,0.0,0.0,0.05555555555555555,0.0,0.05555555555555555,0.0,0.1111111111111111,0.05555555555555555,0.05555555555555555,0.0,0.0,0.05555555555555555,0.05555555555555555,0.05555555555555555,0.05555555555555555,0.0,0.16666666666666666
026210123,0.4444444444444444,0.11538461538461539,0.46153846153846156,0.0,0.0,0.0,0.11538461538461539,0.0,0.25925925925925924,0.0,0.11538461538461539,0.0,0.0,0.038461538461538464,0.07692307692307693,0.0,0.0,0.2692307692307692,0.0,0.0,0.19230769230769232,0.0,0.19230769230769232,0.0,0.23076923076923078,0.038461538461538464,0.07692307692307693,0.19230769230769232
026210132,0.47368421052631576,0.09523809523809523,0.2857142857142857,0.0,0.0,0.0,0.0,0.0,0.10526315789473684,0.047619047619047616,0.19047619047619047,0.0,0.09523809523809523,0.0,0.0,0.0,0.0,0.19047619047619047,0.0,0.0,0.09523809523809523,0.0,0.047619047619047616,0.0,0.0,0.0,0.19047619047619047,0.0
026210135,0.6428571428571429,0.0,0.21428571428571427,0.0,0.0,0.0,0.0,0.0,0.0,0.0,0.0,0.0,0.0,0.0,0.0,0.0,0.0,0.7142857142857143,0.07142857142857142,0.0,0.0,0.0,0.0,0.0,0.0,0.0,0.0,0.07142857142857142
026210136,0.75,0.25,0.4375,0.0,0.0,0.0,0.0,0.0,0.0,0.0,0.0,0.0,0.0,0.0,0.0,0.0,0.0,0.6875,0.0,0.0,0.0,0.0,0.125,0.125,0.0625,0.0,0.0625,0.0625
026210141,0.7894736842105263,0.25,0.55,0.0,0.0,0.0,0.0,0.05,0.2631578947368421,0.35,0.15,0.0,0.0,0.1,0.0,0.05,0.0,0.45,0.55,0.0,0.15,0.2,0.1,0.2,0.25,0.0,0.3,0.1
026210157,0.56,0.38461538461538464,0.6153846153846154,0.19230769230769232,0.46153846153846156,0.38461538461538464,0.4230769230769231,0.34615384615384615,0.24,0.46153846153846156,0.4230769230769231,0.19230769230769232,0.038461538461538464,0.38461538461538464,0.19230769230769232,0.038461538461538464,0.3076923076923077,0.5,0.38461538461538464,0.4230769230769231,0.46153846153846156,0.46153846153846156,0.46153846153846156,0.4230769230769231,0.46153846153846156,0.38461538461538464,0.3076923076923077,0.46153846153846156
026210177,0.3333333333333333,0.1111111111111111,0.2222222222222222,0.2777777777777778,0.1111111111111111,0.1111111111111111,0.1111111111111111,0.1111111111111111,0.2222222222222222,0.1111111111111111,0.1111111111111111,0.1111111111111111,0.1111111111111111,0.1111111111111111,0.3888888888888889,0.3333333333333333,0.1111111111111111,0.2777777777777778,0.1111111111111111,0.1111111111111111,0.1111111111111111,0.1111111111111111,0.2222222222222222,0.16666666666666666,0.16666666666666666,0.16666666666666666,0.16666666666666666,0.1111111111111111
026210185,0.8888888888888888,0.3333333333333333,0.6111111111111112,0.05555555555555555,0.05555555555555555,0.05555555555555555,0.05555555555555555,0.1111111111111111,0.16666666666666666,0.05555555555555555,0.3333333333333333,0.05555555555555555,0.05555555555555555,0.2777777777777778,0.05555555555555555,0.05555555555555555,0.05555555555555555,0.7222222222222222,0.3333333333333333,0.3333333333333333,0.2222222222222222,0.05555555555555555,0.2777777777777778,0.1111111111111111,0.2222222222222222,0.1111111111111111,0.1111111111111111,0.05555555555555555
026210203,0.5454545454545454,0.0,0.5909090909090909,0.0,0.0,0.0,0.0,0.0,0.045454545454545456,0.0,0.0,0.0,0.0,0.0,0.0,0.0,0.0,0.09090909090909091,0.18181818181818182,0.0,0.0,0.0,0.045454545454545456,0.0,0.045454545454545456,0.0,0.045454545454545456,0.0
026210213,0.5333333333333333,0.3333333333333333,0.6,0.06666666666666667,0.2,0.06666666666666667,0.06666666666666667,0.06666666666666667,0.2,0.06666666666666667,0.06666666666666667,0.2,0.3333333333333333,0.06666666666666667,0.06666666666666667,0.06666666666666667,0.3333333333333333,0.2,0.06666666666666667,0.3333333333333333,0.2,0.06666666666666667,0.06666666666666667,0.26666666666666666,0.26666666666666666,0.06666666666666667,0.13333333333333333,0.13333333333333333
026210220,0.4583333333333333,0.24,0.4,0.0,0.04,0.04,0.0,0.04,0.16666666666666666,0.04,0.04,0.0,0.12,0.04,0.0,0.0,0.0,0.2,0.0,0.2,0.28,0.04,0.04,0.08,0.04,0.08,0.04,0.04
026210231,0.5,0.5833333333333334,0.3333333333333333,0.0,0.0,0.0,0.0,0.0,0.0,0.0,0.08333333333333333,0.0,0.0,0.0,0.0,0.0,0.0,0.25,0.16666666666666666,0.0,0.08333333333333333,0.0,0.16666666666666666,0.0,0.0,0.0,0.0,0.0
026210242,0.6470588235294118,0.058823529411764705,0.4117647058823529,0.0,0.0,0.0,0.0,0.0,0.17647058823529413,0.058823529411764705,0.35294117647058826,0.0,0.0,0.35294117647058826,0.0,0.0,0.0,0.23529411764705882,0.11764705882352941,0.29411764705882354,0.17647058823529413,0.0,0.0,0.0,0.11764705882352941,0.0,0.0,0.0
026210262,0.7,0.5,0.8,0.2,0.0,0.0,0.2,0.0,0.45,0.4,0.35,0.0,0.25,0.4,0.0,0.0,0.0,0.7,0.65,0.6,0.45,0.15,0.55,0.4,0.45,0.45,0.45,0.55
026210287,0.3333333333333333,0.16666666666666666,0.4166666666666667,0.0,0.0,0.0,0.0,0.0,0.08333333333333333,0.0,0.0,0.0,0.0,0.20833333333333334,0.0,0.0,0.0,0.2916666666666667,0.041666666666666664,0.0,0.16666666666666666,0.125,0.125,0.0,0.0,0.0,0.25,0.08333333333333333
026210299,0.5,0.2,0.35,0.0,0.0,0.0,0.0,0.0,0.15,0.1,0.0,0.0,0.0,0.0,0.0,0.0,0.0,0.45,0.0,0.0,0.05,0.0,0.1,0.05,0.05,0.0,0.15,0.05
026210302,0.8461538461538461,0.5384615384615384,0.6923076923076923,0.0,0.0,0.0,0.0,0.23076923076923078,0.07692307692307693,0.0,0.15384615384615385,0.0,0.0,0.23076923076923078,0.15384615384615385,0.0,0.0,0.5384615384615384,0.0,0.0,0.07692307692307693,0.0,0.15384615384615385,0.23076923076923078,0.15384615384615385,0.0,0.07692307692307693,0.07692307692307693
027990028,0.52,0.12,0.72,0.0,0.0,0.0,0.0,0.0,0.08,0.12,0.0,0.0,0.0,0.28,0.0,0.0,0.0,0.48,0.0,0.0,0.16,0.0,0.04,0.12,0.2,0.0,0.12,0.12
027990046,0.42857142857142855,0.14285714285714285,0.2857142857142857,0.0,0.0,0.0,0.0,0.0,0.14285714285714285,0.07142857142857142,0.0,0.0,0.0,0.07142857142857142,0.0,0.0,0.0,0.42857142857142855,0.0,0.0,0.14285714285714285,0.07142857142857142,0.0,0.0,0.21428571428571427,0.0,0.0,0.0
027990056,0.7,0.23333333333333334,0.6,0.03333333333333333,0.0,0.1,0.1,0.03333333333333333,0.43333333333333335,0.26666666666666666,0.5,0.3,0.1,0.36666666666666664,0.0,0.06666666666666667,0.0,0.5333333333333333,0.03333333333333333,0.16666666666666666,0.4666666666666667,0.26666666666666666,0.3333333333333333,0.26666666666666666,0.43333333333333335,0.36666666666666664,0.3,0.43333333333333335
027990059,0.4444444444444444,0.4,0.4,0.0,0.0,0.0,0.0,0.0,0.05555555555555555,0.0,0.0,0.0,0.0,0.0,0.0,0.0,0.0,0.05,0.0,0.0,0.0,0.0,0.0,0.0,0.1,0.1,0.15,0.0
027990066,0.5,0.4583333333333333,0.7083333333333334,0.125,0.08333333333333333,0.08333333333333333,0.08333333333333333,0.08333333333333333,0.2916666666666667,0.08333333333333333,0.25,0.08333333333333333,0.08333333333333333,0.125,0.08333333333333333,0.08333333333333333,0.08333333333333333,0.6666666666666666,0.125,0.08333333333333333,0.16666666666666666,0.08333333333333333,0.041666666666666664,0.08333333333333333,0.16666666666666666,0.16666666666666666,0.125,0.08333333333333333
027990153,0.46153846153846156,0.6923076923076923,0.5384615384615384,0.07692307692307693,0.07692307692307693,0.07692307692307693,0.07692307692307693,0.07692307692307693,0.8461538461538461,0.5384615384615384,0.07692307692307693,0.07692307692307693,0.07692307692307693,0.23076923076923078,0.07692307692307693,0.07692307692307693,0.07692307692307693,0.8461538461538461,0.46153846153846156,0.23076923076923078,0.15384615384615385,0.3076923076923077,0.6153846153846154,0.23076923076923078,0.6153846153846154,0.38461538461538464,0.46153846153846156,0.3076923076923077
027990156,0.3793103448275862,0.3333333333333333,0.3,0.0,0.0,0.06666666666666667,0.0,0.03333333333333333,0.3448275862068966,0.06666666666666667,0.16666666666666666,0.0,0.0,0.1,0.0,0.0,0.0,0.5666666666666667,0.0,0.03333333333333333,0.06666666666666667,0.1,0.13333333333333333,0.16666666666666666,0.26666666666666666,0.13333333333333333,0.03333333333333333,0.16666666666666666
027990160,0.4444444444444444,0.2222222222222222,0.7222222222222222,0.0,0.0,0.0,0.0,0.0,0.2777777777777778,0.3888888888888889,0.0,0.3333333333333333,0.0,0.0,0.0,0.0,0.0,0.6111111111111112,0.0,0.0,0.5555555555555556,0.16666666666666666,0.1111111111111111,0.16666666666666666,0.3333333333333333,0.1111111111111111,0.3333333333333333,0.2777777777777778
027990162,0.5517241379310345,0.3793103448275862,0.6896551724137931,0.0,0.0,0.0,0.0,0.0,0.3448275862068966,0.0,0.0,0.0,0.0,0.034482758620689655,0.0,0.0,0.0,0.4482758620689655,0.0,0.0,0.10344827586206896,0.034482758620689655,0.10344827586206896,0.3103448275862069,0.10344827586206896,0.06896551724137931,0.13793103448275862,0.2413793103448276
027990167,0.47058823529411764,0.3333333333333333,0.5,0.0,0.0,0.0,0.0,0.16666666666666666,0.23529411764705882,0.0,0.1111111111111111,0.0,0.0,0.3333333333333333,0.0,0.0,0.16666666666666666,0.2222222222222222,0.0,0.16666666666666666,0.05555555555555555,0.0,0.0,0.0,0.0,0.2222222222222222,0.0,0.1111111111111111
027990201,0.6,0.0,0.2,0.0,0.0,0.0,0.0,0.0,0.05,0.0,0.1,0.0,0.0,0.0,0.0,0.0,0.0,0.4,0.0,0.0,0.0,0.0,0.0,0.05,0.0,0.0,0.0,0.05
027990232,0.7777777777777778,0.15789473684210525,0.5263157894736842,0.0,0.0,0.0,0.0,0.0,0.3333333333333333,0.0,0.10526315789473684,0.0,0.0,0.15789473684210525,0.0,0.0,0.0,0.8421052631578947,0.0,0.0,0.10526315789473684,0.0,0.0,0.21052631578947367,0.0,0.0,0.2631578947368421,0.0
027990242,0.29411764705882354,0.11764705882352941,0.17647058823529413,0.058823529411764705,0.058823529411764705,0.058823529411764705,0.058823529411764705,0.058823529411764705,0.29411764705882354,0.11764705882352941,0.058823529411764705,0.058823529411764705,0.058823529411764705,0.058823529411764705,0.058823529411764705,0.058823529411764705,0.058823529411764705,0.7647058823529411,0.058823529411764705,0.058823529411764705,0.0,0.058823529411764705,0.058823529411764705,0.058823529411764705,0.058823529411764705,0.058823529411764705,0.0,0.058823529411764705
027990247,0.6956521739130435,0.2916666666666667,0.5,0.16666666666666666,0.20833333333333334,0.0,0.0,0.125,0.08695652173913043,0.08333333333333333,0.08333333333333333,0.0,0.20833333333333334,0.16666666666666666,0.08333333333333333,0.0,0.0,0.2916666666666667,0.2916666666666667,0.08333333333333333,0.125,0.08333333333333333,0.20833333333333334,0.0,0.20833333333333334,0.0,0.20833333333333334,0.125
027990264,0.6923076923076923,0.11538461538461539,0.46153846153846156,0.0,0.0,0.0,0.0,0.0,0.3076923076923077,0.0,0.0,0.0,0.0,0.2692307692307692,0.0,0.0,0.0,0.5,0.23076923076923078,0.0,0.0,0.0,0.15384615384615385,0.0,0.23076923076923078,0.0,0.07692307692307693,0.11538461538461539
027990309,0.46153846153846156,0.15384615384615385,0.3076923076923077,0.0,0.0,0.0,0.0,0.0,0.0,0.0,0.0,0.0,0.0,0.0,0.0,0.0,0.0,0.15384615384615385,0.0,0.0,0.15384615384615385,0.0,0.15384615384615385,0.0,0.15384615384615385,0.0,0.15384615384615385,0.07692307692307693
027990328,0.6666666666666666,0.5,0.5,0.125,0.125,0.0,0.125,0.125,0.2916666666666667,0.20833333333333334,0.125,0.2916666666666667,0.0,0.125,0.0,0.0,0.0,0.5416666666666666,0.20833333333333334,0.125,0.4166666666666667,0.125,0.5416666666666666,0.2916666666666667,0.2916666666666667,0.125,0.4166666666666667,0.2916666666666667
027990330,0.6666666666666666,0.04,0.36,0.0,0.0,0.0,0.0,0.0,0.125,0.0,0.2,0.0,0.0,0.2,0.0,0.0,0.0,0.68,0.0,0.0,0.2,0.0,0.2,0.0,0.0,0.0,0.0,0.0
027990341,0.5454545454545454,0.0,0.48,0.0,0.0,0.0,0.0,0.12,0.09090909090909091,0.0,0.0,0.0,0.0,0.0,0.0,0.0,0.0,0.6,0.0,0.0,0.12,0.0,0.08,0.0,0.16,0.0,0.04,0.12
027990358,0.6296296296296297,0.17857142857142858,0.35714285714285715,0.0,0.0,0.0,0.0,0.0,0.037037037037037035,0.0,0.0,0.0,0.0,0.03571428571428571,0.0,0.0,0.0,0.35714285714285715,0.0,0.07142857142857142,0.07142857142857142,0.0,0.03571428571428571,0.0,0.0,0.0,0.03571428571428571,0.03571428571428571
029810020,0.6111111111111112,0.16666666666666666,0.4444444444444444,0.1111111111111111,0.1111111111111111,0.0,0.1111111111111111,0.1111111111111111,0.16666666666666666,0.1111111111111111,0.05555555555555555,0.1111111111111111,0.1111111111111111,0.0,0.0,0.1111111111111111,0.1111111111111111,0.2222222222222222,0.1111111111111111,0.1111111111111111,0.1111111111111111,0.1111111111111111,0.2222222222222222,0.0,0.1111111111111111,0.2777777777777778,0.1111111111111111,0.1111111111111111
029810027,0.5862068965517241,0.09375,0.625,0.4375,0.15625,0.09375,0.1875,0.125,0.20689655172413793,0.15625,0.1875,0.25,0.09375,0.1875,0.15625,0.21875,0.21875,0.6875,0.21875,0.0625,0.15625,0.0625,0.0625,0.125,0.125,0.09375,0.1875,0.21875
029810135,0.36363636363636365,0.13043478260869565,0.43478260869565216,0.13043478260869565,0.0,0.0,0.0,0.0,0.13636363636363635,0.0,0.0,0.0,0.0,0.0,0.0,0.0,0.0,0.391304347826087,0.0,0.0,0.13043478260869565,0.0,0.0,0.0,0.043478260869565216,0.0,0.0,0.0
029810139,0.47368421052631576,0.3684210526315789,0.47368421052631576,0.0,0.0,0.0,0.0,0.0,0.15789473684210525,0.0,0.0,0.0,0.0,0.2631578947368421,0.10526315789473684,0.05263157894736842,0.0,0.3157894736842105,0.0,0.0,0.42105263157894735,0.0,0.2631578947368421,0.10526315789473684,0.10526315789473684,0.0,0.15789473684210525,0.05263157894736842
029810147,0.3333333333333333,0.125,0.5,0.0,0.0,0.0,0.0,0.0,0.13333333333333333,0.0,0.0,0.0,0.0,0.0,0.0625,0.0625,0.0,0.125,0.25,0.0625,0.0625,0.0,0.0,0.0,0.0,0.0,0.0,0.0
029810158,0.4375,0.125,0.375,0.0,0.0625,0.0,0.0625,0.0,0.0,0.0,0.0625,0.0,0.0625,0.0625,0.0,0.0,0.0,0.0,0.0625,0.0625,0.0,0.0,0.0,0.0,0.125,0.0,0.0625,0.0
029810200,0.5384615384615384,0.21428571428571427,0.35714285714285715,0.35714285714285715,0.2857142857142857,0.14285714285714285,0.14285714285714285,0.35714285714285715,0.3076923076923077,0.14285714285714285,0.14285714285714285,0.14285714285714285,0.2857142857142857,0.2857142857142857,0.35714285714285715,0.14285714285714285,0.14285714285714285,0.14285714285714285,0.35714285714285715,0.35714285714285715,0.14285714285714285,0.14285714285714285,0.21428571428571427,0.14285714285714285,0.14285714285714285,0.14285714285714285,0.14285714285714285,0.14285714285714285
029810204,0.7647058823529411,0.23529411764705882,0.4117647058823529,0.23529411764705882,0.0,0.0,0.0,0.11764705882352941,0.23529411764705882,0.11764705882352941,0.0,0.29411764705882354,0.0,0.0,0.0,0.0,0.11764705882352941,1.0,0.29411764705882354,0.0,0.4117647058823529,0.0,0.17647058823529413,0.11764705882352941,0.29411764705882354,0.058823529411764705,0.47058823529411764,0.4117647058823529
029810216,0.7692307692307693,0.0,0.46153846153846156,0.0,0.0,0.0,0.0,0.0,0.15384615384615385,0.0,0.0,0.0,0.0,0.0,0.0,0.0,0.0,0.8461538461538461,0.0,0.0,0.15384615384615385,0.0,0.07692307692307693,0.0,0.0,0.23076923076923078,0.23076923076923078,0.0
029810221,0.45454545454545453,0.2608695652173913,0.5652173913043478,0.0,0.17391304347826086,0.0,0.08695652173913043,0.0,0.18181818181818182,0.08695652173913043,0.13043478260869565,0.17391304347826086,0.0,0.30434782608695654,0.08695652173913043,0.0,0.13043478260869565,0.34782608695652173,0.2608695652173913,0.17391304347826086,0.391304347826087,0.21739130434782608,0.21739130434782608,0.043478260869565216,0.08695652173913043,0.17391304347826086,0.2608695652173913,0.08695652173913043
029810234,0.4642857142857143,0.10344827586206896,0.3793103448275862,0.2413793103448276,0.0,0.034482758620689655,0.034482758620689655,0.10344827586206896,0.14285714285714285,0.034482758620689655,0.06896551724137931,0.10344827586206896,0.0,0.13793103448275862,0.0,0.034482758620689655,0.034482758620689655,0.20689655172413793,0.10344827586206896,0.10344827586206896,0.3103448275862069,0.0,0.1724137931034483,0.1724137931034483,0.2413793103448276,0.034482758620689655,0.1724137931034483,0.20689655172413793
029810235,0.5925925925925926,0.5517241379310345,0.8275862068965517,0.06896551724137931,0.20689655172413793,0.0,0.0,0.2413793103448276,0.37037037037037035,0.1724137931034483,0.1724137931034483,0.0,0.0,0.2413793103448276,0.034482758620689655,0.0,0.0,0.5517241379310345,0.10344827586206896,0.10344827586206896,0.27586206896551724,0.27586206896551724,0.3103448275862069,0.3448275862068966,0.20689655172413793,0.1724137931034483,0.41379310344827586,0.0
029810243,0.8125,0.375,0.375,0.0,0.0,0.0,0.0,0.0,0.375,0.125,0.0,0.0,0.0,0.125,0.0,0.0,0.0,0.375,0.0,0.0,0.0,0.0625,0.0625,0.0,0.4375,0.0,0.1875,0.25
029810283,0.47058823529411764,0.5294117647058824,0.5294117647058824,0.0,0.0,0.0,0.0,0.0,0.29411764705882354,0.0,0.0,0.0,0.0,0.0,0.0,0.0,0.0,0.0,0.0,0.0,0.0,0.0,0.0,0.0,0.0,0.0,0.11764705882352941,0.0
029810294,0.5,0.42857142857142855,0.47619047619047616,0.2857142857142857,0.09523809523809523,0.2857142857142857,0.14285714285714285,0.14285714285714285,0.3,0.19047619047619047,0.19047619047619047,0.2857142857142857,0.19047619047619047,0.3333333333333333,0.09523809523809523,0.5238095238095238,0.19047619047619047,0.38095238095238093,0.09523809523809523,0.19047619047619047,0.2857142857142857,0.2857142857142857,0.2857142857142857,0.2857142857142857,0.2857142857142857,0.23809523809523808,0.3333333333333333,0.23809523809523808
029810301,0.5714285714285714,0.26666666666666666,0.6,0.0,0.0,0.0,0.0,0.0,0.21428571428571427,0.2,0.13333333333333333,0.2,0.0,0.13333333333333333,0.0,0.0,0.0,0.06666666666666667,0.2,0.13333333333333333,0.13333333333333333,0.13333333333333333,0.0,0.13333333333333333,0.3333333333333333,0.13333333333333333,0.2,0.13333333333333333
029810315,0.47619047619047616,0.09523809523809523,0.3333333333333333,0.19047619047619047,0.0,0.14285714285714285,0.14285714285714285,0.19047619047619047,0.19047619047619047,0.047619047619047616,0.19047619047619047,0.19047619047619047,0.0,0.14285714285714285,0.047619047619047616,0.047619047619047616,0.19047619047619047,0.5238095238095238,0.19047619047619047,0.14285714285714285,0.23809523809523808,0.09523809523809523,0.09523809523809523,0.047619047619047616,0.047619047619047616,0.0,0.047619047619047616,0.0
029810349,0.7222222222222222,0.3157894736842105,0.47368421052631576,0.0,0.05263157894736842,0.0,0.0,0.0,0.2777777777777778,0.05263157894736842,0.05263157894736842,0.05263157894736842,0.05263157894736842,0.05263157894736842,0.0,0.05263157894736842,0.0,0.42105263157894735,0.0,0.0,0.3157894736842105,0.05263157894736842,0.10526315789473684,0.10526315789473684,0.10526315789473684,0.0,0.15789473684210525,0.10526315789473684
029810350,0.6666666666666666,0.09090909090909091,0.696969696969697,0.09090909090909091,0.09090909090909091,0.06060606060606061,0.06060606060606061,0.09090909090909091,0.16666666666666666,0.0,0.18181818181818182,0.06060606060606061,0.09090909090909091,0.15151515151515152,0.15151515151515152,0.06060606060606061,0.09090909090909091,0.6666666666666666,0.09090909090909091,0.15151515151515152,0.21212121212121213,0.0,0.18181818181818182,0.06060606060606061,0.06060606060606061,0.06060606060606061,0.18181818181818182,0.15151515151515152
029810360,0.8,0.1,0.5,0.0,0.0,0.0,0.0,0.0,0.1,0.0,0.0,0.0,0.0,0.0,0.0,0.0,0.0,0.7,0.0,0.0,0.0,0.0,0.0,0.0,0.0,0.0,0.0,0.0
030020008,0.5384615384615384,0.0,0.3076923076923077,0.0,0.0,0.0,0.0,0.0,0.07692307692307693,0.0,0.0,0.0,0.0,0.0,0.0,0.0,0.0,0.6923076923076923,0.0,0.0,0.0,0.0,0.0,0.0,0.0,0.0,0.0,0.0
030020012,0.5333333333333333,0.0,0.6,0.06666666666666667,0.0,0.0,0.13333333333333333,0.06666666666666667,0.06666666666666667,0.06666666666666667,0.26666666666666666,0.13333333333333333,0.13333333333333333,0.2,0.13333333333333333,0.0,0.13333333333333333,0.26666666666666666,0.06666666666666667,0.06666666666666667,0.2,0.13333333333333333,0.06666666666666667,0.06666666666666667,0.06666666666666667,0.06666666666666667,0.06666666666666667,0.06666666666666667
030020022,0.6,0.0,0.45454545454545453,0.0,0.0,0.0,0.0,0.0,0.1,0.0,0.0,0.0,0.0,0.0,0.0,0.18181818181818182,0.0,0.45454545454545453,0.0,0.0,0.0,0.0,0.0,0.0,0.0,0.0,0.0,0.0
030020047,0.5333333333333333,0.5333333333333333,0.6,0.0,0.0,0.0,0.0,0.0,0.13333333333333333,0.0,0.0,0.2,0.0,0.4,0.0,0.6666666666666666,0.0,0.9333333333333333,0.0,0.26666666666666666,0.2,0.0,0.4666666666666667,0.0,0.2,0.0,0.2,0.26666666666666666
030020048,0.8125,0.26666666666666666,0.6,0.5333333333333333,0.3333333333333333,0.3333333333333333,0.3333333333333333,0.3333333333333333,0.4375,0.4,0.4,0.4,0.4,0.4,0.3333333333333333,0.3333333333333333,0.4,0.4,0.4666666666666667,0.3333333333333333,0.3333333333333333,0.26666666666666666,0.4666666666666667,0.26666666666666666,0.4666666666666667,0.26666666666666666,0.3333333333333333,0.3333333333333333
030020065,0.45454545454545453,0.0,0.8181818181818182,0.0,0.0,0.0,0.0,0.0,0.0,0.0,0.0,0.0,0.0,0.0,0.09090909090909091,0.0,0.0,0.5454545454545454,0.0,0.0,0.0,0.0,0.09090909090909091,0.0,0.18181818181818182,0.0,0.0,0.0
030020077,0.8,0.0,0.6,0.0,0.0,0.0,0.0,0.0,0.0,0.0,0.2,0.0,0.0,0.0,0.0,0.0,0.0,0.7,0.0,0.0,0.7,0.0,0.0,0.0,0.0,0.0,0.0,0.0
030020092,0.8571428571428571,0.3333333333333333,0.4666666666666667,0.13333333333333333,0.0,0.0,0.13333333333333333,0.26666666666666666,0.14285714285714285,0.2,0.26666666666666666,0.26666666666666666,0.0,0.13333333333333333,0.0,0.0,0.26666666666666666,0.3333333333333333,0.3333333333333333,0.26666666666666666,0.26666666666666666,0.0,0.26666666666666666,0.13333333333333333,0.13333333333333333,0.13333333333333333,0.3333333333333333,0.13333333333333333
030020100,0.47058823529411764,0.11764705882352941,0.5882352941176471,0.0,0.0,0.0,0.0,0.0,0.23529411764705882,0.058823529411764705,0.17647058823529413,0.0,0.0,0.0,0.0,0.058823529411764705,0.0,0.7647058823529411,0.0,0.0,0.11764705882352941,0.0,0.0,0.0,0.0,0.058823529411764705,0.058823529411764705,0.0
030020112,0.3,0.0,0.2,0.0,0.0,0.0,0.0,0.0,0.0,0.0,0.0,0.0,0.0,0.0,0.0,0.0,0.0,0.4,0.0,0.0,0.0,0.0,0.0,0.0,0.2,0.0,0.1,0.0
030020117,0.46153846153846156,0.07692307692307693,0.5384615384615384,0.07692307692307693,0.07692307692307693,0.07692307692307693,0.07692307692307693,0.07692307692307693,0.0,0.0,0.07692307692307693,0.3076923076923077,0.07692307692307693,0.07692307692307693,0.07692307692307693,0.38461538461538464,0.07692307692307693,1.0,0.07692307692307693,0.3076923076923077,0.07692307692307693,0.0,0.07692307692307693,0.0,0.23076923076923078,0.0,0.23076923076923078,0.23076923076923078
030020126,0.6363636363636364,0.16666666666666666,0.375,0.16666666666666666,0.041666666666666664,0.041666666666666664,0.041666666666666664,0.041666666666666664,0.045454545454545456,0.041666666666666664,0.2916666666666667,0.4166666666666667,0.041666666666666664,0.08333333333333333,0.041666666666666664,0.041666666666666664,0.041666666666666664,0.6666666666666666,0.3333333333333333,0.125,0.2916666666666667,0.041666666666666664,0.3333333333333333,0.20833333333333334,0.25,0.041666666666666664,0.16666666666666666,0.16666666666666666
030020136,0.7857142857142857,0.6428571428571429,0.7142857142857143,0.35714285714285715,0.21428571428571427,0.21428571428571427,0.35714285714285715,0.35714285714285715,0.5,0.2857142857142857,0.35714285714285715,0.35714285714285715,0.21428571428571427,0.5,0.14285714285714285,0.35714285714285715,0.2857142857142857,0.6428571428571429,0.2857142857142857,0.2857142857142857,0.35714285714285715,0.35714285714285715,0.35714285714285715,0.35714285714285715,0.5,0.35714285714285715,0.35714285714285715,0.35714285714285715
030020138,0.5454545454545454,0.0,0.7272727272727273,0.0,0.0,0.0,0.0,0.0,0.0,0.0,0.2727272727272727,0.0,0.0,0.0,0.0,0.0,0.0,0.9090909090909091,0.0,0.0,0.0,0.0,0.0,0.0,0.36363636363636365,0.0,0.36363636363636365,0.0
030020144,0.42857142857142855,0.5,0.7857142857142857,0.0,0.0,0.0,0.0,0.0,0.14285714285714285,0.0,0.14285714285714285,0.0,0.0,0.21428571428571427,0.0,0.0,0.0,0.5,0.0,0.0,0.0,0.07142857142857142,0.0,0.0,0.14285714285714285,0.0,0.14285714285714285,0.21428571428571427
030020152,0.9,0.0,0.6,0.0,0.0,0.0,0.0,0.0,0.1,0.0,0.0,0.0,0.0,0.0,0.0,0.0,0.0,0.0,0.0,0.0,0.0,0.0,0.0,0.0,0.2,0.0,0.1,0.0
030020159,0.6666666666666666,0.16666666666666666,0.6666666666666666,0.0,0.0,0.0,0.0,0.0,0.08333333333333333,0.0,0.0,0.0,0.0,0.16666666666666666,0.3333333333333333,0.0,0.0,0.5833333333333334,0.0,0.0,0.16666666666666666,0.0,0.3333333333333333,0.16666666666666666,0.25,0.0,0.0,0.5
030020161,0.5714285714285714,0.0,0.35714285714285715,0.0,0.0,0.0,0.0,0.0,0.0,0.0,0.0,0.0,0.0,0.0,0.0,0.0,0.0,0.7142857142857143,0.0,0.0,0.21428571428571427,0.0,0.07142857142857142,0.07142857142857142,0.07142857142857142,0.0,0.0,0.07142857142857142
030020162,0.55,0.15,0.5,0.0,0.0,0.0,0.0,0.1,0.2,0.0,0.4,0.0,0.0,0.4,0.0,0.6,0.0,0.45,0.1,0.0,0.1,0.0,0.1,0.0,0.45,0.0,0.25,0.25
030020172,0.5384615384615384,0.0,0.3076923076923077,0.0,0.0,0.0,0.0,0.0,0.07692307692307693,0.0,0.0,0.0,0.0,0.0,0.0,0.0,0.0,0.38461538461538464,0.0,0.0,0.3076923076923077,0.0,0.0,0.0,0.0,0.0,0.0,0.0
030200005,0.64,0.2222222222222222,0.5555555555555556,0.18518518518518517,0.18518518518518517,0.1111111111111111,0.07407407407407407,0.1111111111111111,0.36,0.18518518518518517,0.2222222222222222,0.25925925925925924,0.1111111111111111,0.18518518518518517,0.1111111111111111,0.1111111111111111,0.1111111111111111,0.4074074074074074,0.1111111111111111,0.07407407407407407,0.4074074074074074,0.2962962962962963,0.5185185185185185,0.1111111111111111,0.18518518518518517,0.07407407407407407,0.07407407407407407,0.14814814814814814
030200011,0.8,0.26666666666666666,0.8,0.0,0.0,0.0,0.0,0.0,0.06666666666666667,0.06666666666666667,0.0,0.0,0.0,0.13333333333333333,0.0,0.0,0.0,0.8666666666666667,0.0,0.0,0.2,0.06666666666666667,0.2,0.0,0.2,0.06666666666666667,0.06666666666666667,0.06666666666666667
030200016,0.9090909090909091,0.8181818181818182,0.9090909090909091,0.0,0.0,0.0,0.0,0.0,0.36363636363636365,0.6363636363636364,0.0,0.0,0.0,0.0,0.0,0.0,0.0,1.0,0.0,0.0,0.2727272727272727,0.5454545454545454,0.0,0.0,0.5454545454545454,0.0,0.36363636363636365,0.0
030200018,0.7857142857142857,0.21428571428571427,0.5,0.0,0.0,0.0,0.0,0.0,0.14285714285714285,0.07142857142857142,0.0,0.0,0.0,0.0,0.0,0.0,0.0,0.7857142857142857,0.6428571428571429,0.0,0.35714285714285715,0.07142857142857142,0.0,0.0,0.07142857142857142,0.07142857142857142,0.07142857142857142,0.5
030200019,0.75,0.5,0.5,0.125,0.25,0.1875,0.25,0.25,0.25,0.3125,0.125,0.5,0.25,0.25,0.125,0.125,0.25,0.625,0.375,0.375,0.3125,0.1875,0.5625,0.25,0.1875,0.1875,0.1875,0.375
030200021,0.9090909090909091,0.13043478260869565,0.4782608695652174,0.043478260869565216,0.043478260869565216,0.043478260869565216,0.0,0.0,0.045454545454545456,0.0,0.08695652173913043,0.0,0.0,0.17391304347826086,0.0,0.0,0.043478260869565216,0.6521739130434783,0.08695652173913043,0.043478260869565216,0.43478260869565216,0.043478260869565216,0.08695652173913043,0.0,0.043478260869565216,0.0,0.17391304347826086,0.08695652173913043
030200037,0.7333333333333333,0.125,0.75,0.125,0.125,0.125,0.125,0.125,0.13333333333333333,0.125,0.125,0.125,0.125,0.125,0.3125,1.0,0.125,0.625,0.125,0.125,0.25,0.125,0.125,0.125,0.125,0.125,0.3125,0.125
030200041,0.7857142857142857,0.21428571428571427,0.35714285714285715,0.21428571428571427,0.0,0.0,0.21428571428571427,0.0,0.35714285714285715,0.0,0.0,0.2857142857142857,0.0,0.0,0.0,0.0,0.0,0.8571428571428571,0.21428571428571427,0.5,0.5,0.14285714285714285,0.2857142857142857,0.0,0.35714285714285715,0.0,0.2857142857142857,0.0
030200049,0.8,0.0,0.36363636363636365,0.0,0.0,0.0,0.0,0.0,0.8,0.0,0.0,0.0,0.0,0.0,1.0,0.0,0.0,0.7272727272727273,0.0,0.0,0.0,0.0,0.0,0.0,0.18181818181818182,0.0,0.18181818181818182,0.0
030200057,0.42857142857142855,0.2857142857142857,0.7857142857142857,0.14285714285714285,0.14285714285714285,0.14285714285714285,0.14285714285714285,0.14285714285714285,0.21428571428571427,0.14285714285714285,0.14285714285714285,0.07142857142857142,0.14285714285714285,0.14285714285714285,0.14285714285714285,0.14285714285714285,0.14285714285714285,0.21428571428571427,0.07142857142857142,0.21428571428571427,0.21428571428571427,0.14285714285714285,0.14285714285714285,0.0,0.07142857142857142,0.14285714285714285,0.14285714285714285,0.07142857142857142
030200076,0.8,0.4,0.6,0.7,0.4,0.4,0.4,0.0,0.9,0.4,0.4,0.4,0.0,0.0,0.0,0.0,0.4,0.7,0.4,0.3,0.3,0.5,0.9,0.0,0.3,0.0,0.7,0.5
030200078,0.7727272727272727,0.4782608695652174,0.6086956521739131,0.17391304347826086,0.08695652173913043,0.17391304347826086,0.08695652173913043,0.2608695652173913,0.5454545454545454,0.34782608695652173,0.08695652173913043,0.30434782608695654,0.08695652173913043,0.34782608695652173,0.0,0.17391304347826086,0.17391304347826086,0.5217391304347826,0.43478260869565216,0.17391304347826086,0.43478260869565216,0.08695652173913043,0.391304347826087,0.2608695652173913,0.34782608695652173,0.4782608695652174,0.5652173913043478,0.2608695652173913
030200087,0.6428571428571429,0.2,0.3333333333333333,0.0,0.0,0.0,0.0,0.0,0.14285714285714285,0.0,0.0,0.0,0.0,0.13333333333333333,0.0,0.0,0.0,1.0,0.0,0.4,0.6,0.0,0.6,0.0,0.26666666666666666,0.0,0.5333333333333333,0.4
030200101,0.6428571428571429,0.42857142857142855,0.6428571428571429,0.0,0.0,0.0,0.0,0.0,0.0,0.0,0.0,0.0,0.0,0.0,0.0,0.35714285714285715,0.0,0.5714285714285714,0.0,0.0,0.0,0.0,0.0,0.0,0.0,0.0,0.21428571428571427,0.14285714285714285
030200105,0.6666666666666666,0.26666666666666666,0.4,0.0,0.0,0.2,0.0,0.0,0.3333333333333333,0.0,0.26666666666666666,0.0,0.0,0.3333333333333333,0.0,0.8,0.0,0.3333333333333333,0.06666666666666667,0.0,0.0,0.0,0.0,0.13333333333333333,0.13333333333333333,0.0,0.0,0.13333333333333333
030200108,0.8,0.1875,0.5625,0.0,0.0,0.0,0.0,0.0,0.2,0.0,0.0625,0.0,0.0,0.0,0.0,0.0,0.0,0.25,0.0,0.0,0.0,0.0,0.0,0.0,0.25,0.0,0.0625,0.0
030200137,0.6,0.4,0.7333333333333333,0.0,0.0,0.0,0.13333333333333333,0.0,0.4,0.06666666666666667,0.0,0.3333333333333333,0.0,0.0,0.0,0.3333333333333333,0.0,0.7333333333333333,0.2,0.3333333333333333,0.4666666666666667,0.26666666666666666,0.13333333333333333,0.0,0.6,0.0,0.26666666666666666,0.26666666666666666
030200151,0.3076923076923077,0.3076923076923077,0.6923076923076923,0.0,0.0,0.0,0.0,0.0,0.5384615384615384,0.0,0.0,0.0,0.15384615384615385,0.38461538461538464,0.46153846153846156,0.6153846153846154,0.15384615384615385,0.6153846153846154,0.0,0.0,0.46153846153846156,0.15384615384615385,0.07692307692307693,0.15384615384615385,0.0,0.15384615384615385,0.15384615384615385,0.15384615384615385
030200153,0.6818181818181818,0.13043478260869565,0.6086956521739131,0.08695652173913043,0.08695652173913043,0.0,0.043478260869565216,0.13043478260869565,0.18181818181818182,0.17391304347826086,0.13043478260869565,0.08695652173913043,0.08695652173913043,0.34782608695652173,0.0,0.0,0.043478260869565216,0.4782608695652174,0.21739130434782608,0.21739130434782608,0.17391304347826086,0.043478260869565216,0.13043478260869565,0.043478260869565216,0.2608695652173913,0.0,0.2608695652173913,0.043478260869565216
030200164,0.7222222222222222,0.1111111111111111,0.6111111111111112,0.16666666666666666,0.16666666666666666,0.1111111111111111,0.16666666666666666,0.1111111111111111,0.3333333333333333,0.1111111111111111,0.1111111111111111,0.1111111111111111,0.16666666666666666,0.1111111111111111,0.16666666666666666,0.16666666666666666,0.1111111111111111,0.5555555555555556,0.2222222222222222,0.16666666666666666,0.2777777777777778,0.16666666666666666,0.16666666666666666,0.1111111111111111,0.05555555555555555,0.1111111111111111,0.16666666666666666,0.1111111111111111
030210005,0.7857142857142857,0.25,0.5,0.1875,0.0,0.0,0.0,0.0,0.35714285714285715,0.0,0.0625,0.1875,0.0,0.125,0.0,0.1875,0.25,0.8125,0.125,0.1875,0.125,0.0,0.25,0.0,0.25,0.1875,0.125,0.0625
030210032,0.7857142857142857,0.2857142857142857,0.42857142857142855,0.0,0.0,0.0,0.0,0.21428571428571427,0.21428571428571427,0.2857142857142857,0.14285714285714285,0.0,0.0,0.07142857142857142,0.0,0.0,0.0,0.8571428571428571,0.35714285714285715,0.35714285714285715,0.2857142857142857,0.21428571428571427,0.07142857142857142,0.21428571428571427,0.21428571428571427,0.07142857142857142,0.21428571428571427,0.35714285714285715
030210041,0.7058823529411765,0.17647058823529413,0.7647058823529411,0.0,0.0,0.0,0.0,0.0,0.23529411764705882,0.17647058823529413,0.0,0.0,0.0,0.0,0.0,0.0,0.0,0.35294117647058826,0.0,0.0,0.29411764705882354,0.0,0.29411764705882354,0.11764705882352941,0.29411764705882354,0.058823529411764705,0.4117647058823529,0.17647058823529413
030210042,0.5,0.7222222222222222,0.6666666666666666,0.2222222222222222,0.2777777777777778,0.0,0.1111111111111111,0.1111111111111111,0.4444444444444444,0.5,0.3333333333333333,0.3333333333333333,0.4444444444444444,0.2222222222222222,0.0,0.4444444444444444,0.0,1.0,0.2222222222222222,0.5,0.2222222222222222,0.5,0.4444444444444444,0.5555555555555556,0.7222222222222222,0.5555555555555556,0.8888888888888888,0.2777777777777778
030210044,0.6666666666666666,0.46153846153846156,0.6923076923076923,0.3076923076923077,0.0,0.15384615384615385,0.3076923076923077,0.46153846153846156,0.6666666666666666,0.0,0.46153846153846156,1.0,0.15384615384615385,0.5384615384615384,0.07692307692307693,0.46153846153846156,0.5384615384615384,0.7692307692307693,0.5384615384615384,0.5384615384615384,0.3076923076923077,0.23076923076923078,0.38461538461538464,0.15384615384615385,0.3076923076923077,0.23076923076923078,0.6153846153846154,0.46153846153846156
030210045,0.875,0.0,0.7,0.1,0.2,0.0,0.1,0.5,0.75,0.0,0.3,0.4,0.2,0.4,0.5,0.8,0.3,0.3,0.1,0.5,0.4,0.0,0.4,0.0,0.0,0.0,0.3,0.1
030210047,0.3125,0.375,0.1875,0.0625,0.0625,0.0625,0.0625,0.0625,0.125,0.0625,0.0625,0.1875,0.0625,0.0625,0.0625,0.0625,0.0625,0.625,0.0625,0.0625,0.3125,0.0625,0.0625,0.0625,0.0625,0.0625,0.0625,0.0625
030210050,0.8181818181818182,0.09090909090909091,0.8181818181818182,0.2727272727272727,0.2727272727272727,0.0,0.2727272727272727,0.2727272727272727,0.2727272727272727,0.2727272727272727,0.2727272727272727,0.36363636363636365,0.2727272727272727,0.2727272727272727,0.0,0.9090909090909091,0.2727272727272727,1.0,0.7272727272727273,0.2727272727272727,0.36363636363636365,0.2727272727272727,0.2727272727272727,0.45454545454545453,0.36363636363636365,0.45454545454545453,0.18181818181818182,0.18181818181818182
030210060,0.5263157894736842,0.3157894736842105,0.5789473684210527,0.10526315789473684,0.0,0.0,0.0,0.0,0.10526315789473684,0.0,0.0,0.0,0.0,0.05263157894736842,0.10526315789473684,0.10526315789473684,0.10526315789473684,0.42105263157894735,0.15789473684210525,0.15789473684210525,0.10526315789473684,0.10526315789473684,0.10526315789473684,0.10526315789473684,0.21052631578947367,0.10526315789473684,0.10526315789473684,0.10526315789473684
030210074,0.6923076923076923,0.23076923076923078,0.46153846153846156,0.5384615384615384,0.15384615384615385,0.15384615384615385,0.15384615384615385,0.15384615384615385,0.46153846153846156,0.15384615384615385,0.07692307692307693,0.15384615384615385,0.0,0.0,0.23076923076923078,0.15384615384615385,0.15384615384615385,0.9230769230769231,0.6153846153846154,0.5384615384615384,0.46153846153846156,0.15384615384615385,0.07692307692307693,0.07692307692307693,0.3076923076923077,0.15384615384615385,0.15384615384615385,0.0
030210079,0.631578947368421,0.0,0.47368421052631576,0.0,0.0,0.0,0.0,0.0,0.05263157894736842,0.0,0.2631578947368421,0.0,0.0,0.21052631578947367,0.0,0.0,0.0,0.7894736842105263,0.0,0.0,0.0,0.0,0.0,0.0,0.10526315789473684,0.0,0.0,0.0
030210082,0.5714285714285714,0.0,0.3076923076923077,0.0,0.0,0.0,0.0,0.0,0.14285714285714285,0.0,0.0,0.46153846153846156,0.0,0.0,0.15384615384615385,0.0,0.0,0.5384615384615384,0.0,0.0,0.46153846153846156,0.0,0.5384615384615384,0.0,0.0,0.0,0.38461538461538464,0.0
030210118,0.5333333333333333,0.0,0.7142857142857143,0.2857142857142857,0.0,0.0,0.0,0.0,0.2,0.0,0.2857142857142857,0.0,0.0,0.2857142857142857,0.2857142857142857,0.0,0.0,0.35714285714285715,0.2857142857142857,0.0,0.0,0.0,0.0,0.0,0.0,0.0,0.0,0.0
030210123,0.7272727272727273,0.8181818181818182,0.9090909090909091,0.5454545454545454,0.36363636363636365,0.45454545454545453,0.6363636363636364,0.36363636363636365,0.8181818181818182,0.6363636363636364,0.6363636363636364,0.5454545454545454,0.2727272727272727,0.45454545454545453,0.45454545454545453,1.0,0.9090909090909091,0.8181818181818182,1.0,0.5454545454545454,0.6363636363636364,0.45454545454545453,0.36363636363636365,0.6363636363636364,0.7272727272727273,0.45454545454545453,0.5454545454545454,0.7272727272727273
030210137,0.7777777777777778,0.8333333333333334,0.8333333333333334,0.0,0.0,0.0,0.0,0.0,0.4444444444444444,0.0,0.3333333333333333,1.0,0.0,0.08333333333333333,0.0,0.0,0.0,0.5,0.25,0.3333333333333333,0.0,0.16666666666666666,0.3333333333333333,0.0,0.16666666666666666,0.16666666666666666,0.25,0.0
030210143,1.0,0.125,0.5,0.0,0.0,0.0,0.0,0.0,0.0,0.25,0.3125,0.0,0.0,0.0625,0.0,0.0,0.0,0.625,0.0,0.0,0.3125,0.0,0.0625,0.0625,0.25,0.0,0.25,0.125
030210152,0.6666666666666666,0.1111111111111111,0.48148148148148145,0.07407407407407407,0.18518518518518517,0.18518518518518517,0.07407407407407407,0.0,0.18518518518518517,0.18518518518518517,0.18518518518518517,0.07407407407407407,0.14814814814814814,0.07407407407407407,0.18518518518518517,0.25925925925925924,0.18518518518518517,0.4444444444444444,0.14814814814814814,0.07407407407407407,0.14814814814814814,0.18518518518518517,0.037037037037037035,0.18518518518518517,0.3333333333333333,0.07407407407407407,0.1111111111111111,0.18518518518518517
030210164,0.7619047619047619,0.7142857142857143,0.6666666666666666,0.3333333333333333,0.14285714285714285,0.0,0.14285714285714285,0.5238095238095238,0.2857142857142857,0.23809523809523808,0.14285714285714285,0.8095238095238095,0.19047619047619047,0.38095238095238093,0.0,0.9047619047619048,0.7142857142857143,0.8095238095238095,0.09523809523809523,0.3333333333333333,0.6190476190476191,0.23809523809523808,0.6666666666666666,0.2857142857142857,0.5714285714285714,0.23809523809523808,0.47619047619047616,0.23809523809523808
030210165,0.7333333333333333,0.2,0.4,0.0,0.0,0.13333333333333333,0.0,0.13333333333333333,0.26666666666666666,0.13333333333333333,0.2,0.2,0.0,0.3333333333333333,0.0,0.0,0.2,0.8,0.0,0.2,0.2,0.2,0.2,0.0,0.2,0.26666666666666666,0.26666666666666666,0.0
030210175,0.6428571428571429,0.07142857142857142,0.42857142857142855,0.0,0.21428571428571427,0.0,0.0,0.0,0.8571428571428571,0.0,0.0,0.0,0.21428571428571427,0.14285714285714285,0.0,0.5714285714285714,0.0,0.35714285714285715,0.0,0.0,0.2857142857142857,0.0,0.0,0.0,0.2857142857142857,0.0,0.14285714285714285,0.0
030230003,0.5,0.13636363636363635,0.45454545454545453,0.09090909090909091,0.0,0.0,0.0,0.0,0.09090909090909091,0.0,0.0,0.09090909090909091,0.09090909090909091,0.045454545454545456,0.13636363636363635,0.045454545454545456,0.0,0.5454545454545454,0.09090909090909091,0.09090909090909091,0.09090909090909091,0.0,0.0,0.045454545454545456,0.0,0.0,0.0,0.045454545454545456
030230018,0.21052631578947367,0.05263157894736842,0.3157894736842105,0.0,0.0,0.0,0.0,0.05263157894736842,0.10526315789473684,0.0,0.0,0.05263157894736842,0.0,0.0,0.0,0.0,0.0,0.15789473684210525,0.0,0.0,0.10526315789473684,0.0,0.0,0.0,0.0,0.0,0.0,0.0
030230056,0.5882352941176471,0.17647058823529413,0.6470588235294118,0.0,0.0,0.0,0.0,0.0,0.29411764705882354,0.0,0.0,0.0,0.0,0.0,0.0,0.0,0.0,0.8235294117647058,0.17647058823529413,0.11764705882352941,0.17647058823529413,0.0,0.23529411764705882,0.0,0.0,0.0,0.058823529411764705,0.11764705882352941
030230060,0.5263157894736842,0.13157894736842105,0.3684210526315789,0.02631578947368421,0.02631578947368421,0.05263157894736842,0.0,0.0,0.07894736842105263,0.0,0.05263157894736842,0.0,0.02631578947368421,0.05263157894736842,0.02631578947368421,0.02631578947368421,0.02631578947368421,0.3157894736842105,0.0,0.05263157894736842,0.02631578947368421,0.0,0.05263157894736842,0.02631578947368421,0.10526315789473684,0.0,0.07894736842105263,0.15789473684210525
030230086,0.5294117647058824,0.47058823529411764,0.5882352941176471,0.23529411764705882,0.0,0.0,0.0,0.17647058823529413,0.35294117647058826,0.29411764705882354,0.0,0.17647058823529413,0.0,0.058823529411764705,0.0,0.0,0.17647058823529413,0.47058823529411764,0.23529411764705882,0.23529411764705882,0.4117647058823529,0.11764705882352941,0.17647058823529413,0.35294117647058826,0.23529411764705882,0.23529411764705882,0.29411764705882354,0.11764705882352941
030230092,0.5161290322580645,0.12903225806451613,0.2903225806451613,0.0,0.0,0.0,0.0,0.0,0.25806451612903225,0.06451612903225806,0.03225806451612903,0.1935483870967742,0.0,0.03225806451612903,0.0,0.0,0.0,0.3870967741935484,0.1935483870967742,0.16129032258064516,0.0967741935483871,0.0,0.0,0.22580645161290322,0.0967741935483871,0.0,0.06451612903225806,0.03225806451612903
030230119,0.5555555555555556,0.18518518518518517,0.6296296296296297,0.1111111111111111,0.14814814814814814,0.2222222222222222,0.14814814814814814,0.14814814814814814,0.2962962962962963,0.18518518518518517,0.25925925925925924,0.2962962962962963,0.25925925925925924,0.1111111111111111,0.037037037037037035,0.2222222222222222,0.18518518518518517,0.5555555555555556,0.3333333333333333,0.2222222222222222,0.25925925925925924,0.25925925925925924,0.14814814814814814,0.18518518518518517,0.2962962962962963,0.3333333333333333,0.18518518518518517,0.3333333333333333
030230170,0.5454545454545454,0.3181818181818182,0.8181818181818182,0.09090909090909091,0.0,0.09090909090909091,0.09090909090909091,0.09090909090909091,0.3181818181818182,0.18181818181818182,0.13636363636363635,0.09090909090909091,0.09090909090909091,0.09090909090909091,0.045454545454545456,0.09090909090909091,0.09090909090909091,0.0,0.09090909090909091,0.09090909090909091,0.0,0.13636363636363635,0.09090909090909091,0.045454545454545456,0.0,0.18181818181818182,0.13636363636363635,0.09090909090909091
030230182,0.7647058823529411,0.6111111111111112,0.5555555555555556,0.2222222222222222,0.05555555555555555,0.3888888888888889,0.05555555555555555,0.2777777777777778,0.6470588235294118,0.2222222222222222,0.05555555555555555,0.16666666666666666,0.1111111111111111,0.2222222222222222,0.05555555555555555,0.05555555555555555,0.0,0.5,0.3333333333333333,0.2777777777777778,0.0,0.0,0.05555555555555555,0.16666666666666666,0.16666666666666666,0.05555555555555555,0.5555555555555556,0.2222222222222222
030230194,0.8421052631578947,0.42857142857142855,0.7619047619047619,0.3333333333333333,0.23809523809523808,0.09523809523809523,0.09523809523809523,0.09523809523809523,0.42105263157894735,0.38095238095238093,0.09523809523809523,0.42857142857142855,0.19047619047619047,0.14285714285714285,0.047619047619047616,0.09523809523809523,0.3333333333333333,0.47619047619047616,0.5714285714285714,0.3333333333333333,0.09523809523809523,0.3333333333333333,0.38095238095238093,0.3333333333333333,0.38095238095238093,0.2857142857142857,0.2857142857142857,0.3333333333333333
030230209,0.5,0.11764705882352941,0.5294117647058824,0.058823529411764705,0.0,0.0,0.17647058823529413,0.17647058823529413,0.0,0.0,0.0,0.17647058823529413,0.0,0.058823529411764705,0.0,0.0,0.058823529411764705,0.47058823529411764,0.058823529411764705,0.058823529411764705,0.058823529411764705,0.058823529411764705,0.058823529411764705,0.058823529411764705,0.0,0.11764705882352941,0.058823529411764705,0.17647058823529413
030230253,0.4117647058823529,0.0,0.29411764705882354,0.0,0.0,0.0,0.0,0.0,0.058823529411764705,0.0,0.0,0.0,0.0,0.0,0.0,0.0,0.0,0.23529411764705882,0.0,0.0,0.0,0.0,0.0,0.0,0.0,0.0,0.0,0.0
030230260,0.5357142857142857,0.0,0.42857142857142855,0.0,0.0,0.0,0.0,0.0,0.10714285714285714,0.0,0.0,0.0,0.0,0.10714285714285714,0.0,0.0,0.0,0.5,0.0,0.0,0.0,0.0,0.0,0.0,0.0,0.0,0.03571428571428571,0.03571428571428571
030230276,0.6842105263157895,0.1,0.55,0.0,0.0,0.1,0.1,0.1,0.05263157894736842,0.2,0.2,0.2,0.1,0.1,0.0,0.1,0.1,0.45,0.1,0.1,0.1,0.0,0.1,0.1,0.1,0.0,0.1,0.1
030230280,0.5,0.0,0.5,0.0,0.0,0.0,0.0,0.0,0.1,0.0,0.18181818181818182,0.0,0.0,0.0,0.0,0.0,0.0,0.13636363636363635,0.22727272727272727,0.0,0.22727272727272727,0.0,0.0,0.0,0.0,0.0,0.0,0.0
030230311,0.5714285714285714,0.21428571428571427,0.5,0.14285714285714285,0.0,0.0,0.0,0.0,0.21428571428571427,0.07142857142857142,0.0,0.0,0.0,0.0,0.0,0.0,0.0,0.07142857142857142,0.5,0.0,0.0,0.07142857142857142,0.0,0.0,0.07142857142857142,0.07142857142857142,0.21428571428571427,0.0
030230330,0.5,0.0,0.7083333333333334,0.0,0.0,0.0,0.0,0.0,0.08333333333333333,0.0,0.0,0.0,0.0,0.041666666666666664,0.0,0.0,0.0,0.625,0.0,0.20833333333333334,0.08333333333333333,0.0,0.0,0.0,0.0,0.0,0.0,0.0
030230336,0.4444444444444444,0.0,0.6111111111111112,0.0,0.0,0.0,0.0,0.0,0.05555555555555555,0.0,0.0,0.0,0.0,0.0,0.0,0.0,0.0,0.0,0.0,0.0,0.0,0.0,0.0,0.0,0.0,0.0,0.0,0.0
030230340,0.4,0.0,0.6,0.16,0.0,0.0,0.0,0.0,0.08,0.0,0.0,0.0,0.0,0.04,0.0,0.0,0.0,0.52,0.16,0.0,0.0,0.0,0.0,0.0,0.0,0.0,0.0,0.12
030230374,0.42857142857142855,0.045454545454545456,0.4090909090909091,0.045454545454545456,0.0,0.045454545454545456,0.045454545454545456,0.045454545454545456,0.047619047619047616,0.045454545454545456,0.13636363636363635,0.045454545454545456,0.0,0.045454545454545456,0.0,0.045454545454545456,0.045454545454545456,0.3181818181818182,0.045454545454545456,0.045454545454545456,0.13636363636363635,0.0,0.13636363636363635,0.045454545454545456,0.045454545454545456,0.0,0.045454545454545456,0.045454545454545456
030460032,0.5833333333333334,0.3333333333333333,0.5,0.16666666666666666,0.5833333333333334,0.3333333333333333,0.25,0.16666666666666666,0.4166666666666667,0.4166666666666667,0.0,0.16666666666666666,0.25,0.08333333333333333,0.08333333333333333,0.3333333333333333,0.16666666666666666,0.5,0.16666666666666666,0.3333333333333333,0.25,0.16666666666666666,0.25,0.5,0.3333333333333333,0.16666666666666666,0.5,0.25
030460038,0.5833333333333334,0.08,0.2,0.36,0.12,0.2,0.2,0.36,0.2916666666666667,0.32,0.04,0.52,0.24,0.08,0.28,0.08,0.36,0.96,0.36,0.44,0.52,0.04,0.4,0.2,0.16,0.28,0.28,0.4
030460048,0.47368421052631576,0.7894736842105263,0.6842105263157895,0.21052631578947367,0.10526315789473684,0.10526315789473684,0.10526315789473684,0.10526315789473684,0.2631578947368421,0.3684210526315789,0.2631578947368421,0.3157894736842105,0.10526315789473684,0.5789473684210527,0.10526315789473684,0.7894736842105263,0.10526315789473684,0.8947368421052632,0.8421052631578947,0.21052631578947367,0.2631578947368421,0.15789473684210525,0.3684210526315789,0.47368421052631576,0.2631578947368421,0.15789473684210525,0.2631578947368421,0.10526315789473684
030460051,0.7857142857142857,0.5714285714285714,0.42857142857142855,0.9285714285714286,0.2857142857142857,0.14285714285714285,0.2857142857142857,0.35714285714285715,0.6428571428571429,0.42857142857142855,0.07142857142857142,0.35714285714285715,0.2857142857142857,0.2857142857142857,0.0,0.6428571428571429,0.21428571428571427,1.0,0.6428571428571429,0.35714285714285715,0.8571428571428571,0.7857142857142857,0.7857142857142857,0.42857142857142855,0.7142857142857143,0.6428571428571429,0.5714285714285714,0.42857142857142855
030460052,0.6875,0.125,0.0625,0.0,0.1875,0.0,0.125,0.125,0.25,0.125,0.25,0.0,0.0,0.125,0.0,0.0,0.125,0.4375,0.0,0.0,0.25,0.125,0.25,0.125,0.125,0.125,0.125,0.25
030460071,0.5333333333333333,0.5333333333333333,0.4666666666666667,0.0,0.2,0.26666666666666666,0.06666666666666667,0.26666666666666666,0.4666666666666667,0.2,0.06666666666666667,0.0,0.2,0.26666666666666666,0.8,0.3333333333333333,0.0,0.4666666666666667,0.2,0.0,0.06666666666666667,0.2,0.4,0.2,0.06666666666666667,0.13333333333333333,0.4666666666666667,0.26666666666666666
030460085,0.8888888888888888,0.6666666666666666,0.5555555555555556,1.0,0.2222222222222222,0.1111111111111111,0.2222222222222222,0.4444444444444444,0.7777777777777778,0.4444444444444444,0.6666666666666666,0.7777777777777778,0.1111111111111111,0.4444444444444444,0.5555555555555556,0.4444444444444444,1.0,0.7777777777777778,0.6666666666666666,1.0,0.2222222222222222,0.7777777777777778,0.8888888888888888,0.4444444444444444,0.5555555555555556,0.6666666666666666,0.6666666666666666,0.8888888888888888
030460097,0.56,0.28,0.52,0.28,0.24,0.28,0.28,0.16,0.36,0.36,0.2,0.24,0.16,0.32,0.16,0.12,0.2,0.56,0.28,0.32,0.4,0.16,0.2,0.36,0.24,0.24,0.2,0.52
030460106,1.0,0.0,0.5555555555555556,0.0,0.0,0.0,0.0,0.0,0.0,0.0,0.0,0.0,0.0,0.0,0.0,0.0,0.0,0.0,0.0,0.0,0.0,0.0,0.0,0.0,0.0,0.0,0.0,0.0
030460110,0.7857142857142857,0.6428571428571429,0.8571428571428571,0.14285714285714285,0.0,0.14285714285714285,0.14285714285714285,0.14285714285714285,0.42857142857142855,0.21428571428571427,0.2857142857142857,0.14285714285714285,0.14285714285714285,0.14285714285714285,0.07142857142857142,0.14285714285714285,0.14285714285714285,1.0,0.35714285714285715,0.14285714285714285,0.2857142857142857,0.35714285714285715,0.2857142857142857,0.2857142857142857,0.2857142857142857,0.21428571428571427,0.5,0.5
030460114,0.8,0.0,0.6666666666666666,0.0,0.0,0.0,0.0,0.0,0.4,0.3333333333333333,0.2,0.0,0.0,0.13333333333333333,0.0,0.0,0.0,0.8,0.26666666666666666,0.0,0.0,0.3333333333333333,0.4,0.4666666666666667,0.3333333333333333,0.3333333333333333,0.26666666666666666,0.06666666666666667
030460126,0.5454545454545454,0.6363636363636364,0.6363636363636364,0.36363636363636365,0.18181818181818182,0.0,0.0,0.0,0.2727272727272727,0.0,0.09090909090909091,0.18181818181818182,0.0,0.09090909090909091,0.0,0.18181818181818182,0.0,1.0,0.36363636363636365,0.45454545454545453,0.18181818181818182,0.0,0.36363636363636365,0.0,0.2727272727272727,0.18181818181818182,0.45454545454545453,0.09090909090909091
030460133,1.0,0.35294117647058826,0.4117647058823529,0.23529411764705882,0.0,0.17647058823529413,0.17647058823529413,0.23529411764705882,0.35294117647058826,0.29411764705882354,0.11764705882352941,0.23529411764705882,0.17647058823529413,0.29411764705882354,0.0,0.17647058823529413,0.23529411764705882,0.7647058823529411,0.47058823529411764,0.29411764705882354,0.29411764705882354,0.4117647058823529,0.11764705882352941,0.058823529411764705,0.47058823529411764,0.23529411764705882,0.4117647058823529,0.23529411764705882
030460142,0.6190476190476191,0.0,0.14285714285714285,0.09523809523809523,0.14285714285714285,0.09523809523809523,0.09523809523809523,0.14285714285714285,0.14285714285714285,0.09523809523809523,0.14285714285714285,0.14285714285714285,0.09523809523809523,0.14285714285714285,0.0,0.0,0.14285714285714285,0.23809523809523808,0.09523809523809523,0.09523809523809523,0.09523809523809523,0.047619047619047616,0.09523809523809523,0.09523809523809523,0.14285714285714285,0.09523809523809523,0.09523809523809523,0.09523809523809523
030460146,0.631578947368421,0.65,0.75,0.15,0.2,0.0,0.0,0.15,0.7894736842105263,0.15,0.1,0.25,0.0,0.35,0.05,0.9,0.15,0.85,0.1,0.15,0.75,0.35,0.65,0.35,0.35,0.3,0.6,0.4
030460147,0.92,0.75,0.6666666666666666,0.4583333333333333,0.08333333333333333,0.08333333333333333,0.0,0.25,0.72,0.5833333333333334,0.25,0.25,0.08333333333333333,0.25,0.375,0.375,0.25,1.0,0.5833333333333334,0.25,0.8333333333333334,0.5416666666666666,0.5416666666666666,0.25,0.875,0.2916666666666667,0.5833333333333334,0.6666666666666666
030460157,0.7368421052631579,0.4,0.5,0.0,0.1,0.1,0.1,0.1,0.631578947368421,0.4,0.15,0.1,0.0,0.15,0.0,0.7,0.1,0.75,0.1,0.1,0.65,0.5,0.25,0.1,0.3,0.15,0.3,0.35
030460158,0.5,0.5333333333333333,0.5333333333333333,0.13333333333333333,0.13333333333333333,0.13333333333333333,0.13333333333333333,0.06666666666666667,0.42857142857142855,0.13333333333333333,0.13333333333333333,0.13333333333333333,0.13333333333333333,0.13333333333333333,0.06666666666666667,0.13333333333333333,0.06666666666666667,0.8666666666666667,0.26666666666666666,0.2,0.7333333333333333,0.06666666666666667,0.26666666666666666,0.13333333333333333,0.4,0.2,0.5333333333333333,0.06666666666666667
030460160,0.7647058823529411,0.5,0.3333333333333333,0.5,0.0,0.0,0.0,0.0,0.47058823529411764,0.2222222222222222,0.1111111111111111,0.16666666666666666,0.0,0.1111111111111111,0.0,0.3888888888888889,0.0,0.5,0.6111111111111112,0.5,0.0,0.4444444444444444,0.3888888888888889,0.2222222222222222,0.5,0.3888888888888889,0.2777777777777778,0.2777777777777778
030460163,0.8,0.0,0.7,0.3,0.3,0.0,0.0,0.3,0.2,0.2,0.2,0.3,0.2,0.2,0.0,0.0,0.3,1.0,0.0,0.3,0.5,0.3,0.5,0.3,0.3,0.2,0.2,0.6
030490010,0.8636363636363636,0.6521739130434783,0.6086956521739131,0.2608695652173913,0.4782608695652174,0.0,0.08695652173913043,0.43478260869565216,0.7272727272727273,0.6521739130434783,0.8260869565217391,0.6956521739130435,0.2608695652173913,0.7391304347826086,0.043478260869565216,0.0,0.2608695652173913,0.43478260869565216,0.5217391304347826,0.2608695652173913,0.8260869565217391,0.6956521739130435,0.6956521739130435,0.6521739130434783,0.782608695652174,0.5217391304347826,0.5217391304347826,0.4782608695652174
030490013,0.7333333333333333,0.26666666666666666,0.4,0.26666666666666666,0.06666666666666667,0.06666666666666667,0.2,0.06666666666666667,0.4,0.2,0.06666666666666667,0.2,0.06666666666666667,0.2,0.06666666666666667,0.06666666666666667,0.2,0.8666666666666667,0.3333333333333333,0.06666666666666667,0.4666666666666667,0.2,0.26666666666666666,0.2,0.26666666666666666,0.2,0.26666666666666666,0.2
030490029,1.0,0.7272727272727273,0.7272727272727273,0.0,0.5454545454545454,0.0,0.36363636363636365,1.0,0.7272727272727273,1.0,0.18181818181818182,1.0,0.0,0.8181818181818182,0.0,0.9090909090909091,0.9090909090909091,0.9090909090909091,0.6363636363636364,0.7272727272727273,0.45454545454545453,0.8181818181818182,0.8181818181818182,0.0,0.8181818181818182,0.7272727272727273,0.5454545454545454,0.45454545454545453
030490040,0.8333333333333334,0.45,0.45,0.35,0.1,0.0,0.1,0.1,0.4444444444444444,0.2,0.15,0.2,0.0,0.2,0.0,0.0,0.25,0.8,0.1,0.1,0.65,0.25,0.5,0.45,0.5,0.1,0.5,0.15
030490055,0.8260869565217391,0.36,0.56,0.16,0.4,0.12,0.16,0.16,0.4782608695652174,0.36,0.2,0.08,0.32,0.28,0.24,0.32,0.16,0.76,0.16,0.04,0.52,0.4,0.4,0.52,0.4,0.44,0.2,0.36
030490062,0.8181818181818182,0.75,0.75,0.6666666666666666,0.5833333333333334,0.5833333333333334,0.5833333333333334,0.75,0.8181818181818182,0.75,0.6666666666666666,0.75,0.25,0.5,0.3333333333333333,1.0,0.5833333333333334,0.8333333333333334,0.8333333333333334,0.5833333333333334,0.5,0.5833333333333334,0.5833333333333334,0.5,0.5833333333333334,0.5833333333333334,0.75,0.75
030490063,0.9285714285714286,0.6666666666666666,0.5333333333333333,0.4666666666666667,0.5333333333333333,0.4,0.3333333333333333,0.6666666666666666,0.7857142857142857,0.6,0.8666666666666667,0.6666666666666666,0.26666666666666666,0.6666666666666666,0.06666666666666667,0.5333333333333333,0.4666666666666667,1.0,0.6666666666666666,0.3333333333333333,0.6666666666666666,0.3333333333333333,0.6666666666666666,0.3333333333333333,0.6,0.6,0.4666666666666667,0.6666666666666666
030490071,1.0,0.6470588235294118,0.8235294117647058,0.7647058823529411,0.7647058823529411,0.0,0.29411764705882354,0.29411764705882354,0.8823529411764706,0.9411764705882353,0.6470588235294118,1.0,0.7647058823529411,0.7058823529411765,0.0,1.0,0.8823529411764706,1.0,1.0,1.0,0.9411764705882353,0.8235294117647058,0.9411764705882353,0.7647058823529411,0.6470588235294118,1.0,0.7058823529411765,0.7647058823529411
030490076,0.8666666666666667,0.8,0.8,0.26666666666666666,0.6,0.0,0.0,0.0,0.7333333333333333,0.8,0.2,0.7333333333333333,0.26666666666666666,0.4,1.0,0.2,0.0,1.0,0.4,0.4,0.3333333333333333,0.7333333333333333,0.9333333333333333,0.4666666666666667,0.6,0.8,0.8,0.8666666666666667
030490078,0.8,0.6,0.9333333333333333,0.06666666666666667,0.5333333333333333,0.0,0.0,0.0,0.8666666666666667,0.4,0.6,1.0,0.0,0.7333333333333333,0.0,0.8666666666666667,0.0,0.9333333333333333,0.8,0.7333333333333333,0.6666666666666666,0.7333333333333333,0.8666666666666667,0.3333333333333333,0.7333333333333333,0.3333333333333333,0.4,0.4666666666666667
030490095,0.8181818181818182,0.5,0.5454545454545454,0.3181818181818182,0.18181818181818182,0.0,0.2727272727272727,0.6363636363636364,0.8181818181818182,0.6363636363636364,0.5909090909090909,0.2727272727272727,0.18181818181818182,0.45454545454545453,0.09090909090909091,0.3181818181818182,0.5,1.0,0.7272727272727273,0.8636363636363636,0.6363636363636364,0.6818181818181818,0.5,0.2727272727272727,0.7272727272727273,0.45454545454545453,0.4090909090909091,0.6363636363636364
030490126,1.0,0.8333333333333334,0.6666666666666666,0.75,0.25,0.8333333333333334,0.4166666666666667,0.5833333333333334,0.8333333333333334,0.3333333333333333,0.5833333333333334,0.6666666666666666,0.5,0.5,1.0,1.0,0.25,1.0,0.25,0.75,0.8333333333333334,0.5,0.5,0.08333333333333333,0.75,0.5,0.5,0.5833333333333334
030490127,0.7619047619047619,0.22727272727272727,0.5909090909090909,0.5,0.0,0.0,0.0,0.0,0.3333333333333333,0.22727272727272727,0.4090909090909091,0.18181818181818182,0.0,0.22727272727272727,0.045454545454545456,1.0,0.18181818181818182,0.9545454545454546,0.36363636363636365,0.5909090909090909,0.45454545454545453,0.3181818181818182,0.5,0.22727272727272727,0.45454545454545453,0.3181818181818182,0.09090909090909091,0.13636363636363635
030490130,0.8181818181818182,0.8181818181818182,0.8181818181818182,0.6363636363636364,0.9090909090909091,0.0,0.8181818181818182,1.0,1.0,0.8181818181818182,0.6363636363636364,1.0,0.7272727272727273,0.9090909090909091,0.2727272727272727,0.7272727272727273,0.9090909090909091,0.9090909090909091,1.0,0.8181818181818182,1.0,1.0,0.9090909090909091,0.8181818181818182,1.0,0.9090909090909091,0.9090909090909091,0.7272727272727273
030490138,0.6,0.35294117647058826,0.35294117647058826,0.6470588235294118,0.7058823529411765,0.4117647058823529,0.4117647058823529,0.17647058823529413,0.6666666666666666,0.9411764705882353,0.47058823529411764,0.6470588235294118,0.6470588235294118,0.47058823529411764,0.35294117647058826,0.7647058823529411,0.17647058823529413,1.0,0.47058823529411764,0.4117647058823529,0.47058823529411764,0.47058823529411764,0.35294117647058826,0.5882352941176471,0.7058823529411765,0.5294117647058824,0.5882352941176471,0.5294117647058824
030490140,1.0,0.8823529411764706,0.7647058823529411,1.0,0.0,0.0,0.0,0.5882352941176471,0.75,0.5294117647058824,0.6470588235294118,0.4117647058823529,0.35294117647058826,0.7058823529411765,0.11764705882352941,0.8235294117647058,0.5882352941176471,0.9411764705882353,1.0,0.17647058823529413,0.6470588235294118,0.5882352941176471,0.8235294117647058,0.29411764705882354,0.7058823529411765,0.47058823529411764,0.5882352941176471,0.4117647058823529
030490142,0.8461538461538461,0.46153846153846156,0.6153846153846154,0.15384615384615385,0.0,0.0,0.0,0.0,0.8461538461538461,0.23076923076923078,0.23076923076923078,0.0,0.0,0.15384615384615385,0.0,0.15384615384615385,0.0,1.0,0.0,0.0,0.38461538461538464,0.38461538461538464,0.38461538461538464,0.0,0.7692307692307693,0.15384615384615385,0.46153846153846156,0.5384615384615384
030490166,0.75,0.65,0.85,0.6,0.5,0.5,0.55,0.5,0.85,0.75,0.8,0.55,0.7,0.9,0.35,1.0,0.55,1.0,0.75,0.9,0.85,0.65,0.75,0.85,1.0,0.6,0.6,0.9
030490168,1.0,1.0,0.8888888888888888,1.0,1.0,0.4444444444444444,0.6666666666666666,0.8888888888888888,1.0,1.0,1.0,1.0,1.0,0.6666666666666666,1.0,1.0,1.0,1.0,0.6666666666666666,1.0,1.0,1.0,1.0,1.0,0.7777777777777778,1.0,0.8888888888888888,1.0
030490170,0.6470588235294118,0.47058823529411764,0.8235294117647058,0.0,0.0,0.0,0.0,0.0,0.47058823529411764,0.29411764705882354,0.058823529411764705,0.29411764705882354,0.0,0.35294117647058826,0.0,0.0,0.0,1.0,0.29411764705882354,0.29411764705882354,0.6470588235294118,0.4117647058823529,0.23529411764705882,0.5882352941176471,0.35294117647058826,0.0,0.29411764705882354,0.4117647058823529
030680003,0.8636363636363636,0.5238095238095238,0.6666666666666666,0.14285714285714285,0.09523809523809523,0.09523809523809523,0.19047619047619047,0.19047619047619047,0.9090909090909091,0.5238095238095238,0.38095238095238093,0.14285714285714285,0.5238095238095238,0.7142857142857143,0.23809523809523808,0.47619047619047616,0.42857142857142855,0.9523809523809523,0.42857142857142855,0.47619047619047616,0.47619047619047616,0.5714285714285714,0.6666666666666666,0.2857142857142857,0.5238095238095238,0.42857142857142855,0.5714285714285714,0.42857142857142855
030680005,0.875,0.5882352941176471,0.6470588235294118,0.35294117647058826,0.11764705882352941,0.11764705882352941,0.11764705882352941,0.11764705882352941,0.9375,0.23529411764705882,0.4117647058823529,0.17647058823529413,0.11764705882352941,0.35294117647058826,0.11764705882352941,0.11764705882352941,0.11764705882352941,0.8235294117647058,0.6470588235294118,0.17647058823529413,0.7647058823529411,0.17647058823529413,0.17647058823529413,0.35294117647058826,0.35294117647058826,0.17647058823529413,0.35294117647058826,0.17647058823529413
030680009,1.0,0.7142857142857143,0.5,0.5714285714285714,0.5,0.0,0.14285714285714285,0.42857142857142855,1.0,0.6428571428571429,0.5,1.0,0.0,0.42857142857142855,0.14285714285714285,1.0,0.5714285714285714,1.0,0.42857142857142855,0.35714285714285715,0.5714285714285714,0.7857142857142857,0.6428571428571429,0.42857142857142855,0.7857142857142857,0.7857142857142857,0.6428571428571429,0.42857142857142855
030680016,0.6666666666666666,0.3333333333333333,0.4444444444444444,0.8333333333333334,0.3888888888888889,0.0,0.0,0.3888888888888889,0.4444444444444444,0.3333333333333333,0.3333333333333333,0.6111111111111112,0.0,0.3333333333333333,0.0,0.0,0.3888888888888889,0.8333333333333334,0.2222222222222222,0.2777777777777778,0.5555555555555556,0.3888888888888889,0.7222222222222222,0.2222222222222222,0.3888888888888889,0.3333333333333333,0.3888888888888889,0.2222222222222222
030680027,0.8,0.13333333333333333,0.4666666666666667,0.2,0.26666666666666666,0.0,0.0,0.0,0.6,0.0,0.13333333333333333,0.0,0.13333333333333333,0.13333333333333333,0.0,0.0,0.0,0.5333333333333333,0.0,0.2,0.2,0.2,0.5333333333333333,0.4,0.4,0.2,0.13333333333333333,0.13333333333333333
030680034,0.8888888888888888,0.1111111111111111,0.5555555555555556,0.2222222222222222,0.0,0.0,0.0,0.2222222222222222,0.1111111111111111,0.1111111111111111,0.0,0.0,0.0,0.0,0.0,0.0,0.0,1.0,0.2222222222222222,0.2222222222222222,0.0,0.0,0.0,0.0,0.2222222222222222,0.0,0.6666666666666666,0.0
030680037,0.2727272727272727,0.0,0.3333333333333333,0.0,0.0,0.0,0.0,0.0,0.18181818181818182,0.0,0.0,0.0,0.0,0.0,0.0,0.0,0.0,0.6666666666666666,0.0,0.0,0.0,0.0,0.0,0.0,0.0,0.0,0.0,0.0
030680045,0.6875,0.35294117647058826,0.6470588235294118,0.17647058823529413,0.17647058823529413,0.17647058823529413,0.17647058823529413,0.17647058823529413,0.9375,0.17647058823529413,0.17647058823529413,0.17647058823529413,0.17647058823529413,0.35294117647058826,0.17647058823529413,0.17647058823529413,0.17647058823529413,0.7058823529411765,0.17647058823529413,0.17647058823529413,0.17647058823529413,0.23529411764705882,0.47058823529411764,0.17647058823529413,0.4117647058823529,0.17647058823529413,0.5294117647058824,0.17647058823529413
030680054,1.0,0.6111111111111112,0.5555555555555556,0.2222222222222222,0.0,0.0,0.3333333333333333,0.0,1.0,0.3333333333333333,0.2777777777777778,0.2222222222222222,0.0,0.16666666666666666,0.0,0.16666666666666666,0.0,0.7777777777777778,0.8333333333333334,0.4444444444444444,0.5555555555555556,0.8888888888888888,0.5,0.7777777777777778,0.6111111111111112,0.5,0.7777777777777778,0.4444444444444444
030680056,0.4166666666666667,0.16666666666666666,0.5833333333333334,0.3333333333333333,0.0,0.0,0.0,0.16666666666666666,0.5833333333333334,0.0,0.25,0.0,0.0,0.25,0.0,0.75,0.0,0.5833333333333334,0.25,0.25,0.5,0.0,0.6666666666666666,0.0,0.25,0.0,0.4166666666666667,0.25
030680072,0.7692307692307693,0.15384615384615385,0.3076923076923077,0.15384615384615385,0.0,0.0,0.0,0.0,0.6153846153846154,0.07692307692307693,0.0,0.15384615384615385,0.0,0.15384615384615385,0.0,0.23076923076923078,0.0,0.3076923076923077,0.15384615384615385,0.0,0.23076923076923078,0.15384615384615385,0.6923076923076923,0.0,0.3076923076923077,0.15384615384615385,0.3076923076923077,0.0
030680075,0.5294117647058824,0.23529411764705882,0.5294117647058824,0.23529411764705882,0.0,0.0,0.0,0.058823529411764705,0.23529411764705882,0.35294117647058826,0.23529411764705882,0.0,0.0,0.23529411764705882,0.0,0.0,0.0,0.29411764705882354,0.17647058823529413,0.17647058823529413,0.17647058823529413,0.0,0.23529411764705882,0.17647058823529413,0.17647058823529413,0.23529411764705882,0.17647058823529413,0.23529411764705882
030680090,0.4375,0.25,0.5625,0.125,0.125,0.0,0.125,0.125,0.5625,0.1875,0.1875,0.125,0.125,0.125,0.125,0.3125,0.0,0.625,0.0625,0.125,0.4375,0.125,0.25,0.125,0.4375,0.125,0.125,0.125
030680092,0.7857142857142857,0.0,0.5333333333333333,0.0,0.0,0.0,0.0,0.0,0.07142857142857142,0.06666666666666667,0.0,0.0,0.0,0.0,0.0,0.0,0.0,0.7333333333333333,0.0,0.0,0.13333333333333333,0.0,0.0,0.0,0.0,0.0,0.0,0.0
030680097,0.8181818181818182,0.8181818181818182,0.8181818181818182,0.6363636363636364,0.0,0.0,0.0,0.0,1.0,0.09090909090909091,0.09090909090909091,0.0,0.0,0.0,0.0,1.0,0.2727272727272727,1.0,0.5454545454545454,0.6363636363636364,0.6363636363636364,0.18181818181818182,0.6363636363636364,0.0,0.45454545454545453,0.18181818181818182,0.6363636363636364,0.2727272727272727
030680105,1.0,0.6,0.5,0.6,0.4,0.3,0.5,0.7,0.7777777777777778,0.4,0.8,0.6,0.5,0.5,0.1,1.0,0.5,0.8,0.3,0.6,0.6,0.5,0.6,0.5,0.7,0.4,0.7,0.6
030680114,0.625,0.3125,0.5625,0.1875,0.125,0.0,0.0625,0.0625,0.625,0.125,0.1875,0.0625,0.25,0.0625,0.1875,0.0625,0.0,1.0,0.0625,0.25,0.375,0.25,0.25,0.0625,0.25,0.125,0.1875,0.125
030680119,0.3076923076923077,0.15384615384615385,0.38461538461538464,0.0,0.0,0.0,0.0,0.0,0.0,0.0,0.0,0.0,0.0,0.0,0.0,0.0,0.0,0.6923076923076923,0.0,0.0,0.0,0.0,0.0,0.0,0.23076923076923078,0.0,0.15384615384615385,0.0
030680140,1.0,0.8571428571428571,0.7142857142857143,0.8571428571428571,0.5714285714285714,0.0,0.5714285714285714,0.8571428571428571,0.8571428571428571,0.8571428571428571,0.8571428571428571,1.0,0.5714285714285714,0.5714285714285714,0.2857142857142857,1.0,0.5714285714285714,1.0,0.7142857142857143,1.0,0.8571428571428571,0.8571428571428571,0.5714285714285714,0.7142857142857143,0.8571428571428571,0.8571428571428571,0.5714285714285714,0.5714285714285714
030680162,0.6111111111111112,0.2631578947368421,0.47368421052631576,0.0,0.0,0.0,0.0,0.0,0.4444444444444444,0.15789473684210525,0.3157894736842105,0.0,0.0,0.3157894736842105,0.0,0.0,0.0,0.6842105263157895,0.0,0.0,0.42105263157894735,0.10526315789473684,0.3684210526315789,0.15789473684210525,0.3684210526315789,0.05263157894736842,0.15789473684210525,0.3157894736842105
030830001,0.55,0.0,0.35,0.0,0.0,0.0,0.0,0.0,0.75,0.0,0.0,0.0,0.0,0.0,0.0,0.15,0.0,0.2,0.7,0.0,0.15,0.0,0.0,0.0,0.0,0.0,0.05,0.0
030830004,1.0,0.5555555555555556,0.6666666666666666,0.0,0.7777777777777778,0.0,0.3333333333333333,0.8888888888888888,1.0,0.0,0.4444444444444444,0.0,0.0,0.0,0.7777777777777778,1.0,0.4444444444444444,0.4444444444444444,0.2222222222222222,0.2222222222222222,0.4444444444444444,0.4444444444444444,0.3333333333333333,0.0,0.5555555555555556,0.4444444444444444,0.2222222222222222,0.6666666666666666
030830013,0.7037037037037037,0.32142857142857145,0.4642857142857143,0.14285714285714285,0.07142857142857142,0.14285714285714285,0.14285714285714285,0.07142857142857142,0.25925925925925924,0.2857142857142857,0.2857142857142857,0.07142857142857142,0.07142857142857142,0.10714285714285714,0.14285714285714285,0.07142857142857142,0.2857142857142857,0.6785714285714286,0.2857142857142857,0.2857142857142857,0.42857142857142855,0.17857142857142858,0.2857142857142857,0.21428571428571427,0.21428571428571427,0.07142857142857142,0.17857142857142858,0.5714285714285714
030830021,1.0,0.4090909090909091,0.7272727272727273,0.5909090909090909,0.5,0.045454545454545456,0.045454545454545456,0.5454545454545454,0.85,0.5454545454545454,0.6818181818181818,0.6818181818181818,0.13636363636363635,0.5,0.045454545454545456,1.0,0.5,0.9090909090909091,0.5454545454545454,0.6818181818181818,0.7272727272727273,0.6363636363636364,0.6363636363636364,0.5454545454545454,0.5454545454545454,0.6363636363636364,0.5454545454545454,0.45454545454545453
030830030,0.9,0.4,1.0,0.4,0.2,0.2,0.3,0.4,0.9,0.7,0.5,0.5,0.2,0.5,1.0,0.9,0.7,1.0,1.0,0.6,0.9,0.8,0.6,0.4,0.8,0.6,0.5,0.7
030830033,0.5,0.22727272727272727,0.6363636363636364,0.22727272727272727,0.09090909090909091,0.13636363636363635,0.18181818181818182,0.18181818181818182,0.2727272727272727,0.13636363636363635,0.36363636363636365,0.2727272727272727,0.3181818181818182,0.22727272727272727,0.09090909090909091,0.18181818181818182,0.2727272727272727,0.9090909090909091,0.18181818181818182,0.22727272727272727,0.36363636363636365,0.18181818181818182,0.2727272727272727,0.18181818181818182,0.3181818181818182,0.2727272727272727,0.22727272727272727,0.22727272727272727
030830043,1.0,0.36363636363636365,0.6363636363636364,0.18181818181818182,0.0,0.0,0.36363636363636365,0.0,0.5454545454545454,0.0,0.18181818181818182,0.0,0.0,0.09090909090909091,0.2727272727272727,0.45454545454545453,0.0,0.9090909090909091,0.0,0.18181818181818182,0.0,0.36363636363636365,0.0,0.0,0.18181818181818182,0.0,0.18181818181818182,0.0
030830069,0.7692307692307693,0.5384615384615384,0.3076923076923077,0.0,0.0,0.0,0.0,0.0,0.5384615384615384,0.15384615384615385,0.15384615384615385,0.0,0.0,0.15384615384615385,0.0,0.38461538461538464,0.0,0.5384615384615384,0.38461538461538464,0.0,0.38461538461538464,0.15384615384615385,0.15384615384615385,0.07692307692307693,0.23076923076923078,0.15384615384615385,0.15384615384615385,0.15384615384615385
030830074,0.6428571428571429,0.6428571428571429,0.7142857142857143,0.14285714285714285,0.2857142857142857,0.2857142857142857,0.2857142857142857,0.35714285714285715,0.6428571428571429,0.2857142857142857,0.5,0.5714285714285714,0.0,0.42857142857142855,1.0,1.0,0.2857142857142857,1.0,0.5714285714285714,0.5,0.42857142857142855,0.14285714285714285,0.5,0.21428571428571427,0.2857142857142857,0.07142857142857142,0.35714285714285715,0.35714285714285715
030830093,0.8461538461538461,0.5384615384615384,0.7692307692307693,0.5384615384615384,0.15384615384615385,0.07692307692307693,0.46153846153846156,0.07692307692307693,0.38461538461538464,0.38461538461538464,0.38461538461538464,0.3076923076923077,0.6153846153846154,0.6153846153846154,0.15384615384615385,1.0,0.07692307692307693,0.8461538461538461,0.46153846153846156,0.5384615384615384,0.46153846153846156,0.3076923076923077,0.38461538461538464,0.3076923076923077,0.46153846153846156,0.23076923076923078,0.3076923076923077,0.38461538461538464
030830094,1.0,0.2727272727272727,0.2727272727272727,0.09090909090909091,0.09090909090909091,0.09090909090909091,0.09090909090909091,0.2727272727272727,0.5454545454545454,0.2727272727272727,0.18181818181818182,0.09090909090909091,0.09090909090909091,0.0,0.09090909090909091,0.09090909090909091,0.36363636363636365,1.0,0.2727272727272727,0.09090909090909091,0.36363636363636365,0.36363636363636365,0.2727272727272727,0.2727272727272727,0.2727272727272727,0.36363636363636365,0.0,0.36363636363636365
030830102,0.5,0.0625,0.6875,0.0625,0.0625,0.0625,0.0625,0.0625,0.5625,0.0625,0.0,0.0625,0.0625,0.0,0.0625,0.0625,0.0625,0.8125,0.0625,0.0625,0.0625,0.0625,0.0625,0.0625,0.0625,0.0625,0.1875,0.0625
030830116,0.6923076923076923,0.0,0.38461538461538464,0.0,0.0,0.0,0.0,0.0,0.07692307692307693,0.0,0.0,0.0,0.0,0.0,0.07692307692307693,0.0,0.0,1.0,0.46153846153846156,0.0,0.0,0.0,0.0,0.0,0.0,0.0,0.15384615384615385,0.0
030830118,0.6956521739130435,0.2608695652173913,0.6521739130434783,0.5652173913043478,0.0,0.0,0.0,0.08695652173913043,0.5652173913043478,0.34782608695652173,0.6521739130434783,0.0,0.0,0.17391304347826086,0.0,0.0,0.0,0.9130434782608695,0.4782608695652174,0.2608695652173913,0.6086956521739131,0.0,0.5217391304347826,0.34782608695652173,0.4782608695652174,0.17391304347826086,0.4782608695652174,0.6086956521739131
030830124,0.88,0.6666666666666666,0.6666666666666666,0.07407407407407407,0.07407407407407407,0.07407407407407407,0.07407407407407407,0.18518518518518517,0.76,0.5185185185185185,0.5925925925925926,0.07407407407407407,0.07407407407407407,0.37037037037037035,0.07407407407407407,0.07407407407407407,0.07407407407407407,0.8148148148148148,0.4444444444444444,0.25925925925925924,0.6666666666666666,0.14814814814814814,0.6666666666666666,0.2222222222222222,0.5925925925925926,0.4074074074074074,0.4444444444444444,0.2962962962962963
030830129,0.7857142857142857,0.3333333333333333,0.6,0.4,0.0,0.0,0.0,0.0,0.35714285714285715,0.0,0.3333333333333333,0.0,0.0,0.5333333333333333,0.7333333333333333,0.0,0.26666666666666666,0.8666666666666667,0.13333333333333333,0.4,0.26666666666666666,0.26666666666666666,0.26666666666666666,0.0,0.2,0.26666666666666666,0.06666666666666667,0.0
030830135,0.8888888888888888,0.6,0.5,0.6,0.5,0.0,0.5,0.5,0.5555555555555556,0.7,0.8,0.3,0.6,0.7,0.0,1.0,0.6,1.0,0.3,0.9,0.8,0.5,0.5,0.3,0.6,0.6,0.6,0.5
030830147,0.7857142857142857,0.5,0.6428571428571429,0.14285714285714285,0.14285714285714285,0.14285714285714285,0.14285714285714285,0.14285714285714285,0.2857142857142857,0.5,0.35714285714285715,0.14285714285714285,0.14285714285714285,0.14285714285714285,0.14285714285714285,0.14285714285714285,0.14285714285714285,0.7142857142857143,0.14285714285714285,0.14285714285714285,0.14285714285714285,0.5,0.14285714285714285,0.5,0.35714285714285715,0.14285714285714285,0.5714285714285714,0.6428571428571429
030830154,0.9166666666666666,0.25,0.25,0.0,0.0,0.25,0.0,0.0,0.0,0.0,0.0,0.0,0.0,0.0,0.0,0.0,0.0,0.9166666666666666,0.0,0.0,0.0,0.0,0.0,0.0,0.25,0.0,0.08333333333333333,0.25
030830169,0.5454545454545454,0.6363636363636364,0.7272727272727273,0.0,0.0,0.0,0.0,0.0,0.9090909090909091,0.45454545454545453,0.2727272727272727,1.0,0.0,0.36363636363636365,0.7272727272727273,1.0,0.0,0.6363636363636364,0.0,0.18181818181818182,0.09090909090909091,0.0,0.09090909090909091,0.0,0.45454545454545453,0.0,0.8181818181818182,0.0
030880003,0.6923076923076923,0.5714285714285714,0.9285714285714286,0.8571428571428571,0.7142857142857143,0.7857142857142857,0.7857142857142857,0.7142857142857143,0.7692307692307693,0.7142857142857143,0.7142857142857143,1.0,0.5714285714285714,0.8571428571428571,0.2857142857142857,0.9285714285714286,0.9285714285714286,0.9285714285714286,1.0,0.6428571428571429,0.7142857142857143,0.5,1.0,0.6428571428571429,0.7142857142857143,0.5714285714285714,0.8571428571428571,0.8571428571428571
030880015,1.0,0.1,1.0,0.2,0.3,0.0,0.1,0.3,0.5,0.2,0.1,0.2,0.3,0.0,0.3,0.4,0.3,0.3,0.2,0.5,0.2,0.2,0.4,0.2,0.2,0.3,0.2,0.2
030880018,0.6,0.2,0.4,0.0,0.0,0.2,0.0,0.0,0.4,0.2,0.2,0.0,0.13333333333333333,0.2,0.0,0.13333333333333333,0.0,0.6,0.0,0.0,0.2,0.2,0.26666666666666666,0.3333333333333333,0.2,0.2,0.3333333333333333,0.2
030880019,0.5833333333333334,0.0,0.5833333333333334,0.0,0.08333333333333333,0.08333333333333333,0.0,0.0,0.08333333333333333,0.0,0.0,0.08333333333333333,0.0,0.0,0.08333333333333333,0.0,0.0,0.4166666666666667,0.0,0.0,0.0,0.0,0.0,0.08333333333333333,0.08333333333333333,0.0,0.0,0.0
030880025,0.6111111111111112,0.2222222222222222,0.7777777777777778,0.0,0.0,0.1111111111111111,0.0,0.0,0.5,0.2222222222222222,0.05555555555555555,0.0,0.1111111111111111,0.1111111111111111,0.0,0.1111111111111111,0.0,0.8888888888888888,0.1111111111111111,0.2222222222222222,0.4444444444444444,0.1111111111111111,0.2222222222222222,0.16666666666666666,0.5,0.1111111111111111,0.2222222222222222,0.2222222222222222
030880041,0.6428571428571429,0.0,0.7241379310344828,0.0,0.0,0.0,0.0,0.0,0.17857142857142858,0.06896551724137931,0.06896551724137931,0.0,0.0,0.0,0.0,0.0,0.0,0.8275862068965517,0.13793103448275862,0.0,0.3103448275862069,0.0,0.3103448275862069,0.0,0.0,0.0,0.10344827586206896,0.0
030880049,0.9473684210526315,0.42105263157894735,0.42105263157894735,0.0,0.0,0.0,0.0,0.0,0.05263157894736842,0.15789473684210525,0.0,0.0,0.0,0.0,0.0,0.8421052631578947,0.0,0.6842105263157895,0.0,0.0,0.0,0.0,0.0,0.0,0.21052631578947367,0.0,0.21052631578947367,0.0
030880057,0.75,0.1875,0.75,0.1875,0.25,0.0,0.0625,0.0,0.3125,0.25,0.25,0.3125,0.0,0.1875,0.0,0.0625,0.125,0.25,0.5,0.125,0.4375,0.0625,0.3125,0.375,0.25,0.125,0.3125,0.1875
030880058,0.9285714285714286,0.14285714285714285,0.6428571428571429,0.0,0.0,0.0,0.0,0.0,0.07142857142857142,0.0,0.0,0.0,0.0,0.0,0.0,0.0,0.0,0.14285714285714285,0.0,0.0,0.0,0.0,0.14285714285714285,0.0,0.0,0.0,0.0,0.0
030880067,0.875,0.6470588235294118,0.9411764705882353,0.47058823529411764,0.6470588235294118,0.29411764705882354,0.4117647058823529,0.17647058823529413,0.8125,0.35294117647058826,0.47058823529411764,0.17647058823529413,0.23529411764705882,0.17647058823529413,0.35294117647058826,1.0,0.17647058823529413,0.8235294117647058,0.47058823529411764,0.4117647058823529,0.7647058823529411,0.7058823529411765,0.5294117647058824,0.7647058823529411,0.23529411764705882,0.29411764705882354,0.6470588235294118,0.6470588235294118
030880086,1.0,0.0,0.36363636363636365,0.0,0.0,0.0,0.0,0.0,0.1,0.0,0.0,0.0,0.09090909090909091,0.0,0.0,0.2727272727272727,0.0,0.8181818181818182,0.0,0.0,0.0,0.0,0.09090909090909091,0.09090909090909091,0.09090909090909091,0.0,0.0,0.0
030880092,0.5,0.0,0.4,0.0,0.0,0.0,0.0,0.0,0.0,0.0,0.0,0.0,0.0,0.0,0.0,0.0,0.0,0.0,0.0,0.0,0.0,0.0,0.0,0.0,0.0,0.0,0.0,0.0
030880096,0.8125,0.47058823529411764,0.8235294117647058,0.0,0.0,0.0,0.0,0.0,0.125,0.0,0.0,0.058823529411764705,0.0,0.0,0.0,0.0,0.0,0.7058823529411765,0.23529411764705882,0.17647058823529413,0.058823529411764705,0.0,0.23529411764705882,0.0,0.11764705882352941,0.0,0.35294117647058826,0.058823529411764705
030880099,1.0,0.07142857142857142,0.5,0.0,0.0,0.0,0.0,0.0,0.35714285714285715,0.0,0.0,0.0,0.0,0.14285714285714285,0.0,0.07142857142857142,0.07142857142857142,0.9285714285714286,0.2857142857142857,0.21428571428571427,0.35714285714285715,0.0,0.6428571428571429,0.0,0.42857142857142855,0.0,0.07142857142857142,0.0
030880105,1.0,0.0,0.2222222222222222,0.0,0.0,0.0,0.0,0.0,0.0,0.0,0.0,0.0,0.0,0.0,0.0,0.0,0.0,0.2222222222222222,0.0,0.0,0.1111111111111111,0.0,0.0,0.0,0.0,0.0,0.0,0.0
030880123,0.5,0.3333333333333333,0.75,0.4166666666666667,0.25,0.25,0.25,0.3333333333333333,0.16666666666666666,0.4166666666666667,0.25,0.25,0.25,0.3333333333333333,0.25,0.6666666666666666,0.08333333333333333,0.5,0.25,0.08333333333333333,0.08333333333333333,0.16666666666666666,0.3333333333333333,0.25,0.08333333333333333,0.16666666666666666,0.3333333333333333,0.25
030880131,0.8125,0.5294117647058824,0.6470588235294118,0.29411764705882354,0.11764705882352941,0.0,0.11764705882352941,0.23529411764705882,0.6875,0.29411764705882354,0.35294117647058826,0.0,0.11764705882352941,0.058823529411764705,0.6470588235294118,0.23529411764705882,0.29411764705882354,0.7058823529411765,0.6470588235294118,0.29411764705882354,0.5294117647058824,0.4117647058823529,0.35294117647058826,0.17647058823529413,0.35294117647058826,0.17647058823529413,0.5294117647058824,0.4117647058823529
030880146,0.7272727272727273,0.6363636363636364,0.6363636363636364,1.0,0.6363636363636364,0.0,0.6363636363636364,0.09090909090909091,0.6363636363636364,0.45454545454545453,0.09090909090909091,0.0,0.0,0.0,0.0,1.0,0.09090909090909091,0.6363636363636364,0.6363636363636364,1.0,0.45454545454545453,0.18181818181818182,0.18181818181818182,0.18181818181818182,0.09090909090909091,0.0,0.5454545454545454,0.6363636363636364
030880172,0.8,0.2,0.6,0.0,0.0,0.0,0.0,0.0,0.2,0.0,0.0,0.0,0.0,0.0,0.3,0.2,0.0,0.3,0.0,0.0,0.0,0.0,0.2,0.0,0.0,0.0,0.3,0.0
030880173,0.9090909090909091,0.5833333333333334,0.6666666666666666,0.5,0.3333333333333333,0.6666666666666666,0.5833333333333334,0.5,0.8181818181818182,0.8333333333333334,1.0,0.3333333333333333,0.3333333333333333,0.8333333333333334,0.16666666666666666,0.8333333333333334,0.5,0.8333333333333334,0.75,0.5,0.75,0.6666666666666666,0.75,0.4166666666666667,0.5833333333333334,0.3333333333333333,0.6666666666666666,0.5
032080019,0.875,0.0,0.7777777777777778,0.0,0.0,0.0,0.0,0.0,0.125,0.0,0.0,0.0,0.0,0.0,0.1111111111111111,0.0,0.0,0.4444444444444444,0.0,0.0,0.0,0.0,0.3333333333333333,0.0,0.0,0.0,0.0,0.0
032080038,0.5333333333333333,0.0,0.5333333333333333,0.0,0.0,0.0,0.0,0.0,0.26666666666666666,0.0,0.0,0.0,0.0,0.0,0.0,0.0,0.0,0.2,0.0,0.0,0.0,0.0,0.0,0.0,0.0,0.0,0.26666666666666666,0.0
032080043,0.5,0.21428571428571427,0.2857142857142857,0.0,0.0,0.0,0.0,0.0,0.07142857142857142,0.0,0.0,0.0,0.0,0.0,0.0,0.0,0.0,0.21428571428571427,0.0,0.0,0.0,0.0,0.0,0.0,0.0,0.0,0.07142857142857142,0.0
032080056,1.0,0.375,1.0,0.0,0.0,0.0,0.25,0.25,0.625,0.0,0.0,0.25,0.25,0.125,0.0,0.0,0.25,0.375,0.25,0.0,0.25,0.0,0.25,0.25,0.0,0.125,0.25,0.25
032080058,0.8,0.2,1.0,0.0,0.0,0.0,0.0,0.0,0.2,0.0,0.0,0.0,0.0,0.1,0.0,0.0,0.0,0.7,0.0,0.0,0.0,0.0,0.0,0.0,0.0,0.0,0.2,0.0
032080071,0.4666666666666667,0.0,0.3333333333333333,0.0,0.0,0.0,0.0,0.0,0.13333333333333333,0.0,0.06666666666666667,0.0,0.0,0.0,0.0,0.0,0.0,0.4,0.0,0.0,0.06666666666666667,0.0,0.0,0.0,0.0,0.0,0.0,0.06666666666666667
032080078,0.35294117647058826,0.1111111111111111,0.5,0.3333333333333333,0.0,0.0,0.0,0.3333333333333333,0.17647058823529413,0.0,0.0,0.0,0.0,0.0,0.0,0.0,0.3333333333333333,0.2777777777777778,0.3333333333333333,0.3333333333333333,0.0,0.0,0.0,0.1111111111111111,0.16666666666666666,0.0,0.1111111111111111,0.0
032080079,0.30434782608695654,0.043478260869565216,0.6086956521739131,0.043478260869565216,0.0,0.0,0.0,0.043478260869565216,0.17391304347826086,0.043478260869565216,0.043478260869565216,0.043478260869565216,0.0,0.08695652173913043,0.0,0.0,0.0,0.6521739130434783,0.0,0.043478260869565216,0.2608695652173913,0.0,0.21739130434782608,0.17391304347826086,0.08695652173913043,0.0,0.08695652173913043,0.0
032080083,0.5238095238095238,0.0,0.5454545454545454,0.0,0.0,0.0,0.0,0.0,0.047619047619047616,0.045454545454545456,0.0,0.045454545454545456,0.0,0.0,0.0,0.0,0.0,0.5454545454545454,0.0,0.0,0.09090909090909091,0.045454545454545456,0.0,0.0,0.045454545454545456,0.045454545454545456,0.13636363636363635,0.0
032080088,0.5384615384615384,0.0,0.7142857142857143,0.0,0.0,0.0,0.0,0.0,0.15384615384615385,0.07142857142857142,0.0,0.0,0.0,0.14285714285714285,0.0,0.0,0.0,0.7142857142857143,0.0,0.0,0.0,0.0,0.0,0.0,0.0,0.0,0.14285714285714285,0.0
032080092,0.8333333333333334,0.15,0.65,0.0,0.0,0.0,0.0,0.05,0.1111111111111111,0.0,0.05,0.0,0.05,0.05,0.0,0.25,0.05,0.55,0.0,0.0,0.1,0.0,0.05,0.2,0.0,0.05,0.15,0.0
032080093,0.7058823529411765,0.10526315789473684,0.631578947368421,0.2631578947368421,0.05263157894736842,0.0,0.2631578947368421,0.2631578947368421,0.0,0.0,0.0,0.0,0.0,0.0,0.05263157894736842,0.0,0.2631578947368421,0.8947368421052632,0.2631578947368421,0.2631578947368421,0.10526315789473684,0.0,0.0,0.0,0.0,0.0,0.10526315789473684,0.10526315789473684
032080099,0.6,0.0,0.8181818181818182,0.0,0.0,0.0,0.0,0.0,0.2,0.0,0.09090909090909091,0.0,0.0,0.09090909090909091,0.0,0.0,0.0,0.7272727272727273,0.0,0.0,0.0,0.0,0.0,0.0,0.09090909090909091,0.0,0.0,0.09090909090909091
032080103,0.46153846153846156,0.0,0.46153846153846156,0.0,0.0,0.0,0.0,0.0,0.07692307692307693,0.0,0.0,0.0,0.0,0.0,0.0,0.0,0.0,0.0,0.0,0.0,0.0,0.0,0.0,0.0,0.07692307692307693,0.0,0.0,0.0
032080110,0.8235294117647058,0.0,0.35294117647058826,0.0,0.0,0.0,0.0,0.0,0.11764705882352941,0.0,0.0,0.0,0.0,0.0,0.0,0.0,0.0,0.23529411764705882,0.0,0.0,0.0,0.0,0.0,0.0,0.0,0.0,0.0,0.0
032080119,0.4090909090909091,0.0,0.391304347826087,0.0,0.0,0.0,0.08695652173913043,0.0,0.13636363636363635,0.0,0.0,0.17391304347826086,0.0,0.08695652173913043,0.0,0.0,0.0,0.0,0.0,0.08695652173913043,0.13043478260869565,0.0,0.0,0.0,0.13043478260869565,0.0,0.30434782608695654,0.0
032080132,0.5,0.0,0.42857142857142855,0.0,0.0,0.0,0.0,0.0,0.14285714285714285,0.0,0.0,0.0,0.0,0.0,0.0,0.0,0.0,0.21428571428571427,0.0,0.0,0.0,0.14285714285714285,0.07142857142857142,0.0,0.0,0.0,0.14285714285714285,0.0
032080145,0.3684210526315789,0.0,0.5,0.0,0.0,0.0,0.0,0.0,0.10526315789473684,0.0,0.0,0.0,0.0,0.0,0.0,0.0,0.0,0.35,0.05,0.0,0.0,0.0,0.15,0.15,0.15,0.0,0.15,0.05
032080150,0.6666666666666666,0.26666666666666666,0.8,0.0,0.0,0.0,0.0,0.0,0.2,0.0,0.06666666666666667,0.0,0.0,0.26666666666666666,0.0,0.0,0.0,0.26666666666666666,0.8,0.3333333333333333,0.06666666666666667,0.0,0.0,0.0,0.0,0.0,0.26666666666666666,0.0
032080161,0.38461538461538464,0.0,0.6153846153846154,0.0,0.0,0.0,0.0,0.0,0.0,0.0,0.0,0.0,0.0,0.0,0.0,0.0,0.0,0.7692307692307693,0.0,0.0,0.0,0.0,0.0,0.0,0.0,0.0,0.23076923076923078,0.0
034230011,0.6363636363636364,0.6363636363636364,0.5454545454545454,0.2727272727272727,0.0,0.0,0.0,0.0,0.36363636363636365,0.45454545454545453,0.0,0.18181818181818182,0.0,0.0,0.0,0.0,0.0,0.5454545454545454,0.0,0.5454545454545454,0.09090909090909091,0.2727272727272727,0.36363636363636365,0.18181818181818182,0.09090909090909091,0.0,0.36363636363636365,0.09090909090909091
034230034,0.35714285714285715,0.0,0.42857142857142855,0.0,0.0,0.0,0.0,0.0,0.0,0.21428571428571427,0.0,0.0,0.0,0.0,0.0,0.0,0.0,0.21428571428571427,0.0,0.0,0.21428571428571427,0.0,0.0,0.0,0.0,0.0,0.14285714285714285,0.0
034230035,0.36363636363636365,0.6363636363636364,0.7272727272727273,0.0,0.0,0.0,0.0,0.0,0.2727272727272727,0.18181818181818182,0.0,0.0,0.0,0.0,0.0,0.2727272727272727,0.0,0.36363636363636365,0.0,0.0,0.0,0.5454545454545454,0.0,0.0,0.18181818181818182,0.2727272727272727,0.2727272727272727,0.45454545454545453
034230043,0.5,0.14285714285714285,0.42857142857142855,0.2857142857142857,0.14285714285714285,0.2857142857142857,0.2857142857142857,0.2857142857142857,0.07142857142857142,0.07142857142857142,0.14285714285714285,0.0,0.14285714285714285,0.07142857142857142,0.2857142857142857,0.0,0.2857142857142857,0.5714285714285714,0.2857142857142857,0.0,0.0,0.07142857142857142,0.2857142857142857,0.21428571428571427,0.07142857142857142,0.2857142857142857,0.21428571428571427,0.14285714285714285
034230051,0.5652173913043478,0.08333333333333333,0.5,0.0,0.0,0.0,0.0,0.0,0.043478260869565216,0.08333333333333333,0.0,0.0,0.0,0.0,0.0,0.0,0.0,0.625,0.0,0.041666666666666664,0.20833333333333334,0.0,0.0,0.0,0.16666666666666666,0.0,0.08333333333333333,0.125
034230058,0.6428571428571429,0.6428571428571429,0.5714285714285714,0.21428571428571427,0.21428571428571427,0.2857142857142857,0.35714285714285715,0.21428571428571427,0.2857142857142857,0.2857142857142857,0.42857142857142855,0.2857142857142857,0.2857142857142857,0.35714285714285715,0.2857142857142857,0.14285714285714285,0.2857142857142857,0.6428571428571429,0.21428571428571427,0.21428571428571427,0.35714285714285715,0.5,0.5,0.5,0.42857142857142855,0.42857142857142855,0.42857142857142855,0.21428571428571427
034230063,0.7894736842105263,0.25,0.55,0.15,0.15,0.0,0.0,0.0,0.3157894736842105,0.25,0.15,0.1,0.15,0.1,0.0,0.15,0.0,1.0,0.1,0.0,0.2,0.15,0.35,0.15,0.2,0.1,0.55,0.15
034230072,0.6,0.36363636363636365,0.8181818181818182,0.09090909090909091,0.2727272727272727,0.2727272727272727,0.2727272727272727,0.36363636363636365,0.2,0.36363636363636365,0.18181818181818182,0.2727272727272727,0.2727272727272727,0.18181818181818182,0.36363636363636365,0.09090909090909091,0.2727272727272727,0.7272727272727273,0.09090909090909091,0.09090909090909091,0.6363636363636364,0.18181818181818182,0.18181818181818182,0.18181818181818182,0.36363636363636365,0.18181818181818182,0.36363636363636365,0.18181818181818182
034230079,0.75,0.0,0.75,0.0,0.0,0.0,0.0,0.0,0.08333333333333333,0.0,0.0,0.0,0.0,0.0,0.0,0.0,0.0,0.5833333333333334,0.0,0.0,0.0,0.0,0.0,0.16666666666666666,0.0,0.0,0.16666666666666666,0.0
034230081,1.0,0.18181818181818182,0.7272727272727273,0.2727272727272727,0.36363636363636365,0.36363636363636365,0.36363636363636365,0.18181818181818182,0.0,0.0,0.2727272727272727,0.18181818181818182,0.18181818181818182,0.36363636363636365,0.18181818181818182,0.36363636363636365,0.2727272727272727,0.5454545454545454,0.18181818181818182,0.36363636363636365,0.09090909090909091,0.0,0.18181818181818182,0.18181818181818182,0.09090909090909091,0.0,0.09090909090909091,0.36363636363636365
034230083,0.7777777777777778,0.5,0.3,0.2,0.2,0.2,0.2,0.4,0.3333333333333333,0.4,0.5,0.4,0.2,0.5,0.2,0.2,0.2,0.3,0.4,0.4,0.4,0.5,0.6,0.2,0.5,0.6,0.2,0.4
034230085,0.75,0.3333333333333333,0.5833333333333334,0.08333333333333333,0.0,0.0,0.0,0.08333333333333333,0.5,0.0,0.08333333333333333,0.0,0.4166666666666667,0.25,0.0,0.08333333333333333,0.08333333333333333,0.3333333333333333,0.25,0.0,0.0,0.25,0.0,0.0,0.0,0.08333333333333333,0.0,0.0
034230108,0.6,0.13333333333333333,0.4,0.6,0.13333333333333333,0.5333333333333333,0.3333333333333333,0.2,0.4666666666666667,0.4666666666666667,0.4666666666666667,0.0,0.06666666666666667,0.7333333333333333,0.5333333333333333,0.26666666666666666,0.2,0.4,0.4,0.6,0.3333333333333333,0.26666666666666666,0.5333333333333333,0.6,0.4666666666666667,0.4,0.4666666666666667,0.3333333333333333
034230112,0.8571428571428571,0.5,0.7857142857142857,0.2857142857142857,0.14285714285714285,0.07142857142857142,0.0,0.0,0.5,0.21428571428571427,0.14285714285714285,0.21428571428571427,0.21428571428571427,0.14285714285714285,0.0,0.21428571428571427,0.0,0.6428571428571429,0.5714285714285714,0.2857142857142857,0.35714285714285715,0.2857142857142857,0.35714285714285715,0.14285714285714285,0.42857142857142855,0.21428571428571427,0.2857142857142857,0.14285714285714285
034230115,0.7333333333333333,0.5,0.6875,0.375,0.25,0.25,0.5625,0.4375,0.5333333333333333,0.375,0.3125,0.25,0.25,0.5,0.125,0.5625,0.5625,0.375,0.5625,0.3125,0.5625,0.375,0.375,0.0625,0.25,0.25,0.4375,0.4375
034230123,0.6875,0.4117647058823529,0.29411764705882354,0.058823529411764705,0.11764705882352941,0.17647058823529413,0.11764705882352941,0.17647058823529413,0.5625,0.11764705882352941,0.17647058823529413,0.11764705882352941,0.17647058823529413,0.11764705882352941,0.17647058823529413,0.29411764705882354,0.17647058823529413,0.7647058823529411,0.17647058823529413,0.23529411764705882,0.17647058823529413,0.4117647058823529,0.47058823529411764,0.11764705882352941,0.17647058823529413,0.11764705882352941,0.17647058823529413,0.23529411764705882
034230141,0.68,0.6,0.52,0.16,0.2,0.16,0.16,0.16,0.4,0.12,0.24,0.16,0.24,0.2,0.16,0.16,0.2,0.72,0.2,0.16,0.24,0.16,0.44,0.2,0.28,0.16,0.28,0.2
034230154,0.9333333333333333,0.8,0.8,0.5333333333333333,0.2,0.26666666666666666,0.2,0.2,0.3333333333333333,0.5333333333333333,0.3333333333333333,0.7333333333333333,0.2,0.26666666666666666,0.0,0.0,0.2,0.6,0.9333333333333333,0.8,0.3333333333333333,0.2,0.4666666666666667,0.3333333333333333,0.4666666666666667,0.2,0.6666666666666666,0.4666666666666667
034230164,0.8235294117647058,0.10526315789473684,0.47368421052631576,0.0,0.0,0.0,0.0,0.0,0.0,0.0,0.05263157894736842,0.05263157894736842,0.05263157894736842,0.0,0.0,0.0,0.05263157894736842,0.5789473684210527,0.05263157894736842,0.05263157894736842,0.05263157894736842,0.0,0.05263157894736842,0.0,0.0,0.0,0.15789473684210525,0.05263157894736842
034230168,0.8181818181818182,0.6363636363636364,0.9090909090909091,0.36363636363636365,0.2727272727272727,0.0,0.2727272727272727,0.2727272727272727,0.6363636363636364,0.18181818181818182,0.2727272727272727,0.2727272727272727,0.2727272727272727,0.09090909090909091,0.36363636363636365,0.2727272727272727,0.5454545454545454,1.0,0.09090909090909091,0.36363636363636365,0.09090909090909091,0.2727272727272727,0.2727272727272727,0.2727272727272727,0.09090909090909091,0.0,0.5454545454545454,0.09090909090909091
036360016,0.5833333333333334,0.08333333333333333,0.25,0.08333333333333333,0.0,0.0,0.0,0.0,0.0,0.25,0.0,0.0,0.0,0.08333333333333333,0.0,0.0,0.0,0.75,0.0,0.08333333333333333,0.08333333333333333,0.0,0.3333333333333333,0.0,0.08333333333333333,0.0,0.25,0.0
036360027,1.0,0.0,0.4444444444444444,0.0,0.0,0.0,0.0,0.3333333333333333,0.0,0.0,0.0,1.0,0.0,0.0,0.0,0.0,0.0,0.0,0.0,0.0,0.0,0.0,0.0,0.0,0.0,0.0,0.0,0.0
036360029,0.5294117647058824,0.058823529411764705,0.4117647058823529,0.058823529411764705,0.058823529411764705,0.058823529411764705,0.058823529411764705,0.058823529411764705,0.17647058823529413,0.058823529411764705,0.23529411764705882,1.0,0.058823529411764705,0.058823529411764705,0.058823529411764705,0.058823529411764705,0.058823529411764705,0.17647058823529413,0.23529411764705882,0.17647058823529413,0.17647058823529413,0.11764705882352941,0.058823529411764705,0.058823529411764705,0.0,0.058823529411764705,0.058823529411764705,0.058823529411764705
036360032,0.75,0.25,0.5625,0.6875,0.25,0.1875,0.5,0.5,0.5,0.375,0.25,0.8125,0.1875,0.375,0.1875,0.1875,0.5,0.625,1.0,0.5625,0.5625,0.25,0.3125,0.25,0.25,0.25,0.125,0.3125
036360033,0.9411764705882353,0.3333333333333333,0.6111111111111112,0.1111111111111111,0.0,0.3888888888888889,0.2222222222222222,0.1111111111111111,0.5882352941176471,0.16666666666666666,0.2777777777777778,0.4444444444444444,0.0,0.2222222222222222,0.2777777777777778,0.05555555555555555,0.1111111111111111,0.8333333333333334,0.5,0.7777777777777778,0.3333333333333333,0.2777777777777778,0.5,0.1111111111111111,0.4444444444444444,0.3888888888888889,0.16666666666666666,0.3333333333333333
036360034,0.8888888888888888,0.6666666666666666,0.6666666666666666,0.3333333333333333,0.3333333333333333,0.3333333333333333,0.3333333333333333,0.3333333333333333,0.1111111111111111,0.4444444444444444,0.3333333333333333,0.3333333333333333,0.2222222222222222,0.3333333333333333,0.3333333333333333,0.3333333333333333,0.3333333333333333,1.0,0.3333333333333333,0.0,0.3333333333333333,0.3333333333333333,0.5555555555555556,0.4444444444444444,0.2222222222222222,0.2222222222222222,0.2222222222222222,0.3333333333333333
036360044,0.7037037037037037,0.6428571428571429,0.8571428571428571,0.32142857142857145,0.2857142857142857,0.25,0.32142857142857145,0.39285714285714285,0.5185185185185185,0.39285714285714285,0.42857142857142855,0.35714285714285715,0.42857142857142855,0.32142857142857145,0.17857142857142858,1.0,0.25,0.8214285714285714,0.35714285714285715,0.39285714285714285,0.5714285714285714,0.42857142857142855,0.4642857142857143,0.5357142857142857,0.42857142857142855,0.39285714285714285,0.5714285714285714,0.5
036360055,0.8333333333333334,0.08333333333333333,0.5,0.0,0.16666666666666666,0.0,0.0,0.0,0.3333333333333333,0.08333333333333333,0.0,0.25,0.0,0.0,0.0,0.0,0.0,0.75,0.5,0.16666666666666666,0.25,0.0,0.5,0.0,0.16666666666666666,0.0,0.16666666666666666,0.0
036360061,0.625,0.0,0.3125,0.0,0.0,0.0,0.0,0.0,0.125,0.0,0.0,0.0,0.0,0.0,0.0,0.0,0.0,0.375,0.0,0.0,0.0,0.0,0.0,0.0,0.0,0.0,0.0,0.0
036360062,0.7857142857142857,0.07142857142857142,0.7142857142857143,0.0,0.0,0.0,0.0,0.0,0.07142857142857142,0.0,0.0,0.0,0.0,0.21428571428571427,0.0,0.0,0.0,0.14285714285714285,0.0,0.0,0.0,0.0,0.0,0.0,0.07142857142857142,0.0,0.0,0.0
036360071,0.8636363636363636,0.391304347826087,0.6956521739130435,0.08695652173913043,0.043478260869565216,0.08695652173913043,0.043478260869565216,0.08695652173913043,0.2727272727272727,0.21739130434782608,0.30434782608695654,0.08695652173913043,0.0,0.17391304347826086,0.043478260869565216,0.0,0.08695652173913043,0.34782608695652173,0.043478260869565216,0.043478260869565216,0.043478260869565216,0.08695652173913043,0.13043478260869565,0.17391304347826086,0.30434782608695654,0.043478260869565216,0.30434782608695654,0.21739130434782608
036360106,1.0,0.0,0.5263157894736842,0.0,0.0,0.0,0.0,0.0,0.15789473684210525,0.0,0.0,0.0,0.0,0.0,0.0,0.0,0.0,0.15789473684210525,0.0,0.0,0.0,0.0,0.05263157894736842,0.0,0.0,0.0,0.15789473684210525,0.0
036360111,0.8214285714285714,0.25,0.6428571428571429,0.21428571428571427,0.14285714285714285,0.21428571428571427,0.25,0.2857142857142857,0.21428571428571427,0.21428571428571427,0.21428571428571427,0.21428571428571427,0.21428571428571427,0.2857142857142857,0.07142857142857142,0.2857142857142857,0.21428571428571427,1.0,0.21428571428571427,0.25,0.39285714285714285,0.25,0.14285714285714285,0.17857142857142858,0.35714285714285715,0.17857142857142858,0.21428571428571427,0.14285714285714285
036360114,1.0,0.45454545454545453,0.9090909090909091,0.6363636363636364,0.0,0.5454545454545454,0.36363636363636365,0.45454545454545453,0.5454545454545454,0.36363636363636365,0.5454545454545454,0.45454545454545453,0.45454545454545453,0.5454545454545454,0.0,0.0,0.45454545454545453,0.8181818181818182,0.5454545454545454,0.6363636363636364,0.45454545454545453,0.6363636363636364,0.5454545454545454,0.36363636363636365,0.5454545454545454,0.5454545454545454,0.5454545454545454,0.5454545454545454
036360142,0.6842105263157895,0.0,0.47368421052631576,0.0,0.0,0.0,0.0,0.0,0.3157894736842105,0.0,0.05263157894736842,0.0,0.0,0.0,0.0,0.21052631578947367,0.0,0.2631578947368421,0.0,0.0,0.15789473684210525,0.0,0.3157894736842105,0.0,0.15789473684210525,0.10526315789473684,0.10526315789473684,0.0
036360151,0.6470588235294118,0.29411764705882354,0.5882352941176471,0.0,0.11764705882352941,0.11764705882352941,0.0,0.23529411764705882,0.5294117647058824,0.058823529411764705,0.0,0.0,0.11764705882352941,0.0,0.0,0.23529411764705882,0.0,0.5882352941176471,0.0,0.0,0.23529411764705882,0.11764705882352941,0.17647058823529413,0.0,0.23529411764705882,0.11764705882352941,0.23529411764705882,0.23529411764705882
036360154,0.9166666666666666,0.5833333333333334,0.8333333333333334,0.5833333333333334,0.6666666666666666,0.3333333333333333,0.4166666666666667,0.4166666666666667,0.5833333333333334,0.16666666666666666,0.16666666666666666,0.5,0.6666666666666666,0.4166666666666667,0.4166666666666667,1.0,0.5833333333333334,1.0,0.5833333333333334,0.5833333333333334,0.8333333333333334,0.16666666666666666,0.5833333333333334,0.4166666666666667,0.3333333333333333,0.0,0.5,0.3333333333333333
036360160,0.7857142857142857,0.375,0.5625,0.125,0.3125,0.125,0.125,0.25,0.5,0.125,0.5625,0.4375,0.3125,0.5625,0.125,0.375,0.25,0.625,0.375,0.5625,0.375,0.25,0.1875,0.125,0.3125,0.125,0.25,0.125
036360167,0.9375,0.17647058823529413,0.5294117647058824,0.0,0.0,0.0,0.11764705882352941,0.0,0.5,0.058823529411764705,0.11764705882352941,0.0,0.0,0.23529411764705882,0.0,0.0,0.0,0.7058823529411765,0.0,0.0,0.058823529411764705,0.29411764705882354,0.29411764705882354,0.17647058823529413,0.47058823529411764,0.17647058823529413,0.35294117647058826,0.058823529411764705
036360174,0.5454545454545454,0.09090909090909091,0.2727272727272727,0.18181818181818182,0.0,0.0,0.0,0.6363636363636364,0.45454545454545453,0.09090909090909091,0.09090909090909091,1.0,0.6363636363636364,0.09090909090909091,0.0,1.0,0.45454545454545453,0.18181818181818182,0.8181818181818182,0.36363636363636365,0.2727272727272727,0.09090909090909091,0.18181818181818182,0.36363636363636365,0.09090909090909091,0.09090909090909091,0.18181818181818182,0.6363636363636364
038370004,0.75,0.3333333333333333,0.42857142857142855,0.0,0.09523809523809523,0.09523809523809523,0.0,0.047619047619047616,0.15,0.14285714285714285,0.09523809523809523,0.09523809523809523,0.09523809523809523,0.047619047619047616,0.047619047619047616,0.09523809523809523,0.0,0.2857142857142857,0.09523809523809523,0.047619047619047616,0.14285714285714285,0.0,0.19047619047619047,0.14285714285714285,0.19047619047619047,0.047619047619047616,0.14285714285714285,0.09523809523809523
038370013,0.5714285714285714,0.0,0.14285714285714285,0.0,0.0,0.0,0.0,0.0,0.0,0.0,0.0,0.0,0.0,0.0,0.0,0.0,0.0,0.2857142857142857,0.0,0.0,0.0,0.0,0.0,0.0,0.0,0.0,0.0,0.0
038370019,0.6111111111111112,0.7777777777777778,0.3888888888888889,0.16666666666666666,0.2777777777777778,0.16666666666666666,0.3333333333333333,0.2222222222222222,0.3333333333333333,0.3888888888888889,0.4444444444444444,0.3333333333333333,0.2777777777777778,0.3888888888888889,0.16666666666666666,0.16666666666666666,0.16666666666666666,0.6111111111111112,0.16666666666666666,0.2777777777777778,0.16666666666666666,0.2222222222222222,0.2222222222222222,0.16666666666666666,0.3888888888888889,0.2222222222222222,0.16666666666666666,0.2222222222222222
038370045,0.9166666666666666,0.6666666666666666,0.6666666666666666,0.25,0.08333333333333333,0.08333333333333333,0.08333333333333333,0.3333333333333333,0.25,0.3333333333333333,0.25,0.25,0.25,0.5,0.25,0.25,0.16666666666666666,0.9166666666666666,0.25,0.25,0.5833333333333334,0.25,0.3333333333333333,0.3333333333333333,0.8333333333333334,0.3333333333333333,0.3333333333333333,0.25
038370052,0.36363636363636365,0.0,0.2727272727272727,0.0,0.0,0.0,0.0,0.0,0.09090909090909091,0.0,0.09090909090909091,0.0,0.0,0.0,0.0,0.0,0.0,0.6363636363636364,0.0,0.0,0.2727272727272727,0.0,0.0,0.0,0.09090909090909091,0.0,0.0,0.0
038370056,0.6,0.06666666666666667,0.3333333333333333,0.2,0.13333333333333333,0.13333333333333333,0.26666666666666666,0.26666666666666666,0.06666666666666667,0.13333333333333333,0.3333333333333333,0.26666666666666666,0.13333333333333333,0.4,0.13333333333333333,0.13333333333333333,0.26666666666666666,1.0,0.26666666666666666,0.2,0.2,0.13333333333333333,0.26666666666666666,0.26666666666666666,0.26666666666666666,0.13333333333333333,0.26666666666666666,0.3333333333333333
038370060,0.8181818181818182,0.16666666666666666,0.5833333333333334,0.25,0.0,0.0,0.16666666666666666,0.16666666666666666,0.45454545454545453,0.08333333333333333,0.16666666666666666,0.16666666666666666,0.08333333333333333,0.08333333333333333,0.0,0.0,0.0,0.9166666666666666,0.16666666666666666,0.16666666666666666,0.16666666666666666,0.16666666666666666,0.3333333333333333,0.25,0.3333333333333333,0.16666666666666666,0.16666666666666666,0.16666666666666666
038370061,0.29411764705882354,0.17647058823529413,0.5882352941176471,0.0,0.0,0.0,0.0,0.0,0.058823529411764705,0.0,0.0,0.0,0.0,0.0,0.0,0.0,0.0,0.35294117647058826,0.0,0.0,0.0,0.0,0.0,0.0,0.0,0.0,0.0,0.0
038370068,0.47368421052631576,0.0,0.4,0.0,0.0,0.0,0.0,0.0,0.10526315789473684,0.0,0.05,0.0,0.0,0.0,0.0,0.0,0.2,0.4,0.0,0.0,0.0,0.0,0.0,0.15,0.15,0.0,0.05,0.0
038370070,0.6666666666666666,0.0,0.25,0.08333333333333333,0.0,0.08333333333333333,0.08333333333333333,0.08333333333333333,0.16666666666666666,0.0,0.25,0.08333333333333333,0.08333333333333333,0.16666666666666666,0.08333333333333333,0.0,0.08333333333333333,0.9166666666666666,0.08333333333333333,0.08333333333333333,0.0,0.0,0.0,0.08333333333333333,0.0,0.0,0.16666666666666666,0.0
038370081,0.9,0.1,0.6,0.0,0.0,0.0,0.0,0.0,0.0,0.0,0.0,0.0,0.0,0.0,0.0,0.0,0.0,1.0,0.0,0.0,0.0,0.0,0.0,0.0,0.0,0.0,0.0,0.0
038370097,0.5454545454545454,0.09090909090909091,0.7272727272727273,0.18181818181818182,0.18181818181818182,0.18181818181818182,0.18181818181818182,0.18181818181818182,0.18181818181818182,0.18181818181818182,0.18181818181818182,0.18181818181818182,0.18181818181818182,0.18181818181818182,0.36363636363636365,0.45454545454545453,0.18181818181818182,0.6363636363636364,0.18181818181818182,0.18181818181818182,0.18181818181818182,0.18181818181818182,0.5454545454545454,0.18181818181818182,0.18181818181818182,0.18181818181818182,0.8181818181818182,0.18181818181818182
038370105,0.5,0.0,0.5,0.2,0.0,0.0,0.2,0.2,0.2,0.0,0.0,0.0,0.0,0.0,0.2,0.0,0.2,0.9,0.0,0.0,0.2,0.2,0.2,0.2,0.0,0.2,0.1,0.1
038370107,0.5714285714285714,0.2857142857142857,0.5714285714285714,0.21428571428571427,0.14285714285714285,0.0,0.21428571428571427,0.14285714285714285,0.5714285714285714,0.21428571428571427,0.14285714285714285,0.21428571428571427,0.14285714285714285,0.07142857142857142,0.14285714285714285,0.2857142857142857,0.14285714285714285,0.5714285714285714,0.21428571428571427,0.14285714285714285,0.21428571428571427,0.14285714285714285,0.14285714285714285,0.21428571428571427,0.2857142857142857,0.14285714285714285,0.35714285714285715,0.21428571428571427
038370128,0.42857142857142855,0.0,0.2857142857142857,0.0,0.0,0.0,0.0,0.0,0.21428571428571427,0.0,0.0,0.0,0.0,0.07142857142857142,0.0,0.0,0.0,0.35714285714285715,0.21428571428571427,0.0,0.0,0.0,0.14285714285714285,0.0,0.14285714285714285,0.14285714285714285,0.07142857142857142,0.07142857142857142
038370142,0.75,0.2,0.45,0.1,0.1,0.1,0.2,0.1,0.35,0.25,0.3,0.2,0.1,0.4,0.1,0.1,0.1,0.85,0.2,0.2,0.35,0.3,0.3,0.4,0.35,0.2,0.25,0.35
038370153,0.7272727272727273,0.30434782608695654,0.4782608695652174,0.043478260869565216,0.043478260869565216,0.043478260869565216,0.043478260869565216,0.043478260869565216,0.22727272727272727,0.043478260869565216,0.043478260869565216,0.043478260869565216,0.043478260869565216,0.08695652173913043,0.043478260869565216,0.043478260869565216,0.043478260869565216,1.0,0.043478260869565216,0.043478260869565216,0.21739130434782608,0.043478260869565216,0.2608695652173913,0.17391304347826086,0.21739130434782608,0.043478260869565216,0.2608695652173913,0.043478260869565216
038370160,0.7,0.0,0.3,0.0,0.0,0.0,0.0,0.0,0.1,0.0,0.0,0.0,0.0,0.0,0.0,0.0,0.0,0.8,0.0,0.0,0.0,0.0,0.0,0.0,0.0,0.0,0.0,0.0
038370167,0.631578947368421,0.2,0.4,0.0,0.0,0.0,0.0,0.0,0.3157894736842105,0.1,0.15,0.0,0.0,0.1,0.0,0.0,0.0,0.4,0.1,0.0,0.1,0.1,0.2,0.1,0.1,0.1,0.15,0.1
038370170,0.5,0.0,0.4166666666666667,0.0,0.3333333333333333,0.0,0.0,0.0,0.3333333333333333,0.0,0.08333333333333333,0.0,0.0,0.25,0.0,0.0,0.0,1.0,0.3333333333333333,0.3333333333333333,0.25,0.3333333333333333,0.25,0.16666666666666666,0.16666666666666666,0.0,0.16666666666666666,0.0
040050015,0.65,0.14285714285714285,0.6190476190476191,0.0,0.0,0.0,0.0,0.0,0.2,0.0,0.0,0.0,0.0,0.0,0.0,0.0,0.0,0.6190476190476191,0.0,0.0,0.19047619047619047,0.0,0.14285714285714285,0.0,0.14285714285714285,0.0,0.19047619047619047,0.14285714285714285
040050041,0.5526315789473685,0.358974358974359,0.48717948717948717,0.02564102564102564,0.02564102564102564,0.02564102564102564,0.02564102564102564,0.02564102564102564,0.15789473684210525,0.05128205128205128,0.1794871794871795,0.02564102564102564,0.02564102564102564,0.1282051282051282,0.02564102564102564,0.02564102564102564,0.02564102564102564,0.717948717948718,0.02564102564102564,0.0,0.02564102564102564,0.02564102564102564,0.02564102564102564,0.1282051282051282,0.1282051282051282,0.02564102564102564,0.07692307692307693,0.07692307692307693
040050060,0.7142857142857143,0.3448275862068966,0.5862068965517241,0.06896551724137931,0.0,0.0,0.0,0.0,0.17857142857142858,0.0,0.0,0.0,0.0,0.0,0.0,0.0,0.0,0.7586206896551724,0.41379310344827586,0.3103448275862069,0.3793103448275862,0.0,0.1724137931034483,0.0,0.3103448275862069,0.0,0.20689655172413793,0.0
040050071,0.55,0.047619047619047616,0.3333333333333333,0.0,0.0,0.0,0.0,0.0,0.05,0.0,0.0,0.0,0.0,0.0,0.0,0.0,0.0,0.0,0.0,0.0,0.0,0.0,0.0,0.047619047619047616,0.0,0.0,0.047619047619047616,0.0
040050094,0.55,0.45,0.55,0.35,0.1,0.0,0.05,0.35,0.35,0.1,0.35,0.35,0.1,0.35,0.15,0.1,0.35,0.4,0.7,0.45,0.4,0.05,0.25,0.3,0.35,0.2,0.45,0.15
040050107,0.5769230769230769,0.2,0.68,0.0,0.0,0.0,0.0,0.0,0.15384615384615385,0.08,0.0,0.08,0.0,0.04,0.0,0.0,0.0,0.72,0.0,0.08,0.24,0.0,0.0,0.0,0.12,0.0,0.08,0.0
040050110,0.6428571428571429,0.35714285714285715,0.7142857142857143,0.07142857142857142,0.0,0.0,0.0,0.07142857142857142,0.7142857142857143,0.0,0.07142857142857142,0.07142857142857142,0.0,0.5,0.0,1.0,0.0,0.21428571428571427,0.07142857142857142,0.07142857142857142,0.07142857142857142,0.0,0.07142857142857142,0.0,0.07142857142857142,0.0,0.07142857142857142,0.0
040050125,0.5,0.19047619047619047,0.6190476190476191,0.19047619047619047,0.0,0.0,0.09523809523809523,0.0,0.1,0.38095238095238093,0.3333333333333333,0.42857142857142855,0.0,0.38095238095238093,0.0,0.09523809523809523,0.0,0.5238095238095238,0.42857142857142855,0.23809523809523808,0.47619047619047616,0.2857142857142857,0.23809523809523808,0.3333333333333333,0.3333333333333333,0.19047619047619047,0.14285714285714285,0.09523809523809523
040050142,0.42857142857142855,0.43478260869565216,0.6521739130434783,0.30434782608695654,0.17391304347826086,0.13043478260869565,0.08695652173913043,0.08695652173913043,0.23809523809523808,0.2608695652173913,0.17391304347826086,0.13043478260869565,0.21739130434782608,0.13043478260869565,0.21739130434782608,0.08695652173913043,0.17391304347826086,0.782608695652174,0.08695652173913043,0.21739130434782608,0.17391304347826086,0.08695652173913043,0.21739130434782608,0.08695652173913043,0.34782608695652173,0.08695652173913043,0.13043478260869565,0.08695652173913043
040050180,0.5588235294117647,0.14705882352941177,0.5588235294117647,0.029411764705882353,0.0,0.0,0.0,0.029411764705882353,0.20588235294117646,0.0,0.029411764705882353,0.20588235294117646,0.058823529411764705,0.029411764705882353,0.029411764705882353,0.0,0.029411764705882353,0.5,0.029411764705882353,0.029411764705882353,0.29411764705882354,0.0,0.058823529411764705,0.058823529411764705,0.11764705882352941,0.0,0.11764705882352941,0.14705882352941177
040050183,0.6666666666666666,0.0,0.5833333333333334,0.0,0.0,0.0,0.0,0.0,0.0,0.0,0.0,0.0,0.0,0.0,0.0,0.0,0.0,0.5833333333333334,0.0,0.0,0.0,0.0,0.0,0.0,0.0,0.08333333333333333,0.0,0.0
040050203,0.5,0.14285714285714285,0.5,0.07142857142857142,0.07142857142857142,0.07142857142857142,0.07142857142857142,0.07142857142857142,0.21428571428571427,0.07142857142857142,0.07142857142857142,0.07142857142857142,0.07142857142857142,0.07142857142857142,0.07142857142857142,0.07142857142857142,0.07142857142857142,0.7857142857142857,0.07142857142857142,0.07142857142857142,0.07142857142857142,0.07142857142857142,0.2857142857142857,0.07142857142857142,0.07142857142857142,0.07142857142857142,0.14285714285714285,0.07142857142857142
040050205,0.6111111111111112,0.6666666666666666,0.6666666666666666,0.3888888888888889,0.16666666666666666,0.3333333333333333,0.0,0.2777777777777778,0.6666666666666666,0.5,0.2777777777777778,0.3888888888888889,0.05555555555555555,0.2222222222222222,0.0,0.16666666666666666,0.2777777777777778,0.4444444444444444,0.2777777777777778,0.3333333333333333,0.3333333333333333,0.3888888888888889,0.3888888888888889,0.2222222222222222,0.4444444444444444,0.4444444444444444,0.2777777777777778,0.4444444444444444
040050255,0.5714285714285714,0.07142857142857142,0.7142857142857143,0.0,0.0,0.07142857142857142,0.0,0.07142857142857142,0.6428571428571429,0.07142857142857142,0.0,0.0,0.0,0.0,0.0,0.0,0.0,0.35714285714285715,0.0,0.07142857142857142,0.0,0.0,0.14285714285714285,0.0,0.07142857142857142,0.07142857142857142,0.0,0.07142857142857142
040050264,0.6428571428571429,0.5714285714285714,0.6428571428571429,0.14285714285714285,0.0,0.0,0.0,0.0,0.6428571428571429,0.0,0.0,0.07142857142857142,0.0,0.07142857142857142,0.0,1.0,0.14285714285714285,0.7142857142857143,0.0,0.0,0.14285714285714285,0.21428571428571427,0.42857142857142855,0.07142857142857142,0.2857142857142857,0.2857142857142857,0.35714285714285715,0.35714285714285715
040050271,0.625,0.0,0.4117647058823529,0.0,0.0,0.0,0.0,0.0,0.1875,0.0,0.0,0.0,0.0,0.0,0.0,0.0,0.0,0.47058823529411764,0.23529411764705882,0.0,0.0,0.0,0.0,0.0,0.23529411764705882,0.0,0.0,0.0
040050281,0.8571428571428571,0.09523809523809523,0.7142857142857143,0.0,0.2857142857142857,0.0,0.047619047619047616,0.23809523809523808,0.42857142857142855,0.14285714285714285,0.2857142857142857,0.047619047619047616,0.2857142857142857,0.2857142857142857,0.09523809523809523,0.0,0.047619047619047616,0.6190476190476191,0.2857142857142857,0.5238095238095238,0.47619047619047616,0.19047619047619047,0.14285714285714285,0.2857142857142857,0.14285714285714285,0.3333333333333333,0.3333333333333333,0.047619047619047616
040050295,0.47058823529411764,0.2222222222222222,0.6666666666666666,0.1111111111111111,0.2222222222222222,0.2222222222222222,0.2222222222222222,0.1111111111111111,0.5294117647058824,0.2222222222222222,0.5,0.2222222222222222,0.2222222222222222,0.0,0.2222222222222222,0.0,0.2222222222222222,0.5555555555555556,0.2222222222222222,0.2222222222222222,0.2222222222222222,0.2222222222222222,0.6111111111111112,0.1111111111111111,0.1111111111111111,0.2222222222222222,0.2222222222222222,0.2222222222222222
040050306,0.8571428571428571,0.0,0.4666666666666667,0.0,0.0,0.26666666666666666,0.0,0.0,0.07142857142857142,0.0,0.0,0.0,0.0,0.0,0.0,0.0,0.0,0.6666666666666666,0.0,0.0,0.0,0.0,0.0,0.0,0.0,0.0,0.06666666666666667,0.0
040050358,1.0,0.29411764705882354,0.5294117647058824,0.0,0.4117647058823529,0.0,0.0,0.0,0.47058823529411764,0.35294117647058826,0.4117647058823529,0.0,0.0,0.4117647058823529,0.0,0.0,0.0,0.4117647058823529,0.0,0.0,0.4117647058823529,0.4117647058823529,0.35294117647058826,0.058823529411764705,0.23529411764705882,0.23529411764705882,0.4117647058823529,0.0
051950005,0.3333333333333333,0.05555555555555555,0.3333333333333333,0.05555555555555555,0.0,0.0,0.0,0.05555555555555555,0.05555555555555555,0.0,0.05555555555555555,0.05555555555555555,0.0,0.0,0.0,0.0,0.05555555555555555,0.6111111111111112,0.05555555555555555,0.05555555555555555,0.05555555555555555,0.0,0.05555555555555555,0.05555555555555555,0.16666666666666666,0.0,0.05555555555555555,0.0
051950011,0.5,0.1,0.35,0.0,0.0,0.0,0.0,0.15,0.1,0.05,0.0,0.0,0.0,0.0,0.0,0.55,0.0,0.75,0.15,0.25,0.25,0.0,0.1,0.0,0.3,0.0,0.05,0.05
051950018,0.5925925925925926,0.0,0.7142857142857143,0.0,0.0,0.0,0.0,0.0,0.037037037037037035,0.0,0.0,0.0,0.0,0.0,0.0,0.0,0.0,0.35714285714285715,0.0,0.0,0.0,0.0,0.0,0.0,0.0,0.0,0.0,0.0
051950025,0.9230769230769231,0.0,0.46153846153846156,0.0,0.0,0.0,0.0,0.23076923076923078,0.23076923076923078,0.0,0.07692307692307693,0.3076923076923077,0.0,0.15384615384615385,0.0,0.0,0.0,0.8461538461538461,0.23076923076923078,0.23076923076923078,0.15384615384615385,0.0,0.07692307692307693,0.0,0.07692307692307693,0.0,0.07692307692307693,0.0
051950032,0.9333333333333333,0.0625,0.8125,0.0,0.0,0.0,0.0,0.0,0.13333333333333333,0.0,0.25,0.0,0.0,0.0,0.0,0.0,0.0,0.9375,0.0,0.0,0.25,0.125,0.25,0.0,0.3125,0.125,0.1875,0.0
051950033,0.41935483870967744,0.2903225806451613,0.3548387096774194,0.0967741935483871,0.0967741935483871,0.0967741935483871,0.0967741935483871,0.0967741935483871,0.0967741935483871,0.0967741935483871,0.12903225806451613,0.0967741935483871,0.0967741935483871,0.22580645161290322,0.0967741935483871,0.0967741935483871,0.0967741935483871,0.2903225806451613,0.0967741935483871,0.1935483870967742,0.1935483870967742,0.0967741935483871,0.0967741935483871,0.0967741935483871,0.0967741935483871,0.0967741935483871,0.12903225806451613,0.0967741935483871
051950038,0.9375,0.125,0.625,0.0,0.0,0.0,0.0,0.0,0.0625,0.125,0.125,0.0,0.0,0.0,0.0,0.0,0.0,0.9375,0.0,0.0,0.0,0.125,0.125,0.0,0.0,0.125,0.0,0.0
051950044,0.5,0.0,0.35714285714285715,0.0,0.0,0.0,0.0,0.0,0.07142857142857142,0.0,0.14285714285714285,0.0,0.0,0.07142857142857142,0.0,0.0,0.0,0.2857142857142857,0.0,0.0,0.0,0.0,0.0,0.0,0.0,0.0,0.0,0.0
051950050,0.6,0.13333333333333333,0.5333333333333333,0.0,0.0,0.0,0.06666666666666667,0.0,0.0,0.0,0.26666666666666666,0.0,0.0,0.13333333333333333,0.0,0.0,0.0,1.0,0.0,0.0,0.26666666666666666,0.0,0.0,0.0,0.0,0.0,0.0,0.0
051950051,0.5,0.0,0.35294117647058826,0.0,0.0,0.0,0.0,0.0,0.0625,0.0,0.0,0.0,0.0,0.0,0.058823529411764705,0.0,0.0,0.0,0.0,0.0,0.058823529411764705,0.0,0.0,0.0,0.0,0.0,0.0,0.0
051950067,0.38461538461538464,0.07692307692307693,0.2692307692307692,0.0,0.038461538461538464,0.0,0.0,0.038461538461538464,0.07692307692307693,0.0,0.11538461538461539,0.0,0.038461538461538464,0.038461538461538464,0.038461538461538464,0.038461538461538464,0.038461538461538464,0.8076923076923077,0.07692307692307693,0.038461538461538464,0.07692307692307693,0.0,0.0,0.07692307692307693,0.0,0.0,0.038461538461538464,0.0
051950075,0.47619047619047616,0.0,0.45454545454545453,0.09090909090909091,0.0,0.0,0.0,0.0,0.09523809523809523,0.0,0.0,0.09090909090909091,0.0,0.0,0.0,0.0,0.0,0.5,0.22727272727272727,0.0,0.0,0.0,0.0,0.0,0.045454545454545456,0.0,0.09090909090909091,0.0
051950086,0.4,0.13333333333333333,0.6,0.0,0.2,0.0,0.0,0.0,0.0,0.0,0.0,0.0,0.0,0.0,0.0,0.0,0.0,1.0,0.0,0.0,0.0,0.0,0.0,0.0,0.0,0.0,0.0,0.0
051950088,0.2857142857142857,0.0,0.6428571428571429,0.0,0.0,0.0,0.0,0.0,0.0,0.0,0.0,0.0,0.0,0.0,0.0,0.0,0.0,0.42857142857142855,0.0,0.0,0.0,0.0,0.0,0.0,0.0,0.0,0.0,0.0
051950096,0.631578947368421,0.21052631578947367,0.47368421052631576,0.0,0.0,0.0,0.05263157894736842,0.0,0.0,0.0,0.0,0.05263157894736842,0.0,0.0,0.0,0.0,0.0,0.2631578947368421,0.10526315789473684,0.05263157894736842,0.0,0.0,0.0,0.0,0.0,0.0,0.05263157894736842,0.0
051950138,0.5294117647058824,0.0,0.35294117647058826,0.0,0.0,0.0,0.0,0.0,0.0,0.0,0.29411764705882354,0.0,0.0,0.35294117647058826,0.0,0.0,0.0,0.8235294117647058,0.0,0.0,0.0,0.0,0.0,0.0,0.0,0.0,0.0,0.0
051950154,0.6111111111111112,0.0,0.4444444444444444,0.0,0.0,0.0,0.0,0.0,0.05555555555555555,0.0,0.05555555555555555,0.0,0.0,0.0,0.0,0.0,0.0,0.2222222222222222,0.0,0.0,0.0,0.0,0.0,0.0,0.0,0.0,0.0,0.0
051950163,0.8571428571428571,0.0,0.6666666666666666,0.0,0.0,0.0,0.0,0.0,0.07142857142857142,0.0,0.0,0.13333333333333333,0.0,0.0,0.0,0.0,0.0,0.8666666666666667,0.0,0.0,0.2,0.0,0.4,0.0,0.0,0.0,0.13333333333333333,0.0
051950164,0.65,0.14285714285714285,0.42857142857142855,0.0,0.0,0.0,0.0,0.0,0.05,0.0,0.0,0.0,0.0,0.0,0.0,0.0,0.0,0.5714285714285714,0.0,0.0,0.0,0.19047619047619047,0.0,0.0,0.19047619047619047,0.047619047619047616,0.0,0.0
051950170,0.6153846153846154,0.1111111111111111,0.2222222222222222,0.07407407407407407,0.0,0.0,0.0,0.07407407407407407,0.11538461538461539,0.0,0.07407407407407407,0.07407407407407407,0.0,0.0,0.0,0.0,0.07407407407407407,0.6296296296296297,0.07407407407407407,0.07407407407407407,0.07407407407407407,0.0,0.0,0.07407407407407407,0.07407407407407407,0.07407407407407407,0.0,0.0
052180017,0.35714285714285715,0.5,0.42857142857142855,0.0,0.0,0.0,0.0,0.0,0.42857142857142855,0.0,0.0,0.0,0.0,0.0,0.0,0.0,0.0,0.35714285714285715,0.14285714285714285,0.2857142857142857,0.14285714285714285,0.0,0.35714285714285715,0.0,0.0,0.0,0.0,0.14285714285714285
052180027,0.7777777777777778,0.1111111111111111,0.7777777777777778,0.1111111111111111,0.0,0.0,0.0,0.0,0.1111111111111111,0.0,0.0,0.0,0.0,0.0,0.0,0.2222222222222222,0.0,0.0,0.1111111111111111,0.1111111111111111,0.0,0.0,0.1111111111111111,0.0,0.0,0.0,0.0,0.0
052180028,0.5454545454545454,0.0,0.13636363636363635,0.0,0.0,0.0,0.0,0.0,0.18181818181818182,0.0,0.0,0.0,0.0,0.09090909090909091,0.0,0.0,0.0,0.5,0.0,0.0,0.18181818181818182,0.0,0.22727272727272727,0.0,0.18181818181818182,0.0,0.045454545454545456,0.09090909090909091
052180037,0.5,0.05555555555555555,0.2777777777777778,0.2777777777777778,0.0,0.0,0.2777777777777778,0.2777777777777778,0.1875,0.0,0.0,0.2777777777777778,0.0,0.0,0.0,0.0,0.2777777777777778,0.4444444444444444,0.2777777777777778,0.3333333333333333,0.0,0.0,0.05555555555555555,0.0,0.2222222222222222,0.0,0.1111111111111111,0.0
052180041,0.6666666666666666,0.4444444444444444,0.5555555555555556,0.0,0.0,0.0,0.0,0.0,0.5,0.0,0.0,0.1111111111111111,0.0,0.3888888888888889,0.0,0.0,0.0,0.8888888888888888,0.3333333333333333,0.3888888888888889,0.6111111111111112,0.0,0.3333333333333333,0.0,0.2777777777777778,0.0,0.4444444444444444,0.3888888888888889
052180042,0.34782608695652173,0.21739130434782608,0.4782608695652174,0.08695652173913043,0.0,0.0,0.0,0.08695652173913043,0.17391304347826086,0.08695652173913043,0.13043478260869565,0.08695652173913043,0.08695652173913043,0.08695652173913043,0.0,0.0,0.08695652173913043,0.391304347826087,0.08695652173913043,0.08695652173913043,0.08695652173913043,0.0,0.30434782608695654,0.0,0.2608695652173913,0.08695652173913043,0.2608695652173913,0.0
052180046,0.5,0.0,0.3,0.0,0.0,0.0,0.0,0.0,0.1,0.0,0.0,0.0,0.0,0.0,0.0,1.0,0.0,0.2,0.0,0.0,0.0,0.0,0.0,0.0,0.0,0.0,0.0,0.0
052180068,0.6,0.0,0.5333333333333333,0.0,0.0,0.0,0.0,0.0,0.5333333333333333,0.0,0.0,0.0,0.0,0.0,0.0,0.0,0.0,0.4666666666666667,0.0,0.0,0.0,0.0,0.2,0.0,0.13333333333333333,0.0,0.06666666666666667,0.0
052180084,1.0,0.1,0.8,0.0,0.0,0.0,0.0,0.0,0.2222222222222222,0.0,0.0,0.0,0.0,0.0,0.0,0.0,0.0,1.0,0.0,0.0,0.0,0.0,0.0,0.0,0.0,0.0,0.1,0.1
052180090,0.4444444444444444,0.0,0.4444444444444444,0.0,0.0,0.0,0.0,0.0,0.0,0.0,0.0,0.0,0.0,0.0,0.0,0.0,0.0,0.0,0.0,0.0,0.0,0.0,0.0,0.0,0.0,0.0,0.0,0.0
052180093,0.4583333333333333,0.0,0.4583333333333333,0.0,0.0,0.0,0.0,0.0,0.20833333333333334,0.0,0.0,0.0,0.0,0.0,0.0,0.0,0.0,0.75,0.20833333333333334,0.0,0.0,0.0,0.16666666666666666,0.0,0.041666666666666664,0.0,0.0,0.0
052180098,0.7058823529411765,0.0,0.5294117647058824,0.0,0.0,0.0,0.0,0.0,0.23529411764705882,0.0,0.0,0.0,0.0,0.058823529411764705,0.0,0.0,0.0,0.35294117647058826,0.0,0.0,0.17647058823529413,0.0,0.0,0.11764705882352941,0.058823529411764705,0.0,0.0,0.0
052180104,0.4,0.03125,0.5,0.0,0.0,0.0,0.0,0.0,0.13333333333333333,0.0625,0.0,0.125,0.0,0.0,0.0,0.0,0.0,0.34375,0.0,0.0,0.0625,0.0,0.0,0.09375,0.125,0.0,0.0,0.0
052180112,0.3870967741935484,0.0967741935483871,0.3870967741935484,0.03225806451612903,0.0,0.06451612903225806,0.06451612903225806,0.0,0.03225806451612903,0.0,0.0967741935483871,0.1935483870967742,0.0,0.0967741935483871,0.06451612903225806,0.0,0.03225806451612903,0.5161290322580645,0.12903225806451613,0.12903225806451613,0.06451612903225806,0.0,0.22580645161290322,0.0967741935483871,0.06451612903225806,0.0,0.22580645161290322,0.0967741935483871
052180117,0.35294117647058826,0.0,0.3333333333333333,0.0,0.0,0.0,0.0,0.0,0.058823529411764705,0.0,0.0,0.0,0.0,0.0,0.0,0.0,0.0,0.5555555555555556,0.0,0.0,0.2222222222222222,0.0,0.0,0.0,0.0,0.0,0.0,0.0
052180124,0.4642857142857143,0.3,0.5333333333333333,0.0,0.0,0.0,0.0,0.0,0.07142857142857142,0.0,0.0,0.16666666666666666,0.0,0.0,0.0,0.0,0.0,0.4666666666666667,0.06666666666666667,0.16666666666666666,0.26666666666666666,0.0,0.0,0.0,0.16666666666666666,0.0,0.03333333333333333,0.13333333333333333
052180137,0.391304347826087,0.043478260869565216,0.4782608695652174,0.0,0.0,0.0,0.0,0.0,0.08695652173913043,0.043478260869565216,0.0,0.0,0.0,0.0,0.0,0.17391304347826086,0.0,0.08695652173913043,0.0,0.0,0.08695652173913043,0.13043478260869565,0.0,0.0,0.0,0.08695652173913043,0.0,0.043478260869565216
052180143,0.24,0.28,0.32,0.08,0.08,0.08,0.08,0.16,0.16,0.16,0.16,0.08,0.08,0.16,0.16,0.08,0.08,0.44,0.08,0.16,0.12,0.16,0.2,0.16,0.16,0.16,0.16,0.16
052180146,0.4444444444444444,0.1111111111111111,0.6111111111111112,0.0,0.0,0.0,0.0,0.0,0.05555555555555555,0.0,0.0,0.0,0.0,0.0,0.0,0.0,0.0,0.6111111111111112,0.0,0.0,0.1111111111111111,0.0,0.2222222222222222,0.0,0.0,0.0,0.1111111111111111,0.1111111111111111
052180160,0.42105263157894735,0.0,0.47619047619047616,0.0,0.0,0.0,0.0,0.0,0.0,0.0,0.0,0.0,0.0,0.0,0.0,0.0,0.0,0.14285714285714285,0.0,0.0,0.0,0.0,0.09523809523809523,0.0,0.0,0.0,0.0,0.0
054010004,0.48148148148148145,0.14814814814814814,0.4074074074074074,0.07407407407407407,0.07407407407407407,0.07407407407407407,0.07407407407407407,0.07407407407407407,0.2222222222222222,0.07407407407407407,0.18518518518518517,0.07407407407407407,0.07407407407407407,0.14814814814814814,0.0,0.0,0.07407407407407407,0.5925925925925926,0.2962962962962963,0.07407407407407407,0.07407407407407407,0.07407407407407407,0.07407407407407407,0.1111111111111111,0.1111111111111111,0.07407407407407407,0.07407407407407407,0.07407407407407407
054010009,0.5,0.6363636363636364,0.4090909090909091,0.0,0.0,0.045454545454545456,0.0,0.045454545454545456,0.045454545454545456,0.0,0.18181818181818182,0.0,0.0,0.18181818181818182,0.0,0.0,0.045454545454545456,0.2727272727272727,0.045454545454545456,0.045454545454545456,0.045454545454545456,0.0,0.0,0.045454545454545456,0.045454545454545456,0.0,0.0,0.045454545454545456
054010014,0.5454545454545454,0.0,0.45454545454545453,0.0,0.0,0.0,0.0,0.0,0.0,0.0,0.0,0.0,0.0,0.0,0.0,0.0,0.0,0.18181818181818182,0.0,0.0,0.0,0.0,0.0,0.0,0.0,0.0,0.0,0.18181818181818182
054010032,0.5333333333333333,0.4,0.26666666666666666,0.3333333333333333,0.2,0.3333333333333333,0.3333333333333333,0.4,0.4,0.3333333333333333,0.3333333333333333,0.26666666666666666,0.3333333333333333,0.4666666666666667,0.2,0.2,0.3333333333333333,0.5333333333333333,0.13333333333333333,0.4666666666666667,0.0,0.3333333333333333,0.3333333333333333,0.4,0.26666666666666666,0.4,0.4,0.26666666666666666
054010046,0.5384615384615384,0.15384615384615385,0.6923076923076923,0.0,0.0,0.23076923076923078,0.0,0.0,0.07692307692307693,0.0,0.0,0.07692307692307693,0.0,0.07692307692307693,0.0,0.46153846153846156,0.0,0.15384615384615385,0.23076923076923078,0.0,0.3076923076923077,0.0,0.3076923076923077,0.3076923076923077,0.0,0.0,0.07692307692307693,0.3076923076923077
054010051,0.6923076923076923,0.8461538461538461,0.9230769230769231,0.7692307692307693,0.15384615384615385,0.15384615384615385,0.15384615384615385,0.3076923076923077,0.6923076923076923,0.8461538461538461,0.38461538461538464,0.7692307692307693,0.15384615384615385,0.38461538461538464,0.15384615384615385,0.15384615384615385,0.15384615384615385,0.6923076923076923,0.15384615384615385,0.15384615384615385,0.15384615384615385,0.07692307692307693,0.23076923076923078,0.07692307692307693,0.46153846153846156,0.7692307692307693,0.38461538461538464,0.6153846153846154
054010055,0.75,0.16666666666666666,0.5,0.16666666666666666,0.16666666666666666,0.16666666666666666,0.16666666666666666,0.16666666666666666,0.3333333333333333,0.16666666666666666,0.0,0.16666666666666666,0.16666666666666666,0.0,0.0,0.0,0.16666666666666666,0.75,0.25,0.25,0.25,0.16666666666666666,0.25,0.16666666666666666,0.16666666666666666,0.16666666666666666,0.25,0.16666666666666666
054010061,0.45454545454545453,0.5,0.6666666666666666,0.0,0.08333333333333333,0.16666666666666666,0.16666666666666666,0.16666666666666666,0.45454545454545453,0.16666666666666666,0.08333333333333333,0.08333333333333333,0.3333333333333333,0.25,0.16666666666666666,0.0,0.16666666666666666,0.5833333333333334,0.16666666666666666,0.16666666666666666,0.16666666666666666,0.16666666666666666,0.16666666666666666,0.16666666666666666,0.16666666666666666,0.16666666666666666,0.4166666666666667,0.25
054010072,0.7,0.8,0.8,0.3,0.0,0.0,0.2,0.0,0.5,0.0,0.0,0.3,0.0,0.0,0.0,0.0,0.0,1.0,0.3,0.3,0.3,0.3,0.2,0.0,0.1,0.2,0.2,0.0
054010079,0.6153846153846154,0.46153846153846156,0.6538461538461539,0.23076923076923078,0.23076923076923078,0.11538461538461539,0.15384615384615385,0.15384615384615385,0.34615384615384615,0.07692307692307693,0.23076923076923078,0.23076923076923078,0.07692307692307693,0.19230769230769232,0.2692307692307692,0.19230769230769232,0.23076923076923078,0.9615384615384616,0.38461538461538464,0.23076923076923078,0.23076923076923078,0.038461538461538464,0.19230769230769232,0.19230769230769232,0.34615384615384615,0.23076923076923078,0.38461538461538464,0.2692307692307692
054010091,0.5714285714285714,0.55,0.6,0.15,0.15,0.25,0.2,0.2,0.6666666666666666,0.15,0.4,0.45,0.15,0.55,0.0,0.05,0.05,0.75,0.85,0.6,0.8,0.0,0.3,0.2,0.45,0.1,0.35,0.3
054010095,0.6842105263157895,0.4,0.5,0.15,0.25,0.0,0.0,0.3,0.3157894736842105,0.3,0.2,0.3,0.0,0.1,0.0,0.15,0.2,0.8,0.1,0.2,0.2,0.2,0.55,0.25,0.2,0.15,0.35,0.4
054010105,0.6666666666666666,0.13333333333333333,0.5333333333333333,0.2,0.2,0.2,0.2,0.2,0.26666666666666666,0.2,0.2,0.2,0.2,0.2,0.2,0.2,0.2,0.2,0.2,0.2,0.13333333333333333,0.3333333333333333,0.2,0.2,0.13333333333333333,0.13333333333333333,0.2,0.2
054010107,0.7142857142857143,0.3333333333333333,0.6190476190476191,0.23809523809523808,0.047619047619047616,0.14285714285714285,0.14285714285714285,0.047619047619047616,0.14285714285714285,0.14285714285714285,0.3333333333333333,0.19047619047619047,0.14285714285714285,0.14285714285714285,0.14285714285714285,0.14285714285714285,0.047619047619047616,0.6666666666666666,0.14285714285714285,0.14285714285714285,0.047619047619047616,0.09523809523809523,0.14285714285714285,0.23809523809523808,0.14285714285714285,0.14285714285714285,0.19047619047619047,0.14285714285714285
054010123,0.6666666666666666,0.6153846153846154,0.46153846153846156,0.0,0.0,0.0,0.0,0.0,0.08333333333333333,0.0,0.3076923076923077,0.0,0.0,0.0,0.0,0.0,0.0,1.0,0.0,0.0,0.0,0.0,0.0,0.0,0.15384615384615385,0.0,0.23076923076923078,0.0
054010130,0.7272727272727273,0.5454545454545454,0.6363636363636364,0.09090909090909091,0.09090909090909091,0.09090909090909091,0.09090909090909091,0.09090909090909091,0.2727272727272727,0.2727272727272727,0.09090909090909091,0.09090909090909091,0.09090909090909091,0.18181818181818182,0.09090909090909091,0.09090909090909091,0.09090909090909091,0.8181818181818182,0.09090909090909091,0.09090909090909091,0.45454545454545453,0.09090909090909091,0.45454545454545453,0.09090909090909091,0.18181818181818182,0.09090909090909091,0.09090909090909091,0.09090909090909091
054010136,0.64,0.11538461538461539,0.7307692307692307,0.0,0.07692307692307693,0.0,0.0,0.07692307692307693,0.2,0.07692307692307693,0.07692307692307693,0.19230769230769232,0.07692307692307693,0.19230769230769232,0.0,0.0,0.07692307692307693,0.7307692307692307,0.2692307692307692,0.11538461538461539,0.15384615384615385,0.07692307692307693,0.11538461538461539,0.038461538461538464,0.3076923076923077,0.19230769230769232,0.15384615384615385,0.07692307692307693
054010148,0.6666666666666666,0.5,0.5,0.4166666666666667,0.0,0.0,0.0,0.16666666666666666,0.08333333333333333,0.0,0.4166666666666667,0.3333333333333333,0.0,0.4166666666666667,0.08333333333333333,0.16666666666666666,0.4166666666666667,0.9166666666666666,0.4166666666666667,0.4166666666666667,0.4166666666666667,0.4166666666666667,0.25,0.3333333333333333,0.3333333333333333,0.16666666666666666,0.25,0.25
054010155,0.6666666666666666,0.7857142857142857,0.7857142857142857,0.21428571428571427,0.5714285714285714,0.5,0.35714285714285715,0.42857142857142855,0.8333333333333334,0.42857142857142855,0.5714285714285714,0.42857142857142855,0.42857142857142855,0.5714285714285714,0.7857142857142857,0.5714285714285714,0.7142857142857143,0.5714285714285714,0.5714285714285714,0.5714285714285714,0.5714285714285714,0.35714285714285715,0.7857142857142857,0.5,0.5,0.5714285714285714,0.7142857142857143,0.5
054010165,0.6190476190476191,0.19047619047619047,0.7619047619047619,0.0,0.0,0.0,0.0,0.0,0.14285714285714285,0.2857142857142857,0.19047619047619047,0.0,0.0,0.0,0.0,0.0,0.0,0.47619047619047616,0.09523809523809523,0.047619047619047616,0.2857142857142857,0.047619047619047616,0.047619047619047616,0.0,0.14285714285714285,0.047619047619047616,0.14285714285714285,0.19047619047619047
054080004,0.75,0.3,0.55,0.15,0.1,0.0,0.1,0.1,0.2,0.0,0.1,0.15,0.1,0.2,0.1,0.1,0.1,0.85,0.1,0.15,0.05,0.0,0.1,0.05,0.1,0.15,0.35,0.0
054080008,0.8333333333333334,0.5555555555555556,0.6666666666666666,0.0,0.16666666666666666,0.0,0.0,0.0,0.5,0.05555555555555555,0.3888888888888889,0.0,0.3333333333333333,0.2777777777777778,0.0,0.0,0.0,0.3333333333333333,0.5,0.5555555555555556,0.1111111111111111,0.2222222222222222,0.16666666666666666,0.0,0.3888888888888889,0.1111111111111111,0.4444444444444444,0.16666666666666666
054080011,0.7857142857142857,0.0,0.35714285714285715,0.0,0.0,0.0,0.0,0.0,0.0,0.0,0.0,0.0,0.0,0.0,0.0,0.0,0.0,0.35714285714285715,0.0,0.0,0.0,0.0,0.0,0.0,0.0,0.0,0.0,0.0
054080019,0.8666666666666667,0.5625,0.625,0.0,0.0,0.0,0.0,0.0,0.5333333333333333,0.0,0.0,0.0,0.0,0.0,0.0,0.0,0.0,0.625,0.0,0.1875,0.5,0.0,0.125,0.0,0.25,0.0,0.0,0.0
054080021,0.8333333333333334,0.3125,0.8125,0.0,0.0,0.0,0.0,0.0,0.2777777777777778,0.0,0.0625,0.0,0.0,0.0,0.0,0.0,0.0,0.9375,0.0,0.0,0.25,0.0,0.1875,0.0,0.0,0.0625,0.0,0.125
054080033,0.6875,0.625,0.875,0.4375,0.375,0.0,0.0,0.375,0.375,0.4375,0.375,0.4375,0.375,0.5,0.0,0.3125,0.4375,0.3125,0.375,0.375,0.5,0.4375,0.4375,0.3125,0.375,0.5,0.4375,0.4375
054080035,0.9615384615384616,0.35714285714285715,0.5,0.0,0.0,0.0,0.0,0.0,0.23076923076923078,0.0,0.0,0.0,0.0,0.0,0.0,0.0,0.0,0.2857142857142857,0.0,0.0,0.07142857142857142,0.0,0.0,0.0,0.17857142857142858,0.0,0.17857142857142858,0.0
054080042,0.8571428571428571,0.18181818181818182,0.45454545454545453,0.0,0.0,0.0,0.0,0.0,0.14285714285714285,0.0,0.0,0.0,0.0,0.0,0.0,0.0,0.0,0.7727272727272727,0.3181818181818182,0.0,0.0,0.0,0.045454545454545456,0.0,0.13636363636363635,0.0,0.0,0.0
054080065,0.6666666666666666,0.3333333333333333,0.6,0.3333333333333333,0.26666666666666666,0.2,0.0,0.26666666666666666,0.4666666666666667,0.4,0.4,0.4,0.26666666666666666,0.4,0.06666666666666667,0.06666666666666667,0.26666666666666666,0.4,0.13333333333333333,0.4666666666666667,0.4,0.5333333333333333,0.6,0.3333333333333333,0.4,0.4,0.4666666666666667,0.3333333333333333
054080081,0.53125,0.16129032258064516,0.3225806451612903,0.03225806451612903,0.03225806451612903,0.0,0.0,0.03225806451612903,0.09375,0.06451612903225806,0.03225806451612903,0.0,0.0,0.06451612903225806,0.0,0.0967741935483871,0.0,0.3548387096774194,0.03225806451612903,0.03225806451612903,0.0967741935483871,0.0,0.06451612903225806,0.06451612903225806,0.0967741935483871,0.06451612903225806,0.03225806451612903,0.06451612903225806
054080109,0.6,0.25925925925925924,0.5925925925925926,0.0,0.0,0.0,0.0,0.0,0.2,0.0,0.18518518518518517,0.37037037037037035,0.0,0.14814814814814814,0.0,0.0,0.0,0.4074074074074074,0.0,0.14814814814814814,0.1111111111111111,0.0,0.14814814814814814,0.0,0.25925925925925924,0.0,0.14814814814814814,0.0
054080123,0.6666666666666666,0.0,0.3333333333333333,0.0,0.0,0.0,0.0,0.0,0.3333333333333333,0.0,0.0,0.0,0.0,0.0,0.16666666666666666,0.0,0.0,0.25,0.0,0.16666666666666666,0.3333333333333333,0.0,0.0,0.0,0.0,0.0,0.0,0.0
054080138,0.5882352941176471,0.2222222222222222,0.3333333333333333,0.05555555555555555,0.0,0.0,0.05555555555555555,0.0,0.17647058823529413,0.0,0.0,0.1111111111111111,0.0,0.16666666666666666,0.0,0.0,0.0,0.4444444444444444,0.1111111111111111,0.3888888888888889,0.1111111111111111,0.0,0.2777777777777778,0.05555555555555555,0.1111111111111111,0.0,0.0,0.0
054080150,0.5294117647058824,0.29411764705882354,0.5294117647058824,0.0,0.0,0.0,0.0,0.0,0.17647058823529413,0.0,0.0,0.0,0.0,0.11764705882352941,0.0,0.0,0.0,0.8235294117647058,0.35294117647058826,0.0,0.35294117647058826,0.0,0.4117647058823529,0.0,0.17647058823529413,0.0,0.058823529411764705,0.0
054080151,0.42105263157894735,0.05263157894736842,0.631578947368421,0.0,0.0,0.0,0.0,0.0,0.05263157894736842,0.0,0.0,0.0,0.0,0.0,0.0,0.0,0.0,0.47368421052631576,0.0,0.0,0.0,0.0,0.0,0.0,0.0,0.0,0.0,0.05263157894736842
054080154,0.6190476190476191,0.22727272727272727,0.5909090909090909,0.045454545454545456,0.0,0.045454545454545456,0.0,0.045454545454545456,0.09523809523809523,0.045454545454545456,0.09090909090909091,0.045454545454545456,0.0,0.045454545454545456,0.045454545454545456,0.045454545454545456,0.045454545454545456,0.45454545454545453,0.0,0.09090909090909091,0.045454545454545456,0.0,0.22727272727272727,0.045454545454545456,0.22727272727272727,0.045454545454545456,0.18181818181818182,0.18181818181818182
054080163,0.76,0.44,0.52,0.04,0.0,0.0,0.04,0.04,0.36,0.04,0.08,0.04,0.0,0.08,1.0,0.0,0.04,0.44,0.16,0.04,0.24,0.08,0.32,0.08,0.48,0.32,0.08,0.08
054080165,0.6363636363636364,0.2608695652173913,0.6086956521739131,0.0,0.0,0.0,0.0,0.0,0.22727272727272727,0.043478260869565216,0.0,0.0,0.0,0.043478260869565216,0.0,0.0,0.0,0.21739130434782608,0.0,0.0,0.043478260869565216,0.17391304347826086,0.043478260869565216,0.043478260869565216,0.2608695652173913,0.043478260869565216,0.13043478260869565,0.043478260869565216
054080167,0.5,0.625,0.5416666666666666,0.0,0.0,0.0,0.0,0.0,0.25,0.0,0.16666666666666666,0.0,0.0,0.0,0.0,0.0,0.0,0.0,0.0,0.0,0.08333333333333333,0.08333333333333333,0.125,0.0,0.375,0.0,0.0,0.0
054080174,0.4090909090909091,0.045454545454545456,0.45454545454545453,0.22727272727272727,0.13636363636363635,0.045454545454545456,0.18181818181818182,0.13636363636363635,0.2727272727272727,0.045454545454545456,0.18181818181818182,0.4090909090909091,0.09090909090909091,0.18181818181818182,0.045454545454545456,0.13636363636363635,0.18181818181818182,0.5909090909090909,0.3181818181818182,0.2727272727272727,0.22727272727272727,0.18181818181818182,0.5454545454545454,0.3181818181818182,0.36363636363636365,0.13636363636363635,0.3181818181818182,0.45454545454545453
054140003,0.6923076923076923,0.0,0.9230769230769231,0.0,0.0,0.0,0.0,0.0,0.15384615384615385,0.0,0.0,0.0,0.0,0.0,0.0,0.0,0.0,0.15384615384615385,0.0,0.0,0.5384615384615384,0.0,0.0,0.0,0.0,0.0,0.07692307692307693,0.0
054140010,0.6956521739130435,0.30434782608695654,0.7391304347826086,0.043478260869565216,0.043478260869565216,0.043478260869565216,0.043478260869565216,0.043478260869565216,0.6521739130434783,0.043478260869565216,0.13043478260869565,0.043478260869565216,0.043478260869565216,0.17391304347826086,0.043478260869565216,0.13043478260869565,0.043478260869565216,0.6521739130434783,0.043478260869565216,0.043478260869565216,0.21739130434782608,0.043478260869565216,0.2608695652173913,0.043478260869565216,0.08695652173913043,0.043478260869565216,0.043478260869565216,0.17391304347826086
054140015,0.9,0.4,0.7,0.0,0.0,0.0,0.1,0.2,0.9,0.1,0.2,0.1,0.0,0.2,0.2,0.0,0.1,0.2,0.0,0.0,0.3,0.3,0.2,0.0,0.1,0.1,0.3,0.0
054140019,0.9090909090909091,0.0,0.5,0.0,0.0,0.08333333333333333,0.0,0.0,0.18181818181818182,0.16666666666666666,0.16666666666666666,0.16666666666666666,0.08333333333333333,0.4166666666666667,0.08333333333333333,0.08333333333333333,0.0,0.9166666666666666,0.0,0.0,0.0,0.0,0.3333333333333333,0.0,0.16666666666666666,0.0,0.5,0.0
054140021,0.75,0.75,0.8125,0.0,0.25,0.0,0.1875,0.0,0.8125,0.125,0.375,0.0,0.0,0.4375,0.0,1.0,0.0,1.0,0.8125,0.3125,0.625,0.0,0.5,0.0,0.5,0.1875,0.625,0.3125
054140039,0.45454545454545453,0.0,0.5454545454545454,0.0,0.0,0.0,0.0,0.2727272727272727,0.6363636363636364,0.0,0.0,0.0,0.0,0.09090909090909091,0.7272727272727273,1.0,0.2727272727272727,0.36363636363636365,0.0,0.0,0.2727272727272727,0.0,0.2727272727272727,0.0,0.2727272727272727,0.0,0.09090909090909091,0.0
054140051,1.0,0.42857142857142855,0.5,0.42857142857142855,0.5,0.42857142857142855,0.0,0.2857142857142857,0.8571428571428571,0.5,0.7142857142857143,0.42857142857142855,0.0,0.8571428571428571,0.0,0.21428571428571427,0.35714285714285715,1.0,0.7857142857142857,0.9285714285714286,0.21428571428571427,0.35714285714285715,0.7142857142857143,0.42857142857142855,0.5714285714285714,0.35714285714285715,0.6428571428571429,0.2857142857142857
054140057,0.7142857142857143,0.2857142857142857,0.21428571428571427,0.7142857142857143,0.0,0.0,0.21428571428571427,0.42857142857142855,0.5714285714285714,0.0,0.07142857142857142,0.5,0.0,0.42857142857142855,0.0,0.0,0.42857142857142855,0.9285714285714286,0.5,0.5,0.42857142857142855,0.0,0.7857142857142857,0.0,0.42857142857142855,0.0,0.0,0.07142857142857142
054140077,0.7096774193548387,0.16129032258064516,0.7419354838709677,0.22580645161290322,0.22580645161290322,0.12903225806451613,0.12903225806451613,0.3225806451612903,0.6451612903225806,0.45161290322580644,0.45161290322580644,0.22580645161290322,0.12903225806451613,0.3225806451612903,0.16129032258064516,0.25806451612903225,0.25806451612903225,0.6774193548387096,0.1935483870967742,0.3870967741935484,0.5161290322580645,0.5806451612903226,0.41935483870967744,0.1935483870967742,0.7741935483870968,0.3548387096774194,0.5806451612903226,0.1935483870967742
054140098,0.5263157894736842,0.0,0.3684210526315789,0.0,0.0,0.0,0.0,0.0,0.10526315789473684,0.10526315789473684,0.05263157894736842,0.0,0.0,0.05263157894736842,0.0,0.0,0.0,0.5789473684210527,0.0,0.0,0.0,0.0,0.15789473684210525,0.21052631578947367,0.05263157894736842,0.15789473684210525,0.0,0.0
054140104,0.8571428571428571,0.3333333333333333,0.5333333333333333,0.3333333333333333,0.2,0.0,0.5333333333333333,0.7333333333333333,0.8571428571428571,0.3333333333333333,0.6666666666666666,0.26666666666666666,0.0,0.26666666666666666,0.0,0.13333333333333333,0.5333333333333333,0.6666666666666666,0.5333333333333333,0.7333333333333333,0.6666666666666666,0.7333333333333333,0.6666666666666666,0.0,0.4,0.4666666666666667,0.4,0.4
054140106,0.8888888888888888,0.0,0.5,0.0,0.0,0.2,0.2,0.2,0.3333333333333333,0.0,0.2,0.2,0.0,0.1,0.2,0.0,0.2,0.3,0.2,0.4,0.2,0.0,0.1,0.2,0.2,0.1,0.4,0.2
054140113,0.8333333333333334,0.38461538461538464,0.38461538461538464,0.0,0.15384615384615385,0.15384615384615385,0.15384615384615385,0.15384615384615385,0.3333333333333333,0.15384615384615385,0.15384615384615385,0.0,0.0,0.15384615384615385,0.0,0.15384615384615385,0.15384615384615385,1.0,0.15384615384615385,0.38461538461538464,0.46153846153846156,0.15384615384615385,0.3076923076923077,0.3076923076923077,0.3076923076923077,0.15384615384615385,0.38461538461538464,0.38461538461538464
054140115,0.6,0.6,0.6,0.5333333333333333,0.2,0.2,0.4,0.4,0.9333333333333333,0.26666666666666666,0.4666666666666667,0.2,0.0,0.4666666666666667,0.0,0.26666666666666666,0.4,0.5333333333333333,0.2,0.6666666666666666,0.26666666666666666,0.4666666666666667,0.8666666666666667,0.2,0.3333333333333333,0.26666666666666666,0.6666666666666666,0.3333333333333333
054140118,0.6,0.15789473684210525,0.5789473684210527,0.10526315789473684,0.0,0.0,0.0,0.0,0.3,0.05263157894736842,0.0,0.10526315789473684,0.0,0.10526315789473684,0.0,0.0,0.0,0.6842105263157895,0.47368421052631576,0.10526315789473684,0.10526315789473684,0.10526315789473684,0.10526315789473684,0.0,0.10526315789473684,0.15789473684210525,0.15789473684210525,0.15789473684210525
054140119,1.0,0.45454545454545453,0.6363636363636364,0.0,0.0,0.0,0.45454545454545453,0.18181818181818182,0.45454545454545453,0.36363636363636365,1.0,0.09090909090909091,0.2727272727272727,0.6363636363636364,0.0,0.0,0.6363636363636364,0.0,0.0,0.09090909090909091,0.5454545454545454,0.7272727272727273,0.5454545454545454,0.45454545454545453,0.5454545454545454,0.45454545454545453,0.36363636363636365,0.45454545454545453
054140122,1.0,0.2,0.5333333333333333,0.0,0.2,0.0,0.0,0.0,0.4,0.2,0.13333333333333333,0.5333333333333333,0.13333333333333333,0.3333333333333333,0.6666666666666666,0.0,0.0,0.8666666666666667,0.0,0.13333333333333333,0.4666666666666667,0.13333333333333333,0.3333333333333333,0.2,0.13333333333333333,0.3333333333333333,0.3333333333333333,0.06666666666666667
054140127,0.5263157894736842,0.0,0.42105263157894735,0.5789473684210527,0.0,0.0,0.10526315789473684,0.0,0.7894736842105263,0.10526315789473684,0.0,0.0,0.0,0.3157894736842105,1.0,0.3157894736842105,0.0,0.7368421052631579,0.47368421052631576,0.5263157894736842,0.47368421052631576,0.21052631578947367,0.47368421052631576,0.10526315789473684,0.3157894736842105,0.3157894736842105,0.3157894736842105,0.21052631578947367
054140154,0.8571428571428571,0.42857142857142855,0.42857142857142855,0.42857142857142855,0.0,0.0,0.0,0.5714285714285714,0.2857142857142857,0.07142857142857142,0.2857142857142857,0.21428571428571427,0.21428571428571427,0.42857142857142855,0.0,0.0,0.0,0.7857142857142857,0.2857142857142857,0.5714285714285714,0.21428571428571427,0.21428571428571427,0.42857142857142855,0.07142857142857142,0.21428571428571427,0.2857142857142857,0.35714285714285715,0.21428571428571427
054140158,0.6818181818181818,0.0,0.7727272727272727,0.0,0.0,0.0,0.0,0.0,0.18181818181818182,0.0,0.13636363636363635,0.0,0.0,0.13636363636363635,0.0,0.0,0.0,0.0,0.09090909090909091,0.0,0.0,0.0,0.36363636363636365,0.0,0.22727272727272727,0.0,0.18181818181818182,0.0
054180014,0.8666666666666667,0.2,0.5333333333333333,0.0,0.0,0.0,0.0,0.0,0.06666666666666667,0.0,0.0,0.0,0.0,0.0,0.0,0.13333333333333333,0.0,0.06666666666666667,0.0,0.0,0.0,0.0,0.13333333333333333,0.0,0.0,0.0,0.06666666666666667,0.0
054180015,0.6923076923076923,0.38461538461538464,0.38461538461538464,0.0,0.0,0.0,0.0,0.0,0.15384615384615385,0.0,0.15384615384615385,0.3076923076923077,0.0,0.0,0.0,0.0,0.0,0.0,0.15384615384615385,0.15384615384615385,0.15384615384615385,0.15384615384615385,0.0,0.15384615384615385,0.15384615384615385,0.0,0.38461538461538464,0.15384615384615385
054180021,0.72,0.07692307692307693,0.5769230769230769,0.11538461538461539,0.07692307692307693,0.07692307692307693,0.07692307692307693,0.07692307692307693,0.24,0.07692307692307693,0.11538461538461539,0.11538461538461539,0.07692307692307693,0.19230769230769232,0.07692307692307693,0.07692307692307693,0.07692307692307693,0.46153846153846156,0.11538461538461539,0.3076923076923077,0.23076923076923078,0.07692307692307693,0.2692307692307692,0.07692307692307693,0.34615384615384615,0.07692307692307693,0.15384615384615385,0.2692307692307692
054180022,0.4782608695652174,0.0,0.2608695652173913,0.0,0.0,0.0,0.0,0.0,0.17391304347826086,0.0,0.0,0.0,0.0,0.13043478260869565,0.0,0.0,0.0,0.4782608695652174,0.08695652173913043,0.0,0.08695652173913043,0.0,0.13043478260869565,0.0,0.0,0.0,0.21739130434782608,0.0
054180029,0.7222222222222222,0.42105263157894735,0.7894736842105263,0.0,0.0,0.21052631578947367,0.0,0.21052631578947367,0.6111111111111112,0.10526315789473684,0.3157894736842105,0.21052631578947367,0.0,0.10526315789473684,0.47368421052631576,0.8421052631578947,0.0,0.05263157894736842,0.21052631578947367,0.10526315789473684,0.10526315789473684,0.0,0.21052631578947367,0.0,0.0,0.05263157894736842,0.3157894736842105,0.05263157894736842
054180033,0.6428571428571429,0.35714285714285715,0.5714285714285714,0.21428571428571427,0.0,0.21428571428571427,0.14285714285714285,0.07142857142857142,0.35714285714285715,0.21428571428571427,0.2857142857142857,0.07142857142857142,0.0,0.21428571428571427,0.0,0.35714285714285715,0.0,0.5,0.0,0.21428571428571427,0.5,0.2857142857142857,0.2857142857142857,0.21428571428571427,0.14285714285714285,0.21428571428571427,0.21428571428571427,0.21428571428571427
054180059,0.42857142857142855,0.14285714285714285,0.42857142857142855,0.0,0.0,0.0,0.0,0.0,0.14285714285714285,0.0,0.0,0.0,0.0,0.0,0.0,0.0,0.0,0.0,0.0,0.0,0.0,0.0,0.07142857142857142,0.0,0.0,0.0,0.0,0.0
054180063,0.38461538461538464,0.0,0.23076923076923078,0.0,0.0,0.0,0.0,0.0,0.15384615384615385,0.0,0.07692307692307693,0.0,0.15384615384615385,0.0,0.0,0.0,0.0,0.07692307692307693,0.0,0.15384615384615385,0.23076923076923078,0.0,0.3076923076923077,0.07692307692307693,0.23076923076923078,0.0,0.15384615384615385,0.0
054180075,0.6,0.2,0.6,0.2,0.2,0.0,0.3,0.0,0.6,0.6,0.4,0.2,0.0,0.4,0.1,1.0,0.0,1.0,0.4,0.1,0.3,0.0,0.5,0.5,0.0,0.4,0.5,0.5
054180076,0.6086956521739131,0.34782608695652173,0.5217391304347826,0.21739130434782608,0.043478260869565216,0.0,0.0,0.13043478260869565,0.21739130434782608,0.08695652173913043,0.043478260869565216,0.21739130434782608,0.0,0.043478260869565216,0.0,0.2608695652173913,0.13043478260869565,0.2608695652173913,0.13043478260869565,0.13043478260869565,0.17391304347826086,0.0,0.13043478260869565,0.13043478260869565,0.08695652173913043,0.043478260869565216,0.043478260869565216,0.13043478260869565
054180077,0.7,0.5,0.7,0.2,0.0,0.2,0.3,0.0,0.3,0.1,0.0,1.0,0.0,0.0,0.4,1.0,0.0,0.4,0.2,0.4,0.5,0.0,0.4,0.0,0.2,0.0,0.6,0.3
054180079,0.4166666666666667,0.25,0.3333333333333333,0.0,0.08333333333333333,0.0,0.0,0.0,0.08333333333333333,0.08333333333333333,0.08333333333333333,0.0,0.0,0.0,0.0,0.0,0.0,0.0,0.3333333333333333,0.08333333333333333,0.0,0.0,0.0,0.0,0.0,0.08333333333333333,0.08333333333333333,0.0
054180087,0.72,0.038461538461538464,0.5,0.0,0.038461538461538464,0.0,0.038461538461538464,0.07692307692307693,0.16,0.038461538461538464,0.07692307692307693,0.07692307692307693,0.0,0.07692307692307693,0.0,0.038461538461538464,0.0,0.5769230769230769,0.07692307692307693,0.19230769230769232,0.07692307692307693,0.0,0.038461538461538464,0.07692307692307693,0.038461538461538464,0.038461538461538464,0.038461538461538464,0.038461538461538464
054180091,0.2631578947368421,0.15789473684210525,0.2631578947368421,0.0,0.0,0.0,0.0,0.0,0.15789473684210525,0.05263157894736842,0.10526315789473684,0.0,0.15789473684210525,0.10526315789473684,0.0,0.0,0.0,0.21052631578947367,0.0,0.0,0.15789473684210525,0.0,0.05263157894736842,0.0,0.2631578947368421,0.0,0.21052631578947367,0.15789473684210525
054180096,0.75,0.16666666666666666,0.5,0.0,0.0,0.08333333333333333,0.0,0.0,0.0,0.0,0.16666666666666666,0.0,0.0,0.0,0.08333333333333333,0.08333333333333333,0.08333333333333333,0.4166666666666667,0.08333333333333333,0.0,0.08333333333333333,0.0,0.0,0.0,0.0,0.0,0.16666666666666666,0.0
054180111,0.7,0.25,0.65,0.0,0.0,0.0,0.0,0.0,0.0,0.1,0.0,0.0,0.0,0.0,0.0,0.0,0.0,0.0,0.0,0.0,0.0,0.0,0.15,0.0,0.15,0.05,0.25,0.15
054180123,0.8235294117647058,0.16666666666666666,0.6666666666666666,0.0,0.0,0.0,0.2222222222222222,0.0,0.11764705882352941,0.2777777777777778,0.1111111111111111,0.0,0.1111111111111111,0.2222222222222222,0.0,0.0,0.0,0.7222222222222222,0.2222222222222222,0.0,0.1111111111111111,0.2777777777777778,0.2222222222222222,0.3333333333333333,0.2777777777777778,0.2222222222222222,0.16666666666666666,0.2222222222222222
054180126,0.6190476190476191,0.4,0.8,0.0,0.0,0.0,0.0,0.0,0.19047619047619047,0.0,0.2,0.15,0.0,0.0,0.1,0.0,0.0,0.9,0.3,0.4,0.3,0.15,0.45,0.0,0.25,0.25,0.2,0.15
054180130,0.6785714285714286,0.0,0.4482758620689655,0.0,0.0,0.0,0.0,0.0,0.03571428571428571,0.0,0.06896551724137931,0.0,0.0,0.10344827586206896,0.0,0.0,0.0,0.13793103448275862,0.0,0.10344827586206896,0.20689655172413793,0.0,0.034482758620689655,0.0,0.0,0.0,0.0,0.034482758620689655
054180174,0.4782608695652174,0.043478260869565216,0.43478260869565216,0.0,0.0,0.0,0.0,0.0,0.08695652173913043,0.043478260869565216,0.0,0.0,0.0,0.0,0.0,0.0,0.0,0.043478260869565216,0.0,0.0,0.0,0.043478260869565216,0.0,0.0,0.043478260869565216,0.043478260869565216,0.043478260869565216,0.0
054240002,0.7222222222222222,0.05555555555555555,0.4444444444444444,0.0,0.0,0.0,0.0,0.0,0.05555555555555555,0.0,0.05555555555555555,0.0,0.0,0.05555555555555555,0.0,0.5,0.0,0.9444444444444444,0.3333333333333333,0.1111111111111111,0.2777777777777778,0.0,0.2222222222222222,0.0,0.0,0.0,0.1111111111111111,0.0
054240025,0.7857142857142857,0.42857142857142855,0.5,0.2857142857142857,0.0,0.14285714285714285,0.0,0.0,0.5,0.2857142857142857,0.5,0.14285714285714285,0.07142857142857142,0.42857142857142855,0.0,0.35714285714285715,0.0,0.6428571428571429,0.35714285714285715,0.42857142857142855,0.42857142857142855,0.42857142857142855,0.5,0.2857142857142857,0.42857142857142855,0.0,0.42857142857142855,0.35714285714285715
054240038,0.9333333333333333,0.1875,0.5,0.0,0.0,0.0,0.0,0.0,0.06666666666666667,0.0625,0.0,0.0,0.0,0.0,0.0,0.0,0.0,0.4375,0.0,0.0,0.1875,0.0625,0.1875,0.0,0.0625,0.0625,0.0,0.0
054240039,0.5294117647058824,0.29411764705882354,0.4117647058823529,0.0,0.0,0.0,0.0,0.0,0.23529411764705882,0.0,0.0,0.0,0.0,0.0,0.0,0.8823529411764706,0.0,0.8235294117647058,0.0,0.0,0.0,0.0,0.0,0.0,0.058823529411764705,0.0,0.0,0.058823529411764705
054240048,0.6875,0.125,0.625,0.0,0.0,0.0,0.0,0.0,0.1875,0.25,0.0,0.25,0.0,0.0,0.0,0.0,0.0,0.1875,0.0,0.0,0.125,0.0,0.0625,0.0,0.1875,0.125,0.0625,0.0
054240053,0.6666666666666666,0.07692307692307693,0.46153846153846156,0.0,0.0,0.0,0.0,0.0,0.16666666666666666,0.0,0.0,0.0,0.0,0.0,0.0,0.0,0.0,0.23076923076923078,0.0,0.0,0.0,0.0,0.0,0.0,0.0,0.0,0.0,0.0
054240079,0.6363636363636364,0.2727272727272727,0.5454545454545454,0.0,0.0,0.0,0.0,0.0,0.5454545454545454,0.0,0.0,0.0,0.0,0.0,0.0,0.09090909090909091,0.0,0.18181818181818182,0.36363636363636365,0.2727272727272727,0.2727272727272727,0.2727272727272727,0.2727272727272727,0.0,0.36363636363636365,0.2727272727272727,0.2727272727272727,0.09090909090909091
054240091,0.5,0.2,0.9,0.0,0.0,0.0,0.0,0.0,0.3,0.0,0.0,0.0,0.0,0.0,0.0,1.0,0.0,0.6,0.0,0.0,0.1,0.0,0.4,0.0,0.0,0.0,0.2,0.1
054240093,0.6666666666666666,0.0,0.6,0.0,0.0,0.0,0.0,0.0,0.1111111111111111,0.0,0.1,0.0,0.0,0.0,0.0,0.0,0.0,0.4,0.0,0.0,0.1,0.0,0.2,0.0,0.2,0.0,0.0,0.0
054240094,0.6,0.0,0.6,0.0,0.0,0.0,0.0,0.0,0.1,0.0,0.0,0.0,0.0,0.0,0.0,0.0,0.0,0.0,0.0,0.0,0.0,0.0,0.1,0.0,0.0,0.0,0.0,0.0
054240097,0.5384615384615384,0.037037037037037035,0.4074074074074074,0.0,0.0,0.0,0.0,0.0,0.07692307692307693,0.037037037037037035,0.1111111111111111,0.0,0.1111111111111111,0.18518518518518517,0.0,0.0,0.0,0.4444444444444444,0.0,0.0,0.18518518518518517,0.0,0.1111111111111111,0.0,0.037037037037037035,0.07407407407407407,0.037037037037037035,0.0
054240099,0.5862068965517241,0.43333333333333335,0.8,0.06666666666666667,0.0,0.2,0.03333333333333333,0.03333333333333333,0.27586206896551724,0.06666666666666667,0.3,0.3,0.2,0.4,0.03333333333333333,0.26666666666666666,0.23333333333333334,0.7333333333333333,0.16666666666666666,0.13333333333333333,0.23333333333333334,0.16666666666666666,0.3,0.23333333333333334,0.16666666666666666,0.2,0.2,0.16666666666666666
054240109,0.5,0.14285714285714285,0.35714285714285715,0.14285714285714285,0.14285714285714285,0.14285714285714285,0.14285714285714285,0.14285714285714285,0.14285714285714285,0.14285714285714285,0.14285714285714285,0.14285714285714285,0.14285714285714285,0.14285714285714285,0.14285714285714285,0.14285714285714285,0.14285714285714285,0.35714285714285715,0.14285714285714285,0.14285714285714285,0.14285714285714285,0.14285714285714285,0.14285714285714285,0.14285714285714285,0.14285714285714285,0.14285714285714285,0.14285714285714285,0.14285714285714285
054240115,0.47368421052631576,0.631578947368421,0.47368421052631576,0.0,0.0,0.0,0.0,0.0,0.0,0.0,0.05263157894736842,0.10526315789473684,0.0,0.0,0.0,0.0,0.0,0.42105263157894735,0.10526315789473684,0.21052631578947367,0.21052631578947367,0.0,0.05263157894736842,0.05263157894736842,0.0,0.0,0.0,0.0
054240116,0.5,0.125,0.5,0.0,0.0625,0.0,0.0,0.0,0.375,0.0625,0.0,0.0,0.0,0.0,0.0,0.0,0.0,0.5,0.25,0.25,0.375,0.0,0.3125,0.0,0.125,0.0,0.0625,0.0625
054240117,0.7857142857142857,0.2,0.6,0.26666666666666666,0.06666666666666667,0.06666666666666667,0.06666666666666667,0.06666666666666667,0.42857142857142855,0.13333333333333333,0.06666666666666667,0.06666666666666667,0.06666666666666667,0.2,0.2,0.06666666666666667,0.06666666666666667,0.3333333333333333,0.26666666666666666,0.26666666666666666,0.06666666666666667,0.0,0.0,0.13333333333333333,0.13333333333333333,0.0,0.2,0.4
054240125,0.4117647058823529,0.35294117647058826,0.4117647058823529,0.11764705882352941,0.11764705882352941,0.11764705882352941,0.11764705882352941,0.11764705882352941,0.47058823529411764,0.058823529411764705,0.11764705882352941,0.11764705882352941,0.11764705882352941,0.23529411764705882,0.11764705882352941,0.11764705882352941,0.11764705882352941,0.11764705882352941,0.11764705882352941,0.11764705882352941,0.29411764705882354,0.17647058823529413,0.23529411764705882,0.11764705882352941,0.11764705882352941,0.058823529411764705,0.17647058823529413,0.11764705882352941
054240126,0.4782608695652174,0.391304347826087,0.391304347826087,0.08695652173913043,0.0,0.0,0.0,0.0,0.17391304347826086,0.0,0.0,0.0,0.0,0.21739130434782608,0.0,0.0,0.0,0.6086956521739131,0.0,0.21739130434782608,0.21739130434782608,0.0,0.17391304347826086,0.0,0.21739130434782608,0.0,0.0,0.2608695652173913
054240138,0.6666666666666666,0.0,0.4090909090909091,0.0,0.0,0.0,0.0,0.0,0.23809523809523808,0.0,0.0,0.0,0.0,0.13636363636363635,0.0,0.0,0.0,0.18181818181818182,0.0,0.0,0.13636363636363635,0.0,0.0,0.0,0.0,0.0,0.0,0.0
054240152,0.5454545454545454,0.0,0.30434782608695654,0.0,0.0,0.0,0.0,0.0,0.18181818181818182,0.0,0.13043478260869565,0.0,0.0,0.13043478260869565,0.0,0.0,0.0,0.5217391304347826,0.0,0.0,0.17391304347826086,0.0,0.0,0.0,0.0,0.0,0.0,0.0
055510024,0.625,0.0625,0.6875,0.0,0.0,0.0,0.0,0.0,0.0625,0.0,0.0,0.4375,0.0,0.375,0.0,0.0,0.0,0.9375,0.0,0.0,0.125,0.1875,0.3125,0.0,0.25,0.0,0.25,0.0
055510029,0.6666666666666666,0.5,0.5833333333333334,0.16666666666666666,0.0,0.0,0.0,0.08333333333333333,0.25,0.08333333333333333,0.0,0.25,0.0,0.0,0.0,0.0,0.16666666666666666,1.0,0.25,0.08333333333333333,0.3333333333333333,0.16666666666666666,0.25,0.08333333333333333,0.25,0.0,0.3333333333333333,0.25
055510046,0.5652173913043478,0.6363636363636364,0.7727272727272727,0.13636363636363635,0.0,0.0,0.0,0.13636363636363635,0.43478260869565216,0.18181818181818182,0.22727272727272727,0.4090909090909091,0.0,0.22727272727272727,0.045454545454545456,0.045454545454545456,0.0,0.7272727272727273,0.09090909090909091,0.22727272727272727,0.36363636363636365,0.13636363636363635,0.36363636363636365,0.18181818181818182,0.36363636363636365,0.09090909090909091,0.3181818181818182,0.36363636363636365
055510061,0.9583333333333334,0.5833333333333334,0.9166666666666666,0.08333333333333333,0.08333333333333333,0.08333333333333333,0.0,0.08333333333333333,0.5416666666666666,0.125,0.125,0.125,0.125,0.08333333333333333,0.08333333333333333,0.08333333333333333,0.08333333333333333,0.7083333333333334,0.4583333333333333,0.08333333333333333,0.75,0.3333333333333333,0.5416666666666666,0.2916666666666667,0.4166666666666667,0.25,0.5416666666666666,0.2916666666666667
055510067,0.6428571428571429,0.35714285714285715,0.2857142857142857,0.14285714285714285,0.0,0.0,0.0,0.0,0.14285714285714285,0.42857142857142855,0.14285714285714285,0.07142857142857142,0.0,0.0,0.0,0.0,0.0,0.5714285714285714,0.0,0.07142857142857142,0.21428571428571427,0.0,0.0,0.0,0.14285714285714285,0.0,0.2857142857142857,0.0
055510070,0.8,0.4,0.45,0.6,0.15,0.1,0.1,0.1,0.4,0.15,0.65,0.15,0.0,0.1,0.05,0.1,0.1,0.85,0.35,0.45,0.35,0.1,0.35,0.2,0.25,0.2,0.2,0.15
055510078,0.9,0.0,0.3,0.0,0.0,0.0,0.0,0.0,0.7,0.0,0.0,0.0,0.0,0.0,0.0,1.0,0.0,1.0,0.4,0.0,0.2,0.2,0.5,0.2,0.5,0.4,0.3,0.0
055510079,0.7692307692307693,0.3076923076923077,0.5384615384615384,0.23076923076923078,0.3076923076923077,0.15384615384615385,0.23076923076923078,0.38461538461538464,0.3076923076923077,0.23076923076923078,0.23076923076923078,0.23076923076923078,0.23076923076923078,0.5384615384615384,0.15384615384615385,0.23076923076923078,0.23076923076923078,0.6923076923076923,0.3076923076923077,0.23076923076923078,0.23076923076923078,0.15384615384615385,0.38461538461538464,0.15384615384615385,0.23076923076923078,0.23076923076923078,0.15384615384615385,0.15384615384615385
055510084,0.5625,0.5625,0.75,0.0,0.0,0.0,0.0,0.0,0.5,0.0,0.0,0.0,0.0,0.125,0.0,0.0,0.0,0.5625,0.0,0.0,0.125,0.0,0.3125,0.0,0.1875,0.0,0.4375,0.1875
055510088,0.75,0.47619047619047616,0.7142857142857143,0.23809523809523808,0.14285714285714285,0.0,0.14285714285714285,0.14285714285714285,0.35,0.42857142857142855,0.3333333333333333,0.19047619047619047,0.0,0.2857142857142857,0.0,0.38095238095238093,0.0,0.7142857142857143,0.14285714285714285,0.14285714285714285,0.5714285714285714,0.23809523809523808,0.47619047619047616,0.2857142857142857,0.42857142857142855,0.3333333333333333,0.5714285714285714,0.23809523809523808
055510093,0.4666666666666667,0.4375,0.8125,0.375,0.0,0.0,0.125,0.1875,0.6,0.125,0.375,0.1875,0.0,0.0,0.5,0.0,0.1875,0.625,0.375,0.5625,0.3125,0.0625,0.3125,0.25,0.1875,0.1875,0.125,0.375
055510096,0.7692307692307693,0.6153846153846154,0.8461538461538461,0.0,0.0,0.0,0.0,0.0,0.23076923076923078,0.0,0.0,0.0,0.0,0.0,0.0,1.0,0.0,0.0,0.0,0.15384615384615385,0.0,0.0,0.38461538461538464,0.0,0.23076923076923078,0.0,0.38461538461538464,0.0
055510100,0.625,0.125,0.625,0.125,0.0,0.0,0.0,0.0,0.75,0.0,0.125,0.125,0.0,0.125,0.0,0.0,0.0,0.8125,0.0,0.5,0.375,0.125,0.375,0.0625,0.3125,0.0625,0.3125,0.1875
055510110,0.6470588235294118,0.058823529411764705,0.6470588235294118,0.0,0.0,0.0,0.0,0.0,0.058823529411764705,0.0,0.29411764705882354,0.0,0.0,0.29411764705882354,0.0,0.0,0.0,0.47058823529411764,0.0,0.0,0.29411764705882354,0.0,0.0,0.0,0.058823529411764705,0.0,0.0,0.0
055510122,0.8095238095238095,0.09090909090909091,0.6363636363636364,0.5,0.0,0.0,0.5,0.5,0.3333333333333333,0.0,0.5,1.0,0.0,0.4090909090909091,0.0,0.0,0.5,0.22727272727272727,0.5,0.5,0.0,0.0,0.045454545454545456,0.0,0.0,0.045454545454545456,0.5,0.0
055510130,1.0,0.42105263157894735,0.47368421052631576,0.5263157894736842,0.2631578947368421,0.15789473684210525,0.15789473684210525,0.2631578947368421,0.5789473684210527,0.42105263157894735,0.631578947368421,0.2631578947368421,0.05263157894736842,0.47368421052631576,0.2631578947368421,0.15789473684210525,0.3684210526315789,0.6842105263157895,0.5789473684210527,0.47368421052631576,0.5263157894736842,0.3157894736842105,0.47368421052631576,0.3684210526315789,0.42105263157894735,0.3684210526315789,0.42105263157894735,0.5263157894736842
055510143,0.8518518518518519,0.2962962962962963,0.6296296296296297,0.0,0.07407407407407407,0.0,0.0,0.0,0.37037037037037035,0.2962962962962963,0.5185185185185185,1.0,0.0,0.3333333333333333,0.0,0.14814814814814814,0.0,0.6296296296296297,0.5555555555555556,0.7037037037037037,0.37037037037037035,0.07407407407407407,0.6666666666666666,0.1111111111111111,0.4074074074074074,0.2222222222222222,0.4444444444444444,0.14814814814814814
055510156,0.5,0.5,0.5555555555555556,0.0,0.0,0.0,0.0,0.0,0.3888888888888889,0.2777777777777778,0.2777777777777778,0.3888888888888889,0.0,0.4444444444444444,0.0,0.0,0.0,0.7222222222222222,0.2777777777777778,0.6666666666666666,0.3888888888888889,0.5,0.16666666666666666,0.0,0.6666666666666666,0.3888888888888889,0.5555555555555556,0.5555555555555556
055510164,0.75,0.25925925925925924,0.7037037037037037,0.4074074074074074,0.14814814814814814,0.07407407407407407,0.0,0.2222222222222222,0.39285714285714285,0.2222222222222222,0.25925925925925924,0.48148148148148145,0.1111111111111111,0.07407407407407407,0.07407407407407407,0.18518518518518517,0.37037037037037035,0.5925925925925926,0.48148148148148145,0.37037037037037035,0.2962962962962963,0.18518518518518517,0.48148148148148145,0.14814814814814814,0.37037037037037035,0.3333333333333333,0.2962962962962963,0.1111111111111111
055510165,0.6470588235294118,0.6111111111111112,0.6111111111111112,0.0,0.0,0.16666666666666666,0.16666666666666666,0.0,0.4117647058823529,0.2777777777777778,0.2777777777777778,0.0,0.0,0.05555555555555555,0.0,0.0,0.0,0.8333333333333334,0.16666666666666666,0.0,0.05555555555555555,0.2777777777777778,0.7222222222222222,0.2777777777777778,0.1111111111111111,0.2222222222222222,0.4444444444444444,0.16666666666666666
060100004,0.5263157894736842,0.10526315789473684,0.5789473684210527,0.05263157894736842,0.0,0.0,0.0,0.0,0.15789473684210525,0.0,0.2631578947368421,0.05263157894736842,0.0,0.10526315789473684,0.0,0.0,0.0,0.47368421052631576,0.3684210526315789,0.15789473684210525,0.47368421052631576,0.0,0.0,0.0,0.0,0.0,0.05263157894736842,0.05263157894736842
060100009,0.8421052631578947,0.8421052631578947,1.0,0.47368421052631576,0.15789473684210525,0.0,0.15789473684210525,0.21052631578947367,0.47368421052631576,0.15789473684210525,0.2631578947368421,0.5263157894736842,0.15789473684210525,0.3684210526315789,0.0,0.0,0.15789473684210525,0.5263157894736842,0.5789473684210527,0.47368421052631576,0.6842105263157895,0.2631578947368421,0.6842105263157895,0.3157894736842105,0.7894736842105263,0.42105263157894735,1.0,0.5789473684210527
060100031,0.5217391304347826,0.13043478260869565,0.34782608695652173,0.08695652173913043,0.0,0.0,0.0,0.08695652173913043,0.08695652173913043,0.17391304347826086,0.21739130434782608,0.0,0.0,0.21739130434782608,0.043478260869565216,0.0,0.0,0.6086956521739131,0.34782608695652173,0.21739130434782608,0.30434782608695654,0.0,0.2608695652173913,0.17391304347826086,0.21739130434782608,0.0,0.34782608695652173,0.21739130434782608
060100034,0.4117647058823529,0.4444444444444444,0.5,0.16666666666666666,0.0,0.16666666666666666,0.16666666666666666,0.16666666666666666,0.35294117647058826,0.05555555555555555,0.05555555555555555,0.16666666666666666,0.16666666666666666,0.05555555555555555,0.0,0.0,0.16666666666666666,0.8888888888888888,0.16666666666666666,0.16666666666666666,0.0,0.0,0.2222222222222222,0.05555555555555555,0.0,0.05555555555555555,0.16666666666666666,0.16666666666666666
060100037,0.5,0.3125,0.625,0.0625,0.125,0.0625,0.125,0.125,0.25,0.1875,0.0625,0.125,0.125,0.125,0.0625,0.25,0.0625,0.125,0.125,0.0625,0.25,0.0625,0.1875,0.125,0.125,0.0625,0.0625,0.125
060100041,0.7777777777777778,0.25,0.55,0.25,0.1,0.1,0.1,0.1,0.16666666666666666,0.1,0.2,0.25,0.1,0.25,0.1,0.1,0.1,0.6,0.15,0.1,0.25,0.1,0.05,0.1,0.2,0.1,0.25,0.1
060100047,0.75,0.4,0.6,0.2,0.2,0.1,0.1,0.3,0.2,0.1,0.2,0.45,0.35,0.2,0.1,0.1,0.2,0.75,0.4,0.35,0.4,0.05,0.2,0.4,0.45,0.1,0.25,0.3
060100066,0.75,0.5,0.5833333333333334,0.16666666666666666,0.0,0.0,0.0,0.0,0.5,0.0,0.08333333333333333,0.0,0.0,0.08333333333333333,0.0,0.3333333333333333,0.0,1.0,0.16666666666666666,0.3333333333333333,0.16666666666666666,0.0,0.25,0.0,0.0,0.0,0.08333333333333333,0.0
060100081,0.625,0.125,0.4166666666666667,0.08333333333333333,0.08333333333333333,0.16666666666666666,0.125,0.125,0.125,0.4166666666666667,0.20833333333333334,0.125,0.08333333333333333,0.125,0.08333333333333333,0.08333333333333333,0.16666666666666666,0.3333333333333333,0.0,0.20833333333333334,0.20833333333333334,0.16666666666666666,0.20833333333333334,0.125,0.20833333333333334,0.125,0.08333333333333333,0.08333333333333333
060100092,0.6363636363636364,0.09090909090909091,0.45454545454545453,0.18181818181818182,0.0,0.0,0.0,0.0,0.18181818181818182,0.0,0.2727272727272727,0.0,0.0,0.45454545454545453,0.0,0.0,0.0,0.6363636363636364,0.0,0.0,0.0,0.0,0.18181818181818182,0.0,0.09090909090909091,0.0,0.0,0.0
060100100,0.8076923076923077,0.6538461538461539,0.7692307692307693,0.2692307692307692,0.0,0.15384615384615385,0.0,0.0,0.46153846153846156,0.4230769230769231,0.5,0.5769230769230769,0.0,0.34615384615384615,0.0,0.8076923076923077,0.0,0.7692307692307693,0.15384615384615385,0.6153846153846154,0.7692307692307693,0.4230769230769231,0.46153846153846156,0.46153846153846156,0.5384615384615384,0.46153846153846156,0.5384615384615384,0.5769230769230769
060100101,0.8888888888888888,0.5,0.4444444444444444,0.2222222222222222,0.1111111111111111,0.1111111111111111,0.1111111111111111,0.1111111111111111,0.5,0.3888888888888889,0.7777777777777778,0.5,0.1111111111111111,0.7222222222222222,0.0,0.2777777777777778,0.1111111111111111,0.8333333333333334,0.5,0.7777777777777778,0.6666666666666666,0.4444444444444444,0.7222222222222222,0.2777777777777778,0.4444444444444444,0.2777777777777778,0.3333333333333333,0.3888888888888889
060100105,0.625,0.26666666666666666,0.6,0.0,0.0,0.0,0.0,0.0,0.0,0.0,0.0,0.0,0.0,0.0,0.0,0.0,0.0,0.8666666666666667,0.0,0.0,0.13333333333333333,0.0,0.0,0.0,0.0,0.0,0.13333333333333333,0.0
060100124,1.0,0.0,0.5,0.0,0.0,0.0,0.0,0.0,0.3333333333333333,0.0,0.0,0.0,0.0,0.0,0.0,0.0,0.0,1.0,0.16666666666666666,0.5,0.0,0.0,0.0,0.3333333333333333,0.0,0.0,0.0,0.0
060100128,0.6296296296296297,0.3448275862068966,0.7586206896551724,0.2413793103448276,0.13793103448275862,0.20689655172413793,0.1724137931034483,0.20689655172413793,0.18518518518518517,0.13793103448275862,0.20689655172413793,0.1724137931034483,0.13793103448275862,0.1724137931034483,0.13793103448275862,0.13793103448275862,0.20689655172413793,0.5172413793103449,0.3103448275862069,0.3793103448275862,0.3793103448275862,0.13793103448275862,0.3448275862068966,0.3448275862068966,0.27586206896551724,0.20689655172413793,0.2413793103448276,0.3793103448275862
060100132,0.88,0.19230769230769232,0.5384615384615384,0.19230769230769232,0.0,0.0,0.0,0.19230769230769232,0.12,0.07692307692307693,0.15384615384615385,0.0,0.0,0.19230769230769232,0.0,0.0,0.19230769230769232,1.0,0.15384615384615385,0.0,0.2692307692307692,0.0,0.11538461538461539,0.11538461538461539,0.038461538461538464,0.11538461538461539,0.0,0.0
060100147,0.875,0.47058823529411764,0.5294117647058824,0.4117647058823529,0.35294117647058826,0.0,0.11764705882352941,0.0,0.5625,0.17647058823529413,0.17647058823529413,0.11764705882352941,0.0,0.35294117647058826,0.0,0.17647058823529413,0.0,1.0,0.35294117647058826,0.17647058823529413,0.17647058823529413,0.0,0.29411764705882354,0.23529411764705882,0.29411764705882354,0.058823529411764705,0.29411764705882354,0.11764705882352941
060100154,0.5454545454545454,0.047619047619047616,0.7142857142857143,0.0,0.0,0.0,0.0,0.0,0.13636363636363635,0.09523809523809523,0.2857142857142857,0.0,0.0,0.047619047619047616,0.0,0.0,0.0,0.6190476190476191,0.6666666666666666,0.3333333333333333,0.2857142857142857,0.047619047619047616,0.7619047619047619,0.0,0.09523809523809523,0.09523809523809523,0.38095238095238093,0.09523809523809523
060100159,0.6,0.4,0.5333333333333333,0.13333333333333333,0.06666666666666667,0.13333333333333333,0.06666666666666667,0.13333333333333333,0.06666666666666667,0.06666666666666667,0.06666666666666667,0.06666666666666667,0.13333333333333333,0.13333333333333333,0.06666666666666667,0.06666666666666667,0.13333333333333333,0.26666666666666666,0.13333333333333333,0.13333333333333333,0.3333333333333333,0.06666666666666667,0.26666666666666666,0.06666666666666667,0.26666666666666666,0.13333333333333333,0.2,0.13333333333333333
060100164,0.5,0.0,0.2222222222222222,0.16666666666666666,0.0,0.0,0.0,0.0,0.1875,0.16666666666666666,0.05555555555555555,0.16666666666666666,0.05555555555555555,0.16666666666666666,0.05555555555555555,0.0,0.0,0.6111111111111112,0.16666666666666666,0.2777777777777778,0.2222222222222222,0.16666666666666666,0.2777777777777778,0.0,0.1111111111111111,0.2777777777777778,0.2777777777777778,0.16666666666666666
060480005,0.8125,0.5294117647058824,0.6470588235294118,0.11764705882352941,0.11764705882352941,0.11764705882352941,0.11764705882352941,0.11764705882352941,0.1875,0.17647058823529413,0.11764705882352941,0.11764705882352941,0.11764705882352941,0.29411764705882354,0.11764705882352941,0.11764705882352941,0.11764705882352941,0.47058823529411764,0.4117647058823529,0.23529411764705882,0.0,0.23529411764705882,0.0,0.11764705882352941,0.35294117647058826,0.0,0.29411764705882354,0.058823529411764705
060480008,0.6842105263157895,0.10526315789473684,0.2631578947368421,0.10526315789473684,0.10526315789473684,0.10526315789473684,0.10526315789473684,0.10526315789473684,0.21052631578947367,0.10526315789473684,0.10526315789473684,0.10526315789473684,0.10526315789473684,0.10526315789473684,0.10526315789473684,0.10526315789473684,0.10526315789473684,0.5789473684210527,0.10526315789473684,0.3684210526315789,0.21052631578947367,0.05263157894736842,0.21052631578947367,0.05263157894736842,0.05263157894736842,0.0,0.21052631578947367,0.0
060480012,0.631578947368421,0.0,0.47368421052631576,0.0,0.0,0.0,0.0,0.0,0.10526315789473684,0.0,0.3157894736842105,0.0,0.0,0.0,0.0,0.0,0.0,0.47368421052631576,0.0,0.0,0.0,0.0,0.0,0.0,0.05263157894736842,0.0,0.0,0.0
060480018,0.5,0.14285714285714285,0.14285714285714285,0.0,0.21428571428571427,0.0,0.0,0.21428571428571427,0.21428571428571427,0.07142857142857142,0.21428571428571427,0.0,0.14285714285714285,0.07142857142857142,0.0,0.0,0.14285714285714285,0.21428571428571427,0.0,0.0,0.07142857142857142,0.07142857142857142,0.07142857142857142,0.0,0.14285714285714285,0.0,0.07142857142857142,0.0
060480037,0.6666666666666666,0.125,0.625,0.25,0.0,0.0,0.0,0.0,0.2,0.0625,0.1875,0.125,0.0,0.1875,0.0,0.0,0.0,0.3125,0.125,0.125,0.1875,0.0,0.25,0.125,0.25,0.0,0.1875,0.125
060480050,0.875,0.25,0.5,0.125,0.0625,0.125,0.1875,0.1875,0.625,0.3125,0.3125,0.125,0.125,0.25,0.125,0.1875,0.1875,0.625,0.5625,0.375,0.4375,0.375,0.5,0.25,0.375,0.25,0.3125,0.25
060480082,0.8333333333333334,0.4166666666666667,0.5833333333333334,0.4166666666666667,0.16666666666666666,0.16666666666666666,0.16666666666666666,0.16666666666666666,0.3333333333333333,0.16666666666666666,0.25,0.3333333333333333,0.16666666666666666,0.4166666666666667,0.16666666666666666,0.16666666666666666,0.16666666666666666,1.0,0.3333333333333333,0.3333333333333333,0.3333333333333333,0.16666666666666666,0.16666666666666666,0.16666666666666666,0.25,0.16666666666666666,0.16666666666666666,0.16666666666666666
060480084,0.5555555555555556,0.4230769230769231,0.6923076923076923,0.038461538461538464,0.0,0.0,0.0,0.19230769230769232,0.25925925925925924,0.15384615384615385,0.15384615384615385,0.15384615384615385,0.0,0.19230769230769232,0.038461538461538464,0.0,0.038461538461538464,0.8076923076923077,0.19230769230769232,0.2692307692307692,0.6923076923076923,0.0,0.6153846153846154,0.07692307692307693,0.5384615384615384,0.23076923076923078,0.3076923076923077,0.19230769230769232
060480090,0.5714285714285714,0.47619047619047616,0.3333333333333333,0.14285714285714285,0.0,0.0,0.0,0.0,0.09523809523809523,0.0,0.0,0.14285714285714285,0.047619047619047616,0.0,0.047619047619047616,0.047619047619047616,0.0,0.2857142857142857,0.23809523809523808,0.23809523809523808,0.14285714285714285,0.14285714285714285,0.09523809523809523,0.0,0.09523809523809523,0.0,0.047619047619047616,0.14285714285714285
060480094,0.7058823529411765,0.0,0.4117647058823529,0.0,0.0,0.0,0.0,0.0,0.23529411764705882,0.0,0.0,0.0,0.0,0.35294117647058826,0.0,0.0,0.0,0.47058823529411764,0.0,0.23529411764705882,0.5294117647058824,0.0,0.47058823529411764,0.0,0.23529411764705882,0.058823529411764705,0.17647058823529413,0.058823529411764705
060480102,0.9166666666666666,0.4166666666666667,0.5833333333333334,0.5,0.0,0.0,0.0,0.0,0.08333333333333333,0.0,0.4166666666666667,0.0,0.3333333333333333,0.16666666666666666,0.0,0.0,0.3333333333333333,0.25,0.4166666666666667,0.16666666666666666,0.4166666666666667,0.25,0.25,0.08333333333333333,0.25,0.0,0.16666666666666666,0.25
060480104,0.5714285714285714,0.047619047619047616,0.38095238095238093,0.0,0.0,0.0,0.0,0.0,0.0,0.0,0.0,0.0,0.0,0.0,0.0,0.0,0.0,0.5238095238095238,0.09523809523809523,0.0,0.14285714285714285,0.0,0.047619047619047616,0.0,0.23809523809523808,0.0,0.19047619047619047,0.0
060480131,0.6551724137931034,0.2903225806451613,0.6774193548387096,0.0,0.0,0.0,0.0,0.0,0.2413793103448276,0.0,0.0967741935483871,0.0,0.0,0.0967741935483871,0.0,0.03225806451612903,0.0,0.41935483870967744,0.0,0.0,0.0,0.0,0.1935483870967742,0.06451612903225806,0.06451612903225806,0.0,0.25806451612903225,0.22580645161290322
060480134,0.7777777777777778,0.7777777777777778,0.4444444444444444,0.2222222222222222,0.2222222222222222,0.2222222222222222,0.3333333333333333,0.1111111111111111,0.2222222222222222,0.1111111111111111,0.2222222222222222,1.0,0.2222222222222222,0.2222222222222222,0.1111111111111111,0.2222222222222222,0.2222222222222222,0.3333333333333333,0.1111111111111111,0.4444444444444444,0.3333333333333333,0.5555555555555556,0.3333333333333333,0.5555555555555556,0.2222222222222222,0.2222222222222222,0.1111111111111111,0.1111111111111111
060480135,0.5833333333333334,0.125,0.4583333333333333,0.08333333333333333,0.08333333333333333,0.08333333333333333,0.08333333333333333,0.08333333333333333,0.16666666666666666,0.041666666666666664,0.041666666666666664,0.08333333333333333,0.08333333333333333,0.041666666666666664,0.08333333333333333,0.08333333333333333,0.08333333333333333,0.625,0.08333333333333333,0.08333333333333333,0.20833333333333334,0.08333333333333333,0.041666666666666664,0.08333333333333333,0.041666666666666664,0.041666666666666664,0.125,0.08333333333333333
060480145,0.8181818181818182,0.0,0.3181818181818182,0.0,0.0,0.0,0.0,0.0,0.36363636363636365,0.0,0.045454545454545456,0.0,0.0,0.09090909090909091,0.045454545454545456,0.0,0.0,0.18181818181818182,0.0,0.0,0.18181818181818182,0.0,0.09090909090909091,0.0,0.0,0.0,0.09090909090909091,0.0
060480147,0.9,0.4,0.5,0.4,0.6,0.3,0.4,0.5,0.5,0.5,0.4,0.3,0.2,0.2,0.3,0.7,0.4,0.9,0.4,0.6,0.7,0.7,0.7,0.5,0.6,0.6,0.5,0.4
060480148,0.6666666666666666,0.2222222222222222,0.5,0.0,0.0,0.0,0.0,0.0,0.2222222222222222,0.0,0.0,0.0,0.0,0.0,0.0,0.05555555555555555,0.0,0.3333333333333333,0.0,0.16666666666666666,0.2222222222222222,0.0,0.16666666666666666,0.16666666666666666,0.1111111111111111,0.0,0.16666666666666666,0.2777777777777778
060480168,0.7692307692307693,0.42857142857142855,0.5,0.07142857142857142,0.07142857142857142,0.2857142857142857,0.14285714285714285,0.14285714285714285,0.23076923076923078,0.07142857142857142,0.21428571428571427,0.07142857142857142,0.07142857142857142,0.21428571428571427,0.07142857142857142,0.07142857142857142,0.07142857142857142,0.42857142857142855,0.21428571428571427,0.21428571428571427,0.21428571428571427,0.14285714285714285,0.14285714285714285,0.07142857142857142,0.21428571428571427,0.07142857142857142,0.42857142857142855,0.21428571428571427
060480169,0.6666666666666666,0.2,0.52,0.28,0.2,0.04,0.28,0.36,0.375,0.2,0.32,0.36,0.04,0.28,0.04,0.04,0.28,0.6,0.28,0.28,0.36,0.24,0.32,0.12,0.24,0.12,0.44,0.28
061210013,0.5,0.3125,0.6875,0.0625,0.0625,0.0625,0.0625,0.0625,0.375,0.0625,0.125,0.0625,0.0625,0.0625,0.0,0.0625,0.0625,0.3125,0.0,0.0625,0.0625,0.0625,0.25,0.0625,0.1875,0.0625,0.25,0.0625
061210031,0.8181818181818182,0.0,0.09090909090909091,0.0,0.0,0.0,0.0,0.0,0.0,0.0,0.0,0.0,0.0,0.0,0.0,0.0,0.0,0.18181818181818182,0.0,0.0,0.0,0.0,0.0,0.0,0.0,0.0,0.0,0.0
061210059,0.7058823529411765,0.125,0.375,0.25,0.0,0.0,0.0625,0.125,0.17647058823529413,0.0,0.125,0.125,0.0,0.0625,0.0,0.0,0.125,0.75,0.0625,0.125,0.0,0.0625,0.1875,0.0,0.0625,0.0,0.25,0.0
061210060,0.5454545454545454,0.0,0.5833333333333334,0.0,0.08333333333333333,0.0,0.0,0.0,0.045454545454545456,0.08333333333333333,0.0,0.041666666666666664,0.08333333333333333,0.0,0.0,0.0,0.0,0.20833333333333334,0.0,0.0,0.0,0.08333333333333333,0.0,0.08333333333333333,0.0,0.0,0.0,0.0
061210063,0.4642857142857143,0.0,0.3448275862068966,0.0,0.0,0.0,0.0,0.0,0.03571428571428571,0.0,0.0,0.0,0.0,0.0,0.0,0.0,0.0,0.1724137931034483,0.0,0.0,0.0,0.0,0.0,0.0,0.0,0.0,0.0,0.0
061210068,0.4583333333333333,0.125,0.5416666666666666,0.08333333333333333,0.08333333333333333,0.08333333333333333,0.041666666666666664,0.125,0.125,0.125,0.16666666666666666,0.125,0.0,0.08333333333333333,0.08333333333333333,0.08333333333333333,0.08333333333333333,0.3333333333333333,0.08333333333333333,0.16666666666666666,0.125,0.125,0.20833333333333334,0.125,0.08333333333333333,0.125,0.20833333333333334,0.08333333333333333
061210069,0.3333333333333333,0.0,0.34782608695652173,0.0,0.0,0.0,0.0,0.0,0.041666666666666664,0.0,0.0,0.0,0.0,0.0,0.0,0.0,0.0,0.43478260869565216,0.0,0.0,0.13043478260869565,0.0,0.0,0.0,0.0,0.0,0.0,0.0
061210071,0.5833333333333334,0.0,0.6923076923076923,0.0,0.0,0.0,0.0,0.0,0.08333333333333333,0.0,0.0,0.0,0.0,0.0,0.0,0.0,0.0,0.38461538461538464,0.0,0.0,0.0,0.0,0.15384615384615385,0.0,0.0,0.0,0.0,0.0
061210075,0.45454545454545453,0.0,0.5454545454545454,0.0,0.0,0.0,0.0,0.0,0.2727272727272727,0.0,0.0,0.0,0.0,0.0,0.0,0.0,0.0,0.18181818181818182,0.18181818181818182,0.0,0.0,0.0,0.0,0.0,0.0,0.0,0.0,0.0
061210086,0.7272727272727273,0.16666666666666666,0.75,0.0,0.0,0.0,0.0,0.0,0.36363636363636365,0.0,0.0,0.16666666666666666,0.0,0.0,0.0,0.0,0.0,0.6666666666666666,0.16666666666666666,0.16666666666666666,0.0,0.0,0.0,0.0,0.16666666666666666,0.25,0.08333333333333333,0.0
061210095,0.35294117647058826,0.0,0.47058823529411764,0.0,0.0,0.0,0.0,0.0,0.0,0.0,0.0,0.0,0.0,0.0,0.0,0.0,0.0,0.4117647058823529,0.0,0.0,0.0,0.0,0.0,0.0,0.0,0.0,0.0,0.0
061210109,0.7,0.3,0.6,0.0,0.05,0.0,0.0,0.0,0.15,0.0,0.3,0.0,0.05,0.25,0.0,0.2,0.0,0.65,0.1,0.1,0.25,0.0,0.3,0.0,0.3,0.0,0.4,0.1
061210128,0.5454545454545454,0.0,0.5,0.0,0.0,0.0,0.0,0.0,0.0,0.0,0.0,0.0,0.0,0.0,0.0,0.0,0.0,0.4090909090909091,0.0,0.0,0.0,0.0,0.0,0.0,0.0,0.0,0.0,0.0
061210129,0.39285714285714285,0.0,0.2413793103448276,0.0,0.0,0.0,0.0,0.0,0.0,0.0,0.0,0.0,0.0,0.0,0.0,0.0,0.0,0.06896551724137931,0.0,0.0,0.06896551724137931,0.0,0.0,0.0,0.0,0.0,0.0,0.0
061210140,0.2857142857142857,0.38461538461538464,0.5384615384615384,0.0,0.0,0.0,0.0,0.0,0.0,0.0,0.0,0.0,0.0,0.0,0.0,0.0,0.0,0.5384615384615384,0.0,0.0,0.0,0.0,0.0,0.0,0.15384615384615385,0.0,0.3076923076923077,0.23076923076923078
061210141,0.36363636363636365,0.045454545454545456,0.5454545454545454,0.18181818181818182,0.0,0.0,0.0,0.0,0.045454545454545456,0.0,0.0,0.09090909090909091,0.0,0.0,0.0,0.0,0.0,0.5,0.18181818181818182,0.18181818181818182,0.18181818181818182,0.0,0.09090909090909091,0.09090909090909091,0.09090909090909091,0.0,0.09090909090909091,0.09090909090909091
061210142,0.36363636363636365,0.18181818181818182,0.45454545454545453,0.0,0.0,0.0,0.0,0.0,0.0,0.0,0.0,0.0,0.0,0.0,0.0,0.0,0.0,1.0,0.0,0.0,0.0,0.0,0.0,0.0,0.0,0.0,0.0,0.0
061210147,0.5217391304347826,0.045454545454545456,0.2727272727272727,0.0,0.0,0.0,0.0,0.045454545454545456,0.0,0.0,0.0,0.0,0.0,0.0,0.22727272727272727,0.0,0.045454545454545456,0.3181818181818182,0.045454545454545456,0.0,0.045454545454545456,0.0,0.0,0.09090909090909091,0.18181818181818182,0.0,0.0,0.0
061210148,0.7333333333333333,0.0,0.4375,0.125,0.0,0.0,0.0,0.0,0.06666666666666667,0.0,0.1875,0.0,0.0,0.0,0.0,0.0,0.0,0.1875,0.0,0.125,0.0,0.0,0.0,0.0,0.0,0.0,0.1875,0.0
061210174,0.6818181818181818,0.17391304347826086,0.5652173913043478,0.0,0.0,0.0,0.0,0.0,0.22727272727272727,0.0,0.13043478260869565,0.0,0.0,0.13043478260869565,0.0,0.0,0.0,0.6521739130434783,0.0,0.0,0.0,0.2608695652173913,0.043478260869565216,0.13043478260869565,0.30434782608695654,0.0,0.17391304347826086,0.17391304347826086
064010049,0.75,0.4166666666666667,0.75,0.16666666666666666,0.25,0.08333333333333333,0.08333333333333333,0.08333333333333333,0.25,0.3333333333333333,0.25,0.25,0.08333333333333333,0.25,0.08333333333333333,0.08333333333333333,0.08333333333333333,1.0,0.08333333333333333,0.08333333333333333,0.25,0.3333333333333333,0.3333333333333333,0.16666666666666666,0.3333333333333333,0.3333333333333333,0.25,0.25
064010056,0.625,0.625,0.6666666666666666,0.25,0.20833333333333334,0.0,0.0,0.2916666666666667,0.25,0.375,0.20833333333333334,0.20833333333333334,0.20833333333333334,0.375,0.0,0.20833333333333334,0.2916666666666667,0.9583333333333334,0.25,0.2916666666666667,0.3333333333333333,0.25,0.3333333333333333,0.25,0.4166666666666667,0.20833333333333334,0.5833333333333334,0.3333333333333333
064010057,0.5384615384615384,0.5,0.7142857142857143,0.14285714285714285,0.07142857142857142,0.35714285714285715,0.07142857142857142,0.07142857142857142,0.3076923076923077,0.42857142857142855,0.2857142857142857,0.2857142857142857,0.07142857142857142,0.14285714285714285,0.14285714285714285,0.5,0.07142857142857142,1.0,0.5,0.35714285714285715,0.5714285714285714,0.42857142857142855,0.5714285714285714,0.07142857142857142,0.5714285714285714,0.21428571428571427,0.35714285714285715,0.35714285714285715
064010066,1.0,0.8666666666666667,0.7333333333333333,0.8,0.26666666666666666,0.4,0.4666666666666667,0.4666666666666667,0.7142857142857143,0.6666666666666666,0.5333333333333333,0.6666666666666666,0.6,0.7333333333333333,0.0,0.5333333333333333,0.7333333333333333,1.0,0.8,0.6666666666666666,0.6666666666666666,0.6,0.7333333333333333,0.5333333333333333,0.6666666666666666,0.6666666666666666,0.7333333333333333,0.3333333333333333
064010067,0.5,0.631578947368421,0.631578947368421,0.0,0.0,0.10526315789473684,0.0,0.0,0.2222222222222222,0.10526315789473684,0.10526315789473684,0.10526315789473684,0.0,0.2631578947368421,0.0,0.0,0.0,0.9473684210526315,0.3157894736842105,0.15789473684210525,0.631578947368421,0.10526315789473684,0.15789473684210525,0.05263157894736842,0.15789473684210525,0.2631578947368421,0.3684210526315789,0.21052631578947367
064010086,0.6666666666666666,0.3333333333333333,0.7222222222222222,0.16666666666666666,0.0,0.05555555555555555,0.1111111111111111,0.1111111111111111,0.1111111111111111,0.1111111111111111,0.05555555555555555,0.1111111111111111,0.05555555555555555,0.1111111111111111,0.0,0.1111111111111111,0.1111111111111111,0.9444444444444444,0.1111111111111111,0.0,0.3333333333333333,0.0,0.1111111111111111,0.2222222222222222,0.2222222222222222,0.2222222222222222,0.2777777777777778,0.05555555555555555
064010092,0.9411764705882353,0.4375,0.5625,0.3125,0.0,0.0,0.0,0.3125,0.11764705882352941,0.0,0.1875,0.3125,0.0,0.125,0.0,0.0,0.125,0.9375,0.3125,0.5,0.25,0.0,0.1875,0.3125,0.0,0.125,0.125,0.25
064010093,0.8421052631578947,0.3157894736842105,0.3684210526315789,0.10526315789473684,0.10526315789473684,0.10526315789473684,0.10526315789473684,0.10526315789473684,0.2631578947368421,0.10526315789473684,0.2631578947368421,0.2631578947368421,0.10526315789473684,0.21052631578947367,0.10526315789473684,0.10526315789473684,0.10526315789473684,0.631578947368421,0.21052631578947367,0.21052631578947367,0.5789473684210527,0.10526315789473684,0.2631578947368421,0.21052631578947367,0.3157894736842105,0.2631578947368421,0.2631578947368421,0.21052631578947367
064010103,0.8461538461538461,0.46153846153846156,0.7692307692307693,0.23076923076923078,0.0,0.0,0.0,0.07692307692307693,0.3076923076923077,0.0,0.15384615384615385,0.38461538461538464,0.0,0.0,0.07692307692307693,0.0,0.07692307692307693,0.9230769230769231,0.23076923076923078,0.23076923076923078,0.6153846153846154,0.0,0.07692307692307693,0.07692307692307693,0.07692307692307693,0.0,0.15384615384615385,0.0
064010107,0.75,0.5,0.8125,0.0,0.1875,0.375,0.375,0.1875,0.3125,0.375,0.625,0.1875,0.1875,0.375,0.125,0.4375,0.0,1.0,0.625,0.1875,0.3125,0.1875,0.5625,0.5625,0.1875,0.3125,0.625,0.6875
064010109,0.7272727272727273,0.7272727272727273,0.6363636363636364,0.8181818181818182,0.45454545454545453,0.45454545454545453,0.36363636363636365,0.2727272727272727,1.0,0.45454545454545453,0.36363636363636365,0.6363636363636364,0.45454545454545453,0.2727272727272727,0.36363636363636365,0.9090909090909091,0.7272727272727273,0.6363636363636364,0.9090909090909091,0.9090909090909091,0.9090909090909091,0.6363636363636364,0.5454545454545454,0.5454545454545454,0.8181818181818182,0.5454545454545454,0.6363636363636364,0.36363636363636365
064010120,0.6923076923076923,0.6153846153846154,0.15384615384615385,0.5384615384615384,0.6153846153846154,0.46153846153846156,0.38461538461538464,0.5384615384615384,0.6153846153846154,0.46153846153846156,0.6153846153846154,1.0,0.46153846153846156,0.5384615384615384,0.5384615384615384,0.8461538461538461,0.46153846153846156,0.6153846153846154,0.6153846153846154,0.7692307692307693,0.8461538461538461,0.46153846153846156,0.23076923076923078,0.46153846153846156,0.6153846153846154,0.3076923076923077,0.46153846153846156,0.6923076923076923
064010123,0.7058823529411765,0.7058823529411765,0.5882352941176471,0.6470588235294118,0.47058823529411764,0.29411764705882354,0.47058823529411764,0.29411764705882354,0.6470588235294118,0.4117647058823529,0.7647058823529411,0.5294117647058824,0.5294117647058824,0.47058823529411764,0.8823529411764706,0.5882352941176471,0.8235294117647058,0.8823529411764706,0.5882352941176471,0.7058823529411765,0.6470588235294118,0.0,0.5882352941176471,0.5294117647058824,0.5294117647058824,0.7058823529411765,0.7647058823529411,0.5882352941176471
064010135,0.5333333333333333,0.6,0.6666666666666666,0.6666666666666666,0.06666666666666667,0.2,0.26666666666666666,0.06666666666666667,0.3333333333333333,0.13333333333333333,0.6,0.2,0.26666666666666666,0.4,0.7333333333333333,0.3333333333333333,0.06666666666666667,0.8666666666666667,0.4666666666666667,0.2,0.7333333333333333,0.3333333333333333,0.4666666666666667,0.13333333333333333,0.2,0.4666666666666667,0.06666666666666667,0.0
064010141,0.5294117647058824,0.47058823529411764,0.5294117647058824,0.35294117647058826,0.0,0.0,0.0,0.0,0.35294117647058826,0.29411764705882354,0.6470588235294118,0.0,0.058823529411764705,0.29411764705882354,0.058823529411764705,0.058823529411764705,0.0,0.9411764705882353,0.47058823529411764,0.4117647058823529,0.5882352941176471,0.23529411764705882,0.47058823529411764,0.11764705882352941,0.5294117647058824,0.17647058823529413,0.47058823529411764,0.5294117647058824
064010150,0.8709677419354839,0.6764705882352942,0.7352941176470589,0.0,0.029411764705882353,0.29411764705882354,0.17647058823529413,0.058823529411764705,0.45161290322580644,0.35294117647058826,0.23529411764705882,0.08823529411764706,0.08823529411764706,0.35294117647058826,0.14705882352941177,0.17647058823529413,0.08823529411764706,0.6470588235294118,0.08823529411764706,0.17647058823529413,0.6764705882352942,0.29411764705882354,0.4411764705882353,0.38235294117647056,0.4117647058823529,0.23529411764705882,0.2647058823529412,0.47058823529411764
064010161,0.7419354838709677,0.8125,0.5625,0.4375,0.0,0.0625,0.25,0.21875,0.5483870967741935,0.46875,0.46875,0.53125,0.0625,0.625,0.0,0.0,0.25,0.78125,0.4375,0.25,0.53125,0.53125,0.375,0.46875,0.5,0.28125,0.625,0.53125
064010164,0.6470588235294118,0.6111111111111112,0.7777777777777778,0.5,0.16666666666666666,0.16666666666666666,0.0,0.1111111111111111,0.5882352941176471,0.2777777777777778,0.1111111111111111,0.16666666666666666,0.0,0.2777777777777778,0.1111111111111111,0.1111111111111111,0.4444444444444444,1.0,0.2222222222222222,0.2222222222222222,0.3333333333333333,0.2222222222222222,0.05555555555555555,0.1111111111111111,0.4444444444444444,0.4444444444444444,0.5,0.1111111111111111
064010172,0.9444444444444444,0.47368421052631576,0.7368421052631579,0.3684210526315789,0.21052631578947367,0.0,0.0,0.0,0.5,0.3157894736842105,0.2631578947368421,0.47368421052631576,0.0,0.5263157894736842,0.0,0.0,0.0,0.8947368421052632,0.5263157894736842,0.5789473684210527,0.6842105263157895,0.0,0.5263157894736842,0.2631578947368421,0.3684210526315789,0.3157894736842105,0.42105263157894735,0.21052631578947367
064010173,0.55,0.4,0.5,0.65,0.4,0.4,0.4,0.6,0.4,0.4,0.45,0.4,0.5,0.65,0.2,0.0,0.9,0.75,0.75,0.7,1.0,0.6,0.6,0.65,0.45,0.6,0.25,0.6
065040005,0.5161290322580645,0.0,0.2903225806451613,0.0,0.0,0.0,0.0,0.0,0.16129032258064516,0.0,0.0,0.0,0.0,0.06451612903225806,0.03225806451612903,0.0967741935483871,0.0,0.16129032258064516,0.0,0.0,0.0,0.0,0.22580645161290322,0.06451612903225806,0.0,0.0,0.0,0.0
065040007,0.5,0.0625,0.5625,0.0,0.0,0.0,0.0,0.0,0.625,0.0,0.4375,0.0,0.0,0.375,0.0,0.0,0.0,0.5,0.25,0.0,0.25,0.0,0.5,0.0,0.0,0.0,0.0,0.1875
065040009,0.6896551724137931,0.23333333333333334,0.5333333333333333,0.0,0.0,0.03333333333333333,0.0,0.0,0.20689655172413793,0.16666666666666666,0.36666666666666664,0.0,0.03333333333333333,0.36666666666666664,0.03333333333333333,0.0,0.0,0.2,0.0,0.2,0.3,0.0,0.43333333333333335,0.1,0.13333333333333333,0.03333333333333333,0.36666666666666664,0.13333333333333333
065040011,0.75,0.058823529411764705,0.5882352941176471,0.0,0.0,0.0,0.0,0.0,0.125,0.0,0.0,0.0,0.0,0.0,0.0,0.0,0.0,0.7058823529411765,0.0,0.0,0.0,0.0,0.11764705882352941,0.0,0.0,0.0,0.0,0.0
065040028,0.6428571428571429,0.0,0.5555555555555556,0.0,0.0,0.0,0.0,0.0,0.10714285714285714,0.0,0.037037037037037035,0.0,0.0,0.0,0.0,0.0,0.0,0.5925925925925926,0.07407407407407407,0.18518518518518517,0.2222222222222222,0.0,0.0,0.0,0.0,0.0,0.037037037037037035,0.0
065040042,0.42857142857142855,0.0,0.4375,0.0,0.0,0.0,0.0,0.0,0.0,0.0,0.1875,0.0,0.0,0.0,0.0,0.0,0.0,0.75,0.0,0.0,0.0,0.0,0.0,0.0,0.0,0.0,0.125,0.0
065040044,0.7,0.38095238095238093,0.5238095238095238,0.0,0.0,0.0,0.0,0.0,0.3,0.0,0.047619047619047616,0.0,0.0,0.19047619047619047,0.0,0.0,0.0,0.2857142857142857,0.19047619047619047,0.19047619047619047,0.14285714285714285,0.0,0.0,0.047619047619047616,0.14285714285714285,0.0,0.23809523809523808,0.2857142857142857
065040045,0.5263157894736842,0.10526315789473684,0.7368421052631579,0.10526315789473684,0.10526315789473684,0.0,0.0,0.0,0.10526315789473684,0.10526315789473684,0.21052631578947367,0.0,0.10526315789473684,0.21052631578947367,0.0,0.10526315789473684,0.10526315789473684,0.5263157894736842,0.10526315789473684,0.0,0.10526315789473684,0.10526315789473684,0.10526315789473684,0.10526315789473684,0.10526315789473684,0.10526315789473684,0.15789473684210525,0.10526315789473684
065040049,0.5789473684210527,0.4,0.55,0.0,0.25,0.0,0.0,0.0,0.2631578947368421,0.0,0.25,0.0,0.0,0.05,0.0,0.0,0.0,0.0,0.0,0.1,0.0,0.0,0.3,0.3,0.2,0.0,0.0,0.1
065040077,0.42857142857142855,0.19047619047619047,0.3333333333333333,0.0,0.0,0.0,0.0,0.0,0.19047619047619047,0.0,0.0,0.0,0.0,0.0,0.0,0.0,0.0,0.3333333333333333,0.0,0.0,0.2857142857142857,0.0,0.14285714285714285,0.0,0.09523809523809523,0.0,0.14285714285714285,0.09523809523809523
065040112,0.6923076923076923,0.0,0.15384615384615385,0.0,0.0,0.0,0.0,0.0,0.15384615384615385,0.0,0.0,0.0,0.0,0.0,1.0,0.0,0.0,0.07692307692307693,0.0,0.0,0.15384615384615385,0.0,0.0,0.0,0.0,0.0,0.07692307692307693,0.0
065040118,0.4375,0.0,0.5882352941176471,0.0,0.0,0.0,0.0,0.0,0.1875,0.0,0.0,0.0,0.0,0.0,0.0,0.0,0.0,0.47058823529411764,0.0,0.0,0.0,0.0,0.058823529411764705,0.0,0.0,0.0,0.0,0.0
065040124,0.5294117647058824,0.11764705882352941,0.7058823529411765,0.058823529411764705,0.0,0.0,0.0,0.0,0.11764705882352941,0.0,0.058823529411764705,0.0,0.0,0.058823529411764705,0.058823529411764705,0.17647058823529413,0.058823529411764705,0.23529411764705882,0.058823529411764705,0.0,0.058823529411764705,0.058823529411764705,0.35294117647058826,0.0,0.058823529411764705,0.0,0.0,0.058823529411764705
065040125,0.6,0.0,0.1875,0.0625,0.0625,0.0625,0.0625,0.0625,0.06666666666666667,0.0,0.0625,0.0,0.0,0.0625,0.0,0.0,0.0,0.0625,0.0,0.0,0.0625,0.0,0.0,0.0625,0.0,0.0,0.0625,0.0625
065040126,0.4166666666666667,0.25,0.4166666666666667,0.0,0.0,0.0,0.0,0.0,0.25,0.08333333333333333,0.0,0.0,0.0,0.0,0.0,0.0,0.0,0.6666666666666666,0.0,0.0,0.0,0.0,0.25,0.16666666666666666,0.16666666666666666,0.0,0.0,0.08333333333333333
065040127,0.6,0.26666666666666666,0.3333333333333333,0.0,0.0,0.0,0.0,0.0,0.06666666666666667,0.0,0.0,0.0,0.0,0.13333333333333333,0.0,0.0,0.0,0.2,0.06666666666666667,0.0,0.0,0.0,0.0,0.0,0.0,0.0,0.0,0.0
065040133,0.5833333333333334,0.23076923076923078,0.5769230769230769,0.19230769230769232,0.07692307692307693,0.0,0.0,0.23076923076923078,0.3333333333333333,0.19230769230769232,0.2692307692307692,0.3076923076923077,0.15384615384615385,0.15384615384615385,0.0,0.23076923076923078,0.4230769230769231,0.6923076923076923,0.15384615384615385,0.19230769230769232,0.3076923076923077,0.23076923076923078,0.3076923076923077,0.038461538461538464,0.19230769230769232,0.19230769230769232,0.23076923076923078,0.15384615384615385
065040134,0.7647058823529411,0.23529411764705882,0.7647058823529411,0.0,0.0,0.0,0.0,0.0,0.23529411764705882,0.0,0.0,0.5294117647058824,0.0,0.4117647058823529,0.0,0.0,0.0,0.47058823529411764,0.23529411764705882,0.23529411764705882,0.058823529411764705,0.23529411764705882,0.35294117647058826,0.058823529411764705,0.17647058823529413,0.23529411764705882,0.35294117647058826,0.23529411764705882
065040137,0.6470588235294118,0.23529411764705882,0.5882352941176471,0.0,0.0,0.0,0.0,0.0,0.23529411764705882,0.0,0.0,0.0,0.0,0.0,0.0,0.0,0.0,0.35294117647058826,0.0,0.0,0.0,0.0,0.6470588235294118,0.0,0.058823529411764705,0.0,0.0,0.17647058823529413
065040160,0.7692307692307693,0.6153846153846154,0.6923076923076923,0.3076923076923077,0.07692307692307693,0.0,0.0,0.0,0.5384615384615384,0.3076923076923077,0.38461538461538464,0.38461538461538464,0.15384615384615385,0.3076923076923077,0.0,0.3076923076923077,0.3076923076923077,0.46153846153846156,0.07692307692307693,0.0,0.3076923076923077,0.23076923076923078,0.15384615384615385,0.3076923076923077,0.23076923076923078,0.15384615384615385,0.15384615384615385,0.15384615384615385
069120003,0.5,0.10714285714285714,0.39285714285714285,0.0,0.0,0.0,0.0,0.0,0.0,0.0,0.0,0.0,0.0,0.0,0.0,0.0,0.0,0.6428571428571429,0.0,0.0,0.0,0.0,0.07142857142857142,0.0,0.07142857142857142,0.0,0.0,0.03571428571428571
069120014,1.0,0.3333333333333333,0.8333333333333334,0.5,0.3333333333333333,0.3333333333333333,0.3333333333333333,0.3333333333333333,0.4166666666666667,0.5833333333333334,0.6666666666666666,0.5,0.5,0.5,0.3333333333333333,0.16666666666666666,0.3333333333333333,1.0,0.8333333333333334,0.3333333333333333,0.75,0.4166666666666667,0.5,0.5,0.3333333333333333,0.3333333333333333,0.3333333333333333,0.5
069120020,0.42105263157894735,0.1111111111111111,0.3888888888888889,0.0,0.0,0.0,0.0,0.0,0.0,0.0,0.0,0.0,0.0,0.0,0.0,0.0,0.0,0.2777777777777778,0.05555555555555555,0.0,0.0,0.0,0.5,0.0,0.0,0.0,0.05555555555555555,0.1111111111111111
069120025,0.7142857142857143,0.07142857142857142,0.7142857142857143,0.42857142857142855,0.14285714285714285,0.14285714285714285,0.0,0.5714285714285714,0.42857142857142855,0.42857142857142855,0.14285714285714285,0.0,0.14285714285714285,0.2857142857142857,0.0,0.14285714285714285,0.21428571428571427,0.42857142857142855,0.21428571428571427,0.35714285714285715,0.0,0.2857142857142857,0.2857142857142857,0.21428571428571427,0.5,0.35714285714285715,0.2857142857142857,0.0
069120052,0.625,0.375,0.6875,0.0,0.0,0.0,0.0,0.1875,0.4375,0.3125,0.0,0.0,0.0,0.125,0.0,0.0,0.1875,0.1875,0.0,0.0,0.1875,0.0625,0.3125,0.0,0.1875,0.1875,0.1875,0.1875
069120059,0.7222222222222222,0.6842105263157895,0.7368421052631579,0.10526315789473684,0.0,0.0,0.0,0.42105263157894735,0.5555555555555556,0.0,0.0,0.2631578947368421,0.0,0.2631578947368421,0.0,0.3684210526315789,0.0,0.8421052631578947,0.0,0.47368421052631576,0.42105263157894735,0.15789473684210525,0.05263157894736842,0.3157894736842105,0.3157894736842105,0.15789473684210525,0.10526315789473684,0.0
069120061,0.46153846153846156,0.0,0.46153846153846156,0.0,0.0,0.0,0.0,0.0,0.07692307692307693,0.0,0.0,0.0,0.0,0.0,0.0,0.0,0.0,0.07692307692307693,0.0,0.0,0.0,0.0,0.0,0.0,0.0,0.0,0.0,0.0
069120072,0.7142857142857143,0.5714285714285714,0.6428571428571429,0.42857142857142855,0.21428571428571427,0.14285714285714285,0.35714285714285715,0.42857142857142855,0.42857142857142855,0.2857142857142857,0.2857142857142857,0.5,0.21428571428571427,0.14285714285714285,0.14285714285714285,0.21428571428571427,0.35714285714285715,0.5714285714285714,0.42857142857142855,0.42857142857142855,0.42857142857142855,0.35714285714285715,0.35714285714285715,0.2857142857142857,0.2857142857142857,0.42857142857142855,0.35714285714285715,0.2857142857142857
069120083,0.5,0.3125,0.6875,0.0625,0.0,0.0,0.0,0.0625,0.125,0.0625,0.125,0.125,0.0625,0.0625,0.0,0.1875,0.0625,0.0625,0.0,0.0,0.1875,0.125,0.0,0.0625,0.0625,0.0,0.125,0.0625
069120087,0.6,0.13333333333333333,0.2,0.0,0.0,0.0,0.0,0.0,0.0,0.0,0.13333333333333333,0.0,0.0,0.26666666666666666,0.0,0.0,0.0,0.13333333333333333,0.13333333333333333,0.13333333333333333,0.26666666666666666,0.0,0.13333333333333333,0.0,0.5333333333333333,0.0,0.0,0.2
069120092,0.4117647058823529,0.11764705882352941,0.5294117647058824,0.11764705882352941,0.11764705882352941,0.11764705882352941,0.11764705882352941,0.11764705882352941,0.11764705882352941,0.11764705882352941,0.11764705882352941,0.23529411764705882,0.11764705882352941,0.11764705882352941,0.11764705882352941,0.11764705882352941,0.11764705882352941,0.47058823529411764,0.058823529411764705,0.11764705882352941,0.11764705882352941,0.11764705882352941,0.11764705882352941,0.11764705882352941,0.11764705882352941,0.11764705882352941,0.17647058823529413,0.11764705882352941
069120093,0.4583333333333333,0.16666666666666666,0.375,0.0,0.08333333333333333,0.0,0.0,0.0,0.25,0.20833333333333334,0.2916666666666667,0.25,0.0,0.041666666666666664,0.0,0.0,0.0,0.625,0.08333333333333333,0.20833333333333334,0.3333333333333333,0.16666666666666666,0.16666666666666666,0.25,0.16666666666666666,0.08333333333333333,0.20833333333333334,0.0
069120094,0.5,0.0,0.65,0.0,0.2,0.0,0.0,0.0,0.55,0.1,0.2,0.0,0.0,0.0,0.0,0.0,0.0,0.25,0.0,0.0,0.0,0.1,0.0,0.0,0.55,0.0,0.45,0.2
069120106,0.75,0.7058823529411765,0.7058823529411765,0.11764705882352941,0.0,0.0,0.23529411764705882,0.4117647058823529,0.4375,0.4117647058823529,0.29411764705882354,0.35294117647058826,0.0,0.4117647058823529,0.23529411764705882,0.0,0.23529411764705882,0.8823529411764706,0.29411764705882354,0.29411764705882354,0.35294117647058826,0.5294117647058824,0.5882352941176471,0.29411764705882354,0.6470588235294118,0.47058823529411764,0.4117647058823529,0.35294117647058826
069120121,0.7916666666666666,0.08333333333333333,0.5833333333333334,0.0,0.0,0.0,0.0,0.0,0.375,0.0,0.0,0.0,0.0,0.0,0.0,0.0,0.0,0.25,0.0,0.0,0.0,0.0,0.0,0.0,0.16666666666666666,0.0,0.0,0.0
069120123,0.5,0.0,0.7,0.0,0.3,0.3,0.3,0.3,0.0,0.0,0.0,0.0,0.0,0.1,0.3,0.0,0.0,1.0,0.0,0.0,0.0,0.0,0.3,0.1,0.0,0.0,0.0,0.0
069120140,0.4583333333333333,0.34782608695652173,0.5217391304347826,0.0,0.0,0.0,0.0,0.0,0.16666666666666666,0.0,0.0,0.0,0.0,0.0,0.0,0.0,0.0,0.6956521739130435,0.0,0.043478260869565216,0.13043478260869565,0.0,0.08695652173913043,0.0,0.0,0.0,0.0,0.0
069120151,0.6470588235294118,0.23529411764705882,0.7058823529411765,0.11764705882352941,0.29411764705882354,0.11764705882352941,0.11764705882352941,0.11764705882352941,0.7647058823529411,0.35294117647058826,0.35294117647058826,0.11764705882352941,0.11764705882352941,0.35294117647058826,0.29411764705882354,0.11764705882352941,0.11764705882352941,0.47058823529411764,0.11764705882352941,0.11764705882352941,0.5294117647058824,0.35294117647058826,0.29411764705882354,0.23529411764705882,0.23529411764705882,0.35294117647058826,0.23529411764705882,0.11764705882352941
069120165,0.7222222222222222,0.3888888888888889,0.3888888888888889,0.0,0.0,0.0,0.2222222222222222,0.1111111111111111,0.2777777777777778,0.16666666666666666,0.0,0.1111111111111111,0.1111111111111111,0.0,0.0,0.0,0.2222222222222222,0.0,0.0,0.0,0.0,0.1111111111111111,0.2222222222222222,0.05555555555555555,0.05555555555555555,0.1111111111111111,0.2777777777777778,0.1111111111111111
069120170,0.5652173913043478,0.043478260869565216,0.2608695652173913,0.043478260869565216,0.043478260869565216,0.043478260869565216,0.043478260869565216,0.043478260869565216,0.043478260869565216,0.043478260869565216,0.13043478260869565,0.043478260869565216,0.043478260869565216,0.13043478260869565,0.043478260869565216,0.043478260869565216,0.043478260869565216,0.21739130434782608,0.13043478260869565,0.043478260869565216,0.21739130434782608,0.043478260869565216,0.13043478260869565,0.043478260869565216,0.043478260869565216,0.043478260869565216,0.043478260869565216,0.043478260869565216
070010001,0.9166666666666666,0.23076923076923078,0.5384615384615384,0.15384615384615385,0.3076923076923077,0.07692307692307693,0.15384615384615385,0.15384615384615385,0.9166666666666666,0.3076923076923077,0.6153846153846154,1.0,0.3076923076923077,0.46153846153846156,0.8461538461538461,0.7692307692307693,0.15384615384615385,1.0,0.07692307692307693,0.15384615384615385,0.46153846153846156,0.23076923076923078,0.6153846153846154,0.3076923076923077,0.6923076923076923,0.23076923076923078,0.3076923076923077,0.23076923076923078
070010002,1.0,0.8,0.8,0.6,0.36,0.2,0.2,0.6,0.96,0.72,1.0,1.0,0.56,0.44,0.28,1.0,0.48,1.0,1.0,0.84,1.0,0.56,0.84,0.56,0.72,0.6,0.68,0.6
070010003,1.0,0.6521739130434783,0.8260869565217391,0.8695652173913043,0.2608695652173913,0.0,0.043478260869565216,0.8260869565217391,1.0,0.6956521739130435,0.6956521739130435,1.0,0.08695652173913043,0.6521739130434783,0.0,0.782608695652174,0.7391304347826086,1.0,0.7391304347826086,0.8260869565217391,0.9130434782608695,0.5652173913043478,0.6521739130434783,0.6956521739130435,0.782608695652174,0.6521739130434783,0.6086956521739131,0.4782608695652174
070010004,0.8125,0.5,0.47058823529411764,0.29411764705882354,0.08823529411764706,0.08823529411764706,0.20588235294117646,0.47058823529411764,0.9375,0.47058823529411764,0.47058823529411764,1.0,0.0,0.4411764705882353,0.23529411764705882,0.029411764705882353,0.23529411764705882,0.6764705882352942,0.5,0.29411764705882354,0.5588235294117647,0.38235294117647056,0.4411764705882353,0.35294117647058826,0.4117647058823529,0.35294117647058826,0.5294117647058824,0.17647058823529413
070010005,0.7380952380952381,0.7142857142857143,0.6904761904761905,0.5,0.4523809523809524,0.0,0.0,0.2857142857142857,0.8095238095238095,0.47619047619047616,0.6666666666666666,0.16666666666666666,0.21428571428571427,0.6904761904761905,0.14285714285714285,0.0,0.16666666666666666,1.0,0.19047619047619047,0.5952380952380952,0.7142857142857143,0.2619047619047619,0.47619047619047616,0.2619047619047619,0.5714285714285714,0.5,0.47619047619047616,0.3333333333333333
070010006,0.8484848484848485,0.7647058823529411,0.7941176470588235,0.6470588235294118,0.2647058823529412,0.08823529411764706,0.0,0.14705882352941177,1.0,0.6176470588235294,0.5588235294117647,1.0,0.35294117647058826,0.5588235294117647,0.0,0.35294117647058826,0.20588235294117646,1.0,0.7058823529411765,0.7647058823529411,0.8235294117647058,0.5882352941176471,0.5294117647058824,0.5882352941176471,0.5588235294117647,0.5588235294117647,0.5,0.5588235294117647
070010007,0.9285714285714286,0.7857142857142857,0.9285714285714286,0.2857142857142857,0.0,0.2857142857142857,0.14285714285714285,0.2857142857142857,1.0,0.5714285714285714,0.8571428571428571,1.0,0.35714285714285715,0.6428571428571429,0.42857142857142855,1.0,0.5714285714285714,0.9285714285714286,1.0,0.7142857142857143,0.7857142857142857,0.7142857142857143,0.7857142857142857,0.7142857142857143,0.7857142857142857,0.5714285714285714,0.7142857142857143,0.5
070010008,0.8333333333333334,0.5,0.5,0.5833333333333334,0.4583333333333333,0.375,0.4583333333333333,0.5833333333333334,0.9583333333333334,0.5833333333333334,0.5833333333333334,1.0,0.4166666666666667,0.5,0.5833333333333334,1.0,0.5416666666666666,1.0,0.4166666666666667,0.5833333333333334,0.9166666666666666,0.4583333333333333,0.6666666666666666,0.625,0.625,0.6666666666666666,0.5,0.5
070010009,0.9047619047619048,0.5652173913043478,0.6956521739130435,1.0,1.0,0.17391304347826086,0.21739130434782608,0.43478260869565216,0.9523809523809523,0.7391304347826086,0.7391304347826086,1.0,0.17391304347826086,0.5217391304347826,0.8695652173913043,0.8260869565217391,1.0,1.0,0.782608695652174,0.7391304347826086,0.782608695652174,0.5217391304347826,0.6086956521739131,0.6521739130434783,0.782608695652174,0.6956521739130435,0.5652173913043478,0.4782608695652174
070010010,1.0,0.52,0.8,0.2,0.0,0.0,0.2,0.64,0.9583333333333334,0.44,0.44,1.0,0.0,0.4,0.08,0.0,0.12,1.0,0.28,0.4,0.52,0.44,0.56,0.52,0.64,0.64,0.32,0.44
070010011,0.9090909090909091,0.6956521739130435,0.5217391304347826,0.17391304347826086,0.43478260869565216,0.0,0.17391304347826086,0.2608695652173913,0.8636363636363636,0.6086956521739131,0.6956521739130435,1.0,0.34782608695652173,0.4782608695652174,0.08695652173913043,0.5217391304347826,0.21739130434782608,1.0,0.30434782608695654,0.34782608695652173,0.4782608695652174,0.4782608695652174,0.6086956521739131,0.43478260869565216,0.5217391304347826,0.6086956521739131,0.5217391304347826,0.391304347826087
070010012,0.8695652173913043,0.2608695652173913,0.5217391304347826,0.08695652173913043,0.08695652173913043,0.08695652173913043,0.08695652173913043,0.08695652173913043,0.9565217391304348,0.34782608695652173,0.5217391304347826,1.0,0.08695652173913043,0.34782608695652173,0.08695652173913043,0.0,0.08695652173913043,1.0,0.43478260869565216,0.2608695652173913,0.6086956521739131,0.21739130434782608,0.5652173913043478,0.391304347826087,0.391304347826087,0.30434782608695654,0.391304347826087,0.30434782608695654
070010013,1.0,0.75,0.5833333333333334,0.08333333333333333,0.25,0.5,0.3333333333333333,0.3333333333333333,1.0,0.5,0.5,1.0,0.3333333333333333,0.5833333333333334,0.5,1.0,0.08333333333333333,1.0,0.6666666666666666,0.5833333333333334,0.75,1.0,0.8333333333333334,0.6666666666666666,0.8333333333333334,0.6666666666666666,0.75,0.5833333333333334
070010014,0.7407407407407407,0.42857142857142855,0.6071428571428571,0.2857142857142857,0.14285714285714285,0.0,0.21428571428571427,0.07142857142857142,1.0,0.35714285714285715,0.5,1.0,0.07142857142857142,0.25,0.03571428571428571,0.10714285714285714,0.07142857142857142,1.0,0.5357142857142857,0.21428571428571427,0.75,0.35714285714285715,0.5714285714285714,0.17857142857142858,0.4642857142857143,0.39285714285714285,0.5357142857142857,0.07142857142857142
070010015,0.8620689655172413,0.6774193548387096,0.6774193548387096,0.6774193548387096,0.6129032258064516,0.0967741935483871,0.8064516129032258,0.5806451612903226,1.0,0.6451612903225806,0.9032258064516129,1.0,0.45161290322580644,0.5483870967741935,0.5483870967741935,0.8709677419354839,0.3870967741935484,1.0,1.0,0.9354838709677419,0.7419354838709677,0.6451612903225806,0.6129032258064516,1.0,0.7741935483870968,0.7096774193548387,0.6451612903225806,0.4838709677419355
070010016,0.8333333333333334,0.4166666666666667,0.5833333333333334,0.0,0.08333333333333333,0.0,0.16666666666666666,0.0,0.7083333333333334,0.4166666666666667,0.4166666666666667,1.0,0.08333333333333333,0.5,0.125,1.0,0.0,0.7916666666666666,0.375,0.0,0.5,0.3333333333333333,0.5,0.2916666666666667,0.3333333333333333,0.375,0.4166666666666667,0.3333333333333333
070010017,1.0,0.55,0.8,0.25,0.45,0.0,0.15,0.0,1.0,0.3,0.6,1.0,0.0,0.7,0.0,0.35,0.2,1.0,0.9,0.25,0.7,0.55,0.75,0.35,0.55,0.35,0.4,0.25
070010018,0.8636363636363636,0.6086956521739131,0.6956521739130435,0.43478260869565216,0.2608695652173913,0.2608695652173913,0.2608695652173913,0.391304347826087,0.7727272727272727,0.4782608695652174,0.5217391304347826,1.0,0.2608695652173913,0.34782608695652173,0.043478260869565216,0.2608695652173913,0.391304347826087,1.0,0.5217391304347826,0.391304347826087,0.6086956521739131,0.6521739130434783,0.5652173913043478,0.30434782608695654,0.6086956521739131,0.6521739130434783,0.5652173913043478,0.5217391304347826
070010019,1.0,0.6086956521739131,0.6956521739130435,0.30434782608695654,0.34782608695652173,0.21739130434782608,0.34782608695652173,0.21739130434782608,1.0,0.6521739130434783,0.7391304347826086,1.0,0.2608695652173913,0.6521739130434783,0.30434782608695654,0.9565217391304348,0.21739130434782608,1.0,0.9565217391304348,0.391304347826087,0.8260869565217391,0.4782608695652174,0.4782608695652174,0.391304347826087,0.7391304347826086,0.782608695652174,0.6086956521739131,0.4782608695652174
070010020,1.0,0.3,0.5,0.45,0.3,0.2,0.15,0.3,0.95,0.35,0.7,1.0,0.15,0.6,0.15,0.3,0.3,1.0,0.5,0.45,0.55,0.3,0.55,0.35,0.6,0.35,0.3,0.35
075510004,0.625,0.16666666666666666,0.5833333333333334,0.125,0.08333333333333333,0.0,0.125,0.25,0.20833333333333334,0.20833333333333334,0.20833333333333334,0.20833333333333334,0.0,0.20833333333333334,0.0,0.0,0.25,0.8333333333333334,0.125,0.25,0.20833333333333334,0.0,0.2916666666666667,0.20833333333333334,0.375,0.0,0.2916666666666667,0.2916666666666667
075510010,0.6363636363636364,0.391304347826087,0.4782608695652174,0.21739130434782608,0.13043478260869565,0.21739130434782608,0.043478260869565216,0.21739130434782608,0.13636363636363635,0.0,0.2608695652173913,0.043478260869565216,0.043478260869565216,0.21739130434782608,0.13043478260869565,0.17391304347826086,0.08695652173913043,0.6956521739130435,0.13043478260869565,0.30434782608695654,0.21739130434782608,0.08695652173913043,0.17391304347826086,0.2608695652173913,0.30434782608695654,0.2608695652173913,0.13043478260869565,0.17391304347826086
075510017,0.6666666666666666,0.05555555555555555,0.3888888888888889,0.05555555555555555,0.05555555555555555,0.0,0.1111111111111111,0.2222222222222222,0.2222222222222222,0.0,0.1111111111111111,0.05555555555555555,0.0,0.0,0.1111111111111111,0.0,0.05555555555555555,0.5,0.05555555555555555,0.1111111111111111,0.1111111111111111,0.0,0.05555555555555555,0.1111111111111111,0.16666666666666666,0.05555555555555555,0.0,0.05555555555555555
075510036,0.6521739130434783,0.22727272727272727,0.45454545454545453,0.09090909090909091,0.2727272727272727,0.09090909090909091,0.045454545454545456,0.13636363636363635,0.043478260869565216,0.09090909090909091,0.2727272727272727,0.13636363636363635,0.13636363636363635,0.2727272727272727,0.18181818181818182,0.3181818181818182,0.13636363636363635,0.5909090909090909,0.0,0.18181818181818182,0.13636363636363635,0.13636363636363635,0.36363636363636365,0.18181818181818182,0.22727272727272727,0.22727272727272727,0.13636363636363635,0.09090909090909091
075510038,0.8,0.0,0.5,0.25,0.0,0.0,0.2,0.0,0.05,0.0,0.05,0.3,0.0,0.1,0.0,0.0,0.2,0.75,0.15,0.0,0.35,0.0,0.2,0.1,0.1,0.0,0.15,0.15
075510041,0.5,0.42857142857142855,0.6428571428571429,0.0,0.14285714285714285,0.0,0.0,0.0,0.42857142857142855,0.0,0.21428571428571427,0.0,0.0,0.14285714285714285,0.0,0.2857142857142857,0.0,0.42857142857142855,0.14285714285714285,0.0,0.07142857142857142,0.14285714285714285,0.2857142857142857,0.42857142857142855,0.0,0.14285714285714285,0.42857142857142855,0.6428571428571429
075510057,0.5333333333333333,0.0,0.5333333333333333,0.0,0.0,0.0,0.0,0.0,0.0,0.0,0.0,0.0,0.0,0.0,0.0,0.0,0.0,0.0,0.0,0.0,0.0,0.0,0.0,0.0,0.0,0.0,0.0,0.0
075510076,0.782608695652174,0.20833333333333334,0.7083333333333334,0.0,0.0,0.0,0.08333333333333333,0.08333333333333333,0.21739130434782608,0.125,0.0,0.0,0.0,0.0,0.0,0.0,0.0,0.7083333333333334,0.0,0.0,0.20833333333333334,0.0,0.25,0.0,0.0,0.0,0.0,0.20833333333333334
075510086,0.55,0.0,0.45,0.05,0.0,0.0,0.05,0.05,0.1,0.0,0.05,0.0,0.05,0.0,0.05,0.0,0.05,0.3,0.1,0.05,0.0,0.0,0.1,0.05,0.0,0.0,0.0,0.05
075510090,0.7,0.1935483870967742,0.5161290322580645,0.0967741935483871,0.0,0.0,0.12903225806451613,0.12903225806451613,0.23333333333333334,0.12903225806451613,0.06451612903225806,0.0,0.0,0.0967741935483871,0.0,0.0,0.12903225806451613,0.7741935483870968,0.0,0.0,0.2903225806451613,0.12903225806451613,0.12903225806451613,0.12903225806451613,0.12903225806451613,0.12903225806451613,0.12903225806451613,0.12903225806451613
075510091,0.8695652173913043,0.30434782608695654,0.5652173913043478,0.30434782608695654,0.34782608695652173,0.13043478260869565,0.21739130434782608,0.21739130434782608,0.43478260869565216,0.30434782608695654,0.2608695652173913,0.21739130434782608,0.30434782608695654,0.391304347826087,0.21739130434782608,0.21739130434782608,0.30434782608695654,0.782608695652174,0.2608695652173913,0.21739130434782608,0.21739130434782608,0.30434782608695654,0.5217391304347826,0.21739130434782608,0.2608695652173913,0.17391304347826086,0.30434782608695654,0.34782608695652173
075510099,0.8235294117647058,0.23529411764705882,0.7647058823529411,0.29411764705882354,0.17647058823529413,0.17647058823529413,0.23529411764705882,0.29411764705882354,0.23529411764705882,0.058823529411764705,0.17647058823529413,0.29411764705882354,0.17647058823529413,0.4117647058823529,0.0,0.0,0.29411764705882354,0.4117647058823529,0.29411764705882354,0.4117647058823529,0.17647058823529413,0.17647058823529413,0.29411764705882354,0.11764705882352941,0.4117647058823529,0.11764705882352941,0.17647058823529413,0.23529411764705882
075510129,0.7619047619047619,0.045454545454545456,0.45454545454545453,0.3181818181818182,0.0,0.0,0.045454545454545456,0.13636363636363635,0.2857142857142857,0.09090909090909091,0.09090909090909091,0.18181818181818182,0.0,0.0,0.045454545454545456,0.0,0.0,1.0,0.22727272727272727,0.13636363636363635,0.13636363636363635,0.0,0.045454545454545456,0.13636363636363635,0.22727272727272727,0.0,0.13636363636363635,0.045454545454545456
075510131,0.5666666666666667,0.16666666666666666,0.7,0.0,0.0,0.0,0.0,0.0,0.1,0.0,0.03333333333333333,0.16666666666666666,0.0,0.1,0.0,0.0,0.0,0.6333333333333333,0.0,0.0,0.2,0.0,0.0,0.0,0.1,0.0,0.2,0.0
075510137,0.7647058823529411,0.6111111111111112,0.7777777777777778,0.2222222222222222,0.0,0.0,0.0,0.0,0.47058823529411764,0.16666666666666666,0.2222222222222222,0.3888888888888889,0.2222222222222222,0.2222222222222222,0.0,0.0,0.0,0.6666666666666666,0.2222222222222222,0.2777777777777778,0.2777777777777778,0.16666666666666666,0.2777777777777778,0.0,0.4444444444444444,0.2777777777777778,0.2222222222222222,0.2777777777777778
075510142,0.5925925925925926,0.14814814814814814,0.48148148148148145,0.037037037037037035,0.037037037037037035,0.14814814814814814,0.037037037037037035,0.0,0.18518518518518517,0.07407407407407407,0.2222222222222222,0.14814814814814814,0.037037037037037035,0.25925925925925924,0.14814814814814814,0.25925925925925924,0.0,0.6296296296296297,0.037037037037037035,0.037037037037037035,0.4074074074074074,0.1111111111111111,0.2962962962962963,0.14814814814814814,0.14814814814814814,0.1111111111111111,0.14814814814814814,0.14814814814814814
075510144,0.4857142857142857,0.1111111111111111,0.6388888888888888,0.3611111111111111,0.0,0.0,0.3055555555555556,0.3055555555555556,0.22857142857142856,0.0,0.0,0.0,0.0,0.0,0.05555555555555555,0.0,0.3055555555555556,0.08333333333333333,0.3611111111111111,0.4166666666666667,0.0,0.0,0.08333333333333333,0.05555555555555555,0.027777777777777776,0.0,0.05555555555555555,0.0
075510163,0.6086956521739131,0.5217391304347826,0.6956521739130435,0.17391304347826086,0.43478260869565216,0.08695652173913043,0.08695652173913043,0.17391304347826086,0.7391304347826086,0.30434782608695654,0.17391304347826086,0.17391304347826086,0.08695652173913043,0.17391304347826086,0.08695652173913043,0.08695652173913043,0.2608695652173913,1.0,0.2608695652173913,0.2608695652173913,0.5217391304347826,0.21739130434782608,0.43478260869565216,0.043478260869565216,0.21739130434782608,0.2608695652173913,0.391304347826087,0.2608695652173913
075510165,0.45454545454545453,0.18181818181818182,0.45454545454545453,0.045454545454545456,0.045454545454545456,0.045454545454545456,0.13636363636363635,0.13636363636363635,0.045454545454545456,0.045454545454545456,0.045454545454545456,0.13636363636363635,0.045454545454545456,0.2727272727272727,0.045454545454545456,0.045454545454545456,0.13636363636363635,0.2727272727272727,0.22727272727272727,0.13636363636363635,0.18181818181818182,0.09090909090909091,0.18181818181818182,0.0,0.22727272727272727,0.045454545454545456,0.13636363636363635,0.22727272727272727
075510167,0.8260869565217391,0.43478260869565216,0.43478260869565216,0.13043478260869565,0.08695652173913043,0.0,0.0,0.08695652173913043,0.391304347826087,0.13043478260869565,0.08695652173913043,0.08695652173913043,0.0,0.13043478260869565,0.0,0.08695652173913043,0.0,0.6086956521739131,0.30434782608695654,0.13043478260869565,0.391304347826087,0.30434782608695654,0.17391304347826086,0.13043478260869565,0.21739130434782608,0.08695652173913043,0.13043478260869565,0.13043478260869565
080020001,0.96,0.64,0.56,0.24,0.24,0.08,0.12,0.08,0.64,0.44,0.32,1.0,0.16,0.6,0.08,0.32,0.2,0.92,0.44,0.12,0.52,0.36,0.52,0.28,0.4,0.4,0.4,0.4
080020002,1.0,0.47368421052631576,0.8421052631578947,0.15789473684210525,0.15789473684210525,0.15789473684210525,0.15789473684210525,0.3684210526315789,0.5789473684210527,0.3157894736842105,0.5263157894736842,1.0,0.15789473684210525,0.15789473684210525,0.3157894736842105,0.15789473684210525,0.15789473684210525,0.8421052631578947,0.6842105263157895,0.2631578947368421,0.5263157894736842,0.15789473684210525,0.47368421052631576,0.5789473684210527,0.3684210526315789,0.21052631578947367,0.3157894736842105,0.15789473684210525
080020003,0.8974358974358975,0.65,0.75,0.6,0.675,0.475,0.575,0.65,0.9487179487179487,0.8,0.7,1.0,0.55,0.725,0.475,0.55,0.625,1.0,0.625,0.875,0.9,0.55,0.85,0.725,0.95,0.825,0.6,0.625
080020004,0.8571428571428571,0.07142857142857142,0.5714285714285714,0.0,0.0,0.0,0.0,0.14285714285714285,0.2857142857142857,0.5,0.5,1.0,0.0,0.21428571428571427,0.14285714285714285,0.0,0.0,1.0,0.7142857142857143,0.7857142857142857,0.5,0.42857142857142855,0.5714285714285714,0.07142857142857142,0.6428571428571429,0.2857142857142857,0.2857142857142857,0.35714285714285715
080020005,1.0,0.9166666666666666,0.6666666666666666,1.0,0.8333333333333334,0.4166666666666667,0.5833333333333334,0.5,1.0,0.75,0.9166666666666666,1.0,0.75,0.8333333333333334,0.5833333333333334,0.4166666666666667,0.5,1.0,1.0,0.6666666666666666,1.0,0.75,0.8333333333333334,0.5833333333333334,0.8333333333333334,0.75,0.6666666666666666,0.9166666666666666
080020006,1.0,1.0,0.7333333333333333,0.8,0.5333333333333333,0.26666666666666666,0.5333333333333333,0.4,1.0,0.8666666666666667,0.8,0.5333333333333333,0.3333333333333333,0.4666666666666667,0.4,0.6,0.4,1.0,1.0,0.8666666666666667,1.0,0.6,0.5333333333333333,0.8666666666666667,0.8666666666666667,0.8,0.7333333333333333,0.5333333333333333
080020007,1.0,0.7692307692307693,0.6923076923076923,0.7692307692307693,0.5384615384615384,0.46153846153846156,0.46153846153846156,0.6923076923076923,1.0,0.5384615384615384,0.6153846153846154,0.5384615384615384,0.5384615384615384,0.8461538461538461,0.23076923076923078,0.6153846153846154,0.7692307692307693,1.0,1.0,1.0,1.0,0.46153846153846156,0.7692307692307693,0.5384615384615384,0.7692307692307693,0.7692307692307693,0.9230769230769231,1.0
080020008,1.0,0.47368421052631576,0.42105263157894735,0.2631578947368421,0.2631578947368421,0.2631578947368421,0.2631578947368421,0.2631578947368421,0.7368421052631579,0.42105263157894735,0.5789473684210527,1.0,0.2631578947368421,0.3684210526315789,0.15789473684210525,0.2631578947368421,0.2631578947368421,1.0,0.47368421052631576,0.3684210526315789,0.8947368421052632,0.3157894736842105,0.5789473684210527,0.5789473684210527,0.7368421052631579,0.42105263157894735,0.3157894736842105,0.3684210526315789
080020009,1.0,0.5806451612903226,0.6129032258064516,0.41935483870967744,0.25806451612903225,0.22580645161290322,0.25806451612903225,0.4838709677419355,0.9,0.6451612903225806,0.5161290322580645,1.0,0.25806451612903225,0.22580645161290322,0.22580645161290322,0.3225806451612903,0.22580645161290322,1.0,0.5806451612903226,0.5483870967741935,0.7096774193548387,0.2903225806451613,0.7419354838709677,0.3870967741935484,0.4838709677419355,0.4838709677419355,0.6129032258064516,0.7096774193548387
080020010,0.8571428571428571,0.5714285714285714,0.6190476190476191,0.42857142857142855,0.19047619047619047,0.2857142857142857,0.42857142857142855,0.38095238095238093,0.42857142857142855,0.42857142857142855,0.42857142857142855,1.0,0.38095238095238093,0.2857142857142857,0.3333333333333333,0.42857142857142855,0.38095238095238093,1.0,0.3333333333333333,0.38095238095238093,0.6190476190476191,0.38095238095238093,0.23809523809523808,0.38095238095238093,0.47619047619047616,0.3333333333333333,0.38095238095238093,0.47619047619047616
080020011,0.9166666666666666,0.76,0.68,0.28,0.32,0.12,0.08,0.6,0.7916666666666666,0.56,0.48,1.0,0.16,0.36,0.12,0.16,0.2,1.0,0.36,0.24,0.8,0.56,0.76,0.16,0.52,0.48,0.68,0.44
080020012,0.95,0.6363636363636364,0.6363636363636364,0.22727272727272727,0.2727272727272727,0.22727272727272727,0.18181818181818182,0.18181818181818182,0.7,0.45454545454545453,0.5454545454545454,1.0,0.22727272727272727,0.5454545454545454,0.2727272727272727,0.36363636363636365,0.18181818181818182,1.0,0.36363636363636365,0.45454545454545453,0.4090909090909091,0.5,0.5454545454545454,0.7727272727272727,0.6363636363636364,0.45454545454545453,0.5,0.5
080020013,0.7272727272727273,0.5714285714285714,0.5238095238095238,0.19047619047619047,0.14285714285714285,0.14285714285714285,0.14285714285714285,0.14285714285714285,0.36363636363636365,0.5238095238095238,0.38095238095238093,1.0,0.14285714285714285,0.23809523809523808,0.14285714285714285,0.14285714285714285,0.19047619047619047,0.9523809523809523,0.42857142857142855,0.42857142857142855,0.5238095238095238,0.14285714285714285,0.38095238095238093,0.38095238095238093,0.47619047619047616,0.3333333333333333,0.42857142857142855,0.38095238095238093
080020014,1.0,0.8461538461538461,0.6923076923076923,0.5384615384615384,0.7692307692307693,0.6923076923076923,0.46153846153846156,0.5384615384615384,1.0,0.8461538461538461,0.6923076923076923,0.7692307692307693,0.38461538461538464,0.6153846153846154,0.23076923076923078,1.0,0.46153846153846156,1.0,0.8461538461538461,0.46153846153846156,0.7692307692307693,0.5384615384615384,0.8461538461538461,0.8461538461538461,0.8461538461538461,0.7692307692307693,0.8461538461538461,0.6923076923076923
080020015,0.8,0.26666666666666666,0.4,0.06666666666666667,0.06666666666666667,0.06666666666666667,0.06666666666666667,0.06666666666666667,0.5333333333333333,0.06666666666666667,0.06666666666666667,1.0,0.06666666666666667,0.06666666666666667,0.13333333333333333,0.06666666666666667,0.2,0.8,0.2,0.13333333333333333,0.2,0.4,0.2,0.2,0.4,0.4,0.26666666666666666,0.13333333333333333
080020016,1.0,0.7333333333333333,0.7333333333333333,0.8,0.7333333333333333,0.6666666666666666,0.7333333333333333,0.7333333333333333,0.8571428571428571,0.7333333333333333,0.8,1.0,0.6666666666666666,0.8,0.5333333333333333,0.4666666666666667,0.8666666666666667,1.0,0.8,0.7333333333333333,0.6666666666666666,0.6666666666666666,0.8,0.6666666666666666,0.6666666666666666,0.6666666666666666,0.6666666666666666,0.8
080020017,0.9473684210526315,0.631578947368421,0.631578947368421,0.3157894736842105,0.3157894736842105,0.21052631578947367,0.15789473684210525,0.42105263157894735,0.5789473684210527,0.6842105263157895,0.47368421052631576,0.3157894736842105,0.3157894736842105,0.47368421052631576,0.15789473684210525,0.15789473684210525,0.42105263157894735,0.8947368421052632,0.3157894736842105,0.3157894736842105,0.42105263157894735,0.3157894736842105,0.631578947368421,0.3157894736842105,0.42105263157894735,0.3157894736842105,0.631578947368421,0.42105263157894735
080020018,0.9411764705882353,0.47368421052631576,0.5263157894736842,0.2631578947368421,0.5263157894736842,0.3157894736842105,0.2631578947368421,0.47368421052631576,0.5882352941176471,0.5789473684210527,0.47368421052631576,0.42105263157894735,0.5263157894736842,0.631578947368421,0.8421052631578947,0.2631578947368421,0.42105263157894735,0.9473684210526315,0.2631578947368421,0.5789473684210527,0.631578947368421,0.47368421052631576,0.5263157894736842,0.42105263157894735,0.5789473684210527,0.47368421052631576,0.5789473684210527,0.3684210526315789
080020019,1.0,0.30434782608695654,0.6086956521739131,0.391304347826087,0.391304347826087,0.391304347826087,0.34782608695652173,0.34782608695652173,0.8636363636363636,0.782608695652174,0.6086956521739131,1.0,0.34782608695652173,0.43478260869565216,0.2608695652173913,0.2608695652173913,0.34782608695652173,0.9130434782608695,0.34782608695652173,0.391304347826087,0.7391304347826086,0.5217391304347826,0.782608695652174,0.34782608695652173,0.7391304347826086,0.5652173913043478,0.6086956521739131,0.5217391304347826
080020020,1.0,0.23809523809523808,1.0,0.0,0.0,0.0,0.047619047619047616,0.0,0.7894736842105263,0.23809523809523808,0.14285714285714285,1.0,0.14285714285714285,0.14285714285714285,0.47619047619047616,0.14285714285714285,0.0,1.0,0.3333333333333333,0.09523809523809523,0.5238095238095238,0.0,0.42857142857142855,0.0,0.7142857142857143,0.14285714285714285,0.09523809523809523,0.5238095238095238
080570004,0.7058823529411765,0.4444444444444444,0.4444444444444444,0.1111111111111111,0.0,0.0,0.0,0.0,0.6470588235294118,0.3888888888888889,0.2777777777777778,0.0,0.2777777777777778,0.6111111111111112,0.0,0.2777777777777778,0.0,0.5555555555555556,0.2777777777777778,0.05555555555555555,0.3888888888888889,0.2777777777777778,0.3888888888888889,0.2777777777777778,0.5,0.3888888888888889,0.3888888888888889,0.4444444444444444
080570009,0.6875,0.375,0.5,0.1875,0.5,0.125,0.125,0.25,0.625,0.125,0.4375,0.25,0.25,0.6875,0.0,0.5625,0.1875,1.0,0.375,0.0,0.75,0.25,0.25,0.125,0.125,0.1875,0.125,0.25
080570013,0.8235294117647058,0.5555555555555556,0.6666666666666666,0.0,0.3333333333333333,0.0,0.0,0.0,0.9411764705882353,0.3333333333333333,0.3888888888888889,0.7222222222222222,0.3333333333333333,0.5,0.0,0.0,0.0,0.7222222222222222,0.3333333333333333,0.0,0.4444444444444444,0.3333333333333333,0.6666666666666666,0.3888888888888889,0.6666666666666666,0.5,0.5555555555555556,0.4444444444444444
080570014,0.6190476190476191,0.09523809523809523,0.6190476190476191,0.0,0.0,0.0,0.0,0.0,0.7619047619047619,0.0,0.14285714285714285,0.09523809523809523,0.0,0.047619047619047616,0.0,0.0,0.0,0.6190476190476191,0.0,0.0,0.2857142857142857,0.14285714285714285,0.14285714285714285,0.23809523809523808,0.3333333333333333,0.0,0.09523809523809523,0.14285714285714285
080570031,0.9583333333333334,0.6666666666666666,0.5416666666666666,0.2916666666666667,0.0,0.0,0.0,0.0,0.625,0.5,0.875,0.3333333333333333,0.0,0.75,0.0,0.0,0.4166666666666667,0.9583333333333334,0.5,0.5833333333333334,0.7916666666666666,0.5416666666666666,0.6666666666666666,0.4166666666666667,0.5,0.4583333333333333,0.6666666666666666,0.625
080570053,0.5,0.0,0.3888888888888889,0.2222222222222222,0.0,0.0,0.0,0.16666666666666666,0.16666666666666666,0.0,0.05555555555555555,0.16666666666666666,0.05555555555555555,0.2222222222222222,0.0,0.05555555555555555,0.16666666666666666,0.8888888888888888,0.16666666666666666,0.16666666666666666,0.05555555555555555,0.05555555555555555,0.1111111111111111,0.05555555555555555,0.0,0.0,0.1111111111111111,0.05555555555555555
080570067,0.75,0.1,0.55,0.1,0.2,0.0,0.05,0.2,0.4,0.15,0.25,0.35,0.4,0.45,0.05,0.25,0.25,0.8,0.45,0.2,0.25,0.15,0.3,0.15,0.25,0.1,0.3,0.15
080570071,0.782608695652174,0.25,0.625,0.16666666666666666,0.0,0.0,0.0,0.0,0.391304347826087,0.375,0.4583333333333333,0.4583333333333333,0.0,0.3333333333333333,0.0,0.0,0.16666666666666666,0.7916666666666666,0.0,0.16666666666666666,0.4583333333333333,0.20833333333333334,0.2916666666666667,0.125,0.4166666666666667,0.2916666666666667,0.25,0.2916666666666667
080570072,0.7647058823529411,0.3235294117647059,0.5588235294117647,0.17647058823529413,0.0,0.0,0.0,0.11764705882352941,0.5588235294117647,0.5882352941176471,0.38235294117647056,0.47058823529411764,0.0,0.38235294117647056,0.0,0.0,0.0,0.8823529411764706,0.7647058823529411,0.3235294117647059,0.47058823529411764,0.2647058823529412,0.4117647058823529,0.47058823529411764,0.5588235294117647,0.4411764705882353,0.4117647058823529,0.5588235294117647
080570080,0.7307692307692307,0.4444444444444444,0.6296296296296297,0.18518518518518517,0.0,0.0,0.0,0.0,0.38461538461538464,0.5185185185185185,0.3333333333333333,0.3333333333333333,0.0,0.18518518518518517,0.0,0.18518518518518517,0.0,0.5185185185185185,0.1111111111111111,0.7037037037037037,0.4074074074074074,0.3333333333333333,0.25925925925925924,0.25925925925925924,0.37037037037037035,0.2222222222222222,0.5185185185185185,0.18518518518518517
080570081,0.3333333333333333,0.13333333333333333,0.3333333333333333,0.06666666666666667,0.06666666666666667,0.06666666666666667,0.06666666666666667,0.06666666666666667,0.2,0.06666666666666667,0.06666666666666667,0.0,0.06666666666666667,0.13333333333333333,0.06666666666666667,0.0,0.06666666666666667,0.7333333333333333,0.0,0.0,0.13333333333333333,0.13333333333333333,0.2,0.0,0.2,0.2,0.13333333333333333,0.06666666666666667
080570087,0.9230769230769231,0.6153846153846154,0.6923076923076923,0.0,0.0,0.0,0.0,0.0,0.6153846153846154,0.46153846153846156,0.8461538461538461,1.0,0.0,0.7692307692307693,0.0,0.15384615384615385,0.0,1.0,0.38461538461538464,0.5384615384615384,0.6923076923076923,0.7692307692307693,0.9230769230769231,0.5384615384615384,0.6153846153846154,0.3076923076923077,0.46153846153846156,0.23076923076923078
080570089,0.6363636363636364,0.36363636363636365,0.7272727272727273,0.18181818181818182,0.0,0.09090909090909091,0.0,0.18181818181818182,0.5909090909090909,0.18181818181818182,0.18181818181818182,0.5,0.0,0.13636363636363635,0.13636363636363635,0.18181818181818182,0.3181818181818182,0.7727272727272727,0.0,0.45454545454545453,0.45454545454545453,0.36363636363636365,0.5909090909090909,0.3181818181818182,0.2727272727272727,0.2727272727272727,0.13636363636363635,0.3181818181818182
080570102,0.5714285714285714,0.3448275862068966,0.41379310344827586,0.2413793103448276,0.034482758620689655,0.06896551724137931,0.10344827586206896,0.3448275862068966,0.21428571428571427,0.06896551724137931,0.4827586206896552,0.2413793103448276,0.034482758620689655,0.3103448275862069,0.034482758620689655,0.10344827586206896,0.27586206896551724,0.3103448275862069,0.41379310344827586,0.27586206896551724,0.3793103448275862,0.06896551724137931,0.13793103448275862,0.10344827586206896,0.3103448275862069,0.06896551724137931,0.2413793103448276,0.10344827586206896
080570127,0.7,0.5,0.65,0.2,0.0,0.0,0.0,0.3,0.7,0.2,0.25,0.5,0.15,0.3,0.0,0.05,0.0,0.6,0.25,0.4,0.55,0.4,0.35,0.25,0.25,0.3,0.5,0.35
080570138,0.5882352941176471,0.058823529411764705,0.5882352941176471,0.4117647058823529,0.0,0.0,0.11764705882352941,0.0,0.23529411764705882,0.11764705882352941,0.11764705882352941,0.5882352941176471,0.0,0.11764705882352941,0.0,0.11764705882352941,0.0,0.8235294117647058,0.29411764705882354,0.29411764705882354,0.17647058823529413,0.11764705882352941,0.17647058823529413,0.11764705882352941,0.23529411764705882,0.11764705882352941,0.4117647058823529,0.35294117647058826
080570143,0.7575757575757576,0.38235294117647056,0.5882352941176471,0.029411764705882353,0.0,0.0,0.029411764705882353,0.0,0.36363636363636365,0.3235294117647059,0.4411764705882353,0.058823529411764705,0.0,0.35294117647058826,0.0,0.0,0.029411764705882353,0.6764705882352942,0.058823529411764705,0.029411764705882353,0.5,0.17647058823529413,0.4411764705882353,0.08823529411764706,0.47058823529411764,0.38235294117647056,0.29411764705882354,0.29411764705882354
080570144,0.6923076923076923,0.2962962962962963,0.5925925925925926,0.0,0.0,0.0,0.0,0.0,0.34615384615384615,0.0,0.18518518518518517,0.1111111111111111,0.0,0.07407407407407407,0.0,0.0,0.0,0.5185185185185185,0.0,0.07407407407407407,0.18518518518518517,0.0,0.3333333333333333,0.18518518518518517,0.07407407407407407,0.14814814814814814,0.14814814814814814,0.2962962962962963
080570146,0.7391304347826086,0.16666666666666666,0.5,0.0,0.0,0.0,0.0,0.0,0.17391304347826086,0.041666666666666664,0.0,0.0,0.0,0.041666666666666664,0.0,0.0,0.0,0.9166666666666666,0.20833333333333334,0.0,0.125,0.0,0.25,0.041666666666666664,0.041666666666666664,0.0,0.08333333333333333,0.041666666666666664
080570157,0.3888888888888889,0.16666666666666666,0.5555555555555556,0.0,0.0,0.0,0.0,0.0,0.2777777777777778,0.0,0.2222222222222222,0.05555555555555555,0.16666666666666666,0.16666666666666666,0.0,0.16666666666666666,0.0,0.6111111111111112,0.0,0.3333333333333333,0.4444444444444444,0.0,0.5,0.16666666666666666,0.2222222222222222,0.2777777777777778,0.1111111111111111,0.16666666666666666
085850006,0.45454545454545453,0.45454545454545453,0.45454545454545453,0.0,0.0,0.0,0.0,0.0,0.7272727272727273,0.22727272727272727,0.2727272727272727,0.0,0.0,0.36363636363636365,0.0,0.0,0.0,0.22727272727272727,0.13636363636363635,0.13636363636363635,0.09090909090909091,0.22727272727272727,0.0,0.22727272727272727,0.22727272727272727,0.13636363636363635,0.22727272727272727,0.18181818181818182
085850024,0.6428571428571429,0.7333333333333333,0.6666666666666666,0.6666666666666666,0.13333333333333333,0.0,0.13333333333333333,0.13333333333333333,0.9285714285714286,0.4,0.4,0.4,0.0,0.4666666666666667,1.0,0.26666666666666666,0.5333333333333333,0.8666666666666667,0.8666666666666667,0.6666666666666666,0.5333333333333333,0.13333333333333333,0.4,0.3333333333333333,0.26666666666666666,0.2,0.3333333333333333,0.26666666666666666
085850039,0.6521739130434783,0.56,0.52,0.48,0.28,0.12,0.08,0.24,0.6086956521739131,0.36,0.36,0.28,0.12,0.24,0.04,0.0,0.24,0.76,0.52,0.52,0.24,0.44,0.32,0.24,0.32,0.36,0.44,0.28
085850042,0.64,0.68,0.68,0.48,0.28,0.56,0.36,0.4,0.72,0.52,0.44,1.0,0.32,0.48,0.32,0.76,0.52,0.6,0.44,0.52,0.52,0.64,0.64,0.44,0.56,0.56,0.6,0.4
085850044,0.7058823529411765,0.4375,0.4375,0.1875,0.0,0.0625,0.125,0.125,0.29411764705882354,0.0,0.5,0.125,0.0,0.0625,0.1875,0.25,0.125,0.9375,0.125,0.125,0.3125,0.0625,0.125,0.0625,0.125,0.0,0.125,0.125
085850046,1.0,0.75,0.6666666666666666,0.08333333333333333,0.08333333333333333,0.0,0.08333333333333333,0.75,0.5,0.16666666666666666,0.5833333333333334,0.4166666666666667,0.5833333333333334,0.6666666666666666,0.4166666666666667,0.8333333333333334,0.08333333333333333,0.75,0.5833333333333334,0.75,0.9166666666666666,0.6666666666666666,0.4166666666666667,0.4166666666666667,0.4166666666666667,0.3333333333333333,0.4166666666666667,0.3333333333333333
085850056,0.6956521739130435,0.17391304347826086,0.6521739130434783,0.08695652173913043,0.08695652173913043,0.0,0.0,0.0,0.34782608695652173,0.08695652173913043,0.08695652173913043,0.0,0.0,0.2608695652173913,0.30434782608695654,0.0,0.0,0.5652173913043478,0.0,0.08695652173913043,0.391304347826087,0.08695652173913043,0.08695652173913043,0.0,0.043478260869565216,0.08695652173913043,0.2608695652173913,0.08695652173913043
085850075,0.7222222222222222,0.7777777777777778,0.8333333333333334,0.3888888888888889,0.0,0.0,0.0,0.0,0.2777777777777778,0.2222222222222222,0.16666666666666666,0.0,0.0,0.1111111111111111,0.0,0.0,0.0,0.5,0.2222222222222222,0.3888888888888889,0.16666666666666666,0.2777777777777778,0.2222222222222222,0.16666666666666666,0.05555555555555555,0.0,0.1111111111111111,0.3333333333333333
085850088,0.8235294117647058,0.4117647058823529,0.5882352941176471,0.35294117647058826,0.0,0.0,0.17647058823529413,0.0,0.7058823529411765,0.23529411764705882,0.0,0.35294117647058826,0.17647058823529413,0.0,1.0,0.4117647058823529,0.0,0.6470588235294118,0.0,0.17647058823529413,0.47058823529411764,0.0,0.29411764705882354,0.29411764705882354,0.23529411764705882,0.0,0.35294117647058826,0.29411764705882354
085850092,0.6,0.4,0.68,0.16,0.16,0.16,0.04,0.04,0.24,0.2,0.24,0.28,0.04,0.36,0.04,0.12,0.04,0.48,0.4,0.04,0.4,0.28,0.24,0.24,0.36,0.24,0.4,0.28
085850094,0.5625,0.5294117647058824,0.9411764705882353,0.17647058823529413,0.23529411764705882,0.17647058823529413,0.23529411764705882,0.17647058823529413,0.3125,0.17647058823529413,0.23529411764705882,0.11764705882352941,0.0,0.35294117647058826,0.23529411764705882,0.11764705882352941,0.17647058823529413,0.4117647058823529,0.17647058823529413,0.17647058823529413,0.47058823529411764,0.17647058823529413,0.17647058823529413,0.17647058823529413,0.17647058823529413,0.17647058823529413,0.29411764705882354,0.17647058823529413
085850101,0.6153846153846154,0.15384615384615385,0.6153846153846154,0.15384615384615385,0.15384615384615385,0.15384615384615385,0.3076923076923077,0.15384615384615385,0.6923076923076923,0.3076923076923077,0.15384615384615385,0.6153846153846154,0.15384615384615385,0.15384615384615385,0.9230769230769231,0.46153846153846156,0.15384615384615385,0.5384615384615384,0.38461538461538464,0.15384615384615385,0.15384615384615385,0.15384615384615385,0.15384615384615385,0.15384615384615385,0.15384615384615385,0.15384615384615385,0.23076923076923078,0.3076923076923077
085850108,0.7037037037037037,0.21428571428571427,0.39285714285714285,0.35714285714285715,0.07142857142857142,0.07142857142857142,0.07142857142857142,0.07142857142857142,0.5185185185185185,0.10714285714285714,0.5357142857142857,0.10714285714285714,0.10714285714285714,0.17857142857142858,0.17857142857142858,0.10714285714285714,0.0,0.4642857142857143,0.5,0.2857142857142857,0.35714285714285715,0.17857142857142858,0.14285714285714285,0.2857142857142857,0.21428571428571427,0.10714285714285714,0.32142857142857145,0.25
085850112,0.8235294117647058,0.4444444444444444,0.5555555555555556,0.2777777777777778,0.05555555555555555,0.0,0.05555555555555555,0.2222222222222222,0.5294117647058824,0.1111111111111111,0.2222222222222222,0.2222222222222222,0.2222222222222222,0.3888888888888889,0.0,0.2222222222222222,0.0,0.8333333333333334,0.05555555555555555,0.2777777777777778,0.1111111111111111,0.0,0.2222222222222222,0.3333333333333333,0.4444444444444444,0.16666666666666666,0.2222222222222222,0.0
085850119,0.8125,0.4375,0.5,0.0,0.3125,0.0,0.25,0.125,0.4375,0.375,0.5625,0.125,0.3125,0.5,0.0,0.25,0.125,0.8125,0.125,0.125,0.4375,0.25,0.625,0.0,0.25,0.25,0.4375,0.375
085850120,0.6,0.3333333333333333,0.4666666666666667,0.0,0.0,0.0,0.7333333333333333,0.0,0.5333333333333333,0.26666666666666666,0.2,0.2,0.0,0.0,0.26666666666666666,0.4666666666666667,0.0,0.8,0.8,0.8,0.5333333333333333,0.0,0.2,0.0,0.3333333333333333,0.0,0.6,0.4
085850138,0.7272727272727273,0.4782608695652174,0.6956521739130435,0.43478260869565216,0.08695652173913043,0.08695652173913043,0.0,0.21739130434782608,0.45454545454545453,0.391304347826087,0.4782608695652174,0.34782608695652173,0.2608695652173913,0.30434782608695654,0.0,0.21739130434782608,0.43478260869565216,0.6086956521739131,0.5652173913043478,0.43478260869565216,0.4782608695652174,0.391304347826087,0.6521739130434783,0.391304347826087,0.34782608695652173,0.30434782608695654,0.34782608695652173,0.30434782608695654
085850146,0.9285714285714286,0.6666666666666666,0.8,0.5333333333333333,0.3333333333333333,0.13333333333333333,0.3333333333333333,0.26666666666666666,0.8571428571428571,0.4,0.3333333333333333,1.0,0.13333333333333333,0.4666666666666667,0.4666666666666667,1.0,0.26666666666666666,0.6666666666666666,0.5333333333333333,0.5333333333333333,0.4,0.4,0.6,0.13333333333333333,0.4,0.4,0.5333333333333333,0.6
085850161,0.7407407407407407,0.5925925925925926,0.7037037037037037,0.37037037037037035,0.07407407407407407,0.1111111111111111,0.2222222222222222,0.1111111111111111,0.6666666666666666,0.07407407407407407,0.4444444444444444,1.0,0.0,0.5555555555555556,0.0,0.0,0.0,0.5925925925925926,0.2222222222222222,0.6296296296296297,0.6296296296296297,0.1111111111111111,0.48148148148148145,0.3333333333333333,0.7407407407407407,0.0,0.2222222222222222,0.4074074074074074
085850170,0.6896551724137931,0.10714285714285714,0.6428571428571429,0.17857142857142858,0.0,0.0,0.10714285714285714,0.21428571428571427,0.4827586206896552,0.0,0.32142857142857145,0.2857142857142857,0.0,0.32142857142857145,0.14285714285714285,0.25,0.07142857142857142,0.7142857142857143,0.03571428571428571,0.32142857142857145,0.14285714285714285,0.07142857142857142,0.2857142857142857,0.17857142857142858,0.17857142857142858,0.03571428571428571,0.17857142857142858,0.17857142857142858
090340002,0.5925925925925926,0.07142857142857142,0.6428571428571429,0.03571428571428571,0.0,0.0,0.0,0.0,0.14814814814814814,0.0,0.21428571428571427,0.0,0.0,0.10714285714285714,0.0,0.0,0.0,0.6428571428571429,0.07142857142857142,0.0,0.25,0.03571428571428571,0.10714285714285714,0.03571428571428571,0.10714285714285714,0.10714285714285714,0.0,0.07142857142857142
090340007,0.3333333333333333,0.2857142857142857,0.42857142857142855,0.0,0.14285714285714285,0.0,0.14285714285714285,0.0,0.2857142857142857,0.09523809523809523,0.42857142857142855,0.19047619047619047,0.0,0.6666666666666666,0.0,0.14285714285714285,0.0,0.5238095238095238,0.14285714285714285,0.23809523809523808,0.23809523809523808,0.19047619047619047,0.3333333333333333,0.0,0.047619047619047616,0.09523809523809523,0.23809523809523808,0.047619047619047616
090340021,0.8181818181818182,0.20833333333333334,0.5416666666666666,0.0,0.0,0.0,0.0,0.0,0.13636363636363635,0.0,0.16666666666666666,0.0,0.0,0.16666666666666666,0.0,0.0,0.0,0.625,0.0,0.2916666666666667,0.16666666666666666,0.0,0.125,0.08333333333333333,0.25,0.0,0.08333333333333333,0.08333333333333333
090340032,0.5555555555555556,0.11538461538461539,0.6153846153846154,0.0,0.0,0.0,0.0,0.0,0.1111111111111111,0.0,0.15384615384615385,0.0,0.0,0.11538461538461539,0.0,0.0,0.0,0.8461538461538461,0.0,0.07692307692307693,0.46153846153846156,0.0,0.07692307692307693,0.0,0.15384615384615385,0.0,0.19230769230769232,0.0
090340039,0.5714285714285714,0.10344827586206896,0.7241379310344828,0.0,0.0,0.0,0.0,0.0,0.21428571428571427,0.0,0.034482758620689655,0.06896551724137931,0.0,0.034482758620689655,0.0,0.0,0.0,0.6896551724137931,0.0,0.10344827586206896,0.3448275862068966,0.0,0.2413793103448276,0.034482758620689655,0.0,0.0,0.20689655172413793,0.0
090340041,0.4782608695652174,0.391304347826087,0.6086956521739131,0.17391304347826086,0.043478260869565216,0.0,0.21739130434782608,0.0,0.2608695652173913,0.2608695652173913,0.17391304347826086,0.21739130434782608,0.08695652173913043,0.21739130434782608,0.0,0.0,0.13043478260869565,0.6086956521739131,0.2608695652173913,0.17391304347826086,0.5217391304347826,0.08695652173913043,0.30434782608695654,0.2608695652173913,0.30434782608695654,0.21739130434782608,0.34782608695652173,0.2608695652173913
090340043,0.5833333333333334,0.16666666666666666,0.3333333333333333,0.0,0.0,0.0,0.0,0.0,0.19444444444444445,0.1388888888888889,0.3333333333333333,0.0,0.0,0.3333333333333333,0.0,0.16666666666666666,0.0,0.6944444444444444,0.08333333333333333,0.0,0.3055555555555556,0.08333333333333333,0.16666666666666666,0.2222222222222222,0.2222222222222222,0.1388888888888889,0.1388888888888889,0.05555555555555555
090340054,0.75,0.17647058823529413,0.6470588235294118,0.17647058823529413,0.11764705882352941,0.11764705882352941,0.058823529411764705,0.11764705882352941,0.375,0.17647058823529413,0.23529411764705882,0.23529411764705882,0.17647058823529413,0.23529411764705882,0.0,0.5882352941176471,0.11764705882352941,0.7647058823529411,0.35294117647058826,0.35294117647058826,0.29411764705882354,0.17647058823529413,0.11764705882352941,0.17647058823529413,0.17647058823529413,0.17647058823529413,0.5882352941176471,0.17647058823529413
090340071,0.6923076923076923,0.3076923076923077,0.5384615384615384,0.23076923076923078,0.46153846153846156,0.5384615384615384,0.23076923076923078,0.3076923076923077,0.5384615384615384,0.5384615384615384,0.3076923076923077,0.5384615384615384,0.46153846153846156,0.3076923076923077,0.3076923076923077,0.6923076923076923,0.5384615384615384,1.0,0.23076923076923078,0.46153846153846156,0.5384615384615384,0.38461538461538464,0.38461538461538464,0.5384615384615384,0.38461538461538464,0.46153846153846156,0.23076923076923078,0.3076923076923077
090340085,1.0,0.125,0.5625,0.0625,0.0,0.0,0.0,0.0,0.5,0.125,0.0,0.0625,0.0,0.1875,0.0,0.0,0.0,0.9375,0.0,0.0625,0.1875,0.0625,0.0625,0.0625,0.125,0.0625,0.3125,0.1875
090340088,0.46153846153846156,0.0,0.38461538461538464,0.0,0.0,0.0,0.0,0.0,0.3076923076923077,0.38461538461538464,0.0,0.23076923076923078,0.0,0.15384615384615385,0.0,0.0,0.0,0.5384615384615384,0.0,0.0,0.15384615384615385,0.0,0.5384615384615384,0.0,0.46153846153846156,0.07692307692307693,0.38461538461538464,0.23076923076923078
090340090,0.5555555555555556,0.037037037037037035,0.18518518518518517,0.1111111111111111,0.0,0.0,0.0,0.07407407407407407,0.037037037037037035,0.0,0.2222222222222222,0.0,0.0,0.1111111111111111,0.0,0.0,0.037037037037037035,0.8888888888888888,0.2222222222222222,0.14814814814814814,0.5185185185185185,0.0,0.1111111111111111,0.0,0.1111111111111111,0.0,0.0,0.07407407407407407
090340108,0.6666666666666666,0.08333333333333333,0.4166666666666667,0.0,0.0,0.08333333333333333,0.0,0.0,0.0,0.0,0.0,0.25,0.0,0.0,0.0,0.9166666666666666,0.0,0.6666666666666666,0.0,0.0,0.0,0.0,0.16666666666666666,0.0,0.08333333333333333,0.0,0.25,0.0
090340114,0.76,0.2692307692307692,0.7307692307692307,0.23076923076923078,0.15384615384615385,0.07692307692307693,0.07692307692307693,0.23076923076923078,0.16,0.19230769230769232,0.07692307692307693,0.15384615384615385,0.07692307692307693,0.07692307692307693,0.11538461538461539,0.07692307692307693,0.15384615384615385,0.6538461538461539,0.19230769230769232,0.19230769230769232,0.23076923076923078,0.19230769230769232,0.34615384615384615,0.19230769230769232,0.4230769230769231,0.15384615384615385,0.19230769230769232,0.07692307692307693
090340126,0.6,0.041666666666666664,0.2916666666666667,0.0,0.0,0.0,0.0,0.0,0.04,0.0,0.0,0.041666666666666664,0.0,0.0,0.0,0.0,0.0,0.7083333333333334,0.0,0.16666666666666666,0.0,0.0,0.041666666666666664,0.0,0.0,0.0,0.0,0.0
090340131,0.631578947368421,0.21052631578947367,0.631578947368421,0.0,0.0,0.0,0.15789473684210525,0.0,0.3684210526315789,0.05263157894736842,0.42105263157894735,0.0,0.0,0.3684210526315789,0.0,0.0,0.0,0.8421052631578947,0.3684210526315789,0.0,0.631578947368421,0.3684210526315789,0.6842105263157895,0.21052631578947367,0.3157894736842105,0.0,0.3157894736842105,0.21052631578947367
090340155,0.7666666666666667,0.10344827586206896,0.5862068965517241,0.0,0.0,0.0,0.0,0.0,0.2,0.034482758620689655,0.06896551724137931,0.0,0.0,0.06896551724137931,0.0,0.0,0.0,0.7931034482758621,0.0,0.0,0.3793103448275862,0.10344827586206896,0.13793103448275862,0.06896551724137931,0.27586206896551724,0.034482758620689655,0.06896551724137931,0.06896551724137931
090340158,0.5625,0.0,0.4375,0.0,0.0,0.0,0.0,0.0,0.3125,0.0,0.0,0.0,0.0,0.0,0.0,0.0,0.0,0.4375,0.0,0.0,0.0,0.0,0.0,0.0,0.25,0.0,0.0625,0.0
090340164,0.7368421052631579,0.3157894736842105,0.7894736842105263,0.21052631578947367,0.2631578947368421,0.0,0.21052631578947367,0.10526315789473684,0.3157894736842105,0.2631578947368421,0.3157894736842105,0.15789473684210525,0.10526315789473684,0.47368421052631576,0.0,0.2631578947368421,0.21052631578947367,0.5263157894736842,0.15789473684210525,0.21052631578947367,0.3157894736842105,0.0,0.47368421052631576,0.3157894736842105,0.2631578947368421,0.21052631578947367,0.2631578947368421,0.2631578947368421
090340168,0.9428571428571428,0.2894736842105263,0.5789473684210527,0.18421052631578946,0.05263157894736842,0.05263157894736842,0.15789473684210525,0.21052631578947367,0.22857142857142856,0.05263157894736842,0.2631578947368421,0.21052631578947367,0.13157894736842105,0.2631578947368421,0.05263157894736842,0.21052631578947367,0.18421052631578946,0.6578947368421053,0.21052631578947367,0.21052631578947367,0.6052631578947368,0.10526315789473684,0.2631578947368421,0.10526315789473684,0.2631578947368421,0.10526315789473684,0.23684210526315788,0.3684210526315789
090700006,0.4117647058823529,0.5882352941176471,0.7058823529411765,0.0,0.0,0.0,0.0,0.0,0.11764705882352941,0.11764705882352941,0.11764705882352941,0.0,0.0,0.0,0.0,0.11764705882352941,0.0,0.7058823529411765,0.0,0.0,0.0,0.0,0.058823529411764705,0.0,0.058823529411764705,0.0,0.0,0.0
090700008,0.3333333333333333,0.42857142857142855,0.38095238095238093,0.0,0.0,0.0,0.0,0.19047619047619047,0.0,0.0,0.0,0.0,0.0,0.14285714285714285,0.047619047619047616,0.0,0.19047619047619047,0.47619047619047616,0.0,0.0,0.19047619047619047,0.0,0.14285714285714285,0.09523809523809523,0.09523809523809523,0.0,0.14285714285714285,0.0
090700019,0.5333333333333333,0.0,0.3125,0.0,0.0,0.0,0.0,0.0,0.06666666666666667,0.0,0.0,0.0,0.0,0.0,0.0,0.0,0.0,0.875,0.0,0.0,0.0,0.0,0.0,0.0,0.0,0.0,0.0,0.0
090700042,0.56,0.0,0.5769230769230769,0.0,0.0,0.0,0.0,0.0,0.2,0.0,0.0,0.0,0.0,0.0,0.0,0.0,0.0,0.6153846153846154,0.0,0.0,0.11538461538461539,0.0,0.0,0.0,0.0,0.0,0.0,0.0
090700045,0.48,0.0,0.6923076923076923,0.07692307692307693,0.0,0.0,0.0,0.0,0.04,0.0,0.11538461538461539,0.15384615384615385,0.0,0.15384615384615385,0.0,0.0,0.0,0.19230769230769232,0.0,0.0,0.15384615384615385,0.038461538461538464,0.0,0.0,0.038461538461538464,0.0,0.038461538461538464,0.0
090700047,0.8333333333333334,0.0,0.6153846153846154,0.0,0.0,0.0,0.0,0.0,0.08333333333333333,0.0,0.0,0.0,0.0,0.0,0.0,0.15384615384615385,0.0,0.0,0.15384615384615385,0.15384615384615385,0.0,0.0,0.0,0.0,0.0,0.0,0.0,0.0
090700054,0.6842105263157895,0.1,0.5,0.0,0.0,0.0,0.0,0.05,0.15789473684210525,0.0,0.15,0.0,0.0,0.0,0.0,0.0,0.0,0.6,0.0,0.0,0.0,0.0,0.0,0.0,0.0,0.0,0.0,0.0
090700055,0.56,0.15384615384615385,0.5384615384615384,0.0,0.0,0.0,0.0,0.0,0.4,0.0,0.038461538461538464,0.0,0.0,0.07692307692307693,0.0,0.19230769230769232,0.0,0.23076923076923078,0.0,0.0,0.11538461538461539,0.0,0.0,0.0,0.038461538461538464,0.0,0.0,0.0
090700057,0.64,0.10714285714285714,0.39285714285714285,0.0,0.0,0.0,0.0,0.03571428571428571,0.12,0.0,0.25,0.0,0.0,0.10714285714285714,0.0,0.0,0.03571428571428571,0.6071428571428571,0.0,0.0,0.25,0.0,0.0,0.03571428571428571,0.10714285714285714,0.0,0.03571428571428571,0.03571428571428571
090700059,0.5652173913043478,0.21739130434782608,0.391304347826087,0.21739130434782608,0.21739130434782608,0.21739130434782608,0.21739130434782608,0.21739130434782608,0.21739130434782608,0.13043478260869565,0.34782608695652173,0.17391304347826086,0.30434782608695654,0.391304347826087,0.08695652173913043,0.21739130434782608,0.21739130434782608,0.6521739130434783,0.21739130434782608,0.21739130434782608,0.17391304347826086,0.2608695652173913,0.17391304347826086,0.13043478260869565,0.2608695652173913,0.17391304347826086,0.30434782608695654,0.17391304347826086
090700065,0.6206896551724138,0.43333333333333335,0.5333333333333333,0.16666666666666666,0.0,0.1,0.1,0.16666666666666666,0.2413793103448276,0.2,0.26666666666666666,0.06666666666666667,0.2,0.23333333333333334,0.0,0.0,0.16666666666666666,0.4,0.2,0.23333333333333334,0.26666666666666666,0.03333333333333333,0.13333333333333333,0.16666666666666666,0.23333333333333334,0.13333333333333333,0.16666666666666666,0.13333333333333333
090700081,0.5217391304347826,0.0,0.6086956521739131,0.0,0.0,0.0,0.0,0.0,0.2608695652173913,0.0,0.0,0.0,0.0,0.08695652173913043,0.30434782608695654,0.043478260869565216,0.0,0.5652173913043478,0.0,0.13043478260869565,0.0,0.0,0.0,0.0,0.0,0.0,0.08695652173913043,0.0
090700082,0.4117647058823529,0.11764705882352941,0.5294117647058824,0.17647058823529413,0.17647058823529413,0.17647058823529413,0.11764705882352941,0.11764705882352941,0.17647058823529413,0.29411764705882354,0.17647058823529413,0.17647058823529413,0.058823529411764705,0.11764705882352941,0.058823529411764705,0.29411764705882354,0.17647058823529413,0.8823529411764706,0.4117647058823529,0.0,0.35294117647058826,0.11764705882352941,0.17647058823529413,0.058823529411764705,0.29411764705882354,0.11764705882352941,0.11764705882352941,0.058823529411764705
090700108,0.45,0.15,0.55,0.0,0.0,0.0,0.0,0.0,0.2,0.2,0.0,0.0,0.0,0.0,0.0,0.0,0.0,0.45,0.0,0.25,0.2,0.2,0.1,0.1,0.15,0.2,0.15,0.0
090700111,0.44,0.0,0.34615384615384615,0.0,0.0,0.0,0.0,0.0,0.0,0.0,0.0,0.0,0.0,0.0,0.0,0.0,0.0,0.3076923076923077,0.0,0.0,0.0,0.0,0.0,0.0,0.0,0.0,0.07692307692307693,0.0
090700117,0.7777777777777778,0.2222222222222222,0.6666666666666666,0.07407407407407407,0.07407407407407407,0.07407407407407407,0.07407407407407407,0.07407407407407407,0.14814814814814814,0.07407407407407407,0.2222222222222222,0.18518518518518517,0.07407407407407407,0.07407407407407407,0.0,0.0,0.07407407407407407,0.48148148148148145,0.07407407407407407,0.25925925925925924,0.5185185185185185,0.07407407407407407,0.14814814814814814,0.1111111111111111,0.07407407407407407,0.07407407407407407,0.07407407407407407,0.07407407407407407
090700127,0.5909090909090909,0.22727272727272727,0.5,0.09090909090909091,0.0,0.0,0.0,0.0,0.09090909090909091,0.0,0.0,0.0,0.0,0.0,0.0,0.0,0.0,0.45454545454545453,0.0,0.0,0.13636363636363635,0.0,0.0,0.0,0.0,0.0,0.0,0.0
090700148,0.4074074074074074,0.07407407407407407,0.4074074074074074,0.0,0.0,0.0,0.0,0.037037037037037035,0.14814814814814814,0.037037037037037035,0.037037037037037035,0.037037037037037035,0.0,0.14814814814814814,0.0,0.0,0.037037037037037035,0.6296296296296297,0.14814814814814814,0.07407407407407407,0.14814814814814814,0.07407407407407407,0.14814814814814814,0.14814814814814814,0.18518518518518517,0.1111111111111111,0.1111111111111111,0.14814814814814814
090700164,0.6333333333333333,0.1,0.36666666666666664,0.0,0.0,0.0,0.0,0.0,0.13333333333333333,0.03333333333333333,0.0,0.0,0.0,0.0,0.03333333333333333,0.0,0.0,0.4666666666666667,0.0,0.0,0.0,0.03333333333333333,0.06666666666666667,0.0,0.06666666666666667,0.03333333333333333,0.03333333333333333,0.0
090700172,0.8787878787878788,0.18181818181818182,0.5454545454545454,0.0,0.0,0.0,0.0,0.030303030303030304,0.30303030303030304,0.0,0.21212121212121213,0.0,0.0,0.30303030303030304,0.0,0.030303030303030304,0.0,0.7575757575757576,0.0,0.0,0.21212121212121213,0.030303030303030304,0.030303030303030304,0.12121212121212122,0.15151515151515152,0.0,0.15151515151515152,0.030303030303030304
095560005,0.8695652173913043,0.2608695652173913,0.391304347826087,0.0,0.0,0.0,0.0,0.0,0.34782608695652173,0.0,0.0,0.0,0.0,0.0,0.0,0.0,0.0,0.6086956521739131,0.0,0.21739130434782608,0.21739130434782608,0.21739130434782608,0.13043478260869565,0.0,0.13043478260869565,0.08695652173913043,0.0,0.043478260869565216
095560008,0.44,0.16,0.28,0.04,0.0,0.0,0.2,0.32,0.12,0.24,0.12,0.2,0.0,0.2,0.0,0.0,0.28,0.36,0.36,0.0,0.24,0.12,0.2,0.32,0.24,0.12,0.12,0.12
095560010,0.6923076923076923,0.6923076923076923,0.7692307692307693,0.6153846153846154,0.38461538461538464,0.07692307692307693,0.3076923076923077,0.5384615384615384,0.46153846153846156,0.3076923076923077,0.15384615384615385,0.6153846153846154,0.3076923076923077,0.23076923076923078,0.15384615384615385,0.9230769230769231,0.6153846153846154,0.6923076923076923,0.5384615384615384,0.6153846153846154,0.15384615384615385,0.46153846153846156,0.5384615384615384,0.38461538461538464,0.38461538461538464,0.23076923076923078,0.46153846153846156,0.5384615384615384
095560017,0.7,0.3,0.5,0.35,0.25,0.0,0.1,0.2,0.45,0.3,0.3,1.0,0.1,0.2,0.0,0.0,0.0,0.75,0.4,0.45,0.35,0.2,0.35,0.2,0.35,0.35,0.35,0.35
095560031,0.9230769230769231,0.5,0.5384615384615384,0.07692307692307693,0.15384615384615385,0.07692307692307693,0.07692307692307693,0.07692307692307693,0.6153846153846154,0.23076923076923078,0.19230769230769232,0.15384615384615385,0.07692307692307693,0.19230769230769232,0.11538461538461539,0.19230769230769232,0.07692307692307693,0.9230769230769231,0.19230769230769232,0.07692307692307693,0.23076923076923078,0.15384615384615385,0.38461538461538464,0.23076923076923078,0.19230769230769232,0.19230769230769232,0.3076923076923077,0.15384615384615385
095560037,1.0,0.5,0.6,0.4,0.4,0.4,0.3,0.35,0.5,0.3,0.4,0.5,0.4,0.35,0.35,0.45,0.4,0.9,0.4,0.55,0.55,0.35,0.5,0.4,0.5,0.3,0.2,0.25
095560051,0.43333333333333335,0.36666666666666664,0.7,0.06666666666666667,0.0,0.06666666666666667,0.06666666666666667,0.06666666666666667,0.13333333333333333,0.0,0.0,0.06666666666666667,0.0,0.0,0.0,0.06666666666666667,0.06666666666666667,1.0,0.06666666666666667,0.0,0.13333333333333333,0.03333333333333333,0.06666666666666667,0.03333333333333333,0.03333333333333333,0.0,0.1,0.3
095560054,0.7222222222222222,0.47058823529411764,0.5882352941176471,0.5882352941176471,0.17647058823529413,0.0,0.17647058823529413,0.7058823529411765,0.6666666666666666,0.35294117647058826,0.29411764705882354,0.47058823529411764,0.0,0.35294117647058826,0.17647058823529413,0.4117647058823529,0.6470588235294118,1.0,0.4117647058823529,0.9411764705882353,0.35294117647058826,0.058823529411764705,0.5294117647058824,0.29411764705882354,0.4117647058823529,0.35294117647058826,0.5294117647058824,0.29411764705882354
095560069,0.9130434782608695,0.4166666666666667,0.5416666666666666,0.5833333333333334,0.3333333333333333,0.20833333333333334,0.3333333333333333,0.4166666666666667,0.5652173913043478,0.375,0.5416666666666666,0.375,0.125,0.375,0.125,0.16666666666666666,0.5833333333333334,0.75,0.5416666666666666,0.5833333333333334,0.5,0.2916666666666667,0.7083333333333334,0.25,0.7916666666666666,0.4583333333333333,0.375,0.3333333333333333
095560080,0.6428571428571429,0.10344827586206896,0.41379310344827586,0.10344827586206896,0.034482758620689655,0.10344827586206896,0.0,0.10344827586206896,0.17857142857142858,0.10344827586206896,0.10344827586206896,0.10344827586206896,0.0,0.10344827586206896,0.0,0.2413793103448276,0.10344827586206896,0.2413793103448276,0.0,0.1724137931034483,0.10344827586206896,0.20689655172413793,0.27586206896551724,0.20689655172413793,0.1724137931034483,0.2413793103448276,0.3448275862068966,0.1724137931034483
095560083,0.8709677419354839,0.5,0.7,0.0,0.0,0.0,0.0,0.0,0.3870967741935484,0.1,0.2,0.36666666666666664,0.0,0.13333333333333333,0.0,0.0,0.0,0.9,0.5666666666666667,0.3333333333333333,0.4666666666666667,0.26666666666666666,0.6333333333333333,0.16666666666666666,0.5333333333333333,0.13333333333333333,0.2,0.23333333333333334
095560108,0.9285714285714286,0.4666666666666667,0.7333333333333333,0.06666666666666667,0.26666666666666666,0.0,0.0,0.4,0.6428571428571429,0.06666666666666667,0.3333333333333333,0.2,0.0,0.3333333333333333,0.0,0.0,0.06666666666666667,0.9333333333333333,0.8,0.6,0.26666666666666666,0.4,0.6666666666666666,0.2,0.5333333333333333,0.26666666666666666,0.3333333333333333,0.3333333333333333
095560115,0.8235294117647058,0.2777777777777778,0.7222222222222222,0.16666666666666666,0.1111111111111111,0.1111111111111111,0.1111111111111111,0.1111111111111111,0.7058823529411765,0.16666666666666666,0.2222222222222222,0.16666666666666666,0.1111111111111111,0.2777777777777778,0.1111111111111111,0.16666666666666666,0.1111111111111111,0.8888888888888888,0.1111111111111111,0.16666666666666666,0.3888888888888889,0.1111111111111111,0.16666666666666666,0.16666666666666666,0.16666666666666666,0.16666666666666666,0.2222222222222222,0.16666666666666666
095560129,0.7222222222222222,0.47368421052631576,0.6842105263157895,0.47368421052631576,0.10526315789473684,0.10526315789473684,0.10526315789473684,0.47368421052631576,0.6666666666666666,0.47368421052631576,0.2631578947368421,0.42105263157894735,0.10526315789473684,0.3684210526315789,0.10526315789473684,0.5263157894736842,0.42105263157894735,0.631578947368421,0.8421052631578947,0.8421052631578947,0.5263157894736842,0.05263157894736842,0.631578947368421,0.3157894736842105,0.5789473684210527,0.3684210526315789,0.47368421052631576,0.3157894736842105
095560133,0.8275862068965517,0.4827586206896552,0.5517241379310345,0.20689655172413793,0.1724137931034483,0.0,0.0,0.10344827586206896,0.3103448275862069,0.13793103448275862,0.2413793103448276,0.2413793103448276,0.2413793103448276,0.20689655172413793,0.0,0.0,0.0,0.6896551724137931,0.27586206896551724,0.2413793103448276,0.27586206896551724,0.06896551724137931,0.2413793103448276,0.1724137931034483,0.3448275862068966,0.20689655172413793,0.20689655172413793,0.13793103448275862
095560150,0.6956521739130435,0.44,0.72,0.0,0.04,0.0,0.0,0.0,0.30434782608695654,0.24,0.0,0.0,0.0,0.0,0.0,0.0,0.0,0.48,0.0,0.08,0.16,0.0,0.32,0.0,0.24,0.08,0.28,0.0
095560153,0.8636363636363636,0.391304347826087,0.5217391304347826,0.21739130434782608,0.08695652173913043,0.08695652173913043,0.17391304347826086,0.391304347826087,0.45454545454545453,0.21739130434782608,0.34782608695652173,0.08695652173913043,0.043478260869565216,0.43478260869565216,0.08695652173913043,0.08695652173913043,0.08695652173913043,0.6086956521739131,0.2608695652173913,0.30434782608695654,0.391304347826087,0.2608695652173913,0.34782608695652173,0.34782608695652173,0.30434782608695654,0.21739130434782608,0.5652173913043478,0.2608695652173913
095560163,0.9090909090909091,0.45454545454545453,0.6363636363636364,0.6363636363636364,0.5454545454545454,0.7272727272727273,0.36363636363636365,0.36363636363636365,0.5454545454545454,0.45454545454545453,0.6363636363636364,0.45454545454545453,0.0,0.18181818181818182,0.0,0.9090909090909091,0.0,1.0,0.6363636363636364,0.0,0.6363636363636364,0.45454545454545453,0.7272727272727273,0.5454545454545454,0.5454545454545454,0.7272727272727273,0.5454545454545454,0.45454545454545453
095560164,0.8571428571428571,0.36363636363636365,0.5,0.3181818181818182,0.2727272727272727,0.045454545454545456,0.045454545454545456,0.5,0.7142857142857143,0.36363636363636365,0.2727272727272727,0.45454545454545453,0.18181818181818182,0.36363636363636365,0.045454545454545456,0.18181818181818182,0.45454545454545453,0.3181818181818182,0.4090909090909091,0.36363636363636365,0.4090909090909091,0.2727272727272727,0.2727272727272727,0.4090909090909091,0.4090909090909091,0.36363636363636365,0.4090909090909091,0.18181818181818182
095560170,0.6666666666666666,0.625,0.5,0.0,0.3125,0.25,0.25,0.0,0.4,0.4375,0.25,0.375,0.0,0.3125,0.4375,0.25,0.0,0.625,0.25,0.125,0.25,0.25,0.375,0.25,0.25,0.375,0.4375,0.25
096000002,0.8461538461538461,0.6296296296296297,0.6666666666666666,0.14814814814814814,0.18518518518518517,0.1111111111111111,0.0,0.0,0.5769230769230769,0.6296296296296297,0.6296296296296297,0.0,0.37037037037037035,0.48148148148148145,0.0,0.25925925925925924,0.0,0.9629629629629629,0.07407407407407407,0.1111111111111111,0.4444444444444444,0.5555555555555556,0.48148148148148145,0.37037037037037035,0.5555555555555556,0.25925925925925924,0.5925925925925926,0.5555555555555556
096000003,0.7272727272727273,0.45454545454545453,0.36363636363636365,0.4090909090909091,0.5,0.13636363636363635,0.18181818181818182,0.18181818181818182,0.5,0.36363636363636365,0.3181818181818182,0.3181818181818182,0.2727272727272727,0.4090909090909091,0.13636363636363635,0.2727272727272727,0.18181818181818182,0.8636363636363636,0.3181818181818182,0.18181818181818182,0.45454545454545453,0.3181818181818182,0.4090909090909091,0.5,0.36363636363636365,0.36363636363636365,0.4090909090909091,0.2727272727272727
096000004,0.8461538461538461,0.5925925925925926,0.7407407407407407,0.2222222222222222,0.18518518518518517,0.1111111111111111,0.2962962962962963,0.2962962962962963,0.7307692307692307,0.6296296296296297,0.5185185185185185,0.37037037037037035,0.2222222222222222,0.5555555555555556,0.4074074074074074,0.37037037037037035,0.2962962962962963,0.8518518518518519,0.3333333333333333,0.25925925925925924,0.5925925925925926,0.5925925925925926,0.6296296296296297,0.4074074074074074,0.6296296296296297,0.7037037037037037,0.6666666666666666,0.48148148148148145
096000005,0.875,0.5833333333333334,0.625,0.20833333333333334,0.20833333333333334,0.25,0.08333333333333333,0.16666666666666666,0.625,0.5833333333333334,0.4583333333333333,0.3333333333333333,0.08333333333333333,0.25,0.16666666666666666,0.25,0.20833333333333334,1.0,0.2916666666666667,0.16666666666666666,0.5416666666666666,0.3333333333333333,0.4583333333333333,0.25,0.4166666666666667,0.375,0.4583333333333333,0.375
096000006,0.9130434782608695,0.625,0.7916666666666666,0.4166666666666667,0.7083333333333334,0.4166666666666667,0.25,0.16666666666666666,0.782608695652174,0.7916666666666666,0.625,1.0,0.3333333333333333,0.625,0.25,0.625,0.4166666666666667,0.7916666666666666,0.6666666666666666,0.7083333333333334,0.7083333333333334,0.625,0.6666666666666666,0.5833333333333334,0.75,0.625,0.7083333333333334,0.5833333333333334
096000007,1.0,0.5555555555555556,0.5925925925925926,0.8148148148148148,0.37037037037037035,0.1111111111111111,0.48148148148148145,0.4444444444444444,0.5185185185185185,0.5925925925925926,0.4074074074074074,1.0,0.37037037037037035,0.4444444444444444,0.037037037037037035,0.37037037037037035,0.37037037037037035,0.5555555555555556,0.5925925925925926,0.5185185185185185,0.6666666666666666,0.5185185185185185,0.6296296296296297,0.5185185185185185,0.7777777777777778,0.5185185185185185,0.5555555555555556,0.4444444444444444
096000008,0.6774193548387096,0.6774193548387096,0.7419354838709677,0.45161290322580644,0.16129032258064516,0.06451612903225806,0.06451612903225806,0.3225806451612903,0.5161290322580645,0.3548387096774194,0.41935483870967744,0.45161290322580644,0.12903225806451613,0.5161290322580645,0.0,0.9032258064516129,0.4838709677419355,0.8064516129032258,0.41935483870967744,0.4838709677419355,0.41935483870967744,0.3225806451612903,0.5161290322580645,0.3548387096774194,0.6451612903225806,0.3225806451612903,0.3870967741935484,0.3225806451612903
096000009,0.85,0.4,0.7,0.5,0.35,0.15,0.15,0.3,0.4,0.6,0.65,0.4,0.25,0.55,0.15,0.15,0.2,0.85,0.5,0.3,0.7,0.45,0.5,0.45,0.55,0.3,0.3,0.25
096000010,1.0,0.65,1.0,0.4,0.4,0.4,0.4,0.75,0.85,1.0,0.8,0.4,0.35,0.7,0.05,0.2,0.65,1.0,0.4,0.6,1.0,0.8,0.9,0.75,0.85,0.95,0.95,1.0
096000011,1.0,0.6111111111111112,0.7777777777777778,0.7222222222222222,0.8888888888888888,0.1111111111111111,0.1111111111111111,0.5,0.6666666666666666,0.7777777777777778,0.7222222222222222,0.6111111111111112,0.2777777777777778,0.8333333333333334,0.2222222222222222,0.2222222222222222,0.2777777777777778,0.8333333333333334,0.8333333333333334,0.8333333333333334,0.7777777777777778,0.6111111111111112,0.6666666666666666,0.6666666666666666,0.7222222222222222,0.6666666666666666,0.8888888888888888,0.7222222222222222
096000012,0.5555555555555556,0.5185185185185185,0.7407407407407407,0.037037037037037035,0.37037037037037035,0.2222222222222222,0.037037037037037035,0.2222222222222222,0.4074074074074074,0.5925925925925926,0.5925925925925926,0.5555555555555556,0.2222222222222222,0.48148148148148145,0.2222222222222222,0.2222222222222222,0.25925925925925924,0.7777777777777778,0.5555555555555556,0.18518518518518517,0.48148148148148145,0.4074074074074074,0.5925925925925926,0.2962962962962963,0.5555555555555556,0.37037037037037035,0.48148148148148145,0.4074074074074074
096000013,0.8,0.9333333333333333,0.8,0.3333333333333333,0.8666666666666667,0.06666666666666667,0.3333333333333333,0.3333333333333333,0.7333333333333333,0.4666666666666667,0.4666666666666667,0.3333333333333333,0.3333333333333333,0.4666666666666667,0.06666666666666667,0.8666666666666667,0.3333333333333333,1.0,0.9333333333333333,0.4666666666666667,0.7333333333333333,0.5333333333333333,0.6,0.4666666666666667,0.4,0.5333333333333333,0.6,0.6666666666666666
096000014,0.7058823529411765,0.2777777777777778,0.3888888888888889,0.1111111111111111,0.3888888888888889,0.2777777777777778,0.1111111111111111,0.3888888888888889,0.5294117647058824,0.3333333333333333,0.5,0.3888888888888889,0.1111111111111111,0.5555555555555556,0.16666666666666666,0.2222222222222222,0.3888888888888889,0.7777777777777778,0.3888888888888889,0.3888888888888889,0.5555555555555556,0.3333333333333333,0.4444444444444444,0.3888888888888889,0.3888888888888889,0.2777777777777778,0.3888888888888889,0.3888888888888889
096000015,0.8518518518518519,0.6666666666666666,0.7407407407407407,0.2962962962962963,0.37037037037037035,0.07407407407407407,0.18518518518518517,0.3333333333333333,0.6296296296296297,0.5555555555555556,0.6296296296296297,0.2962962962962963,0.14814814814814814,0.4444444444444444,0.07407407407407407,1.0,0.4074074074074074,0.6666666666666666,0.4444444444444444,0.4074074074074074,0.6666666666666666,0.48148148148148145,0.5555555555555556,0.5185185185185185,0.7037037037037037,0.48148148148148145,0.7407407407407407,0.5555555555555556
096000016,0.7586206896551724,0.5806451612903226,0.5806451612903226,0.2903225806451613,0.22580645161290322,0.0,0.0967741935483871,0.0967741935483871,0.5517241379310345,0.22580645161290322,0.41935483870967744,0.3548387096774194,0.06451612903225806,0.2903225806451613,0.0,0.22580645161290322,0.12903225806451613,0.8387096774193549,0.1935483870967742,0.25806451612903225,0.3548387096774194,0.3548387096774194,0.5161290322580645,0.6451612903225806,0.5161290322580645,0.25806451612903225,0.3870967741935484,0.4838709677419355
096000017,0.88,0.5769230769230769,0.7307692307692307,0.46153846153846156,0.46153846153846156,0.11538461538461539,0.11538461538461539,0.3076923076923077,0.72,0.34615384615384615,0.5384615384615384,0.3076923076923077,0.2692307692307692,0.7692307692307693,0.038461538461538464,0.6153846153846154,0.2692307692307692,0.8461538461538461,0.6538461538461539,0.6153846153846154,0.7307692307692307,0.38461538461538464,0.38461538461538464,0.5,0.6923076923076923,0.46153846153846156,0.34615384615384615,0.46153846153846156
096000018,0.8709677419354839,0.1935483870967742,0.5806451612903226,0.12903225806451613,0.22580645161290322,0.0,0.06451612903225806,0.0967741935483871,0.3870967741935484,0.22580645161290322,0.5483870967741935,0.22580645161290322,0.22580645161290322,0.41935483870967744,0.12903225806451613,0.0967741935483871,0.06451612903225806,0.6129032258064516,0.25806451612903225,0.2903225806451613,0.7096774193548387,0.16129032258064516,0.25806451612903225,0.16129032258064516,0.2903225806451613,0.0967741935483871,0.16129032258064516,0.25806451612903225
096000020,0.8260869565217391,0.4782608695652174,0.6086956521739131,0.2608695652173913,0.5217391304347826,0.0,0.17391304347826086,0.21739130434782608,0.4782608695652174,0.34782608695652173,0.6086956521739131,0.08695652173913043,0.08695652173913043,0.782608695652174,0.34782608695652173,0.2608695652173913,0.13043478260869565,0.6956521739130435,0.08695652173913043,0.5217391304347826,0.5217391304347826,0.391304347826087,0.391304347826087,0.34782608695652173,0.4782608695652174,0.391304347826087,0.34782608695652173,0.34782608695652173
096000021,0.9393939393939394,0.45161290322580644,0.6774193548387096,0.25806451612903225,0.41935483870967744,0.0,0.16129032258064516,0.2903225806451613,0.7272727272727273,0.5161290322580645,0.6451612903225806,0.6129032258064516,0.0967741935483871,0.6774193548387096,0.0967741935483871,0.0,0.0967741935483871,0.9354838709677419,0.1935483870967742,0.7419354838709677,1.0,0.3870967741935484,0.9354838709677419,0.25806451612903225,0.5806451612903226,0.4838709677419355,0.5806451612903226,0.45161290322580644
096000022,0.9,0.6,0.85,0.3,0.15,0.0,0.1,0.3,0.9,0.3,0.45,0.3,0.4,0.65,0.0,0.3,0.3,1.0,0.55,0.4,0.75,0.2,0.35,0.6,0.55,0.45,0.35,0.45
096040001,1.0,0.75,0.75,1.0,0.8928571428571429,0.5714285714285714,0.6428571428571429,1.0,1.0,0.75,0.8928571428571429,1.0,0.75,0.8928571428571429,0.9285714285714286,0.6785714285714286,0.7857142857142857,1.0,1.0,0.8571428571428571,1.0,0.7142857142857143,0.8928571428571429,0.8571428571428571,1.0,0.7857142857142857,0.6785714285714286,0.8928571428571429
096040002,1.0,0.8076923076923077,0.8076923076923077,0.8461538461538461,1.0,0.8076923076923077,1.0,1.0,1.0,0.9230769230769231,0.8461538461538461,0.8846153846153846,0.6923076923076923,0.9230769230769231,0.8076923076923077,0.9615384615384616,0.9230769230769231,1.0,1.0,1.0,0.9615384615384616,0.7692307692307693,0.7692307692307693,0.9615384615384616,0.8846153846153846,0.8846153846153846,0.8846153846153846,0.7692307692307693
096040004,1.0,0.3076923076923077,0.5384615384615384,0.15384615384615385,0.46153846153846156,0.0,0.38461538461538464,0.23076923076923078,0.75,0.46153846153846156,0.46153846153846156,0.38461538461538464,0.23076923076923078,0.38461538461538464,0.38461538461538464,0.7692307692307693,0.46153846153846156,0.6153846153846154,0.3076923076923077,0.15384615384615385,0.46153846153846156,0.3076923076923077,0.3076923076923077,0.5384615384615384,0.6923076923076923,0.46153846153846156,0.38461538461538464,0.6153846153846154
096040005,1.0,0.7391304347826086,1.0,0.9130434782608695,1.0,0.8695652173913043,0.9130434782608695,0.8260869565217391,1.0,1.0,1.0,1.0,0.8260869565217391,0.8260869565217391,0.9565217391304348,0.9565217391304348,1.0,1.0,0.8695652173913043,1.0,1.0,0.8260869565217391,1.0,1.0,1.0,1.0,0.8695652173913043,1.0
096040006,1.0,0.8846153846153846,0.7692307692307693,0.6153846153846154,0.4230769230769231,0.46153846153846156,0.9230769230769231,0.6153846153846154,0.7692307692307693,0.8076923076923077,0.7307692307692307,0.8461538461538461,0.5,0.5769230769230769,0.5769230769230769,0.8461538461538461,0.4230769230769231,1.0,0.6923076923076923,0.6153846153846154,0.8076923076923077,0.6538461538461539,0.8076923076923077,0.7692307692307693,0.6923076923076923,0.8846153846153846,0.7307692307692307,0.8076923076923077
096040007,0.875,0.625,0.6666666666666666,0.5833333333333334,0.625,0.75,0.375,0.4583333333333333,0.7916666666666666,0.75,0.5833333333333334,0.7083333333333334,0.8333333333333334,0.75,0.3333333333333333,0.7083333333333334,0.75,1.0,0.375,0.375,0.6666666666666666,0.6666666666666666,0.5833333333333334,0.75,0.6666666666666666,0.5833333333333334,0.625,0.5833333333333334
096040008,0.9285714285714286,0.6666666666666666,0.5333333333333333,0.26666666666666666,0.4666666666666667,0.3333333333333333,0.3333333333333333,0.4,0.6428571428571429,0.7333333333333333,0.4666666666666667,0.26666666666666666,0.26666666666666666,0.4,0.4,0.4,0.26666666666666666,1.0,0.26666666666666666,0.4,0.7333333333333333,0.4666666666666667,0.6666666666666666,0.6,0.6666666666666666,0.4666666666666667,0.5333333333333333,0.6666666666666666
096040009,0.8461538461538461,0.7692307692307693,0.7692307692307693,0.3076923076923077,0.5384615384615384,0.23076923076923078,0.23076923076923078,0.23076923076923078,1.0,0.6153846153846154,0.3076923076923077,0.3076923076923077,0.23076923076923078,0.5384615384615384,0.23076923076923078,0.15384615384615385,0.23076923076923078,1.0,0.38461538461538464,0.5384615384615384,0.9230769230769231,0.46153846153846156,1.0,0.5384615384615384,0.7692307692307693,0.46153846153846156,0.5384615384615384,0.46153846153846156
096040010,1.0,0.6071428571428571,0.6071428571428571,0.2857142857142857,0.25,0.14285714285714285,0.2857142857142857,0.4642857142857143,1.0,0.6785714285714286,0.75,0.7857142857142857,0.17857142857142858,0.6785714285714286,0.14285714285714285,0.6428571428571429,0.4642857142857143,1.0,0.75,0.39285714285714285,0.8928571428571429,0.42857142857142855,0.6071428571428571,0.8571428571428571,0.7142857142857143,0.7142857142857143,0.7142857142857143,0.6428571428571429
096040011,0.9565217391304348,0.5833333333333334,0.5416666666666666,0.625,0.4583333333333333,0.25,0.375,0.375,0.6086956521739131,0.6666666666666666,0.5833333333333334,0.7916666666666666,0.4166666666666667,0.5833333333333334,0.20833333333333334,0.4166666666666667,0.5416666666666666,0.9166666666666666,0.7916666666666666,0.375,0.6666666666666666,0.6666666666666666,0.75,0.75,0.6666666666666666,0.5833333333333334,0.75,0.5833333333333334
096040012,0.8823529411764706,0.5263157894736842,0.5263157894736842,0.6842105263157895,0.47368421052631576,0.631578947368421,0.42105263157894735,0.6842105263157895,0.8823529411764706,0.5789473684210527,0.47368421052631576,0.5263157894736842,0.5789473684210527,0.631578947368421,0.631578947368421,0.5789473684210527,0.5789473684210527,0.9473684210526315,0.5263157894736842,0.42105263157894735,0.7894736842105263,0.5263157894736842,0.5263157894736842,0.5263157894736842,0.47368421052631576,0.631578947368421,0.631578947368421,0.5263157894736842
096040014,1.0,0.7407407407407407,0.7037037037037037,0.48148148148148145,0.4074074074074074,0.5555555555555556,0.5555555555555556,0.5925925925925926,1.0,0.6666666666666666,0.7037037037037037,0.5555555555555556,0.2962962962962963,0.7407407407407407,0.4444444444444444,0.5185185185185185,0.5925925925925926,1.0,0.5185185185185185,0.4444444444444444,1.0,0.7407407407407407,0.8148148148148148,0.5555555555555556,0.7777777777777778,0.8148148148148148,0.6666666666666666,0.7407407407407407
096040015,1.0,0.7333333333333333,1.0,0.8666666666666667,0.8666666666666667,0.9333333333333333,0.7333333333333333,0.8666666666666667,1.0,0.8,0.8666666666666667,1.0,0.8,0.8666666666666667,1.0,0.9333333333333333,0.9333333333333333,1.0,0.8,0.8,1.0,0.8,1.0,0.8,0.9333333333333333,0.6,0.7333333333333333,0.8
096040016,0.967741935483871,0.7741935483870968,0.8387096774193549,0.6129032258064516,0.6451612903225806,0.6451612903225806,0.4838709677419355,0.6451612903225806,1.0,0.6129032258064516,0.7419354838709677,0.7419354838709677,0.5483870967741935,0.7419354838709677,0.6129032258064516,0.5161290322580645,0.5161290322580645,1.0,0.7419354838709677,0.7096774193548387,0.8387096774193549,0.6774193548387096,0.8709677419354839,0.6774193548387096,0.8709677419354839,0.5806451612903226,0.7096774193548387,0.7096774193548387
096040018,1.0,0.68,0.6,1.0,0.84,0.72,0.72,0.96,0.8,0.8,0.84,0.72,0.6,0.96,0.52,0.52,0.76,1.0,0.88,0.84,1.0,0.84,0.88,0.84,0.8,0.8,0.72,0.6
096040019,1.0,0.8461538461538461,0.9230769230769231,0.6923076923076923,0.7692307692307693,0.6153846153846154,0.7307692307692307,0.6923076923076923,0.9615384615384616,0.7307692307692307,0.7692307692307693,0.8076923076923077,0.6923076923076923,0.8076923076923077,0.5384615384615384,0.7692307692307693,0.7307692307692307,1.0,0.8461538461538461,0.8076923076923077,1.0,0.7307692307692307,0.9615384615384616,0.5769230769230769,0.7692307692307693,0.7692307692307693,0.8076923076923077,1.0
096040021,1.0,0.6086956521739131,0.6521739130434783,0.43478260869565216,0.6521739130434783,0.17391304347826086,0.2608695652173913,0.6956521739130435,0.9565217391304348,0.6521739130434783,0.6521739130434783,0.6956521739130435,0.391304347826087,0.5652173913043478,0.17391304347826086,0.43478260869565216,0.5652173913043478,1.0,0.8695652173913043,0.6956521739130435,0.8260869565217391,0.43478260869565216,0.6521739130434783,0.4782608695652174,0.6956521739130435,0.4782608695652174,0.4782608695652174,0.5652173913043478
096040023,0.8461538461538461,0.7037037037037037,0.7407407407407407,0.5555555555555556,0.4444444444444444,0.37037037037037035,0.3333333333333333,0.4444444444444444,0.5,0.5925925925925926,0.5555555555555556,0.5925925925925926,0.4444444444444444,0.5185185185185185,0.4074074074074074,0.6296296296296297,0.5555555555555556,0.9259259259259259,0.5185185185185185,0.6296296296296297,0.5555555555555556,0.5555555555555556,0.5925925925925926,0.7037037037037037,0.5185185185185185,0.5555555555555556,0.4444444444444444,0.5185185185185185
096040024,1.0,0.6956521739130435,0.6956521739130435,0.6521739130434783,0.6956521739130435,0.8695652173913043,0.5652173913043478,0.6521739130434783,0.9130434782608695,0.8260869565217391,0.7391304347826086,0.9130434782608695,0.6521739130434783,0.6521739130434783,0.5217391304347826,1.0,0.6521739130434783,1.0,0.9565217391304348,0.782608695652174,1.0,0.6086956521739131,0.9565217391304348,0.8260869565217391,0.7391304347826086,0.6086956521739131,0.6956521739130435,0.6956521739130435
096040025,0.7727272727272727,0.6956521739130435,0.9565217391304348,0.8260869565217391,0.8695652173913043,0.8695652173913043,0.6956521739130435,0.7391304347826086,1.0,0.8695652173913043,0.8695652173913043,0.8695652173913043,0.6086956521739131,0.8260869565217391,0.5652173913043478,0.9130434782608695,0.8260869565217391,1.0,0.782608695652174,0.8695652173913043,0.9565217391304348,0.6956521739130435,0.9130434782608695,0.7391304347826086,0.9130434782608695,0.782608695652174,0.7391304347826086,0.9565217391304348
096060001,0.8,0.38461538461538464,0.6538461538461539,0.3076923076923077,0.2692307692307692,0.5,0.3076923076923077,0.3076923076923077,0.52,0.38461538461538464,0.38461538461538464,0.3076923076923077,0.3076923076923077,0.46153846153846156,0.2692307692307692,0.8846153846153846,0.34615384615384615,0.6538461538461539,0.34615384615384615,0.4230769230769231,0.46153846153846156,0.34615384615384615,0.6153846153846154,0.3076923076923077,0.6153846153846154,0.2692307692307692,0.38461538461538464,0.34615384615384615
096060002,0.6923076923076923,0.07692307692307693,0.38461538461538464,0.07692307692307693,0.0,0.07692307692307693,0.07692307692307693,0.07692307692307693,0.3076923076923077,0.23076923076923078,0.07692307692307693,0.07692307692307693,0.07692307692307693,0.07692307692307693,0.07692307692307693,0.23076923076923078,0.15384615384615385,1.0,0.07692307692307693,0.07692307692307693,0.23076923076923078,0.23076923076923078,0.15384615384615385,0.23076923076923078,0.23076923076923078,0.15384615384615385,0.15384615384615385,0.07692307692307693
096060003,1.0,1.0,0.9375,0.5625,0.4375,0.4375,0.5,0.5,0.875,1.0,0.5625,0.75,0.4375,0.5625,0.4375,0.4375,0.5625,1.0,0.75,0.5625,1.0,0.75,0.875,0.5625,1.0,0.75,0.6875,0.625
096060004,0.8333333333333334,0.6666666666666666,0.75,0.16666666666666666,0.16666666666666666,0.16666666666666666,0.16666666666666666,0.4166666666666667,0.3333333333333333,0.3333333333333333,0.3333333333333333,0.4166666666666667,0.16666666666666666,0.3333333333333333,0.3333333333333333,0.25,0.4166666666666667,1.0,0.75,0.5833333333333334,0.5833333333333334,0.3333333333333333,0.3333333333333333,0.4166666666666667,0.5,0.16666666666666666,0.4166666666666667,0.5833333333333334
096060005,0.9411764705882353,0.47058823529411764,0.7058823529411765,0.5882352941176471,0.47058823529411764,0.5294117647058824,0.7058823529411765,0.5294117647058824,0.6470588235294118,0.5294117647058824,0.4117647058823529,0.5294117647058824,0.5294117647058824,0.5882352941176471,0.47058823529411764,0.47058823529411764,0.47058823529411764,1.0,0.6470588235294118,0.5882352941176471,0.5882352941176471,0.47058823529411764,0.4117647058823529,0.5294117647058824,0.5882352941176471,0.5294117647058824,0.4117647058823529,0.47058823529411764
096060006,1.0,0.5555555555555556,0.7777777777777778,0.8518518518518519,0.6666666666666666,0.48148148148148145,0.7407407407407407,0.5925925925925926,1.0,0.7777777777777778,0.7777777777777778,1.0,0.4074074074074074,0.7407407407407407,0.37037037037037035,1.0,0.5185185185185185,1.0,0.8888888888888888,0.6296296296296297,1.0,0.7037037037037037,0.6666666666666666,0.8148148148148148,0.7407407407407407,0.7407407407407407,0.6296296296296297,0.6666666666666666
096060007,0.9230769230769231,0.6153846153846154,0.7692307692307693,0.5384615384615384,0.38461538461538464,0.46153846153846156,0.46153846153846156,0.46153846153846156,0.8461538461538461,0.9230769230769231,0.6153846153846154,0.7692307692307693,0.46153846153846156,0.38461538461538464,0.3076923076923077,1.0,0.3076923076923077,1.0,0.9230769230769231,0.7692307692307693,0.7692307692307693,0.6153846153846154,1.0,0.46153846153846156,0.9230769230769231,0.3076923076923077,0.7692307692307693,0.46153846153846156
096060008,1.0,0.5217391304347826,0.6521739130434783,0.5217391304347826,0.391304347826087,0.34782608695652173,0.30434782608695654,0.5652173913043478,0.7272727272727273,0.782608695652174,0.5652173913043478,0.7391304347826086,0.30434782608695654,0.8695652173913043,0.34782608695652173,0.5217391304347826,0.391304347826087,1.0,0.7391304347826086,0.7391304347826086,0.9565217391304348,0.391304347826087,0.5652173913043478,0.4782608695652174,0.6956521739130435,0.5652173913043478,0.6521739130434783,0.5217391304347826
096060009,0.8076923076923077,0.8148148148148148,0.8148148148148148,0.6666666666666666,0.7037037037037037,0.8888888888888888,0.6666666666666666,0.7037037037037037,0.8461538461538461,0.8518518518518519,0.8148148148148148,0.7037037037037037,0.7037037037037037,0.8148148148148148,0.5925925925925926,0.7777777777777778,0.7037037037037037,1.0,0.8888888888888888,0.8888888888888888,1.0,0.7777777777777778,0.8518518518518519,0.8518518518518519,0.8888888888888888,0.8148148148148148,0.8148148148148148,0.7407407407407407
096060010,0.6428571428571429,0.5,0.6333333333333333,0.36666666666666664,0.36666666666666664,0.23333333333333334,0.23333333333333334,0.3,0.5357142857142857,0.4666666666666667,0.6,0.2,0.26666666666666666,0.6,0.26666666666666666,0.8666666666666667,0.43333333333333335,0.8666666666666667,0.5,0.4666666666666667,0.6666666666666666,0.4666666666666667,0.6333333333333333,0.5,0.5,0.43333333333333335,0.6333333333333333,0.6333333333333333
096060011,1.0,0.5238095238095238,0.7142857142857143,0.2857142857142857,0.0,0.2857142857142857,0.14285714285714285,0.42857142857142855,0.5238095238095238,0.7619047619047619,0.6190476190476191,0.5714285714285714,0.19047619047619047,0.6190476190476191,0.047619047619047616,0.6190476190476191,0.0,1.0,0.6190476190476191,0.6666666666666666,0.9523809523809523,0.5238095238095238,0.7142857142857143,0.2857142857142857,0.8095238095238095,0.6666666666666666,0.5714285714285714,0.6190476190476191
096060012,1.0,0.8571428571428571,0.7857142857142857,0.5,0.5,0.35714285714285715,0.6428571428571429,0.35714285714285715,1.0,0.5,0.6428571428571429,0.7142857142857143,0.35714285714285715,0.35714285714285715,0.35714285714285715,1.0,0.5,1.0,0.7142857142857143,0.6428571428571429,0.7857142857142857,0.5,0.42857142857142855,0.42857142857142855,0.7142857142857143,0.5714285714285714,0.5,0.8571428571428571
096060013,1.0,0.8571428571428571,0.8571428571428571,0.7857142857142857,0.2857142857142857,0.2857142857142857,0.5,0.7142857142857143,0.9230769230769231,0.5714285714285714,0.35714285714285715,0.5714285714285714,0.35714285714285715,0.6428571428571429,0.2857142857142857,0.7142857142857143,0.5714285714285714,1.0,0.42857142857142855,0.7142857142857143,0.7142857142857143,0.5,0.5714285714285714,0.5,0.5,0.5714285714285714,0.7857142857142857,0.7857142857142857
096060014,1.0,0.9375,0.8125,0.875,0.9375,0.375,0.875,0.6875,1.0,0.875,0.75,0.8125,0.9375,0.625,0.5,1.0,0.8125,1.0,0.75,0.9375,0.8125,0.8125,0.75,0.6875,0.9375,0.75,0.875,0.875
096060015,0.68,0.84,0.6,0.48,0.2,0.16,0.24,0.28,0.44,0.36,0.48,0.36,0.16,0.48,0.2,0.28,0.2,1.0,0.36,0.36,0.4,0.24,0.48,0.12,0.56,0.44,0.16,0.24
096060016,1.0,0.5517241379310345,0.8275862068965517,0.8620689655172413,0.4482758620689655,0.2413793103448276,0.2413793103448276,0.7241379310344828,0.7857142857142857,0.6896551724137931,0.6551724137931034,0.6206896551724138,0.41379310344827586,0.6206896551724138,0.2413793103448276,0.3103448275862069,0.7931034482758621,1.0,0.896551724137931,1.0,0.8275862068965517,0.5517241379310345,0.7931034482758621,0.6896551724137931,0.6551724137931034,0.7931034482758621,0.6206896551724138,0.6206896551724138
096060017,0.8076923076923077,0.48,0.64,0.36,0.36,0.36,0.32,0.36,0.6923076923076923,0.44,0.52,0.36,0.48,0.4,0.28,0.32,0.36,1.0,0.6,0.44,1.0,0.48,0.56,0.44,0.56,0.52,0.48,0.4
096060019,0.75,0.75,0.625,0.1875,0.125,0.0625,0.0625,0.0625,1.0,0.6875,0.5,0.3125,0.125,0.5,0.0625,0.375,0.1875,1.0,0.625,0.1875,0.8125,0.8125,0.5625,0.625,0.8125,0.6875,0.5625,0.1875
096060020,0.7894736842105263,0.5263157894736842,0.47368421052631576,0.42105263157894735,0.3684210526315789,0.2631578947368421,0.3157894736842105,0.3157894736842105,0.3684210526315789,0.3684210526315789,0.3157894736842105,0.3684210526315789,0.3684210526315789,0.3684210526315789,0.3157894736842105,0.2631578947368421,0.3684210526315789,1.0,0.42105263157894735,0.47368421052631576,0.42105263157894735,0.42105263157894735,0.3157894736842105,0.42105263157894735,0.3157894736842105,0.47368421052631576,0.42105263157894735,0.42105263157894735
096060022,0.7272727272727273,0.4090909090909091,0.6363636363636364,0.18181818181818182,0.09090909090909091,0.09090909090909091,0.22727272727272727,0.3181818181818182,0.5,0.5454545454545454,0.4090909090909091,0.09090909090909091,0.09090909090909091,0.36363636363636365,0.09090909090909091,0.2727272727272727,0.18181818181818182,1.0,0.5,0.36363636363636365,0.22727272727272727,0.6363636363636364,0.5909090909090909,0.5,0.6363636363636364,0.45454545454545453,0.5454545454545454,0.5909090909090909
096070002,0.6086956521739131,0.4166666666666667,0.7083333333333334,0.2916666666666667,0.16666666666666666,0.16666666666666666,0.16666666666666666,0.16666666666666666,0.2608695652173913,0.25,0.4166666666666667,0.16666666666666666,0.16666666666666666,0.2916666666666667,0.16666666666666666,0.16666666666666666,0.16666666666666666,0.625,0.375,0.375,0.5,0.4166666666666667,0.2916666666666667,0.3333333333333333,0.375,0.3333333333333333,0.16666666666666666,0.16666666666666666
096070003,0.6363636363636364,0.3333333333333333,0.5416666666666666,0.041666666666666664,0.041666666666666664,0.041666666666666664,0.041666666666666664,0.041666666666666664,0.36363636363636365,0.16666666666666666,0.041666666666666664,0.25,0.041666666666666664,0.20833333333333334,0.041666666666666664,0.041666666666666664,0.041666666666666664,0.9166666666666666,0.4166666666666667,0.041666666666666664,0.25,0.041666666666666664,0.375,0.125,0.3333333333333333,0.125,0.3333333333333333,0.2916666666666667
096070005,0.8275862068965517,0.5862068965517241,0.5517241379310345,0.3448275862068966,0.13793103448275862,0.13793103448275862,0.2413793103448276,0.2413793103448276,0.5172413793103449,0.27586206896551724,0.2413793103448276,0.2413793103448276,0.13793103448275862,0.2413793103448276,0.10344827586206896,0.06896551724137931,0.2413793103448276,0.896551724137931,0.2413793103448276,0.3103448275862069,0.5172413793103449,0.2413793103448276,0.3103448275862069,0.20689655172413793,0.4482758620689655,0.2413793103448276,0.6206896551724138,0.2413793103448276
096070006,0.7058823529411765,0.23529411764705882,0.5882352941176471,0.11764705882352941,0.11764705882352941,0.11764705882352941,0.11764705882352941,0.29411764705882354,0.17647058823529413,0.23529411764705882,0.23529411764705882,0.11764705882352941,0.11764705882352941,0.17647058823529413,0.17647058823529413,0.11764705882352941,0.11764705882352941,0.9411764705882353,0.11764705882352941,0.29411764705882354,0.17647058823529413,0.23529411764705882,0.23529411764705882,0.29411764705882354,0.4117647058823529,0.23529411764705882,0.23529411764705882,0.23529411764705882
096070007,0.6,0.05,0.3,0.0,0.0,0.0,0.0,0.0,0.05,0.25,0.05,0.0,0.0,0.15,0.05,0.0,0.0,0.95,0.0,0.0,0.2,0.25,0.25,0.05,0.3,0.15,0.2,0.3
096070008,0.84,0.68,0.72,0.24,0.32,0.24,0.32,0.24,0.76,0.48,0.52,0.52,0.24,0.36,0.32,0.48,0.24,0.8,0.32,0.32,0.92,0.36,0.56,0.52,0.64,0.44,0.68,0.48
096070011,0.782608695652174,0.391304347826087,0.782608695652174,0.30434782608695654,0.17391304347826086,0.17391304347826086,0.17391304347826086,0.17391304347826086,0.34782608695652173,0.30434782608695654,0.30434782608695654,0.17391304347826086,0.17391304347826086,0.391304347826087,0.17391304347826086,1.0,0.17391304347826086,1.0,0.30434782608695654,0.17391304347826086,0.21739130434782608,0.17391304347826086,0.34782608695652173,0.17391304347826086,0.30434782608695654,0.17391304347826086,0.30434782608695654,0.2608695652173913
096070012,0.8333333333333334,0.2857142857142857,0.35714285714285715,0.5,0.2857142857142857,0.42857142857142855,0.2857142857142857,0.5,0.6666666666666666,0.42857142857142855,0.5,0.5714285714285714,0.42857142857142855,0.5,0.42857142857142855,0.07142857142857142,0.5,0.6428571428571429,0.5714285714285714,0.5,0.42857142857142855,0.42857142857142855,0.42857142857142855,0.35714285714285715,0.42857142857142855,0.42857142857142855,0.2857142857142857,0.2857142857142857
096070013,0.7241379310344828,0.5666666666666667,0.7333333333333333,0.4,0.13333333333333333,0.1,0.13333333333333333,0.16666666666666666,0.6896551724137931,0.3333333333333333,0.4666666666666667,0.3,0.23333333333333334,0.4,0.16666666666666666,0.16666666666666666,0.2,0.8666666666666667,0.5333333333333333,0.5,0.5666666666666667,0.26666666666666666,0.5,0.16666666666666666,0.6,0.3333333333333333,0.5333333333333333,0.5
096070014,0.8275862068965517,0.7241379310344828,0.6206896551724138,0.3103448275862069,0.10344827586206896,0.06896551724137931,0.13793103448275862,0.2413793103448276,0.6551724137931034,0.5517241379310345,0.3793103448275862,0.20689655172413793,0.27586206896551724,0.2413793103448276,0.20689655172413793,0.06896551724137931,0.2413793103448276,0.8620689655172413,0.2413793103448276,0.4827586206896552,0.6206896551724138,0.4827586206896552,0.41379310344827586,0.27586206896551724,0.5172413793103449,0.4827586206896552,0.41379310344827586,0.20689655172413793
096070015,0.6071428571428571,0.35714285714285715,0.7142857142857143,0.21428571428571427,0.07142857142857142,0.07142857142857142,0.07142857142857142,0.25,0.21428571428571427,0.35714285714285715,0.35714285714285715,0.25,0.07142857142857142,0.21428571428571427,0.0,0.07142857142857142,0.32142857142857145,1.0,0.2857142857142857,0.32142857142857145,0.5,0.21428571428571427,0.32142857142857145,0.14285714285714285,0.5,0.32142857142857145,0.25,0.25
096070016,0.7333333333333333,0.5333333333333333,0.8,0.26666666666666666,0.2,0.2,0.2,0.2,0.4666666666666667,0.6666666666666666,0.26666666666666666,0.2,0.2,0.2,0.2,0.3333333333333333,0.26666666666666666,1.0,0.26666666666666666,0.26666666666666666,0.4,0.6666666666666666,0.4,0.3333333333333333,0.5333333333333333,0.3333333333333333,0.5333333333333333,0.4
096070017,0.9130434782608695,0.391304347826087,0.8260869565217391,0.4782608695652174,0.391304347826087,0.30434782608695654,0.30434782608695654,0.30434782608695654,0.5652173913043478,0.5217391304347826,0.6086956521739131,0.4782608695652174,0.391304347826087,0.391304347826087,0.30434782608695654,1.0,0.391304347826087,0.8260869565217391,0.4782608695652174,0.43478260869565216,0.6521739130434783,0.34782608695652173,0.43478260869565216,0.391304347826087,0.43478260869565216,0.5217391304347826,0.30434782608695654,0.30434782608695654
096070018,0.8260869565217391,0.8695652173913043,0.6956521739130435,0.13043478260869565,0.13043478260869565,0.13043478260869565,0.13043478260869565,0.13043478260869565,0.30434782608695654,0.4782608695652174,0.4782608695652174,0.17391304347826086,0.13043478260869565,0.34782608695652173,0.0,0.08695652173913043,0.13043478260869565,0.8695652173913043,0.2608695652173913,0.13043478260869565,0.6521739130434783,0.391304347826087,0.6521739130434783,0.13043478260869565,0.782608695652174,0.13043478260869565,0.6521739130434783,0.21739130434782608
096070019,0.6666666666666666,0.13333333333333333,0.4,0.2,0.13333333333333333,0.13333333333333333,0.13333333333333333,0.13333333333333333,0.2,0.13333333333333333,0.13333333333333333,0.13333333333333333,0.13333333333333333,0.13333333333333333,0.13333333333333333,0.13333333333333333,0.13333333333333333,0.8666666666666667,0.13333333333333333,0.13333333333333333,0.13333333333333333,0.13333333333333333,0.13333333333333333,0.26666666666666666,0.7333333333333333,0.2,0.26666666666666666,0.13333333333333333
096070020,0.7037037037037037,0.4482758620689655,0.6896551724137931,0.13793103448275862,0.0,0.0,0.034482758620689655,0.034482758620689655,0.2962962962962963,0.0,0.2413793103448276,0.0,0.0,0.4482758620689655,0.0,0.20689655172413793,0.0,0.7241379310344828,0.13793103448275862,0.10344827586206896,0.3448275862068966,0.034482758620689655,0.5172413793103449,0.10344827586206896,0.5862068965517241,0.10344827586206896,0.3793103448275862,0.034482758620689655
096070021,1.0,0.5416666666666666,0.625,0.2916666666666667,0.041666666666666664,0.125,0.16666666666666666,0.16666666666666666,0.7916666666666666,0.75,0.5,0.20833333333333334,0.125,0.2916666666666667,0.125,0.0,0.16666666666666666,0.875,0.3333333333333333,0.4166666666666667,0.75,0.5833333333333334,0.875,0.5,0.75,0.625,0.5,0.625
096070022,0.8,0.6,0.65,0.0,0.0,0.0,0.0,0.0,0.55,0.0,0.0,0.0,0.0,0.0,0.0,1.0,0.0,0.8,0.0,0.0,0.45,0.15,0.1,0.0,0.45,0.0,0.4,0.3
096070023,0.72,0.25,0.5833333333333334,0.16666666666666666,0.041666666666666664,0.08333333333333333,0.20833333333333334,0.08333333333333333,0.36,0.20833333333333334,0.4166666666666667,0.041666666666666664,0.041666666666666664,0.2916666666666667,0.041666666666666664,0.041666666666666664,0.125,0.9166666666666666,0.041666666666666664,0.125,0.4166666666666667,0.16666666666666666,0.4583333333333333,0.20833333333333334,0.20833333333333334,0.16666666666666666,0.20833333333333334,0.25
096070024,0.75,0.56,0.76,0.28,0.24,0.24,0.24,0.28,0.5357142857142857,0.36,0.24,0.28,0.24,0.48,0.24,0.24,0.28,0.8,0.24,0.44,0.76,0.32,0.44,0.48,0.52,0.4,0.44,0.44
096090001,0.9285714285714286,0.7857142857142857,0.9642857142857143,0.39285714285714285,0.35714285714285715,0.2857142857142857,0.39285714285714285,0.35714285714285715,0.8928571428571429,0.8928571428571429,0.7142857142857143,0.39285714285714285,0.32142857142857145,0.7857142857142857,0.4642857142857143,0.9285714285714286,0.42857142857142855,1.0,0.8571428571428571,0.6071428571428571,0.8571428571428571,0.7857142857142857,0.7142857142857143,0.6785714285714286,0.6785714285714286,0.5357142857142857,0.6428571428571429,0.6071428571428571
096090003,1.0,0.9,1.0,1.0,1.0,0.65,0.7,1.0,1.0,1.0,1.0,1.0,1.0,1.0,0.75,1.0,1.0,1.0,1.0,1.0,1.0,1.0,1.0,1.0,1.0,1.0,1.0,1.0
096090005,0.8928571428571429,0.6071428571428571,0.6428571428571429,0.5714285714285714,0.21428571428571427,0.6071428571428571,0.6428571428571429,0.10714285714285714,0.7857142857142857,0.7142857142857143,0.5,0.4642857142857143,0.25,0.5357142857142857,0.0,0.35714285714285715,0.39285714285714285,1.0,0.5,0.6071428571428571,0.5714285714285714,0.75,0.75,0.5,0.5357142857142857,0.6785714285714286,0.6428571428571429,0.5357142857142857
096090006,0.85,0.7142857142857143,0.7142857142857143,0.5238095238095238,0.5238095238095238,0.6190476190476191,0.6190476190476191,0.5238095238095238,0.7,0.8571428571428571,0.7142857142857143,0.6190476190476191,0.47619047619047616,0.6666666666666666,0.5714285714285714,0.6666666666666666,0.5714285714285714,1.0,0.47619047619047616,0.5714285714285714,0.7142857142857143,0.8571428571428571,0.7619047619047619,0.6666666666666666,0.8095238095238095,0.7142857142857143,0.6190476190476191,0.6666666666666666
096090007,0.9565217391304348,0.4782608695652174,0.6956521739130435,0.30434782608695654,0.21739130434782608,0.13043478260869565,0.17391304347826086,0.17391304347826086,0.6086956521739131,0.5217391304347826,0.6521739130434783,0.21739130434782608,0.2608695652173913,0.6521739130434783,0.21739130434782608,0.13043478260869565,0.17391304347826086,1.0,0.9565217391304348,0.391304347826087,0.782608695652174,0.391304347826087,0.7391304347826086,0.5217391304347826,0.8260869565217391,0.6086956521739131,0.4782608695652174,0.7391304347826086
096090008,1.0,0.6666666666666666,0.7142857142857143,0.6190476190476191,0.5714285714285714,0.7142857142857143,0.7619047619047619,0.5714285714285714,1.0,0.7142857142857143,0.7142857142857143,0.6666666666666666,0.5714285714285714,0.47619047619047616,0.5238095238095238,0.47619047619047616,0.6190476190476191,1.0,0.9523809523809523,0.5238095238095238,0.8571428571428571,0.47619047619047616,0.42857142857142855,0.6190476190476191,0.7619047619047619,0.6190476190476191,0.7142857142857143,0.5238095238095238
096090010,0.9615384615384616,0.8076923076923077,0.7692307692307693,0.5384615384615384,0.5769230769230769,0.6153846153846154,0.5769230769230769,0.5384615384615384,1.0,0.8461538461538461,0.6153846153846154,0.6538461538461539,0.7692307692307693,0.7307692307692307,0.6538461538461539,0.6923076923076923,0.5769230769230769,1.0,0.5384615384615384,0.5769230769230769,0.8846153846153846,0.8461538461538461,0.7692307692307693,0.7692307692307693,0.9230769230769231,0.8076923076923077,1.0,0.5384615384615384
096090011,1.0,0.7916666666666666,0.7916666666666666,0.625,0.7083333333333334,0.5833333333333334,0.9583333333333334,0.7916666666666666,0.9545454545454546,0.7916666666666666,0.625,0.7916666666666666,0.5833333333333334,0.625,0.6666666666666666,0.7083333333333334,0.7916666666666666,1.0,0.9166666666666666,0.625,0.9583333333333334,0.75,0.7916666666666666,0.7916666666666666,0.9166666666666666,0.7916666666666666,0.7083333333333334,0.7916666666666666
096090014,1.0,0.5,0.6,0.95,0.9,0.8,0.25,1.0,0.9,0.65,0.65,1.0,0.7,0.55,0.2,1.0,1.0,1.0,1.0,0.85,1.0,0.6,0.9,0.95,0.8,0.75,0.6,0.7
096090015,0.5882352941176471,0.47058823529411764,0.5294117647058824,0.23529411764705882,0.0,0.35294117647058826,0.23529411764705882,0.23529411764705882,0.4117647058823529,0.5294117647058824,0.5294117647058824,0.35294117647058826,0.35294117647058826,0.47058823529411764,1.0,0.29411764705882354,0.0,1.0,0.4117647058823529,0.4117647058823529,0.47058823529411764,0.47058823529411764,0.4117647058823529,0.23529411764705882,0.6470588235294118,0.35294117647058826,0.35294117647058826,0.4117647058823529
096090017,1.0,0.42857142857142855,0.75,0.75,0.75,0.8928571428571429,0.7142857142857143,0.5357142857142857,0.9285714285714286,0.8571428571428571,0.6428571428571429,0.7142857142857143,0.6785714285714286,0.75,0.6071428571428571,0.7857142857142857,0.75,1.0,1.0,0.75,0.8928571428571429,0.5714285714285714,0.9642857142857143,0.8928571428571429,0.8571428571428571,0.75,0.75,0.75
096090018,0.7142857142857143,0.5714285714285714,0.5714285714285714,0.35714285714285715,0.35714285714285715,0.35714285714285715,0.35714285714285715,0.21428571428571427,0.6428571428571429,0.5714285714285714,0.5,0.35714285714285715,0.2857142857142857,0.6428571428571429,0.35714285714285715,0.9285714285714286,0.21428571428571427,1.0,0.35714285714285715,0.42857142857142855,0.5714285714285714,0.42857142857142855,0.5714285714285714,0.42857142857142855,0.42857142857142855,0.5,0.42857142857142855,0.35714285714285715
096090019,0.76,0.6,0.64,0.64,0.48,0.56,0.56,0.6,0.56,0.56,0.6,0.56,0.4,0.48,0.48,0.72,0.6,0.96,0.68,0.44,0.6,0.52,0.44,0.36,0.56,0.52,0.52,0.48
096090020,0.7307692307692307,0.5384615384615384,0.7307692307692307,0.5,0.5,0.5,0.5769230769230769,0.5,0.5,0.5769230769230769,0.6538461538461539,0.5384615384615384,0.5,0.5769230769230769,0.6153846153846154,0.5,0.5769230769230769,1.0,0.5384615384615384,0.5,0.6153846153846154,0.5,0.6153846153846154,0.5,0.5769230769230769,0.5384615384615384,0.6153846153846154,0.5
096090021,1.0,0.7142857142857143,0.6666666666666666,1.0,0.7142857142857143,0.47619047619047616,0.6666666666666666,0.5714285714285714,0.65,0.6190476190476191,0.47619047619047616,0.5714285714285714,0.6190476190476191,0.3333333333333333,0.5714285714285714,0.47619047619047616,0.5238095238095238,1.0,0.5714285714285714,0.6666666666666666,0.7142857142857143,0.5714285714285714,0.47619047619047616,0.5238095238095238,0.6190476190476191,0.6666666666666666,0.42857142857142855,0.7142857142857143
096090023,1.0,0.6666666666666666,0.8333333333333334,0.75,0.625,0.6666666666666666,0.7083333333333334,0.7083333333333334,0.6666666666666666,0.6666666666666666,0.625,0.75,0.7083333333333334,0.625,0.7916666666666666,0.75,0.75,0.875,0.625,0.7083333333333334,0.7916666666666666,0.7083333333333334,0.75,0.7083333333333334,0.75,0.75,0.7916666666666666,0.75
096090024,0.8076923076923077,0.6923076923076923,0.8461538461538461,0.6538461538461539,0.7307692307692307,0.5769230769230769,0.6153846153846154,0.6923076923076923,0.6923076923076923,0.6923076923076923,0.7307692307692307,0.6153846153846154,0.7307692307692307,0.7692307692307693,0.7307692307692307,1.0,0.6538461538461539,1.0,0.6538461538461539,0.6153846153846154,0.8076923076923077,0.6923076923076923,0.6153846153846154,0.5769230769230769,0.6923076923076923,0.6153846153846154,0.6153846153846154,0.8076923076923077
096090025,0.8888888888888888,0.7142857142857143,0.8214285714285714,0.5357142857142857,0.6071428571428571,0.7142857142857143,0.6071428571428571,0.75,0.7037037037037037,0.7857142857142857,0.6428571428571429,0.75,0.7857142857142857,0.6785714285714286,0.7142857142857143,0.7857142857142857,0.5357142857142857,1.0,0.6428571428571429,0.5714285714285714,0.6428571428571429,0.6428571428571429,0.7142857142857143,0.75,0.7857142857142857,0.7857142857142857,0.75,0.6428571428571429
096090026,0.8125,0.6875,0.625,0.75,0.3125,0.25,0.375,0.375,0.4375,0.5,0.4375,0.3125,0.375,0.4375,0.3125,0.5,0.625,1.0,0.75,0.75,0.5625,0.375,0.5,0.625,0.375,0.5,0.375,0.5
096090027,0.9655172413793104,0.6551724137931034,0.8620689655172413,0.5172413793103449,0.5517241379310345,0.5862068965517241,0.6206896551724138,0.6551724137931034,0.7241379310344828,0.7241379310344828,0.6896551724137931,0.5172413793103449,0.6206896551724138,0.7241379310344828,0.6206896551724138,0.7586206896551724,0.5862068965517241,1.0,0.6206896551724138,0.6551724137931034,0.7931034482758621,0.5517241379310345,0.6551724137931034,0.6206896551724138,0.7241379310344828,0.6551724137931034,0.6206896551724138,0.5517241379310345
096110001,0.8275862068965517,0.7241379310344828,0.7586206896551724,0.27586206896551724,0.4827586206896552,0.3448275862068966,0.3448275862068966,0.27586206896551724,0.8275862068965517,0.6896551724137931,0.5172413793103449,0.41379310344827586,0.20689655172413793,0.5862068965517241,0.06896551724137931,0.6896551724137931,0.13793103448275862,0.896551724137931,0.2413793103448276,0.3103448275862069,0.6551724137931034,0.3448275862068966,0.6206896551724138,0.41379310344827586,0.6896551724137931,0.4827586206896552,0.5517241379310345,0.6206896551724138
096110002,0.95,0.85,0.9,0.85,0.75,0.45,0.35,0.75,1.0,1.0,0.85,0.8,0.45,0.7,0.45,0.85,1.0,0.8,1.0,1.0,0.75,1.0,0.9,0.75,0.8,0.85,0.6,0.85
096110003,1.0,0.7857142857142857,0.8571428571428571,0.7857142857142857,0.8571428571428571,1.0,1.0,1.0,1.0,0.7857142857142857,0.8571428571428571,1.0,0.6428571428571429,1.0,1.0,1.0,0.7857142857142857,0.6428571428571429,1.0,0.6428571428571429,1.0,0.6428571428571429,0.7142857142857143,0.7857142857142857,1.0,0.9285714285714286,0.7142857142857143,1.0
096110004,0.9166666666666666,0.75,0.6666666666666666,0.5,0.3333333333333333,0.5833333333333334,0.4166666666666667,0.5833333333333334,0.75,0.6666666666666666,0.5833333333333334,0.8333333333333334,0.4166666666666667,0.5,0.4166666666666667,0.4166666666666667,0.4166666666666667,0.75,0.6666666666666666,0.5833333333333334,0.9166666666666666,0.5,0.5,0.5833333333333334,0.6666666666666666,0.6666666666666666,0.6666666666666666,0.5
096110005,1.0,0.5,0.55,0.25,0.35,0.35,0.25,0.25,0.47368421052631576,0.6,0.45,0.35,0.35,0.45,0.25,0.25,0.25,1.0,0.4,0.25,0.75,0.55,0.6,0.3,0.6,0.5,0.65,0.55
096110006,0.7727272727272727,0.6363636363636364,0.5454545454545454,0.7272727272727273,0.5454545454545454,0.6818181818181818,0.45454545454545453,0.5909090909090909,0.8636363636363636,0.7272727272727273,0.5454545454545454,0.5454545454545454,0.45454545454545453,0.6363636363636364,0.45454545454545453,0.8636363636363636,0.5909090909090909,0.7272727272727273,0.5,0.5,0.7272727272727273,0.5454545454545454,0.5,0.45454545454545453,0.6363636363636364,0.5,0.45454545454545453,0.5909090909090909
096110008,0.8333333333333334,0.5,0.5833333333333334,0.16666666666666666,0.16666666666666666,0.0,0.08333333333333333,0.16666666666666666,0.75,0.5,0.3333333333333333,0.16666666666666666,0.0,0.3333333333333333,0.16666666666666666,0.4166666666666667,0.16666666666666666,0.75,0.16666666666666666,0.5,0.3333333333333333,0.3333333333333333,0.5833333333333334,0.3333333333333333,0.6666666666666666,0.3333333333333333,0.4166666666666667,0.4166666666666667
096110009,0.8888888888888888,0.7222222222222222,0.7777777777777778,0.2222222222222222,0.1111111111111111,0.2222222222222222,0.3333333333333333,0.2222222222222222,0.7222222222222222,0.2777777777777778,0.3333333333333333,0.2777777777777778,0.1111111111111111,0.2777777777777778,0.2222222222222222,0.4444444444444444,0.2222222222222222,0.9444444444444444,0.6111111111111112,0.2222222222222222,0.5,0.16666666666666666,0.6666666666666666,0.3333333333333333,0.2777777777777778,0.16666666666666666,0.3333333333333333,0.2777777777777778
096110011,0.8928571428571429,0.6333333333333333,0.7666666666666667,0.43333333333333335,0.23333333333333334,0.2,0.2,0.36666666666666664,0.8214285714285714,0.5666666666666667,0.4,0.4666666666666667,0.2,0.3,0.06666666666666667,0.9,0.4666666666666667,0.6666666666666666,0.6,0.8666666666666667,0.4666666666666667,0.5666666666666667,0.6,0.4,0.6,0.6,0.6333333333333333,0.6333333333333333
096110012,0.8571428571428571,0.7142857142857143,0.7619047619047619,0.7142857142857143,0.5714285714285714,0.5238095238095238,0.47619047619047616,0.6666666666666666,0.9047619047619048,0.42857142857142855,0.7619047619047619,1.0,0.38095238095238093,0.6190476190476191,0.19047619047619047,0.38095238095238093,0.6666666666666666,0.9047619047619048,0.8095238095238095,0.9047619047619048,0.8571428571428571,0.5238095238095238,0.6666666666666666,0.7619047619047619,0.47619047619047616,0.5714285714285714,0.5238095238095238,0.6666666666666666
096110013,1.0,0.6923076923076923,0.6153846153846154,0.6153846153846154,0.5384615384615384,0.5384615384615384,0.46153846153846156,0.5384615384615384,0.8333333333333334,0.6153846153846154,0.6923076923076923,0.5384615384615384,0.38461538461538464,0.6923076923076923,0.3076923076923077,1.0,0.5384615384615384,0.9230769230769231,0.8461538461538461,0.6153846153846154,0.6923076923076923,0.5384615384615384,0.6153846153846154,0.6153846153846154,0.5384615384615384,0.6153846153846154,0.5384615384615384,0.6153846153846154
096110014,0.6071428571428571,0.037037037037037035,0.5555555555555556,0.037037037037037035,0.037037037037037035,0.037037037037037035,0.037037037037037035,0.037037037037037035,0.2857142857142857,0.037037037037037035,0.1111111111111111,0.037037037037037035,0.037037037037037035,0.07407407407407407,0.037037037037037035,0.037037037037037035,0.037037037037037035,0.4074074074074074,0.2222222222222222,0.14814814814814814,0.37037037037037035,0.037037037037037035,0.14814814814814814,0.037037037037037035,0.07407407407407407,0.037037037037037035,0.3333333333333333,0.037037037037037035
096110015,0.6428571428571429,0.2857142857142857,0.39285714285714285,0.07142857142857142,0.07142857142857142,0.14285714285714285,0.03571428571428571,0.21428571428571427,0.6428571428571429,0.2857142857142857,0.14285714285714285,0.2857142857142857,0.10714285714285714,0.35714285714285715,0.07142857142857142,0.35714285714285715,0.17857142857142858,0.7857142857142857,0.35714285714285715,0.32142857142857145,0.8214285714285714,0.32142857142857145,0.39285714285714285,0.21428571428571427,0.5714285714285714,0.10714285714285714,0.5,0.6071428571428571
096110016,0.9310344827586207,0.8275862068965517,0.896551724137931,0.8620689655172413,0.6206896551724138,0.6206896551724138,0.6896551724137931,0.7241379310344828,0.8275862068965517,0.7931034482758621,0.8620689655172413,0.8620689655172413,0.6206896551724138,0.8620689655172413,0.41379310344827586,0.8275862068965517,0.7241379310344828,0.8620689655172413,1.0,1.0,1.0,0.7931034482758621,0.896551724137931,0.7931034482758621,0.9310344827586207,0.8620689655172413,0.6896551724137931,0.7931034482758621
096110017,0.9375,0.65625,0.75,0.65625,0.75,0.28125,0.375,0.40625,0.84375,0.65625,0.6875,0.5,0.625,0.6875,0.375,0.375,0.71875,0.8125,0.65625,0.96875,0.78125,0.5625,0.625,0.65625,0.65625,0.625,0.59375,0.78125
096110018,0.9523809523809523,0.5714285714285714,0.7619047619047619,0.6666666666666666,0.5238095238095238,0.7142857142857143,0.5714285714285714,0.5238095238095238,0.9523809523809523,0.7142857142857143,0.5714285714285714,0.6190476190476191,0.5714285714285714,0.5714285714285714,0.47619047619047616,0.3333333333333333,0.47619047619047616,0.5714285714285714,0.6190476190476191,0.7142857142857143,0.5714285714285714,0.5238095238095238,0.8095238095238095,0.6666666666666666,0.7142857142857143,0.7142857142857143,0.5238095238095238,0.5714285714285714
096110019,0.6538461538461539,0.7692307692307693,0.8461538461538461,0.6153846153846154,0.6153846153846154,0.46153846153846156,0.46153846153846156,0.38461538461538464,0.6538461538461539,0.6538461538461539,0.6153846153846154,1.0,0.5,0.6538461538461539,0.34615384615384615,0.6153846153846154,0.46153846153846156,1.0,0.4230769230769231,0.5384615384615384,0.8076923076923077,0.46153846153846156,0.7307692307692307,0.5769230769230769,0.8076923076923077,0.6538461538461539,0.7692307692307693,0.6538461538461539
096110021,0.8571428571428571,0.7272727272727273,0.7727272727272727,0.5909090909090909,0.6363636363636364,0.4090909090909091,0.45454545454545453,0.4090909090909091,0.8571428571428571,0.5909090909090909,0.5454545454545454,0.6818181818181818,0.5,0.5,0.3181818181818182,0.9090909090909091,0.6363636363636364,0.8181818181818182,0.5909090909090909,0.6363636363636364,0.5909090909090909,0.45454545454545453,0.5,0.6363636363636364,0.5909090909090909,0.5454545454545454,0.5909090909090909,0.7272727272727273
096110022,0.8125,0.6666666666666666,0.6666666666666666,0.4444444444444444,0.6666666666666666,0.2222222222222222,0.5,0.5555555555555556,1.0,0.5,0.7222222222222222,0.6111111111111112,0.4444444444444444,0.6666666666666666,0.3333333333333333,0.6666666666666666,0.5555555555555556,0.6666666666666666,0.9444444444444444,0.6111111111111112,0.7777777777777778,0.6666666666666666,0.6666666666666666,0.5555555555555556,0.8333333333333334,0.7777777777777778,0.6111111111111112,0.7222222222222222
096110023,0.8823529411764706,0.7142857142857143,0.7428571428571429,0.5142857142857142,0.45714285714285713,0.37142857142857144,0.34285714285714286,0.4857142857142857,0.8529411764705882,0.6571428571428571,0.5142857142857142,0.6,0.4,0.5428571428571428,0.34285714285714286,0.45714285714285713,0.4857142857142857,0.8285714285714286,0.7428571428571429,0.6,0.6857142857142857,0.6,0.7428571428571429,0.6,0.6571428571428571,0.5428571428571428,0.6857142857142857,0.7714285714285715
096130001,0.9411764705882353,0.7058823529411765,0.7647058823529411,0.4117647058823529,0.5882352941176471,0.11764705882352941,0.17647058823529413,0.29411764705882354,0.8235294117647058,0.5294117647058824,0.47058823529411764,0.29411764705882354,0.11764705882352941,0.47058823529411764,0.35294117647058826,0.9411764705882353,0.29411764705882354,0.7058823529411765,0.8235294117647058,0.5882352941176471,0.7647058823529411,0.5882352941176471,0.5294117647058824,0.35294117647058826,0.6470588235294118,0.47058823529411764,0.5294117647058824,0.5882352941176471
096130002,0.8823529411764706,0.8235294117647058,0.8823529411764706,0.7058823529411765,0.6470588235294118,0.11764705882352941,0.35294117647058826,0.23529411764705882,1.0,0.6470588235294118,0.6470588235294118,1.0,0.11764705882352941,0.7058823529411765,0.23529411764705882,1.0,0.29411764705882354,1.0,0.7058823529411765,0.4117647058823529,0.5294117647058824,0.7058823529411765,0.5882352941176471,0.6470588235294118,0.7058823529411765,0.5882352941176471,0.6470588235294118,0.7058823529411765
096130003,0.95,0.45,0.6,0.85,0.0,0.0,0.1,0.0,0.75,0.8,0.2,1.0,0.0,0.3,0.1,0.7,0.05,1.0,0.2,0.2,0.65,0.35,0.3,0.05,0.4,0.35,0.45,0.35
096130004,1.0,0.14285714285714285,0.5714285714285714,0.5714285714285714,0.5,0.0,0.0,0.5714285714285714,1.0,0.5,1.0,0.5714285714285714,0.14285714285714285,0.8571428571428571,0.0,0.42857142857142855,0.42857142857142855,0.6428571428571429,0.7857142857142857,0.5,1.0,0.35714285714285715,0.7142857142857143,0.5714285714285714,0.5714285714285714,0.7142857142857143,0.5714285714285714,0.42857142857142855
096130005,1.0,0.6538461538461539,0.8846153846153846,1.0,0.23076923076923078,0.5,0.2692307692307692,0.5,1.0,0.9615384615384616,0.8461538461538461,1.0,0.7307692307692307,0.8076923076923077,0.6538461538461539,1.0,0.7307692307692307,1.0,0.8461538461538461,0.9230769230769231,1.0,0.7307692307692307,0.9615384615384616,0.9615384615384616,0.8076923076923077,0.9230769230769231,0.7692307692307693,0.8076923076923077
096130006,1.0,0.8461538461538461,0.6923076923076923,0.6923076923076923,0.5384615384615384,0.5384615384615384,0.6923076923076923,0.46153846153846156,0.6923076923076923,0.5384615384615384,0.46153846153846156,0.6153846153846154,0.3076923076923077,0.46153846153846156,0.46153846153846156,1.0,0.3076923076923077,0.8461538461538461,0.7692307692307693,0.8461538461538461,0.6923076923076923,0.6153846153846154,0.6923076923076923,0.6153846153846154,0.6153846153846154,0.5384615384615384,0.6153846153846154,0.6923076923076923
096130007,1.0,0.72,0.72,0.24,0.24,0.16,0.28,0.28,0.9565217391304348,0.56,0.72,0.6,0.24,0.68,0.24,0.84,0.12,0.88,0.68,0.56,0.84,0.48,0.92,0.48,0.6,0.6,0.56,0.6
096130008,1.0,0.9230769230769231,1.0,0.9230769230769231,1.0,0.9230769230769231,1.0,0.9230769230769231,1.0,1.0,1.0,1.0,1.0,1.0,0.5384615384615384,0.9230769230769231,1.0,1.0,1.0,1.0,1.0,0.7692307692307693,1.0,1.0,1.0,0.8461538461538461,0.9230769230769231,1.0
096130009,1.0,0.8518518518518519,0.8888888888888888,0.9259259259259259,1.0,0.7777777777777778,1.0,0.8148148148148148,0.8461538461538461,0.9259259259259259,1.0,1.0,0.48148148148148145,0.8888888888888888,0.8148148148148148,1.0,0.8148148148148148,1.0,1.0,0.9259259259259259,1.0,0.8518518518518519,0.8518518518518519,1.0,0.8888888888888888,0.9259259259259259,0.8148148148148148,0.8148148148148148
096130010,1.0,0.9230769230769231,0.8461538461538461,0.8461538461538461,1.0,0.46153846153846156,0.3076923076923077,0.7692307692307693,1.0,1.0,0.7692307692307693,1.0,0.3076923076923077,0.9230769230769231,0.38461538461538464,0.6153846153846154,0.38461538461538464,1.0,0.6153846153846154,0.8461538461538461,1.0,0.8461538461538461,0.9230769230769231,0.6153846153846154,0.9230769230769231,1.0,0.9230769230769231,0.9230769230769231
096130011,1.0,0.6666666666666666,0.8,0.3333333333333333,1.0,0.13333333333333333,0.4666666666666667,0.4666666666666667,1.0,0.8,0.8,1.0,0.4,0.4,1.0,1.0,0.4,1.0,0.7333333333333333,0.8666666666666667,0.5333333333333333,0.7333333333333333,0.7333333333333333,0.6,0.6,0.3333333333333333,0.6666666666666666,0.9333333333333333
096130012,0.9230769230769231,0.8461538461538461,1.0,1.0,0.7692307692307693,0.5384615384615384,0.7692307692307693,1.0,1.0,1.0,0.7692307692307693,1.0,0.6923076923076923,0.9230769230769231,1.0,1.0,1.0,1.0,0.7692307692307693,1.0,0.9230769230769231,0.6923076923076923,1.0,1.0,1.0,1.0,0.9230769230769231,1.0
096130013,1.0,0.6296296296296297,0.8888888888888888,0.6296296296296297,0.4074074074074074,0.37037037037037035,0.37037037037037035,0.5185185185185185,0.7777777777777778,0.5925925925925926,0.5925925925925926,1.0,0.4074074074074074,0.6296296296296297,0.37037037037037035,0.5185185185185185,0.48148148148148145,0.8148148148148148,1.0,0.5925925925925926,1.0,0.5555555555555556,0.6666666666666666,0.5555555555555556,0.6296296296296297,0.5925925925925926,0.8148148148148148,0.48148148148148145
096130014,1.0,0.8055555555555556,0.8055555555555556,1.0,1.0,0.4444444444444444,0.6111111111111112,0.8055555555555556,1.0,1.0,1.0,1.0,0.5277777777777778,0.8611111111111112,0.5555555555555556,1.0,0.8888888888888888,1.0,1.0,0.8888888888888888,1.0,0.8055555555555556,0.7777777777777778,1.0,0.8055555555555556,1.0,0.75,0.8888888888888888
096130016,1.0,0.8571428571428571,0.8571428571428571,1.0,0.8095238095238095,0.6666666666666666,0.6190476190476191,1.0,1.0,1.0,1.0,1.0,0.6666666666666666,1.0,0.5714285714285714,0.9523809523809523,0.9523809523809523,1.0,0.7619047619047619,1.0,1.0,0.9523809523809523,0.9523809523809523,1.0,1.0,1.0,1.0,0.8571428571428571
096130017,1.0,0.625,0.6666666666666666,0.5,0.3333333333333333,0.25,0.2916666666666667,0.5416666666666666,0.7619047619047619,0.5416666666666666,0.5,1.0,0.7916666666666666,0.4583333333333333,0.3333333333333333,0.375,0.625,0.875,0.6666666666666666,0.6666666666666666,0.5833333333333334,0.5416666666666666,0.625,0.5,0.6666666666666666,0.375,0.4583333333333333,0.5
096130018,1.0,0.7586206896551724,0.7241379310344828,1.0,0.6206896551724138,0.4827586206896552,0.4827586206896552,0.6551724137931034,0.9310344827586207,0.7241379310344828,0.7586206896551724,0.7931034482758621,0.7241379310344828,0.6551724137931034,0.4827586206896552,0.9310344827586207,0.6896551724137931,0.9310344827586207,0.7931034482758621,1.0,0.9655172413793104,0.8620689655172413,0.9655172413793104,0.7586206896551724,0.8620689655172413,0.8620689655172413,0.8275862068965517,0.6896551724137931
096130019,1.0,0.8235294117647058,0.8235294117647058,0.8235294117647058,0.47058823529411764,0.6470588235294118,0.6470588235294118,0.8235294117647058,0.9444444444444444,0.7647058823529411,0.9411764705882353,0.7647058823529411,0.5882352941176471,0.8235294117647058,1.0,1.0,0.8823529411764706,0.9411764705882353,0.8235294117647058,0.8823529411764706,1.0,0.8235294117647058,1.0,0.5882352941176471,0.8823529411764706,0.7647058823529411,0.7058823529411765,0.5882352941176471
096130020,1.0,0.7727272727272727,0.7727272727272727,0.4090909090909091,0.6818181818181818,0.09090909090909091,0.2727272727272727,0.3181818181818182,1.0,1.0,1.0,0.8181818181818182,0.13636363636363635,1.0,0.09090909090909091,1.0,0.09090909090909091,1.0,1.0,0.36363636363636365,1.0,0.7727272727272727,0.9545454545454546,0.9545454545454546,1.0,1.0,0.7272727272727273,1.0
096130021,1.0,0.9230769230769231,0.8461538461538461,0.8461538461538461,0.0,0.0,0.0,0.9230769230769231,1.0,0.38461538461538464,1.0,1.0,0.07692307692307693,1.0,0.0,0.0,0.0,1.0,0.6923076923076923,0.9230769230769231,1.0,0.3076923076923077,0.6153846153846154,0.15384615384615385,0.38461538461538464,0.38461538461538464,0.6923076923076923,0.6923076923076923
096140002,0.8571428571428571,0.3793103448275862,0.5517241379310345,0.5517241379310345,0.3103448275862069,0.3448275862068966,0.3103448275862069,0.2413793103448276,0.5357142857142857,0.4482758620689655,0.4482758620689655,0.6206896551724138,0.3448275862068966,0.5172413793103449,0.3448275862068966,0.41379310344827586,0.06896551724137931,1.0,0.3793103448275862,0.2413793103448276,0.7931034482758621,0.3103448275862069,0.3793103448275862,0.3103448275862069,0.5517241379310345,0.3793103448275862,0.4827586206896552,0.41379310344827586
096140003,1.0,0.6,0.56,0.16,0.12,0.12,0.16,0.32,0.72,0.36,0.28,0.36,0.32,0.52,0.16,0.04,0.16,1.0,0.52,0.36,0.48,0.4,0.6,0.4,0.6,0.36,0.48,0.44
096140004,0.7272727272727273,0.5151515151515151,0.7878787878787878,0.06060606060606061,0.09090909090909091,0.0,0.06060606060606061,0.06060606060606061,0.6363636363636364,0.12121212121212122,0.5757575757575758,0.36363636363636365,0.09090909090909091,0.24242424242424243,0.09090909090909091,0.0,0.09090909090909091,1.0,0.30303030303030304,0.36363636363636365,0.8484848484848485,0.21212121212121213,0.36363636363636365,0.18181818181818182,0.6060606060606061,0.2727272727272727,0.2727272727272727,0.2727272727272727
096140005,1.0,0.7647058823529411,0.47058823529411764,0.0,0.17647058823529413,0.0,0.0,0.17647058823529413,0.6,0.058823529411764705,0.29411764705882354,0.0,0.17647058823529413,0.23529411764705882,0.0,0.35294117647058826,0.17647058823529413,0.8235294117647058,0.0,0.0,0.7647058823529411,0.35294117647058826,0.35294117647058826,0.11764705882352941,0.17647058823529413,0.23529411764705882,0.35294117647058826,0.11764705882352941
096140006,0.9285714285714286,0.7857142857142857,1.0,0.2857142857142857,0.2857142857142857,0.35714285714285715,0.2857142857142857,0.35714285714285715,0.9285714285714286,0.5,0.42857142857142855,0.5714285714285714,0.2857142857142857,0.21428571428571427,0.2857142857142857,0.2857142857142857,0.2857142857142857,1.0,0.2857142857142857,0.2857142857142857,1.0,0.5714285714285714,0.8571428571428571,0.42857142857142855,0.5,0.5714285714285714,0.35714285714285715,0.42857142857142855
096140007,0.6785714285714286,0.27586206896551724,0.7241379310344828,0.1724137931034483,0.0,0.0,0.0,0.1724137931034483,0.25,0.27586206896551724,0.3448275862068966,0.0,0.0,0.2413793103448276,0.0,0.0,0.0,1.0,0.0,0.1724137931034483,0.4827586206896552,0.13793103448275862,0.27586206896551724,0.1724137931034483,0.2413793103448276,0.13793103448275862,0.4482758620689655,0.20689655172413793
096140008,0.6875,0.29411764705882354,0.8235294117647058,0.35294117647058826,0.17647058823529413,0.5294117647058824,0.35294117647058826,0.29411764705882354,0.4375,0.4117647058823529,0.5882352941176471,0.23529411764705882,0.29411764705882354,0.5294117647058824,0.5294117647058824,0.11764705882352941,0.35294117647058826,0.5882352941176471,0.4117647058823529,0.4117647058823529,0.4117647058823529,0.29411764705882354,0.29411764705882354,0.35294117647058826,0.47058823529411764,0.29411764705882354,0.35294117647058826,0.17647058823529413
096140009,0.8461538461538461,0.07692307692307693,0.46153846153846156,0.15384615384615385,0.0,0.0,0.07692307692307693,0.07692307692307693,0.3076923076923077,0.15384615384615385,0.07692307692307693,0.07692307692307693,0.0,0.15384615384615385,0.23076923076923078,0.0,0.07692307692307693,0.5384615384615384,0.07692307692307693,0.38461538461538464,0.15384615384615385,0.07692307692307693,0.07692307692307693,0.15384615384615385,0.07692307692307693,0.07692307692307693,0.07692307692307693,0.15384615384615385
096140010,0.8,0.42857142857142855,0.7857142857142857,0.35714285714285715,0.0,0.0,0.42857142857142855,0.35714285714285715,0.5333333333333333,0.5,0.5,0.35714285714285715,0.0,0.14285714285714285,0.14285714285714285,1.0,0.35714285714285715,1.0,0.21428571428571427,0.5,0.7142857142857143,0.35714285714285715,0.5,0.35714285714285715,0.8571428571428571,0.35714285714285715,0.42857142857142855,0.14285714285714285
096140011,0.7777777777777778,0.4444444444444444,0.6296296296296297,0.4444444444444444,0.2222222222222222,0.2222222222222222,0.2222222222222222,0.2222222222222222,0.48148148148148145,0.4074074074074074,0.5555555555555556,0.4444444444444444,0.4074074074074074,0.3333333333333333,0.2222222222222222,0.4074074074074074,0.37037037037037035,0.8518518518518519,0.37037037037037035,0.37037037037037035,0.6296296296296297,0.3333333333333333,0.3333333333333333,0.3333333333333333,0.2962962962962963,0.4444444444444444,0.3333333333333333,0.3333333333333333
096140012,1.0,0.7894736842105263,0.7368421052631579,0.42105263157894735,0.5789473684210527,0.21052631578947367,0.21052631578947367,0.6842105263157895,1.0,0.8421052631578947,0.8421052631578947,0.8947368421052632,0.05263157894736842,0.7894736842105263,0.5789473684210527,0.3684210526315789,0.15789473684210525,1.0,0.5789473684210527,0.631578947368421,1.0,0.6842105263157895,0.8421052631578947,0.7894736842105263,0.9473684210526315,0.9473684210526315,0.6842105263157895,0.8421052631578947
096140014,0.5714285714285714,0.5,0.5454545454545454,0.22727272727272727,0.0,0.0,0.045454545454545456,0.0,0.42857142857142855,0.13636363636363635,0.36363636363636365,0.0,0.0,0.45454545454545453,0.0,0.0,0.0,1.0,0.0,0.18181818181818182,0.45454545454545453,0.09090909090909091,0.5,0.13636363636363635,0.2727272727272727,0.18181818181818182,0.13636363636363635,0.09090909090909091
096140015,1.0,0.8148148148148148,0.7777777777777778,0.14814814814814814,0.2962962962962963,0.14814814814814814,0.14814814814814814,0.2222222222222222,0.5,0.18518518518518517,0.4074074074074074,0.2962962962962963,0.18518518518518517,0.5925925925925926,0.2962962962962963,0.37037037037037035,0.2222222222222222,1.0,0.48148148148148145,0.25925925925925924,0.8888888888888888,0.37037037037037035,0.4444444444444444,0.2962962962962963,0.4074074074074074,0.18518518518518517,0.37037037037037035,0.37037037037037035
096140016,0.8529411764705882,0.5,0.5882352941176471,0.29411764705882354,0.14705882352941177,0.029411764705882353,0.029411764705882353,0.029411764705882353,0.47058823529411764,0.23529411764705882,0.5588235294117647,0.4117647058823529,0.029411764705882353,0.3235294117647059,0.029411764705882353,0.23529411764705882,0.029411764705882353,0.8823529411764706,0.29411764705882354,0.5294117647058824,0.7058823529411765,0.23529411764705882,0.29411764705882354,0.3235294117647059,0.35294117647058826,0.29411764705882354,0.5294117647058824,0.20588235294117646
096140017,1.0,0.6086956521739131,0.6956521739130435,0.2608695652173913,0.2608695652173913,0.21739130434782608,0.2608695652173913,0.2608695652173913,0.6363636363636364,0.6086956521739131,0.391304347826087,0.43478260869565216,0.17391304347826086,0.43478260869565216,0.08695652173913043,0.17391304347826086,0.391304347826087,1.0,0.17391304347826086,0.30434782608695654,0.6086956521739131,0.4782608695652174,0.4782608695652174,0.5652173913043478,0.5652173913043478,0.4782608695652174,0.5652173913043478,0.34782608695652173
096140018,0.8636363636363636,0.2727272727272727,0.7272727272727273,0.0,0.0,0.0,0.0,0.045454545454545456,0.3181818181818182,0.045454545454545456,0.22727272727272727,0.045454545454545456,0.0,0.22727272727272727,0.0,0.09090909090909091,0.0,1.0,0.13636363636363635,0.09090909090909091,0.3181818181818182,0.13636363636363635,0.18181818181818182,0.18181818181818182,0.045454545454545456,0.13636363636363635,0.2727272727272727,0.13636363636363635
096140019,0.6842105263157895,0.5263157894736842,0.47368421052631576,0.0,0.15789473684210525,0.0,0.15789473684210525,0.15789473684210525,0.5263157894736842,0.3157894736842105,0.42105263157894735,0.15789473684210525,0.15789473684210525,0.21052631578947367,0.0,0.15789473684210525,0.0,0.9473684210526315,0.3157894736842105,0.15789473684210525,0.42105263157894735,0.3157894736842105,0.47368421052631576,0.21052631578947367,0.47368421052631576,0.15789473684210525,0.3684210526315789,0.3157894736842105
096140020,0.875,0.4166666666666667,0.625,0.16666666666666666,0.0,0.0,0.0,0.0,0.5833333333333334,0.4583333333333333,0.5,0.3333333333333333,0.0,0.4166666666666667,0.0,0.16666666666666666,0.0,1.0,0.375,0.7083333333333334,0.6666666666666666,0.4166666666666667,0.4583333333333333,0.125,0.5833333333333334,0.3333333333333333,0.25,0.375
096140021,0.8,0.13333333333333333,0.5333333333333333,0.06666666666666667,0.06666666666666667,0.06666666666666667,0.06666666666666667,0.06666666666666667,0.26666666666666666,0.2,0.26666666666666666,0.3333333333333333,0.06666666666666667,0.26666666666666666,0.06666666666666667,0.4,0.06666666666666667,1.0,0.2,0.3333333333333333,0.3333333333333333,0.2,0.13333333333333333,0.2,0.2,0.2,0.3333333333333333,0.2
096140022,0.8148148148148148,0.2857142857142857,0.6428571428571429,0.17857142857142858,0.17857142857142858,0.17857142857142858,0.10714285714285714,0.17857142857142858,0.5555555555555556,0.2857142857142857,0.42857142857142855,0.17857142857142858,0.17857142857142858,0.4642857142857143,0.17857142857142858,0.10714285714285714,0.10714285714285714,1.0,0.2857142857142857,0.17857142857142858,0.7142857142857143,0.14285714285714285,0.35714285714285715,0.32142857142857145,0.39285714285714285,0.17857142857142858,0.4642857142857143,0.32142857142857145
096150003,0.85,0.65,0.8,0.6,0.35,0.25,0.3,0.45,0.6,0.55,0.35,0.6,0.0,0.5,0.1,0.0,0.3,1.0,0.6,0.6,0.4,0.4,0.65,0.55,0.65,0.5,0.6,0.25
096150005,1.0,0.2857142857142857,0.5,0.17857142857142858,0.21428571428571427,0.10714285714285714,0.14285714285714285,0.25,0.6428571428571429,0.6071428571428571,0.42857142857142855,1.0,0.5,0.4642857142857143,0.17857142857142858,0.35714285714285715,0.42857142857142855,1.0,0.5,0.6428571428571429,0.8928571428571429,0.5357142857142857,0.6428571428571429,0.39285714285714285,0.6785714285714286,0.75,0.4642857142857143,0.35714285714285715
096150006,0.8484848484848485,0.20588235294117646,0.7647058823529411,0.2647058823529412,0.2647058823529412,0.17647058823529413,0.2647058823529412,0.2647058823529412,0.3939393939393939,0.5294117647058824,0.47058823529411764,0.2647058823529412,0.23529411764705882,0.2647058823529412,0.2647058823529412,0.17647058823529413,0.17647058823529413,1.0,0.2647058823529412,0.2647058823529412,0.5588235294117647,0.4411764705882353,0.6470588235294118,0.3235294117647059,0.5588235294117647,0.47058823529411764,0.5588235294117647,0.38235294117647056
096150007,0.8461538461538461,0.6153846153846154,0.7692307692307693,0.34615384615384615,0.11538461538461539,0.11538461538461539,0.11538461538461539,0.46153846153846156,0.5769230769230769,0.5769230769230769,0.5384615384615384,0.38461538461538464,0.15384615384615385,0.5384615384615384,0.11538461538461539,1.0,0.19230769230769232,1.0,0.4230769230769231,0.5,0.7307692307692307,0.6538461538461539,0.46153846153846156,0.4230769230769231,0.7307692307692307,0.46153846153846156,0.46153846153846156,0.5
096150009,1.0,0.4166666666666667,0.75,0.0,0.125,0.0,0.0,0.16666666666666666,0.4583333333333333,0.625,0.3333333333333333,0.3333333333333333,0.125,0.5,0.0,0.6666666666666666,0.0,1.0,0.16666666666666666,0.20833333333333334,0.5833333333333334,0.25,0.2916666666666667,0.375,0.375,0.2916666666666667,0.5,0.4166666666666667
096150010,0.8,0.5333333333333333,0.6,0.13333333333333333,0.0,0.0,0.0,0.06666666666666667,0.6666666666666666,0.6,0.43333333333333335,1.0,0.0,0.4666666666666667,0.0,0.0,0.0,1.0,0.3333333333333333,0.13333333333333333,0.7,0.43333333333333335,0.43333333333333335,0.2,0.6,0.36666666666666664,0.6333333333333333,0.4
096150011,0.8846153846153846,0.5769230769230769,0.7307692307692307,0.19230769230769232,0.34615384615384615,0.0,0.0,0.038461538461538464,0.6153846153846154,0.6153846153846154,0.5769230769230769,0.2692307692307692,0.38461538461538464,0.8461538461538461,0.0,0.7307692307692307,0.0,1.0,0.19230769230769232,0.15384615384615385,1.0,0.5384615384615384,0.7307692307692307,0.4230769230769231,1.0,0.6538461538461539,0.8076923076923077,0.34615384615384615
096150012,0.7931034482758621,0.5333333333333333,0.4666666666666667,0.2,0.43333333333333335,0.6333333333333333,0.13333333333333333,0.43333333333333335,0.7241379310344828,0.7,0.5333333333333333,0.7333333333333333,0.1,0.4,0.13333333333333333,0.13333333333333333,0.5666666666666667,1.0,0.5,0.7,0.6666666666666666,0.6,0.6666666666666666,0.5333333333333333,0.6333333333333333,0.5333333333333333,0.4666666666666667,0.4
096150013,0.9130434782608695,0.32,0.52,0.0,0.0,0.0,0.04,0.08,0.4782608695652174,0.32,0.24,1.0,0.0,0.24,0.04,1.0,0.08,1.0,0.04,0.08,0.28,0.2,0.2,0.2,0.24,0.36,0.32,0.2
096150016,0.8181818181818182,0.5,0.7727272727272727,0.3181818181818182,0.4090909090909091,0.0,0.3181818181818182,0.36363636363636365,0.5909090909090909,0.6818181818181818,0.45454545454545453,0.7727272727272727,0.13636363636363635,0.4090909090909091,0.0,0.36363636363636365,0.36363636363636365,1.0,0.5454545454545454,0.5909090909090909,0.6363636363636364,0.5,0.6363636363636364,0.4090909090909091,0.45454545454545453,0.6363636363636364,0.5909090909090909,0.4090909090909091
096150017,1.0,0.5263157894736842,0.7894736842105263,0.47368421052631576,0.3684210526315789,0.3157894736842105,0.05263157894736842,0.47368421052631576,0.5555555555555556,0.47368421052631576,0.5789473684210527,0.42105263157894735,0.47368421052631576,0.7894736842105263,0.0,0.3684210526315789,0.3157894736842105,1.0,0.5263157894736842,0.631578947368421,0.631578947368421,0.3684210526315789,0.5263157894736842,0.3684210526315789,0.5789473684210527,0.631578947368421,0.47368421052631576,0.3157894736842105
096150018,0.8333333333333334,0.5833333333333334,0.7083333333333334,0.5833333333333334,0.6666666666666666,0.5833333333333334,0.125,0.08333333333333333,0.5416666666666666,0.5416666666666666,0.5,0.3333333333333333,0.20833333333333334,0.5416666666666666,0.125,0.25,0.20833333333333334,1.0,0.5416666666666666,0.4583333333333333,0.8333333333333334,0.4166666666666667,0.6666666666666666,0.4166666666666667,0.5416666666666666,0.5,0.5416666666666666,0.4583333333333333
096150019,0.8823529411764706,0.15789473684210525,0.42105263157894735,0.0,0.0,0.0,0.0,0.0,0.35294117647058826,0.21052631578947367,0.21052631578947367,1.0,0.0,0.21052631578947367,0.0,0.0,0.10526315789473684,1.0,0.0,0.0,0.47368421052631576,0.10526315789473684,0.47368421052631576,0.15789473684210525,0.42105263157894735,0.3684210526315789,0.21052631578947367,0.15789473684210525
096150020,1.0,0.5,0.8461538461538461,0.8076923076923077,0.7307692307692307,0.38461538461538464,0.6538461538461539,0.5384615384615384,0.84,0.6538461538461539,0.8461538461538461,0.8461538461538461,0.46153846153846156,0.7692307692307693,0.0,0.46153846153846156,0.7692307692307693,1.0,0.5769230769230769,0.7692307692307693,0.8846153846153846,0.9230769230769231,0.7692307692307693,0.7692307692307693,0.8076923076923077,0.7692307692307693,0.6923076923076923,0.6153846153846154
096150021,1.0,0.5,0.7307692307692307,0.34615384615384615,0.15384615384615385,0.15384615384615385,0.15384615384615385,0.19230769230769232,0.7407407407407407,0.6153846153846154,0.4230769230769231,1.0,0.15384615384615385,0.5769230769230769,0.15384615384615385,0.15384615384615385,0.19230769230769232,1.0,0.7692307692307693,0.5,0.9615384615384616,0.3076923076923077,0.4230769230769231,0.15384615384615385,0.6923076923076923,0.4230769230769231,0.46153846153846156,0.15384615384615385
096150024,1.0,0.8275862068965517,0.6206896551724138,0.4827586206896552,0.41379310344827586,0.3448275862068966,0.5862068965517241,0.4827586206896552,0.6451612903225806,0.7586206896551724,0.8620689655172413,0.41379310344827586,0.3448275862068966,0.7931034482758621,0.3448275862068966,0.20689655172413793,0.6551724137931034,1.0,0.5517241379310345,0.9310344827586207,1.0,0.5172413793103449,0.7931034482758621,0.5172413793103449,0.7931034482758621,0.7241379310344828,0.7586206896551724,0.4482758620689655
096150025,0.8333333333333334,0.3,0.5666666666666667,0.3333333333333333,0.4,0.03333333333333333,0.3,0.03333333333333333,0.5,0.4666666666666667,0.6333333333333333,0.36666666666666664,0.26666666666666666,0.4666666666666667,0.23333333333333334,0.5333333333333333,0.03333333333333333,1.0,0.16666666666666666,0.3333333333333333,0.5666666666666667,0.3,0.43333333333333335,0.43333333333333335,0.6,0.3,0.6,0.43333333333333335
096150026,1.0,0.4666666666666667,0.5,0.2,0.3,0.16666666666666666,0.13333333333333333,0.13333333333333333,0.6428571428571429,0.7666666666666667,0.6333333333333333,0.36666666666666664,0.2,0.8,0.13333333333333333,0.3333333333333333,0.13333333333333333,1.0,0.43333333333333335,0.5333333333333333,0.9666666666666667,0.5,0.6,0.36666666666666664,0.8,0.6666666666666666,0.6,0.36666666666666664
096150027,0.8823529411764706,0.6470588235294118,0.6470588235294118,0.0,0.11764705882352941,0.11764705882352941,0.0,0.23529411764705882,0.35294117647058826,0.23529411764705882,0.7647058823529411,0.35294117647058826,0.0,0.5882352941176471,0.0,0.0,0.35294117647058826,1.0,0.5882352941176471,0.5882352941176471,0.8823529411764706,0.17647058823529413,0.35294117647058826,0.4117647058823529,0.6470588235294118,0.35294117647058826,0.47058823529411764,0.29411764705882354
096150028,0.8095238095238095,0.3181818181818182,0.36363636363636365,0.045454545454545456,0.045454545454545456,0.045454545454545456,0.045454545454545456,0.045454545454545456,0.47619047619047616,0.3181818181818182,0.22727272727272727,0.2727272727272727,0.045454545454545456,0.22727272727272727,0.045454545454545456,1.0,0.045454545454545456,1.0,0.045454545454545456,0.36363636363636365,0.5,0.3181818181818182,0.45454545454545453,0.36363636363636365,0.36363636363636365,0.2727272727272727,0.45454545454545453,0.22727272727272727
096160001,1.0,1.0,1.0,1.0,1.0,0.0,1.0,1.0,1.0,1.0,1.0,1.0,1.0,0.6470588235294118,0.17647058823529413,0.7647058823529411,0.6470588235294118,1.0,1.0,1.0,1.0,1.0,1.0,1.0,1.0,1.0,1.0,1.0
096160002,1.0,0.7857142857142857,1.0,1.0,1.0,0.21428571428571427,1.0,0.0,1.0,1.0,1.0,1.0,1.0,0.21428571428571427,1.0,1.0,1.0,1.0,1.0,1.0,1.0,0.9285714285714286,1.0,1.0,0.9285714285714286,0.8571428571428571,1.0,1.0
096160003,0.8461538461538461,0.6923076923076923,0.8461538461538461,0.38461538461538464,0.3076923076923077,0.0,0.15384615384615385,0.23076923076923078,0.6923076923076923,0.46153846153846156,0.7692307692307693,0.6153846153846154,0.3076923076923077,0.9230769230769231,0.15384615384615385,0.38461538461538464,0.3076923076923077,1.0,0.46153846153846156,0.9230769230769231,0.9230769230769231,0.7692307692307693,0.7692307692307693,0.46153846153846156,0.6923076923076923,0.6923076923076923,0.38461538461538464,0.5384615384615384
096160004,1.0,0.38095238095238093,0.9047619047619048,0.3333333333333333,0.2857142857142857,0.14285714285714285,0.23809523809523808,0.14285714285714285,0.5238095238095238,0.47619047619047616,0.3333333333333333,0.19047619047619047,0.2857142857142857,0.3333333333333333,0.09523809523809523,0.23809523809523808,0.09523809523809523,0.9523809523809523,0.14285714285714285,0.14285714285714285,0.42857142857142855,0.42857142857142855,0.42857142857142855,0.2857142857142857,0.38095238095238093,0.3333333333333333,0.38095238095238093,0.47619047619047616
096160005,0.7647058823529411,0.8823529411764706,0.47058823529411764,0.47058823529411764,0.5882352941176471,0.29411764705882354,0.29411764705882354,0.5294117647058824,0.6470588235294118,0.4117647058823529,0.5882352941176471,0.5882352941176471,0.4117647058823529,0.7647058823529411,0.47058823529411764,0.6470588235294118,0.5882352941176471,1.0,0.9411764705882353,0.6470588235294118,0.7058823529411765,0.4117647058823529,0.7058823529411765,0.35294117647058826,0.5882352941176471,0.47058823529411764,0.47058823529411764,0.47058823529411764
096160006,1.0,0.8571428571428571,0.8571428571428571,0.9642857142857143,0.6785714285714286,0.6785714285714286,0.5,0.6428571428571429,0.8148148148148148,0.7142857142857143,0.8214285714285714,0.8214285714285714,0.6785714285714286,0.6428571428571429,0.7857142857142857,0.7142857142857143,0.8214285714285714,1.0,0.7142857142857143,0.6785714285714286,0.8928571428571429,0.6428571428571429,0.8928571428571429,0.5,0.8214285714285714,0.8214285714285714,0.7857142857142857,0.7142857142857143
096160007,0.47619047619047616,0.2857142857142857,0.2857142857142857,0.3333333333333333,0.19047619047619047,0.19047619047619047,0.14285714285714285,0.23809523809523808,0.2857142857142857,0.14285714285714285,0.19047619047619047,0.3333333333333333,0.19047619047619047,0.19047619047619047,0.09523809523809523,0.14285714285714285,0.23809523809523808,0.5238095238095238,0.14285714285714285,0.14285714285714285,0.14285714285714285,0.23809523809523808,0.38095238095238093,0.23809523809523808,0.38095238095238093,0.14285714285714285,0.2857142857142857,0.38095238095238093
096160008,0.8148148148148148,0.5185185185185185,0.7407407407407407,0.2222222222222222,0.1111111111111111,0.2962962962962963,0.0,0.25925925925925924,0.6666666666666666,0.6666666666666666,0.5185185185185185,0.48148148148148145,0.07407407407407407,0.5925925925925926,0.0,0.18518518518518517,0.0,1.0,0.5925925925925926,0.5185185185185185,0.5925925925925926,0.4074074074074074,0.7407407407407407,0.2222222222222222,0.6296296296296297,0.4074074074074074,0.25925925925925924,0.5555555555555556
096160009,0.5384615384615384,0.38461538461538464,0.46153846153846156,0.34615384615384615,0.11538461538461539,0.11538461538461539,0.2692307692307692,0.15384615384615385,0.38461538461538464,0.3076923076923077,0.2692307692307692,0.15384615384615385,0.07692307692307693,0.2692307692307692,0.15384615384615385,0.11538461538461539,0.11538461538461539,0.6538461538461539,0.23076923076923078,0.3076923076923077,0.5384615384615384,0.2692307692307692,0.4230769230769231,0.2692307692307692,0.4230769230769231,0.34615384615384615,0.19230769230769232,0.2692307692307692
096160010,0.9,0.6190476190476191,0.7142857142857143,0.5238095238095238,0.38095238095238093,0.47619047619047616,0.38095238095238093,0.23809523809523808,0.65,0.6666666666666666,0.5238095238095238,0.47619047619047616,0.3333333333333333,0.42857142857142855,0.38095238095238093,0.2857142857142857,0.2857142857142857,1.0,0.47619047619047616,0.5238095238095238,0.8095238095238095,0.47619047619047616,0.6190476190476191,0.47619047619047616,0.6666666666666666,0.7142857142857143,0.6666666666666666,0.5714285714285714
096160011,0.8620689655172413,0.4642857142857143,0.6428571428571429,0.32142857142857145,0.25,0.17857142857142858,0.2857142857142857,0.25,0.4827586206896552,0.6071428571428571,0.5357142857142857,0.5,0.2857142857142857,0.6785714285714286,0.35714285714285715,0.21428571428571427,0.5,0.9642857142857143,0.5357142857142857,0.5714285714285714,0.6428571428571429,0.5714285714285714,0.7142857142857143,0.5,0.42857142857142855,0.5357142857142857,0.5714285714285714,0.42857142857142855
096160012,0.75,0.64,0.56,0.4,0.08,0.08,0.12,0.16,0.75,0.44,0.36,0.48,0.16,0.4,0.16,0.08,0.08,1.0,0.52,0.24,0.56,0.24,0.48,0.6,0.32,0.4,0.48,0.28
096160013,0.8421052631578947,0.38095238095238093,0.6190476190476191,0.3333333333333333,0.2857142857142857,0.09523809523809523,0.19047619047619047,0.09523809523809523,0.631578947368421,0.2857142857142857,0.3333333333333333,0.19047619047619047,0.09523809523809523,0.38095238095238093,0.19047619047619047,0.23809523809523808,0.14285714285714285,1.0,0.2857142857142857,0.14285714285714285,0.42857142857142855,0.14285714285714285,0.47619047619047616,0.38095238095238093,0.3333333333333333,0.42857142857142855,0.14285714285714285,0.38095238095238093
096160014,0.9166666666666666,0.25,0.7083333333333334,0.08333333333333333,0.16666666666666666,0.16666666666666666,0.125,0.375,0.4166666666666667,0.4166666666666667,0.4583333333333333,0.25,0.16666666666666666,0.375,0.125,0.16666666666666666,0.375,1.0,0.2916666666666667,0.3333333333333333,0.625,0.4166666666666667,0.375,0.4583333333333333,0.4583333333333333,0.4583333333333333,0.4166666666666667,0.4166666666666667
096160015,0.6842105263157895,0.2631578947368421,0.631578947368421,0.3157894736842105,0.15789473684210525,0.05263157894736842,0.15789473684210525,0.21052631578947367,0.5263157894736842,0.47368421052631576,0.2631578947368421,0.21052631578947367,0.10526315789473684,0.3684210526315789,0.15789473684210525,0.0,0.15789473684210525,1.0,0.15789473684210525,0.5263157894736842,0.42105263157894735,0.3157894736842105,0.631578947368421,0.3157894736842105,0.3684210526315789,0.42105263157894735,0.42105263157894735,0.47368421052631576
096160016,1.0,1.0,0.8,0.7333333333333333,0.8,0.8666666666666667,0.8666666666666667,1.0,1.0,1.0,1.0,1.0,1.0,0.8,0.9333333333333333,1.0,1.0,1.0,1.0,1.0,1.0,1.0,1.0,1.0,1.0,1.0,1.0,1.0
096160017,0.5517241379310345,0.2413793103448276,0.4827586206896552,1.0,0.27586206896551724,0.0,0.13793103448275862,0.20689655172413793,0.2413793103448276,0.20689655172413793,0.3448275862068966,0.3103448275862069,0.1724137931034483,0.3103448275862069,0.0,0.13793103448275862,0.27586206896551724,1.0,0.3448275862068966,0.27586206896551724,0.4482758620689655,0.13793103448275862,0.2413793103448276,0.20689655172413793,0.41379310344827586,0.2413793103448276,0.20689655172413793,0.3103448275862069
096160018,0.5806451612903226,0.5483870967741935,0.7419354838709677,0.3548387096774194,0.1935483870967742,0.1935483870967742,0.1935483870967742,0.0967741935483871,0.4838709677419355,0.3225806451612903,0.6129032258064516,0.22580645161290322,0.22580645161290322,0.41935483870967744,0.12903225806451613,0.1935483870967742,0.12903225806451613,1.0,0.3870967741935484,0.25806451612903225,0.9032258064516129,0.41935483870967744,0.6774193548387096,0.25806451612903225,0.4838709677419355,0.3870967741935484,0.41935483870967744,0.3225806451612903
096160019,0.55,0.45,0.6,0.3,0.3,0.3,0.4,0.6,0.4,0.3,0.4,0.3,0.5,0.35,0.55,0.6,0.55,0.85,0.4,0.4,0.3,0.3,0.5,0.35,0.35,0.35,0.35,0.3
096160020,0.8333333333333334,0.4,0.76,0.48,0.32,0.48,0.44,0.36,0.7916666666666666,0.56,0.56,0.44,0.36,0.64,0.32,0.48,0.4,1.0,0.44,0.68,0.72,0.48,0.52,0.44,0.56,0.4,0.44,0.52
096190001,1.0,0.5,0.5555555555555556,0.5,0.0,0.0,0.2222222222222222,0.05555555555555555,0.9444444444444444,0.6666666666666666,0.6111111111111112,0.6666666666666666,0.0,0.6111111111111112,0.05555555555555555,1.0,0.2222222222222222,1.0,0.6111111111111112,0.7222222222222222,0.3333333333333333,0.5555555555555556,0.6666666666666666,0.6666666666666666,0.5,0.3888888888888889,0.4444444444444444,0.3888888888888889
096190002,0.6153846153846154,0.35714285714285715,0.7142857142857143,0.21428571428571427,0.0,0.0,0.0,0.0,0.7692307692307693,0.21428571428571427,0.35714285714285715,0.0,0.07142857142857142,0.35714285714285715,0.0,0.0,0.0,0.7857142857142857,0.42857142857142855,0.14285714285714285,0.42857142857142855,0.2857142857142857,0.42857142857142855,0.2857142857142857,0.2857142857142857,0.14285714285714285,0.35714285714285715,0.35714285714285715
096190003,0.8888888888888888,0.47368421052631576,0.5789473684210527,0.2631578947368421,0.21052631578947367,0.0,0.15789473684210525,0.47368421052631576,0.8888888888888888,0.42105263157894735,0.42105263157894735,0.3684210526315789,0.3157894736842105,0.47368421052631576,0.3684210526315789,0.21052631578947367,0.3684210526315789,0.7894736842105263,0.5263157894736842,0.631578947368421,0.47368421052631576,0.42105263157894735,0.3684210526315789,0.631578947368421,0.47368421052631576,0.3684210526315789,0.3157894736842105,0.3684210526315789
096190004,1.0,0.6086956521739131,0.6521739130434783,0.6086956521739131,0.17391304347826086,0.08695652173913043,0.30434782608695654,0.2608695652173913,0.9565217391304348,0.6086956521739131,0.6521739130434783,0.5652173913043478,0.08695652173913043,0.4782608695652174,0.2608695652173913,1.0,0.08695652173913043,1.0,1.0,0.6521739130434783,0.782608695652174,0.5217391304347826,0.4782608695652174,0.6956521739130435,0.6521739130434783,0.5652173913043478,0.6086956521739131,0.5217391304347826
096190005,0.8620689655172413,0.42857142857142855,0.7857142857142857,0.17857142857142858,0.0,0.0,0.03571428571428571,0.10714285714285714,0.7931034482758621,0.39285714285714285,0.5714285714285714,0.25,0.0,0.39285714285714285,0.10714285714285714,0.32142857142857145,0.0,1.0,0.4642857142857143,0.32142857142857145,0.6071428571428571,0.2857142857142857,0.6428571428571429,0.21428571428571427,0.6428571428571429,0.2857142857142857,0.42857142857142855,0.35714285714285715
096190006,1.0,0.75,0.6875,0.75,0.125,0.125,0.375,0.5625,1.0,0.875,0.8125,1.0,0.3125,0.75,0.1875,1.0,0.5,1.0,1.0,0.6875,1.0,0.6875,0.9375,0.625,0.8125,0.8125,0.625,0.5625
096190007,0.7777777777777778,0.6428571428571429,0.7857142857142857,0.75,0.39285714285714285,0.10714285714285714,0.03571428571428571,0.4642857142857143,0.8888888888888888,0.5357142857142857,0.42857142857142855,0.10714285714285714,0.32142857142857145,0.39285714285714285,0.32142857142857145,0.6071428571428571,0.42857142857142855,0.8571428571428571,0.5,0.6785714285714286,0.5357142857142857,0.5357142857142857,0.6071428571428571,0.6785714285714286,0.5357142857142857,0.6428571428571429,0.5,0.6071428571428571
096190008,0.9444444444444444,0.4,0.6,0.15,0.0,0.0,0.0,0.0,0.9444444444444444,0.45,0.3,0.2,0.0,0.15,0.0,0.0,0.0,1.0,0.4,0.05,0.1,0.25,0.45,0.1,0.5,0.2,0.3,0.2
096190009,0.9230769230769231,0.4444444444444444,0.5555555555555556,0.5185185185185185,0.37037037037037035,0.37037037037037035,0.3333333333333333,0.25925925925925924,0.8461538461538461,0.4074074074074074,0.5185185185185185,0.5555555555555556,0.25925925925925924,0.4074074074074074,0.07407407407407407,1.0,0.3333333333333333,0.9259259259259259,0.7407407407407407,0.37037037037037035,0.7037037037037037,0.6296296296296297,0.5925925925925926,0.4444444444444444,0.48148148148148145,0.5555555555555556,0.5555555555555556,0.5185185185185185
096190010,1.0,0.8666666666666667,0.8,0.4,0.5333333333333333,0.3333333333333333,0.6,0.3333333333333333,1.0,0.7333333333333333,0.8,1.0,0.5333333333333333,0.6,0.6,0.7333333333333333,0.13333333333333333,1.0,0.8,0.13333333333333333,0.9333333333333333,0.6666666666666666,0.8,0.8666666666666667,0.6,0.6666666666666666,0.6666666666666666,0.8666666666666667
096190011,0.9166666666666666,0.8333333333333334,0.9166666666666666,0.4166666666666667,0.25,0.25,0.25,0.5833333333333334,1.0,0.75,0.5,0.25,0.25,0.9166666666666666,0.4166666666666667,0.3333333333333333,0.3333333333333333,1.0,1.0,0.3333333333333333,1.0,0.5,1.0,0.6666666666666666,0.9166666666666666,0.75,0.6666666666666666,0.8333333333333334
096190012,1.0,0.6923076923076923,0.6923076923076923,0.8846153846153846,0.6153846153846154,0.5769230769230769,0.4230769230769231,0.6538461538461539,1.0,0.8461538461538461,0.8846153846153846,1.0,0.6538461538461539,0.6538461538461539,0.5384615384615384,1.0,0.8076923076923077,1.0,0.6538461538461539,0.6923076923076923,0.8846153846153846,0.6538461538461539,0.7307692307692307,0.9230769230769231,0.7692307692307693,0.7692307692307693,0.6923076923076923,0.8461538461538461
096190013,0.96,0.52,0.6,0.4,0.24,0.0,0.2,0.2,1.0,0.64,0.48,0.16,0.24,0.52,0.36,0.28,0.32,1.0,0.44,0.44,0.8,0.4,0.84,0.64,0.76,0.64,0.64,0.84
096190014,0.9629629629629629,0.5357142857142857,0.5714285714285714,0.25,0.25,0.25,0.25,0.25,0.6296296296296297,0.5357142857142857,0.35714285714285715,0.25,0.21428571428571427,0.5,0.25,0.0,0.25,0.8571428571428571,0.5714285714285714,0.42857142857142855,0.5714285714285714,0.5714285714285714,0.6071428571428571,0.32142857142857145,0.7142857142857143,0.32142857142857145,0.2857142857142857,0.32142857142857145
096190015,0.9615384615384616,0.6785714285714286,0.6428571428571429,0.5714285714285714,0.42857142857142855,0.4642857142857143,0.4642857142857143,0.39285714285714285,0.9230769230769231,0.5714285714285714,0.6428571428571429,0.5,0.39285714285714285,0.5,0.39285714285714285,0.4642857142857143,0.42857142857142855,1.0,0.6071428571428571,0.6785714285714286,0.5,0.4642857142857143,0.5357142857142857,0.39285714285714285,0.6428571428571429,0.5357142857142857,0.5357142857142857,0.4642857142857143
096190016,1.0,0.44,0.76,0.56,0.28,0.32,0.28,0.4,1.0,0.56,0.72,0.48,0.32,0.96,0.24,0.76,0.4,1.0,0.56,0.92,0.72,0.44,0.6,0.64,0.6,0.56,0.52,0.4
096190017,0.8947368421052632,0.65,0.7,0.4,0.2,0.0,0.55,0.1,0.8947368421052632,0.45,0.75,0.5,0.35,0.55,0.1,0.7,0.1,1.0,0.3,0.4,0.65,0.4,0.35,0.45,0.4,0.35,0.35,0.45
096190019,0.7666666666666667,0.4,0.5666666666666667,0.43333333333333335,0.1,0.23333333333333334,0.2,0.26666666666666666,0.8,0.5,0.6333333333333333,0.3333333333333333,0.1,0.6333333333333333,0.4,0.6333333333333333,0.3,0.9,0.43333333333333335,0.43333333333333335,0.5333333333333333,0.5333333333333333,0.5666666666666667,0.5333333333333333,0.5666666666666667,0.4666666666666667,0.5333333333333333,0.5
096190020,0.9285714285714286,0.6428571428571429,0.8571428571428571,0.42857142857142855,0.5714285714285714,0.2857142857142857,0.2857142857142857,0.2857142857142857,1.0,0.7142857142857143,0.5714285714285714,0.42857142857142855,0.35714285714285715,0.7142857142857143,0.5,0.7142857142857143,0.42857142857142855,1.0,0.42857142857142855,0.42857142857142855,0.6428571428571429,0.5,0.8571428571428571,0.7142857142857143,0.7857142857142857,0.9285714285714286,0.7142857142857143,0.9285714285714286
096190021,1.0,0.2727272727272727,0.8181818181818182,0.6363636363636364,0.0,0.0,0.09090909090909091,0.6363636363636364,0.9090909090909091,0.2727272727272727,0.09090909090909091,0.09090909090909091,0.0,0.7272727272727273,0.0,0.2727272727272727,0.09090909090909091,1.0,0.45454545454545453,0.5454545454545454,0.5454545454545454,0.18181818181818182,0.36363636363636365,0.5454545454545454,0.45454545454545453,0.2727272727272727,0.5454545454545454,0.36363636363636365
096240001,0.8571428571428571,0.35714285714285715,0.7142857142857143,0.14285714285714285,0.21428571428571427,0.14285714285714285,0.14285714285714285,0.14285714285714285,0.7857142857142857,0.2857142857142857,0.2857142857142857,0.14285714285714285,0.14285714285714285,0.21428571428571427,0.5714285714285714,0.0,0.14285714285714285,0.6428571428571429,0.7142857142857143,0.5,0.7142857142857143,0.42857142857142855,0.6428571428571429,0.5714285714285714,0.6428571428571429,0.42857142857142855,0.2857142857142857,0.5
096240002,1.0,0.7894736842105263,0.9473684210526315,0.8421052631578947,0.3684210526315789,0.15789473684210525,0.3157894736842105,0.6842105263157895,1.0,0.8947368421052632,0.8421052631578947,1.0,0.15789473684210525,0.8947368421052632,0.21052631578947367,1.0,0.47368421052631576,1.0,0.9473684210526315,0.9473684210526315,0.8947368421052632,0.5263157894736842,0.7894736842105263,0.5789473684210527,0.8421052631578947,0.7894736842105263,0.7368421052631579,1.0
096240003,1.0,0.6470588235294118,0.8235294117647058,0.23529411764705882,0.0,0.0,0.47058823529411764,0.29411764705882354,0.9411764705882353,0.5882352941176471,0.5294117647058824,0.8235294117647058,0.17647058823529413,0.17647058823529413,0.6470588235294118,1.0,0.7058823529411765,1.0,0.5294117647058824,0.35294117647058826,0.8823529411764706,0.7647058823529411,0.6470588235294118,0.47058823529411764,0.4117647058823529,0.5294117647058824,0.47058823529411764,0.4117647058823529
096240004,1.0,0.9285714285714286,0.6428571428571429,1.0,1.0,0.7857142857142857,0.7142857142857143,0.8571428571428571,1.0,0.7857142857142857,0.7142857142857143,1.0,0.7142857142857143,0.7857142857142857,0.5,1.0,0.7857142857142857,1.0,0.8571428571428571,1.0,1.0,0.8571428571428571,0.7142857142857143,0.8571428571428571,1.0,0.7857142857142857,0.6428571428571429,0.7857142857142857
096240005,0.8461538461538461,0.5769230769230769,0.7307692307692307,0.46153846153846156,0.5384615384615384,0.038461538461538464,0.38461538461538464,0.34615384615384615,0.6153846153846154,0.6538461538461539,0.6153846153846154,0.5769230769230769,0.15384615384615385,0.5,0.11538461538461539,0.23076923076923078,0.2692307692307692,0.7692307692307693,0.6538461538461539,0.4230769230769231,0.5769230769230769,0.3076923076923077,0.34615384615384615,0.38461538461538464,0.5384615384615384,0.46153846153846156,0.34615384615384615,0.4230769230769231
096240006,1.0,0.6774193548387096,0.6451612903225806,0.5483870967741935,0.3870967741935484,0.4838709677419355,0.4838709677419355,0.45161290322580644,0.8666666666666667,0.7096774193548387,0.3548387096774194,0.5483870967741935,0.41935483870967744,0.5483870967741935,0.41935483870967744,0.4838709677419355,0.3870967741935484,1.0,0.4838709677419355,0.3870967741935484,0.4838709677419355,0.5161290322580645,0.6774193548387096,0.4838709677419355,0.6129032258064516,0.41935483870967744,0.5806451612903226,0.3548387096774194
096240007,0.8214285714285714,0.6785714285714286,0.7142857142857143,0.35714285714285715,0.32142857142857145,0.35714285714285715,0.39285714285714285,0.42857142857142855,0.9285714285714286,0.8214285714285714,0.6428571428571429,0.6071428571428571,0.4642857142857143,0.6785714285714286,0.2857142857142857,0.21428571428571427,0.42857142857142855,0.7857142857142857,0.6071428571428571,0.42857142857142855,0.6428571428571429,0.6071428571428571,0.8571428571428571,0.4642857142857143,0.6071428571428571,0.6785714285714286,0.6071428571428571,0.6785714285714286
096240008,0.8095238095238095,0.42857142857142855,0.5714285714285714,0.0,0.0,0.0,0.0,0.0,0.6666666666666666,0.14285714285714285,0.2857142857142857,0.23809523809523808,0.0,0.047619047619047616,0.0,0.0,0.0,0.8095238095238095,0.6190476190476191,0.0,0.47619047619047616,0.14285714285714285,0.42857142857142855,0.047619047619047616,0.2857142857142857,0.19047619047619047,0.42857142857142855,0.09523809523809523
096240009,0.9444444444444444,0.8333333333333334,0.7222222222222222,0.8888888888888888,0.3888888888888889,0.3888888888888889,0.7777777777777778,0.7777777777777778,1.0,0.8888888888888888,0.9444444444444444,1.0,0.8888888888888888,0.7777777777777778,0.5555555555555556,1.0,1.0,1.0,0.6666666666666666,0.8888888888888888,1.0,0.9444444444444444,0.8888888888888888,1.0,1.0,1.0,0.8333333333333334,0.7222222222222222
096240010,0.9565217391304348,0.4782608695652174,0.4782608695652174,0.4782608695652174,0.391304347826087,0.5217391304347826,0.30434782608695654,0.30434782608695654,0.6086956521739131,0.5217391304347826,0.6521739130434783,0.6086956521739131,0.34782608695652173,0.5217391304347826,0.34782608695652173,0.6956521739130435,0.391304347826087,0.7391304347826086,0.43478260869565216,0.4782608695652174,0.6521739130434783,0.2608695652173913,0.6956521739130435,0.4782608695652174,0.6521739130434783,0.43478260869565216,0.6521739130434783,0.6086956521739131
096240011,1.0,0.6923076923076923,0.6923076923076923,0.8461538461538461,0.6153846153846154,0.6153846153846154,0.5384615384615384,0.8461538461538461,1.0,0.8461538461538461,0.6153846153846154,0.6153846153846154,0.6153846153846154,0.8461538461538461,0.46153846153846156,0.38461538461538464,0.6923076923076923,1.0,0.8461538461538461,0.9230769230769231,0.6923076923076923,0.6153846153846154,0.8461538461538461,0.7692307692307693,0.9230769230769231,0.7692307692307693,1.0,0.6923076923076923
096240012,0.8611111111111112,0.3783783783783784,0.7027027027027027,0.3783783783783784,0.21621621621621623,0.05405405405405406,0.2972972972972973,0.21621621621621623,0.6388888888888888,0.5945945945945946,0.6216216216216216,0.40540540540540543,0.2702702702702703,0.5945945945945946,0.0,0.32432432432432434,0.1891891891891892,0.7837837837837838,0.35135135135135137,0.3783783783783784,0.5405405405405406,0.3783783783783784,0.4864864864864865,0.3783783783783784,0.5135135135135135,0.43243243243243246,0.5135135135135135,0.4864864864864865
096240013,1.0,0.5,0.5,0.16666666666666666,0.3333333333333333,0.08333333333333333,0.08333333333333333,0.25,1.0,0.5833333333333334,1.0,0.3333333333333333,0.16666666666666666,0.5833333333333334,0.08333333333333333,0.08333333333333333,0.25,1.0,0.75,0.6666666666666666,0.8333333333333334,0.4166666666666667,0.5,0.25,0.5,0.3333333333333333,0.5,0.5833333333333334
096240014,1.0,0.7037037037037037,0.6666666666666666,0.4074074074074074,0.48148148148148145,0.48148148148148145,0.5925925925925926,0.48148148148148145,0.9230769230769231,0.6666666666666666,0.7037037037037037,0.5555555555555556,0.5185185185185185,0.5555555555555556,0.5185185185185185,0.5555555555555556,0.5555555555555556,1.0,0.5925925925925926,0.7777777777777778,0.9629629629629629,0.6296296296296297,0.9259259259259259,0.5925925925925926,0.7777777777777778,0.6666666666666666,0.8888888888888888,0.6666666666666666
096240015,1.0,0.6071428571428571,0.5357142857142857,0.5714285714285714,0.5,0.5714285714285714,0.5,0.5357142857142857,0.6428571428571429,0.6071428571428571,0.6071428571428571,0.5357142857142857,0.5357142857142857,0.6785714285714286,0.5,0.5357142857142857,0.5357142857142857,0.9642857142857143,0.4642857142857143,0.5357142857142857,0.7142857142857143,0.5714285714285714,0.6428571428571429,0.42857142857142855,0.6785714285714286,0.6071428571428571,0.6071428571428571,0.5
096240016,1.0,0.5833333333333334,0.75,1.0,0.6666666666666666,0.5833333333333334,0.5,0.5,0.9166666666666666,0.75,0.75,0.75,0.5833333333333334,0.75,0.08333333333333333,1.0,0.4166666666666667,1.0,0.3333333333333333,0.5,0.5833333333333334,0.75,0.6666666666666666,0.8333333333333334,0.6666666666666666,0.75,0.5,0.75
096240017,1.0,0.6666666666666666,0.7619047619047619,0.5238095238095238,0.5714285714285714,0.47619047619047616,0.5714285714285714,0.6190476190476191,0.8571428571428571,0.8571428571428571,0.9523809523809523,0.8095238095238095,0.5714285714285714,0.47619047619047616,0.5238095238095238,0.5714285714285714,0.47619047619047616,1.0,0.5238095238095238,0.42857142857142855,0.7142857142857143,0.3333333333333333,0.7619047619047619,0.6190476190476191,0.8095238095238095,0.8095238095238095,0.7142857142857143,0.8571428571428571
096240019,1.0,0.75,0.7083333333333334,0.5416666666666666,0.5833333333333334,0.625,0.5833333333333334,0.5416666666666666,0.75,0.625,0.6666666666666666,0.5833333333333334,0.5416666666666666,0.5416666666666666,0.5416666666666666,0.5,0.625,1.0,0.5833333333333334,0.5416666666666666,0.9583333333333334,0.5,0.75,0.5,0.8333333333333334,0.5416666666666666,0.7083333333333334,0.75
096240020,0.6666666666666666,0.5,0.8571428571428571,0.42857142857142855,0.42857142857142855,0.42857142857142855,0.42857142857142855,0.35714285714285715,0.8,0.6428571428571429,0.5,0.9285714285714286,0.5,0.5,0.5,0.7857142857142857,0.35714285714285715,1.0,0.5,0.42857142857142855,0.6428571428571429,0.42857142857142855,0.6428571428571429,0.5,0.7142857142857143,0.42857142857142855,0.6428571428571429,0.6428571428571429
096240021,1.0,0.8064516129032258,0.7419354838709677,0.7741935483870968,0.7096774193548387,0.6774193548387096,0.6451612903225806,0.6774193548387096,0.9333333333333333,0.8387096774193549,0.8387096774193549,1.0,0.6451612903225806,0.6774193548387096,0.6774193548387096,0.7419354838709677,0.6451612903225806,1.0,0.967741935483871,0.5161290322580645,0.9032258064516129,0.7419354838709677,0.8064516129032258,0.8387096774193549,0.7741935483870968,0.7419354838709677,0.6774193548387096,0.7741935483870968
096250001,0.5294117647058824,0.35294117647058826,0.4117647058823529,0.35294117647058826,0.0,0.0,0.17647058823529413,0.23529411764705882,0.8235294117647058,0.47058823529411764,0.29411764705882354,0.23529411764705882,0.0,0.23529411764705882,0.0,0.35294117647058826,0.23529411764705882,0.7058823529411765,0.35294117647058826,0.35294117647058826,0.35294117647058826,0.29411764705882354,0.4117647058823529,0.11764705882352941,0.35294117647058826,0.23529411764705882,0.4117647058823529,0.23529411764705882
096250002,0.8518518518518519,0.5,0.6538461538461539,0.5,0.15384615384615385,0.15384615384615385,0.19230769230769232,0.19230769230769232,0.48148148148148145,0.5384615384615384,0.5,0.46153846153846156,0.15384615384615385,0.38461538461538464,0.15384615384615385,0.34615384615384615,0.34615384615384615,0.7692307692307693,0.5384615384615384,0.46153846153846156,0.46153846153846156,0.4230769230769231,0.4230769230769231,0.5384615384615384,0.46153846153846156,0.4230769230769231,0.5384615384615384,0.46153846153846156
096250003,1.0,0.9285714285714286,0.9285714285714286,0.8571428571428571,0.8571428571428571,0.5,0.8571428571428571,1.0,1.0,0.9285714285714286,1.0,0.8571428571428571,0.5,1.0,0.7857142857142857,1.0,1.0,1.0,1.0,0.9285714285714286,0.9285714285714286,0.9285714285714286,0.9285714285714286,0.8571428571428571,0.8571428571428571,0.8571428571428571,0.7857142857142857,0.9285714285714286
096250004,0.8333333333333334,0.4166666666666667,0.5833333333333334,0.3333333333333333,0.3333333333333333,0.3333333333333333,0.25,0.3333333333333333,0.5833333333333334,0.25,0.16666666666666666,0.3333333333333333,0.3333333333333333,0.16666666666666666,0.16666666666666666,0.6666666666666666,0.3333333333333333,1.0,0.4166666666666667,0.3333333333333333,0.5833333333333334,0.16666666666666666,0.4166666666666667,0.25,0.25,0.16666666666666666,0.5,0.4166666666666667
096250005,0.7894736842105263,0.55,0.85,0.1,0.2,0.2,0.1,0.15,0.6842105263157895,0.35,0.35,0.4,0.35,0.25,0.0,0.0,0.15,0.75,0.3,0.4,0.6,0.45,0.45,0.25,0.4,0.45,0.65,0.3
096250007,0.9411764705882353,0.7777777777777778,0.8888888888888888,0.5555555555555556,0.2777777777777778,0.4444444444444444,0.2777777777777778,0.4444444444444444,0.8235294117647058,0.6666666666666666,0.4444444444444444,0.5555555555555556,0.5,0.3888888888888889,0.2777777777777778,0.7222222222222222,0.4444444444444444,0.9444444444444444,0.5555555555555556,0.8333333333333334,0.7222222222222222,0.7222222222222222,0.5555555555555556,0.6666666666666666,0.6666666666666666,0.6666666666666666,0.6666666666666666,0.6666666666666666
096250008,0.9285714285714286,0.5,0.5714285714285714,0.2857142857142857,0.42857142857142855,0.35714285714285715,0.35714285714285715,0.35714285714285715,0.5,0.5714285714285714,0.5,0.2857142857142857,0.14285714285714285,0.42857142857142855,0.35714285714285715,0.5,0.5714285714285714,0.6428571428571429,0.2857142857142857,0.5714285714285714,0.5714285714285714,0.2857142857142857,0.42857142857142855,0.5,0.8571428571428571,0.42857142857142855,0.5714285714285714,0.5
096250009,0.75,0.5238095238095238,0.7142857142857143,0.5714285714285714,0.5714285714285714,0.47619047619047616,0.47619047619047616,0.5714285714285714,0.55,0.47619047619047616,0.47619047619047616,0.6190476190476191,0.47619047619047616,0.5714285714285714,0.47619047619047616,0.5714285714285714,0.5714285714285714,0.8095238095238095,0.5714285714285714,0.47619047619047616,0.5238095238095238,0.47619047619047616,0.5714285714285714,0.5714285714285714,0.47619047619047616,0.5714285714285714,0.5238095238095238,0.5238095238095238
096250010,0.7777777777777778,0.5555555555555556,0.9444444444444444,0.5555555555555556,0.3888888888888889,0.2222222222222222,0.3333333333333333,0.3333333333333333,0.6666666666666666,0.5555555555555556,0.4444444444444444,0.3888888888888889,0.3333333333333333,0.3888888888888889,0.3333333333333333,0.16666666666666666,0.3333333333333333,0.7777777777777778,0.3888888888888889,0.2777777777777778,0.6666666666666666,0.4444444444444444,0.4444444444444444,0.3888888888888889,0.5,0.2777777777777778,0.6666666666666666,0.6111111111111112
096250011,1.0,0.5,0.6363636363636364,0.13636363636363635,0.18181818181818182,0.18181818181818182,0.3181818181818182,0.18181818181818182,0.65,0.6363636363636364,0.5,0.2727272727272727,0.18181818181818182,0.2727272727272727,0.18181818181818182,0.22727272727272727,0.09090909090909091,1.0,0.5,0.45454545454545453,0.8636363636363636,0.5909090909090909,0.3181818181818182,0.3181818181818182,0.5909090909090909,0.5454545454545454,0.4090909090909091,0.4090909090909091
096250012,0.9523809523809523,0.5909090909090909,0.6818181818181818,0.36363636363636365,0.22727272727272727,0.22727272727272727,0.2727272727272727,0.22727272727272727,0.6190476190476191,0.45454545454545453,0.22727272727272727,0.5454545454545454,0.22727272727272727,0.36363636363636365,0.22727272727272727,0.9090909090909091,0.22727272727272727,0.8636363636363636,0.7727272727272727,0.2727272727272727,0.5454545454545454,0.3181818181818182,0.6363636363636364,0.45454545454545453,0.6363636363636364,0.5,0.5454545454545454,0.36363636363636365
096250013,0.625,0.4375,0.5,0.25,0.125,0.0625,0.125,0.3125,0.3125,0.125,0.3125,0.125,0.125,0.125,0.1875,0.125,0.25,0.8125,0.125,0.625,0.1875,0.125,0.375,0.4375,0.125,0.1875,0.375,0.25
096250014,0.782608695652174,0.6086956521739131,0.6956521739130435,0.21739130434782608,0.30434782608695654,0.17391304347826086,0.30434782608695654,0.30434782608695654,0.5652173913043478,0.4782608695652174,0.391304347826087,0.21739130434782608,0.30434782608695654,0.21739130434782608,0.17391304347826086,0.2608695652173913,0.21739130434782608,1.0,0.21739130434782608,0.21739130434782608,0.391304347826087,0.4782608695652174,0.5652173913043478,0.4782608695652174,0.43478260869565216,0.43478260869565216,0.4782608695652174,0.391304347826087
096250015,1.0,0.75,0.9166666666666666,0.5833333333333334,0.25,0.3333333333333333,0.3333333333333333,0.4166666666666667,0.8333333333333334,0.6666666666666666,0.6666666666666666,0.5833333333333334,0.4166666666666667,0.5,0.25,1.0,0.4166666666666667,0.9166666666666666,0.8333333333333334,0.5,0.5833333333333334,0.8333333333333334,1.0,0.5,0.75,0.5833333333333334,0.75,0.5
096250016,0.9285714285714286,0.9285714285714286,0.7857142857142857,0.2857142857142857,0.21428571428571427,0.21428571428571427,0.35714285714285715,0.42857142857142855,0.9285714285714286,1.0,0.6428571428571429,0.7857142857142857,0.21428571428571427,0.6428571428571429,0.21428571428571427,1.0,0.21428571428571427,1.0,0.35714285714285715,0.21428571428571427,0.7857142857142857,0.6428571428571429,0.6428571428571429,1.0,1.0,0.7142857142857143,0.7857142857142857,0.5714285714285714
096250017,0.7333333333333333,0.6,0.6666666666666666,0.5333333333333333,0.26666666666666666,0.26666666666666666,0.26666666666666666,0.2,0.6666666666666666,0.5333333333333333,0.6,0.3333333333333333,0.26666666666666666,0.8,0.26666666666666666,0.2,0.5333333333333333,1.0,0.26666666666666666,0.6666666666666666,0.5333333333333333,0.5333333333333333,0.6666666666666666,0.3333333333333333,0.7333333333333333,0.6666666666666666,0.4666666666666667,0.4666666666666667
096250018,0.5,0.6818181818181818,0.7272727272727273,0.36363636363636365,0.13636363636363635,0.13636363636363635,0.2727272727272727,0.3181818181818182,0.5454545454545454,0.45454545454545453,0.4090909090909091,0.2727272727272727,0.22727272727272727,0.36363636363636365,0.13636363636363635,0.5,0.2727272727272727,0.9090909090909091,0.36363636363636365,0.6363636363636364,0.5909090909090909,0.45454545454545453,0.45454545454545453,0.45454545454545453,0.4090909090909091,0.4090909090909091,0.45454545454545453,0.4090909090909091
096250020,0.6923076923076923,0.46153846153846156,0.7307692307692307,0.38461538461538464,0.38461538461538464,0.38461538461538464,0.38461538461538464,0.38461538461538464,0.5,0.5,0.46153846153846156,0.38461538461538464,0.38461538461538464,0.46153846153846156,0.4230769230769231,0.3076923076923077,0.38461538461538464,0.5769230769230769,0.38461538461538464,0.46153846153846156,0.6923076923076923,0.38461538461538464,0.5,0.38461538461538464,0.5769230769230769,0.5,0.34615384615384615,0.38461538461538464
096250021,0.8148148148148148,0.4074074074074074,0.5925925925925926,0.2962962962962963,0.2962962962962963,0.2962962962962963,0.37037037037037035,0.2962962962962963,0.48148148148148145,0.4444444444444444,0.4444444444444444,0.37037037037037035,0.3333333333333333,0.37037037037037035,0.37037037037037035,0.2962962962962963,0.2962962962962963,1.0,0.2962962962962963,0.4074074074074074,0.5555555555555556,0.48148148148148145,0.4074074074074074,0.37037037037037035,0.48148148148148145,0.4444444444444444,0.4444444444444444,0.37037037037037035
096250023,0.7142857142857143,0.5714285714285714,0.8571428571428571,0.5714285714285714,0.5,0.5,0.5,0.5,0.7857142857142857,0.5714285714285714,0.5,0.5714285714285714,0.5,0.5,0.5,0.5,0.35714285714285715,0.7857142857142857,0.7857142857142857,0.6428571428571429,0.5714285714285714,0.5,0.5714285714285714,0.5,0.5714285714285714,0.42857142857142855,0.6428571428571429,0.42857142857142855
096280011,0.631578947368421,0.47368421052631576,0.5263157894736842,0.47368421052631576,0.10526315789473684,0.10526315789473684,0.47368421052631576,0.42105263157894735,0.631578947368421,0.5263157894736842,0.42105263157894735,0.47368421052631576,0.10526315789473684,0.3157894736842105,0.15789473684210525,0.05263157894736842,0.5263157894736842,1.0,0.3157894736842105,0.5263157894736842,0.42105263157894735,0.42105263157894735,0.3684210526315789,0.42105263157894735,0.5263157894736842,0.42105263157894735,0.2631578947368421,0.3684210526315789
096280012,1.0,0.5714285714285714,0.7142857142857143,0.42857142857142855,0.5714285714285714,0.5,0.5,0.5,0.7857142857142857,0.5,0.42857142857142855,0.35714285714285715,0.42857142857142855,0.42857142857142855,0.6428571428571429,0.6428571428571429,0.5714285714285714,1.0,0.5,0.7857142857142857,0.5714285714285714,0.5714285714285714,0.5714285714285714,0.42857142857142855,0.42857142857142855,0.5,0.35714285714285715,0.6428571428571429
096280013,0.8076923076923077,0.48148148148148145,0.5555555555555556,0.48148148148148145,0.5925925925925926,0.3333333333333333,0.25925925925925924,0.25925925925925924,0.8076923076923077,0.5185185185185185,0.7037037037037037,0.4074074074074074,0.5555555555555556,0.6666666666666666,0.37037037037037035,0.25925925925925924,0.4074074074074074,1.0,0.2962962962962963,0.6296296296296297,0.7037037037037037,0.5555555555555556,0.5555555555555556,0.4444444444444444,0.7407407407407407,0.5185185185185185,0.4074074074074074,0.48148148148148145
096280014,1.0,0.4,0.45,0.45,0.55,0.2,0.3,0.75,0.8947368421052632,0.8,0.75,0.5,0.5,0.7,0.1,0.0,0.3,1.0,0.4,0.5,0.6,0.65,0.65,0.7,0.6,0.65,0.75,0.5
096280015,1.0,0.6111111111111112,0.6666666666666666,0.4444444444444444,0.5555555555555556,0.2222222222222222,0.3888888888888889,0.6666666666666666,0.7222222222222222,0.5,0.6666666666666666,0.5555555555555556,0.5,0.7222222222222222,0.4444444444444444,0.5,0.7222222222222222,1.0,0.5555555555555556,0.5,0.4444444444444444,0.3333333333333333,0.2777777777777778,0.5555555555555556,0.6111111111111112,0.4444444444444444,0.5555555555555556,0.3333333333333333
096280016,0.7857142857142857,0.2857142857142857,0.5,0.35714285714285715,0.5,0.2857142857142857,0.21428571428571427,0.5714285714285714,0.9285714285714286,0.6428571428571429,0.5,0.42857142857142855,0.2857142857142857,0.5,0.2857142857142857,0.5714285714285714,0.5714285714285714,0.8571428571428571,1.0,0.42857142857142855,0.42857142857142855,0.35714285714285715,0.8571428571428571,0.5714285714285714,0.42857142857142855,0.35714285714285715,0.5,0.5
096280017,0.7619047619047619,0.5454545454545454,0.5454545454545454,0.7272727272727273,0.09090909090909091,0.13636363636363635,0.09090909090909091,0.5909090909090909,0.7142857142857143,0.7272727272727273,0.5,0.6363636363636364,0.36363636363636365,0.5454545454545454,0.0,0.7727272727272727,0.6818181818181818,0.8181818181818182,0.5909090909090909,0.8636363636363636,0.4090909090909091,0.5909090909090909,0.5909090909090909,0.4090909090909091,0.5,0.4090909090909091,0.45454545454545453,0.6363636363636364
096280018,0.9545454545454546,0.45454545454545453,0.45454545454545453,0.4090909090909091,0.4090909090909091,0.4090909090909091,0.5,0.5,0.5909090909090909,0.6363636363636364,0.5,0.5,0.5909090909090909,0.45454545454545453,0.22727272727272727,0.36363636363636365,0.3181818181818182,0.9545454545454546,0.4090909090909091,0.3181818181818182,0.6818181818181818,0.5,0.6818181818181818,0.5909090909090909,0.4090909090909091,0.4090909090909091,0.6818181818181818,0.45454545454545453
096280019,1.0,0.5,0.75,0.5833333333333334,0.5,0.6666666666666666,0.5,0.6666666666666666,1.0,0.6666666666666666,0.9166666666666666,0.6666666666666666,0.8333333333333334,0.5833333333333334,0.6666666666666666,1.0,0.8333333333333334,1.0,0.6666666666666666,0.8333333333333334,0.75,0.6666666666666666,0.5833333333333334,0.6666666666666666,0.6666666666666666,0.4166666666666667,0.8333333333333334,0.6666666666666666
096280020,0.9130434782608695,0.391304347826087,0.782608695652174,0.30434782608695654,0.34782608695652173,0.34782608695652173,0.34782608695652173,0.30434782608695654,0.5217391304347826,0.5217391304347826,0.391304347826087,0.34782608695652173,0.43478260869565216,0.5217391304347826,0.17391304347826086,0.08695652173913043,0.2608695652173913,0.8260869565217391,0.391304347826087,0.5652173913043478,0.6956521739130435,0.391304347826087,0.5652173913043478,0.30434782608695654,0.34782608695652173,0.4782608695652174,0.43478260869565216,0.43478260869565216
096280021,1.0,0.8125,0.8125,0.5625,0.4375,0.0625,0.25,0.6875,1.0,0.6875,0.5,1.0,0.8125,1.0,0.5,0.4375,0.8125,1.0,0.6875,0.6875,0.8125,0.4375,0.8125,0.5625,0.6875,0.625,0.8125,0.5625
096280022,0.782608695652174,0.5217391304347826,0.5652173913043478,0.6521739130434783,0.4782608695652174,0.34782608695652173,0.34782608695652173,0.6521739130434783,0.6521739130434783,0.6086956521739131,0.5217391304347826,0.5652173913043478,0.4782608695652174,0.5652173913043478,0.13043478260869565,0.5217391304347826,0.6956521739130435,0.8695652173913043,0.6086956521739131,0.7391304347826086,0.8260869565217391,0.5652173913043478,0.7391304347826086,0.6956521739130435,0.6521739130434783,0.6956521739130435,0.6521739130434783,0.6956521739130435
096280023,0.9090909090909091,0.5909090909090909,0.6363636363636364,0.5,0.5454545454545454,0.09090909090909091,0.09090909090909091,0.5,0.9545454545454546,0.5909090909090909,0.7272727272727273,0.5,0.5,0.5454545454545454,0.45454545454545453,0.9090909090909091,0.45454545454545453,0.9545454545454546,0.5909090909090909,0.5909090909090909,0.8181818181818182,0.5,0.9090909090909091,0.6818181818181818,0.7727272727272727,0.6818181818181818,0.5,0.5909090909090909
096280024,0.7586206896551724,0.3448275862068966,0.7586206896551724,0.6896551724137931,0.3103448275862069,0.0,0.13793103448275862,0.4827586206896552,0.5862068965517241,0.3793103448275862,0.5172413793103449,0.5517241379310345,0.27586206896551724,0.4482758620689655,0.0,0.13793103448275862,0.27586206896551724,0.7586206896551724,0.6551724137931034,0.6551724137931034,0.7241379310344828,0.4827586206896552,0.4482758620689655,0.3448275862068966,0.6551724137931034,0.41379310344827586,0.3793103448275862,0.5172413793103449
096280025,0.9444444444444444,0.6666666666666666,0.5,1.0,0.6111111111111112,0.5,0.3333333333333333,1.0,0.8888888888888888,0.5,0.8333333333333334,1.0,0.9444444444444444,0.8333333333333334,0.6666666666666666,0.6111111111111112,0.7222222222222222,0.8888888888888888,0.7777777777777778,0.8333333333333334,0.6111111111111112,0.6111111111111112,0.7777777777777778,0.5555555555555556,0.7777777777777778,0.8333333333333334,0.5,0.7777777777777778
096280026,1.0,0.8235294117647058,1.0,0.6470588235294118,0.5294117647058824,0.11764705882352941,0.11764705882352941,0.4117647058823529,0.8125,0.5294117647058824,0.5294117647058824,0.5294117647058824,0.23529411764705882,0.6470588235294118,0.11764705882352941,0.0,0.4117647058823529,0.8823529411764706,0.5294117647058824,0.5882352941176471,0.5882352941176471,0.5294117647058824,0.7058823529411765,0.47058823529411764,0.4117647058823529,0.5294117647058824,0.6470588235294118,0.6470588235294118
096280027,0.6,0.5333333333333333,0.6666666666666666,0.4666666666666667,0.26666666666666666,0.06666666666666667,0.2,0.3333333333333333,0.8,0.6666666666666666,0.26666666666666666,0.4666666666666667,0.06666666666666667,0.4666666666666667,0.2,1.0,0.8666666666666667,0.7333333333333333,0.3333333333333333,0.26666666666666666,0.4,0.4666666666666667,0.5333333333333333,0.4,0.6,0.5333333333333333,0.5333333333333333,0.6666666666666666
096280028,0.9375,0.125,0.6875,0.625,0.875,0.1875,0.8125,1.0,1.0,0.625,0.5625,0.75,0.3125,0.5,0.4375,0.4375,0.375,1.0,0.3125,0.625,0.8125,0.625,0.625,0.5625,0.875,0.5,0.375,0.8125
096280029,1.0,0.47058823529411764,0.7058823529411765,0.7647058823529411,0.5294117647058824,0.5294117647058824,0.29411764705882354,0.5294117647058824,1.0,0.7058823529411765,0.8823529411764706,0.7647058823529411,0.5294117647058824,0.4117647058823529,0.0,0.47058823529411764,0.47058823529411764,1.0,0.7058823529411765,0.6470588235294118,0.8235294117647058,0.5294117647058824,0.5882352941176471,0.6470588235294118,0.5294117647058824,0.7647058823529411,0.5882352941176471,0.7058823529411765
096280030,0.6190476190476191,0.3333333333333333,0.5238095238095238,0.38095238095238093,0.3333333333333333,0.2857142857142857,0.38095238095238093,0.2857142857142857,0.7619047619047619,0.38095238095238093,0.47619047619047616,0.3333333333333333,0.42857142857142855,0.3333333333333333,0.19047619047619047,1.0,0.38095238095238093,1.0,0.42857142857142855,0.5714285714285714,0.6190476190476191,0.38095238095238093,0.38095238095238093,0.5714285714285714,0.5714285714285714,0.38095238095238093,0.42857142857142855,0.38095238095238093
096300001,1.0,0.6363636363636364,0.8636363636363636,0.45454545454545453,0.13636363636363635,0.0,0.36363636363636365,0.3181818181818182,0.9523809523809523,0.5,0.5,0.36363636363636365,0.18181818181818182,0.5454545454545454,0.09090909090909091,0.0,0.6363636363636364,1.0,0.5,0.5909090909090909,0.7727272727272727,0.7272727272727273,0.8636363636363636,0.45454545454545453,0.5909090909090909,0.8181818181818182,0.6363636363636364,0.6363636363636364
096300002,1.0,0.6923076923076923,0.6923076923076923,0.5384615384615384,0.15384615384615385,0.0,0.0,0.6923076923076923,1.0,0.3076923076923077,0.38461538461538464,0.23076923076923078,0.15384615384615385,0.38461538461538464,0.15384615384615385,0.5384615384615384,0.23076923076923078,0.5384615384615384,0.6153846153846154,0.8461538461538461,0.46153846153846156,0.38461538461538464,0.46153846153846156,0.46153846153846156,0.46153846153846156,0.23076923076923078,0.5384615384615384,0.6153846153846154
096300003,1.0,0.5333333333333333,0.5333333333333333,0.0,0.4,0.4,0.4,0.4666666666666667,0.8666666666666667,0.6666666666666666,0.8,0.6,0.0,0.6666666666666666,0.26666666666666666,1.0,0.5333333333333333,0.9333333333333333,0.4666666666666667,0.6666666666666666,1.0,0.6,0.8666666666666667,0.4,0.9333333333333333,0.6666666666666666,0.6666666666666666,0.4
096300004,1.0,0.8,0.8,0.56,0.52,0.16,0.16,0.4,1.0,0.76,0.72,0.68,0.16,0.68,0.16,0.88,0.44,1.0,1.0,0.52,0.56,0.6,0.72,0.72,0.76,0.68,0.52,0.72
096300005,0.9230769230769231,0.35714285714285715,0.8571428571428571,0.2857142857142857,0.42857142857142855,0.2857142857142857,0.42857142857142855,0.42857142857142855,0.9230769230769231,0.5,0.2857142857142857,0.2857142857142857,0.21428571428571427,0.5,0.2857142857142857,0.2857142857142857,0.6428571428571429,0.9285714285714286,0.5714285714285714,0.5,0.6428571428571429,0.21428571428571427,0.5,0.5714285714285714,0.5714285714285714,0.42857142857142855,0.5,0.42857142857142855
096300006,1.0,0.65,0.75,0.6,0.4,0.25,0.35,0.45,0.85,0.75,0.55,0.5,0.5,0.75,0.35,0.3,0.6,0.95,0.6,0.85,1.0,0.8,0.75,0.55,0.7,0.65,0.6,0.6
096300007,0.9375,0.35294117647058826,0.7647058823529411,0.23529411764705882,0.23529411764705882,0.23529411764705882,0.23529411764705882,0.23529411764705882,0.4375,0.23529411764705882,0.5882352941176471,0.23529411764705882,0.23529411764705882,0.29411764705882354,0.23529411764705882,0.23529411764705882,0.23529411764705882,0.7058823529411765,0.6470588235294118,0.11764705882352941,0.35294117647058826,0.47058823529411764,0.4117647058823529,0.29411764705882354,0.8235294117647058,0.35294117647058826,0.4117647058823529,0.35294117647058826
096300008,0.9375,0.625,0.625,0.8125,0.75,0.375,0.75,0.8125,0.6875,0.6875,0.6875,0.6875,0.25,0.8125,0.3125,0.625,0.8125,0.875,0.75,0.8125,0.875,0.6875,0.5625,0.8125,0.75,0.6875,0.625,0.5625
096300009,1.0,0.5714285714285714,0.7142857142857143,0.21428571428571427,0.7142857142857143,0.21428571428571427,0.35714285714285715,0.42857142857142855,0.8571428571428571,0.5,0.35714285714285715,0.5714285714285714,0.6428571428571429,0.5,0.21428571428571427,0.8571428571428571,0.35714285714285715,0.7857142857142857,0.5714285714285714,0.5714285714285714,0.5,0.35714285714285715,0.5714285714285714,0.7142857142857143,0.7142857142857143,0.5,0.35714285714285715,0.5
096300010,1.0,0.2777777777777778,0.6111111111111112,0.05555555555555555,0.1111111111111111,0.16666666666666666,0.05555555555555555,0.05555555555555555,0.5555555555555556,0.3888888888888889,0.16666666666666666,0.2777777777777778,0.1111111111111111,0.16666666666666666,0.05555555555555555,0.0,0.05555555555555555,0.8888888888888888,0.16666666666666666,0.3333333333333333,0.6666666666666666,0.2777777777777778,0.3333333333333333,0.2777777777777778,0.3333333333333333,0.2777777777777778,0.3333333333333333,0.3333333333333333
096300011,0.9090909090909091,0.5454545454545454,0.8181818181818182,0.5454545454545454,0.45454545454545453,0.2727272727272727,0.2727272727272727,0.36363636363636365,0.6363636363636364,0.8181818181818182,0.5454545454545454,0.5454545454545454,0.45454545454545453,0.45454545454545453,0.36363636363636365,1.0,0.45454545454545453,0.45454545454545453,0.6363636363636364,0.6363636363636364,0.8181818181818182,0.36363636363636365,0.5454545454545454,0.36363636363636365,0.45454545454545453,0.45454545454545453,0.6363636363636364,0.45454545454545453
096300012,1.0,0.6923076923076923,0.7692307692307693,0.15384615384615385,0.15384615384615385,0.07692307692307693,0.07692307692307693,0.15384615384615385,0.5384615384615384,0.5769230769230769,0.34615384615384615,0.23076923076923078,0.07692307692307693,0.34615384615384615,0.07692307692307693,0.0,0.07692307692307693,0.6538461538461539,0.38461538461538464,0.34615384615384615,0.5384615384615384,0.5,0.46153846153846156,0.38461538461538464,0.34615384615384615,0.3076923076923077,0.4230769230769231,0.3076923076923077
096300013,0.96,0.8,0.8,0.32,0.16,0.28,0.2,0.32,0.88,0.56,0.72,0.32,0.28,0.8,0.16,0.16,0.44,1.0,0.4,0.32,0.8,0.32,0.8,0.68,0.64,0.52,0.56,0.52
096300014,0.9411764705882353,0.8823529411764706,0.8823529411764706,1.0,0.7058823529411765,0.5882352941176471,0.5882352941176471,1.0,1.0,1.0,0.8235294117647058,1.0,0.5294117647058824,0.9411764705882353,0.4117647058823529,0.4117647058823529,0.8823529411764706,0.9411764705882353,1.0,0.8235294117647058,0.8235294117647058,0.8235294117647058,0.8823529411764706,1.0,0.8823529411764706,1.0,0.7647058823529411,1.0
096300015,0.8235294117647058,0.4375,0.5,0.3125,0.1875,0.0,0.0625,0.0625,0.5294117647058824,0.375,0.5625,0.1875,0.3125,0.6875,0.0625,0.8125,0.0625,0.8125,0.3125,0.3125,0.6875,0.25,0.6875,0.4375,0.5625,0.25,0.5,0.3125
096300016,0.9,0.8064516129032258,0.7096774193548387,0.2903225806451613,0.0967741935483871,0.0967741935483871,0.16129032258064516,0.25806451612903225,0.7333333333333333,0.6451612903225806,0.45161290322580644,0.5161290322580645,0.0967741935483871,0.4838709677419355,0.06451612903225806,0.22580645161290322,0.41935483870967744,0.9032258064516129,0.7419354838709677,0.5483870967741935,0.6129032258064516,0.45161290322580644,0.6129032258064516,0.1935483870967742,0.7419354838709677,0.5161290322580645,0.7096774193548387,0.4838709677419355
096300017,1.0,0.7857142857142857,0.7857142857142857,0.5714285714285714,0.35714285714285715,0.21428571428571427,0.21428571428571427,0.21428571428571427,1.0,0.5,0.6428571428571429,0.35714285714285715,0.2857142857142857,0.5,0.2857142857142857,0.5,0.21428571428571427,0.5714285714285714,0.35714285714285715,0.42857142857142855,1.0,0.5,0.7142857142857143,0.5714285714285714,0.5714285714285714,0.2857142857142857,0.7142857142857143,0.6428571428571429
096300018,1.0,0.6666666666666666,0.75,0.8333333333333334,0.9166666666666666,0.9166666666666666,0.75,0.75,0.9230769230769231,0.8333333333333334,1.0,0.6666666666666666,1.0,1.0,0.5833333333333334,0.8333333333333334,0.8333333333333334,1.0,0.6666666666666666,0.8333333333333334,0.8333333333333334,0.75,0.8333333333333334,0.75,0.75,0.8333333333333334,0.8333333333333334,0.9166666666666666
096300019,0.8,0.3333333333333333,0.7333333333333333,0.4,0.4,0.06666666666666667,0.06666666666666667,0.3333333333333333,0.4666666666666667,0.3333333333333333,0.3333333333333333,0.26666666666666666,0.2,0.26666666666666666,0.06666666666666667,0.4,0.3333333333333333,0.9333333333333333,0.5333333333333333,0.13333333333333333,0.4666666666666667,0.4666666666666667,0.5333333333333333,0.26666666666666666,0.3333333333333333,0.4,0.4,0.26666666666666666
096300020,1.0,0.5,0.7142857142857143,0.35714285714285715,0.35714285714285715,0.35714285714285715,0.35714285714285715,0.35714285714285715,0.5,0.5,0.5714285714285714,0.5714285714285714,0.35714285714285715,0.5,0.35714285714285715,0.35714285714285715,0.35714285714285715,1.0,0.6428571428571429,0.35714285714285715,0.6428571428571429,0.42857142857142855,0.7142857142857143,0.35714285714285715,0.42857142857142855,0.5,0.35714285714285715,0.5714285714285714
096340004,0.75,0.2,0.5,0.05,0.05,0.05,0.05,0.05,0.45,0.25,0.15,0.05,0.05,0.25,0.05,0.05,0.05,0.7,0.05,0.35,0.25,0.1,0.25,0.2,0.3,0.35,0.3,0.2
096340005,0.8421052631578947,0.15,0.7,0.05,0.0,0.0,0.15,0.1,0.3684210526315789,0.15,0.4,0.15,0.0,0.2,0.0,0.0,0.0,1.0,0.15,0.3,0.5,0.15,0.25,0.1,0.3,0.3,0.35,0.25
096340006,0.8,0.26666666666666666,0.7333333333333333,0.6,0.9333333333333333,0.26666666666666666,0.26666666666666666,0.5333333333333333,0.9333333333333333,0.5333333333333333,0.7333333333333333,0.4,0.3333333333333333,0.6,0.3333333333333333,0.8666666666666667,0.4666666666666667,0.6666666666666666,0.6666666666666666,0.4666666666666667,0.4666666666666667,0.4666666666666667,0.4666666666666667,0.5333333333333333,0.4,0.4666666666666667,0.6666666666666666,0.4666666666666667
096340007,0.8461538461538461,0.8461538461538461,0.6153846153846154,0.6153846153846154,0.6153846153846154,0.3076923076923077,0.3076923076923077,0.9230769230769231,0.5384615384615384,0.5384615384615384,0.8461538461538461,0.46153846153846156,0.6153846153846154,0.6153846153846154,0.46153846153846156,0.6153846153846154,0.46153846153846156,1.0,0.6153846153846154,0.6153846153846154,0.5384615384615384,0.38461538461538464,0.5384615384615384,0.6923076923076923,0.46153846153846156,0.5384615384615384,0.7692307692307693,0.5384615384615384
096340008,0.631578947368421,0.55,0.35,0.4,0.45,0.45,0.45,0.3,0.47368421052631576,0.6,0.45,0.4,0.4,0.4,0.6,0.45,0.45,0.8,0.5,1.0,0.5,0.45,0.45,0.5,0.45,0.4,0.35,0.45
096340009,0.7692307692307693,0.7692307692307693,0.5384615384615384,0.5384615384615384,0.5384615384615384,0.6923076923076923,0.6923076923076923,0.6153846153846154,0.6923076923076923,0.6923076923076923,0.7692307692307693,1.0,0.5384615384615384,0.5384615384615384,0.6923076923076923,1.0,1.0,0.9230769230769231,0.6153846153846154,0.9230769230769231,0.8461538461538461,0.46153846153846156,0.5384615384615384,0.3076923076923077,0.6923076923076923,0.5384615384615384,0.5384615384615384,0.46153846153846156
096340010,1.0,0.5454545454545454,0.8181818181818182,0.36363636363636365,0.45454545454545453,0.5454545454545454,0.5454545454545454,0.7272727272727273,0.8333333333333334,0.45454545454545453,0.7272727272727273,1.0,0.45454545454545453,0.5454545454545454,0.45454545454545453,0.45454545454545453,0.7272727272727273,1.0,1.0,0.6363636363636364,0.8181818181818182,0.6363636363636364,0.8181818181818182,0.5454545454545454,0.8181818181818182,0.6363636363636364,0.5454545454545454,0.5454545454545454
096340011,0.75,0.6470588235294118,0.8823529411764706,0.5294117647058824,0.6470588235294118,0.5882352941176471,0.4117647058823529,0.5294117647058824,0.8125,0.5294117647058824,0.5294117647058824,0.5294117647058824,0.5882352941176471,0.6470588235294118,0.5294117647058824,0.8235294117647058,0.8235294117647058,0.9411764705882353,0.47058823529411764,0.5294117647058824,0.6470588235294118,0.7647058823529411,0.47058823529411764,0.47058823529411764,0.5294117647058824,0.5882352941176471,0.5294117647058824,0.7647058823529411
096340012,0.7307692307692307,0.7307692307692307,1.0,0.46153846153846156,0.5,0.5769230769230769,0.34615384615384615,0.5769230769230769,0.8076923076923077,0.6538461538461539,0.46153846153846156,1.0,0.4230769230769231,0.46153846153846156,0.38461538461538464,1.0,0.6538461538461539,0.9230769230769231,0.7692307692307693,0.46153846153846156,0.7307692307692307,0.6153846153846154,0.7692307692307693,0.5384615384615384,0.46153846153846156,0.5769230769230769,0.6923076923076923,0.6538461538461539
096340013,1.0,0.6666666666666666,0.5833333333333334,0.5833333333333334,0.4166666666666667,0.6666666666666666,0.5833333333333334,0.5833333333333334,0.6666666666666666,0.6666666666666666,0.8333333333333334,0.6666666666666666,0.5833333333333334,0.5833333333333334,0.5833333333333334,0.9166666666666666,0.5833333333333334,1.0,0.6666666666666666,0.5833333333333334,0.75,0.6666666666666666,0.6666666666666666,0.5,0.8333333333333334,0.6666666666666666,0.6666666666666666,0.6666666666666666
096340014,0.8947368421052632,0.7,0.75,0.9,0.65,0.6,0.9,0.7,0.8947368421052632,0.7,0.7,0.95,0.65,0.75,0.8,0.9,0.65,0.8,0.2,0.9,0.75,0.65,0.7,0.7,0.7,0.65,0.75,0.7
096340015,0.75,1.0,0.75,1.0,0.9375,0.875,0.625,1.0,0.6875,0.8125,0.875,1.0,1.0,0.9375,1.0,1.0,1.0,1.0,0.875,1.0,0.875,1.0,1.0,0.9375,0.8125,0.875,1.0,0.75
096340016,0.9,0.5238095238095238,0.6190476190476191,0.42857142857142855,0.19047619047619047,0.19047619047619047,0.3333333333333333,0.5714285714285714,0.45,0.47619047619047616,0.47619047619047616,0.38095238095238093,0.3333333333333333,0.47619047619047616,0.42857142857142855,0.42857142857142855,0.42857142857142855,0.5714285714285714,0.42857142857142855,0.47619047619047616,0.14285714285714285,0.5714285714285714,0.5714285714285714,0.5238095238095238,0.47619047619047616,0.47619047619047616,0.3333333333333333,0.42857142857142855
096340017,0.88,0.6923076923076923,0.6153846153846154,0.5769230769230769,0.6538461538461539,0.19230769230769232,0.46153846153846156,0.5384615384615384,0.64,0.6538461538461539,0.6538461538461539,1.0,0.6153846153846154,0.5769230769230769,0.5769230769230769,0.8846153846153846,1.0,0.8461538461538461,0.5769230769230769,0.46153846153846156,0.6923076923076923,0.6923076923076923,0.5769230769230769,0.7307692307692307,0.38461538461538464,0.5769230769230769,0.5769230769230769,0.6538461538461539
096340018,0.8636363636363636,0.625,0.75,0.5833333333333334,0.4583333333333333,0.625,0.375,0.5833333333333334,0.5909090909090909,0.375,0.4583333333333333,0.4583333333333333,0.4583333333333333,0.6666666666666666,0.6666666666666666,0.6666666666666666,0.7083333333333334,0.7916666666666666,0.4166666666666667,0.5416666666666666,0.625,0.4166666666666667,0.375,0.375,0.4166666666666667,0.2916666666666667,0.3333333333333333,0.3333333333333333
096340019,0.7777777777777778,0.5769230769230769,0.6153846153846154,0.23076923076923078,0.19230769230769232,0.07692307692307693,0.19230769230769232,0.23076923076923078,0.7037037037037037,0.5769230769230769,0.5384615384615384,1.0,0.19230769230769232,0.46153846153846156,0.34615384615384615,0.23076923076923078,0.23076923076923078,1.0,0.46153846153846156,0.5,0.5,0.5769230769230769,0.5,0.5384615384615384,0.5769230769230769,0.5769230769230769,0.5384615384615384,0.6153846153846154
096340020,0.9090909090909091,0.8636363636363636,0.7727272727272727,0.8636363636363636,0.7272727272727273,0.5909090909090909,0.6363636363636364,0.8636363636363636,0.7727272727272727,0.6818181818181818,0.7727272727272727,1.0,0.5909090909090909,0.8181818181818182,0.8181818181818182,1.0,0.5,1.0,0.6818181818181818,1.0,0.9090909090909091,0.6363636363636364,0.6363636363636364,0.8181818181818182,0.5909090909090909,0.5909090909090909,0.8181818181818182,0.7727272727272727
096340021,0.8333333333333334,0.6666666666666666,0.9444444444444444,0.4444444444444444,0.4444444444444444,0.3888888888888889,0.4444444444444444,0.4444444444444444,0.5555555555555556,0.3888888888888889,0.4444444444444444,0.3888888888888889,0.4444444444444444,0.6111111111111112,0.5,0.6666666666666666,0.4444444444444444,0.8333333333333334,0.5,0.4444444444444444,0.6111111111111112,0.3888888888888889,0.5555555555555556,0.4444444444444444,0.5,0.5,0.5555555555555556,0.5
096340022,0.8095238095238095,0.7142857142857143,0.7142857142857143,0.5714285714285714,0.5714285714285714,0.42857142857142855,0.5238095238095238,0.47619047619047616,0.5714285714285714,0.5714285714285714,0.6190476190476191,0.47619047619047616,0.5714285714285714,0.5238095238095238,0.2857142857142857,0.5714285714285714,0.6190476190476191,1.0,0.47619047619047616,0.5714285714285714,0.6190476190476191,0.7142857142857143,0.6190476190476191,0.5238095238095238,0.5714285714285714,0.7142857142857143,0.7619047619047619,0.6666666666666666
096340023,0.8571428571428571,0.7142857142857143,0.6666666666666666,0.6190476190476191,0.6190476190476191,0.38095238095238093,0.42857142857142855,0.7142857142857143,0.7142857142857143,0.6666666666666666,0.6666666666666666,0.6666666666666666,0.6666666666666666,0.5714285714285714,0.38095238095238093,0.38095238095238093,0.7142857142857143,0.9523809523809523,0.6666666666666666,0.6190476190476191,0.7619047619047619,0.6190476190476191,0.7142857142857143,0.6666666666666666,0.6666666666666666,0.7142857142857143,0.6190476190476191,0.8571428571428571
096390001,1.0,0.7857142857142857,0.8571428571428571,0.42857142857142855,0.42857142857142855,0.07142857142857142,0.2857142857142857,0.2857142857142857,1.0,0.2857142857142857,0.5714285714285714,0.42857142857142855,0.42857142857142855,0.8571428571428571,0.07142857142857142,0.42857142857142855,0.14285714285714285,1.0,1.0,0.5,0.5,0.2857142857142857,0.5,0.35714285714285715,0.5,0.42857142857142855,0.6428571428571429,0.2857142857142857
096390002,0.65,0.55,0.55,0.5,0.2,0.3,0.5,0.55,0.7,0.35,0.3,0.55,0.45,0.2,0.0,0.0,0.2,0.75,0.4,0.6,0.35,0.2,0.55,0.2,0.45,0.3,0.5,0.3
096390003,0.7142857142857143,0.7142857142857143,0.7857142857142857,0.21428571428571427,0.14285714285714285,0.21428571428571427,0.14285714285714285,0.0,1.0,0.7142857142857143,0.42857142857142855,0.7142857142857143,0.21428571428571427,0.7142857142857143,0.21428571428571427,0.8571428571428571,0.14285714285714285,0.9285714285714286,0.0,0.21428571428571427,0.7857142857142857,0.5714285714285714,0.5,0.35714285714285715,0.9285714285714286,0.7142857142857143,0.8571428571428571,0.6428571428571429
096390004,0.7647058823529411,0.4117647058823529,0.5882352941176471,0.4117647058823529,0.29411764705882354,0.23529411764705882,0.17647058823529413,0.29411764705882354,0.4117647058823529,0.4117647058823529,0.35294117647058826,0.17647058823529413,0.29411764705882354,0.17647058823529413,0.11764705882352941,0.17647058823529413,0.29411764705882354,0.7058823529411765,0.17647058823529413,0.4117647058823529,0.29411764705882354,0.29411764705882354,0.5294117647058824,0.29411764705882354,0.29411764705882354,0.17647058823529413,0.29411764705882354,0.5882352941176471
096390005,0.8888888888888888,0.7777777777777778,0.6666666666666666,0.4444444444444444,0.5555555555555556,0.1111111111111111,0.1111111111111111,0.3888888888888889,1.0,0.5555555555555556,0.5,0.4444444444444444,0.7222222222222222,0.5,0.1111111111111111,0.16666666666666666,0.5555555555555556,0.7222222222222222,0.6111111111111112,0.4444444444444444,0.6666666666666666,0.3333333333333333,0.7222222222222222,0.6111111111111112,0.7777777777777778,0.6666666666666666,0.6666666666666666,0.5
096390006,1.0,0.9333333333333333,0.7333333333333333,0.6,0.8,0.26666666666666666,0.4,0.6666666666666666,1.0,0.8,0.6,0.8666666666666667,0.6666666666666666,0.8666666666666667,0.13333333333333333,0.4,0.4666666666666667,0.4666666666666667,0.9333333333333333,0.8,0.8666666666666667,0.4,0.7333333333333333,0.6666666666666666,0.8,0.8,0.4,0.4666666666666667
096390007,0.5714285714285714,0.5,0.5,0.2857142857142857,0.5714285714285714,0.07142857142857142,0.2857142857142857,0.5,0.5714285714285714,0.5,0.2857142857142857,0.35714285714285715,0.42857142857142855,0.2857142857142857,0.0,0.8571428571428571,0.07142857142857142,0.5,0.35714285714285715,0.42857142857142855,0.35714285714285715,0.35714285714285715,0.5,0.5,0.5714285714285714,0.35714285714285715,0.35714285714285715,0.5714285714285714
096390008,0.6521739130434783,0.17391304347826086,0.34782608695652173,0.21739130434782608,0.21739130434782608,0.0,0.0,0.21739130434782608,0.4782608695652174,0.17391304347826086,0.30434782608695654,0.21739130434782608,0.21739130434782608,0.2608695652173913,0.0,0.13043478260869565,0.13043478260869565,0.6956521739130435,0.34782608695652173,0.21739130434782608,0.5217391304347826,0.21739130434782608,0.21739130434782608,0.21739130434782608,0.2608695652173913,0.17391304347826086,0.17391304347826086,0.30434782608695654
096390009,1.0,0.8461538461538461,0.6923076923076923,0.46153846153846156,0.5384615384615384,0.15384615384615385,0.3076923076923077,1.0,0.6923076923076923,0.6153846153846154,1.0,0.46153846153846156,0.6923076923076923,0.7692307692307693,0.15384615384615385,0.6923076923076923,0.46153846153846156,1.0,0.15384615384615385,0.7692307692307693,0.8461538461538461,0.46153846153846156,1.0,0.7692307692307693,0.6923076923076923,0.8461538461538461,0.3076923076923077,0.46153846153846156
096390010,0.8181818181818182,0.8695652173913043,0.6956521739130435,0.08695652173913043,0.30434782608695654,0.0,0.21739130434782608,0.13043478260869565,0.7272727272727273,0.43478260869565216,0.4782608695652174,0.4782608695652174,0.08695652173913043,0.5217391304347826,0.30434782608695654,0.30434782608695654,0.0,1.0,0.6086956521739131,0.6956521739130435,0.7391304347826086,0.5217391304347826,0.8260869565217391,0.6086956521739131,0.6086956521739131,0.6521739130434783,0.782608695652174,0.6086956521739131
096390011,0.5833333333333334,0.5,0.5833333333333334,0.16666666666666666,0.5833333333333334,0.3333333333333333,0.16666666666666666,0.16666666666666666,0.9166666666666666,0.3333333333333333,0.3333333333333333,0.16666666666666666,0.3333333333333333,0.5,1.0,0.75,0.16666666666666666,0.8333333333333334,1.0,0.3333333333333333,0.5833333333333334,0.3333333333333333,0.75,0.25,0.3333333333333333,0.3333333333333333,0.3333333333333333,0.4166666666666667
096390012,0.782608695652174,0.7391304347826086,0.6521739130434783,0.13043478260869565,0.17391304347826086,0.08695652173913043,0.21739130434782608,0.21739130434782608,0.8260869565217391,0.21739130434782608,0.30434782608695654,0.13043478260869565,0.13043478260869565,0.30434782608695654,0.21739130434782608,0.21739130434782608,0.2608695652173913,0.4782608695652174,0.2608695652173913,0.21739130434782608,0.0,0.08695652173913043,0.2608695652173913,0.17391304347826086,0.34782608695652173,0.13043478260869565,0.21739130434782608,0.17391304347826086
096390013,0.5384615384615384,0.6153846153846154,0.6923076923076923,0.5384615384615384,0.5769230769230769,0.23076923076923078,0.3076923076923077,0.46153846153846156,0.8461538461538461,0.5769230769230769,0.5769230769230769,0.5769230769230769,0.5384615384615384,0.5,0.2692307692307692,0.8076923076923077,0.6538461538461539,0.8846153846153846,0.6538461538461539,0.6538461538461539,0.6923076923076923,0.46153846153846156,0.6538461538461539,0.6923076923076923,0.6923076923076923,0.5384615384615384,0.4230769230769231,0.6923076923076923
096390014,0.875,0.375,0.5625,0.125,0.125,0.125,0.125,0.125,0.5,0.375,0.125,0.25,0.0,0.25,0.125,0.125,0.125,1.0,0.125,0.125,0.375,0.4375,0.25,0.4375,0.125,0.125,0.25,0.375
096390015,0.8235294117647058,0.9411764705882353,0.7058823529411765,0.17647058823529413,0.0,0.0,0.0,0.17647058823529413,0.8235294117647058,0.4117647058823529,0.17647058823529413,0.17647058823529413,0.0,0.17647058823529413,0.0,0.0,0.17647058823529413,0.7647058823529411,0.35294117647058826,0.17647058823529413,0.6470588235294118,0.47058823529411764,0.47058823529411764,0.23529411764705882,0.5294117647058824,0.4117647058823529,0.5882352941176471,0.47058823529411764
096390016,0.8076923076923077,0.3076923076923077,0.7307692307692307,0.2692307692307692,0.0,0.07692307692307693,0.07692307692307693,0.3076923076923077,0.8846153846153846,0.4230769230769231,0.2692307692307692,0.6153846153846154,0.0,0.07692307692307693,0.0,0.07692307692307693,0.07692307692307693,0.3076923076923077,0.5769230769230769,0.2692307692307692,0.19230769230769232,0.0,0.5,0.4230769230769231,0.5769230769230769,0.34615384615384615,0.19230769230769232,0.3076923076923077
096390017,0.7857142857142857,0.7142857142857143,0.5714285714285714,0.21428571428571427,0.35714285714285715,0.14285714285714285,0.21428571428571427,0.42857142857142855,0.7142857142857143,0.6428571428571429,0.5,0.35714285714285715,0.5714285714285714,0.6428571428571429,0.2857142857142857,0.5,0.42857142857142855,1.0,0.42857142857142855,0.21428571428571427,0.42857142857142855,0.5,0.6428571428571429,0.5714285714285714,0.5714285714285714,0.42857142857142855,0.7142857142857143,0.5714285714285714
096390018,0.9583333333333334,0.75,0.75,0.5,0.5,0.5,0.4583333333333333,0.5,1.0,0.7916666666666666,0.7916666666666666,0.3333333333333333,0.6666666666666666,0.625,0.4166666666666667,1.0,0.625,0.9166666666666666,0.75,0.75,0.8333333333333334,0.25,0.6666666666666666,0.625,0.7916666666666666,0.75,0.7083333333333334,0.8333333333333334
096390019,0.8,0.7333333333333333,0.5333333333333333,0.6,0.6666666666666666,0.26666666666666666,0.3333333333333333,0.7333333333333333,1.0,0.4,0.6666666666666666,0.9333333333333333,0.4,0.6666666666666666,0.13333333333333333,0.6666666666666666,0.3333333333333333,1.0,0.6,0.6,0.7333333333333333,0.5333333333333333,0.4666666666666667,0.4,0.5333333333333333,0.5333333333333333,0.4,0.7333333333333333
096390020,0.6896551724137931,0.5333333333333333,0.5666666666666667,0.5666666666666667,0.5333333333333333,0.43333333333333335,0.5333333333333333,0.5333333333333333,0.5517241379310345,0.5,0.7,0.4666666666666667,0.5333333333333333,0.5333333333333333,0.4666666666666667,0.4666666666666667,0.5333333333333333,0.7666666666666667,0.4666666666666667,0.6,0.6333333333333333,0.5333333333333333,0.5666666666666667,0.4666666666666667,0.4,0.4666666666666667,0.6,0.4
096430002,0.9523809523809523,0.7619047619047619,0.5714285714285714,0.5238095238095238,0.19047619047619047,0.3333333333333333,0.09523809523809523,0.23809523809523808,0.47619047619047616,0.5714285714285714,0.47619047619047616,0.5238095238095238,0.38095238095238093,0.2857142857142857,0.09523809523809523,0.23809523809523808,0.14285714285714285,1.0,0.47619047619047616,0.6666666666666666,0.6666666666666666,0.38095238095238093,0.6666666666666666,0.38095238095238093,0.6190476190476191,0.3333333333333333,0.8571428571428571,0.42857142857142855
096430003,0.9047619047619048,0.6666666666666666,0.5714285714285714,0.42857142857142855,0.38095238095238093,0.047619047619047616,0.14285714285714285,0.47619047619047616,0.42857142857142855,0.5238095238095238,0.5714285714285714,0.7142857142857143,0.2857142857142857,0.47619047619047616,0.5714285714285714,0.38095238095238093,0.3333333333333333,1.0,0.7142857142857143,0.47619047619047616,0.6666666666666666,0.42857142857142855,0.7619047619047619,0.5238095238095238,0.6190476190476191,0.6190476190476191,0.5238095238095238,0.42857142857142855
096430004,1.0,0.75,0.8,1.0,1.0,0.7,0.75,1.0,0.85,0.8,0.9,1.0,0.95,0.95,0.65,1.0,1.0,1.0,1.0,0.9,1.0,0.8,0.95,0.9,1.0,0.9,1.0,0.75
096430005,1.0,0.7857142857142857,0.6785714285714286,0.8928571428571429,0.5,0.6785714285714286,0.6785714285714286,0.6785714285714286,0.7037037037037037,0.75,0.7142857142857143,1.0,0.6071428571428571,0.7142857142857143,0.5714285714285714,0.6428571428571429,0.75,1.0,0.7142857142857143,0.8214285714285714,0.8571428571428571,0.5714285714285714,0.6785714285714286,0.5,1.0,0.5,0.6428571428571429,0.6071428571428571
096430006,0.9642857142857143,0.8275862068965517,0.7241379310344828,1.0,0.8275862068965517,0.7931034482758621,0.7586206896551724,1.0,0.7857142857142857,0.6896551724137931,0.7586206896551724,1.0,0.7241379310344828,0.7586206896551724,0.8275862068965517,0.8275862068965517,0.8620689655172413,1.0,0.9655172413793104,1.0,0.8275862068965517,0.6551724137931034,0.6896551724137931,0.7931034482758621,0.9655172413793104,0.6896551724137931,0.8620689655172413,0.6551724137931034
096430007,1.0,0.8,0.85,1.0,1.0,1.0,0.8,0.95,0.95,1.0,1.0,1.0,0.7,0.75,0.85,0.8,1.0,1.0,1.0,1.0,1.0,0.9,1.0,0.75,1.0,1.0,0.8,0.8
096430008,0.9473684210526315,0.631578947368421,0.8421052631578947,0.6842105263157895,0.7894736842105263,0.8947368421052632,0.631578947368421,0.9473684210526315,0.8421052631578947,0.7894736842105263,0.8421052631578947,0.9473684210526315,1.0,0.6842105263157895,0.5789473684210527,0.9473684210526315,1.0,1.0,0.7894736842105263,0.8947368421052632,1.0,0.631578947368421,0.8421052631578947,0.8421052631578947,0.8947368421052632,0.7368421052631579,0.6842105263157895,0.8947368421052632
096430009,0.7777777777777778,0.75,0.65,0.5,0.75,0.75,0.75,0.7,0.7222222222222222,0.6,0.65,1.0,0.8,0.55,0.6,1.0,0.85,1.0,0.65,0.6,0.65,0.8,0.65,0.75,0.65,0.75,0.7,0.65
096430010,1.0,1.0,0.8947368421052632,1.0,0.9473684210526315,1.0,1.0,1.0,0.9473684210526315,0.8421052631578947,0.7368421052631579,1.0,0.9473684210526315,1.0,0.9473684210526315,1.0,1.0,1.0,0.8421052631578947,1.0,1.0,0.6842105263157895,0.8947368421052632,1.0,1.0,0.7894736842105263,0.8947368421052632,0.8947368421052632
096430011,0.72,0.76,0.64,0.44,0.6,0.48,0.36,0.72,0.52,0.68,0.68,1.0,0.56,0.8,0.28,0.52,0.84,1.0,0.64,0.64,0.68,0.56,0.6,0.4,0.68,0.6,0.44,0.4
096430012,1.0,0.7058823529411765,0.6470588235294118,0.6470588235294118,0.7647058823529411,0.5882352941176471,0.5882352941176471,0.8823529411764706,0.6875,0.5882352941176471,0.8823529411764706,1.0,0.6470588235294118,0.9411764705882353,0.7647058823529411,1.0,0.7647058823529411,1.0,0.9411764705882353,1.0,1.0,0.5882352941176471,0.7647058823529411,0.5294117647058824,0.7647058823529411,0.8823529411764706,0.8235294117647058,0.7058823529411765
096430013,1.0,0.8181818181818182,0.5454545454545454,1.0,0.6363636363636364,0.8636363636363636,0.6363636363636364,0.7272727272727273,0.9545454545454546,0.9090909090909091,0.8181818181818182,1.0,0.8181818181818182,0.4090909090909091,1.0,1.0,0.8636363636363636,1.0,0.8636363636363636,0.9545454545454546,0.7272727272727273,0.6818181818181818,0.8181818181818182,0.7727272727272727,0.7727272727272727,0.7272727272727273,0.6363636363636364,0.7727272727272727
096430014,1.0,0.875,0.9375,1.0,1.0,1.0,1.0,0.9375,0.9375,1.0,1.0,1.0,0.9375,0.875,1.0,0.9375,1.0,1.0,1.0,0.9375,1.0,0.9375,0.9375,0.9375,1.0,1.0,0.875,1.0
096430015,1.0,0.7272727272727273,0.8181818181818182,0.5454545454545454,1.0,0.09090909090909091,0.5,0.8181818181818182,0.8095238095238095,1.0,1.0,1.0,0.9090909090909091,0.9545454545454546,0.4090909090909091,1.0,0.5909090909090909,1.0,0.9545454545454546,0.8181818181818182,1.0,0.7727272727272727,0.9545454545454546,0.5454545454545454,0.9545454545454546,0.9545454545454546,0.8181818181818182,0.7727272727272727
096430016,1.0,0.8181818181818182,0.7272727272727273,1.0,0.8636363636363636,0.4090909090909091,0.6363636363636364,0.7727272727272727,0.95,0.8636363636363636,0.7727272727272727,1.0,0.7727272727272727,0.8181818181818182,0.7727272727272727,1.0,0.7272727272727273,1.0,0.8181818181818182,0.8181818181818182,1.0,0.5454545454545454,0.7727272727272727,0.8181818181818182,1.0,0.8636363636363636,0.7272727272727273,0.6363636363636364
096430017,0.9629629629629629,0.7931034482758621,0.7586206896551724,0.7931034482758621,0.7931034482758621,0.7931034482758621,0.6896551724137931,0.9655172413793104,0.8888888888888888,0.896551724137931,0.7586206896551724,1.0,0.8620689655172413,0.7241379310344828,0.8275862068965517,0.8275862068965517,1.0,1.0,1.0,0.896551724137931,1.0,0.7586206896551724,0.7931034482758621,0.8620689655172413,0.8620689655172413,0.8620689655172413,0.896551724137931,0.7931034482758621
096430018,1.0,0.6818181818181818,0.8181818181818182,0.9090909090909091,0.9090909090909091,1.0,0.8636363636363636,0.9090909090909091,0.8636363636363636,0.7272727272727273,0.7272727272727273,1.0,0.7727272727272727,0.6818181818181818,0.7272727272727273,0.9545454545454546,0.8636363636363636,1.0,0.9545454545454546,0.9090909090909091,0.9545454545454546,0.7727272727272727,0.7727272727272727,0.8636363636363636,1.0,0.7727272727272727,0.9090909090909091,0.7272727272727273
096430019,1.0,0.7142857142857143,0.7142857142857143,1.0,0.9523809523809523,0.7619047619047619,0.7619047619047619,1.0,0.85,1.0,0.8095238095238095,1.0,0.9523809523809523,0.9047619047619048,1.0,1.0,1.0,1.0,1.0,1.0,1.0,0.9047619047619048,0.9523809523809523,0.9523809523809523,1.0,0.9523809523809523,0.8571428571428571,1.0
096430020,0.9310344827586207,0.6666666666666666,0.4666666666666667,0.43333333333333335,0.7666666666666667,0.13333333333333333,0.26666666666666666,0.36666666666666664,0.5862068965517241,0.8,0.5,1.0,0.5666666666666667,0.6,0.9333333333333333,1.0,0.8666666666666667,1.0,0.8666666666666667,0.4,0.5,0.6333333333333333,0.6,0.7666666666666667,0.8,0.6,0.7,0.6
096430021,1.0,0.7857142857142857,0.8571428571428571,0.9285714285714286,0.7857142857142857,0.7857142857142857,0.5,0.7857142857142857,0.9230769230769231,0.8571428571428571,0.8571428571428571,1.0,0.8571428571428571,0.7142857142857143,0.7142857142857143,0.9285714285714286,0.7857142857142857,1.0,0.8571428571428571,1.0,0.7142857142857143,0.9285714285714286,0.6428571428571429,0.7857142857142857,1.0,0.8571428571428571,0.6428571428571429,0.6428571428571429
096450001,0.8125,0.75,0.6875,1.0,0.5,0.5,0.625,0.75,0.8125,0.75,0.8125,0.625,0.5,0.8125,0.5,0.5,0.75,0.9375,0.6875,0.6875,0.5,0.75,0.8125,0.875,0.6875,0.8125,0.6875,0.75
096450002,1.0,0.7368421052631579,0.9473684210526315,0.631578947368421,0.6842105263157895,0.2631578947368421,0.42105263157894735,0.5263157894736842,0.8421052631578947,1.0,0.7894736842105263,0.9473684210526315,0.3157894736842105,0.631578947368421,0.2631578947368421,0.21052631578947367,0.3157894736842105,1.0,0.7894736842105263,1.0,1.0,0.7894736842105263,1.0,0.7894736842105263,1.0,1.0,0.7894736842105263,0.7894736842105263
096450003,1.0,0.75,0.8214285714285714,0.6071428571428571,0.42857142857142855,0.21428571428571427,0.17857142857142858,0.4642857142857143,0.7407407407407407,0.7857142857142857,0.5714285714285714,1.0,0.32142857142857145,0.8214285714285714,0.17857142857142858,0.17857142857142858,0.25,1.0,0.6071428571428571,0.8214285714285714,1.0,0.7142857142857143,0.7857142857142857,0.5714285714285714,0.75,0.6428571428571429,0.8571428571428571,0.75
096450004,1.0,1.0,1.0,1.0,0.6428571428571429,0.5714285714285714,0.7857142857142857,0.7857142857142857,1.0,0.8571428571428571,0.5714285714285714,1.0,0.5714285714285714,0.8571428571428571,0.7142857142857143,1.0,0.7857142857142857,1.0,1.0,0.8571428571428571,1.0,0.5714285714285714,0.7857142857142857,1.0,0.7142857142857143,0.7857142857142857,0.5714285714285714,0.9285714285714286
096450005,0.9,0.6666666666666666,0.9523809523809523,0.6190476190476191,0.7619047619047619,0.38095238095238093,0.38095238095238093,0.5714285714285714,0.8,0.8095238095238095,0.8095238095238095,0.9523809523809523,0.47619047619047616,0.5714285714285714,0.6190476190476191,1.0,0.6190476190476191,1.0,0.9047619047619048,0.6190476190476191,1.0,0.5238095238095238,0.7619047619047619,0.9523809523809523,0.7142857142857143,0.6190476190476191,0.8571428571428571,0.8571428571428571
096450006,0.9523809523809523,0.6363636363636364,0.8181818181818182,0.7727272727272727,0.6363636363636364,0.2727272727272727,0.4090909090909091,0.6363636363636364,0.9047619047619048,0.7727272727272727,0.9545454545454546,0.6818181818181818,0.2727272727272727,0.5454545454545454,0.2727272727272727,0.8636363636363636,0.2727272727272727,1.0,0.7727272727272727,0.5909090909090909,1.0,0.7272727272727273,0.5909090909090909,0.6818181818181818,0.8636363636363636,0.5,0.6363636363636364,0.6363636363636364
096450007,1.0,0.6538461538461539,0.8076923076923077,0.8461538461538461,0.2692307692307692,0.38461538461538464,0.34615384615384615,0.5384615384615384,0.9615384615384616,0.8846153846153846,0.6153846153846154,1.0,0.5,0.6153846153846154,0.5384615384615384,0.2692307692307692,0.7692307692307693,1.0,1.0,0.6923076923076923,1.0,0.6923076923076923,0.8461538461538461,0.6923076923076923,0.9230769230769231,0.7307692307692307,0.7692307692307693,0.6923076923076923
096450008,0.9,0.75,0.75,0.5,0.3333333333333333,0.25,0.25,0.6666666666666666,0.8,0.75,0.5,0.3333333333333333,0.5,0.5,0.5,1.0,0.25,1.0,0.4166666666666667,0.9166666666666666,0.75,0.5,1.0,0.75,0.5833333333333334,0.6666666666666666,0.5833333333333334,0.75
096450010,0.9354838709677419,0.65625,0.71875,0.59375,0.46875,0.28125,0.40625,0.40625,0.8064516129032258,0.78125,0.8125,0.78125,0.5,0.71875,0.3125,0.40625,0.5625,0.8125,1.0,0.75,0.90625,0.6875,0.84375,0.78125,0.71875,0.6875,0.71875,0.84375
096450011,0.8055555555555556,0.7105263157894737,0.7105263157894737,0.6842105263157895,0.5789473684210527,0.5789473684210527,0.5526315789473685,0.5263157894736842,0.6944444444444444,0.6052631578947368,0.6578947368421053,0.631578947368421,0.6052631578947368,0.5789473684210527,0.6578947368421053,0.868421052631579,0.6842105263157895,1.0,0.631578947368421,0.7894736842105263,0.9210526315789473,0.6578947368421053,0.6578947368421053,0.7105263157894737,0.6842105263157895,0.7368421052631579,0.7368421052631579,0.6842105263157895
096450012,1.0,0.4166666666666667,0.75,0.16666666666666666,0.20833333333333334,0.125,0.125,0.375,0.8636363636363636,0.5416666666666666,0.4166666666666667,0.375,0.25,0.5,0.125,0.25,0.5833333333333334,1.0,0.5,0.5,0.4583333333333333,0.5,0.5416666666666666,0.4166666666666667,0.5,0.3333333333333333,0.4166666666666667,0.5
096450013,0.8214285714285714,0.4827586206896552,0.6551724137931034,0.2413793103448276,0.20689655172413793,0.06896551724137931,0.20689655172413793,0.2413793103448276,0.8571428571428571,0.5172413793103449,0.3448275862068966,0.4827586206896552,0.13793103448275862,0.5172413793103449,0.0,0.13793103448275862,0.20689655172413793,0.6551724137931034,0.27586206896551724,0.5172413793103449,0.4827586206896552,0.3793103448275862,0.5862068965517241,0.3103448275862069,0.27586206896551724,0.20689655172413793,0.7586206896551724,0.6896551724137931
096450014,1.0,0.8571428571428571,0.7142857142857143,0.75,0.5,0.35714285714285715,0.39285714285714285,0.8214285714285714,1.0,1.0,1.0,1.0,0.5357142857142857,0.7142857142857143,0.39285714285714285,0.39285714285714285,0.5714285714285714,1.0,0.7857142857142857,1.0,1.0,0.7142857142857143,1.0,0.8214285714285714,1.0,1.0,0.8571428571428571,1.0
096450015,1.0,0.6470588235294118,0.7058823529411765,0.5882352941176471,0.4117647058823529,0.0,0.8235294117647058,0.17647058823529413,0.9375,1.0,0.6470588235294118,1.0,0.5882352941176471,0.8235294117647058,0.35294117647058826,1.0,0.058823529411764705,1.0,0.7058823529411765,0.7647058823529411,1.0,0.7647058823529411,0.9411764705882353,0.8823529411764706,0.8823529411764706,0.47058823529411764,0.8235294117647058,0.6470588235294118
096450016,1.0,0.8260869565217391,1.0,0.9130434782608695,0.782608695652174,0.7391304347826086,0.6956521739130435,1.0,1.0,0.9565217391304348,1.0,1.0,0.6956521739130435,0.782608695652174,0.391304347826087,0.782608695652174,0.6956521739130435,1.0,0.9130434782608695,1.0,1.0,0.782608695652174,1.0,0.9565217391304348,1.0,0.8695652173913043,0.9565217391304348,1.0
096450017,0.9473684210526315,0.8571428571428571,0.9047619047619048,1.0,0.38095238095238093,0.6190476190476191,0.47619047619047616,0.6666666666666666,0.8421052631578947,0.8095238095238095,0.5714285714285714,0.7142857142857143,0.5238095238095238,0.9047619047619048,0.5238095238095238,0.47619047619047616,0.47619047619047616,1.0,0.7619047619047619,0.23809523809523808,0.9523809523809523,0.5238095238095238,0.7619047619047619,0.6190476190476191,0.9523809523809523,0.6666666666666666,0.7142857142857143,0.8095238095238095
096450018,0.7222222222222222,0.7777777777777778,0.6111111111111112,0.4444444444444444,0.7222222222222222,0.2777777777777778,0.3888888888888889,0.3888888888888889,0.5555555555555556,0.7777777777777778,0.3888888888888889,0.3333333333333333,0.4444444444444444,0.3333333333333333,0.2777777777777778,0.4444444444444444,0.5,0.8888888888888888,0.3888888888888889,0.2777777777777778,0.3888888888888889,0.5555555555555556,0.7777777777777778,0.5555555555555556,0.7777777777777778,0.5,0.8333333333333334,0.6111111111111112
096450019,0.9473684210526315,0.5789473684210527,0.7368421052631579,0.47368421052631576,0.9473684210526315,0.3157894736842105,0.5263157894736842,0.5789473684210527,0.8421052631578947,0.6842105263157895,0.8421052631578947,1.0,0.42105263157894735,0.6842105263157895,0.3684210526315789,0.7894736842105263,0.3157894736842105,1.0,0.8947368421052632,0.9473684210526315,0.9473684210526315,0.47368421052631576,0.7894736842105263,0.6842105263157895,0.8947368421052632,0.8947368421052632,0.6842105263157895,0.5263157894736842
096450020,0.8666666666666667,0.65625,0.84375,0.5625,0.375,0.28125,0.46875,0.3125,0.9,0.6875,0.6875,1.0,0.6875,0.6875,0.59375,0.40625,0.3125,0.78125,0.96875,0.59375,0.90625,0.65625,0.625,0.65625,0.6875,0.5625,0.65625,0.5625
096450021,0.8947368421052632,0.6,0.55,0.95,0.3,0.3,0.4,0.3,1.0,0.65,0.85,1.0,0.45,0.75,0.3,0.3,0.3,1.0,0.95,0.8,0.95,0.5,0.75,0.75,0.7,0.6,1.0,0.8
096460002,0.9032258064516129,0.8387096774193549,0.8064516129032258,0.7096774193548387,0.8387096774193549,0.6129032258064516,0.6129032258064516,0.6774193548387096,0.7419354838709677,0.7096774193548387,0.9032258064516129,0.8709677419354839,0.967741935483871,0.8387096774193549,0.3870967741935484,1.0,0.7096774193548387,0.967741935483871,0.8709677419354839,0.8387096774193549,0.9032258064516129,0.7741935483870968,0.6451612903225806,0.8709677419354839,0.8387096774193549,0.7741935483870968,0.7419354838709677,0.7741935483870968
096460003,0.8064516129032258,0.4838709677419355,0.7419354838709677,0.5161290322580645,0.3548387096774194,0.45161290322580644,0.3225806451612903,0.4838709677419355,0.5806451612903226,0.5483870967741935,0.45161290322580644,0.5161290322580645,0.3225806451612903,0.5483870967741935,0.3870967741935484,0.45161290322580644,0.45161290322580644,0.7741935483870968,0.3548387096774194,0.4838709677419355,0.5806451612903226,0.5483870967741935,0.5483870967741935,0.45161290322580644,0.4838709677419355,0.5161290322580645,0.5161290322580645,0.45161290322580644
096460004,0.9047619047619048,0.8095238095238095,0.6666666666666666,0.8095238095238095,0.6666666666666666,0.6190476190476191,0.6666666666666666,0.6190476190476191,0.6666666666666666,0.6190476190476191,0.8095238095238095,1.0,0.6190476190476191,0.8095238095238095,0.7619047619047619,0.8095238095238095,0.6666666666666666,0.9047619047619048,1.0,0.8095238095238095,0.7619047619047619,0.7142857142857143,0.7619047619047619,0.7142857142857143,0.6666666666666666,0.6190476190476191,0.6666666666666666,0.5714285714285714
096460005,0.9,0.8,0.8,0.7,0.45,0.6,0.35,0.75,0.8,0.65,0.6,1.0,0.55,0.6,0.65,0.65,0.65,0.9,1.0,0.6,0.9,0.85,0.55,0.6,0.8,0.6,0.75,0.5
096460006,0.9310344827586207,0.6551724137931034,0.7931034482758621,0.41379310344827586,0.2413793103448276,0.27586206896551724,0.2413793103448276,0.3103448275862069,0.5517241379310345,0.4827586206896552,0.3448275862068966,0.3793103448275862,0.3103448275862069,0.3793103448275862,0.2413793103448276,0.3103448275862069,0.3793103448275862,0.6206896551724138,0.41379310344827586,0.3448275862068966,0.7586206896551724,0.41379310344827586,0.5172413793103449,0.3103448275862069,0.5517241379310345,0.3793103448275862,0.6551724137931034,0.5172413793103449
096460007,0.5555555555555556,0.6296296296296297,0.6296296296296297,0.5185185185185185,0.2222222222222222,0.2222222222222222,0.2222222222222222,0.37037037037037035,0.4444444444444444,0.48148148148148145,0.4444444444444444,0.4074074074074074,0.25925925925925924,0.5555555555555556,0.37037037037037035,0.4074074074074074,0.37037037037037035,0.7407407407407407,0.5185185185185185,0.5925925925925926,0.6666666666666666,0.3333333333333333,0.5555555555555556,0.3333333333333333,0.4444444444444444,0.4444444444444444,0.5555555555555556,0.4074074074074074
096460008,0.8333333333333334,0.5555555555555556,0.8333333333333334,0.6111111111111112,0.3888888888888889,0.3333333333333333,0.3888888888888889,0.3888888888888889,0.4444444444444444,0.6111111111111112,0.7777777777777778,0.6111111111111112,0.3888888888888889,0.3888888888888889,0.3333333333333333,0.5,0.3888888888888889,0.7777777777777778,0.5555555555555556,0.6111111111111112,0.5555555555555556,0.3888888888888889,0.6111111111111112,0.3888888888888889,0.5555555555555556,0.5555555555555556,0.6111111111111112,0.3888888888888889
096460009,0.625,0.6875,0.8125,0.3125,0.3125,0.3125,0.375,0.375,0.4375,0.375,0.625,0.375,0.375,0.3125,0.1875,0.875,0.3125,0.9375,0.3125,0.375,0.8125,0.6875,0.5,0.375,0.5,0.4375,0.3125,0.3125
096460010,0.7894736842105263,0.5789473684210527,0.7368421052631579,0.42105263157894735,0.3684210526315789,0.3684210526315789,0.47368421052631576,0.47368421052631576,0.7368421052631579,0.5789473684210527,0.47368421052631576,0.3684210526315789,0.5263157894736842,0.5789473684210527,0.5263157894736842,0.3684210526315789,0.3684210526315789,0.6842105263157895,0.5789473684210527,0.47368421052631576,0.6842105263157895,0.42105263157894735,0.6842105263157895,0.631578947368421,0.47368421052631576,0.42105263157894735,0.42105263157894735,0.42105263157894735
096460011,0.7727272727272727,0.7272727272727273,0.8181818181818182,0.5454545454545454,0.5454545454545454,0.5454545454545454,0.5454545454545454,0.5,0.5454545454545454,0.5454545454545454,0.6818181818181818,0.7272727272727273,0.5454545454545454,0.5454545454545454,0.5454545454545454,0.5454545454545454,0.5909090909090909,0.8181818181818182,0.5454545454545454,0.5909090909090909,0.6818181818181818,0.6818181818181818,0.8181818181818182,0.6818181818181818,0.7727272727272727,0.6363636363636364,0.5909090909090909,0.5454545454545454
096460012,0.6428571428571429,0.41379310344827586,0.6551724137931034,0.5862068965517241,0.3448275862068966,0.3793103448275862,0.3448275862068966,0.3793103448275862,0.4642857142857143,0.41379310344827586,0.3793103448275862,0.5517241379310345,0.3448275862068966,0.3103448275862069,0.20689655172413793,0.8275862068965517,0.41379310344827586,0.8620689655172413,0.3448275862068966,0.5172413793103449,0.5862068965517241,0.41379310344827586,0.6206896551724138,0.4482758620689655,0.4482758620689655,0.4827586206896552,0.5862068965517241,0.4827586206896552
096460013,0.6818181818181818,0.47619047619047616,0.6666666666666666,0.38095238095238093,0.3333333333333333,0.2857142857142857,0.2857142857142857,0.38095238095238093,0.5454545454545454,0.42857142857142855,0.47619047619047616,0.47619047619047616,0.38095238095238093,0.5238095238095238,0.2857142857142857,0.47619047619047616,0.38095238095238093,0.7142857142857143,0.47619047619047616,0.38095238095238093,0.47619047619047616,0.47619047619047616,0.5238095238095238,0.2857142857142857,0.47619047619047616,0.5238095238095238,0.38095238095238093,0.3333333333333333
096460014,0.5625,0.26666666666666666,0.4,0.0,0.0,0.0,0.0,0.3333333333333333,0.3125,0.26666666666666666,0.26666666666666666,0.26666666666666666,0.3333333333333333,0.3333333333333333,0.0,0.0,0.26666666666666666,0.8666666666666667,0.0,0.26666666666666666,0.3333333333333333,0.26666666666666666,0.5333333333333333,0.26666666666666666,0.2,0.26666666666666666,0.3333333333333333,0.3333333333333333
096460015,0.7894736842105263,0.7368421052631579,0.631578947368421,0.3157894736842105,0.5789473684210527,0.5789473684210527,0.3157894736842105,0.2631578947368421,0.631578947368421,0.5789473684210527,0.5789473684210527,0.6842105263157895,0.3157894736842105,0.42105263157894735,0.3157894736842105,0.8421052631578947,0.2631578947368421,0.7368421052631579,0.6842105263157895,0.5263157894736842,0.6842105263157895,0.5789473684210527,0.5789473684210527,0.42105263157894735,0.5263157894736842,0.5789473684210527,0.5789473684210527,0.47368421052631576
096460016,0.9,0.7,0.7,0.2,0.2,0.3,0.2,0.3,0.3,0.4,0.4,1.0,0.3,0.5,1.0,1.0,0.3,0.8,0.25,0.35,0.35,0.45,0.45,0.3,0.6,0.25,0.35,0.45
096460017,0.6,0.4,0.55,0.2,0.2,0.2,0.2,0.2,0.45,0.2,0.2,0.2,0.25,0.4,0.2,0.2,0.2,0.8,0.2,0.2,0.4,0.2,0.3,0.2,0.35,0.2,0.25,0.2
096460018,0.7333333333333333,0.6666666666666666,0.7333333333333333,0.6,0.2,0.26666666666666666,0.4,0.4,0.3333333333333333,0.26666666666666666,0.6,0.4666666666666667,0.2,0.7333333333333333,0.3333333333333333,0.4,0.4,1.0,0.7333333333333333,0.6,0.6666666666666666,0.4,0.8,0.3333333333333333,0.3333333333333333,0.7333333333333333,0.5333333333333333,0.5333333333333333
096460019,0.625,0.5,0.625,0.3125,0.4375,0.3125,0.125,0.25,0.5625,0.5,0.25,0.3125,0.3125,0.1875,0.3125,0.125,0.125,0.8125,0.625,0.4375,0.5625,0.3125,0.5,0.625,0.625,0.5,0.375,0.25
096460020,0.7647058823529411,0.7058823529411765,0.6470588235294118,0.47058823529411764,0.5294117647058824,0.9411764705882353,0.4117647058823529,0.5882352941176471,0.5882352941176471,0.8235294117647058,0.7647058823529411,0.6470588235294118,0.8235294117647058,0.8235294117647058,0.6470588235294118,0.9411764705882353,0.47058823529411764,0.7647058823529411,0.5294117647058824,0.47058823529411764,0.7647058823529411,0.7058823529411765,0.7058823529411765,0.5882352941176471,0.9411764705882353,0.6470588235294118,0.6470588235294118,0.6470588235294118
096460021,0.7619047619047619,0.8260869565217391,0.782608695652174,0.8260869565217391,0.6956521739130435,0.6521739130434783,0.6521739130434783,0.782608695652174,0.6666666666666666,0.6956521739130435,0.782608695652174,0.782608695652174,0.782608695652174,0.6956521739130435,0.43478260869565216,0.782608695652174,0.782608695652174,0.9130434782608695,0.6956521739130435,0.7391304347826086,0.7391304347826086,0.6956521739130435,0.6956521739130435,0.6086956521739131,0.7391304347826086,0.6521739130434783,0.782608695652174,0.6956521739130435
096490001,0.7619047619047619,0.782608695652174,0.6956521739130435,0.9565217391304348,0.6956521739130435,0.30434782608695654,0.5217391304347826,0.782608695652174,0.8571428571428571,0.6521739130434783,0.782608695652174,0.8260869565217391,0.4782608695652174,0.6521739130434783,0.30434782608695654,0.8260869565217391,0.8695652173913043,1.0,0.5652173913043478,0.8695652173913043,1.0,0.5217391304347826,0.5652173913043478,0.6521739130434783,0.6956521739130435,0.6086956521739131,0.43478260869565216,0.7391304347826086
096490002,1.0,0.68,0.64,0.8,0.64,0.48,0.6,0.96,0.9230769230769231,0.84,0.72,0.76,0.44,0.72,0.4,1.0,0.76,1.0,0.72,0.92,0.96,0.72,0.88,0.88,0.92,0.76,0.88,0.88
096490003,0.9565217391304348,0.6086956521739131,0.6086956521739131,0.34782608695652173,0.43478260869565216,0.34782608695652173,0.5217391304347826,0.391304347826087,0.9565217391304348,0.7391304347826086,0.7391304347826086,0.4782608695652174,0.43478260869565216,0.6086956521739131,0.391304347826087,0.34782608695652173,0.391304347826087,1.0,0.5217391304347826,0.782608695652174,0.8260869565217391,0.6086956521739131,0.6521739130434783,0.6521739130434783,0.6521739130434783,0.6956521739130435,0.6086956521739131,0.5652173913043478
096490004,0.875,0.6666666666666666,0.7916666666666666,0.2916666666666667,0.2916666666666667,0.2916666666666667,0.25,0.4583333333333333,1.0,0.4583333333333333,0.5833333333333334,0.625,0.25,0.375,0.16666666666666666,0.25,0.375,1.0,0.5833333333333334,0.3333333333333333,1.0,0.75,0.7916666666666666,0.7916666666666666,0.9166666666666666,0.5833333333333334,0.5833333333333334,0.875
096490005,0.9310344827586207,0.7931034482758621,0.7931034482758621,0.6551724137931034,0.5172413793103449,0.4482758620689655,0.4482758620689655,0.4482758620689655,0.8275862068965517,0.6551724137931034,0.6896551724137931,0.7931034482758621,0.5172413793103449,0.5862068965517241,0.4482758620689655,1.0,0.4482758620689655,1.0,0.8620689655172413,0.896551724137931,0.896551724137931,0.7241379310344828,0.8620689655172413,0.7931034482758621,0.8620689655172413,0.7241379310344828,0.6896551724137931,0.7931034482758621
096490006,1.0,0.5882352941176471,0.5882352941176471,0.4117647058823529,0.47058823529411764,0.29411764705882354,0.4117647058823529,0.47058823529411764,0.8125,0.47058823529411764,0.4117647058823529,0.4117647058823529,0.23529411764705882,0.5294117647058824,0.5294117647058824,0.7058823529411765,0.47058823529411764,0.9411764705882353,0.47058823529411764,0.4117647058823529,0.9411764705882353,0.47058823529411764,0.5882352941176471,0.47058823529411764,0.6470588235294118,0.29411764705882354,0.5294117647058824,0.5294117647058824
096490007,0.9565217391304348,0.75,0.75,0.9166666666666666,0.7916666666666666,0.75,0.7083333333333334,0.7916666666666666,0.9130434782608695,0.9583333333333334,0.7916666666666666,1.0,0.75,0.5416666666666666,0.6666666666666666,1.0,0.6666666666666666,1.0,0.9166666666666666,0.875,1.0,0.8333333333333334,0.7916666666666666,0.75,0.9583333333333334,0.7916666666666666,0.7083333333333334,0.9166666666666666
096490008,0.896551724137931,0.5862068965517241,0.7241379310344828,0.2413793103448276,0.41379310344827586,0.1724137931034483,0.06896551724137931,0.1724137931034483,0.5517241379310345,0.41379310344827586,0.5517241379310345,0.3103448275862069,0.10344827586206896,0.3793103448275862,0.06896551724137931,0.3103448275862069,0.06896551724137931,0.7241379310344828,0.20689655172413793,0.3793103448275862,0.5517241379310345,0.6896551724137931,0.41379310344827586,0.5862068965517241,0.4482758620689655,0.4482758620689655,0.3103448275862069,0.41379310344827586
096490009,0.8260869565217391,0.6956521739130435,0.782608695652174,0.782608695652174,0.6521739130434783,0.30434782608695654,0.5217391304347826,0.5652173913043478,0.8695652173913043,0.6521739130434783,0.9130434782608695,0.7391304347826086,0.6521739130434783,0.7391304347826086,0.30434782608695654,1.0,0.6521739130434783,1.0,0.6956521739130435,0.7391304347826086,1.0,0.6086956521739131,0.782608695652174,0.6086956521739131,0.7391304347826086,0.5652173913043478,0.6521739130434783,0.6956521739130435
096490010,1.0,0.7333333333333333,0.6666666666666666,0.7333333333333333,0.5333333333333333,0.6,0.4666666666666667,0.5333333333333333,0.6666666666666666,0.6,0.5333333333333333,0.6,0.5333333333333333,1.0,0.4666666666666667,0.4666666666666667,0.6,1.0,0.5333333333333333,0.9333333333333333,1.0,0.5333333333333333,1.0,0.8,1.0,0.6,0.8666666666666667,0.6666666666666666
096490011,1.0,0.7931034482758621,0.8620689655172413,0.9310344827586207,0.8275862068965517,0.7931034482758621,0.8275862068965517,0.8620689655172413,0.896551724137931,0.8275862068965517,0.896551724137931,0.896551724137931,0.7586206896551724,0.896551724137931,0.9310344827586207,1.0,0.8275862068965517,1.0,0.9310344827586207,0.9310344827586207,0.8275862068965517,0.8620689655172413,0.9310344827586207,0.8620689655172413,0.9655172413793104,0.896551724137931,0.8275862068965517,0.9310344827586207
096490012,0.8888888888888888,0.47368421052631576,0.631578947368421,0.7368421052631579,0.6842105263157895,0.5263157894736842,0.7894736842105263,0.631578947368421,0.8888888888888888,0.8421052631578947,0.8947368421052632,0.8947368421052632,0.7894736842105263,0.7368421052631579,0.5789473684210527,0.9473684210526315,0.7894736842105263,1.0,0.8947368421052632,0.7894736842105263,0.8421052631578947,0.7894736842105263,0.6842105263157895,0.7894736842105263,0.7368421052631579,0.8947368421052632,0.6842105263157895,0.7368421052631579
096490013,0.8947368421052632,0.6842105263157895,0.631578947368421,0.5263157894736842,0.0,0.0,0.2631578947368421,0.3684210526315789,0.7894736842105263,0.5263157894736842,0.5789473684210527,0.2631578947368421,0.2631578947368421,0.6842105263157895,0.0,0.631578947368421,0.21052631578947367,1.0,0.5789473684210527,0.5263157894736842,0.5789473684210527,0.5789473684210527,0.47368421052631576,0.3684210526315789,0.5789473684210527,0.47368421052631576,0.5263157894736842,0.42105263157894735
096490014,0.7272727272727273,0.5,0.5,0.3333333333333333,0.4166666666666667,0.4166666666666667,0.3333333333333333,0.5,0.8181818181818182,0.6666666666666666,0.5833333333333334,1.0,0.4166666666666667,0.5,0.5833333333333334,0.75,0.3333333333333333,1.0,0.6666666666666666,0.3333333333333333,0.75,0.5833333333333334,0.5833333333333334,0.4166666666666667,0.4166666666666667,0.4166666666666667,0.9166666666666666,0.5833333333333334
096490015,0.65,0.47619047619047616,0.7142857142857143,0.38095238095238093,0.19047619047619047,0.0,0.14285714285714285,0.38095238095238093,0.35,0.38095238095238093,0.23809523809523808,0.2857142857142857,0.38095238095238093,0.38095238095238093,0.14285714285714285,0.42857142857142855,0.2857142857142857,0.7142857142857143,0.38095238095238093,0.38095238095238093,0.5714285714285714,0.2857142857142857,0.47619047619047616,0.5714285714285714,0.47619047619047616,0.2857142857142857,0.5238095238095238,0.42857142857142855
096490016,1.0,1.0,1.0,1.0,0.8333333333333334,0.6111111111111112,0.7222222222222222,0.8888888888888888,1.0,1.0,0.9444444444444444,1.0,1.0,0.8333333333333334,0.8333333333333334,1.0,0.7222222222222222,1.0,0.9444444444444444,1.0,1.0,1.0,1.0,1.0,1.0,1.0,1.0,0.8888888888888888
096490017,0.8888888888888888,0.6111111111111112,0.6666666666666666,0.6666666666666666,0.5555555555555556,0.2777777777777778,0.3333333333333333,0.6111111111111112,0.9444444444444444,0.6666666666666666,0.7777777777777778,0.9444444444444444,0.6111111111111112,0.7777777777777778,0.3333333333333333,1.0,0.5555555555555556,0.8888888888888888,0.7222222222222222,0.7222222222222222,0.7777777777777778,0.5555555555555556,0.6111111111111112,0.4444444444444444,0.8333333333333334,0.6666666666666666,0.6111111111111112,0.6666666666666666
096490018,0.8461538461538461,0.6153846153846154,0.5384615384615384,0.38461538461538464,0.46153846153846156,0.23076923076923078,0.23076923076923078,0.6153846153846154,0.6923076923076923,0.5384615384615384,0.6153846153846154,0.38461538461538464,0.8461538461538461,0.46153846153846156,0.15384615384615385,0.6153846153846154,0.23076923076923078,0.6923076923076923,0.46153846153846156,0.6153846153846154,0.6923076923076923,0.46153846153846156,0.5384615384615384,0.46153846153846156,0.5384615384615384,0.6923076923076923,0.5384615384615384,0.6923076923076923
096490019,0.9375,0.25,0.875,0.25,0.25,0.125,0.25,0.375,0.625,0.6875,0.5,0.5,0.25,0.375,0.125,0.4375,0.25,0.6875,0.75,0.625,0.5625,0.4375,0.5625,0.5,0.5,0.5625,0.5,0.25
096490020,0.7058823529411765,0.6470588235294118,0.7647058823529411,0.7647058823529411,0.5294117647058824,0.6470588235294118,0.5882352941176471,0.5294117647058824,0.6470588235294118,0.5882352941176471,0.6470588235294118,0.5294117647058824,0.5294117647058824,0.6470588235294118,0.35294117647058826,1.0,0.5294117647058824,1.0,0.5882352941176471,0.6470588235294118,0.7647058823529411,0.5294117647058824,0.6470588235294118,0.6470588235294118,0.5882352941176471,0.6470588235294118,0.7058823529411765,0.7058823529411765
